style,ddt,ticker,isin,gvkeyiid,Analyst Expectations,Analyst Expectations,Analyst Expectations,Analyst Expectations,Analyst Expectations,Capital Efficiency,Capital Efficiency,Capital Efficiency,Capital Efficiency,Capital Efficiency,Capital Efficiency,Earnings Quality,Earnings Quality,Earnings Quality,Earnings Quality,Earnings Quality,Earnings Quality,Earnings Quality,Earnings Quality,Earnings Quality,Earnings Quality,Earnings Quality,Historical Growth,Historical Growth,Historical Growth,Price Momentum,Price Momentum,Valuation,Volatility,MP
factor_weight,,,,,0.029969299052,0.031648041616,0.032490296272,0.034018201823,0.067375201834,0.032629480577,0.037619030378,0.039005676638,0.042546744082,0.043341728527,0.054995133872,0.013846483868,0.014105161522,0.016455589797,0.019084504958,0.021530931176,0.023778371001,0.02569450584,0.026383816832,0.026887045838,0.027785634338,0.034585749833,0.03667430788,0.065514300015,0.068632040347,0.018188960021,0.023723964996,0.051598648678,0.03989114839,1.0
factor,,,,,Rev3MFY2C,RevMagFY1C,EPSNumRevFY1C,Rev3MFY1C,6MChgTgtPrcGapEMA,RecTurn,LTDE,CapExToAst,IntCovRatio,AdjIntCov,ShareChg,CapExToSales,UnexpectedRecChg,AdjAccruals,AssetTurn,ROAStddev20Q,ROEStddev20Q,DepToCapex,ETO,SalesToInvCap,SalesToEPSChg,InvToAstChg1Y,3YAvgAnnSalesGrw,DIVIDENDGROWTH,DivperShareGrowth,50DVolSig,STO_6M,OCFEV,Beta60M,AGG
0,2026-08-31,000001 CH Equity,CNE000000040,21338001W,,,,,,0.001309221424820674,,,,,,0.0017867021797552728,,,,,,,0.000744459241564697,0.0005148124924718582,,0.0023364566966030493,,,,,,,,0.00018175032811589223
1,2026-08-31,000021 CH Equity,CNE000000FK4,25137401W,,,,,,,,,-0.00253116142131997,-0.0018983710659899776,,,,,,0.0018520693326731488,0.0018520693326731488,,0.000744459241564697,0.0005148124924718582,,,-0.0041045860886269785,,,,,,,-0.00022310478214357426
2,2026-08-31,000039 CH Equity,CNE000000644,21063102W,-0.001633007368593529,0.0015656668585484349,,0.0017064009581932381,,,,,,0.0018749343861629406,0.0034515837563454136,0.0017867021797552728,-0.002812401579244411,0.0014463779550399829,0.002109301184433308,,-0.0018520693326731488,,0.000744459241564697,0.0005148124924718582,,0.0023364566966030493,,,,,,0.001054650592216654,0.0007481265284689566,0.0005333827896133585
3,2026-08-31,000063 CH Equity,CNE000000TK5,24385801W,-0.001633007368593529,,-0.0018520693326731488,,,,-0.0023364566966030493,,,,,,,,,0.0018520693326731488,,,0.000744459241564697,0.0005148124924718582,,,0.0010331271107428448,,,,,-0.002080406647660249,,-0.00019310631225961185
4,2026-08-31,000066 CH Equity,CNE000000RL7,24364201W,,,,,,-0.0025740624623592913,-0.0023364566966030493,,,,,,,,,,,,0.000744459241564697,0.0005148124924718582,,,0.0010331271107428448,,,,,-0.002080406647660249,0.0007481265284689566,-0.0001780154168322958
5,2026-08-31,000100 CH Equity,CNE000001GL8,27053501W,0.001633007368593529,,,-0.0017257918781727068,,0.001309221424820674,-0.0023364566966030493,,,0.0018749343861629406,,,,,,0.0018520693326731488,,,0.000744459241564697,0.0005148124924718582,,,0.0010331271107428448,,,,,0.001054650592216654,,0.00019198663435474162
6,2026-08-31,000157 CH Equity,CNE000001527,25989601W,,,,,,,,,,,0.0034515837563454136,,-0.002812401579244411,,-0.002109301184433308,,,,-0.0022010099315825826,-0.002024929137055976,,0.0023364566966030493,,0.0029205708707538114,0.002711958665699968,,,0.001054650592216654,,0.0005100736228839722
7,2026-08-31,000166 CH Equity,CNE100002FD4,31912301W,,0.0015656668585484349,,0.0017064009581932381,,,,,,,,0.0017867021797552728,0.002812401579244411,-0.002812401579244411,,,,,0.000744459241564697,0.0005148124924718582,,0.0023364566966030493,,,,,,,,0.0002400197469546217
8,2026-08-31,000301 CH Equity,CNE0000012K6,32958001W,0.001633007368593529,0.0015656668585484349,0.0016688976404307496,0.0017064009581932381,0.002301055837563609,,,,,,0.0034515837563454136,,,,,,,,,,,,,,,,,,0.0007481265284689566,0.0005854600856521952
9,2026-08-31,000333 CH Equity,CNE100001QQ5,31610001W,,,,,-0.0023364566966030493,,,,,,,,,,,0.0018520693326731488,0.0018520693326731488,,0.000744459241564697,0.0005148124924718582,,,,0.0029205708707538114,,,0.002664380443494705,0.001054650592216654,-0.001488918483129394,0.00020955289274253723
10,2026-08-31,000338 CH Equity,CNE1000000D4,26065402W,0.001633007368593529,,0.0016688976404307496,,,,,,,-0.0018983710659899776,0.0034515837563454136,0.0017867021797552728,,0.0014463779550399829,,,,,0.000744459241564697,0.0005148124924718582,,0.0023364566966030493,,,,,-0.003037393705583964,0.001054650592216654,0.0007481265284689566,0.00038573995751570855
11,2026-08-31,000408 CH Equity,CNE000000L08,27233901W,,-0.001581975888324981,,,,,,,,,-0.0033015148973738737,,,,,-0.0018520693326731488,-0.0018520693326731488,,,,,,,,,,,,0.0007481265284689566,-0.0002857060351956158
12,2026-08-31,000423 CH Equity,CNE0000006Y9,26013001W,,,,,,0.001309221424820674,0.0023364566966030493,,,,,0.0017867021797552728,0.002812401579244411,,,,,0.003996570665242057,,,,,,,,,-0.003037393705583964,0.001054650592216654,0.0007481265284689566,0.00030991643004138
13,2026-08-31,000425 CH Equity,CNE000000FH0,25133101W,,,,-0.0017257918781727068,,,,,,0.0018749343861629406,0.0034515837563454136,0.0017867021797552728,0.002812401579244411,0.0014463779550399829,,,,,0.000744459241564697,0.0005148124924718582,,-0.004602111675127218,,,,,-0.003037393705583964,0.001054650592216654,,0.0001572602989626825
14,2026-08-31,000426 CH Equity,CNE000000D24,25990201W,0.001633007368593529,,,,,,,,-0.00253116142131997,-0.0018983710659899776,,,,,,,,,,,,,,,,,,,0.0007481265284689566,-0.00011118764806254095
15,2026-08-31,000513 CH Equity,CNE0000002Y8,21070302W,-0.001633007368593529,0.0015656668585484349,-0.0018520693326731488,0.0017064009581932381,,,,,,,,0.0017867021797552728,,0.0014463779550399829,,0.0018520693326731488,0.0018520693326731488,,,,,,,,,,-0.003037393705583964,0.001054650592216654,0.0007481265284689566,0.0001431442786376042
16,2026-08-31,000538 CH Equity,CNE0000008X7,27143001W,,-0.001581975888324981,,-0.0017257918781727068,,,,,,,,0.0017867021797552728,,-0.002812401579244411,,,,,,,,,,,,,,0.001054650592216654,,-7.58964136035232e-05
17,2026-08-31,000559 CH Equity,CNE000000FB3,26022401W,0.001633007368593529,,0.0016688976404307496,,,,,,-0.00253116142131997,-0.0018983710659899776,,,-0.002812401579244411,,,0.0018520693326731488,0.0018520693326731488,0.003996570665242057,0.000744459241564697,0.0005148124924718582,,,,,,,,,0.0007481265284689566,0.0001234552928800802
18,2026-08-31,000564 CH Equity,CNE0000003W0,26023701W,,,,,,,-0.0023364566966030493,,,,,,,,-0.002109301184433308,,,,-0.0022010099315825826,-0.002024929137055976,,,,,,,,-0.002080406647660249,0.0007481265284689566,-0.00031816815512463365
19,2026-08-31,000568 CH Equity,CNE000000GF2,24376701W,-0.001633007368593529,,,,,,,,,,,,,-0.002812401579244411,-0.002109301184433308,,,-0.003996570665242057,-0.0022010099315825826,-0.002024929137055976,,-0.004602111675127218,,,-0.002761267005076331,,,,-0.001488918483129394,-0.00075875363528327
20,2026-08-31,000596 CH Equity,CNE000000MD5,24373702W,-0.001633007368593529,,,,,-0.0025740624623592913,,,,,,,,-0.002812401579244411,-0.002109301184433308,,,-0.003996570665242057,-0.0022010099315825826,-0.002024929137055976,,-0.004602111675127218,,,,,,,-0.001488918483129394,-0.0006532325679015382
21,2026-08-31,000617 CH Equity,CNE000000MS3,27233101W,,,,,,-0.0025740624623592913,,,,,,,-0.002812401579244411,,,,,,-0.0022010099315825826,0.0005148124924718582,,,,,,,,,,-0.00016788895545565789
22,2026-08-31,000625 CH Equity,CNE000000R36,24206101W,-0.001633007368593529,-0.001581975888324981,-0.0018520693326731488,-0.0017257918781727068,-0.0023364566966030493,,0.0023364566966030493,,,,,,,-0.002812401579244411,,,,0.003996570665242057,0.000744459241564697,0.0005148124924718582,0.011682283483015246,,,,,,-0.003037393705583964,-0.002080406647660249,0.0007481265284689566,-2.2481414052218358e-05
23,2026-08-31,000629 CH Equity,CNE0000007H2,25134401W,,,,,,,,,,,,,,,,,,,,,,,,,,,,,0.0007481265284689566,2.9843626361390674e-05
24,2026-08-31,000630 CH Equity,CNE000000529,27103901W,,-0.001581975888324981,,-0.0017257918781727068,-0.0023364566966030493,,,,0.00253116142131997,0.0018749343861629406,-0.0033015148973738737,,,,,,,,,,,,,,,,,,0.0007481265284689566,-0.0002289620696832304
25,2026-08-31,000636 CH Equity,CNE000000GH8,25131501W,,,,,,,,,,,,,,,-0.002109301184433308,,,,-0.0022010099315825826,-0.002024929137055976,,,0.0010331271107428448,0.0029205708707538114,0.002711958665699968,,0.002664380443494705,0.001054650592216654,0.0007481265284689566,0.00041005710034729506
26,2026-08-31,000651 CH Equity,CNE0000001D4,25998001W,,,,,-0.0023364566966030493,,0.0023364566966030493,,,,,,,,-0.002109301184433308,,0.0018520693326731488,0.003996570665242057,,0.0005148124924718582,,,,0.0029205708707538114,,,,0.001054650592216654,-0.001488918483129394,0.00023715494559219528
27,2026-08-31,000657 CH Equity,CNE0000006M4,27223901W,,0.0015656668585484349,,,-0.0023364566966030493,,,,,,,,,,,0.0018520693326731488,0.0018520693326731488,,,,,,,,,,,,0.0007481265284689566,5.890643793634737e-06
28,2026-08-31,000661 CH Equity,CNE0000007J8,27213001W,-0.001633007368593529,,,,-0.0023364566966030493,,,,,,,-0.003531853146027865,,0.0014463779550399829,,-0.0018520693326731488,-0.0018520693326731488,-0.003996570665242057,,,,,,,,,,,,-0.00041806795033071765
29,2026-08-31,000688 CH Equity,CNE0000003F5,25996701W,,,,,,,,,,,0.0034515837563454136,,,,,-0.0018520693326731488,-0.0018520693326731488,,,,,,,,,,,,0.0007481265284689566,0.0001357479680644372
30,2026-08-31,000703 CH Equity,CNE0000001J1,27193201W,,0.0015656668585484349,0.0016688976404307496,0.0017064009581932381,,,,,,,0.0034515837563454136,,,,,,,,,,,,,,,,,,,0.0003516422716195058
31,2026-08-31,000708 CH Equity,CNE0000008J6,25997201W,0.001633007368593529,,,,,,,,0.00253116142131997,0.0018749343861629406,,,,,,,,,,,,,,,,,,,,0.00023789566057638833
32,2026-08-31,000725 CH Equity,CNE0000016L5,24205802W,-0.001633007368593529,-0.001581975888324981,-0.0018520693326731488,-0.0017257918781727068,,0.001309221424820674,-0.0023364566966030493,,,0.0018749343861629406,,,,,,,,,0.000744459241564697,0.0005148124924718582,,,0.0010331271107428448,,,,-0.003037393705583964,0.001054650592216654,,-0.0001280700573818583
33,2026-08-31,000728 CH Equity,CNE000000QZ9,27200801W,-0.001633007368593529,,,,,,,,,,,,-0.002812401579244411,0.0014463779550399829,,,,,,-0.002024929137055976,,0.0023364566966030493,,,,,,,0.0007481265284689566,-8.601091765506035e-06
34,2026-08-31,000729 CH Equity,CNE000000S84,25130601W,0.001633007368593529,0.0015656668585484349,0.0016688976404307496,,,0.001309221424820674,,-0.005423917331399936,,,,-0.003531853146027865,,,,,,-0.003996570665242057,,0.0005148124924718582,,0.0023364566966030493,,,0.002711958665699968,,,0.001054650592216654,,0.00016747104430440854
35,2026-08-31,000750 CH Equity,CNE0000008K4,27196601W,,,,,,,,,,,,,0.002812401579244411,0.0014463779550399829,0.002109301184433308,,,,,0.0005148124924718582,,,,,,,,,0.0007481265284689566,0.00014741076321719487
36,2026-08-31,000768 CH Equity,CNE000000RF9,27104601W,,,,,,,,,,,,0.0017867021797552728,-0.002812401579244411,-0.002812401579244411,,0.0018520693326731488,0.0018520693326731488,,0.000744459241564697,0.0005148124924718582,,0.0023364566966030493,,,,,-0.003037393705583964,-0.002080406647660249,,-4.240721683134619e-05
37,2026-08-31,000776 CH Equity,CNE0000008L2,27199901W,0.001633007368593529,-0.001581975888324981,,-0.0017257918781727068,,,,,,,,,0.002812401579244411,-0.002812401579244411,,,,,,0.0005148124924718582,,,,,,,,,0.0007481265284689566,-2.2759623730781986e-05
38,2026-08-31,000783 CH Equity,CNE000000SH3,25137601W,0.001633007368593529,0.0015656668585484349,,0.0017064009581932381,,,,,,,,,0.002812401579244411,,0.002109301184433308,,,0.003996570665242057,,0.0005148124924718582,,,,,,,,,0.0007481265284689566,0.0003828387374620834
39,2026-08-31,000786 CH Equity,CNE000000QS4,25983101W,-0.001633007368593529,,-0.0018520693326731488,-0.0017257918781727068,,,0.0023364566966030493,,,-0.0018983710659899776,,0.0017867021797552728,,,,,,,,0.0005148124924718582,,0.0023364566966030493,,,,,,0.001054650592216654,,1.1601830305512074e-05
40,2026-08-31,000792 CH Equity,CNE000000SW2,26009701W,-0.001633007368593529,,,0.0017064009581932381,,,,,,,,,,,,-0.0018520693326731488,-0.0018520693326731488,,,,,,,,,,,,0.0007481265284689566,-4.4963736681744256e-05
41,2026-08-31,000807 CH Equity,CNE000000VG9,26026901W,,,,,0.002301055837563609,,,,-0.00253116142131997,-0.0018983710659899776,,,,,,,,,,,,,,,,,,,0.0007481265284689566,-5.093632758335457e-06
42,2026-08-31,000830 CH Equity,CNE000000WN3,27202401W,,,,,,,,,,,0.0034515837563454136,,,,,,,,,,,,,,,,,,-0.001488918483129394,0.00013042564259956838
43,2026-08-31,000831 CH Equity,CNE000000WS2,26016801W,,,,,,,,,,,,,,,,-0.0018520693326731488,,,,,,,,,,,,,0.0007481265284689566,-1.0033150973661553e-05
44,2026-08-31,000858 CH Equity,CNE000000VQ8,24368301W,-0.001633007368593529,-0.001581975888324981,-0.0018520693326731488,,-0.0023364566966030493,-0.0025740624623592913,,0.010847834662799871,,,,,,0.0014463779550399829,-0.002109301184433308,,,,-0.0022010099315825826,-0.002024929137055976,,,,,,,,,,-0.00010643260982097926
45,2026-08-31,000876 CH Equity,CNE000000VB0,25955001W,-0.001633007368593529,-0.001581975888324981,-0.0018520693326731488,,-0.0023364566966030493,0.001309221424820674,,,,,0.0034515837563454136,0.0017867021797552728,,0.0014463779550399829,,,,0.003996570665242057,0.000744459241564697,0.0005148124924718582,,,,,,,,0.001054650592216654,0.0007481265284689566,0.0001849155666486727
46,2026-08-31,000878 CH Equity,CNE000000W13,26027101W,,,,,,,,,,,-0.0033015148973738737,,,,,0.0018520693326731488,,,,,,,,,,,,,0.0007481265284689566,-0.00011184685006459813
47,2026-08-31,000893 CH Equity,CNE000000XS0,27206301W,,,-0.0018520693326731488,,,,,,0.00253116142131997,0.0018749343861629406,,,,,,-0.0018520693326731488,,,,,,,,,,,,,,8.890451572207318e-05
48,2026-08-31,000895 CH Equity,CNE000000XM3,26000401W,,,-0.0018520693326731488,,-0.0023364566966030493,0.001309221424820674,,0.010847834662799871,0.00253116142131997,0.0018749343861629406,,0.0017867021797552728,,,0.002109301184433308,,,0.003996570665242057,0.000744459241564697,0.0005148124924718582,,0.0023364566966030493,,,,,,,,0.0007191843879499422
49,2026-08-31,000932 CH Equity,CNE000001006,25133201W,0.001633007368593529,-0.001581975888324981,,-0.0017257918781727068,,,,,,,0.0034515837563454136,,,,,,,,,,,,,,,,,,-0.001488918483129394,7.059095361733397e-05
50,2026-08-31,000933 CH Equity,CNE000001097,26000301W,-0.001633007368593529,,,,,,,,-0.00253116142131997,-0.0018983710659899776,,,,,,,-0.0018520693326731488,,,,,,,,,,,,,-0.0002829506385031054
51,2026-08-31,000938 CH Equity,CNE0000010T1,26022301W,,,-0.0018520693326731488,,,0.001309221424820674,-0.0023364566966030493,,,,,,,,0.002109301184433308,,0.0018520693326731488,,0.000744459241564697,0.0005148124924718582,,,0.0010331271107428448,,,,,,,5.0316543985678555e-05
52,2026-08-31,000960 CH Equity,CNE0000011D3,27024101W,0.001633007368593529,0.0015656668585484349,,0.0017064009581932381,,,,,0.00253116142131997,0.0018749343861629406,,,,,,,,,,,,,,,,,,,0.0007481265284689566,0.0003753382690210754
53,2026-08-31,000963 CH Equity,CNE0000011S1,26000801W,,,,-0.0017257918781727068,0.002301055837563609,,,,,,,0.0017867021797552728,0.002812401579244411,,,0.0018520693326731488,0.0018520693326731488,,,,,,,,,,-0.003037393705583964,0.001054650592216654,,0.00022701017900308713
54,2026-08-31,000975 CH Equity,CNE0000012L4,27115501W,,,,,,,,,-0.00253116142131997,-0.0018983710659899776,,,,,,,,,,,,,,,,,,,,-0.00018997136060747827
55,2026-08-31,000977 CH Equity,CNE0000012M2,27213901W,,0.0015656668585484349,0.0016688976404307496,0.0017064009581932381,,0.001309221424820674,,,0.00253116142131997,,,,,,0.002109301184433308,0.0018520693326731488,0.0018520693326731488,,0.000744459241564697,0.0005148124924718582,,,0.0010331271107428448,,,,,-0.002080406647660249,,0.0004004313044730304
56,2026-08-31,000981 CH Equity,CNE000001352,27215701W,,,,,,,,,,,,,-0.002812401579244411,-0.002812401579244411,-0.002109301184433308,-0.0018520693326731488,-0.0018520693326731488,0.003996570665242057,,-0.002024929137055976,0.011682283483015246,,,-0.002977836966258788,,,,-0.002080406647660249,0.0007481265284689566,-0.00010986829013423182
57,2026-08-31,000983 CH Equity,CNE0000013Y5,25137101W,,,0.0016688976404307496,,,,,,,,,,,,,-0.0018520693326731488,-0.0018520693326731488,,,,,,-0.0041045860886269785,,-0.002761267005076331,,,,,-0.0003697372326958648
58,2026-08-31,000988 CH Equity,CNE000001303,25900801W,,,,,,-0.0025740624623592913,,,,,,,,,,0.0018520693326731488,0.0018520693326731488,,0.000744459241564697,0.0005148124924718582,,,0.0010331271107428448,,,,,,,7.12983330190408e-05
59,2026-08-31,000999 CH Equity,CNE0000011K8,25135901W,,,-0.0018520693326731488,-0.0017257918781727068,0.002301055837563609,,,,,,,0.0017867021797552728,0.002812401579244411,0.0014463779550399829,,0.0018520693326731488,0.0018520693326731488,,,,,,,,,,,0.001054650592216654,0.0007481265284689566,0.0002925395482984499
60,2026-08-31,001203 CH Equity,CNE100004JY8,34746201W,,,,,,,,,,,-0.0033015148973738737,,,,,,-0.0018520693326731488,,,,,,,,,,,,0.0007481265284689566,-0.00019576281911173085
61,2026-08-31,001309 CH Equity,CNE100005GP9,35376601W,,,,,,0.001309221424820674,,,,,,,,,0.002109301184433308,-0.0018520693326731488,-0.0018520693326731488,,0.000744459241564697,0.0005148124924718582,,,0.0010331271107428448,0.0029205708707538114,0.002711958665699968,,-0.003037393705583964,-0.002080406647660249,,0.0002684921191422683
62,2026-08-31,001389 CH Equity,CNE100006HM2,36087201W,0.001633007368593529,0.0015656668585484349,0.0016688976404307496,0.0017064009581932381,,,,,-0.00253116142131997,-0.0018983710659899776,,,,,,,0.0018520693326731488,,0.000744459241564697,0.0005148124924718582,,,0.0010331271107428448,0.0029205708707538114,0.002711958665699968,,,,,0.0005136689760523185
63,2026-08-31,001965 CH Equity,CNE1000032B1,32631201W,,,,,-0.0023364566966030493,,,,,,0.0034515837563454136,,,,-0.002109301184433308,,0.0018520693326731488,,-0.0022010099315825826,-0.002024929137055976,,0.0023364566966030493,,-0.002977836966258788,-0.002761267005076331,,,,-0.001488918483129394,-0.0004395189676196198
64,2026-08-31,002001 CH Equity,CNE000001J84,27070401W,,,,,,,,,-0.00253116142131997,-0.0018983710659899776,-0.0033015148973738737,,,,,,,,,,,,,,,,,,-0.001488918483129394,-0.00043093328251913015
65,2026-08-31,002007 CH Equity,CNE000001JN8,27076001W,,0.0015656668585484349,,0.0017064009581932381,0.002301055837563609,-0.0025740624623592913,0.0023364566966030493,,,,,0.0017867021797552728,,-0.002812401579244411,,,,0.003996570665242057,,,,,,,,,-0.003037393705583964,,,0.00027562870042251554
66,2026-08-31,002008 CH Equity,CNE000001JQ1,27069601W,0.001633007368593529,0.0015656668585484349,0.0016688976404307496,0.0017064009581932381,0.002301055837563609,,,,,,,0.0017867021797552728,0.002812401579244411,,,,,,,0.0005148124924718582,,,,0.0029205708707538114,0.002711958665699968,,,,0.0007481265284689566,0.0008513568962389113
67,2026-08-31,002027 CH Equity,CNE000001KK2,27088901W,,,,,,,,,,,,,-0.002812401579244411,,,,,,,,,,0.0010331271107428448,,,0.008437204737733232,,0.001054650592216654,-0.001488918483129394,0.00014670770009703052
68,2026-08-31,002028 CH Equity,CNE000001KM8,27088301W,,-0.001581975888324981,-0.0018520693326731488,-0.0017257918781727068,,,0.0023364566966030493,,,-0.0018983710659899776,,0.0017867021797552728,,,0.002109301184433308,,,,0.000744459241564697,0.0005148124924718582,,,,,,,0.002664380443494705,,,-1.644860890646631e-06
69,2026-08-31,002049 CH Equity,CNE000001M14,27334601W,,-0.001581975888324981,,-0.0017257918781727068,,-0.0025740624623592913,,,-0.00253116142131997,-0.0018983710659899776,,,,,,,,,-0.0022010099315825826,-0.002024929137055976,,,-0.0041045860886269785,-0.002977836966258788,-0.002761267005076331,,-0.003037393705583964,,,-0.0011024460310873373
70,2026-08-31,002050 CH Equity,CNE000001M22,27311401W,,,,,0.002301055837563609,,0.0023364566966030493,,,-0.0018983710659899776,-0.0033015148973738737,,,,,,,,,0.0005148124924718582,,0.0023364566966030493,,,,,,,0.0007481265284689566,0.00010357692003465564
71,2026-08-31,002056 CH Equity,CNE000001N70,27823101W,,,,,,0.001309221424820674,,,,,,,,,0.002109301184433308,,,,0.000744459241564697,0.0005148124924718582,,,0.0010331271107428448,0.0029205708707538114,0.002711958665699968,,,0.001054650592216654,-0.001488918483129394,0.0005268371590947189
72,2026-08-31,002064 CH Equity,CNE000001NK6,27844801W,,,,,,,,,,,0.0034515837563454136,,,,,-0.0018520693326731488,-0.0018520693326731488,,,,,,,,,,,,0.0007481265284689566,0.00013574796806443723
73,2026-08-31,002074 CH Equity,CNE000001NY7,27918201W,-0.001633007368593529,-0.001581975888324981,-0.0018520693326731488,-0.0017257918781727068,,,-0.0023364566966030493,,,,-0.0033015148973738737,-0.003531853146027865,,0.0014463779550399829,-0.002109301184433308,,,,0.000744459241564697,0.0005148124924718582,,-0.004602111675127218,,,,,0.002664380443494705,,0.0007481265284689566,-0.0005853400711040788
74,2026-08-31,002078 CH Equity,CNE000001P52,27939301W,,,,,,,,,,,,,,,,0.0018520693326731488,0.0018520693326731488,,,,,,,,,,,,-0.001488918483129394,2.452130089652185e-05
75,2026-08-31,002080 CH Equity,CNE000001P78,27944101W,,,0.0016688976404307496,,0.002301055837563609,,,,,,,,,,,,,,,,,,,,,,,,0.0007481265284689566,0.00023910070663517289
76,2026-08-31,002128 CH Equity,CNE100000098,28433601W,0.001633007368593529,0.0015656668585484349,,0.0017064009581932381,,,,-0.005423917331399936,,,,,,,,,,,,,,,0.0010331271107428448,,0.002711958665699968,,0.002664380443494705,,0.0007481265284689566,0.0002620452757681934
77,2026-08-31,002129 CH Equity,CNE1000000B8,28433701W,0.001633007368593529,-0.001581975888324981,-0.0018520693326731488,-0.0017257918781727068,,,-0.0023364566966030493,,,,,,,,-0.002109301184433308,-0.0018520693326731488,-0.0018520693326731488,,0.000744459241564697,0.0005148124924718582,,,-0.0041045860886269785,-0.002977836966258788,-0.002761267005076331,,,,-0.001488918483129394,-0.0008931214953611996
78,2026-08-31,002131 CH Equity,CNE1000000F9,28434001W,,,,,,,,,,,0.0034515837563454136,0.0017867021797552728,-0.002812401579244411,-0.002812401579244411,,,,,,,-0.011682283483015246,0.0023364566966030493,-0.0041045860886269785,,,-0.016874409475466465,,-0.002080406647660249,0.0007481265284689566,-0.0006501441605193766
79,2026-08-31,002138 CH Equity,CNE1000000M5,28503801W,,,,-0.0017257918781727068,,-0.0025740624623592913,-0.0023364566966030493,,0.00253116142131997,0.0018749343861629406,,,,,,,,,0.000744459241564697,0.0005148124924718582,,,0.0010331271107428448,,,,,0.001054650592216654,,8.415291188823024e-05
80,2026-08-31,002142 CH Equity,CNE1000005P7,28587701W,,,,,0.002301055837563609,0.001309221424820674,,,,,,,,,,,,-0.003996570665242057,0.000744459241564697,0.0005148124924718582,,,,,,,,,,0.00012854687159298144
81,2026-08-31,002152 CH Equity,CNE100000650,28574301W,,,,,,,,,,,,,,,,0.0018520693326731488,0.0018520693326731488,,0.000744459241564697,0.0005148124924718582,,,0.0010331271107428448,0.0029205708707538114,0.002711958665699968,,,0.001054650592216654,,0.0005871736123278731
82,2026-08-31,002155 CH Equity,CNE1000006B5,28580201W,,,,,,,,,-0.00253116142131997,-0.0018983710659899776,,,,,,,,,,,,,,,,,,,,-0.00018997136060747827
83,2026-08-31,002156 CH Equity,CNE1000006C3,28580401W,,0.0015656668585484349,,,,0.001309221424820674,-0.0023364566966030493,,0.00253116142131997,0.0018749343861629406,,,,,,0.0018520693326731488,,,0.000744459241564697,0.0005148124924718582,,,0.0010331271107428448,,,,,0.001054650592216654,0.0007481265284689566,0.00038884147806720053
84,2026-08-31,002157 CH Equity,CNE1000006H2,28583101W,,,,,,0.001309221424820674,,-0.005423917331399936,0.00253116142131997,,-0.0033015148973738737,,,0.0014463779550399829,,,,,0.000744459241564697,0.0005148124924718582,,,,,0.002711958665699968,,,-0.002080406647660249,0.0007481265284689566,-7.680975015084842e-05
85,2026-08-31,002179 CH Equity,CNE1000007T5,28706701W,,0.0015656668585484349,,0.0017064009581932381,,-0.0025740624623592913,,,-0.00253116142131997,-0.0018983710659899776,,,,,,,,,,0.0005148124924718582,,,0.0010331271107428448,,,,-0.003037393705583964,,-0.001488918483129394,-0.0002460853809212191
86,2026-08-31,002180 CH Equity,CNE1000007W9,28706801W,,,,,,0.001309221424820674,,,,,,,,,,-0.0018520693326731488,-0.0018520693326731488,,0.000744459241564697,0.0005148124924718582,,,-0.0041045860886269785,-0.002977836966258788,-0.002761267005076331,,,0.001054650592216654,-0.001488918483129394,-0.0005478245602472938
87,2026-08-31,002185 CH Equity,CNE100000825,28719601W,,,0.0016688976404307496,,,0.001309221424820674,,,,0.0018749343861629406,,,,,,,,,0.000744459241564697,0.0005148124924718582,,,0.0010331271107428448,,,,0.002664380443494705,0.001054650592216654,,0.00036720598986169945
88,2026-08-31,002195 CH Equity,CNE1000008K2,28750701W,,,,,,,0.0023364566966030493,,,,,,,,-0.002109301184433308,,,,-0.0022010099315825826,-0.002024929137055976,,,-0.0041045860886269785,-0.002977836966258788,-0.002761267005076331,,-0.003037393705583964,-0.002080406647660249,0.0007481265284689566,-0.0007495718530221074
89,2026-08-31,002202 CH Equity,CNE1000008S5,28768401W,,-0.001581975888324981,,-0.0017257918781727068,,,-0.0023364566966030493,,,-0.0018983710659899776,-0.0033015148973738737,,0.002812401579244411,,,,,,0.000744459241564697,0.0005148124924718582,,0.0023364566966030493,,,,,-0.003037393705583964,,,-0.0003786140210127949
90,2026-08-31,002223 CH Equity,CNE1000009X3,28865501W,-0.001633007368593529,,,,,0.001309221424820674,0.0023364566966030493,,,,,0.0017867021797552728,,,,,,0.003996570665242057,,,,,,,,,,0.001054650592216654,0.0007481265284689566,0.00029336598726785224
91,2026-08-31,002230 CH Equity,CNE100000B81,28871001W,,,,,,-0.0025740624623592913,,,,,,,,,,,,,0.000744459241564697,0.0005148124924718582,,,0.0010331271107428448,,,,0.002664380443494705,0.001054650592216654,0.0007481265284689566,0.00013485420409630594
92,2026-08-31,002236 CH Equity,CNE100000BJ4,28883901W,-0.001633007368593529,,,,,-0.0025740624623592913,0.0023364566966030493,,,,,,,,,,,,0.000744459241564697,0.0005148124924718582,,,0.0010331271107428448,,,,-0.003037393705583964,0.001054650592216654,-0.001488918483129394,-5.069763148078905e-05
93,2026-08-31,002240 CH Equity,CNE100000BN6,28883501W,0.001633007368593529,0.0015656668585484349,0.0016688976404307496,0.0017064009581932381,-0.0023364566966030493,,,,,,0.0034515837563454136,,,,,-0.0018520693326731488,-0.0018520693326731488,,,,,,,,,,,,0.0007481265284689566,0.00018909077360666974
94,2026-08-31,002241 CH Equity,CNE100000BP1,28883601W,,,,,,0.001309221424820674,,,,,,,,,0.002109301184433308,,,,0.000744459241564697,0.0005148124924718582,,,-0.0041045860886269785,,,,,0.001054650592216654,0.0007481265284689566,5.018696512864864e-05
95,2026-08-31,002252 CH Equity,CNE100000C31,28901601W,,,,,,-0.0025740624623592913,,,,,,,-0.002812401579244411,-0.002812401579244411,,0.0018520693326731488,0.0018520693326731488,,,,,,,,,,-0.003037393705583964,-0.002080406647660249,0.0007481265284689566,-0.0002355850246525914
96,2026-08-31,002261 CH Equity,CNE100000CF0,28918401W,,,,,,,,,,-0.0018983710659899776,,,0.002812401579244411,0.0014463779550399829,,,,,,,0.011682283483015246,-0.004602111675127218,0.0010331271107428448,,,,,,-0.001488918483129394,0.00012511842505445237
97,2026-08-31,002271 CH Equity,CNE100000CS3,28960801W,-0.001633007368593529,-0.001581975888324981,-0.0018520693326731488,-0.0017257918781727068,,,,,,0.0018749343861629406,0.0034515837563454136,,,,,,,,,,,,,,,,,,,5.3194065236062306e-05
98,2026-08-31,002273 CH Equity,CNE100000CT1,28961001W,,,,,,0.001309221424820674,,,,,,,,,,,0.0018520693326731488,,,0.0005148124924718582,,,0.0010331271107428448,,,,,0.001054650592216654,0.0007481265284689566,0.00022275158733267437
99,2026-08-31,002281 CH Equity,CNE100000F87,29246501W,0.001633007368593529,,0.0016688976404307496,,,0.001309221424820674,,,-0.00253116142131997,-0.0018983710659899776,,,,,,0.0018520693326731488,0.0018520693326731488,,0.000744459241564697,0.0005148124924718582,,,0.0010331271107428448,,,,0.002664380443494705,,0.0007481265284689566,0.00020425286828946687
100,2026-08-31,002294 CH Equity,CNE100000FW8,29267501W,,,,,,0.001309221424820674,,,,,,-0.003531853146027865,-0.002812401579244411,0.0014463779550399829,,,0.0018520693326731488,,,,,,,,,,,,-0.001488918483129394,-3.7408385218444096e-05
101,2026-08-31,002304 CH Equity,CNE100000HB8,29301701W,-0.001633007368593529,,,,,,,0.010847834662799871,,,,0.0017867021797552728,,-0.002812401579244411,-0.002109301184433308,,,,-0.0022010099315825826,-0.002024929137055976,,-0.004602111675127218,,,-0.002761267005076331,,,-0.002080406647660249,,-0.0002561485565689955
102,2026-08-31,002311 CH Equity,CNE100000HP8,29316801W,,0.0015656668585484349,,,,,,-0.005423917331399936,0.00253116142131997,0.0018749343861629406,0.0034515837563454136,0.0017867021797552728,,0.0014463779550399829,0.002109301184433308,,,,0.000744459241564697,0.0005148124924718582,,,,,0.002711958665699968,,,0.001054650592216654,0.0007481265284689566,0.0006094310153038525
103,2026-08-31,002340 CH Equity,CNE100000KT4,29372001W,,0.0015656668585484349,-0.0018520693326731488,0.0017064009581932381,0.002301055837563609,,,,,,,-0.003531853146027865,,0.0014463779550399829,,0.0018520693326731488,0.0018520693326731488,,0.000744459241564697,0.0005148124924718582,,,,,,,-0.003037393705583964,,0.0007481265284689566,0.0002525400937538975
104,2026-08-31,002352 CH Equity,CNE100000L63,29381101W,,,0.0016688976404307496,,-0.0023364566966030493,,,,,-0.0018983710659899776,,0.0017867021797552728,,0.0014463779550399829,0.002109301184433308,,,,0.000744459241564697,0.0005148124924718582,,,,-0.002977836966258788,-0.002761267005076331,,,0.001054650592216654,-0.001488918483129394,-0.0004527743842850291
105,2026-08-31,002353 CH Equity,CNE100000L55,29381201W,0.001633007368593529,,0.0016688976404307496,,0.002301055837563609,,,0.010847834662799871,,,,,,,,0.0018520693326731488,0.0018520693326731488,,,,,,0.0010331271107428448,,,0.008437204737733232,,,0.0007481265284689566,0.0009864370943441717
106,2026-08-31,002371 CH Equity,CNE100000ML7,29404201W,,,,,,,,,0.00253116142131997,0.0018749343861629406,,,,,,,,,0.000744459241564697,0.0005148124924718582,,,0.0010331271107428448,,,,,,-0.001488918483129394,0.00020093359133242428
107,2026-08-31,002384 CH Equity,CNE100000N79,29420401W,0.001633007368593529,-0.001581975888324981,0.0016688976404307496,-0.0017257918781727068,,0.001309221424820674,-0.0023364566966030493,,,,,,,,,0.0018520693326731488,,,0.000744459241564697,0.0005148124924718582,,,0.0010331271107428448,-0.002977836966258788,-0.002761267005076331,,,,0.0007481265284689566,-0.0002942969347072552
108,2026-08-31,002409 CH Equity,CNE100000PG0,29458701W,,,,,-0.0023364566966030493,,,,0.00253116142131997,0.0018749343861629406,,,,,,0.0018520693326731488,0.0018520693326731488,,,,,,,,,,,,,0.00011545230192933377
109,2026-08-31,002414 CH Equity,CNE100000RK8,29459201W,,,,,,,,,-0.00253116142131997,-0.0018983710659899776,,,,,,-0.0018520693326731488,,,,0.0005148124924718582,,,0.0010331271107428448,-0.002977836966258788,-0.002761267005076331,,,0.001054650592216654,,-0.0005083008766386295
110,2026-08-31,002415 CH Equity,CNE100000PM8,29459401W,0.001633007368593529,0.0015656668585484349,,0.0017064009581932381,,,,,,,,,,,,,,,0.000744459241564697,0.0005148124924718582,,,0.0010331271107428448,,,,,0.001054650592216654,-0.001488918483129394,0.0002229356305923229
111,2026-08-31,002422 CH Equity,CNE100000PW7,29476001W,,-0.001581975888324981,,,-0.0023364566966030493,,,,,,,,-0.002812401579244411,0.0014463779550399829,,,,,,,,,,,,,-0.003037393705583964,,,-0.00029541307842948194
112,2026-08-31,002428 CH Equity,CNE100000Q27,29479701W,,-0.001581975888324981,-0.0018520693326731488,-0.0017257918781727068,,,,,,,,,,,,,,,,,,,,,,,,,0.0007481265284689566,-0.0001391054301401067
113,2026-08-31,002429 CH Equity,CNE100000Q50,29482001W,0.001633007368593529,-0.001581975888324981,0.0016688976404307496,-0.0017257918781727068,0.002301055837563609,,,,0.00253116142131997,0.0018749343861629406,,,,0.0014463779550399829,,,,0.003996570665242057,,0.0005148124924718582,,,,,,,,0.001054650592216654,0.0007481265284689566,0.0005629728351323761
114,2026-08-31,002436 CH Equity,CNE100000QD5,29484201W,-0.001633007368593529,,-0.0018520693326731488,,,-0.0025740624623592913,-0.0023364566966030493,,,,,,,,,,,,0.000744459241564697,0.0005148124924718582,,,0.0010331271107428448,,,,-0.003037393705583964,,,-0.00028168626094272865
115,2026-08-31,002444 CH Equity,CNE100000RC5,29502601W,,0.0015656668585484349,,0.0017064009581932381,0.002301055837563609,,0.0023364566966030493,,,,,,,-0.002812401579244411,,,0.0018520693326731488,-0.003996570665242057,-0.0022010099315825826,-0.002024929137055976,,,,-0.002977836966258788,,,,,0.0007481265284689566,-3.216480775187729e-05
116,2026-08-31,002456 CH Equity,CNE100000S33,29502901W,-0.001633007368593529,,,,,,,,,,,,,,0.002109301184433308,-0.0018520693326731488,-0.0018520693326731488,,0.000744459241564697,0.0005148124924718582,,,0.0010331271107428448,,,,0.002664380443494705,0.001054650592216654,-0.001488918483129394,3.7005144384958066e-05
117,2026-08-31,002459 CH Equity,CNE100000SD1,33550301W,-0.001633007368593529,-0.001581975888324981,-0.0018520693326731488,-0.0017257918781727068,,,-0.0023364566966030493,,,,,,,,,-0.0018520693326731488,-0.0018520693326731488,,0.000744459241564697,0.0005148124924718582,,,-0.0041045860886269785,-0.002977836966258788,-0.002761267005076331,,,0.001054650592216654,,-0.000836933485278737
118,2026-08-31,002460 CH Equity,CNE100000SF6,29513601W,0.001633007368593529,0.0015656668585484349,0.0016688976404307496,0.0017064009581932381,0.002301055837563609,,,,,,-0.0033015148973738737,,,,,-0.0018520693326731488,-0.0018520693326731488,,,,,,,,,,,,,0.00010031292573245156
119,2026-08-31,002463 CH Equity,CNE100000SP5,29513901W,,,0.0016688976404307496,,,,,,-0.00253116142131997,-0.0018983710659899776,,,,,,,,,0.000744459241564697,0.0005148124924718582,,,0.0010331271107428448,,,,,,0.0007481265284689566,-3.4532070369864105e-05
120,2026-08-31,002465 CH Equity,CNE100000T24,29523901W,,,,,,-0.0025740624623592913,-0.0023364566966030493,,-0.00253116142131997,-0.0018983710659899776,,,,,-0.002109301184433308,,,,-0.0022010099315825826,-0.002024929137055976,,,-0.0041045860886269785,-0.002977836966258788,-0.002761267005076331,,,-0.002080406647660249,0.0007481265284689566,-0.0011272649836889025
121,2026-08-31,002466 CH Equity,CNE100000T32,29524001W,,,0.0016688976404307496,,0.002301055837563609,,,,,,-0.0033015148973738737,,,,,-0.0018520693326731488,-0.0018520693326731488,,,,,,,,,,,,0.0007481265284689566,-2.6382516173000832e-05
122,2026-08-31,002472 CH Equity,CNE100000TF4,29531901W,,,,,,,,,0.00253116142131997,0.0018749343861629406,,,,0.0014463779550399829,-0.002109301184433308,,,-0.003996570665242057,-0.0022010099315825826,-0.002024929137055976,,,,0.0029205708707538114,,,0.002664380443494705,,0.0007481265284689566,0.0002416887450749998
123,2026-08-31,002475 CH Equity,CNE100000TP3,29532601W,,,-0.0018520693326731488,,,0.001309221424820674,,,,,,,,,0.002109301184433308,0.0018520693326731488,0.0018520693326731488,,0.000744459241564697,0.0005148124924718582,,,0.0010331271107428448,,,,,0.001054650592216654,0.0007481265284689566,0.0002623507285134871
124,2026-08-31,002484 CH Equity,CNE100000V79,29538701W,-0.001633007368593529,-0.001581975888324981,-0.0018520693326731488,-0.0017257918781727068,-0.0023364566966030493,,0.0023364566966030493,,,-0.0018983710659899776,,,,,0.002109301184433308,,,,,0.0005148124924718582,,0.0023364566966030493,,,,,0.002664380443494705,,0.0007481265284689566,-0.00014173367459758255
125,2026-08-31,002487 CH Equity,CNE100000VV7,29539001W,0.001633007368593529,,,0.0017064009581932381,0.002301055837563609,,,,,,,-0.003531853146027865,0.002812401579244411,,,,,,-0.0022010099315825826,-0.002024929137055976,,0.0023364566966030493,,,,,,0.001054650592216654,,0.00027549975756945477
126,2026-08-31,002493 CH Equity,CNE100000W60,29566201W,0.001633007368593529,0.0015656668585484349,0.0016688976404307496,0.0017064009581932381,-0.0023364566966030493,,,,,,,,,,,,-0.0018520693326731488,,,,,,,,,,,,,9.303613830152035e-06
127,2026-08-31,002517 CH Equity,CNE100000XB5,29586901W,,,,,,,,,,,0.0034515837563454136,0.0017867021797552728,,,,,,,,,,-0.004602111675127218,0.0010331271107428448,,,0.008437204737733232,,0.001054650592216654,0.0007481265284689566,0.0003310077437104446
128,2026-08-31,002555 CH Equity,CNE1000010N2,29684401W,,,,,,,0.0023364566966030493,0.010847834662799871,,,,0.0017867021797552728,,-0.002812401579244411,,,,,,,,,-0.0041045860886269785,,,,,,,0.0003389493287637732
129,2026-08-31,002558 CH Equity,CNE1000010R3,29685501W,,0.0015656668585484349,0.0016688976404307496,,,,0.0023364566966030493,0.010847834662799871,,0.0018749343861629406,-0.0033015148973738737,0.0017867021797552728,,,,,,,,,,,0.0010331271107428448,,,0.008437204737733232,,,0.0007481265284689566,0.000760427649286119
130,2026-08-31,002594 CH Equity,CNE100001526,25375902W,0.001633007368593529,,,,,,-0.0023364566966030493,,,-0.0018983710659899776,,,,0.0014463779550399829,,,,,0.000744459241564697,0.0005148124924718582,0.011682283483015246,,,0.0029205708707538114,,,,,-0.001488918483129394,0.00039259477820554126
131,2026-08-31,002595 CH Equity,CNE1000014X3,29816201W,,,,,,,0.0023364566966030493,,,-0.0018983710659899776,,,-0.002812401579244411,-0.002812401579244411,0.002109301184433308,,,,,0.0005148124924718582,,0.0023364566966030493,,-0.002977836966258788,-0.002761267005076331,,,,,-0.00033002998331695696
132,2026-08-31,002600 CH Equity,CNE1000015L5,29835401W,-0.001633007368593529,-0.001581975888324981,-0.0018520693326731488,-0.0017257918781727068,,,,,0.00253116142131997,0.0018749343861629406,,,,,0.002109301184433308,0.0018520693326731488,0.0018520693326731488,,0.000744459241564697,0.0005148124924718582,,,0.0010331271107428448,,,,,0.001054650592216654,0.0007481265284689566,0.0002508722265054594
133,2026-08-31,002601 CH Equity,CNE1000015M3,29835301W,-0.001633007368593529,-0.001581975888324981,-0.0018520693326731488,-0.0017257918781727068,,,,,,,0.0034515837563454136,,,,,,,,,,,,,,,,,,0.0007481265284689566,1.7747944265258777e-06
134,2026-08-31,002602 CH Equity,CNE1000015R2,29838701W,,0.0015656668585484349,,,,,,,,0.0018749343861629406,-0.0033015148973738737,,0.002812401579244411,,,,,,,,-0.011682283483015246,0.0023364566966030493,0.0010331271107428448,,,0.008437204737733232,,0.001054650592216654,,-9.104491653591238e-06
135,2026-08-31,002603 CH Equity,CNE1000015S0,29838801W,,,,,0.002301055837563609,,0.0023364566966030493,,,,,0.0017867021797552728,0.002812401579244411,,,-0.0018520693326731488,-0.0018520693326731488,0.003996570665242057,,,,,,,,,,0.001054650592216654,0.0007481265284689566,0.0004103743693803631
136,2026-08-31,002625 CH Equity,CNE1000018P0,30758701W,,,,,,,0.0023364566966030493,,,,,-0.003531853146027865,0.002812401579244411,,-0.002109301184433308,,0.0018520693326731488,,-0.0022010099315825826,-0.002024929137055976,,-0.004602111675127218,,,,,,-0.002080406647660249,0.0007481265284689566,-0.00026674034469100746
137,2026-08-31,002636 CH Equity,CNE1000019C6,30759301W,,,,,,,0.0023364566966030493,,-0.00253116142131997,-0.0018983710659899776,,,,,0.002109301184433308,-0.0018520693326731488,-0.0018520693326731488,,0.000744459241564697,0.0005148124924718582,,,0.0010331271107428448,,,,0.002664380443494705,0.001054650592216654,,4.326377355710572e-05
138,2026-08-31,002648 CH Equity,CNE100001B07,31141001W,0.001633007368593529,0.0015656668585484349,0.0016688976404307496,0.0017064009581932381,,,,,,,0.0034515837563454136,,,,,,,,,,,,,,,,,,-0.001488918483129394,0.00034118768965244156
139,2026-08-31,002653 CH Equity,CNE100001BC7,31142801W,,0.0015656668585484349,,0.0017064009581932381,,0.001309221424820674,-0.0023364566966030493,,,,,,0.002812401579244411,,,,,,,,,,,,,,,-0.002080406647660249,-0.001488918483129394,-6.464849964148092e-05
140,2026-08-31,002673 CH Equity,CNE100001D96,31254501W,,,,,,,,,,,,,-0.002812401579244411,,0.002109301184433308,,,,,0.0005148124924718582,,0.0023364566966030493,,,,,,,0.0007481265284689566,0.0001250791106212011
141,2026-08-31,002709 CH Equity,CNE100001RG4,31698501W,0.001633007368593529,-0.001581975888324981,,-0.0017257918781727068,,,,,0.00253116142131997,0.0018749343861629406,-0.0033015148973738737,,,,,-0.0018520693326731488,-0.0018520693326731488,,,,,,,,,,,,,-0.00013636233739756646
142,2026-08-31,002714 CH Equity,CNE100001RQ3,31703401W,,-0.001581975888324981,0.0016688976404307496,,0.002301055837563609,0.001309221424820674,,-0.005423917331399936,,0.0018749343861629406,-0.0033015148973738737,,,0.0014463779550399829,,,,0.003996570665242057,0.000744459241564697,0.0005148124924718582,,,,,,,,,0.0007481265284689566,7.98599347785513e-05
143,2026-08-31,002736 CH Equity,CNE100001WS9,31897501W,-0.001633007368593529,-0.001581975888324981,,-0.0017257918781727068,-0.0023364566966030493,,,,,,,,,,,,,,,0.0005148124924718582,,,,,,,,,,-0.00030129231577688136
144,2026-08-31,002738 CH Equity,CNE100001WV3,31888101W,,0.0015656668585484349,,0.0017064009581932381,0.002301055837563609,,,,0.00253116142131997,,,,,,,-0.0018520693326731488,-0.0018520693326731488,,,,,,,,,,,,,0.00028640979174583047
145,2026-08-31,002797 CH Equity,CNE1000027G0,32163001W,,,,,0.002301055837563609,,,,,,,,,,0.002109301184433308,,,-0.003996570665242057,,0.0005148124924718582,,,,,,,,,,0.00010644094918605827
146,2026-08-31,002812 CH Equity,CNE100002BR3,32245801W,0.001633007368593529,,0.0016688976404307496,,0.002301055837563609,,,,,,-0.0033015148973738737,,,,,-0.0018520693326731488,-0.0018520693326731488,,,,,,,,,,,,,-7.286056350844865e-06
147,2026-08-31,002821 CH Equity,CNE100002BZ6,32287801W,0.001633007368593529,,,,-0.0023364566966030493,,,,,,,-0.003531853146027865,,,,,,,,,,,,,,,-0.003037393705583964,,-0.001488918483129394,-0.0002888365930389623
148,2026-08-31,002837 CH Equity,CNE100002CC3,32320601W,,-0.001581975888324981,-0.0018520693326731488,-0.0017257918781727068,0.002301055837563609,,,,,0.0018749343861629406,,,,-0.002812401579244411,0.002109301184433308,,,,0.000744459241564697,0.0005148124924718582,,0.0023364566966030493,,,,,0.002664380443494705,-0.002080406647660249,0.0007481265284689566,0.00016132187751077067
149,2026-08-31,002850 CH Equity,CNE100002JW6,32358701W,0.001633007368593529,,0.0016688976404307496,,,,,,0.00253116142131997,0.0018749343861629406,,,-0.002812401579244411,-0.002812401579244411,,0.0018520693326731488,,,,0.0005148124924718582,,,,,,,0.002664380443494705,,0.0007481265284689566,0.0003529413932462602
150,2026-08-31,002851 CH Equity,CNE100002JV8,32364201W,,-0.001581975888324981,0.0016688976404307496,,,,0.0023364566966030493,,,,-0.0033015148973738737,0.0017867021797552728,,-0.002812401579244411,,,,,0.000744459241564697,0.0005148124924718582,,,,-0.002977836966258788,-0.002761267005076331,,0.002664380443494705,-0.002080406647660249,,-0.0005063109949972752
151,2026-08-31,002916 CH Equity,CNE100003373,32619401W,,,0.0016688976404307496,,,,,,0.00253116142131997,0.0018749343861629406,,,,,,,,,0.000744459241564697,0.0005148124924718582,,,0.0010331271107428448,,,,0.002664380443494705,,0.0007481265284689566,0.00040760453300756576
152,2026-08-31,002920 CH Equity,CNE1000033C7,32628001W,,0.0015656668585484349,0.0016688976404307496,0.0017064009581932381,,,,,-0.00253116142131997,-0.0018983710659899776,,,0.002812401579244411,,0.002109301184433308,,,-0.003996570665242057,0.000744459241564697,0.0005148124924718582,,,,,,,-0.003037393705583964,,0.0007481265284689566,-5.964689282004479e-05
153,2026-08-31,002938 CH Equity,CNE100003GF5,32858301W,,,0.0016688976404307496,,,0.001309221424820674,,,,-0.0018983710659899776,,,,,,,,,0.000744459241564697,0.0005148124924718582,,,0.0010331271107428448,0.0029205708707538114,0.002711958665699968,,-0.003037393705583964,0.001054650592216654,0.0007481265284689566,0.0004757057581442338
154,2026-08-31,002939 CH Equity,CNE100003GD0,32829201W,,,,,,-0.0025740624623592913,,,,,,,,,,,,,,0.0005148124924718582,,,,,,,,,0.0007481265284689566,-4.030490767380766e-05
155,2026-08-31,002966 CH Equity,CNE100003LQ2,33262701W,,,,,0.002301055837563609,0.001309221424820674,,,,,,,,,,,,,,-0.002024929137055976,,,,,,,,,,0.00014330895401248493
156,2026-08-31,300001 CH Equity,CNE100000H69,29280201W,,,,,,,,,,0.0018749343861629406,,0.0017867021797552728,,0.0014463779550399829,,,,,0.000744459241564697,0.0005148124924718582,,0.0023364566966030493,,,,,-0.003037393705583964,,0.0007481265284689566,0.00020187961696654615
157,2026-08-31,300003 CH Equity,CNE100000H44,29280401W,,,,,0.002301055837563609,-0.0025740624623592913,-0.0023364566966030493,,,,,,,0.0014463779550399829,,,,,,,,,,,,,,,-0.001488918483129394,-5.244512090682935e-05
158,2026-08-31,300014 CH Equity,CNE100000GS4,29284501W,,,-0.0018520693326731488,,,,,,,,,-0.003531853146027865,,,,,,,0.000744459241564697,0.0005148124924718582,,,,,,,0.002664380443494705,,,-1.238489721844237e-05
159,2026-08-31,300015 CH Equity,CNE100000GR6,29284601W,,-0.001581975888324981,,-0.0017257918781727068,0.002301055837563609,0.001309221424820674,,,,,,,,0.0014463779550399829,,0.0018520693326731488,,,,,,,,,,,-0.003037393705583964,0.001054650592216654,-0.001488918483129394,7.562117631372921e-05
160,2026-08-31,300017 CH Equity,CNE100000GQ8,29284801W,0.001633007368593529,,,,,,0.0023364566966030493,,,,,,,,,,0.0018520693326731488,,-0.0022010099315825826,-0.002024929137055976,,,-0.0041045860886269785,,,,0.002664380443494705,0.001054650592216654,,3.545446776197586e-05
161,2026-08-31,300033 CH Equity,CNE100000JG3,29351501W,,,,,-0.0023364566966030493,0.001309221424820674,,,,,,0.0017867021797552728,0.002812401579244411,-0.002812401579244411,0.002109301184433308,,,-0.003996570665242057,0.000744459241564697,0.0005148124924718582,,,,,,,,,0.0007481265284689566,-9.5678681414726e-05
162,2026-08-31,300037 CH Equity,CNE100000K15,29360601W,,0.0015656668585484349,0.0016688976404307496,0.0017064009581932381,0.002301055837563609,,,,,,,,,,,,,,,,,,,,,,,,-0.001488918483129394,0.00025746139420646777
163,2026-08-31,300054 CH Equity,CNE100000LM7,29382201W,,,-0.0018520693326731488,,-0.0023364566966030493,,,,0.00253116142131997,0.0018749343861629406,-0.0033015148973738737,,,,,,,,,,,,,,,,,,-0.001488918483129394,-0.0002695998703651672
164,2026-08-31,300058 CH Equity,CNE100000LV8,29404601W,,-0.001581975888324981,,,,,,0.010847834662799871,,0.0018749343861629406,,0.0017867021797552728,-0.002812401579244411,0.0014463779550399829,,,,,,,0.011682283483015246,,0.0010331271107428448,,,,,,0.0007481265284689566,0.0008555272613782259
165,2026-08-31,300059 CH Equity,CNE100000MD4,29421201W,,,,,,-0.0025740624623592913,,,,,,0.0017867021797552728,-0.002812401579244411,,0.002109301184433308,,,0.003996570665242057,-0.0022010099315825826,0.0005148124924718582,,,,,,,,,0.0007481265284689566,2.9639091025881326e-05
166,2026-08-31,300115 CH Equity,CNE100000T40,29524801W,,,,,,,,,,,,,,,,,,,0.000744459241564697,0.0005148124924718582,,,0.0010331271107428448,,,,,,0.0007481265284689566,0.0001012163114515841
167,2026-08-31,300122 CH Equity,CNE100000V20,29534401W,-0.001633007368593529,,,,,-0.0025740624623592913,-0.0023364566966030493,,,,,,-0.002812401579244411,0.0014463779550399829,,-0.0018520693326731488,-0.0018520693326731488,,,,,,,,,,,0.001054650592216654,0.0007481265284689566,-0.00023634781626724846
168,2026-08-31,300124 CH Equity,CNE100000V46,29534601W,,-0.001581975888324981,0.0016688976404307496,,,,,,,,0.0034515837563454136,,,,,,,,,0.0005148124924718582,,0.0023364566966030493,,,,,0.002664380443494705,,0.0007481265284689566,0.0003816800394125264
169,2026-08-31,300136 CH Equity,CNE100000W94,29568001W,,,0.0016688976404307496,,,,,,0.00253116142131997,0.0018749343861629406,,,,,,0.0018520693326731488,0.0018520693326731488,,0.000744459241564697,0.0005148124924718582,,,0.0010331271107428448,-0.002977836966258788,-0.002761267005076331,,,,0.0007481265284689566,4.37085407738281e-05
170,2026-08-31,300207 CH Equity,CNE100001260,29716101W,-0.001633007368593529,-0.001581975888324981,-0.0018520693326731488,-0.0017257918781727068,-0.0023364566966030493,,,,,,-0.0033015148973738737,-0.003531853146027865,,0.0014463779550399829,,,,,0.000744459241564697,0.0005148124924718582,,,,0.0029205708707538114,0.002711958665699968,,,,0.0007481265284689566,-0.0001411848807307382
171,2026-08-31,300223 CH Equity,CNE100001377,29788801W,0.001633007368593529,0.0015656668585484349,,0.0017064009581932381,,0.001309221424820674,0.0023364566966030493,,,,,,,,,,0.0018520693326731488,,-0.0022010099315825826,-0.002024929137055976,,,-0.0041045860886269785,-0.002977836966258788,-0.002761267005076331,,,,,-0.0003164578417699537
172,2026-08-31,300251 CH Equity,CNE100001617,29839701W,,-0.001581975888324981,-0.0018520693326731488,,,,0.0023364566966030493,-0.005423917331399936,,,,-0.003531853146027865,,-0.002812401579244411,,,,,,,-0.011682283483015246,0.0023364566966030493,0.0010331271107428448,,,,,-0.002080406647660249,,-0.0006423410247897811
173,2026-08-31,300255 CH Equity,CNE1000016C2,29867201W,,,,,,-0.0025740624623592913,-0.0023364566966030493,,,,,-0.003531853146027865,,0.0014463779550399829,,-0.0018520693326731488,-0.0018520693326731488,,,,,,,,,,,-0.002080406647660249,,-0.00038825044262258163
174,2026-08-31,300274 CH Equity,CNE1000018M7,30639201W,,,0.0016688976404307496,,,,,,,,,0.0017867021797552728,0.002812401579244411,,,-0.0018520693326731488,-0.0018520693326731488,,0.000744459241564697,0.0005148124924718582,,0.0023364566966030493,,0.0029205708707538114,0.002711958665699968,,,0.001054650592216654,0.0007481265284689566,0.0006107360858950718
175,2026-08-31,300285 CH Equity,CNE100001FB0,31143201W,,,,,-0.0023364566966030493,,,,0.00253116142131997,0.0018749343861629406,-0.0033015148973738737,,,,,,0.0018520693326731488,,,,,,,,,,,,,-0.0001059917291667595
176,2026-08-31,300308 CH Equity,CNE100001CY9,31216101W,0.001633007368593529,,0.0016688976404307496,,,0.001309221424820674,,,-0.00253116142131997,-0.0018983710659899776,,,,,0.002109301184433308,-0.0018520693326731488,-0.0018520693326731488,,0.000744459241564697,0.0005148124924718582,,,0.0010331271107428448,0.0029205708707538114,0.002711958665699968,,,,0.0007481265284689566,0.0003909326435357889
177,2026-08-31,300316 CH Equity,CNE100001DJ8,31255301W,,0.0015656668585484349,,0.0017064009581932381,,-0.0025740624623592913,,,,,,,,,,,-0.0018520693326731488,,,0.0005148124924718582,,,0.0010331271107428448,-0.002977836966258788,-0.002761267005076331,,,,,-0.0003533018148290656
178,2026-08-31,300339 CH Equity,CNE100001JT4,31306901W,,,,,,-0.0025740624623592913,,,,,,,,,,0.0018520693326731488,0.0018520693326731488,,0.000744459241564697,0.0005148124924718582,,,0.0010331271107428448,0.0029205708707538114,0.002711958665699968,,,,,0.00044876474582369045
179,2026-08-31,300346 CH Equity,CNE100001K48,31336701W,,,,,0.002301055837563609,,,,,-0.0018983710659899776,,,,,,0.0018520693326731488,0.0018520693326731488,,,,,,,,,,,,,0.00015667138714932116
180,2026-08-31,300347 CH Equity,CNE100001KV8,31347901W,,-0.001581975888324981,-0.0018520693326731488,-0.0017257918781727068,,-0.0025740624623592913,,,,,,0.0017867021797552728,,0.0014463779550399829,,,,0.003996570665242057,,,,,,,,,,,-0.001488918483129394,-0.00016110359224350964
181,2026-08-31,300390 CH Equity,CNE100001XM0,31812901W,,,,,,,,,,,,,,,,-0.0018520693326731488,-0.0018520693326731488,,,,,,,,,,,,,-8.391596904713271e-05
182,2026-08-31,300394 CH Equity,CNE100001XQ1,31925201W,,0.0015656668585484349,-0.0018520693326731488,,,,0.0023364566966030493,,-0.00253116142131997,-0.0018983710659899776,,,,,0.002109301184433308,-0.0018520693326731488,-0.0018520693326731488,,0.000744459241564697,0.0005148124924718582,,,0.0010331271107428448,,,,,,0.0007481265284689566,-5.51448052844751e-05
183,2026-08-31,300395 CH Equity,CNE100001XR9,31832001W,,,,,,,,,-0.00253116142131997,-0.0018983710659899776,,,,,,,,,,,,,,,,,,,,-0.00018997136060747827
184,2026-08-31,300408 CH Equity,CNE100001Y42,31876201W,,,0.0016688976404307496,,,,0.0023364566966030493,,,,,,,,,,,,-0.0022010099315825826,-0.002024929137055976,,,0.0010331271107428448,,,,,,0.0007481265284689566,9.733565692418438e-05
185,2026-08-31,300418 CH Equity,CNE100001YF2,31903801W,,-0.001581975888324981,-0.0018520693326731488,,,,-0.0023364566966030493,,,-0.0018983710659899776,-0.0033015148973738737,0.0017867021797552728,0.002812401579244411,,,,,,,,,,0.0010331271107428448,,,0.008437204737733232,,-0.002080406647660249,0.0007481265284689566,-0.00028372231518456847
186,2026-08-31,300433 CH Equity,CNE100001YW7,31937201W,,,-0.0018520693326731488,,,0.001309221424820674,,,-0.00253116142131997,-0.0018983710659899776,,,,,0.002109301184433308,,,,0.000744459241564697,0.0005148124924718582,,,0.0010331271107428448,,,,-0.003037393705583964,0.001054650592216654,0.0007481265284689566,-8.359562309102916e-05
187,2026-08-31,300442 CH Equity,CNE100001Z58,31960901W,-0.001633007368593529,,-0.0018520693326731488,,,,-0.0023364566966030493,,,,,,,,-0.002109301184433308,,,,-0.0022010099315825826,-0.002024929137055976,,,0.0010331271107428448,,,,,0.001054650592216654,,-0.0002574722101605866
188,2026-08-31,300450 CH Equity,CNE100001ZF9,31970601W,0.001633007368593529,0.0015656668585484349,,0.0017064009581932381,,,,,,,-0.0033015148973738737,0.0017867021797552728,0.002812401579244411,0.0014463779550399829,-0.002109301184433308,-0.0018520693326731488,-0.0018520693326731488,,,0.0005148124924718582,,0.0023364566966030493,,-0.002977836966258788,-0.002761267005076331,,,0.001054650592216654,0.0007481265284689566,-0.00026667942695525996
189,2026-08-31,300454 CH Equity,CNE1000033T1,32723301W,,,,,,0.001309221424820674,0.0023364566966030493,,,,,,,,,,,,,0.0005148124924718582,,,0.0010331271107428448,,,,0.002664380443494705,,,0.0002455551276958843
190,2026-08-31,300474 CH Equity,CNE100002664,32145701W,,,,,,-0.0025740624623592913,,,0.00253116142131997,,,,,,-0.002109301184433308,,,,-0.0022010099315825826,-0.002024929137055976,,,-0.0041045860886269785,-0.002977836966258788,-0.002761267005076331,,,-0.002080406647660249,,-0.0007715493367754319
191,2026-08-31,300475 CH Equity,CNE1000020T8,31982701W,,,,,,0.001309221424820674,0.0023364566966030493,,,,,,,,0.002109301184433308,,-0.0018520693326731488,,0.000744459241564697,0.0005148124924718582,,,0.0010331271107428448,,,,0.002664380443494705,0.001054650592216654,0.0007481265284689566,0.0003456747529125686
192,2026-08-31,300476 CH Equity,CNE1000020V4,31985801W,,,-0.0018520693326731488,-0.0017257918781727068,,,,,0.00253116142131997,0.0018749343861629406,,,,,,,,,0.000744459241564697,0.0005148124924718582,,,0.0010331271107428448,,,,,0.001054650592216654,,0.00019586418711626773
193,2026-08-31,300487 CH Equity,CNE100002136,32002301W,,,-0.0018520693326731488,,0.002301055837563609,,,,-0.00253116142131997,-0.0018983710659899776,,,,,,,0.0018520693326731488,,,,,,,,,,,,,-5.1072348743361956e-05
194,2026-08-31,300496 CH Equity,CNE1000021D0,32096101W,,,,,,,,,,,,,,,,,,,,0.0005148124924718582,,,0.0010331271107428448,-0.002977836966258788,-0.002761267005076331,,,0.001054650592216654,,-0.0002784527386960989
195,2026-08-31,300498 CH Equity,CNE100002508,32066801W,,-0.001581975888324981,,,0.002301055837563609,,,-0.005423917331399936,0.00253116142131997,0.0018749343861629406,,-0.003531853146027865,,0.0014463779550399829,,,,,0.000744459241564697,0.0005148124924718582,,,,,,,,0.001054650592216654,0.0007481265284689566,0.0001750025614006517
196,2026-08-31,300502 CH Equity,CNE100002615,32133601W,0.001633007368593529,0.0015656668585484349,0.0016688976404307496,0.0017064009581932381,,0.001309221424820674,0.0023364566966030493,,-0.00253116142131997,-0.0018983710659899776,,,,,0.002109301184433308,-0.0018520693326731488,-0.0018520693326731488,,0.000744459241564697,0.0005148124924718582,,,0.0010331271107428448,0.0029205708707538114,0.002711958665699968,,,,0.0007481265284689566,0.0005864268610645537
197,2026-08-31,300548 CH Equity,CNE100002D38,32262901W,0.001633007368593529,0.0015656668585484349,0.0016688976404307496,0.0017064009581932381,,,,,0.00253116142131997,0.0018749343861629406,,,,,,,,,0.000744459241564697,0.0005148124924718582,,,0.0010331271107428448,,,,0.002664380443494705,,0.0007481265284689566,0.0005641436012744089
198,2026-08-31,300567 CH Equity,CNE100002DN8,32290201W,-0.001633007368593529,-0.001581975888324981,-0.0018520693326731488,-0.0017257918781727068,,-0.0025740624623592913,-0.0023364566966030493,,,,,,,,-0.002109301184433308,,,,,-0.002024929137055976,,,0.0010331271107428448,,,,0.002664380443494705,,0.0007481265284689566,-0.00035353151421147654
199,2026-08-31,300604 CH Equity,CNE100002Q09,32399601W,0.001633007368593529,0.0015656668585484349,0.0016688976404307496,0.0017064009581932381,,,,,0.00253116142131997,0.0018749343861629406,,,,,,,,,0.000744459241564697,0.0005148124924718582,,,0.0010331271107428448,,,,,-0.002080406647660249,0.0007481265284689566,0.0003935877611771728
200,2026-08-31,300620 CH Equity,CNE100002PK8,32367801W,,,,,,,,,-0.00253116142131997,-0.0018983710659899776,,,,,,,0.0018520693326731488,,,0.0005148124924718582,,,0.0010331271107428448,,,,,,0.0007481265284689566,-6.435753371224285e-05
201,2026-08-31,300628 CH Equity,CNE100002PC5,32373301W,,,,,,0.001309221424820674,0.0023364566966030493,,,,,,,,,,0.0018520693326731488,,,0.0005148124924718582,,,0.0010331271107428448,,,,,0.001054650592216654,-0.001488918483129394,0.00022140852826614129
202,2026-08-31,300661 CH Equity,CNE100002NT4,32470501W,,,0.0016688976404307496,,,0.001309221424820674,,,,,,,,,,-0.0018520693326731488,-0.0018520693326731488,,,0.0005148124924718582,,,0.0010331271107428448,0.0029205708707538114,0.002711958665699968,,0.002664380443494705,,,0.0005054333147939629
203,2026-08-31,300666 CH Equity,CNE100002NL1,32477401W,-0.001633007368593529,,,,,,,,-0.00253116142131997,-0.0018983710659899776,,,,,,0.0018520693326731488,,,,0.0005148124924718582,,,0.0010331271107428448,,,,0.002664380443494705,0.001054650592216654,-0.001488918483129394,-8.907011502181212e-05
204,2026-08-31,300748 CH Equity,CNE100003G83,32845801W,,0.0015656668585484349,,0.0017064009581932381,0.002301055837563609,,,,,-0.0018983710659899776,,,,,,,,,,0.0005148124924718582,,-0.004602111675127218,,,,,,,0.0007481265284689566,6.487233053203718e-05
205,2026-08-31,300750 CH Equity,CNE100003662,32741501W,,,,,,,,,,,,,,0.0014463779550399829,,,,,0.000744459241564697,0.0005148124924718582,,-0.004602111675127218,,,,,-0.003037393705583964,0.001054650592216654,,-0.00011952349399063412
206,2026-08-31,300751 CH Equity,CNE100003FS0,32935601W,,0.0015656668585484349,,0.0017064009581932381,,-0.0025740624623592913,-0.0023364566966030493,,-0.00253116142131997,-0.0018983710659899776,,,,,-0.002109301184433308,,,,0.000744459241564697,0.0005148124924718582,,,0.0010331271107428448,,,,-0.003037393705583964,0.001054650592216654,,-0.00024078069547479793
207,2026-08-31,300757 CH Equity,CNE100003JT0,33165201W,-0.001633007368593529,-0.001581975888324981,-0.0018520693326731488,,,,,,,,-0.0033015148973738737,,0.002812401579244411,0.0014463779550399829,-0.002109301184433308,-0.0018520693326731488,,,-0.0022010099315825826,-0.002024929137055976,,-0.004602111675127218,,,,,,-0.002080406647660249,0.0007481265284689566,-0.0007065948592816101
208,2026-08-31,300759 CH Equity,CNE100003JW4,33165401W,,-0.001581975888324981,-0.0018520693326731488,,-0.0023364566966030493,0.001309221424820674,,,,,,-0.003531853146027865,,0.0014463779550399829,,,0.0018520693326731488,,,,,,,,,,0.002664380443494705,,,-0.0001427946317460266
209,2026-08-31,300760 CH Equity,CNE100003G67,32896601W,,,,,,0.001309221424820674,,,,,,,,,,,,,,,,,,,,,,0.001054650592216654,,9.713776043743894e-05
210,2026-08-31,300765 CH Equity,CNE100003K04,33129401W,,,,,-0.0023364566966030493,,,,,,,-0.003531853146027865,-0.002812401579244411,,,-0.0018520693326731488,-0.0018520693326731488,,,,,,,,,,,-0.002080406647660249,0.0007481265284689566,-0.0004074108820677473
211,2026-08-31,300782 CH Equity,CNE100003QK4,33263901W,-0.001633007368593529,-0.001581975888324981,-0.0018520693326731488,-0.0017257918781727068,,0.001309221424820674,,,,,,,,,-0.002109301184433308,-0.0018520693326731488,-0.0018520693326731488,,-0.0022010099315825826,-0.002024929137055976,,,0.0010331271107428448,-0.002977836966258788,-0.002761267005076331,,0.002664380443494705,-0.002080406647660249,-0.001488918483129394,-0.0008621005136597751
212,2026-08-31,300803 CH Equity,CNE000001QQ6,33497501W,,,,,,0.001309221424820674,,,,,,0.0017867021797552728,0.002812401579244411,0.0014463779550399829,0.002109301184433308,,,-0.003996570665242057,0.000744459241564697,0.0005148124924718582,,-0.004602111675127218,,,,,,,,-5.718982031070665e-05
213,2026-08-31,300832 CH Equity,CNE100003T39,33837401W,,,-0.0018520693326731488,,,,0.0023364566966030493,,,,,,,,,,0.0018520693326731488,,,,,,,,,,,,-0.001488918483129394,1.2365477671221743e-05
214,2026-08-31,300857 CH Equity,CNE100004173,34525801W,,,,,,0.001309221424820674,-0.0023364566966030493,,,,,,,,,,,,0.000744459241564697,0.0005148124924718582,,,0.0010331271107428448,0.0029205708707538114,0.002711958665699968,,0.002664380443494705,,0.0007481265284689566,0.0004967163722394169
215,2026-08-31,300866 CH Equity,CNE1000047B9,33949401W,,,-0.0018520693326731488,,,0.001309221424820674,,,,,,,,,0.002109301184433308,0.0018520693326731488,,,0.000744459241564697,0.0005148124924718582,,,0.0010331271107428448,,,,,,,0.00013404936505411873
216,2026-08-31,300896 CH Equity,CNE100004868,34019201W,,,,,,0.001309221424820674,0.0023364566966030493,,,,,,,,,,,-0.003996570665242057,,,,,,,,,,,0.0007481265284689566,5.776816856057222e-05
217,2026-08-31,300919 CH Equity,CNE1000049X9,34607201W,,,0.0016688976404307496,,,,-0.0023364566966030493,,,,-0.0033015148973738737,,-0.002812401579244411,-0.002812401579244411,,,,,0.000744459241564697,0.0005148124924718582,,-0.004602111675127218,,-0.002977836966258788,-0.002761267005076331,,0.002664380443494705,,0.0007481265284689566,-0.0007184216336049465
218,2026-08-31,301236 CH Equity,CNE1000058S0,18604101W,,,,,,,,,,,,,,,0.002109301184433308,,,,0.000744459241564697,0.0005148124924718582,,,0.0010331271107428448,,,,0.002664380443494705,-0.002080406647660249,0.0007481265284689566,9.73347770216156e-05
219,2026-08-31,301269 CH Equity,CNE100005GY1,35399801W,,-0.001581975888324981,,,,,,,,,,,,,-0.002109301184433308,,,,-0.0022010099315825826,-0.002024929137055976,,,0.0010331271107428448,,,,,,,-0.0001649475913305852
220,2026-08-31,301308 CH Equity,CNE100005K10,35384701W,0.001633007368593529,,,0.0017064009581932381,,0.001309221424820674,-0.0023364566966030493,,0.00253116142131997,0.0018749343861629406,,,,,0.002109301184433308,-0.0018520693326731488,-0.0018520693326731488,,0.000744459241564697,0.0005148124924718582,,,0.0010331271107428448,-0.002977836966258788,-0.002761267005076331,,0.002664380443494705,-0.002080406647660249,0.0007481265284689566,-0.00012041515255927154
221,2026-08-31,301358 CH Equity,CNE100005YS6,35566601W,0.001633007368593529,0.0015656668585484349,0.0016688976404307496,0.0017064009581932381,,,,,,0.0018749343861629406,-0.0033015148973738737,0.0017867021797552728,,-0.002812401579244411,0.002109301184433308,-0.0018520693326731488,-0.0018520693326731488,,0.000744459241564697,0.0005148124924718582,,,,-0.002977836966258788,-0.002761267005076331,,0.002664380443494705,-0.002080406647660249,0.0007481265284689566,-0.00032015520002883505
222,2026-08-31,301550 CH Equity,CNE1000068M2,35831301W,,,,,,,,,,,,,-0.002812401579244411,,-0.002109301184433308,,,-0.003996570665242057,-0.0022010099315825826,-0.002024929137055976,,,,,,,,-0.002080406647660249,,-0.0004024758328782708
223,2026-08-31,600000 CH Equity,CNE0000011B7,24382901W,-0.001633007368593529,-0.001581975888324981,,-0.0017257918781727068,-0.0023364566966030493,0.001309221424820674,,,,,,-0.003531853146027865,,,-0.002109301184433308,,,-0.003996570665242057,,-0.002024929137055976,,,,,,,,,,-0.000518707875157464
224,2026-08-31,600009 CH Equity,CNE000000V89,24363201W,,-0.001581975888324981,-0.0018520693326731488,-0.0017257918781727068,-0.0023364566966030493,,,,,,,,,0.0014463779550399829,-0.002109301184433308,-0.0018520693326731488,,,-0.0022010099315825826,-0.002024929137055976,,0.0023364566966030493,,0.0029205708707538114,0.002711958665699968,,,0.001054650592216654,-0.001488918483129394,-4.191605050433866e-05
225,2026-08-31,600010 CH Equity,CNE0000017H1,25133401W,,,,,,,,,,,,,,,,0.0018520693326731488,0.0018520693326731488,,,,,,,,,,,,,8.391596904713271e-05
226,2026-08-31,600011 CH Equity,CNE000001998,03074702W,,-0.001581975888324981,0.0016688976404307496,-0.0017257918781727068,,,,-0.005423917331399936,,,,,,,,,,,0.000744459241564697,0.0005148124924718582,0.011682283483015246,,0.0010331271107428448,,,0.008437204737733232,,0.001054650592216654,,0.00033773950531115396
227,2026-08-31,600015 CH Equity,CNE000001FW7,26001001W,,0.0015656668585484349,,0.0017064009581932381,-0.0023364566966030493,0.001309221424820674,,,,,,-0.003531853146027865,,,,,,-0.003996570665242057,0.000744459241564697,0.0005148124924718582,,0.0023364566966030493,,,,,,,-0.001488918483129394,-0.00010379779828051584
228,2026-08-31,600016 CH Equity,CNE0000015Y0,24948201W,,-0.001581975888324981,,-0.0017257918781727068,,,,,,,,-0.003531853146027865,,,-0.002109301184433308,,,,,-0.002024929137055976,,0.0023364566966030493,,,,,,,,-0.0001715697474134277
229,2026-08-31,600019 CH Equity,CNE0000015R4,24947901W,-0.001633007368593529,-0.001581975888324981,-0.0018520693326731488,-0.0017257918781727068,-0.0023364566966030493,,,,,,,,,,,0.0018520693326731488,0.0018520693326731488,,,,,,,,,,,,,-0.000291392415148552
230,2026-08-31,600021 CH Equity,CNE000001G53,26016301W,,,,,,-0.0025740624623592913,,-0.005423917331399936,,,,,,0.0014463779550399829,,,,-0.003996570665242057,0.000744459241564697,0.0005148124924718582,,,0.0010331271107428448,,,-0.016874409475466465,,,,-0.0006099980668703884
231,2026-08-31,600023 CH Equity,CNE100001SP3,31693701W,-0.001633007368593529,,,,0.002301055837563609,0.001309221424820674,,,,,,,0.002812401579244411,-0.002812401579244411,,,,0.003996570665242057,0.000744459241564697,0.0005148124924718582,-0.011682283483015246,,0.0010331271107428448,,0.002711958665699968,,,,,0.0001777930750230554
232,2026-08-31,600026 CH Equity,CNE000001BD6,21175902W,0.001633007368593529,0.0015656668585484349,,0.0017064009581932381,,,,-0.005423917331399936,,,,,,,,,,,,,,,0.0010331271107428448,,-0.002761267005076331,0.008437204737733232,0.002664380443494705,,-0.001488918483129394,-4.9367684143389174e-05
233,2026-08-31,600027 CH Equity,CNE000001LJ2,23602502W,0.001633007368593529,,,,,0.001309221424820674,,,0.00253116142131997,0.0018749343861629406,-0.0033015148973738737,,-0.002812401579244411,,,,,,0.000744459241564697,0.0005148124924718582,-0.011682283483015246,,0.0010331271107428448,,,,,0.001054650592216654,,-0.00013943018328711222
234,2026-08-31,600028 CH Equity,CNE0000018G1,14075602W,-0.001633007368593529,0.0015656668585484349,-0.0018520693326731488,0.0017064009581932381,-0.0023364566966030493,,,,,,,,,,,0.0018520693326731488,,,,,,,0.0010331271107428448,,,0.008437204737733232,,,0.0007481265284689566,0.00010213897815146623
235,2026-08-31,600029 CH Equity,CNE000001FG0,20580902W,-0.001633007368593529,-0.001581975888324981,0.0016688976404307496,,0.002301055837563609,,-0.0023364566966030493,,,,,,,0.0014463779550399829,,-0.0018520693326731488,-0.0018520693326731488,,0.000744459241564697,0.0005148124924718582,,,,,,,,0.001054650592216654,,5.014236190599826e-05
236,2026-08-31,600030 CH Equity,CNE000001DB6,25712001W,0.001633007368593529,0.0015656668585484349,,0.0017064009581932381,,,,,,,,,0.002812401579244411,0.0014463779550399829,,,,,,0.0005148124924718582,,-0.004602111675127218,,,,,,,0.0007481265284689566,0.0001045273794730649
237,2026-08-31,600031 CH Equity,CNE000001F70,26012701W,,,-0.0018520693326731488,,,,,,,,-0.0033015148973738737,0.0017867021797552728,,0.0014463779550399829,,-0.0018520693326731488,,,,0.0005148124924718582,,0.0023364566966030493,,0.0029205708707538114,0.002711958665699968,,,0.001054650592216654,,0.0002934570848744419
238,2026-08-31,600036 CH Equity,CNE000001B33,25402301W,,,,,,,,,,,,,,,,,,-0.003996570665242057,0.000744459241564697,0.0005148124924718582,,,,,,,,,,-6.920644494631241e-05
239,2026-08-31,600039 CH Equity,CNE000001DQ4,27075201W,,,,,-0.0023364566966030493,,-0.0023364566966030493,,,,,0.0017867021797552728,-0.002812401579244411,,,,-0.0018520693326731488,,0.000744459241564697,0.0005148124924718582,,0.0023364566966030493,,-0.002977836966258788,-0.002761267005076331,,,0.001054650592216654,,-0.0005201756816615886
240,2026-08-31,600050 CH Equity,CNE000001CS2,25736201W,,0.0015656668585484349,-0.0018520693326731488,,,,-0.0023364566966030493,-0.005423917331399936,,,,-0.003531853146027865,,0.0014463779550399829,,,,,,,0.011682283483015246,0.0023364566966030493,0.0010331271107428448,,,-0.016874409475466465,,0.001054650592216654,,-0.00014439796602291056
241,2026-08-31,600060 CH Equity,CNE000000PF3,24379501W,,,0.0016688976404307496,,-0.0023364566966030493,,0.0023364566966030493,,,,,,0.002812401579244411,,0.002109301184433308,0.0018520693326731488,0.0018520693326731488,0.003996570665242057,0.000744459241564697,0.0005148124924718582,,,,,,,,0.001054650592216654,,0.0003391312062561666
242,2026-08-31,600061 CH Equity,CNE000000Q11,27244501W,,,,,,-0.0025740624623592913,,,,,,0.0017867021797552728,,0.0014463779550399829,,,,,0.000744459241564697,0.0005148124924718582,,,,,,,,,0.0007481265284689566,2.787731382367688e-05
243,2026-08-31,600066 CH Equity,CNE000000PY4,26027901W,,,-0.0018520693326731488,,,,0.0023364566966030493,,,-0.0018983710659899776,,0.0017867021797552728,0.002812401579244411,,0.002109301184433308,-0.0018520693326731488,-0.0018520693326731488,,0.000744459241564697,0.0005148124924718582,,,,-0.002977836966258788,-0.002761267005076331,,,0.001054650592216654,-0.001488918483129394,-0.00038990476027769583
244,2026-08-31,600085 CH Equity,CNE000000R69,25130201W,-0.001633007368593529,0.0015656668585484349,,0.0017064009581932381,,0.001309221424820674,,,,,,0.0017867021797552728,,0.0014463779550399829,,,,0.003996570665242057,,,,,,,,,,0.001054650592216654,0.0007481265284689566,0.00033687073622546337
245,2026-08-31,600089 CH Equity,CNE000000RB8,27104701W,,0.0015656668585484349,,0.0017064009581932381,0.002301055837563609,,,,,0.0018749343861629406,,-0.003531853146027865,,,,-0.0018520693326731488,-0.0018520693326731488,,,0.0005148124924718582,,,,,,,,,,0.00022491805116657784
246,2026-08-31,600096 CH Equity,CNE000000S01,27087001W,,,,,,,,,,,,,,,,,,,,,,,,,,,,,-0.001488918483129394,-5.939466815061086e-05
247,2026-08-31,600104 CH Equity,CNE000000TY6,24380401W,-0.001633007368593529,-0.001581975888324981,-0.0018520693326731488,-0.0017257918781727068,,,,,,,,,,0.0014463779550399829,,,,,0.000744459241564697,0.0005148124924718582,-0.011682283483015246,,,-0.002977836966258788,,,,0.001054650592216654,,-0.0006258766931217962
248,2026-08-31,600105 CH Equity,CNE000000T83,27197501W,0.001633007368593529,0.0015656668585484349,,0.0017064009581932381,,,,,,,,,,,,,,,0.000744459241564697,0.0005148124924718582,,,0.0010331271107428448,,,,,,0.0007481265284689566,0.0002577553797184272
249,2026-08-31,600109 CH Equity,CNE000000SV4,27202001W,,0.0015656668585484349,,,,,,,,,,,0.002812401579244411,0.0014463779550399829,0.002109301184433308,,,,,0.0005148124924718582,,,,,,,,,0.0007481265284689566,0.00019696105311294685
250,2026-08-31,600111 CH Equity,CNE000000T18,27104401W,,-0.001581975888324981,0.0016688976404307496,,,,,,0.00253116142131997,0.0018749343861629406,,,,,,-0.0018520693326731488,-0.0018520693326731488,,,,,,,,,,,,0.0007481265284689566,0.00013903977174429698
251,2026-08-31,600115 CH Equity,CNE000000TR0,06433602W,-0.001633007368593529,-0.001581975888324981,0.0016688976404307496,-0.0017257918781727068,0.002301055837563609,,-0.0023364566966030493,,,,0.0034515837563454136,-0.003531853146027865,,0.0014463779550399829,,-0.0018520693326731488,-0.0018520693326731488,,0.000744459241564697,0.0005148124924718582,,,,,,,,0.001054650592216654,,0.000132350588627877
252,2026-08-31,600118 CH Equity,CNE000000SM3,27193701W,,,,,,,,,,0.0018749343861629406,0.0034515837563454136,0.0017867021797552728,0.002812401579244411,0.0014463779550399829,,,,,,0.0005148124924718582,,,,-0.002977836966258788,-0.002761267005076331,,,-0.002080406647660249,0.0007481265284689566,-8.896991948936077e-05
253,2026-08-31,600141 CH Equity,CNE000000ZC9,27209501W,-0.001633007368593529,,,,,,,,,,-0.0033015148973738737,,,,,-0.0018520693326731488,-0.0018520693326731488,,,,,,,,,,,,-0.001488918483129394,-0.00037381797714233127
254,2026-08-31,600143 CH Equity,CNE000001JP3,27068101W,,,,,,,,,,,0.0034515837563454136,,,,,,,,,,,,,,,,,,,0.00018982031075017925
255,2026-08-31,600150 CH Equity,CNE000000W05,27122801W,0.001633007368593529,0.0015656668585484349,,0.0017064009581932381,,,,,,,-0.0033015148973738737,0.0017867021797552728,-0.002812401579244411,0.0014463779550399829,,,,,0.000744459241564697,0.0005148124924718582,,0.0023364566966030493,,,-0.002761267005076331,,,0.001054650592216654,0.0007481265284689566,-7.1146654026800365e-06
256,2026-08-31,600153 CH Equity,CNE000000WL7,26023401W,0.001633007368593529,,,,-0.0023364566966030493,,-0.0023364566966030493,,,,0.0034515837563454136,0.0017867021797552728,,,0.002109301184433308,,-0.0018520693326731488,,0.000744459241564697,0.0005148124924718582,,0.0023364566966030493,,-0.002977836966258788,,,,-0.002080406647660249,-0.001488918483129394,-0.00023313893403154558
257,2026-08-31,600157 CH Equity,CNE000000WD4,27201501W,,,,,,,,0.010847834662799871,,,0.0034515837563454136,,0.002812401579244411,0.0014463779550399829,,,,0.003996570665242057,,0.0005148124924718582,0.011682283483015246,,-0.0041045860886269785,,-0.002761267005076331,-0.016874409475466465,,0.001054650592216654,,0.0005249955187828875
258,2026-08-31,600160 CH Equity,CNE000000WQ6,27118001W,,,,,,,,,-0.00253116142131997,-0.0018983710659899776,,,,,,,,,,,,,,,,,,,0.0007481265284689566,-0.0001601277342460876
259,2026-08-31,600161 CH Equity,CNE000000WF9,25983201W,,0.0015656668585484349,-0.0018520693326731488,0.0017064009581932381,,-0.0025740624623592913,,,,,,,-0.002812401579244411,-0.002812401579244411,,,0.0018520693326731488,,,,,,,,,,,-0.002080406647660249,,-0.00018582170565154888
260,2026-08-31,600176 CH Equity,CNE000000YM1,25990501W,0.001633007368593529,0.0015656668585484349,0.0016688976404307496,0.0017064009581932381,,,,,,0.0018749343861629406,0.0034515837563454136,,,,,,,,,,,,,,,,,,,0.0004818452549739795
261,2026-08-31,600183 CH Equity,CNE000000XL5,25699301W,0.001633007368593529,0.0015656668585484349,0.0016688976404307496,0.0017064009581932381,,,,,-0.00253116142131997,-0.0018983710659899776,,,,,0.002109301184433308,,,,0.000744459241564697,0.0005148124924718582,,,0.0010331271107428448,0.0029205708707538114,0.002711958665699968,,-0.003037393705583964,,0.0007481265284689566,0.000467669357664771
262,2026-08-31,600188 CH Equity,CNE000000WV6,10889302W,,-0.001581975888324981,,-0.0017257918781727068,0.002301055837563609,,,,,,,,,,,,-0.0018520693326731488,,,,,,0.0010331271107428448,,,0.008437204737733232,-0.003037393705583964,,,0.00012151431406161577
263,2026-08-31,600196 CH Equity,CNE000000X38,26012201W,0.001633007368593529,,,,,,-0.0023364566966030493,,,,,,,0.0014463779550399829,,0.0018520693326731488,,,,,,,,,,,,0.001054650592216654,0.0007481265284689566,0.00010898480214020154
264,2026-08-31,600219 CH Equity,CNE000001139,26013801W,-0.001633007368593529,0.0015656668585484349,-0.0018520693326731488,0.0017064009581932381,,,,,,,0.0034515837563454136,,,,,0.0018520693326731488,0.0018520693326731488,,,,,,,,,,,,0.0007481265284689566,0.0003020645207227361
265,2026-08-31,600221 CH Equity,CNE0000011C5,22065502W,,,,,,,-0.0023364566966030493,,,,,0.0017867021797552728,,0.0014463779550399829,,-0.0018520693326731488,-0.0018520693326731488,,0.000744459241564697,0.0005148124924718582,,,,,,,,0.001054650592216654,-0.001488918483129394,-9.476331867674316e-05
266,2026-08-31,600233 CH Equity,CNE0000012J8,27215901W,,,0.0016688976404307496,,,,,,,-0.0018983710659899776,0.0034515837563454136,,,0.0014463779550399829,0.002109301184433308,,,,0.000744459241564697,0.0005148124924718582,,,,,,,0.002664380443494705,0.001054650592216654,-0.001488918483129394,0.0003175375863473889
267,2026-08-31,600256 CH Equity,CNE0000012G4,25133801W,,,,,,,,0.010847834662799871,,,,,,,,-0.0018520693326731488,-0.0018520693326731488,,,,,,-0.0041045860886269785,,,,,,-0.001488918483129394,0.0001292836399442006
268,2026-08-31,600276 CH Equity,CNE0000014W7,27108501W,0.001633007368593529,,,,,0.001309221424820674,0.0023364566966030493,,,,,,,,,,,-0.003996570665242057,,,,,,,,,,,,7.686462838272822e-05
269,2026-08-31,600282 CH Equity,CNE0000014Q9,26008401W,,,,,-0.0023364566966030493,,,,,,,,,,,,0.0018520693326731488,,,,,,,,,,,,,-0.00011338004979856015
270,2026-08-31,600298 CH Equity,CNE0000014G0,27220501W,,,-0.0018520693326731488,,-0.0023364566966030493,-0.0025740624623592913,,-0.005423917331399936,0.00253116142131997,0.0018749343861629406,0.0034515837563454136,-0.003531853146027865,,,,,,,0.000744459241564697,0.0005148124924718582,,0.0023364566966030493,,,,,,,,-6.898370181623973e-05
271,2026-08-31,600309 CH Equity,CNE0000016J9,26026701W,,,0.0016688976404307496,,,,,,,0.0018749343861629406,,,,,,,,,,,,,,,,,,,-0.001488918483129394,7.60912078063463e-05
272,2026-08-31,600332 CH Equity,CNE000001733,22497602W,,,,,0.002301055837563609,,,,,,,0.0017867021797552728,-0.002812401579244411,-0.002812401579244411,,0.0018520693326731488,,,,,,,,,,,,,0.0007481265284689566,0.00016354494282066928
273,2026-08-31,600346 CH Equity,CNE0000018V0,27231201W,0.001633007368593529,0.0015656668585484349,-0.0018520693326731488,0.0017064009581932381,,,,,,,,,,,,,,,,,,,,,,,,,-0.001488918483129394,3.6970118780515914e-05
274,2026-08-31,600348 CH Equity,CNE000001FP1,26016901W,,,,,,,,-0.005423917331399936,,,,,,,,,,,,,,,0.0010331271107428448,,,-0.016874409475466465,,,0.0007481265284689566,-0.00045075867676418305
275,2026-08-31,600352 CH Equity,CNE000001FJ4,26027601W,,,0.0016688976404307496,-0.0017257918781727068,,,,,,,,,,,,0.0018520693326731488,0.0018520693326731488,,,,,,,,,,,,,7.943061141621441e-05
276,2026-08-31,600362 CH Equity,CNE0000019P0,20302402W,,,,,,,,,0.00253116142131997,,,,,,,0.0018520693326731488,0.0018520693326731488,,,,,,,,,,,,0.0007481265284689566,0.00022145227263043797
277,2026-08-31,600369 CH Equity,CNE0000016P6,27217701W,,,,,,-0.0025740624623592913,,,,,,,-0.002812401579244411,,,,,,,0.0005148124924718582,,,,,,,,,0.0007481265284689566,-7.997428621369404e-05
278,2026-08-31,600372 CH Equity,CNE0000018C0,27223101W,,,,,,,,,,0.0018749343861629406,0.0034515837563454136,,,-0.002812401579244411,-0.002109301184433308,,,,-0.0022010099315825826,-0.002024929137055976,,-0.004602111675127218,,,,,,-0.002080406647660249,0.0007481265284689566,-0.00016463692158889584
279,2026-08-31,600378 CH Equity,CNE0000016V4,27219201W,-0.001633007368593529,,,,-0.0023364566966030493,,,,-0.00253116142131997,-0.0018983710659899776,,,,,,0.0018520693326731488,0.0018520693326731488,,,,,,,,,,,,,-0.00031241471925453284
280,2026-08-31,600392 CH Equity,CNE000001DZ5,27073301W,,,,,,,,,-0.00253116142131997,-0.0018983710659899776,,,,,,,,,,,,,,,,,,,0.0007481265284689566,-0.0001601277342460876
281,2026-08-31,600398 CH Equity,CNE0000016H3,25988901W,,,0.0016688976404307496,,,,,,,,,,,0.0014463779550399829,,,,0.003996570665242057,,0.0005148124924718582,,,,-0.002977836966258788,,,,0.001054650592216654,,5.388331746888289e-05
282,2026-08-31,600406 CH Equity,CNE000001G38,27051001W,,0.0015656668585484349,-0.0018520693326731488,0.0017064009581932381,,,0.0023364566966030493,,,,-0.0033015148973738737,0.0017867021797552728,0.002812401579244411,,,0.0018520693326731488,0.0018520693326731488,,,0.0005148124924718582,,,,,,,,0.001054650592216654,,0.00017033790539728314
283,2026-08-31,600415 CH Equity,CNE000001BC8,27071401W,,,0.0016688976404307496,,,,,,-0.00253116142131997,-0.0018983710659899776,,,,0.0014463779550399829,-0.002109301184433308,,,-0.003996570665242057,-0.0022010099315825826,-0.002024929137055976,,,,0.0029205708707538114,,,,0.001054650592216654,,-0.00012164996049189345
284,2026-08-31,600418 CH Equity,CNE0000018M9,26003201W,-0.001633007368593529,-0.001581975888324981,-0.0018520693326731488,,0.002301055837563609,,-0.0023364566966030493,,-0.00253116142131997,,,,,0.0014463779550399829,,,,,0.000744459241564697,0.0005148124924718582,,,,,,,0.002664380443494705,-0.002080406647660249,0.0007481265284689566,-0.00015674302875805278
285,2026-08-31,600426 CH Equity,CNE000001BM7,27073701W,,,,,,,,,,,,,,,,-0.0018520693326731488,,,,,,,,,,,,,,-3.9876777335052225e-05
286,2026-08-31,600436 CH Equity,CNE000001F21,27072001W,-0.001633007368593529,0.0015656668585484349,,0.0017064009581932381,,0.001309221424820674,,,,,,0.0017867021797552728,-0.002812401579244411,-0.002812401579244411,,,,-0.003996570665242057,,,,,,,,,,-0.002080406647660249,-0.001488918483129394,-0.00022926219958079987
287,2026-08-31,600438 CH Equity,CNE000001GS3,27037701W,-0.001633007368593529,-0.001581975888324981,,-0.0017257918781727068,,0.001309221424820674,-0.0023364566966030493,,,,,,,,,-0.0018520693326731488,-0.0018520693326731488,,0.000744459241564697,0.0005148124924718582,,,-0.0041045860886269785,-0.002977836966258788,-0.002761267005076331,,,-0.002080406647660249,-0.001488918483129394,-0.0009551993741481132
288,2026-08-31,600460 CH Equity,CNE000001DN1,27069001W,,0.0015656668585484349,0.0016688976404307496,0.0017064009581932381,,,-0.0023364566966030493,,,,,,,,,,-0.0018520693326731488,,0.000744459241564697,0.0005148124924718582,,,0.0010331271107428448,,,,,0.001054650592216654,,0.00015567876418786825
289,2026-08-31,600482 CH Equity,CNE000001KB1,27075401W,,,,,,,,,,,,0.0017867021797552728,0.002812401579244411,0.0014463779550399829,,,,,0.000744459241564697,0.0005148124924718582,,0.0023364566966030493,,0.0029205708707538114,0.002711958665699968,,0.002664380443494705,0.001054650592216654,0.0007481265284689566,0.0007274397468530675
290,2026-08-31,600487 CH Equity,CNE000001FQ9,26003401W,0.001633007368593529,0.0015656668585484349,-0.0018520693326731488,0.0017064009581932381,,,,,0.00253116142131997,0.0018749343861629406,,,,,0.002109301184433308,0.0018520693326731488,0.0018520693326731488,,0.000744459241564697,0.0005148124924718582,,,0.0010331271107428448,,,,-0.003037393705583964,,-0.001488918483129394,0.0003494102942738261
291,2026-08-31,600489 CH Equity,CNE000001FM8,27069701W,0.001633007368593529,0.0015656668585484349,,0.0017064009581932381,0.002301055837563609,,,,0.00253116142131997,0.0018749343861629406,,,,,,,,,,,,,,,,,,,,0.0005005287441474369
292,2026-08-31,600497 CH Equity,CNE000001HC5,27036201W,-0.001633007368593529,-0.001581975888324981,,-0.0017257918781727068,0.002301055837563609,,,,-0.00253116142131997,-0.0018983710659899776,0.0034515837563454136,,,,,0.0018520693326731488,0.0018520693326731488,,,,,,,,,,,,0.0007481265284689566,0.00011092778568964878
293,2026-08-31,600498 CH Equity,CNE0000018P2,25131601W,0.001633007368593529,0.0015656668585484349,,0.0017064009581932381,,-0.0025740624623592913,,,,,,,,,,0.0018520693326731488,0.0018520693326731488,,0.000744459241564697,0.0005148124924718582,,,-0.0041045860886269785,,,,,0.001054650592216654,-0.001488918483129394,3.443920284774818e-05
294,2026-08-31,600519 CH Equity,CNE0000018R8,25132101W,,,0.0016688976404307496,,,-0.0025740624623592913,,0.010847834662799871,-0.00253116142131997,-0.0018983710659899776,0.0034515837563454136,0.0017867021797552728,,,,,,,,0.0005148124924718582,,,,,,,,-0.002080406647660249,,0.0003244438971593679
295,2026-08-31,600521 CH Equity,CNE000001DL5,27042301W,-0.001633007368593529,-0.001581975888324981,0.0016688976404307496,-0.0017257918781727068,-0.0023364566966030493,-0.0025740624623592913,-0.0023364566966030493,,,,,-0.003531853146027865,-0.002812401579244411,0.0014463779550399829,,,,,,,,,,,,,,,-0.001488918483129394,-0.0005569634726197584
296,2026-08-31,600522 CH Equity,CNE000001CW4,27076201W,0.001633007368593529,0.0015656668585484349,0.0016688976404307496,0.0017064009581932381,0.002301055837563609,,,,,,,0.0017867021797552728,,,0.002109301184433308,,,,0.000744459241564697,0.0005148124924718582,,-0.004602111675127218,,,,,,,-0.001488918483129394,0.0002457119724659252
297,2026-08-31,600535 CH Equity,CNE000001C81,26021901W,0.001633007368593529,,0.0016688976404307496,,-0.0023364566966030493,,,,,,,0.0017867021797552728,,0.0014463779550399829,,,,0.003996570665242057,,,,,,,,,,0.001054650592216654,0.0007481265284689566,0.000181236448733108
298,2026-08-31,600536 CH Equity,CNE000001BB0,25996501W,,,,,,,,,,,,,,,,,,,0.000744459241564697,0.0005148124924718582,,,-0.0041045860886269785,-0.002977836966258788,-0.002761267005076331,,,,,-0.0005016516834869891
299,2026-08-31,600547 CH Equity,CNE000001FR7,27034601W,-0.001633007368593529,-0.001581975888324981,-0.0018520693326731488,-0.0017257918781727068,,,,,,,-0.0033015148973738737,,,,,0.0018520693326731488,,,,,,,,,,,,,,-0.00035957961911103285
300,2026-08-31,600549 CH Equity,CNE000001D15,27072601W,-0.001633007368593529,0.0015656668585484349,-0.0018520693326731488,0.0017064009581932381,0.002301055837563609,,,,,,,,,,,0.0018520693326731488,0.0018520693326731488,,,,,,,,,,,,0.0007481265284689566,0.00026727831146030896
301,2026-08-31,600563 CH Equity,CNE000001D72,25712701W,,,,,,-0.0025740624623592913,0.0023364566966030493,,-0.00253116142131997,-0.0018983710659899776,,,,,,,0.0018520693326731488,,0.000744459241564697,0.0005148124924718582,,,0.0010331271107428448,,,,,0.001054650592216654,,-1.6236024092124036e-05
302,2026-08-31,600570 CH Equity,CNE000001GD5,27039501W,,,,,,0.001309221424820674,,,,,,,,,,,,,,0.0005148124924718582,,,-0.0041045860886269785,,,,-0.003037393705583964,0.001054650592216654,,-0.00011161232836412417
303,2026-08-31,600580 CH Equity,CNE000001BJ3,27070201W,,,,,0.002301055837563609,,,,,-0.0018983710659899776,,,,0.0014463779550399829,,,,,0.000744459241564697,0.0005148124924718582,,,,,,,,,0.0007481265284689566,0.00015988351013487842
304,2026-08-31,600583 CH Equity,CNE0000019T2,25403401W,-0.001633007368593529,,,,,,,,,,,,,,,,,,,,,,0.0010331271107428448,,0.002711958665699968,-0.016874409475466465,,,0.0007481265284689566,-0.00010200794084686822
305,2026-08-31,600584 CH Equity,CNE000001F05,27071501W,,,,,,0.001309221424820674,,,,0.0018749343861629406,,,,,,,,,0.000744459241564697,0.0005148124924718582,,,0.0010331271107428448,,,,,0.001054650592216654,0.0007481265284689566,0.0002796169690599502
306,2026-08-31,600585 CH Equity,CNE0000019V8,21683902W,-0.001633007368593529,-0.001581975888324981,-0.0018520693326731488,-0.0017257918781727068,,,,,,,,,,,,,,,,,,,,,,,,,-0.001488918483129394,-0.00027728381083565493
307,2026-08-31,600588 CH Equity,CNE0000017Y6,25900001W,-0.001633007368593529,,,,,,,,,,,,,,,,-0.0018520693326731488,,0.000744459241564697,0.0005148124924718582,,,-0.0041045860886269785,,,,,,,-0.00021002866847885578
308,2026-08-31,600600 CH Equity,CNE0000009Y3,20924401W,,,-0.0018520693326731488,,0.002301055837563609,0.001309221424820674,,-0.005423917331399936,,,,,,,,,,,,0.0005148124924718582,,0.0023364566966030493,,,,,,0.001054650592216654,,7.508390893777944e-05
309,2026-08-31,600601 CH Equity,CNE0000001S2,24582801W,,,,,,,,,-0.00253116142131997,-0.0018983710659899776,,,,,,-0.0018520693326731488,-0.0018520693326731488,,0.000744459241564697,0.0005148124924718582,,,0.0010331271107428448,0.0029205708707538114,0.002711958665699968,,,,0.0007481265284689566,0.00020479539460162283
310,2026-08-31,600637 CH Equity,CNE0000004Z1,24383601W,,,,,,,,-0.005423917331399936,,,,,,0.0014463779550399829,,,,,,,,0.0023364566966030493,0.0010331271107428448,,,,,,,-6.906523467632199e-05
311,2026-08-31,600642 CH Equity,CNE0000005Q7,23732801W,,,,,,,,,-0.00253116142131997,-0.0018983710659899776,-0.0033015148973738737,,,,,,,,,0.0005148124924718582,,,0.0010331271107428448,,,,,,,-0.00031980760554675496
312,2026-08-31,600660 CH Equity,CNE000000230,25900501W,,,-0.0018520693326731488,,,,,,,,,,,,,,,,,0.0005148124924718582,,,,0.0029205708707538114,,,,,,0.0001450066619895034
313,2026-08-31,600673 CH Equity,CNE000000BL1,24375201W,-0.001633007368593529,,,,-0.0023364566966030493,,,,,,-0.0033015148973738737,,,,,,,,,,,,,,,,,,0.0007481265284689566,-0.00035808295509383764
314,2026-08-31,600674 CH Equity,CNE000000BQ0,24386001W,0.001633007368593529,0.0015656668585484349,,0.0017064009581932381,,-0.0025740624623592913,,0.010847834662799871,,,,,-0.002812401579244411,-0.002812401579244411,,,,-0.003996570665242057,-0.0022010099315825826,-0.002024929137055976,,,0.0010331271107428448,,,0.008437204737733232,,-0.002080406647660249,,0.0002785284889287425
315,2026-08-31,600690 CH Equity,CNE000000CG9,21337801W,-0.001633007368593529,-0.001581975888324981,,-0.0017257918781727068,-0.0023364566966030493,,,,-0.00253116142131997,-0.0018983710659899776,,,,,,0.0018520693326731488,0.0018520693326731488,,0.000744459241564697,0.0005148124924718582,,,,,,,,0.001054650592216654,-0.001488918483129394,-0.00039268215383351135
316,2026-08-31,600699 CH Equity,CNE000000DJ1,24376401W,,,0.0016688976404307496,,,,-0.0023364566966030493,,0.00253116142131997,0.0018749343861629406,,,,0.0014463779550399829,,-0.0018520693326731488,-0.0018520693326731488,,0.000744459241564697,0.0005148124924718582,-0.011682283483015246,,,,,,,0.001054650592216654,0.0007481265284689566,-0.00011168567098534769
317,2026-08-31,600703 CH Equity,CNE000000KB3,27254101W,,-0.001581975888324981,,-0.0017257918781727068,,,,,,0.0018749343861629406,,,,,-0.002109301184433308,0.0018520693326731488,0.0018520693326731488,,-0.0022010099315825826,-0.002024929137055976,,,0.0010331271107428448,,,,,0.001054650592216654,,-4.058516143576484e-06
318,2026-08-31,600704 CH Equity,CNE000000KF4,27248801W,,,,,,,-0.0023364566966030493,,,,,,,-0.002812401579244411,0.002109301184433308,,,,0.000744459241564697,0.0005148124924718582,-0.011682283483015246,,,,,,,-0.002080406647660249,,-0.0004923823587241478
319,2026-08-31,600711 CH Equity,CNE000000KN8,27248201W,,,,,,,,,,,0.0034515837563454136,,,,,,,,,,,,,,,,,,,0.00018982031075017925
320,2026-08-31,600733 CH Equity,CNE000000LP1,32912201W,,0.0015656668585484349,-0.0018520693326731488,0.0017064009581932381,,,-0.0023364566966030493,,-0.00253116142131997,-0.0018983710659899776,,,0.002812401579244411,0.0014463779550399829,,,-0.0018520693326731488,,0.000744459241564697,0.0005148124924718582,-0.011682283483015246,,,-0.002977836966258788,,,0.002664380443494705,-0.002080406647660249,,-0.0007413543076432264
321,2026-08-31,600737 CH Equity,CNE000000LH8,25133501W,,,0.0016688976404307496,,,-0.0025740624623592913,,,-0.00253116142131997,-0.0018983710659899776,,0.0017867021797552728,,0.0014463779550399829,0.002109301184433308,,,,0.000744459241564697,0.0005148124924718582,,-0.004602111675127218,,,-0.002761267005076331,,,,0.0007481265284689566,-0.0004162949706826663
322,2026-08-31,600741 CH Equity,CNE000000M15,26009901W,0.001633007368593529,,,,0.002301055837563609,,,,,,,,,0.0014463779550399829,,0.0018520693326731488,0.0018520693326731488,,0.000744459241564697,0.0005148124924718582,,,,,,,,0.001054650592216654,,0.0003995931677756281
323,2026-08-31,600760 CH Equity,CNE000000MH6,27237701W,-0.001633007368593529,,,,,,0.0023364566966030493,,,-0.0018983710659899776,-0.0033015148973738737,,-0.002812401579244411,,,,,,0.000744459241564697,0.0005148124924718582,,0.0023364566966030493,,-0.002977836966258788,-0.002761267005076331,,-0.003037393705583964,,,-0.0006069299111231567
324,2026-08-31,600795 CH Equity,CNE000000PC0,25134701W,,,-0.0018520693326731488,,,0.001309221424820674,,-0.005423917331399936,,,,,,0.0014463779550399829,,,,,0.000744459241564697,0.0005148124924718582,,,-0.0041045860886269785,,,,,,,-0.0003222670200859646
325,2026-08-31,600803 CH Equity,CNE000000DG7,27234001W,-0.001633007368593529,0.0015656668585484349,-0.0018520693326731488,0.0017064009581932381,0.002301055837563609,0.001309221424820674,,,-0.00253116142131997,-0.0018983710659899776,,,,,,,,,0.000744459241564697,-0.002024929137055976,,,-0.0041045860886269785,,0.002711958665699968,-0.016874409475466465,,0.001054650592216654,,-0.0002454511270747678
326,2026-08-31,600809 CH Equity,CNE000000DH5,24384701W,,,,,,,,,-0.00253116142131997,-0.0018983710659899776,,0.0017867021797552728,,-0.002812401579244411,,,,,,0.0005148124924718582,,,,,,,,,-0.001488918483129394,-0.0002570644254986415
327,2026-08-31,600839 CH Equity,CNE000000GJ4,24385901W,,,,,,,-0.0023364566966030493,,,,,,,0.0014463779550399829,0.002109301184433308,0.0018520693326731488,,,0.000744459241564697,0.0005148124924718582,0.011682283483015246,,,,,,,,-0.001488918483129394,0.00031472596541352546
328,2026-08-31,600845 CH Equity,CNE000000C66,20834501W,-0.001633007368593529,-0.001581975888324981,,-0.0017257918781727068,,-0.0025740624623592913,,,-0.00253116142131997,-0.0018983710659899776,,,,,,,,,0.000744459241564697,0.0005148124924718582,,,-0.0041045860886269785,,,,-0.003037393705583964,0.001054650592216654,-0.001488918483129394,-0.000625761078372939
329,2026-08-31,600862 CH Equity,CNE000000GZ0,27236901W,-0.001633007368593529,-0.001581975888324981,,-0.0017257918781727068,,,0.0023364566966030493,,,-0.0018983710659899776,,0.0017867021797552728,,0.0014463779550399829,,,,,-0.0022010099315825826,-0.002024929137055976,,,,,,,,,,-0.0002160731694677497
330,2026-08-31,600863 CH Equity,CNE000000GN6,24374501W,,,,,0.002301055837563609,,,-0.005423917331399936,-0.00253116142131997,-0.0018983710659899776,-0.0033015148973738737,,,,,,,,0.000744459241564697,0.0005148124924718582,,,0.0010331271107428448,,-0.002761267005076331,0.008437204737733232,,0.001054650592216654,,-0.000338324256780085
331,2026-08-31,600873 CH Equity,CNE000000HP9,21338301W,,,,,,,,,-0.00253116142131997,-0.0018983710659899776,0.0034515837563454136,,,,,,,,,,,,,,,,,,-0.001488918483129394,-5.9545718007909896e-05
332,2026-08-31,600875 CH Equity,CNE000000J28,22146802W,-0.001633007368593529,,,,,,,,,,-0.0033015148973738737,,,-0.002812401579244411,,0.0018520693326731488,0.0018520693326731488,,0.000744459241564697,0.0005148124924718582,,-0.004602111675127218,,,,,,,,-0.0003185551173767758
333,2026-08-31,600879 CH Equity,CNE000000J93,26007601W,-0.001633007368593529,,,,,,,,,,,,,-0.002812401579244411,-0.002109301184433308,0.0018520693326731488,0.0018520693326731488,,-0.0022010099315825826,0.0005148124924718582,,-0.004602111675127218,,,,,,-0.002080406647660249,0.0007481265284689566,-0.0003324580970365202
334,2026-08-31,600885 CH Equity,CNE000000JK6,27245701W,0.001633007368593529,0.0015656668585484349,0.0016688976404307496,0.0017064009581932381,,,0.0023364566966030493,,,-0.0018983710659899776,-0.0033015148973738737,,,,0.002109301184433308,0.0018520693326731488,0.0018520693326731488,,0.000744459241564697,0.0005148124924718582,,-0.004602111675127218,,,,,,,,3.329826356550801e-05
335,2026-08-31,600886 CH Equity,CNE000000JM2,27020201W,,,,,-0.0023364566966030493,,,,0.00253116142131997,0.0018749343861629406,,,0.002812401579244411,,,,,,0.000744459241564697,0.0005148124924718582,-0.011682283483015246,,0.0010331271107428448,,-0.002761267005076331,0.008437204737733232,,,,-0.00021806866941498872
336,2026-08-31,600887 CH Equity,CNE000000JP5,26002901W,0.001633007368593529,0.0015656668585484349,0.0016688976404307496,,,,,,,,,0.0017867021797552728,,,,,,0.003996570665242057,0.000744459241564697,0.0005148124924718582,,0.0023364566966030493,,,,,,0.001054650592216654,0.0007481265284689566,0.0004786965479747958
337,2026-08-31,600893 CH Equity,CNE000000JW1,27233301W,,,,,,,,,,,,,-0.002812401579244411,-0.002812401579244411,-0.002109301184433308,0.0018520693326731488,0.0018520693326731488,,,0.0005148124924718582,,0.0023364566966030493,,,,,,-0.002080406647660249,0.0007481265284689566,-2.5140756610799285e-05
338,2026-08-31,600900 CH Equity,CNE000001G87,25954101W,0.001633007368593529,,0.0016688976404307496,,,0.001309221424820674,,0.010847834662799871,0.00253116142131997,,,,,-0.002812401579244411,,,,0.003996570665242057,-0.0022010099315825826,0.0005148124924718582,,,0.0010331271107428448,,,0.008437204737733232,,-0.002080406647660249,,0.0007728900437686571
339,2026-08-31,600901 CH Equity,CNE100002SX5,32661601W,,,,,0.002301055837563609,-0.0025740624623592913,,,,,,-0.003531853146027865,,-0.002812401579244411,,,,0.003996570665242057,-0.0022010099315825826,-0.002024929137055976,,,,,,,,,,-3.39651910843505e-05
340,2026-08-31,600905 CH Equity,CNE1000051F2,34768301W,-0.001633007368593529,-0.001581975888324981,-0.0018520693326731488,-0.0017257918781727068,-0.0023364566966030493,-0.0025740624623592913,,,,,0.0034515837563454136,,-0.002812401579244411,0.0014463779550399829,,,,,-0.0022010099315825826,-0.002024929137055976,,,0.0010331271107428448,,,,,,,-0.00035997295445259884
341,2026-08-31,600909 CH Equity,CNE100002GR2,32297801W,,,,,,,,,,,,,,0.0014463779550399829,,,,,,0.0005148124924718582,,-0.004602111675127218,,,,,,,0.0007481265284689566,-9.168106733366456e-05
342,2026-08-31,600919 CH Equity,CNE100002G76,32205501W,-0.001633007368593529,0.0015656668585484349,,0.0017064009581932381,-0.0023364566966030493,0.001309221424820674,,,,,,,,,-0.002109301184433308,,,,0.000744459241564697,0.0005148124924718582,,0.0023364566966030493,,,,,,,-0.001488918483129394,-4.139919746792943e-05
343,2026-08-31,600926 CH Equity,CNE100002GQ4,32272701W,-0.001633007368593529,0.0015656668585484349,,0.0017064009581932381,,0.001309221424820674,,,,,,0.0017867021797552728,,,,,,0.003996570665242057,,-0.002024929137055976,,,,,,,,,-0.001488918483129394,0.00011496853148097251
344,2026-08-31,600938 CH Equity,CNE100005980,14254006W,,-0.001581975888324981,-0.0018520693326731488,-0.0017257918781727068,0.002301055837563609,,,-0.005423917331399936,,,,,,,,,,,,,,,0.0010331271107428448,,,,,,,-0.00018758929881341246
345,2026-08-31,600941 CH Equity,CNE1000055G1,06566206W,,,0.0016688976404307496,,,,,-0.005423917331399936,,,,,,,,,,,,,,,0.0010331271107428448,,,,,0.001054650592216654,-0.001488918483129394,-0.00012442748777835078
346,2026-08-31,600958 CH Equity,CNE100001ZV6,31943401W,,-0.001581975888324981,,,,,,,,,,,-0.002812401579244411,,,,,0.003996570665242057,,0.0005148124924718582,,,,,,,,,0.0007481265284689566,5.663950445358715e-05
347,2026-08-31,600985 CH Equity,CNE000001HH4,32942101W,,-0.001581975888324981,,-0.0017257918781727068,-0.0023364566966030493,,,,,,,,,,,,,,,,,,,,,,,,-0.001488918483129394,-0.00032558868482703257
348,2026-08-31,600988 CH Equity,CNE000001H94,27038901W,,,,,,,,,-0.00253116142131997,-0.0018983710659899776,-0.0033015148973738737,,,,,,,,,,,,,,,,,,-0.001488918483129394,-0.00043093328251913015
349,2026-08-31,600989 CH Equity,CNE100003LF5,33190101W,,,0.0016688976404307496,,,,,,0.00253116142131997,0.0018749343861629406,0.0034515837563454136,,,,,,,,,,,,,,,,,,-0.001488918483129394,0.0003736041957784402
350,2026-08-31,600998 CH Equity,CNE100000W45,29569301W,,0.0015656668585484349,,0.0017064009581932381,,,,,,,,0.0017867021797552728,,0.0014463779550399829,,0.0018520693326731488,,,,,,,,,,,,0.001054650592216654,,0.0002504348500333013
351,2026-08-31,600999 CH Equity,CNE100000HK9,29316901W,0.001633007368593529,,,,,,,,,,,,,,,,,,,0.0005148124924718582,,,,,,,,,,6.278187326663368e-05
352,2026-08-31,601006 CH Equity,CNE000001NG4,27832101W,0.001633007368593529,,0.0016688976404307496,,,,,,,,,-0.003531853146027865,,,-0.002109301184433308,,,,-0.0022010099315825826,-0.002024929137055976,,0.0023364566966030493,,-0.002977836966258788,-0.002761267005076331,,-0.003037393705583964,0.001054650592216654,-0.001488918483129394,-0.00047934038777702244
353,2026-08-31,601009 CH Equity,CNE100000627,28587601W,,,,,,0.001309221424820674,,,,,,0.0017867021797552728,,,-0.002109301184433308,,,,0.000744459241564697,-0.002024929137055976,,-0.004602111675127218,,,,,,,,-0.00016676638030853886
354,2026-08-31,601012 CH Equity,CNE100001FR6,31216901W,-0.001633007368593529,-0.001581975888324981,-0.0018520693326731488,-0.0017257918781727068,,,-0.0023364566966030493,,0.00253116142131997,,,,,,,-0.0018520693326731488,-0.0018520693326731488,,0.000744459241564697,0.0005148124924718582,,,-0.0041045860886269785,-0.002977836966258788,-0.002761267005076331,,,0.001054650592216654,-0.001488918483129394,-0.0007886354762074333
355,2026-08-31,601021 CH Equity,CNE100001V45,31888401W,,0.0015656668585484349,,0.0017064009581932381,,,-0.0023364566966030493,,,0.0018749343861629406,0.0034515837563454136,-0.003531853146027865,,0.0014463779550399829,,-0.0018520693326731488,-0.0018520693326731488,,,-0.002024929137055976,,,,0.0029205708707538114,0.002711958665699968,,,0.001054650592216654,-0.001488918483129394,0.0004998141677333598
356,2026-08-31,601058 CH Equity,CNE1000015F7,29815401W,-0.001633007368593529,,,-0.0017257918781727068,,,,,0.00253116142131997,0.0018749343861629406,,,,,,,,-0.003996570665242057,0.000744459241564697,0.0005148124924718582,,,,,,,,,,1.2100706846034267e-05
357,2026-08-31,601066 CH Equity,CNE1000031T5,32298603W,,0.0015656668585484349,,0.0017064009581932381,-0.0023364566966030493,,,,,,,,,0.0014463779550399829,,,,,,0.0005148124924718582,,0.0023364566966030493,,,,,,,,6.863063677908806e-05
358,2026-08-31,601077 CH Equity,CNE100003NZ9,29631103W,,,,-0.0017257918781727068,,0.001309221424820674,,,,,,-0.003531853146027865,,,-0.002109301184433308,,,-0.003996570665242057,-0.0022010099315825826,0.0005148124924718582,,-0.004602111675127218,,,,,,,-0.001488918483129394,-0.0004706291532336574
359,2026-08-31,601088 CH Equity,CNE100000767,27315302W,,,,,,,,,,,,,,,,,0.0018520693326731488,,,,,,0.0010331271107428448,,0.002711958665699968,0.008437204737733232,0.002664380443494705,,,0.00048472931805333783
360,2026-08-31,601099 CH Equity,CNE1000008V9,28774601W,,,,,,,,,,,,,-0.002812401579244411,0.0014463779550399829,0.002109301184433308,,,,,0.0005148124924718582,,,,,,,,,0.0007481265284689566,6.807200613742211e-05
361,2026-08-31,601100 CH Equity,CNE1000019R4,30319201W,,,,,0.002301055837563609,,0.0023364566966030493,,,,,,,,,-0.0018520693326731488,,,-0.0022010099315825826,-0.002024929137055976,,,,0.0029205708707538114,0.002711958665699968,,,,0.0007481265284689566,0.0004978471933568266
362,2026-08-31,601108 CH Equity,CNE100002V44,32572501W,,,,,,,,,,,,,-0.002812401579244411,-0.002812401579244411,0.002109301184433308,,,0.003996570665242057,,0.0005148124924718582,,,,,,,,,0.0007481265284689566,0.00010068118538255591
363,2026-08-31,601111 CH Equity,CNE000001NN0,27146702W,-0.001633007368593529,-0.001581975888324981,0.0016688976404307496,-0.0017257918781727068,,,-0.0023364566966030493,,,,,,,0.0014463779550399829,,-0.0018520693326731488,-0.0018520693326731488,,0.000744459241564697,0.0005148124924718582,,,,,,,0.002664380443494705,0.001054650592216654,-0.001488918483129394,-0.0001597850757722032
364,2026-08-31,601117 CH Equity,CNE100000KC0,29361201W,,,,,,,,,,,,0.0017867021797552728,,0.0014463779550399829,0.002109301184433308,0.0018520693326731488,0.0018520693326731488,,0.000744459241564697,0.0005148124924718582,,0.0023364566966030493,,0.0029205708707538114,0.002711958665699968,,-0.003037393705583964,0.001054650592216654,0.0007481265284689566,0.0006766726159463464
365,2026-08-31,601127 CH Equity,CNE1000028B9,32180201W,-0.001633007368593529,-0.001581975888324981,-0.0018520693326731488,-0.0017257918781727068,,,,,,,,,,0.0014463779550399829,0.002109301184433308,-0.0018520693326731488,-0.0018520693326731488,,0.000744459241564697,0.0005148124924718582,0.011682283483015246,,,0.0029205708707538114,,,,0.001054650592216654,,0.0003660916815704058
366,2026-08-31,601128 CH Equity,CNE100002RJ6,32256201W,-0.001633007368593529,-0.001581975888324981,,-0.0017257918781727068,0.002301055837563609,0.001309221424820674,,,,,,,,,,,,,0.000744459241564697,0.0005148124924718582,,,,,,,,,-0.001488918483129394,1.4127250390871411e-05
367,2026-08-31,601138 CH Equity,CNE1000031P3,32738601W,,,0.0016688976404307496,,,0.001309221424820674,,,0.00253116142131997,0.0018749343861629406,,,,,0.002109301184433308,0.0018520693326731488,0.0018520693326731488,,0.000744459241564697,0.0005148124924718582,,,0.0010331271107428448,,0.002711958665699968,,-0.003037393705583964,0.001054650592216654,0.0007481265284689566,0.0006797717976406868
368,2026-08-31,601162 CH Equity,CNE100003F43,32806701W,,,,,,,,,,,,,-0.002812401579244411,0.0014463779550399829,,,,0.003996570665242057,,-0.002024929137055976,,,,,,,,,0.0007481265284689566,6.222079591230709e-05
369,2026-08-31,601166 CH Equity,CNE000001QZ7,28248301W,,,,,,0.001309221424820674,,,,,,,,,,,,-0.003996570665242057,0.000744459241564697,-0.002024929137055976,,,,,,,,,,-9.477337950466665e-05
370,2026-08-31,601168 CH Equity,CNE100000619,28541101W,0.001633007368593529,0.0015656668585484349,0.0016688976404307496,0.0017064009581932381,0.002301055837563609,,,,0.00253116142131997,0.0018749343861629406,,,,,,0.0018520693326731488,,,,,,,,,,,,,0.0007481265284689566,0.0006244721266299098
371,2026-08-31,601169 CH Equity,CNE100000734,28610901W,-0.001633007368593529,,,,-0.0023364566966030493,0.001309221424820674,,,,,,0.0017867021797552728,,,-0.002109301184433308,,,0.003996570665242057,-0.0022010099315825826,-0.002024929137055976,,,,,,,,,-0.001488918483129394,-0.00024837570390658537
372,2026-08-31,601179 CH Equity,CNE100000KW8,29372801W,,,,,,,0.0023364566966030493,,,,,0.0017867021797552728,0.002812401579244411,0.0014463779550399829,,,0.0018520693326731488,,,0.0005148124924718582,,,,-0.002977836966258788,-0.002761267005076331,,,,0.0007481265284689566,-0.00012077252853279209
373,2026-08-31,601186 CH Equity,CNE1000009T1,28841402W,-0.001633007368593529,,,-0.0017257918781727068,,,-0.0023364566966030493,,,,,,-0.002812401579244411,-0.002812401579244411,,0.0018520693326731488,,,0.000744459241564697,0.0005148124924718582,,0.0023364566966030493,,,,,,-0.002080406647660249,,-0.00023467058754875704
374,2026-08-31,601198 CH Equity,CNE100002177,31928401W,,,,,,0.001309221424820674,,,,,,,0.002812401579244411,-0.002812401579244411,,,,0.003996570665242057,,0.0005148124924718582,,0.0023364566966030493,,,,,,,0.0007481265284689566,0.0002632922954043848
375,2026-08-31,601211 CH Equity,CNE1000022F3,31995701W,0.001633007368593529,,,,,-0.0025740624623592913,,,,,,,0.002812401579244411,0.0014463779550399829,,,,,,0.0005148124924718582,,0.0023364566966030493,,,,,,,,0.00012307003981157998
376,2026-08-31,601212 CH Equity,CNE100002RP3,32355301W,,,,,,,,,,,,,,,,0.0018520693326731488,0.0018520693326731488,,,,,,,,,,,,0.0007481265284689566,0.00011375959540852338
377,2026-08-31,601216 CH Equity,CNE1000010F8,29686701W,,,,,,,,,,,,,,,,,,,,,,,,,,,,,,0.0
378,2026-08-31,601225 CH Equity,CNE100001T64,31705701W,-0.001633007368593529,,,,-0.0023364566966030493,,,,,,,,,,,,,,,,,,0.0010331271107428448,,,0.008437204737733232,,,-0.001488918483129394,-7.440079444316766e-05
379,2026-08-31,601229 CH Equity,CNE100002FM5,32288601W,,,,,,0.001309221424820674,,,,,,0.0017867021797552728,,,-0.002109301184433308,,,0.003996570665242057,0.000744459241564697,-0.002024929137055976,,,,,,,,,-0.001488918483129394,3.569634293660422e-05
380,2026-08-31,601231 CH Equity,CNE100001BZ8,31164401W,-0.001633007368593529,-0.001581975888324981,,-0.0017257918781727068,,0.001309221424820674,,,,,,,,,0.002109301184433308,0.0018520693326731488,,,0.000744459241564697,0.0005148124924718582,,,-0.0041045860886269785,,,,0.002664380443494705,0.001054650592216654,0.0007481265284689566,-4.441450508516959e-06
381,2026-08-31,601233 CH Equity,CNE1000012X7,29730101W,0.001633007368593529,,-0.0018520693326731488,,,,,,,-0.0018983710659899776,-0.0033015148973738737,,,,,,,,,,,,,,,,,,0.0007481265284689566,-0.0002452365059373837
382,2026-08-31,601288 CH Equity,CNE100000RJ0,26978301W,0.001633007368593529,-0.001581975888324981,,-0.0017257918781727068,-0.0023364566966030493,0.001309221424820674,,,,,,,,,-0.002109301184433308,,,,,0.0005148124924718582,,,,,,,,,,-0.00020094789727129403
383,2026-08-31,601318 CH Equity,CNE000001R84,16070902W,,,,,0.002301055837563609,,,,,,,0.0017867021797552728,0.002812401579244411,0.0014463779550399829,0.002109301184433308,,,0.003996570665242057,0.000744459241564697,0.0005148124924718582,,,,,,,,,,0.00041967236581908634
384,2026-08-31,601319 CH Equity,CNE100003F27,31421406W,,,,,0.002301055837563609,0.001309221424820674,,,,,,0.0017867021797552728,,,0.002109301184433308,,,,0.000744459241564697,0.0005148124924718582,,,,,,,,,,0.00029623129171312993
385,2026-08-31,601328 CH Equity,CNE1000000S2,26746202W,,,,,,,,,,,,-0.003531853146027865,-0.002812401579244411,,-0.002109301184433308,,,-0.003996570665242057,0.000744459241564697,-0.002024929137055976,,,,,,,,,-0.001488918483129394,-0.0003257153577711054
386,2026-08-31,601336 CH Equity,CNE1000019Y0,31039501W,0.001633007368593529,0.0015656668585484349,,0.0017064009581932381,0.002301055837563609,0.001309221424820674,,,,,,0.0017867021797552728,,,,,,,0.000744459241564697,0.0005148124924718582,,,,,,,,,0.0007481265284689566,0.000442359017428316
387,2026-08-31,601360 CH Equity,CNE100002RZ2,18671701W,,,,,,0.001309221424820674,,,,,,,,,-0.002109301184433308,,,,-0.0022010099315825826,-0.002024929137055976,,,-0.0041045860886269785,0.0029205708707538114,0.002711958665699968,,,,,0.0001168823996010168
388,2026-08-31,601377 CH Equity,CNE100000V95,29537901W,-0.001633007368593529,-0.001581975888324981,,-0.0017257918781727068,,,,,,,,,,0.0014463779550399829,,,,,,0.0005148124924718582,,0.0023364566966030493,,,,,,,0.0007481265284689566,-9.420338781504802e-06
389,2026-08-31,601390 CH Equity,CNE100000866,28731101W,-0.001633007368593529,-0.001581975888324981,,-0.0017257918781727068,,,-0.0023364566966030493,,,,,,-0.002812401579244411,,,0.0018520693326731488,0.0018520693326731488,,0.000744459241564697,0.0005148124924718582,,0.0023364566966030493,,,,,-0.003037393705583964,,,-0.0001591309580823769
390,2026-08-31,601398 CH Equity,CNE000001P37,27937802W,,,,0.0017064009581932381,,,,,,,,-0.003531853146027865,,,-0.002109301184433308,,,,-0.0022010099315825826,0.0005148124924718582,,,,,,,,,-0.001488918483129394,-0.00013473394828495238
391,2026-08-31,601456 CH Equity,CNE1000041D8,32001602W,,,,,,,,,,,,0.0017867021797552728,0.002812401579244411,-0.002812401579244411,,,,,0.000744459241564697,0.0005148124924718582,,,,,,,,,0.0007481265284689566,8.145628442915385e-05
392,2026-08-31,601555 CH Equity,CNE1000019P8,31039601W,-0.001633007368593529,0.0015656668585484349,,0.0017064009581932381,0.002301055837563609,,,,,,,,,0.0014463779550399829,,,,,,0.0005148124924718582,,0.0023364566966030493,,,,,,,0.0007481265284689566,0.0003619875199553248
393,2026-08-31,601577 CH Equity,CNE100003F50,32832601W,,-0.001581975888324981,,-0.0017257918781727068,0.002301055837563609,0.001309221424820674,,,,,,,,,-0.002109301184433308,,,-0.003996570665242057,0.000744459241564697,0.0005148124924718582,,0.0023364566966030493,,,,,,,,6.03252343177148e-05
394,2026-08-31,601600 CH Equity,CNE1000000T0,14635202W,-0.001633007368593529,-0.001581975888324981,-0.0018520693326731488,-0.0017257918781727068,,,,,0.00253116142131997,0.0018749343861629406,,,,,,,,,,,,,,,,,,,0.0007481265284689566,9.100580691883184e-07
395,2026-08-31,601601 CH Equity,CNE1000008M8,28768601W,0.001633007368593529,-0.001581975888324981,,-0.0017257918781727068,0.002301055837563609,0.001309221424820674,,,,,,0.0017867021797552728,,0.0014463779550399829,0.002109301184433308,,,,0.000744459241564697,0.0005148124924718582,,,,,,,,,,0.00026019760505067866
396,2026-08-31,601607 CH Equity,CNE000000C82,26012601W,,,0.0016688976404307496,-0.0017257918781727068,,,,,,,,0.0017867021797552728,,,,0.0018520693326731488,0.0018520693326731488,0.003996570665242057,,,,,,,,,,0.001054650592216654,0.0007481265284689566,0.0002911222343706032
397,2026-08-31,601615 CH Equity,CNE100003HQ0,33080601W,0.001633007368593529,-0.001581975888324981,,-0.0017257918781727068,0.002301055837563609,,,,,,-0.0033015148973738737,,,-0.002812401579244411,,,-0.0018520693326731488,,0.000744459241564697,0.0005148124924718582,,-0.004602111675127218,,,,,,-0.002080406647660249,,-0.00040971695116705074
398,2026-08-31,601618 CH Equity,CNE100000FX6,29267601W,,,,,-0.0023364566966030493,,,,,0.0018749343861629406,0.0034515837563454136,0.0017867021797552728,-0.002812401579244411,0.0014463779550399829,,0.0018520693326731488,,,0.000744459241564697,0.0005148124924718582,,0.0023364566966030493,,,,,,0.001054650592216654,,0.0003311220259756625
399,2026-08-31,601628 CH Equity,CNE000001Q93,25950302W,,0.0015656668585484349,,0.0017064009581932381,,0.001309221424820674,,,,,,0.0017867021797552728,,,0.002109301184433308,,,,0.000744459241564697,0.0005148124924718582,,,,,,,,,-0.001488918483129394,0.00018940150415806334
400,2026-08-31,601658 CH Equity,CNE100003PZ4,32249402W,,-0.001581975888324981,,-0.0017257918781727068,,0.001309221424820674,,,,,,,,,,,,,0.000744459241564697,0.0005148124924718582,,,,,,,,,,-3.2572096762723227e-05
401,2026-08-31,601665 CH Equity,CNE100005154,34857501W,,,,,,,,,,,,,,,-0.002109301184433308,,,,,-0.002024929137055976,,0.0023364566966030493,,,,,,,,-1.3891224636294476e-05
402,2026-08-31,601668 CH Equity,CNE100000F46,29243101W,-0.001633007368593529,0.0015656668585484349,,0.0017064009581932381,-0.0023364566966030493,,-0.0023364566966030493,,,,,0.0017867021797552728,-0.002812401579244411,,,0.0018520693326731488,,,0.000744459241564697,0.0005148124924718582,,0.0023364566966030493,,,,,,,,-4.74170691968429e-05
403,2026-08-31,601669 CH Equity,CNE1000017G1,30319701W,,,,,,,-0.0023364566966030493,,,,,,,0.0014463779550399829,,0.0018520693326731488,0.0018520693326731488,,0.000744459241564697,0.0005148124924718582,,,,,,,,,-0.001488918483129394,-6.0894688776472835e-06
404,2026-08-31,601688 CH Equity,CNE100000LQ8,29404801W,0.001633007368593529,,,,,-0.0025740624623592913,,,,,,,-0.002812401579244411,,,,,,,0.0005148124924718582,,-0.004602111675127218,,,,,,,0.0007481265284689566,-0.00019020168312807275
405,2026-08-31,601689 CH Equity,CNE1000023J3,31939401W,,0.0015656668585484349,,0.0017064009581932381,0.002301055837563609,,,,0.00253116142131997,0.0018749343861629406,,,,,,,,,,0.0005148124924718582,,,,,,,,,0.0007481265284689566,0.0004952740714083679
406,2026-08-31,601696 CH Equity,CNE100003R64,33709101W,,-0.001581975888324981,,-0.0017257918781727068,,-0.0025740624623592913,,,,,,,-0.002812401579244411,0.0014463779550399829,,,,0.003996570665242057,,0.0005148124924718582,,,,,,,,,0.0007481265284689566,-6.225815076186341e-05
407,2026-08-31,601698 CH Equity,CNE100003PX9,33276601W,,,,,,,,-0.005423917331399936,,,,-0.003531853146027865,,0.0014463779550399829,,,,,,,,-0.004602111675127218,-0.0041045860886269785,,,-0.016874409475466465,,,0.0007481265284689566,-0.0008234509808270995
408,2026-08-31,601699 CH Equity,CNE000001NT7,27871801W,,,0.0016688976404307496,,,,,0.010847834662799871,,,,,,,,-0.0018520693326731488,,,,,,,-0.0041045860886269785,,-0.002761267005076331,-0.016874409475466465,,,0.0007481265284689566,-0.00017965524287161103
409,2026-08-31,601717 CH Equity,CNE100000S58,29504101W,,,,,,,,,,0.0018749343861629406,,0.0017867021797552728,-0.002812401579244411,-0.002812401579244411,0.002109301184433308,,,,0.000744459241564697,0.0005148124924718582,,0.0023364566966030493,,,,,,0.001054650592216654,,0.00022901841926142454
410,2026-08-31,601727 CH Equity,CNE100000D55,27283602W,0.001633007368593529,0.0015656668585484349,,0.0017064009581932381,,,,,,,,0.0017867021797552728,0.002812401579244411,0.0014463779550399829,-0.002109301184433308,,,,0.000744459241564697,0.0005148124924718582,,-0.004602111675127218,,,,,,0.001054650592216654,,0.00013322854876222524
411,2026-08-31,601728 CH Equity,CNE100004QG0,25433805W,,,0.0016688976404307496,,,,-0.0023364566966030493,-0.005423917331399936,,-0.0018983710659899776,,,,0.0014463779550399829,,,,,,,,,0.0010331271107428448,,,0.008437204737733232,,0.001054650592216654,,-5.7941756476035675e-05
412,2026-08-31,601766 CH Equity,CNE100000CP9,28945301W,,,,,-0.0023364566966030493,,,,,-0.0018983710659899776,,0.0017867021797552728,,0.0014463779550399829,,0.0018520693326731488,0.0018520693326731488,,0.000744459241564697,0.0005148124924718582,,,,0.0029205708707538114,0.002711958665699968,,,0.001054650592216654,,0.00035812701092204687
413,2026-08-31,601777 CH Equity,CNE100000X10,29587201W,,,,,,,,,,,,,0.002812401579244411,0.0014463779550399829,-0.002109301184433308,-0.0018520693326731488,-0.0018520693326731488,,-0.0022010099315825826,0.0005148124924718582,-0.011682283483015246,,,-0.002977836966258788,,,,,-0.001488918483129394,-0.0006840150425425566
414,2026-08-31,601788 CH Equity,CNE100000FD8,29246801W,,,,,-0.0023364566966030493,-0.0025740624623592913,,,,,,,,,,,,0.003996570665242057,,0.0005148124924718582,,-0.004602111675127218,,,,,,,0.0007481265284689566,-0.00025420172398454507
415,2026-08-31,601799 CH Equity,CNE1000011H2,29652801W,0.001633007368593529,0.0015656668585484349,0.0016688976404307496,0.0017064009581932381,,,0.0023364566966030493,,-0.00253116142131997,-0.0018983710659899776,,,-0.002812401579244411,,,,,,0.000744459241564697,0.0005148124924718582,,,,,,,,0.001054650592216654,,0.00015691855208839034
416,2026-08-31,601800 CH Equity,CNE100001FN5,28200502W,,,,-0.0017257918781727068,-0.0023364566966030493,,-0.0023364566966030493,,,,,0.0017867021797552728,-0.002812401579244411,-0.002812401579244411,-0.002109301184433308,0.0018520693326731488,0.0018520693326731488,,0.000744459241564697,0.0005148124924718582,,,,,,,-0.003037393705583964,-0.002080406647660249,,-0.00046749310592101337
417,2026-08-31,601816 CH Equity,CNE100003RV9,33678201W,,,,,,,,,,0.0018749343861629406,,0.0017867021797552728,,0.0014463779550399829,-0.002109301184433308,,,,-0.0022010099315825826,-0.002024929137055976,,,,,,,,0.001054650592216654,-0.001488918483129394,-2.7943054685160832e-05
418,2026-08-31,601818 CH Equity,CNE100000SL4,26978401W,-0.001633007368593529,,,,-0.0023364566966030493,,,,,,,,,,-0.002109301184433308,,,-0.003996570665242057,,-0.002024929137055976,,,,,,,,,,-0.0004037485674318725
419,2026-08-31,601825 CH Equity,CNE100004QD7,31861901W,,,,,,0.001309221424820674,,,,,,,,,,,,,,0.0005148124924718582,,,,,,,,,,5.6561002134628706e-05
420,2026-08-31,601838 CH Equity,CNE100002SN6,32652701W,-0.001633007368593529,,,,,0.001309221424820674,,,,,,,,,,,,,-0.0022010099315825826,0.0005148124924718582,,0.0023364566966030493,,,,,,,-0.001488918483129394,-2.903668827653984e-05
421,2026-08-31,601857 CH Equity,CNE1000007Q1,13387003W,,,-0.0018520693326731488,,-0.0023364566966030493,,,-0.005423917331399936,,,,,,,,0.0018520693326731488,0.0018520693326731488,,,,,,0.0010331271107428448,,,,,,,-0.00030735189759889146
422,2026-08-31,601868 CH Equity,CNE100004QL0,32082704W,,,,,,,-0.0023364566966030493,,,,-0.0033015148973738737,,,-0.002812401579244411,,0.0018520693326731488,0.0018520693326731488,,0.000744459241564697,0.0005148124924718582,,0.0023364566966030493,,,,,0.002664380443494705,-0.002080406647660249,-0.001488918483129394,-0.00022106584823083718
423,2026-08-31,601869 CH Equity,CNE1000036B2,31877303W,0.001633007368593529,0.0015656668585484349,0.0016688976404307496,0.0017064009581932381,,-0.0025740624623592913,,,0.00253116142131997,,,,,,,0.0018520693326731488,0.0018520693326731488,,0.000744459241564697,0.0005148124924718582,,,-0.0041045860886269785,-0.002977836966258788,-0.002761267005076331,,,,-0.001488918483129394,-0.0002426659794339649
424,2026-08-31,601872 CH Equity,CNE000001PQ8,28153901W,,-0.001581975888324981,,-0.0017257918781727068,,,,-0.005423917331399936,,,,,,,,,,,,,,,0.0010331271107428448,,,,,,,-0.0002824491189654483
425,2026-08-31,601877 CH Equity,CNE100000KD8,29373001W,0.001633007368593529,,,,,,-0.0023364566966030493,,,0.0018749343861629406,0.0034515837563454136,0.0017867021797552728,0.002812401579244411,0.0014463779550399829,,,,,0.000744459241564697,0.0005148124924718582,,-0.004602111675127218,,,,,,0.001054650592216654,0.0007481265284689566,0.00027891613442900513
426,2026-08-31,601878 CH Equity,CNE100002R65,32478801W,-0.001633007368593529,,,,,-0.0025740624623592913,,,,,,,0.002812401579244411,,,,,,,0.0005148124924718582,,-0.004602111675127218,,,,,,,0.0007481265284689566,-0.00020874309841539332
427,2026-08-31,601881 CH Equity,CNE100002FG7,31539405W,,,,,,-0.0025740624623592913,,,,,,0.0017867021797552728,-0.002812401579244411,,,,,,0.000744459241564697,0.0005148124924718582,,,,,,,,,,-6.54366933973833e-05
428,2026-08-31,601888 CH Equity,CNE100000G29,29278401W,,,,,,,,,,,,,-0.002812401579244411,,,-0.0018520693326731488,-0.0018520693326731488,,-0.0022010099315825826,-0.002024929137055976,,,,,,,,,-0.001488918483129394,-0.00029549542114501204
429,2026-08-31,601899 CH Equity,CNE100000B24,25954302W,,,-0.0018520693326731488,,,,,,-0.00253116142131997,,,,,,,,,,,,,,,,,,,,0.0007481265284689566,-0.00013802333219624022
430,2026-08-31,601901 CH Equity,CNE1000015Y8,29838601W,,,,,,-0.0025740624623592913,,,,,,,0.002812401579244411,-0.002812401579244411,,,,,,0.0005148124924718582,,,,,,,,,0.0007481265284689566,-4.691525586683292e-05
431,2026-08-31,601919 CH Equity,CNE100000601,27324002W,-0.001633007368593529,0.0015656668585484349,0.0016688976404307496,0.0017064009581932381,-0.0023364566966030493,,,,,,0.0034515837563454136,-0.003531853146027865,,0.0014463779550399829,,-0.0018520693326731488,-0.0018520693326731488,,,0.0005148124924718582,,0.0023364566966030493,,0.0029205708707538114,0.002711958665699968,,-0.003037393705583964,0.001054650592216654,0.0007481265284689566,0.0005205836860752982
432,2026-08-31,601933 CH Equity,CNE100000XX9,29598701W,,-0.001581975888324981,,,0.002301055837563609,0.001309221424820674,,-0.005423917331399936,,,,,,0.0014463779550399829,0.002109301184433308,,,,0.000744459241564697,0.0005148124924718582,,0.0023364566966030493,,,-0.002761267005076331,,,-0.002080406647660249,0.0007481265284689566,-0.00015254308021872705
433,2026-08-31,601939 CH Equity,CNE100000742,27436402W,0.001633007368593529,,,,-0.0023364566966030493,0.001309221424820674,,,,,,,,,-0.002109301184433308,,,,-0.0022010099315825826,0.0005148124924718582,,,,,,,,,-0.001488918483129394,-0.00020963883313669695
434,2026-08-31,601958 CH Equity,CNE1000009Y1,28865301W,,,,,,,,,-0.00253116142131997,,,,,,,,,,,,,,,,,,,,,-0.00010769267722191459
435,2026-08-31,601985 CH Equity,CNE1000022N7,31983201W,,-0.001581975888324981,0.0016688976404307496,-0.0017257918781727068,,,,-0.005423917331399936,,,,,,0.0014463779550399829,,,,-0.003996570665242057,,0.0005148124924718582,,,0.0010331271107428448,,,,,-0.002080406647660249,,-0.0004006194307945028
436,2026-08-31,601988 CH Equity,CNE000001N05,26746102W,0.001633007368593529,,,,,,,,,,,,,,,,,-0.003996570665242057,0.000744459241564697,0.0005148124924718582,,,,,,,,,-0.001488918483129394,-7.96610269133766e-05
437,2026-08-31,601990 CH Equity,CNE1000031R9,32741601W,,,,,,-0.0025740624623592913,,,,,,,-0.002812401579244411,-0.002812401579244411,,,,,,0.0005148124924718582,,,,,,,,,0.0007481265284689566,-0.0001262540129466057
438,2026-08-31,601991 CH Equity,CNE000001Q02,21350202W,,0.0015656668585484349,,0.0017064009581932381,-0.0023364566966030493,0.001309221424820674,,-0.005423917331399936,,0.0018749343861629406,,,,0.0014463779550399829,,,,,0.000744459241564697,0.0005148124924718582,0.011682283483015246,,0.0010331271107428448,,0.002711958665699968,0.008437204737733232,,0.001054650592216654,,0.0006763814133683297
439,2026-08-31,601995 CH Equity,CNE1000048J0,32067606W,0.001633007368593529,0.0015656668585484349,,0.0017064009581932381,,,,,,,,,,0.0014463779550399829,,,,0.003996570665242057,,0.0005148124924718582,,,,,,,,,,0.00029687176596754176
440,2026-08-31,601998 CH Equity,CNE1000000R4,28445801W,,,,,,0.001309221424820674,,,,,,-0.003531853146027865,,,,,,-0.003996570665242057,0.000744459241564697,0.0005148124924718582,,,,,,,,,-0.001488918483129394,-0.00013478564565673373
441,2026-08-31,603019 CH Equity,CNE100001TW7,31862501W,,,0.0016688976404307496,-0.0017257918781727068,,,0.0023364566966030493,,,,,,,,,0.0018520693326731488,0.0018520693326731488,,,0.0005148124924718582,,,0.0010331271107428448,0.0029205708707538114,0.002711958665699968,,,,,0.0005965232684880968
442,2026-08-31,603083 CH Equity,CNE100002TS3,32590301W,,,,,,,,,,,,,,,,,,,0.000744459241564697,0.0005148124924718582,,,0.0010331271107428448,,,,0.002664380443494705,-0.002080406647660249,0.0007481265284689566,5.707980810856794e-05
443,2026-08-31,603119 CH Equity,CNE100006M74,35806301W,,-0.001581975888324981,,-0.0017257918781727068,,,0.0023364566966030493,,,,0.0034515837563454136,-0.003531853146027865,,,,,,,-0.0022010099315825826,-0.002024929137055976,,,,0.0029205708707538114,0.002711958665699968,,,,,0.000384988030815782
444,2026-08-31,603129 CH Equity,CNE100002W84,32524101W,,0.0015656668585484349,0.0016688976404307496,0.0017064009581932381,,,0.0023364566966030493,,,,,,0.002812401579244411,0.0014463779550399829,0.002109301184433308,,,-0.003996570665242057,0.000744459241564697,0.0005148124924718582,-0.011682283483015246,,,,,,0.002664380443494705,0.001054650592216654,0.0007481265284689566,0.000107108284175392
445,2026-08-31,603160 CH Equity,CNE100002G84,32266101W,,-0.001581975888324981,,-0.0017257918781727068,,0.001309221424820674,0.0023364566966030493,,,,,,,,,-0.0018520693326731488,,,,0.0005148124924718582,,,0.0010331271107428448,0.0029205708707538114,0.002711958665699968,,,0.001054650592216654,-0.001488918483129394,0.0004061841968578772
446,2026-08-31,603179 CH Equity,CNE100002YB9,32373801W,,,0.0016688976404307496,,0.002301055837563609,,,,0.00253116142131997,0.0018749343861629406,,,0.002812401579244411,-0.002812401579244411,,,,,0.000744459241564697,0.0005148124924718582,0.011682283483015246,,,,,,,,0.0007481265284689566,0.000779529053276711
447,2026-08-31,603228 CH Equity,CNE100002FZ7,32325201W,,,,,,,,,0.00253116142131997,0.0018749343861629406,,,,,,0.0018520693326731488,0.0018520693326731488,,0.000744459241564697,0.0005148124924718582,,,0.0010331271107428448,0.0029205708707538114,,,,0.001054650592216654,0.0007481265284689566,0.0006198455565195884
448,2026-08-31,603259 CH Equity,CNE1000031K4,32714001W,0.001633007368593529,,0.0016688976404307496,,,0.001309221424820674,,,,,,,0.002812401579244411,-0.002812401579244411,,,,,,,,,,,,,,,,0.00013927193182809315
449,2026-08-31,603260 CH Equity,CNE100002V10,32572201W,,,,,,,,,,,,,,,,-0.0018520693326731488,-0.0018520693326731488,,,,,,,,,,,,-0.001488918483129394,-0.00014331063719774355
450,2026-08-31,603288 CH Equity,CNE100001SL2,31713601W,0.001633007368593529,0.0015656668585484349,0.0016688976404307496,,,0.001309221424820674,,,,,-0.0033015148973738737,,,,,,,,,0.0005148124924718582,,0.0023364566966030493,,,,,,-0.002080406647660249,-0.001488918483129394,-5.822562982825849e-05
451,2026-08-31,603296 CH Equity,CNE100006M82,35777801W,0.001633007368593529,,0.0016688976404307496,0.0017064009581932381,,0.001309221424820674,,,,,,,,,0.002109301184433308,0.0018520693326731488,,,0.000744459241564697,0.0005148124924718582,,,0.0010331271107428448,,,,-0.003037393705583964,,,0.0002833763815970509
452,2026-08-31,603298 CH Equity,CNE100002FY0,32317601W,,,,,-0.0023364566966030493,,,,,,,0.0017867021797552728,-0.002812401579244411,,0.002109301184433308,,,,0.000744459241564697,0.0005148124924718582,,,,0.0029205708707538114,0.002711958665699968,,,,0.0007481265284689566,0.00030869939428934944
453,2026-08-31,603308 CH Equity,CNE100001SN8,31699001W,,0.0015656668585484349,,,,,-0.0023364566966030493,,,,,-0.003531853146027865,,-0.002812401579244411,-0.002109301184433308,0.0018520693326731488,0.0018520693326731488,,-0.0022010099315825826,-0.002024929137055976,,,,,,,,-0.002080406647660249,0.0007481265284689566,-0.0002798853705260127
454,2026-08-31,603338 CH Equity,CNE1000023M7,31944801W,,,,,-0.0023364566966030493,,,,,,,,,,,,,,-0.0022010099315825826,-0.002024929137055976,,,,,,,,0.001054650592216654,0.0007481265284689566,-0.00018567247517073477
455,2026-08-31,603345 CH Equity,CNE100002YQ7,32356401W,0.001633007368593529,,,,0.002301055837563609,,,,,-0.0018983710659899776,-0.0033015148973738737,,,0.0014463779550399829,,,,,0.000744459241564697,0.0005148124924718582,,0.0023364566966030493,,,-0.002761267005076331,,,0.001054650592216654,,-5.6872020114564555e-05
456,2026-08-31,603369 CH Equity,CNE100001TH8,31795301W,,,,,-0.0023364566966030493,0.001309221424820674,,-0.005423917331399936,-0.00253116142131997,,,-0.003531853146027865,,-0.002812401579244411,-0.002109301184433308,,,-0.003996570665242057,-0.0022010099315825826,-0.002024929137055976,,-0.004602111675127218,,,,,,,-0.001488918483129394,-0.0010031621774304164
457,2026-08-31,603486 CH Equity,CNE1000031N8,32732601W,,,,,-0.0023364566966030493,,,,,,,,-0.002812401579244411,,0.002109301184433308,-0.0018520693326731488,-0.0018520693326731488,,0.000744459241564697,0.0005148124924718582,-0.011682283483015246,,,,,,-0.003037393705583964,0.001054650592216654,,-0.0005495062904873095
458,2026-08-31,603501 CH Equity,CNE100002XM8,32414701W,-0.001633007368593529,,,,,0.001309221424820674,,,-0.00253116142131997,-0.0018983710659899776,,,,,,-0.0018520693326731488,-0.0018520693326731488,,0.000744459241564697,0.0005148124924718582,,,0.0010331271107428448,,,,-0.003037393705583964,0.001054650592216654,,-0.00022637599226043057
459,2026-08-31,603568 CH Equity,CNE1000023N5,31977701W,,,,,,,,,,0.0018749343861629406,0.0034515837563454136,-0.003531853146027865,-0.002812401579244411,0.0014463779550399829,-0.002109301184433308,,,,-0.0022010099315825826,-0.002024929137055976,,,,0.0029205708707538114,0.002711958665699968,,-0.003037393705583964,0.001054650592216654,-0.001488918483129394,0.00035397197785925203
460,2026-08-31,603605 CH Equity,CNE100002TP9,32595101W,,,,,,,,,,,0.0034515837563454136,0.0017867021797552728,,,0.002109301184433308,,,,0.000744459241564697,0.0005148124924718582,,0.0023364566966030493,,,0.002711958665699968,,,0.001054650592216654,0.0007481265284689566,0.0006394958210373824
461,2026-08-31,603606 CH Equity,CNE100001T23,31851701W,,,,,,,,,,-0.0018983710659899776,,,-0.002812401579244411,,0.002109301184433308,-0.0018520693326731488,,,0.000744459241564697,0.0005148124924718582,,-0.004602111675127218,,,,,-0.003037393705583964,,-0.001488918483129394,-0.00037870758019438005
462,2026-08-31,603659 CH Equity,CNE100002TX3,32579001W,,,,,0.002301055837563609,,,,0.00253116142131997,0.0018749343861629406,,,,,,,,,,,,,,,,,,,,0.00034398967588059385
463,2026-08-31,603799 CH Equity,CNE100001VW3,31912901W,0.001633007368593529,0.0015656668585484349,-0.0018520693326731488,0.0017064009581932381,,,,,,0.0018749343861629406,-0.0033015148973738737,-0.003531853146027865,,-0.002812401579244411,,,,,0.000744459241564697,0.0005148124924718582,,-0.004602111675127218,,-0.002977836966258788,-0.002761267005076331,,-0.003037393705583964,,,-0.000681468378603326
464,2026-08-31,603806 CH Equity,CNE100001VX1,31833601W,,,,,,,,,,-0.0018983710659899776,,,,,,,,,0.000744459241564697,0.0005148124924718582,,,-0.0041045860886269785,,,,,0.001054650592216654,0.0007481265284689566,-0.00011506590222150443
465,2026-08-31,603893 CH Equity,CNE100003RK2,33774001W,,,,,,0.001309221424820674,0.0023364566966030493,,-0.00253116142131997,-0.0018983710659899776,,,,,0.002109301184433308,-0.0018520693326731488,,,0.000744459241564697,0.0005148124924718582,,,0.0010331271107428448,0.0029205708707538114,0.002711958665699968,,,,-0.001488918483129394,0.0003304657112117595
466,2026-08-31,603939 CH Equity,CNE100001TS5,31925501W,0.001633007368593529,0.0015656668585484349,,,,,,0.010847834662799871,-0.00253116142131997,-0.0018983710659899776,,0.0017867021797552728,,0.0014463779550399829,,,,0.003996570665242057,0.000744459241564697,0.0005148124924718582,,,,,0.002711958665699968,,,0.001054650592216654,0.0007481265284689566,0.0007867494917367144
467,2026-08-31,603979 CH Equity,CNE1000022P2,31999701W,,,,-0.0017257918781727068,-0.0023364566966030493,,,,,,,,,,,,,,,,,,,,,,,,0.0007481265284689566,-0.0001862839515661983
468,2026-08-31,603986 CH Equity,CNE1000030S9,32212201W,0.001633007368593529,0.0015656668585484349,0.0016688976404307496,0.0017064009581932381,,0.001309221424820674,0.0023364566966030493,,,,,,,,,-0.0018520693326731488,,,,0.0005148124924718582,,,0.0010331271107428448,0.0029205708707538114,0.002711958665699968,,,,0.0007481265284689566,0.0007605407682026357
469,2026-08-31,603993 CH Equity,CNE100001NR0,28453202W,,,-0.0018520693326731488,,-0.0023364566966030493,,,,-0.00253116142131997,-0.0018983710659899776,,,,,,,,,,,,,,,,,,,0.0007481265284689566,-0.0003777212570924445
470,2026-08-31,605117 CH Equity,CNE1000052S3,34754501W,0.001633007368593529,,0.0016688976404307496,,0.002301055837563609,,0.0023364566966030493,,,,,,,,,-0.0018520693326731488,-0.0018520693326731488,,,0.0005148124924718582,,,,0.0029205708707538114,0.002711958665699968,,0.002664380443494705,0.001054650592216654,,0.0007711128465064085
471,2026-08-31,605499 CH Equity,CNE100005576,34875601W,,,,,,0.001309221424820674,,-0.005423917331399936,,,-0.0033015148973738737,-0.003531853146027865,,,,,,-0.003996570665242057,0.000744459241564697,0.0005148124924718582,,0.0023364566966030493,,,,,,0.001054650592216654,,-0.00033329514461604906
472,2026-08-31,688002 CH Equity,CNE100003MX6,33290501W,0.001633007368593529,,,,,,,,0.00253116142131997,0.0018749343861629406,,,,,,,,,0.000744459241564697,0.0005148124924718582,,,0.0010331271107428448,,,,0.002664380443494705,0.001054650592216654,0.0007481265284689566,0.0004567401857909797
473,2026-08-31,688008 CH Equity,CNE100003MN7,34655901W,,,0.0016688976404307496,,,0.001309221424820674,0.0023364566966030493,,,,,,,,,,,,-0.0022010099315825826,-0.002024929137055976,,,0.0010331271107428448,0.0029205708707538114,0.002711958665699968,,-0.003037393705583964,,0.0007481265284689566,0.0004454622628304704
474,2026-08-31,688012 CH Equity,CNE100003MM9,33303201W,,,,,,0.001309221424820674,,,,,,,,,,0.0018520693326731488,0.0018520693326731488,,,0.0005148124924718582,,,0.0010331271107428448,,,,0.002664380443494705,,,0.0002415758612975486
475,2026-08-31,688017 CH Equity,CNE1000043F9,33965501W,,,-0.0018520693326731488,,-0.0023364566966030493,,,,,,,-0.003531853146027865,,0.0014463779550399829,-0.002109301184433308,,,,-0.0022010099315825826,-0.002024929137055976,,0.0023364566966030493,,-0.002977836966258788,-0.002761267005076331,,-0.003037393705583964,,0.0007481265284689566,-0.0007414762241470688
476,2026-08-31,688019 CH Equity,CNE100003ML1,33304501W,,,-0.0018520693326731488,,,0.001309221424820674,,,-0.00253116142131997,-0.0018983710659899776,,,,,,,,,,0.0005148124924718582,,,0.0010331271107428448,,,,0.002664380443494705,,-0.001488918483129394,-0.00015188041784338957
477,2026-08-31,688036 CH Equity,CNE100003P74,33374501W,-0.001633007368593529,-0.001581975888324981,-0.0018520693326731488,-0.0017257918781727068,,0.001309221424820674,,,,,,,,,0.002109301184433308,,,,0.000744459241564697,0.0005148124924718582,,,0.0010331271107428448,-0.002977836966258788,-0.002761267005076331,,,-0.002080406647660249,,-0.0005554907382541478
478,2026-08-31,688037 CH Equity,CNE100005X23,33665101W,-0.001633007368593529,-0.001581975888324981,,-0.0017257918781727068,,,,,,,,,,,-0.002109301184433308,,,,,0.0005148124924718582,,,0.0010331271107428448,,,,,-0.002080406647660249,,-0.00025358499316073725
479,2026-08-31,688041 CH Equity,CNE100005PT2,35397101W,,,-0.0018520693326731488,,,,,,-0.00253116142131997,-0.0018983710659899776,,,,,,,,,,0.0005148124924718582,,,0.0010331271107428448,0.0029205708707538114,0.002711958665699968,,,-0.002080406647660249,-0.001488918483129394,1.2310939812482412e-05
480,2026-08-31,688047 CH Equity,CNE100005QH5,35346801W,,,,,,-0.0025740624623592913,,,0.00253116142131997,0.0018749343861629406,,,,,-0.002109301184433308,-0.0018520693326731488,-0.0018520693326731488,,-0.0022010099315825826,-0.002024929137055976,,,-0.0041045860886269785,,,,,-0.002080406647660249,0.0007481265284689566,-0.0003597564893864864
481,2026-08-31,688048 CH Equity,CNE100005ZH6,35290901W,,-0.001581975888324981,,,,-0.0025740624623592913,,,,,,,,,-0.002109301184433308,,,,-0.0022010099315825826,-0.002024929137055976,,,0.0010331271107428448,0.0029205708707538114,0.002711958665699968,,,-0.002080406647660249,-0.001488918483129394,-3.821233951495785e-05
482,2026-08-31,688065 CH Equity,CNE100004447,18769301W,,,,,,,,,,,-0.0033015148973738737,,,,,0.0018520693326731488,0.0018520693326731488,,,,,,,,,,,,,-9.765128471390832e-05
483,2026-08-31,688072 CH Equity,CNE100005998,35309601W,,,,,,0.001309221424820674,,,0.00253116142131997,0.0018749343861629406,,,,,,,,,0.000744459241564697,0.0005148124924718582,,,0.0010331271107428448,,,,0.002664380443494705,,-0.001488918483129394,0.00030686247476107586
484,2026-08-31,688082 CH Equity,CNE100004ZD8,35106701W,,0.0015656668585484349,,0.0017064009581932381,,-0.0025740624623592913,,,,,,,,,,,,,,0.0005148124924718582,,,0.0010331271107428448,,,,,-0.002080406647660249,,-3.2006501933350757e-05
485,2026-08-31,688099 CH Equity,CNE100003LZ3,33319901W,,,,,,0.001309221424820674,0.0023364566966030493,,,,,,,,,,,,0.000744459241564697,0.0005148124924718582,,,0.0010331271107428448,,,,,-0.002080406647660249,0.0007481265284689566,0.0001244845902284681
486,2026-08-31,688110 CH Equity,CNE1000055X6,35143501W,,,,,,0.001309221424820674,0.0023364566966030493,,0.00253116142131997,,,,,,-0.002109301184433308,-0.0018520693326731488,-0.0018520693326731488,,-0.0022010099315825826,-0.002024929137055976,,,0.0010331271107428448,-0.002977836966258788,-0.002761267005076331,,,-0.002080406647660249,,-0.00045243845853384706
487,2026-08-31,688111 CH Equity,CNE100003PM2,33547701W,,,,,,0.001309221424820674,0.0023364566966030493,,,,,,,,-0.002109301184433308,,,,-0.0022010099315825826,-0.002024929137055976,,,0.0010331271107428448,,,,,,,1.5733297915257645e-05
488,2026-08-31,688120 CH Equity,CNE100005QL7,35344301W,,,,,,0.001309221424820674,,,,,,,,,,0.0018520693326731488,,,,0.0005148124924718582,,,0.0010331271107428448,,,,-0.003037393705583964,,-0.001488918483129394,2.873311107842029e-06
489,2026-08-31,688122 CH Equity,CNE100003MF3,33282901W,-0.001633007368593529,-0.001581975888324981,,-0.0017257918781727068,,,,,0.00253116142131997,,,,,,,,,,,,,,,,,,,,,-5.0022184127413156e-05
490,2026-08-31,688126 CH Equity,CNE1000040F5,33825701W,,-0.001581975888324981,,-0.0017257918781727068,,,,,,,,,,,-0.002109301184433308,,,,-0.0022010099315825826,-0.002024929137055976,,,0.0010331271107428448,,,,,-0.002080406647660249,,-0.0003310020994676597
491,2026-08-31,688169 CH Equity,CNE100003R80,33730101W,,,,,,,0.0023364566966030493,,,,,,0.002812401579244411,-0.002812401579244411,,-0.0018520693326731488,,,0.000744459241564697,0.0005148124924718582,0.011682283483015246,,,-0.002977836966258788,,,0.002664380443494705,,,0.00026760999433247934
492,2026-08-31,688180 CH Equity,CNE1000041Z1,33015805W,,,,,-0.0023364566966030493,0.001309221424820674,-0.0023364566966030493,,,,,-0.003531853146027865,,,,,,-0.003996570665242057,,,,,,,,,,-0.002080406647660249,,-0.0004615350895338742
493,2026-08-31,688183 CH Equity,CNE100005428,34709601W,0.001633007368593529,,0.0016688976404307496,0.0017064009581932381,,,,,0.00253116142131997,0.0018749343861629406,,,,,0.002109301184433308,,,,0.000744459241564697,0.0005148124924718582,,,0.0010331271107428448,0.0029205708707538114,0.002711958665699968,,,0.001054650592216654,0.0007481265284689566,0.0009235235701051416
494,2026-08-31,688187 CH Equity,CNE100004QK2,28208205W,,,,,,,0.0023364566966030493,,,,,-0.003531853146027865,,,-0.002109301184433308,0.0018520693326731488,0.0018520693326731488,,-0.0022010099315825826,-0.002024929137055976,,,,0.0029205708707538114,0.002711958665699968,,,,-0.001488918483129394,0.00028820882721485806
495,2026-08-31,688188 CH Equity,CNE100003LY6,33321201W,-0.001633007368593529,,,-0.0017257918781727068,,0.001309221424820674,0.0023364566966030493,,-0.00253116142131997,,,,,,-0.002109301184433308,,0.0018520693326731488,,-0.0022010099315825826,-0.002024929137055976,,,0.0010331271107428448,,,,,0.001054650592216654,,-0.00010115006480917421
496,2026-08-31,688200 CH Equity,CNE100003RC9,33702601W,-0.001633007368593529,0.0015656668585484349,-0.0018520693326731488,0.0017064009581932381,,-0.0025740624623592913,0.0023364566966030493,,,,,,,,-0.002109301184433308,,,,-0.0022010099315825826,-0.002024929137055976,,,0.0010331271107428448,0.0029205708707538114,0.002711958665699968,,0.002664380443494705,0.001054650592216654,0.0007481265284689566,0.0004124466292385116
497,2026-08-31,688213 CH Equity,CNE100005QT0,35343101W,,,0.0016688976404307496,,,0.001309221424820674,,,0.00253116142131997,0.0018749343861629406,,,,,0.002109301184433308,,,,0.000744459241564697,0.0005148124924718582,,,0.0010331271107428448,,,,,0.001054650592216654,,0.0004519439676195518
498,2026-08-31,688220 CH Equity,CNE100005RF7,35190301W,,-0.001581975888324981,,,,0.001309221424820674,0.0023364566966030493,,,,,,,,,-0.0018520693326731488,-0.0018520693326731488,,,0.0005148124924718582,,,0.0010331271107428448,,,,,-0.002080406647660249,,-5.898312019731715e-05
499,2026-08-31,688223 CH Equity,CNE100005R96,35201601W,-0.001633007368593529,-0.001581975888324981,,-0.0017257918781727068,,,-0.0023364566966030493,,,,,,,,,,-0.0018520693326731488,,0.000744459241564697,0.0005148124924718582,,,-0.0041045860886269785,-0.002977836966258788,-0.002761267005076331,,0.002664380443494705,0.001054650592216654,-0.001488918483129394,-0.0007330674263814695
500,2026-08-31,688234 CH Equity,CNE100005RH3,35188401W,,,,,,-0.0025740624623592913,,,0.00253116142131997,,,,,,-0.002109301184433308,,0.0018520693326731488,,-0.0022010099315825826,-0.002024929137055976,,,0.0010331271107428448,0.0029205708707538114,0.002711958665699968,,,,,0.0003303268080386069
501,2026-08-31,688235 CH Equity,CNE100005XT6,02637605W,,-0.001581975888324981,,-0.0017257918781727068,,0.001309221424820674,-0.0023364566966030493,,,,,0.0017867021797552728,,0.0014463779550399829,,-0.0018520693326731488,-0.0018520693326731488,,,,,,,,,,,0.001054650592216654,0.0007481265284689566,-0.0001050640476304972
502,2026-08-31,688249 CH Equity,CNE1000060L1,35660501W,,,,,,0.001309221424820674,-0.0023364566966030493,,,,,,,,-0.002109301184433308,,,,,-0.002024929137055976,,,0.0010331271107428448,,,,,0.001054650592216654,0.0007481265284689566,-1.772395834781813e-05
503,2026-08-31,688271 CH Equity,CNE100005PN5,35426501W,,,-0.0018520693326731488,,,-0.0025740624623592913,,,,,,-0.003531853146027865,0.002812401579244411,,,,,-0.003996570665242057,,,,,,,,,,,0.0007481265284689566,-0.00022624525346190533
504,2026-08-31,688313 CH Equity,CNE100004454,33925301W,,,,,,,,,,,,,,,0.002109301184433308,-0.0018520693326731488,-0.0018520693326731488,,0.000744459241564697,0.0005148124924718582,,,0.0010331271107428448,,,,-0.003037393705583964,-0.002080406647660249,0.0007481265284689566,-0.00012184988235253233
505,2026-08-31,688331 CH Equity,CNE100005B03,34408204W,0.001633007368593529,,,,0.002301055837563609,0.001309221424820674,,,,,,,0.002812401579244411,-0.002812401579244411,,-0.0018520693326731488,-0.0018520693326731488,0.003996570665242057,,,,,,,,,0.002664380443494705,-0.002080406647660249,,0.00021472049043749493
506,2026-08-31,688347 CH Equity,CNE100006M90,31849305W,,,0.0016688976404307496,,,0.001309221424820674,-0.0023364566966030493,,,0.0018749343861629406,,,,,-0.002109301184433308,,,,-0.0022010099315825826,-0.002024929137055976,,,-0.0041045860886269785,,,,,,,-0.00021299337269214413
507,2026-08-31,688361 CH Equity,CNE100005ZD5,35673901W,,,,,,,,,-0.00253116142131997,-0.0018983710659899776,,,,,-0.002109301184433308,,,,,0.0005148124924718582,,,0.0010331271107428448,-0.002977836966258788,-0.002761267005076331,,,-0.002080406647660249,0.0007481265284689566,-0.0006406001589612576
508,2026-08-31,688375 CH Equity,CNE100005Q55,35398201W,,,,,,-0.0025740624623592913,0.0023364566966030493,,-0.00253116142131997,-0.0018983710659899776,,,,,-0.002109301184433308,0.0018520693326731488,0.0018520693326731488,,-0.0022010099315825826,-0.002024929137055976,,,-0.0041045860886269785,,,,,,-0.001488918483129394,-0.0004648483736389479
509,2026-08-31,688385 CH Equity,CNE100004PL2,24796905W,,,,,,-0.0025740624623592913,,,,,,,,,,-0.0018520693326731488,,,,0.0005148124924718582,,,0.0010331271107428448,,,,,0.001054650592216654,-0.001488918483129394,-7.71122123962869e-05
510,2026-08-31,688387 CH Equity,CNE100005P31,35460701W,,,,,,-0.0025740624623592913,,,0.00253116142131997,,,,,,,,,,0.000744459241564697,0.0005148124924718582,,,-0.0041045860886269785,-0.002977836966258788,-0.002761267005076331,,,,0.0007481265284689566,-0.0004481057010219693
511,2026-08-31,688396 CH Equity,CNE100003S06,33738301W,,0.0015656668585484349,0.0016688976404307496,,,,0.0023364566966030493,,,,,,,,,,,,-0.0022010099315825826,0.0005148124924718582,,,0.0010331271107428448,-0.002977836966258788,-0.002761267005076331,,,0.001054650592216654,,-0.00014485527744942159
512,2026-08-31,688411 CH Equity,            ,36563501W,0.001633007368593529,,,,,,0.0023364566966030493,,,0.0018749343861629406,,,0.002812401579244411,,0.002109301184433308,,-0.0018520693326731488,,0.000744459241564697,0.0005148124924718582,,0.0023364566966030493,,0.0029205708707538114,0.002711958665699968,,0.002664380443494705,,,0.0008089510258776336
513,2026-08-31,688469 CH Equity,CNE1000060N7,35665701W,,-0.001581975888324981,,,,,-0.0023364566966030493,,,,,,,,-0.002109301184433308,0.0018520693326731488,-0.0018520693326731488,,,0.0005148124924718582,,,0.0010331271107428448,-0.002977836966258788,-0.002761267005076331,,,0.001054650592216654,,-0.00046083179618047597
514,2026-08-31,688472 CH Equity,CNE100006KH6,35692601W,-0.001633007368593529,,,,,,-0.0023364566966030493,,,0.0018749343861629406,,,,,,,,,0.000744459241564697,0.0005148124924718582,,,-0.0041045860886269785,,,,,0.001054650592216654,0.0007481265284689566,-8.835964329402871e-05
515,2026-08-31,688498 CH Equity,CNE100005VF9,35528101W,0.001633007368593529,0.0015656668585484349,,0.0017064009581932381,,,,,,,,,,,-0.002109301184433308,-0.0018520693326731488,,,-0.0022010099315825826,-0.002024929137055976,,,0.0010331271107428448,0.0029205708707538114,0.002711958665699968,,-0.003037393705583964,,0.0007481265284689566,0.00033703215556617346
516,2026-08-31,688506 CH Equity,CNE100006FN4,35558801W,-0.001633007368593529,-0.001581975888324981,,,,,-0.0023364566966030493,,,,,,0.002812401579244411,,,-0.0018520693326731488,-0.0018520693326731488,-0.003996570665242057,,,,,,,,,,-0.002080406647660249,0.0007481265284689566,-0.0004113408045416582
517,2026-08-31,688521 CH Equity,CNE100004413,33929301W,,0.0015656668585484349,,,,-0.0025740624623592913,-0.0023364566966030493,,-0.00253116142131997,,,,,,,-0.0018520693326731488,-0.0018520693326731488,,0.000744459241564697,0.0005148124924718582,,,0.0010331271107428448,,,,,-0.002080406647660249,,-0.0003499173995669818
518,2026-08-31,688525 CH Equity,CNE100005VN3,35555001W,0.001633007368593529,,,0.0017064009581932381,,0.001309221424820674,-0.0023364566966030493,,0.00253116142131997,0.0018749343861629406,,,,,0.002109301184433308,-0.0018520693326731488,-0.0018520693326731488,,0.000744459241564697,0.0005148124924718582,,,0.0010331271107428448,,,,0.002664380443494705,-0.002080406647660249,0.0007481265284689566,0.00026418714034448894
519,2026-08-31,688578 CH Equity,CNE100005XJ7,34554801W,0.001633007368593529,0.0015656668585484349,0.0016688976404307496,0.0017064009581932381,,0.001309221424820674,0.0023364566966030493,,,,,0.0017867021797552728,,-0.002812401579244411,,-0.0018520693326731488,-0.0018520693326731488,-0.003996570665242057,,,,,,,,,,0.001054650592216654,,0.00018764898176717984
520,2026-08-31,688608 CH Equity,CNE100005XM1,34600801W,-0.001633007368593529,-0.001581975888324981,-0.0018520693326731488,-0.0017257918781727068,,0.001309221424820674,0.0023364566966030493,,,,,,,,,,,,-0.0022010099315825826,-0.002024929137055976,,,0.0010331271107428448,0.0029205708707538114,0.002711958665699968,,,,0.0007481265284689566,0.0002454091633093016
521,2026-08-31,688617 CH Equity,CNE100004C45,34621901W,,,-0.0018520693326731488,,,0.001309221424820674,0.0023364566966030493,,,,,,,,,,,-0.003996570665242057,,,,,,,,,0.002664380443494705,,,3.0959929240575166e-05
522,2026-08-31,688629 CH Equity,CNE100006KM6,35705501W,0.001633007368593529,,,,,,,,,0.0018749343861629406,,-0.003531853146027865,0.002812401579244411,,0.002109301184433308,-0.0018520693326731488,-0.0018520693326731488,,0.000744459241564697,0.0005148124924718582,,,,-0.002977836966258788,-0.002761267005076331,,0.002664380443494705,-0.002080406647660249,,-0.0003179477187463375
523,2026-08-31,688676 CH Equity,CNE1000053V5,34668901W,,,,,0.002301055837563609,,,,,0.0018749343861629406,0.0034515837563454136,,0.002812401579244411,-0.002812401579244411,,,,,0.000744459241564697,0.0005148124924718582,,,,,,,,-0.002080406647660249,,0.0003456442528472233
524,2026-08-31,688702 CH Equity,CNE100006DD0,35855101W,,,,,,0.001309221424820674,0.0023364566966030493,,0.00253116142131997,0.0018749343861629406,,,,,,,,,,0.0005148124924718582,,,0.0010331271107428448,-0.002977836966258788,-0.002761267005076331,,,-0.002080406647660249,,-0.00012064743091227049
525,2026-08-31,688777 CH Equity,CNE100005D92,34522101W,,-0.001581975888324981,-0.0018520693326731488,,,-0.0025740624623592913,0.0023364566966030493,,,,,,,,,,,,,0.0005148124924718582,,,0.0010331271107428448,,,,,,,-5.460479693560168e-05
526,2026-08-31,688981 CH Equity,CNE1000041W8,15874106W,,,,,,0.001309221424820674,-0.0023364566966030493,,0.00253116142131997,0.0018749343861629406,,,,,-0.002109301184433308,,,,-0.0022010099315825826,0.0005148124924718582,,,0.0010331271107428448,,,,0.002664380443494705,0.001054650592216654,,0.0002148127647900656
