style,ddt,ticker,isin,gvkeyiid,Analyst Expectations,Analyst Expectations,Analyst Expectations,Analyst Expectations,Analyst Expectations,Analyst Expectations,Analyst Expectations,Analyst Expectations,Capital Efficiency,Capital Efficiency,Capital Efficiency,Capital Efficiency,Capital Efficiency,Capital Efficiency,Earnings Quality,Earnings Quality,Earnings Quality,Earnings Quality,Earnings Quality,Earnings Quality,Earnings Quality,Earnings Quality,Earnings Quality,Earnings Quality,Historical Growth,Historical Growth,Historical Growth,Historical Growth,Historical Growth,Historical Growth,Historical Growth,Historical Growth,Historical Growth,Historical Growth,Historical Growth,Historical Growth,Historical Growth,Historical Growth,Historical Growth,Historical Growth,Price Momentum,Valuation,Valuation,Valuation,Valuation,Valuation,Valuation,Valuation,Valuation,Volatility,MP
factor_weight,,,,,0.012799606381,0.016113282764,0.01758044175,0.017953469961,0.0235096416,0.025328495923,0.027422958391,0.032082665017,0.003895476609,0.004473951548,0.004492584053,0.006922916825,0.013458782516,0.086020147428,0.004638648957,0.006003643256,0.012214151878,0.014385331111,0.025432310448,0.026603387093,0.030837462547,0.032624813953,0.032902050051,0.035459640599,0.004357183258,0.004365808236,0.004589647887,0.005252935344,0.005587656861,0.005849166181,0.006866475884,0.008617169037,0.009209146524,0.019144761893,0.02003019446,0.02049765319,0.021983427451,0.023413601756,0.031893293614,0.036006028916,0.02541163695,0.01886624802,0.019029637387,0.019451772373,0.019914237351,0.027044819082,0.030056684558,0.030609411456,0.045056986578,0.023738555096,1.0
factor,,,,,AdjRev3MFY1C,Rev3MFY1C,RevMagFY1C,AdjRevMagC,InvPEGC,AdjInvPEGC,EPSSurpC,SUEC,ROA,EbitdaToAst,CapExToAst,OCFRatio,RecTurn,IntCovRatio,UnexpectedInvChg,GPMargin,WCAccruals,OEA,TotalAccruals,SalesToInvCap,ETO,EPSToSalesChg1Y,WCapToSales,CapExToSales,ConsQPosChginTTMCF,DivperShareGrowth,PAdjChg3YOCF,PAdjChg3YFCF,PAdjChg1YSales,AstAdjChg1YOCF,AstAdjChg1YFCF,PAdjChg1YOCF,PAdjChg1YFCF,Chg1YOPM,CQPTTMCFtoSales,AstAdjChg1YEPS,PAdjChg1YEPS,PAdjChg1YCF,Chg1YFCF,AdjAstAdjChg1YFCF,ShortIntTrdVol,OEP,PTIP,InvPEGYC,EP,CFP,CFEV,60MAVGTTMEP,FCFEV,BookLev,AGG
0,2026-05-31,,FI0009014575,33901501W,,-0.0003865401587868912,-0.00033206523386040276,-0.0005349939878862045,0.0010159977568114159,,-0.0003865401587868912,,,,0.0006382925388613506,,,,0.0011300383213514727,,,,,,,-0.00023562501168605175,,0.0006651276606152812,,,,,,0.001318378041576718,0.0011476036838595266,0.0010648438028119647,0.0011300383213514727,-0.0006552884940381321,,-0.00043772235372507634,-0.00034934938641149627,-0.0003578150419788185,,,,,,0.0011300383213514727,,,,,,,3.520180718390273e-05
1,2026-05-31,,GB00BMVP7Y09,03647401,,-0.0003865401587868912,-0.00033206523386040276,,0.0010159977568114159,0.0025169035339191893,,,-0.0007826413815720446,,,,-0.0011074375549244432,,,-0.0005375910460798267,-0.0008295412396437777,-0.0011596204763606737,-0.0008326598157326641,-0.0012729167297982106,-0.0012584517669595946,-0.00023562501168605175,-0.0007457491952353153,0.0006651276606152812,,,,,-0.00046433440458047936,-0.0006671310571833996,-0.0011535807863796283,-0.0010751820921596534,-0.0005738018419297633,,,-0.00043772235372507634,-0.00034934938641149627,-0.0003578150419788185,,,,-0.001118623792852973,,,-0.0007508051219826733,,,,0.0013423485514235676,0.0010206797741239108,-8.247151617581444e-05
2,2026-05-31,1,KYG217651051,10108801W,,0.0011476036838595266,0.00098003323444641,,,,-0.0003865401587868912,,,,0.0006382925388613506,,,,-0.0005859457962563192,,,,,-0.0012729167297982106,-0.0012584517669595946,-0.00023562501168605175,,,,,,,-0.00046433440458047936,,,0.0010648438028119647,0.0011300383213514727,,,-0.00043772235372507634,-0.00034934938641149627,-0.0003578150419788185,-0.0003825345612865089,,,,,-0.0005798102381803368,,,,,0.0013423485514235676,,-2.5288073414552448e-05
3,2026-05-31,1038,BMG2178K1009,21292801W,,,0.00098003323444641,,,,-0.0003865401587868912,-0.0005607278759111105,,,0.0006382925388613506,,0.0011019279153477047,,,,,,,-0.0012729167297982106,-0.0012584517669595946,0.0009267259873844713,,0.0006651276606152812,,-0.0010857230930631796,,,-0.00046433440458047936,,,,,-0.0006552884940381321,,-0.00043772235372507634,,-0.0003578150419788185,,,,,-0.0005782963733286909,-0.0005798102381803368,,-0.0014107484776107557,-0.0022600766427029453,,,-0.0010301744696971564,-0.00020816398804446995
4,2026-05-31,1113,KYG2177B1014,31975901W,,,,,,,,,,-0.0006364583648991053,,,,-0.0018457292582074053,,,,,,,,,-0.0007457491952353153,,,-0.0010857230930631796,0.0029930744727687656,0.001942872903376216,0.0009190353152899943,0.001318378041576718,0.0011476036838595266,0.0010648438028119647,,,,,,,0.0014765834065659244,,,,0.0017037500844991435,0.0011300383213514727,,,,,0.0013423485514235676,-0.0010301744696971564,4.74848913001129e-07
5,2026-05-31,12,HK0012000102,01569701W,,,,,,,,,,-0.0006364583648991053,,,,,,,,,,-0.0012729167297982106,-0.0012584517669595946,,-0.0007457491952353153,,,-0.0010857230930631796,,,-0.00046433440458047936,-0.0006671310571833996,,-0.0010751820921596534,,,,,,,-0.0003825345612865089,,,,-0.0005782963733286909,,,,,,,,-0.00014773544341178027
6,2026-05-31,1299,HK0000069689,29573501W,,-0.0003865401587868912,-0.00033206523386040276,-0.0005349939878862045,,,-0.0003865401587868912,-0.0005607278759111105,,,,,,,,-0.0005375910460798267,-0.0008295412396437777,,-0.0008326598157326641,,,-0.00023562501168605175,-0.0007457491952353153,,,-0.0010857230930631796,,,,,,,,,,,-0.00034934938641149627,-0.0003578150419788185,,,,-0.001118623792852973,-0.0005782963733286909,-0.0005798102381803368,-0.0007508051219826733,-0.0014107484776107557,,-0.0014382305908109652,,,-0.0002548020465248803
7,2026-05-31,1308,KYG8187G1055,29553601W,,0.0011476036838595266,0.00098003323444641,0.0010547024332613745,-0.0005187061147187088,,,,,,,,,,,,,,,,,0.0009267259873844713,,,,,,,,0.001318378041576718,-0.0011535807863796283,0.0010648438028119647,-0.0005738018419297633,-0.0006552884940381321,,0.0012952486022508108,0.0010301744696971564,0.0010547024332613745,-0.0003825345612865089,,,,,-0.0005798102381803368,,,,,,-0.0010301744696971564,8.979029343947555e-05
8,2026-05-31,16,HK0016000132,01942101W,,,,,,,,,,-0.0006364583648991053,,,,0.001830475297395774,,,,,,,,,-0.0007457491952353153,,,-0.0010857230930631796,0.0029930744727687656,0.001942872903376216,0.0009190353152899943,0.001318378041576718,0.0011476036838595266,0.0010648438028119647,,,,,,,0.0014765834065659244,,,,,,,,,,0.0013423485514235676,-0.0010301744696971564,0.0002622995122562218
9,2026-05-31,1605,JP3294460005,27119601W,,,,,-0.0005187061147187088,,-0.0003865401587868912,-0.0005607278759111105,,,0.0006382925388613506,,-0.0011074375549244432,,-0.0005859457962563192,,,,,,-0.0012584517669595946,-0.00023562501168605175,,0.0006651276606152812,,,,,,,,,,-0.0006552884940381321,,,,,-0.0003825345612865089,,,,,,,,,,,-0.0010301744696971564,-0.00013117724491735306
10,2026-05-31,1801,JP3443600006,10094901W,,0.0011476036838595266,0.00098003323444641,0.0010547024332613745,,,0.0011416882009530342,,,,0.0006382925388613506,,,,0.0011300383213514727,,,,,0.0012656429199136494,,0.0009267259873844713,,0.0006651276606152812,,,,,0.0009190353152899943,-0.0006671310571833996,,-0.0010751820921596534,,0.001925978356390336,,0.0012952486022508108,0.0010301744696971564,0.0010547024332613745,,,,,,,,,,,-0.0006836034289657057,,0.0002534944488930759
11,2026-05-31,1802,JP3190000004,10091901W,,0.0011476036838595266,0.00098003323444641,0.0010547024332613745,,,0.0011416882009530342,,,,0.0006382925388613506,,,,-0.0005859457962563192,,,,,,,0.0009267259873844713,,0.0006651276606152812,,,,,0.0009190353152899943,,,,,0.001925978356390336,,0.0012952486022508108,0.0010301744696971564,0.0010547024332613745,,,,,,,,,,,-0.0006836034289657057,,0.00022503139868764493
12,2026-05-31,1803,JP3358800005,10098201W,,0.0011476036838595266,0.00098003323444641,0.0010547024332613745,0.0010159977568114159,,-0.0003865401587868912,,,,0.0006382925388613506,,,,,,,,,,,0.0009267259873844713,,0.0006651276606152812,,,,,-0.00046433440458047936,0.001318378041576718,0.0011476036838595266,0.0010648438028119647,0.0011300383213514727,,,0.0012952486022508108,0.0010301744696971564,0.0010547024332613745,,,,,,,,,,,0.0013423485514235676,,0.00029158172759008775
13,2026-05-31,1812,JP3210200006,01870901W,,0.0011476036838595266,0.00098003323444641,0.0010547024332613745,0.0010159977568114159,,0.0011416882009530342,,,,0.0006382925388613506,,,,-0.0005859457962563192,,,,,,,-0.00023562501168605175,,0.0006651276606152812,,,,,0.0009190353152899943,-0.0006671310571833996,-0.0011535807863796283,-0.0010751820921596534,-0.0005738018419297633,-0.0006552884940381321,,-0.00043772235372507634,,,-0.0003825345612865089,,,,,,,,,,-0.0006836034289657057,,4.01421981677287e-05
14,2026-05-31,1878,JP3486800000,20154301W,,,,,,,,,,0.0024339286921416336,,,,-0.0018457292582074053,,,,,,0.0012656429199136494,0.0012656429199136494,,-0.0007457491952353153,,,-0.0010857230930631796,-0.0029930744727687656,-0.001942872903376216,0.0009190353152899943,-0.0006671310571833996,-0.0011535807863796283,,,,,,,,-0.0003825345612865089,,,,0.0017037500844991435,,,,,,0.0013423485514235676,,-5.588800910152851e-05
15,2026-05-31,19,HK0019000162,10056201W,,0.0011476036838595266,,0.0010547024332613745,0.0010159977568114159,,-0.0003865401587868912,,,,0.0006382925388613506,,,,-0.0005859457962563192,,,,,-0.0012729167297982106,-0.0012584517669595946,-0.00023562501168605175,,,,,,,0.0009190353152899943,,,0.0010648438028119647,0.0011300383213514727,-0.0006552884940381321,,-0.00043772235372507634,-0.00034934938641149627,-0.0003578150419788185,0.0014765834065659244,,,,,,,,,,-0.0006836034289657057,-0.0010301744696971564,-4.8895652357148205e-05
16,2026-05-31,1925,JP3505000004,01783001W,,,,,,,,,,0.0024339286921416336,,,,0.001830475297395774,,,,,,0.0012656429199136494,0.0012656429199136494,,-0.0007457491952353153,,,0.0031641072997841235,0.0029930744727687656,0.001942872903376216,0.0009190353152899943,0.001318378041576718,0.0011476036838595266,0.0010648438028119647,,,,,,,,,,,0.0017037500844991435,,,,,,-0.0006836034289657057,,0.0002857900247683972
17,2026-05-31,1928,JP3420600003,10092601W,,-0.0003865401587868912,-0.00033206523386040276,-0.0005349939878862045,-0.0005187061147187088,,-0.0003865401587868912,-0.0005607278759111105,-0.0007826413815720446,-0.0006364583648991053,,-0.0009385064024783416,,,-0.0005859457962563192,-0.0005375910460798267,-0.0008295412396437777,,-0.0008326598157326641,,,-0.00023562501168605175,-0.0007457491952353153,,,,-0.0029930744727687656,-0.001942872903376216,0.0009190353152899943,,,0.0010648438028119647,,-0.0006552884940381321,,-0.00043772235372507634,0.0010301744696971564,,,,,,,,,,,,-0.0006836034289657057,,-0.00018870567370907597
18,2026-05-31,1928,KYG7800X1079,29342501W,,-0.0003865401587868912,-0.00033206523386040276,-0.0005349939878862045,-0.0005187061147187088,,-0.0003865401587868912,-0.0005607278759111105,-0.0007826413815720446,-0.0006364583648991053,,0.002734413715862823,,,,0.0017578373887689573,0.0016285846395947695,,0.001652891873021557,,0.0012656429199136494,-0.00023562501168605175,0.002171446186126359,,,,0.0029930744727687656,0.001942872903376216,,,,,-0.0005738018419297633,-0.0006552884940381321,,-0.00043772235372507634,-0.00034934938641149627,-0.0003578150419788185,-0.0003825345612865089,,,,,,,,,,,0.0010206797741239108,0.00011896000508758198
19,2026-05-31,1997,KYG9593A1040,32596601W,,,,,,,,,,-0.0006364583648991053,,,0.0011019279153477047,,,,,,,-0.0012729167297982106,-0.0012584517669595946,,0.002171446186126359,,,-0.0010857230930631796,,,-0.00046433440458047936,,,0.0010648438028119647,,,,,,,-0.0003825345612865089,,,,0.0017037500844991435,-0.0005798102381803368,,,,,0.0013423485514235676,-0.0010301744696971564,5.756858825461746e-05
20,2026-05-31,1CNHI,NL0010545661,29578601W,,,,,,,,,,,0.0006382925388613506,,,,-0.0005859457962563192,,,,,,,-0.00023562501168605175,,,,,,,-0.00046433440458047936,,,0.0010648438028119647,0.0011300383213514727,-0.0006552884940381321,,-0.00043772235372507634,-0.00034934938641149627,-0.0003578150419788185,0.0014765834065659244,,,,,,,,,,,0.0010206797741239108,4.319776226867872e-05
21,2026-05-31,2,HK0002007356,10066501W,,,-0.00033206523386040276,,-0.0005187061147187088,,-0.0003865401587868912,-0.0005607278759111105,,,0.0006382925388613506,,,,,,,,,,,-0.00023562501168605175,,0.0006651276606152812,,-0.0010857230930631796,,,-0.00046433440458047936,,,,,-0.0006552884940381321,,-0.00043772235372507634,,-0.0003578150419788185,,,,,,-0.0005798102381803368,,,0.004429750219697773,,,-0.0010301744696971564,3.232383347523482e-05
22,2026-05-31,2388,HK2388011192,03164801W,,0.0011476036838595266,,,-0.0005187061147187088,,,-0.0005607278759111105,,,0.0006382925388613506,,-0.0011074375549244432,,-0.0005859457962563192,0.0017578373887689573,,,0.001652891873021557,,,-0.00023562501168605175,0.002171446186126359,,,0.0031641072997841235,,,-0.00046433440458047936,,,,,,,,-0.00034934938641149627,,,,,,,,,,,,,,9.343979228198675e-05
23,2026-05-31,2502,JP3116000005,10295001W,,,-0.00033206523386040276,-0.0005349939878862045,,,,,,,,,,0.001830475297395774,,,-0.0008295412396437777,,0.001652891873021557,-0.0012729167297982106,-0.0012584517669595946,0.0009267259873844713,0.002171446186126359,0.0006651276606152812,,,,,,,,0.0010648438028119647,,,,-0.00043772235372507634,,0.0010547024332613745,-0.0003825345612865089,,,0.0022148751098488863,0.0017037500844991435,0.0011300383213514727,0.0022148751098488863,0.002768593887311108,0.004429750219697773,0.002839583474165239,0.0013423485514235676,-0.0010301744696971564,0.0007104724576190623
24,2026-05-31,2503,JP3258000003,01872901W,,,0.00098003323444641,0.0010547024332613745,0.0010159977568114159,,,,,,,,-0.0011074375549244432,0.001830475297395774,0.0011300383213514727,,,,-0.0008326598157326641,,,0.0009267259873844713,-0.0007457491952353153,-0.001977567062365077,,,0.0029930744727687656,0.001942872903376216,,,0.0011476036838595266,0.0010648438028119647,0.0011300383213514727,,,0.0012952486022508108,0.0010301744696971564,0.0010547024332613745,0.0014765834065659244,,,0.0022148751098488863,0.0017037500844991435,0.0011300383213514727,0.0022148751098488863,0.002768593887311108,,,,,0.0005098053034993433
25,2026-05-31,2587,JP3336560002,31564801W,,,-0.00033206523386040276,-0.0005349939878862045,-0.0005187061147187088,,,,,,,,-0.0011074375549244432,0.001830475297395774,-0.0005859457962563192,,-0.0008295412396437777,,-0.0008326598157326641,,,-0.00023562501168605175,-0.0007457491952353153,,,,,-0.001942872903376216,,-0.0006671310571833996,,-0.0010751820921596534,-0.0005738018419297633,,,-0.00043772235372507634,-0.00034934938641149627,-0.0003578150419788185,-0.0003825345612865089,,,,0.0017037500844991435,,0.0022148751098488863,0.002768593887311108,0.004429750219697773,,,-0.0010301744696971564,0.00024287181116497183
26,2026-05-31,27,HK0027032686,10711401W,,-0.0003865401587868912,-0.00033206523386040276,-0.0005349939878862045,,,-0.0003865401587868912,-0.0005607278759111105,-0.0007826413815720446,-0.0006364583648991053,,0.002734413715862823,,-0.0018457292582074053,,0.0017578373887689573,,,0.001652891873021557,-0.0012729167297982106,-0.0012584517669595946,0.0009267259873844713,-0.0007457491952353153,,,,0.0029930744727687656,0.001942872903376216,,0.001318378041576718,,0.0010648438028119647,,0.001925978356390336,,0.0012952486022508108,0.0010301744696971564,0.0010547024332613745,-0.0003825345612865089,,,,,,,,,,,-0.0010301744696971564,-9.807994321116205e-05
27,2026-05-31,2801,JP3240400006,10193201W,,,,,-0.0005187061147187088,,,,,,,,,-0.0018457292582074053,-0.0005859457962563192,,-0.0008295412396437777,,-0.0008326598157326641,,,-0.00023562501168605175,-0.0007457491952353153,-0.001977567062365077,,,,,,-0.0006671310571833996,-0.0011535807863796283,,-0.0005738018419297633,,,,,,-0.0003825345612865089,,,-0.001118623792852973,-0.0005782963733286909,-0.0005798102381803368,-0.0007508051219826733,-0.0014107484776107557,,-0.0014382305908109652,-0.0006836034289657057,-0.0010301744696971564,-0.0005471325288228069
28,2026-05-31,2802,JP3119600009,10025301W,,,0.00098003323444641,0.0010547024332613745,0.0010159977568114159,,,,,,,,,0.001830475297395774,0.0011300383213514727,,,,-0.0008326598157326641,,,-0.00023562501168605175,-0.0007457491952353153,-0.001977567062365077,,,,,,0.001318378041576718,,,,,,-0.00043772235372507634,-0.00034934938641149627,-0.0003578150419788185,-0.0003825345612865089,,,-0.001118623792852973,-0.0005782963733286909,-0.0005798102381803368,-0.0007508051219826733,-0.0014107484776107557,-0.0022600766427029453,-0.0014382305908109652,,,-0.0001425731817452605
29,2026-05-31,285A,JP3236330001,33964401W,,0.0011476036838595266,0.00098003323444641,0.0010547024332613745,0.0010159977568114159,,0.0011416882009530342,-0.0005607278759111105,-0.0007826413815720446,0.0024339286921416336,,-0.0009385064024783416,,,0.0011300383213514727,,,-0.0011596204763606737,,,0.0012656429199136494,,,,,,,,,,,,,,,,,0.0010547024332613745,,,,,,0.0011300383213514727,,,,,,0.0010206797741239108,0.0001916991676387402
30,2026-05-31,288,KYG960071028,31747801W,,,0.00098003323444641,,-0.0005187061147187088,,,,,,,,,0.001830475297395774,0.0011300383213514727,,-0.0008295412396437777,,-0.0008326598157326641,,,-0.00023562501168605175,-0.0007457491952353153,0.0006651276606152812,,,0.0029930744727687656,-0.001942872903376216,0.0009190353152899943,,-0.0011535807863796283,,-0.0005738018419297633,,,-0.00043772235372507634,-0.00034934938641149627,-0.0003578150419788185,-0.0003825345612865089,,,0.0022148751098488863,0.0017037500844991435,0.0011300383213514727,0.0022148751098488863,0.002768593887311108,0.004429750219697773,0.002839583474165239,-0.0006836034289657057,-0.0010301744696971564,0.0004659969405567637
31,2026-05-31,2914,JP3726800000,22352801W,,,-0.00033206523386040276,-0.0005349939878862045,0.0010159977568114159,,,,,,,,-0.0011074375549244432,0.001830475297395774,,,-0.0008295412396437777,,-0.0008326598157326641,-0.0012729167297982106,-0.0012584517669595946,0.0009267259873844713,-0.0007457491952353153,,,,,-0.001942872903376216,,-0.0006671310571833996,-0.0011535807863796283,,-0.0005738018419297633,,,0.0012952486022508108,0.0010301744696971564,0.0010547024332613745,-0.0003825345612865089,,,,-0.0005782963733286909,0.0011300383213514727,-0.0007508051219826733,-0.0014107484776107557,,-0.0014382305908109652,-0.0006836034289657057,,-3.0687744661727375e-05
32,2026-05-31,3,HK0003000038,01852602W,,,-0.00033206523386040276,,-0.0005187061147187088,,-0.0003865401587868912,-0.0005607278759111105,,,0.0006382925388613506,,,,,,,,,,,-0.00023562501168605175,,0.0006651276606152812,,-0.0010857230930631796,,,-0.00046433440458047936,,0.0011476036838595266,,,,,-0.00043772235372507634,,-0.0003578150419788185,,,,-0.001118623792852973,-0.0005782963733286909,,-0.0007508051219826733,-0.0014107484776107557,-0.0022600766427029453,,,,-0.00020327246213107364
33,2026-05-31,3003,JP3360800001,20801901W,,,,,,,,,,-0.0006364583648991053,,,,0.001830475297395774,,,,,,0.0012656429199136494,0.0012656429199136494,,-0.0007457491952353153,,,,,-0.001942872903376216,0.0009190353152899943,-0.0006671310571833996,-0.0011535807863796283,-0.0010751820921596534,,,,,,,,,,,0.0017037500844991435,,,,,,-0.0006836034289657057,0.0010206797741239108,0.0002024645445467335
34,2026-05-31,3382,JP3422950000,27396101W,,,0.00098003323444641,0.0010547024332613745,0.0010159977568114159,,,,,,,,,,-0.0005859457962563192,,-0.0008295412396437777,,0.001652891873021557,,,-0.00023562501168605175,,,,,,,0.0009190353152899943,0.001318378041576718,,0.0010648438028119647,0.0011300383213514727,,,-0.00043772235372507634,-0.00034934938641149627,-0.0003578150419788185,0.0014765834065659244,,,-0.001118623792852973,,,-0.0007508051219826733,0.002768593887311108,0.004429750219697773,,,,0.00030800649191918176
35,2026-05-31,3402,JP3621000003,10072401W,,-0.0003865401587868912,-0.00033206523386040276,-0.0005349939878862045,,,-0.0003865401587868912,-0.0005607278759111105,,-0.0006364583648991053,,-0.0009385064024783416,-0.0011074375549244432,0.001830475297395774,,-0.0005375910460798267,,,-0.0008326598157326641,,,-0.00023562501168605175,,,,,,,0.0009190353152899943,,,0.0010648438028119647,,0.001925978356390336,,,0.0010301744696971564,0.0010547024332613745,-0.0003825345612865089,,,,,,,0.002768593887311108,,,,,0.00021205668821506053
36,2026-05-31,3407,JP3111200006,10025801W,,,,,,,0.0011416882009530342,,,-0.0006364583648991053,,-0.0009385064024783416,,-0.0018457292582074053,,-0.0005375910460798267,-0.0008295412396437777,,-0.0008326598157326641,,,-0.00023562501168605175,,,,,,,0.0009190353152899943,,,,-0.0005738018419297633,0.001925978356390336,,,0.0010301744696971564,0.0010547024332613745,-0.0003825345612865089,,,,0.0017037500844991435,,,0.002768593887311108,0.004429750219697773,,,,0.0001332763061243771
37,2026-05-31,3659,JP3758190007,31130501W,,,,,-0.0005187061147187088,,-0.0003865401587868912,-0.0005607278759111105,,-0.0006364583648991053,,,,-0.0018457292582074053,,,,,-0.0008326598157326641,,,-0.00023562501168605175,,,,,,,,,,,,,,,-0.00034934938641149627,-0.0003578150419788185,,,,,,,,,,,0.0013423485514235676,,-0.00019200446053613748
38,2026-05-31,388,HK0388045442,24063701W,,0.0011476036838595266,0.00098003323444641,0.0010547024332613745,-0.0005187061147187088,,,0.0016406482295176937,,,-0.001893055649443493,,,,,-0.0005375910460798267,0.0016285846395947695,,,,,-0.00023562501168605175,-0.0007457491952353153,,,0.0031641072997841235,,,-0.00046433440458047936,,,,,,,,-0.00034934938641149627,-0.0003578150419788185,,,,-0.001118623792852973,-0.0005782963733286909,-0.0005798102381803368,-0.0007508051219826733,-0.0014107484776107557,,-0.0014382305908109652,,,-6.80364973792672e-05
39,2026-05-31,4062,JP3148800000,10262001W,,-0.0003865401587868912,-0.00033206523386040276,-0.0005349939878862045,,,0.0011416882009530342,-0.0005607278759111105,-0.0007826413815720446,-0.0006364583648991053,,-0.0009385064024783416,,-0.0018457292582074053,-0.0005859457962563192,,,-0.0011596204763606737,,-0.0012729167297982106,,-0.00023562501168605175,,,,,,,-0.00046433440458047936,-0.0006671310571833996,-0.0011535807863796283,-0.0010751820921596534,-0.0005738018419297633,,,-0.00043772235372507634,-0.00034934938641149627,-0.0003578150419788185,-0.0003825345612865089,,,,,,,,,,,,-0.0003151387379015588
40,2026-05-31,4063,JP3371200001,10069701W,,-0.0003865401587868912,,,-0.0005187061147187088,,-0.0003865401587868912,-0.0005607278759111105,,-0.0006364583648991053,,,,,-0.0005859457962563192,-0.0005375910460798267,-0.0008295412396437777,,-0.0008326598157326641,,,-0.00023562501168605175,,,,,,,,,,,,-0.0006552884940381321,,-0.00043772235372507634,-0.00034934938641149627,-0.0003578150419788185,-0.0003825345612865089,,,,-0.0005782963733286909,,,-0.0014107484776107557,,,,,-0.00019908947025349438
41,2026-05-31,4091,JP3711600001,10104401W,,-0.0003865401587868912,-0.00033206523386040276,,,,-0.0003865401587868912,,,-0.0006364583648991053,,-0.0009385064024783416,,,,-0.0005375910460798267,-0.0008295412396437777,,,,,-0.00023562501168605175,,,,,,,,,,,-0.0005738018419297633,-0.0006552884940381321,,-0.00043772235372507634,-0.00034934938641149627,-0.0003578150419788185,-0.0003825345612865089,,,,,,,,,,,,-0.00011110567579443577
42,2026-05-31,4151,JP3256000005,10051601W,,0.0011476036838595266,0.00098003323444641,0.0010547024332613745,-0.0005187061147187088,,,,-0.0007826413815720446,,,,-0.0011074375549244432,-0.0018457292582074053,,-0.0005375910460798267,,-0.0011596204763606737,-0.0008326598157326641,,-0.0012584517669595946,-0.00023562501168605175,-0.0007457491952353153,-0.001977567062365077,,,0.0029930744727687656,,-0.00046433440458047936,,,0.0010648438028119647,,,,-0.00043772235372507634,,-0.0003578150419788185,,,,,0.0017037500844991435,-0.0005798102381803368,,,,,,-0.0010301744696971564,-0.000325601420946499
43,2026-05-31,4188,JP3897700005,01904502W,,-0.0003865401587868912,-0.00033206523386040276,-0.0005349939878862045,0.0010159977568114159,,-0.0003865401587868912,,,-0.0006364583648991053,,-0.0009385064024783416,,,,-0.0005375910460798267,,,,,,-0.00023562501168605175,,,,,,0.001942872903376216,,,,0.0010648438028119647,0.0011300383213514727,,,-0.00043772235372507634,-0.00034934938641149627,-0.0003578150419788185,-0.0003825345612865089,,,,0.0017037500844991435,0.0011300383213514727,,0.002768593887311108,0.004429750219697773,,0.0013423485514235676,,0.0002868180832833669
44,2026-05-31,4307,JP3762800005,24960401W,,-0.0003865401587868912,-0.00033206523386040276,-0.0005349939878862045,,,-0.0003865401587868912,-0.0005607278759111105,-0.0007826413815720446,-0.0006364583648991053,,-0.0009385064024783416,,0.001830475297395774,,,,-0.0011596204763606737,,,,-0.00023562501168605175,,,,,,,,-0.0006671310571833996,-0.0011535807863796283,-0.0010751820921596534,-0.0005738018419297633,,,-0.00043772235372507634,,,-0.0003825345612865089,,,,,,,,,,,,2.2889545025364705e-05
45,2026-05-31,4452,JP3205800000,01871501W,,,-0.00033206523386040276,-0.0005349939878862045,,,,,,,,,,-0.0018457292582074053,-0.0005859457962563192,,-0.0008295412396437777,,-0.0008326598157326641,,,-0.00023562501168605175,-0.0007457491952353153,0.0006651276606152812,,,,,,,,,,,,,,,-0.0003825345612865089,,,-0.001118623792852973,-0.0005782963733286909,,-0.0007508051219826733,,,-0.0014382305908109652,,-0.0010301744696971564,-0.00035414131969573997
46,2026-05-31,4502,JP3463000004,10071801W,,,,0.0010547024332613745,-0.0005187061147187088,,,,-0.0007826413815720446,,,,,-0.0018457292582074053,-0.0005859457962563192,-0.0005375910460798267,-0.0008295412396437777,-0.0011596204763606737,,-0.0012729167297982106,,-0.00023562501168605175,,0.0006651276606152812,,,,,-0.00046433440458047936,,,,,,,-0.00043772235372507634,-0.00034934938641149627,-0.0003578150419788185,,,,-0.001118623792852973,,-0.0005798102381803368,-0.0007508051219826733,,,,0.0013423485514235676,,-0.00022636709119371225
47,2026-05-31,4503,JP3942400007,10066801W,,0.0011476036838595266,0.00098003323444641,0.0010547024332613745,0.0010159977568114159,,,,-0.0007826413815720446,,,,-0.0011074375549244432,0.001830475297395774,,0.0017578373887689573,-0.0008295412396437777,-0.0011596204763606737,-0.0008326598157326641,,,-0.00023562501168605175,,0.0006651276606152812,,,-0.0029930744727687656,-0.001942872903376216,0.0009190353152899943,,,,,,,-0.00043772235372507634,,0.0010547024332613745,,,,-0.001118623792852973,-0.0005782963733286909,0.0011300383213514727,-0.0007508051219826733,,,,-0.0006836034289657057,,0.00013754172218321758
48,2026-05-31,4507,JP3347200002,10070701W,,0.0011476036838595266,0.00098003323444641,,,,,,-0.0007826413815720446,,,,-0.0011074375549244432,-0.0018457292582074053,,0.0017578373887689573,-0.0008295412396437777,-0.0011596204763606737,-0.0008326598157326641,-0.0012729167297982106,-0.0012584517669595946,-0.00023562501168605175,-0.0007457491952353153,0.0006651276606152812,,,0.0029930744727687656,0.001942872903376216,-0.00046433440458047936,,,,,,,-0.00043772235372507634,-0.00034934938641149627,-0.0003578150419788185,,,,0.0022148751098488863,0.0017037500844991435,0.0011300383213514727,0.0022148751098488863,,,,0.0013423485514235676,-0.0010301744696971564,-8.951368715565312e-05
49,2026-05-31,4519,JP3519400000,10044101W,,0.0011476036838595266,0.00098003323444641,0.0010547024332613745,,,,,0.00303407549294368,,,,-0.0011074375549244432,-0.0018457292582074053,-0.0005859457962563192,-0.0005375910460798267,-0.0008295412396437777,0.004520153285405891,-0.0008326598157326641,,-0.0012584517669595946,-0.00023562501168605175,-0.0007457491952353153,-0.001977567062365077,,,,,-0.00046433440458047936,-0.0006671310571833996,-0.0011535807863796283,,-0.0005738018419297633,,,,-0.00034934938641149627,-0.0003578150419788185,,,,-0.001118623792852973,-0.0005782963733286909,,-0.0007508051219826733,,,,-0.0006836034289657057,-0.0010301744696971564,-0.0003685726109009602
50,2026-05-31,4523,JP3160400002,10041801W,,-0.0003865401587868912,-0.00033206523386040276,,,,,,-0.0007826413815720446,,,,-0.0011074375549244432,-0.0018457292582074053,-0.0005859457962563192,0.0017578373887689573,-0.0008295412396437777,-0.0011596204763606737,-0.0008326598157326641,,,-0.00023562501168605175,-0.0007457491952353153,0.0006651276606152812,,,-0.0029930744727687656,-0.001942872903376216,0.0009190353152899943,-0.0006671310571833996,-0.0011535807863796283,-0.0010751820921596534,-0.0005738018419297633,,,-0.00043772235372507634,-0.00034934938641149627,-0.0003578150419788185,,,,-0.001118623792852973,-0.0005782963733286909,,-0.0007508051219826733,,,,-0.0006836034289657057,,-0.0003963131373641671
51,2026-05-31,4543,JP3546800008,10214601W,,-0.0003865401587868912,-0.00033206523386040276,,,,,,-0.0007826413815720446,,,,,-0.0018457292582074053,0.0011300383213514727,-0.0005375910460798267,-0.0008295412396437777,-0.0011596204763606737,-0.0008326598157326641,,,-0.00023562501168605175,-0.0007457491952353153,-0.001977567062365077,,,,,,,,0.0010648438028119647,0.0011300383213514727,,,-0.00043772235372507634,-0.00034934938641149627,-0.0003578150419788185,,,,-0.001118623792852973,,,-0.0007508051219826733,,,,,-0.0010301744696971564,-0.0003988940860400909
52,2026-05-31,4568,JP3475350009,10033601W,,-0.0003865401587868912,-0.00033206523386040276,,0.0010159977568114159,,,,-0.0007826413815720446,,,,-0.0011074375549244432,-0.0018457292582074053,,-0.0005375910460798267,-0.0008295412396437777,-0.0011596204763606737,-0.0008326598157326641,,,-0.00023562501168605175,-0.0007457491952353153,,,,-0.0029930744727687656,-0.001942872903376216,0.0009190353152899943,-0.0006671310571833996,-0.0011535807863796283,-0.0010751820921596534,-0.0005738018419297633,,,,0.0010301744696971564,0.0010547024332613745,,,,0.0022148751098488863,,0.0011300383213514727,0.0022148751098488863,,,,-0.0006836034289657057,,-0.00017378403222755758
53,2026-05-31,4578,JP3188220002,29628801W,,0.0011476036838595266,0.00098003323444641,0.0010547024332613745,,,,,-0.0007826413815720446,,,,,0.001830475297395774,-0.0005859457962563192,-0.0005375910460798267,-0.0008295412396437777,-0.0011596204763606737,-0.0008326598157326641,,,-0.00023562501168605175,-0.0007457491952353153,,,,,,,,,,,,,-0.00043772235372507634,-0.00034934938641149627,-0.0003578150419788185,,,,0.0022148751098488863,0.0017037500844991435,,0.0022148751098488863,,,,,-0.0010301744696971564,0.00019173701859434176
54,2026-05-31,4612,JP3749400002,10189201W,,-0.0003865401587868912,-0.00033206523386040276,,,,0.0011416882009530342,,,-0.0006364583648991053,,-0.0009385064024783416,-0.0011074375549244432,0.001830475297395774,-0.0005859457962563192,-0.0005375910460798267,-0.0008295412396437777,,-0.0008326598157326641,,,-0.00023562501168605175,,,,,,,0.0009190353152899943,,,,,0.001925978356390336,,,,,-0.0003825345612865089,,,,0.0017037500844991435,,,,,,,,0.0001697382724929078
55,2026-05-31,4661,JP3198900007,21319301W,,-0.0003865401587868912,-0.00033206523386040276,-0.0005349939878862045,-0.0005187061147187088,,-0.0003865401587868912,-0.0005607278759111105,-0.0007826413815720446,-0.0006364583648991053,,0.002734413715862823,,-0.0018457292582074053,-0.0005859457962563192,-0.0005375910460798267,-0.0008295412396437777,,0.001652891873021557,-0.0012729167297982106,-0.0012584517669595946,-0.00023562501168605175,-0.0007457491952353153,,,,,,-0.00046433440458047936,-0.0006671310571833996,-0.0011535807863796283,,-0.0005738018419297633,-0.0006552884940381321,,-0.00043772235372507634,-0.00034934938641149627,,-0.0003825345612865089,,,,,,,,,,,-0.0010301744696971564,-0.00038298190793204027
56,2026-05-31,4684,JP3173400007,22545601W,,-0.0003865401587868912,-0.00033206523386040276,,-0.0005187061147187088,,,0.0016406482295176937,-0.0007826413815720446,-0.0006364583648991053,,0.002734413715862823,0.0011019279153477047,,-0.0005859457962563192,,,-0.0011596204763606737,,-0.0012729167297982106,-0.0012584517669595946,-0.00023562501168605175,,,,,,,-0.00046433440458047936,,,,-0.0005738018419297633,,,-0.00043772235372507634,-0.00034934938641149627,-0.0003578150419788185,-0.0003825345612865089,,,,,,,,,,,-0.0010301744696971564,-0.00011620713781427247
57,2026-05-31,4689,JP3933800009,21450901W,,,,,0.0010159977568114159,,-0.0003865401587868912,0.0016406482295176937,,-0.0006364583648991053,,-0.0009385064024783416,-0.0011074375549244432,,,,-0.0008295412396437777,,-0.0008326598157326641,,,-0.00023562501168605175,,,,,,0.001942872903376216,0.0009190353152899943,,,,,,,,,,,,,,,,,,,,0.0013423485514235676,,7.849998174762004e-05
58,2026-05-31,4755,JP3967200001,23625901W,,-0.0003865401587868912,-0.00033206523386040276,-0.0005349939878862045,,,-0.0003865401587868912,-0.0005607278759111105,-0.0007826413815720446,-0.0006364583648991053,,-0.0009385064024783416,-0.0011074375549244432,,,-0.0005375910460798267,-0.0008295412396437777,,0.001652891873021557,0.0012656429199136494,,-0.00023562501168605175,0.002171446186126359,,,,0.0029930744727687656,0.001942872903376216,0.0009190353152899943,-0.0006671310571833996,,-0.0010751820921596534,-0.0005738018419297633,,,-0.00043772235372507634,-0.00034934938641149627,-0.0003578150419788185,-0.0003825345612865089,,,,,,,,,,0.0013423485514235676,0.0010206797741239108,0.00010665442495459395
59,2026-05-31,4768,JP3188200004,23949801W,,0.0011476036838595266,,,-0.0005187061147187088,,0.0011416882009530342,-0.0005607278759111105,-0.0007826413815720446,-0.0006364583648991053,,-0.0009385064024783416,,-0.0018457292582074053,0.0011300383213514727,,,-0.0011596204763606737,,0.0012656429199136494,0.0012656429199136494,-0.00023562501168605175,,,,,,,0.0009190353152899943,0.001318378041576718,0.0011476036838595266,0.0010648438028119647,0.0011300383213514727,,,-0.00043772235372507634,,0.0010547024332613745,0.0014765834065659244,,,,,-0.0005798102381803368,,,,,,,-6.297962095576695e-06
60,2026-05-31,4901,JP3814000000,00492501W,,-0.0003865401587868912,-0.00033206523386040276,-0.0005349939878862045,-0.0005187061147187088,,0.0011416882009530342,-0.0005607278759111105,-0.0007826413815720446,-0.0006364583648991053,,-0.0009385064024783416,,-0.0018457292582074053,,,,-0.0011596204763606737,,,,-0.00023562501168605175,,,,,,,0.0009190353152899943,-0.0006671310571833996,-0.0011535807863796283,,-0.0005738018419297633,,,-0.00043772235372507634,-0.00034934938641149627,,,,,,,,,,,,,,-0.00025146623321589125
61,2026-05-31,4911,JP3351600006,01934401W,,,0.00098003323444641,0.0010547024332613745,-0.0005187061147187088,,,,,,,,-0.0011074375549244432,-0.0018457292582074053,0.0011300383213514727,,,,-0.0008326598157326641,,,-0.00023562501168605175,-0.0007457491952353153,0.0006651276606152812,,,0.0029930744727687656,0.001942872903376216,-0.00046433440458047936,0.001318378041576718,0.0011476036838595266,0.0010648438028119647,0.0011300383213514727,,,-0.00043772235372507634,-0.00034934938641149627,-0.0003578150419788185,-0.0003825345612865089,,,-0.001118623792852973,-0.0005782963733286909,-0.0005798102381803368,-0.0007508051219826733,-0.0014107484776107557,-0.0022600766427029453,-0.0014382305908109652,0.0013423485514235676,,-0.0003113219283238222
62,2026-05-31,5016,JP3379550001,36616301W,,,0.00098003323444641,0.0010547024332613745,,,0.0011416882009530342,,,-0.0006364583648991053,,-0.0009385064024783416,,,-0.0005859457962563192,-0.0005375910460798267,,,-0.0008326598157326641,,,-0.00023562501168605175,,,,,,,-0.00046433440458047936,,,,,0.001925978356390336,,-0.00043772235372507634,-0.00034934938641149627,-0.0003578150419788185,,,,,-0.0005782963733286909,,,-0.0014107484776107557,-0.0022600766427029453,,,,-8.685696213992231e-05
63,2026-05-31,5019,JP3142500002,27944901W,,,,,,,-0.0003865401587868912,-0.0005607278759111105,,,0.0006382925388613506,,,,0.0011300383213514727,,,,,0.0012656429199136494,0.0012656429199136494,-0.00023562501168605175,,0.0006651276606152812,,,,0.001942872903376216,,,,0.0010648438028119647,0.0011300383213514727,-0.0006552884940381321,,,,,0.0014765834065659244,,,,,0.0011300383213514727,,,,,0.0013423485514235676,,0.00021491689302782747
64,2026-05-31,5020,JP3386450005,10015801W,,,,,0.0010159977568114159,,0.0011416882009530342,,,,0.0006382925388613506,,,,,,,,,0.0012656429199136494,0.0012656429199136494,-0.00023562501168605175,,0.0006651276606152812,,,,0.001942872903376216,,,-0.0011535807863796283,-0.0010751820921596534,-0.0005738018419297633,-0.0006552884940381321,,,,,-0.0003825345612865089,,,,,-0.0005798102381803368,,,,,,,9.83708983096423e-05
65,2026-05-31,5108,JP3830800003,10036901W,,-0.0003865401587868912,-0.00033206523386040276,-0.0005349939878862045,0.0010159977568114159,,0.0011416882009530342,0.0016406482295176937,-0.0007826413815720446,-0.0006364583648991053,,,-0.0011074375549244432,0.001830475297395774,0.0011300383213514727,-0.0005375910460798267,,,-0.0008326598157326641,,,-0.00023562501168605175,-0.0007457491952353153,,,,0.0029930744727687656,0.001942872903376216,,,0.0011476036838595266,0.0010648438028119647,0.0011300383213514727,,,,0.0010301744696971564,0.0010547024332613745,0.0014765834065659244,,,,,,,,,,0.0013423485514235676,-0.0010301744696971564,0.0003532971763508947
66,2026-05-31,5201,JP3112000009,10025901W,,-0.0003865401587868912,-0.00033206523386040276,-0.0005349939878862045,0.0010159977568114159,,0.0011416882009530342,,,,-0.001893055649443493,,,,-0.0005859457962563192,,,,,,,0.0009267259873844713,,-0.001977567062365077,,,,,-0.00046433440458047936,-0.0006671310571833996,,-0.0010751820921596534,0.0011300383213514727,,,0.0012952486022508108,0.0010301744696971564,0.0010547024332613745,,,,,,0.0011300383213514727,,,,,-0.0006836034289657057,,4.212646912610916e-05
67,2026-05-31,5401,JP3381000003,10015501W,,-0.0003865401587868912,-0.00033206523386040276,-0.0005349939878862045,-0.0005187061147187088,,0.0011416882009530342,,,-0.0006364583648991053,,-0.0009385064024783416,,0.001830475297395774,,-0.0005375910460798267,,,-0.0008326598157326641,,,-0.00023562501168605175,,,,,,0.001942872903376216,-0.00046433440458047936,-0.0006671310571833996,-0.0011535807863796283,-0.0010751820921596534,-0.0005738018419297633,-0.0006552884940381321,,-0.00043772235372507634,-0.00034934938641149627,-0.0003578150419788185,-0.0003825345612865089,,,,0.0017037500844991435,0.0011300383213514727,,0.002768593887311108,,,,,0.00017420683716900805
68,2026-05-31,5411,JP3386030005,25373801W,,-0.0003865401587868912,-0.00033206523386040276,,0.0010159977568114159,,-0.0003865401587868912,,,-0.0006364583648991053,,-0.0009385064024783416,,,,-0.0005375910460798267,,,-0.0008326598157326641,,,-0.00023562501168605175,,,,,,0.001942872903376216,-0.00046433440458047936,-0.0006671310571833996,,-0.0010751820921596534,-0.0005738018419297633,-0.0006552884940381321,,-0.00043772235372507634,-0.00034934938641149627,-0.0003578150419788185,-0.0003825345612865089,,,,0.0017037500844991435,0.0011300383213514727,,0.002768593887311108,0.004429750219697773,,-0.0006836034289657057,,0.00013078940512778895
69,2026-05-31,5713,JP3402600005,10014501W,,0.0011476036838595266,0.00098003323444641,0.0010547024332613745,0.0010159977568114159,,-0.0003865401587868912,0.0016406482295176937,,-0.0006364583648991053,,-0.0009385064024783416,,-0.0018457292582074053,,-0.0005375910460798267,-0.0008295412396437777,,-0.0008326598157326641,,,-0.00023562501168605175,,,,,,,0.0009190353152899943,-0.0006671310571833996,-0.0011535807863796283,-0.0010751820921596534,-0.0005738018419297633,-0.0006552884940381321,,-0.00043772235372507634,-0.00034934938641149627,-0.0003578150419788185,-0.0003825345612865089,,,,-0.0005782963733286909,,,-0.0014107484776107557,-0.0022600766427029453,,-0.0006836034289657057,,-0.0003171920207348714
70,2026-05-31,5802,JP3407400005,01941301W,,0.0011476036838595266,0.00098003323444641,0.0010547024332613745,,,0.0011416882009530342,0.0016406482295176937,-0.0007826413815720446,-0.0006364583648991053,,-0.0009385064024783416,-0.0011074375549244432,,,-0.0005375910460798267,,,-0.0008326598157326641,,,0.0009267259873844713,-0.0007457491952353153,,,,,,,,,,-0.0005738018419297633,0.001925978356390336,,,,,-0.0003825345612865089,,,,,,,,,,-0.0006836034289657057,,8.118366783283851e-05
71,2026-05-31,5803,JP3811000003,10271701W,,,0.00098003323444641,0.0010547024332613745,,,0.0011416882009530342,,,,,,,,0.0011300383213514727,,,,,0.0012656429199136494,,0.0009267259873844713,,0.0006651276606152812,,,,,,,,,,0.001925978356390336,,0.0012952486022508108,-0.00034934938641149627,-0.0003578150419788185,-0.0003825345612865089,,,,,,,,,,-0.0006836034289657057,-0.0010301744696971564,0.00014011321088562575
72,2026-05-31,6,HK0006000050,01659001W,,,,,,,-0.0003865401587868912,-0.0005607278759111105,,,0.0006382925388613506,,,,,,,,,-0.0012729167297982106,-0.0012584517669595946,0.0009267259873844713,,0.0006651276606152812,,-0.0010857230930631796,,,-0.00046433440458047936,,,,,0.001925978356390336,,-0.00043772235372507634,,-0.0003578150419788185,,,,,-0.0005782963733286909,,-0.0007508051219826733,-0.0014107484776107557,-0.0022600766427029453,,,-0.0010301744696971564,-0.00019410146210391266
73,2026-05-31,6098,JP3970300004,31851001W,,0.0011476036838595266,0.00098003323444641,,0.0010159977568114159,,-0.0003865401587868912,,,,0.0006382925388613506,,,,,,,,,0.0012656429199136494,,-0.00023562501168605175,,0.0006651276606152812,,,,,,0.001318378041576718,0.0011476036838595266,,,0.001925978356390336,,0.0012952486022508108,,,-0.0003825345612865089,,,,,0.0011300383213514727,,,,,0.0013423485514235676,-0.0010301744696971564,0.0002262643326558
74,2026-05-31,6146,JP3548600000,20149101W,,,,0.0010547024332613745,,,-0.0003865401587868912,-0.0005607278759111105,0.00303407549294368,0.0024339286921416336,,,0.0011019279153477047,,0.0011300383213514727,,,0.004520153285405891,,,,-0.00023562501168605175,,,,,,,-0.00046433440458047936,,-0.0011535807863796283,,-0.0005738018419297633,,,,-0.00034934938641149627,-0.0003578150419788185,-0.0003825345612865089,,,,,,,,,,,-0.0010301744696971564,2.195085957612587e-05
75,2026-05-31,6178,JP3752900005,32061101W,,,,,,,0.0011416882009530342,0.0016406482295176937,,,0.0006382925388613506,,,,,0.0017578373887689573,-0.0008295412396437777,,,,,-0.00023562501168605175,,,,-0.0010857230930631796,,,0.0009190353152899943,,,0.0010648438028119647,0.0011300383213514727,,,,0.0010301744696971564,0.0010547024332613745,,,,,0.0017037500844991435,,-0.0007508051219826733,0.002768593887311108,,,,0.0010206797741239108,0.000263441072094369
76,2026-05-31,6273,JP3162600005,20812401W,,,,0.0010547024332613745,-0.0005187061147187088,,-0.0003865401587868912,,,,-0.001893055649443493,,,,0.0011300383213514727,,,,,-0.0012729167297982106,-0.0012584517669595946,-0.00023562501168605175,,-0.001977567062365077,,,,,-0.00046433440458047936,0.001318378041576718,0.0011476036838595266,0.0010648438028119647,0.0011300383213514727,-0.0006552884940381321,,-0.00043772235372507634,-0.00034934938641149627,-0.0003578150419788185,,,,,,-0.0005798102381803368,,,,,-0.0006836034289657057,-0.0010301744696971564,-0.00022178329595909428
77,2026-05-31,6301,JP3304200003,00649401W,,-0.0003865401587868912,-0.00033206523386040276,-0.0005349939878862045,-0.0005187061147187088,,0.0011416882009530342,,,,,,,,0.0011300383213514727,,,,,,,-0.00023562501168605175,,,,,,,,,,,,-0.0006552884940381321,,,,,0.0014765834065659244,,,,,-0.0005798102381803368,,,,,-0.0006836034289657057,-0.0010301744696971564,-3.5802618115273064e-05
78,2026-05-31,6326,JP3266400005,00650601W,,0.0011476036838595266,0.00098003323444641,0.0010547024332613745,-0.0005187061147187088,,0.0011416882009530342,,,,0.0006382925388613506,,,,,,,,,,,-0.00023562501168605175,,,,,,,-0.00046433440458047936,,,0.0010648438028119647,0.0011300383213514727,-0.0006552884940381321,,-0.00043772235372507634,-0.00034934938641149627,-0.0003578150419788185,0.0014765834065659244,,,,,-0.0005798102381803368,,,,,,,8.417848077959659e-05
79,2026-05-31,6361,JP3166000004,10040801W,,,,,-0.0005187061147187088,,-0.0003865401587868912,,,,-0.001893055649443493,,,,0.0011300383213514727,,,,,,,-0.00023562501168605175,,-0.001977567062365077,,,,,,-0.0006671310571833996,-0.0011535807863796283,-0.0010751820921596534,-0.0005738018419297633,-0.0006552884940381321,,-0.00043772235372507634,-0.00034934938641149627,-0.0003578150419788185,-0.0003825345612865089,,,,,-0.0005798102381803368,,,,,-0.0006836034289657057,,-0.00021497068761512642
80,2026-05-31,6367,JP3481800005,10113801W,,-0.0003865401587868912,-0.00033206523386040276,-0.0005349939878862045,-0.0005187061147187088,,0.0011416882009530342,,,,-0.001893055649443493,,,,0.0011300383213514727,,,,,,,-0.00023562501168605175,,,,,,,0.0009190353152899943,,,0.0010648438028119647,0.0011300383213514727,-0.0006552884940381321,,-0.00043772235372507634,-0.00034934938641149627,,0.0014765834065659244,,,,,,,,,,,-0.0010301744696971564,4.651123751616149e-06
81,2026-05-31,6383,JP3497400006,10224501W,,,,,-0.0005187061147187088,,,,,,,,,,-0.0005859457962563192,,,,,,,-0.00023562501168605175,,0.0006651276606152812,,,,,-0.00046433440458047936,-0.0006671310571833996,-0.0011535807863796283,-0.0010751820921596534,-0.0005738018419297633,0.001925978356390336,,-0.00043772235372507634,-0.00034934938641149627,-0.0003578150419788185,-0.0003825345612865089,,,,,-0.0005798102381803368,,,,,-0.0006836034289657057,-0.0010301744696971564,-9.18299664320843e-05
82,2026-05-31,6479,JP3906000009,01900201W,,-0.0003865401587868912,-0.00033206523386040276,-0.0005349939878862045,0.0010159977568114159,,,,,,-0.001893055649443493,,,,-0.0005859457962563192,,,,,,,-0.00023562501168605175,,,,,,,0.0009190353152899943,,,0.0010648438028119647,0.0011300383213514727,0.001925978356390336,,-0.00043772235372507634,,,0.0014765834065659244,,,,,,,,,,,,8.301563529782334e-05
83,2026-05-31,6501,JP3788600009,00565001W,,-0.0003865401587868912,-0.00033206523386040276,,0.0010159977568114159,,-0.0003865401587868912,,,,0.0006382925388613506,,,,-0.0005859457962563192,,,,,,,-0.00023562501168605175,,0.0006651276606152812,,,,,-0.00046433440458047936,,,,,0.001925978356390336,,-0.00043772235372507634,-0.00034934938641149627,-0.0003578150419788185,-0.0003825345612865089,,,,,,,,,,,,1.4314587568255171e-05
84,2026-05-31,6503,JP3902400005,01904301W,,0.0011476036838595266,0.00098003323444641,0.0010547024332613745,,,0.0011416882009530342,,,,,,,,0.0011300383213514727,,,,,,,-0.00023562501168605175,,0.0006651276606152812,,,,,,,,,,0.001925978356390336,,-0.00043772235372507634,-0.00034934938641149627,-0.0003578150419788185,-0.0003825345612865089,,,,,-0.0005798102381803368,,,,,-0.0006836034289657057,-0.0010301744696971564,4.0212825516445194e-05
85,2026-05-31,6504,JP3820000002,10185101W,,-0.0003865401587868912,-0.00033206523386040276,,-0.0005187061147187088,,0.0011416882009530342,,,,-0.001893055649443493,,,,-0.0005859457962563192,,,,,,,-0.00023562501168605175,,,,,,,-0.00046433440458047936,0.001318378041576718,0.0011476036838595266,0.0010648438028119647,0.0011300383213514727,,,,,,0.0014765834065659244,,,,,-0.0005798102381803368,,,,,,-0.0010301744696971564,3.2077067580079524e-05
86,2026-05-31,6586,JP3862400003,00697201W,,0.0011476036838595266,0.00098003323444641,0.0010547024332613745,-0.0005187061147187088,,0.0011416882009530342,,,,0.0006382925388613506,,,,0.0011300383213514727,,,,,,-0.0012584517669595946,0.0009267259873844713,,0.0006651276606152812,,,,,-0.00046433440458047936,-0.0006671310571833996,-0.0011535807863796283,-0.0010751820921596534,-0.0005738018419297633,0.001925978356390336,,0.0012952486022508108,0.0010301744696971564,0.0010547024332613745,-0.0003825345612865089,,,,,,,,,,0.0013423485514235676,-0.0010301744696971564,0.0002025151017948148
87,2026-05-31,6594,JP3734800000,22182101W,,-0.0003865401587868912,-0.00033206523386040276,-0.0005349939878862045,0.0010159977568114159,,-0.0003865401587868912,,,,,,,,0.0011300383213514727,,,,,,,-0.00023562501168605175,,,,,,,0.0009190353152899943,-0.0006671310571833996,-0.0011535807863796283,-0.0010751820921596534,-0.0005738018419297633,,,,0.0010301744696971564,0.0010547024332613745,-0.0003825345612865089,,,,,0.0011300383213514727,,,,,,,2.5053931904488102e-05
88,2026-05-31,66,HK0066009694,24301101W,,0.0011476036838595266,,0.0010547024332613745,-0.0005187061147187088,,-0.0003865401587868912,,,,-0.001893055649443493,,,,-0.0005859457962563192,,,,,-0.0012729167297982106,-0.0012584517669595946,-0.00023562501168605175,,-0.001977567062365077,,,,,-0.00046433440458047936,-0.0006671310571833996,-0.0011535807863796283,-0.0010751820921596534,-0.0005738018419297633,,,-0.00043772235372507634,-0.00034934938641149627,-0.0003578150419788185,,,,,,-0.0005798102381803368,,,,,-0.0006836034289657057,-0.0010301744696971564,-0.00025901843874492593
89,2026-05-31,669,HK0669013440,10340901W,,-0.0003865401587868912,-0.00033206523386040276,-0.0005349939878862045,0.0010159977568114159,,-0.0003865401587868912,,,,0.0006382925388613506,,,,-0.0005859457962563192,,,,,,,-0.00023562501168605175,,0.0006651276606152812,,,,,,-0.0006671310571833996,-0.0011535807863796283,-0.0010751820921596534,-0.0005738018419297633,-0.0006552884940381321,,-0.00043772235372507634,-0.00034934938641149627,-0.0003578150419788185,-0.0003825345612865089,,,,,0.0011300383213514727,,,,,0.0013423485514235676,,1.3977373890475103e-05
90,2026-05-31,6701,JP3733000008,00765201W,,-0.0003865401587868912,-0.00033206523386040276,-0.0005349939878862045,0.0010159977568114159,,0.0011416882009530342,-0.0005607278759111105,-0.0007826413815720446,-0.0006364583648991053,,-0.0009385064024783416,-0.0011074375549244432,-0.0018457292582074053,,,,-0.0011596204763606737,,0.0012656429199136494,,-0.00023562501168605175,,,,,,,-0.00046433440458047936,,,0.0010648438028119647,,,,-0.00043772235372507634,-0.00034934938641149627,-0.0003578150419788185,-0.0003825345612865089,,,,,,,,,,,,-0.0001971849304973221
91,2026-05-31,6702,JP3818000006,01846701W,,-0.0003865401587868912,-0.00033206523386040276,,,,-0.0003865401587868912,-0.0005607278759111105,-0.0007826413815720446,-0.0006364583648991053,,-0.0009385064024783416,-0.0011074375549244432,-0.0018457292582074053,0.0011300383213514727,,,-0.0011596204763606737,,0.0012656429199136494,,-0.00023562501168605175,,,,,,,-0.00046433440458047936,-0.0006671310571833996,,,,,,-0.00043772235372507634,-0.00034934938641149627,-0.0003578150419788185,-0.0003825345612865089,,,,,,,,,,,,-0.0002629799053780196
92,2026-05-31,6723,JP3164720009,25766401W,,0.0011476036838595266,0.00098003323444641,0.0010547024332613745,,,-0.0003865401587868912,,-0.0007826413815720446,-0.0006364583648991053,,,0.0011019279153477047,0.001830475297395774,-0.0005859457962563192,,,-0.0011596204763606737,,-0.0012729167297982106,-0.0012584517669595946,-0.00023562501168605175,,,,,,,-0.00046433440458047936,,,0.0010648438028119647,0.0011300383213514727,,,-0.00043772235372507634,-0.00034934938641149627,-0.0003578150419788185,0.0014765834065659244,,,,,-0.0005798102381803368,,,,,,,0.00013846353314031604
93,2026-05-31,6752,JP3866800000,00711401W,,-0.0003865401587868912,-0.00033206523386040276,-0.0005349939878862045,0.0010159977568114159,,0.0011416882009530342,-0.0005607278759111105,-0.0007826413815720446,-0.0006364583648991053,,-0.0009385064024783416,,-0.0018457292582074053,0.0011300383213514727,-0.0005375910460798267,-0.0008295412396437777,,,,,-0.00023562501168605175,-0.0007457491952353153,,,,0.0029930744727687656,,-0.00046433440458047936,-0.0006671310571833996,-0.0011535807863796283,,-0.0005738018419297633,0.001925978356390336,,-0.00043772235372507634,-0.00034934938641149627,-0.0003578150419788185,-0.0003825345612865089,,,,,,,,,,-0.0006836034289657057,,-0.00023953741701588074
94,2026-05-31,6758,JP3435000009,00981801W,,0.0011476036838595266,,,-0.0005187061147187088,,0.0011416882009530342,-0.0005607278759111105,-0.0007826413815720446,-0.0006364583648991053,,-0.0009385064024783416,,0.001830475297395774,,-0.0005375910460798267,-0.0008295412396437777,,,,,0.0009267259873844713,,,,,0.0029930744727687656,0.001942872903376216,-0.00046433440458047936,,,,,0.001925978356390336,,-0.00043772235372507634,,,-0.0003825345612865089,,,,,,,,,,0.0013423485514235676,,0.0002790852266804823
95,2026-05-31,6762,JP3538800008,01027501W,,-0.0003865401587868912,-0.00033206523386040276,-0.0005349939878862045,,,-0.0003865401587868912,-0.0005607278759111105,-0.0007826413815720446,-0.0006364583648991053,,-0.0009385064024783416,-0.0011074375549244432,-0.0018457292582074053,,,,-0.0011596204763606737,,,,-0.00023562501168605175,,,,,,,,-0.0006671310571833996,,,-0.0005738018419297633,,,-0.00043772235372507634,,,-0.0003825345612865089,,,,,,,,,,,,-0.00029910059343021226
96,2026-05-31,6823,HK0000093390,30958701W,,-0.0003865401587868912,-0.00033206523386040276,-0.0005349939878862045,,,-0.0003865401587868912,-0.0005607278759111105,,-0.0006364583648991053,,-0.0009385064024783416,0.0011019279153477047,,,,-0.0008295412396437777,,,,,-0.00023562501168605175,,,,,,,,,,,,,,,-0.00034934938641149627,-0.0003578150419788185,,,,,,,,,,,,,-8.08257453505995e-05
97,2026-05-31,6841,JP3955000009,10067101W,,-0.0003865401587868912,-0.00033206523386040276,,-0.0005187061147187088,,-0.0003865401587868912,-0.0005607278759111105,-0.0007826413815720446,-0.0006364583648991053,,-0.0009385064024783416,-0.0011074375549244432,-0.0018457292582074053,,,,-0.0011596204763606737,,,,-0.00023562501168605175,,,,,,,,,,0.0010648438028119647,0.0011300383213514727,,,-0.00043772235372507634,-0.00034934938641149627,-0.0003578150419788185,0.0014765834065659244,,,,,,,,,,,,-0.00022776702746637865
98,2026-05-31,6857,JP3122400009,10024501W,,,0.00098003323444641,,,,0.0011416882009530342,-0.0005607278759111105,0.00303407549294368,0.0024339286921416336,,,,0.001830475297395774,0.0011300383213514727,,,0.004520153285405891,,0.0012656429199136494,,0.0009267259873844713,,,,,,,,0.001318378041576718,0.0011476036838595266,,0.0011300383213514727,,,0.0012952486022508108,-0.00034934938641149627,-0.0003578150419788185,,,,,,-0.0005798102381803368,,,,,,,0.00037009652675428525
99,2026-05-31,6861,JP3236200006,10322801W,,-0.0003865401587868912,-0.00033206523386040276,,-0.0005187061147187088,,,-0.0005607278759111105,-0.0007826413815720446,-0.0006364583648991053,,0.002734413715862823,-0.0011074375549244432,,,,,-0.0011596204763606737,,-0.0012729167297982106,-0.0012584517669595946,-0.00023562501168605175,,,,,,,-0.00046433440458047936,-0.0006671310571833996,,,-0.0005738018419297633,,,-0.00043772235372507634,-0.00034934938641149627,-0.0003578150419788185,-0.0003825345612865089,,,,,-0.0005798102381803368,,,,,,-0.0010301744696971564,-0.00023214907233787055
100,2026-05-31,6902,JP3551500006,01911201W,,-0.0003865401587868912,-0.00033206523386040276,-0.0005349939878862045,,,0.0011416882009530342,-0.0005607278759111105,-0.0007826413815720446,-0.0006364583648991053,,-0.0009385064024783416,-0.0011074375549244432,-0.0018457292582074053,-0.0005859457962563192,-0.0005375910460798267,-0.0008295412396437777,,-0.0008326598157326641,,,0.0009267259873844713,-0.0007457491952353153,,,,,,,-0.0006671310571833996,-0.0011535807863796283,-0.0010751820921596534,-0.0005738018419297633,0.001925978356390336,,,0.0010301744696971564,0.0010547024332613745,-0.0003825345612865089,,,,,,,,,,,,-0.00018532013620130587
101,2026-05-31,6920,JP3979200007,20197401W,,-0.0003865401587868912,-0.00033206523386040276,,-0.0005187061147187088,,0.0011416882009530342,,0.00303407549294368,0.0024339286921416336,,-0.0009385064024783416,0.0011019279153477047,-0.0018457292582074053,0.0011300383213514727,,,0.004520153285405891,,,,0.0009267259873844713,,,,,,,-0.00046433440458047936,0.001318378041576718,0.0011476036838595266,,,,,0.0012952486022508108,,,0.0014765834065659244,,,,,-0.0005798102381803368,,,,,,-0.0010301744696971564,3.072589567774229e-05
102,2026-05-31,6954,JP3802400006,10004801W,,,0.00098003323444641,0.0010547024332613745,-0.0005187061147187088,,,,,,0.0006382925388613506,,,,0.0011300383213514727,,,,,-0.0012729167297982106,-0.0012584517669595946,-0.00023562501168605175,,,,,,,-0.00046433440458047936,0.001318378041576718,0.0011476036838595266,,0.0011300383213514727,0.001925978356390336,,-0.00043772235372507634,-0.00034934938641149627,-0.0003578150419788185,0.0014765834065659244,,,,,-0.0005798102381803368,,,,,,-0.0010301744696971564,-1.6191353755801924e-06
103,2026-05-31,6971,JP3249600002,00651201W,,0.0011476036838595266,0.00098003323444641,0.0010547024332613745,0.0010159977568114159,,0.0011416882009530342,-0.0005607278759111105,-0.0007826413815720446,-0.0006364583648991053,,-0.0009385064024783416,,,,,,-0.0011596204763606737,,,,-0.00023562501168605175,,,,,,,-0.00046433440458047936,-0.0006671310571833996,-0.0011535807863796283,-0.0010751820921596534,-0.0005738018419297633,,,-0.00043772235372507634,-0.00034934938641149627,-0.0003578150419788185,-0.0003825345612865089,,,,,-0.0005798102381803368,,,,,,-0.0010301744696971564,-4.81256131820287e-05
104,2026-05-31,6981,JP3914400001,10022601W,,,,,,,0.0011416882009530342,-0.0005607278759111105,-0.0007826413815720446,-0.0006364583648991053,,0.002734413715862823,,-0.0018457292582074053,0.0011300383213514727,,,-0.0011596204763606737,,,,-0.00023562501168605175,,,,,,,,-0.0006671310571833996,,-0.0010751820921596534,-0.0005738018419297633,,,-0.00043772235372507634,,,-0.0003825345612865089,,,,,,,,,,,-0.0010301744696971564,-0.00022158198895615513
105,2026-05-31,6988,JP3684000007,10068301W,,-0.0003865401587868912,-0.00033206523386040276,,-0.0005187061147187088,,-0.0003865401587868912,-0.0005607278759111105,,-0.0006364583648991053,,,-0.0011074375549244432,-0.0018457292582074053,,-0.0005375910460798267,-0.0008295412396437777,,-0.0008326598157326641,,,-0.00023562501168605175,,,,,,,0.0009190353152899943,0.001318378041576718,,0.0010648438028119647,,,,,,,-0.0003825345612865089,,,,,,,,0.004429750219697773,,0.0013423485514235676,,-7.00313440446978e-05
106,2026-05-31,7011,JP3900000005,10001201W,,0.0011476036838595266,0.00098003323444641,0.0010547024332613745,,,-0.0003865401587868912,,,,,,,,-0.0005859457962563192,,,,,,,-0.00023562501168605175,,,,,,,,0.001318378041576718,,,,0.001925978356390336,,-0.00043772235372507634,-0.00034934938641149627,-0.0003578150419788185,0.0014765834065659244,,,,,-0.0005798102381803368,,,,,-0.0006836034289657057,,5.821890793319055e-05
107,2026-05-31,7012,JP3224200000,10028801W,,0.0011476036838595266,0.00098003323444641,0.0010547024332613745,,,0.0011416882009530342,,,,,,,,0.0011300383213514727,,,,,0.0012656429199136494,,0.0009267259873844713,,,,,,,0.0009190353152899943,0.001318378041576718,0.0011476036838595266,0.0010648438028119647,0.0011300383213514727,0.001925978356390336,,0.0012952486022508108,0.0010301744696971564,0.0010547024332613745,,,,,,,,,,,-0.0006836034289657057,0.0010206797741239108,0.0002996123603191477
108,2026-05-31,7013,JP3134800006,10036201W,,,,-0.0005349939878862045,-0.0005187061147187088,,0.0011416882009530342,,,,0.0006382925388613506,,,,0.0011300383213514727,,,,,0.0012656429199136494,0.0012656429199136494,0.0009267259873844713,,0.0006651276606152812,,,,,0.0009190353152899943,0.001318378041576718,0.0011476036838595266,0.0010648438028119647,0.0011300383213514727,,,0.0012952486022508108,0.0010301744696971564,0.0010547024332613745,,,,,,-0.0005798102381803368,,,,,,0.0010206797741239108,0.0002712884822005644
109,2026-05-31,7181,JP3233250004,32061001W,,,,-0.0005349939878862045,,,,-0.0005607278759111105,,,0.0006382925388613506,,0.0011019279153477047,,,-0.0005375910460798267,-0.0008295412396437777,,,,,-0.00023562501168605175,-0.0007457491952353153,,,-0.0010857230930631796,,,0.0009190353152899943,,,0.0010648438028119647,0.0011300383213514727,,,,0.0010301744696971564,,,,,,0.0017037500844991435,-0.0005798102381803368,-0.0007508051219826733,,,,,,-6.100311190914999e-06
110,2026-05-31,7182,JP3946750001,32060901W,,,0.00098003323444641,0.0010547024332613745,0.0010159977568114159,,,,,,0.0006382925388613506,,,,,0.0017578373887689573,-0.0008295412396437777,,0.001652891873021557,,,-0.00023562501168605175,0.002171446186126359,,,-0.0010857230930631796,,,-0.00046433440458047936,,,,,,,,-0.00034934938641149627,,,,,-0.001118623792852973,-0.0005782963733286909,,-0.0007508051219826733,,,-0.0014382305908109652,,0.0010206797741239108,8.726512421892303e-05
111,2026-05-31,7186,JP3305990008,01557901W,,-0.0003865401587868912,-0.00033206523386040276,-0.0005349939878862045,0.0010159977568114159,,0.0011416882009530342,,,,0.0006382925388613506,,,,,0.0017578373887689573,,,0.001652891873021557,,,-0.00023562501168605175,0.002171446186126359,,,,,,,,,,,,,,,,,,,-0.001118623792852973,-0.0005782963733286909,,-0.0007508051219826733,,,-0.0014382305908109652,,,6.16545004065459e-05
112,2026-05-31,7201,JP3672400003,01911301W,,-0.0003865401587868912,-0.00033206523386040276,-0.0005349939878862045,,,-0.0003865401587868912,-0.0005607278759111105,-0.0007826413815720446,-0.0006364583648991053,,-0.0009385064024783416,,,0.0011300383213514727,-0.0005375910460798267,,,,,,-0.00023562501168605175,-0.0007457491952353153,,,,-0.0029930744727687656,-0.001942872903376216,0.0009190353152899943,-0.0006671310571833996,,-0.0010751820921596534,-0.0005738018419297633,-0.0006552884940381321,,-0.00043772235372507634,-0.00034934938641149627,-0.0003578150419788185,,,,,,,,,,,-0.0006836034289657057,,-0.00020398529566499014
113,2026-05-31,7202,JP3137200006,01893101W,,-0.0003865401587868912,,,0.0010159977568114159,,-0.0003865401587868912,-0.0005607278759111105,-0.0007826413815720446,-0.0006364583648991053,,-0.0009385064024783416,-0.0011074375549244432,-0.0018457292582074053,-0.0005859457962563192,-0.0005375910460798267,,,-0.0008326598157326641,,,-0.00023562501168605175,-0.0007457491952353153,,,,,,-0.00046433440458047936,-0.0006671310571833996,,-0.0010751820921596534,-0.0005738018419297633,-0.0006552884940381321,,-0.00043772235372507634,-0.00034934938641149627,,-0.0003825345612865089,,,,,,,,,,-0.0006836034289657057,,-0.0003592527172135194
114,2026-05-31,7203,JP3633400001,01966101W,,0.0011476036838595266,0.00098003323444641,0.0010547024332613745,-0.0005187061147187088,,0.0011416882009530342,0.0016406482295176937,-0.0007826413815720446,-0.0006364583648991053,,-0.0009385064024783416,,-0.0018457292582074053,,-0.0005375910460798267,,,,,,-0.00023562501168605175,-0.0007457491952353153,,,,,,0.0009190353152899943,,,,0.0011300383213514727,-0.0006552884940381321,,-0.00043772235372507634,-0.00034934938641149627,-0.0003578150419788185,,,,,,,,,,,-0.0006836034289657057,,-0.0001367191100615303
115,2026-05-31,7259,JP3102000001,10224001W,,-0.0003865401587868912,-0.00033206523386040276,-0.0005349939878862045,0.0010159977568114159,,0.0011416882009530342,0.0016406482295176937,-0.0007826413815720446,-0.0006364583648991053,,-0.0009385064024783416,,-0.0018457292582074053,,-0.0005375910460798267,-0.0008295412396437777,,,,,-0.00023562501168605175,-0.0007457491952353153,,,,0.0029930744727687656,0.001942872903376216,0.0009190353152899943,-0.0006671310571833996,-0.0011535807863796283,-0.0010751820921596534,-0.0005738018419297633,0.001925978356390336,,-0.00043772235372507634,0.0010301744696971564,0.0010547024332613745,-0.0003825345612865089,,,,,,,,,,,,-6.663284417015725e-05
116,2026-05-31,7267,JP3854600008,00569101W,,-0.0003865401587868912,-0.00033206523386040276,-0.0005349939878862045,-0.0005187061147187088,,-0.0003865401587868912,,-0.0007826413815720446,-0.0006364583648991053,,-0.0009385064024783416,,-0.0018457292582074053,,-0.0005375910460798267,-0.0008295412396437777,,,,,-0.00023562501168605175,-0.0007457491952353153,,,,-0.0029930744727687656,-0.001942872903376216,0.0009190353152899943,,,0.0010648438028119647,0.0011300383213514727,-0.0006552884940381321,,-0.00043772235372507634,-0.00034934938641149627,-0.0003578150419788185,-0.0003825345612865089,,,,,,,,,,-0.0006836034289657057,,-0.00035043900332381526
117,2026-05-31,7269,JP3397200001,10115501W,,0.0011476036838595266,0.00098003323444641,0.0010547024332613745,-0.0005187061147187088,,0.0011416882009530342,-0.0005607278759111105,-0.0007826413815720446,-0.0006364583648991053,,-0.0009385064024783416,,-0.0018457292582074053,0.0011300383213514727,-0.0005375910460798267,-0.0008295412396437777,,,,,0.0009267259873844713,-0.0007457491952353153,,,,0.0029930744727687656,0.001942872903376216,0.0009190353152899943,0.001318378041576718,0.0011476036838595266,0.0010648438028119647,0.0011300383213514727,0.001925978356390336,,0.0012952486022508108,0.0010301744696971564,0.0010547024332613745,0.0014765834065659244,,,,,,,,,,0.0013423485514235676,,0.00016478793763146927
118,2026-05-31,7270,JP3814800003,01846601W,,-0.0003865401587868912,-0.00033206523386040276,-0.0005349939878862045,-0.0005187061147187088,,-0.0003865401587868912,-0.0005607278759111105,-0.0007826413815720446,-0.0006364583648991053,,-0.0009385064024783416,,-0.0018457292582074053,-0.0005859457962563192,-0.0005375910460798267,-0.0008295412396437777,,-0.0008326598157326641,,,-0.00023562501168605175,-0.0007457491952353153,,,,0.0029930744727687656,0.001942872903376216,,-0.0006671310571833996,-0.0011535807863796283,-0.0010751820921596534,-0.0005738018419297633,-0.0006552884940381321,,-0.00043772235372507634,-0.00034934938641149627,-0.0003578150419788185,-0.0003825345612865089,,,,,,,,,,0.0013423485514235676,,-0.00030296759759031573
119,2026-05-31,7272,JP3942800008,10066701W,,-0.0003865401587868912,-0.00033206523386040276,-0.0005349939878862045,-0.0005187061147187088,,-0.0003865401587868912,,-0.0007826413815720446,-0.0006364583648991053,,-0.0009385064024783416,-0.0011074375549244432,-0.0018457292582074053,-0.0005859457962563192,-0.0005375910460798267,-0.0008295412396437777,,-0.0008326598157326641,,,-0.00023562501168605175,-0.0007457491952353153,,,,,,-0.00046433440458047936,-0.0006671310571833996,,-0.0010751820921596534,-0.0005738018419297633,-0.0006552884940381321,,-0.00043772235372507634,-0.00034934938641149627,-0.0003578150419788185,-0.0003825345612865089,,,,,,,,,,-0.0006836034289657057,,-0.00041273444023406957
120,2026-05-31,7309,JP3358000002,10485801W,,-0.0003865401587868912,-0.00033206523386040276,-0.0005349939878862045,,,,,-0.0007826413815720446,-0.0006364583648991053,,0.002734413715862823,,-0.0018457292582074053,-0.0005859457962563192,-0.0005375910460798267,-0.0008295412396437777,,-0.0008326598157326641,-0.0012729167297982106,-0.0012584517669595946,-0.00023562501168605175,-0.0007457491952353153,,,,-0.0029930744727687656,-0.001942872903376216,,-0.0006671310571833996,,,-0.0005738018419297633,-0.0006552884940381321,,-0.00043772235372507634,-0.00034934938641149627,-0.0003578150419788185,-0.0003825345612865089,,,,,,,,,,-0.0006836034289657057,-0.0010301744696971564,-0.00046009084105485317
121,2026-05-31,7453,JP3976300008,20675501W,,0.0011476036838595266,0.00098003323444641,0.0010547024332613745,-0.0005187061147187088,,,,-0.0007826413815720446,-0.0006364583648991053,,,,0.001830475297395774,0.0011300383213514727,-0.0005375910460798267,-0.0008295412396437777,,-0.0008326598157326641,,,-0.00023562501168605175,-0.0007457491952353153,,,,,,,0.001318378041576718,0.0011476036838595266,,,0.001925978356390336,,0.0012952486022508108,,,0.0014765834065659244,,,,,,,,,,,,0.0002586118714909504
122,2026-05-31,7532,JP3639650005,21318601W,,,,,,,-0.0003865401587868912,0.0016406482295176937,-0.0007826413815720446,-0.0006364583648991053,,-0.0009385064024783416,,0.001830475297395774,-0.0005859457962563192,-0.0005375910460798267,-0.0008295412396437777,,,,,-0.00023562501168605175,,,,,,,,-0.0006671310571833996,,,,0.001925978356390336,,-0.00043772235372507634,-0.00034934938641149627,-0.0003578150419788185,0.0014765834065659244,,,,,,,,,,,,0.00021836916236318377
123,2026-05-31,7550,JP3429300001,20750101W,,,,,,,-0.0003865401587868912,-0.0005607278759111105,-0.0007826413815720446,-0.0006364583648991053,,-0.0009385064024783416,,,-0.0005859457962563192,-0.0005375910460798267,-0.0008295412396437777,,,,,-0.00023562501168605175,-0.0007457491952353153,,,,,,0.0009190353152899943,-0.0006671310571833996,-0.0011535807863796283,,-0.0005738018419297633,0.001925978356390336,,,,0.0010547024332613745,-0.0003825345612865089,,,,,,,,,,-0.0006836034289657057,,-8.497679434971435e-05
124,2026-05-31,7733,JP3201200007,10068601W,,-0.0003865401587868912,-0.00033206523386040276,-0.0005349939878862045,-0.0005187061147187088,,,,-0.0007826413815720446,,,,,0.001830475297395774,0.0011300383213514727,-0.0005375910460798267,-0.0008295412396437777,-0.0011596204763606737,,0.0012656429199136494,,0.0009267259873844713,-0.0007457491952353153,0.0006651276606152812,,,,,0.0009190353152899943,0.001318378041576718,0.0011476036838595266,0.0010648438028119647,0.0011300383213514727,,,0.0012952486022508108,0.0010301744696971564,0.0010547024332613745,,,,0.0022148751098488863,0.0017037500844991435,-0.0005798102381803368,0.0022148751098488863,,,,0.0013423485514235676,,0.00044041647082204797
125,2026-05-31,7735,JP3494600004,10038801W,,-0.0003865401587868912,-0.00033206523386040276,,,,0.0011416882009530342,-0.0005607278759111105,-0.0007826413815720446,0.0024339286921416336,,-0.0009385064024783416,,-0.0018457292582074053,0.0011300383213514727,,,-0.0011596204763606737,,0.0012656429199136494,,-0.00023562501168605175,,,,,,,0.0009190353152899943,-0.0006671310571833996,-0.0011535807863796283,-0.0010751820921596534,-0.0005738018419297633,,,,0.0010301744696971564,0.0010547024332613745,-0.0003825345612865089,,,,,0.0011300383213514727,,,,,,,-0.0001086680724830478
126,2026-05-31,7741,JP3837800006,10043301W,,,,,,,,,0.00303407549294368,,,,,-0.0018457292582074053,0.0011300383213514727,-0.0005375910460798267,-0.0008295412396437777,0.004520153285405891,-0.0008326598157326641,,,-0.00023562501168605175,-0.0007457491952353153,,,,,,-0.00046433440458047936,,,,,,,,-0.00034934938641149627,-0.0003578150419788185,,,,-0.001118623792852973,-0.0005782963733286909,,-0.0007508051219826733,,,,-0.0006836034289657057,-0.0010301744696971564,-0.0002717213092810757
127,2026-05-31,7751,JP3242800005,00272101W,,-0.0003865401587868912,-0.00033206523386040276,-0.0005349939878862045,,,0.0011416882009530342,-0.0005607278759111105,-0.0007826413815720446,-0.0006364583648991053,,-0.0009385064024783416,,-0.0018457292582074053,,,,-0.0011596204763606737,,,,-0.00023562501168605175,,,,,,,0.0009190353152899943,-0.0006671310571833996,-0.0011535807863796283,-0.0010751820921596534,-0.0005738018419297633,,,,0.0010301744696971564,0.0010547024332613745,-0.0003825345612865089,,,,,0.0011300383213514727,,,,,,,-0.00017264255369053573
128,2026-05-31,7832,JP3778630008,20400902W,,0.0011476036838595266,0.00098003323444641,0.0010547024332613745,-0.0005187061147187088,,-0.0003865401587868912,-0.0005607278759111105,-0.0007826413815720446,-0.0006364583648991053,,,,-0.0018457292582074053,0.0011300383213514727,-0.0005375910460798267,-0.0008295412396437777,,,,,-0.00023562501168605175,-0.0007457491952353153,,,,,,0.0009190353152899943,0.001318378041576718,0.0011476036838595266,0.0010648438028119647,0.0011300383213514727,0.001925978356390336,,0.0012952486022508108,0.0010301744696971564,0.0010547024332613745,0.0014765834065659244,,,,,,,,,,,-0.0010301744696971564,-1.7906427773768967e-05
129,2026-05-31,7911,JP3629000005,10072901W,,0.0011476036838595266,,,-0.0005187061147187088,,0.0011416882009530342,,,,-0.001893055649443493,,,,,,,,,,,-0.00023562501168605175,,,,,,,0.0009190353152899943,-0.0006671310571833996,-0.0011535807863796283,-0.0010751820921596534,-0.0005738018419297633,0.001925978356390336,,-0.00043772235372507634,0.0010301744696971564,0.0010547024332613745,-0.0003825345612865089,,,,,,,,,,-0.0006836034289657057,,3.241627678974076e-05
130,2026-05-31,7912,JP3493800001,01782701W,,0.0011476036838595266,,0.0010547024332613745,,,-0.0003865401587868912,,,,,,,,,,,,,,,-0.00023562501168605175,,0.0006651276606152812,,,,,0.0009190353152899943,0.001318378041576718,0.0011476036838595266,0.0010648438028119647,0.0011300383213514727,0.001925978356390336,,-0.00043772235372507634,,-0.0003578150419788185,,,,,,,,,,,0.0013423485514235676,-0.0010301744696971564,0.0001385841132412272
131,2026-05-31,7936,JP3118000003,10084001W,,0.0011476036838595266,0.00098003323444641,0.0010547024332613745,,,,0.0016406482295176937,0.00303407549294368,0.0024339286921416336,,-0.0009385064024783416,,0.001830475297395774,-0.0005859457962563192,-0.0005375910460798267,-0.0008295412396437777,,-0.0008326598157326641,0.0012656429199136494,,0.0009267259873844713,-0.0007457491952353153,,,,,,,,,,,0.001925978356390336,,0.0012952486022508108,0.0010301744696971564,0.0010547024332613745,-0.0003825345612865089,,,,,,,,,,,,0.0003816387000214478
132,2026-05-31,7974,JP3756600007,10245001W,,-0.0003865401587868912,-0.00033206523386040276,,-0.0005187061147187088,,-0.0003865401587868912,-0.0005607278759111105,,-0.0006364583648991053,,-0.0009385064024783416,0.0011019279153477047,,-0.0005859457962563192,,-0.0008295412396437777,,-0.0008326598157326641,,,-0.00023562501168605175,,,,,,-0.001942872903376216,-0.00046433440458047936,,,,,,,,-0.00034934938641149627,-0.0003578150419788185,,,,,,,,,,,-0.0006836034289657057,,-0.0001528481540109898
133,2026-05-31,8001,JP3143600009,10043501W,,-0.0003865401587868912,-0.00033206523386040276,,,,-0.0003865401587868912,,,,0.0006382925388613506,,,,-0.0005859457962563192,,,,,,,-0.00023562501168605175,,0.0006651276606152812,,,,,0.0009190353152899943,-0.0006671310571833996,,,-0.0005738018419297633,-0.0006552884940381321,,-0.00043772235372507634,,,-0.0003825345612865089,,,,,,,,,,,,-4.296379092684779e-05
134,2026-05-31,8002,JP3877600001,10054501W,,,,,,,-0.0003865401587868912,,,,0.0006382925388613506,,,,0.0011300383213514727,,,,,,,-0.00023562501168605175,,0.0006651276606152812,,,,,0.0009190353152899943,,,,,-0.0006552884940381321,,-0.00043772235372507634,-0.00034934938641149627,,0.0014765834065659244,,,,,,,,,,,,3.643816693617407e-05
135,2026-05-31,8015,JP3635000007,10194001W,,-0.0003865401587868912,-0.00033206523386040276,,,,-0.0003865401587868912,,,,0.0006382925388613506,,,,,,,,,0.0012656429199136494,0.0012656429199136494,-0.00023562501168605175,,0.0006651276606152812,,,,,,-0.0006671310571833996,,-0.0010751820921596534,-0.0005738018419297633,0.001925978356390336,,-0.00043772235372507634,,,-0.0003825345612865089,,,,,,,,,,,,6.604721157463383e-05
136,2026-05-31,8031,JP3893600001,00747101W,,,-0.00033206523386040276,,-0.0005187061147187088,,-0.0003865401587868912,,,,0.0006382925388613506,,,,,,,,,,,-0.00023562501168605175,,0.0006651276606152812,,,,,0.0009190353152899943,,,,,-0.0006552884940381321,,-0.00043772235372507634,-0.00034934938641149627,-0.0003578150419788185,-0.0003825345612865089,,,,,-0.0005798102381803368,,,,,-0.0006836034289657057,,-9.348800274168014e-05
137,2026-05-31,8035,JP3571400005,10065801W,,0.0011476036838595266,,,-0.0005187061147187088,,,-0.0005607278759111105,0.00303407549294368,0.0024339286921416336,,,,,0.0011300383213514727,,,0.004520153285405891,,,,-0.00023562501168605175,,,,,,,,0.001318378041576718,,,,,,,,,0.0014765834065659244,,,,,,,,,,,-0.0010301744696971564,0.00010394406992188273
138,2026-05-31,8053,JP3404600003,10184601W,,-0.0003865401587868912,-0.00033206523386040276,-0.0005349939878862045,,,,,,,0.0006382925388613506,,,,-0.0005859457962563192,,,,,,,-0.00023562501168605175,,0.0006651276606152812,,,,,0.0009190353152899943,-0.0006671310571833996,,,-0.0005738018419297633,-0.0006552884940381321,,,0.0010301744696971564,0.0010547024332613745,-0.0003825345612865089,,,,,0.0011300383213514727,,,,,,,3.4901904502394977e-05
139,2026-05-31,8058,JP3898400001,10055501W,,,,,-0.0005187061147187088,,-0.0003865401587868912,,,,0.0006382925388613506,,,,-0.0005859457962563192,,,,,,,-0.00023562501168605175,,0.0006651276606152812,,,,,-0.00046433440458047936,,,0.0010648438028119647,0.0011300383213514727,-0.0006552884940381321,,-0.00043772235372507634,-0.00034934938641149627,-0.0003578150419788185,0.0014765834065659244,,,,,,,,,,,,1.975881746941592e-05
140,2026-05-31,8113,JP3951600000,10485401W,,,-0.00033206523386040276,-0.0005349939878862045,,,,,,,,,-0.0011074375549244432,-0.0018457292582074053,-0.0005859457962563192,,,,-0.0008326598157326641,,-0.0012584517669595946,-0.00023562501168605175,-0.0007457491952353153,0.0006651276606152812,,,,,-0.00046433440458047936,-0.0006671310571833996,,,,,,-0.00043772235372507634,-0.00034934938641149627,-0.0003578150419788185,-0.0003825345612865089,,,-0.001118623792852973,-0.0005782963733286909,,-0.0007508051219826733,-0.0014107484776107557,,,0.0013423485514235676,-0.0010301744696971564,-0.0003631378257970028
141,2026-05-31,8136,JP3343200006,10136001W,,0.0011476036838595266,0.00098003323444641,0.0010547024332613745,,,,-0.0005607278759111105,0.00303407549294368,0.0024339286921416336,,0.002734413715862823,,-0.0018457292582074053,0.0011300383213514727,0.0017578373887689573,-0.0008295412396437777,,-0.0008326598157326641,,,0.0009267259873844713,-0.0007457491952353153,,,,,,,0.001318378041576718,0.0011476036838595266,0.0010648438028119647,,0.001925978356390336,,0.0012952486022508108,0.0010301744696971564,0.0010547024332613745,0.0014765834065659244,,,,,,,,,,,-0.0010301744696971564,6.788862947670604e-05
142,2026-05-31,823,HK0823032773,27457801W,,,,,,,,,,-0.0006364583648991053,,,,,,,,,,-0.0012729167297982106,-0.0012584517669595946,,,,,0.0031641072997841235,,,,-0.0006671310571833996,,,,,,,,,-0.0003825345612865089,,,,,-0.0005798102381803368,,,,,,-0.0010301744696971564,-0.0001166784515683812
143,2026-05-31,8267,JP3388200002,22239801W,,,-0.00033206523386040276,-0.0005349939878862045,,,,,,,,,-0.0011074375549244432,,,,,,0.001652891873021557,0.0012656429199136494,0.0012656429199136494,-0.00023562501168605175,-0.0007457491952353153,,,,0.0029930744727687656,0.001942872903376216,0.0009190353152899943,,,0.0010648438028119647,0.0011300383213514727,,,-0.00043772235372507634,-0.00034934938641149627,-0.0003578150419788185,,,,-0.001118623792852973,-0.0005782963733286909,-0.0005798102381803368,-0.0007508051219826733,,,-0.0014382305908109652,-0.0006836034289657057,0.0010206797741239108,-3.40540555904466e-05
144,2026-05-31,83,HK0083000502,10344001W,,,,,,,,,,-0.0006364583648991053,,,-0.0011074375549244432,-0.0018457292582074053,,,,,,-0.0012729167297982106,-0.0012584517669595946,,-0.0007457491952353153,,,-0.0010857230930631796,-0.0029930744727687656,,,0.001318378041576718,0.0011476036838595266,0.0010648438028119647,,,,,,,0.0014765834065659244,,,,-0.0005782963733286909,-0.0005798102381803368,,,,,0.0013423485514235676,-0.0010301744696971564,-0.00021231249305112736
145,2026-05-31,8306,JP3902900004,25294003W,,-0.0003865401587868912,,,,,,-0.0005607278759111105,,,0.0006382925388613506,,,,,0.0017578373887689573,,,0.001652891873021557,,,-0.00023562501168605175,0.002171446186126359,,,,,,-0.00046433440458047936,,,,,,,,-0.00034934938641149627,,,,,-0.001118623792852973,-0.0005782963733286909,,-0.0007508051219826733,,,-0.0014382305908109652,,0.0010206797741239108,1.7868521470700875e-05
146,2026-05-31,8308,JP3500610005,25293801W,,,,,0.0010159977568114159,,0.0011416882009530342,,,,0.0006382925388613506,,,,,0.0017578373887689573,-0.0008295412396437777,,0.001652891873021557,,,-0.00023562501168605175,0.002171446186126359,,,-0.0010857230930631796,,,,,,,,,,,,,,,,-0.001118623792852973,-0.0005782963733286909,,-0.0007508051219826733,,,-0.0014382305908109652,,0.0010206797741239108,9.268304481817953e-05
147,2026-05-31,8309,JP3892100003,25431801W,,-0.0003865401587868912,-0.00033206523386040276,,,,0.0011416882009530342,0.0016406482295176937,,,0.0006382925388613506,,,,,0.0017578373887689573,,,0.001652891873021557,,,0.0009267259873844713,0.002171446186126359,,,,,,0.0009190353152899943,,,,,,,,0.0010301744696971564,,,,,,-0.0005782963733286909,,-0.0007508051219826733,,,-0.0014382305908109652,,0.0010206797741239108,0.00021104732509133204
148,2026-05-31,8316,JP3890350006,01013701W,,0.0011476036838595266,0.00098003323444641,0.0010547024332613745,0.0010159977568114159,,-0.0003865401587868912,,,,0.0006382925388613506,,,,,0.0017578373887689573,,,0.001652891873021557,,,-0.00023562501168605175,0.002171446186126359,,,0.0031641072997841235,,,-0.00046433440458047936,,,,,,,,-0.00034934938641149627,,,,,-0.001118623792852973,-0.0005782963733286909,-0.0005798102381803368,-0.0007508051219826733,,,-0.0014382305908109652,,0.0010206797741239108,0.00011256446263461608
149,2026-05-31,8331,JP3511800009,01574801W,,,0.00098003323444641,0.0010547024332613745,0.0010159977568114159,,0.0011416882009530342,-0.0005607278759111105,,,0.0006382925388613506,,,,,0.0017578373887689573,,,0.001652891873021557,,,-0.00023562501168605175,0.002171446186126359,,,,,,,,,,,,,,-0.00034934938641149627,,,,,-0.001118623792852973,-0.0005782963733286909,,-0.0007508051219826733,,,-0.0014382305908109652,,,9.382122742058561e-05
150,2026-05-31,8411,JP3885780001,24813602W,,,,,0.0010159977568114159,,-0.0003865401587868912,0.0016406482295176937,,,0.0006382925388613506,,,,,0.0017578373887689573,0.0016285846395947695,,0.001652891873021557,,,-0.00023562501168605175,0.002171446186126359,,,0.0031641072997841235,,,,,,,,,,,,,,,,-0.001118623792852973,-0.0005782963733286909,0.0011300383213514727,-0.0007508051219826733,,,-0.0014382305908109652,,0.0010206797741239108,0.00017396998520924193
151,2026-05-31,8473,JP3436120004,24221801W,,0.0011476036838595266,0.00098003323444641,0.0010547024332613745,-0.0005187061147187088,,0.0011416882009530342,-0.0005607278759111105,,,,,-0.0011074375549244432,,0.0011300383213514727,-0.0005375910460798267,-0.0008295412396437777,,,,,-0.00023562501168605175,-0.0007457491952353153,,,,,,0.0009190353152899943,,,0.0010648438028119647,0.0011300383213514727,,,,0.0010301744696971564,0.0010547024332613745,,,,,0.0017037500844991435,-0.0005798102381803368,,0.002768593887311108,,0.002839583474165239,,0.0010206797741239108,0.0002797604219631512
152,2026-05-31,8591,JP3200450009,01566801W,,-0.0003865401587868912,-0.00033206523386040276,,,,-0.0003865401587868912,,,,-0.001893055649443493,,,,0.0011300383213514727,-0.0005375910460798267,-0.0008295412396437777,,-0.0008326598157326641,,,-0.00023562501168605175,-0.0007457491952353153,,,0.0031641072997841235,,,,,,,-0.0005738018419297633,,,,-0.00034934938641149627,-0.0003578150419788185,,,,-0.001118623792852973,-0.0005782963733286909,,-0.0007508051219826733,0.002768593887311108,,,,,-6.628039601201829e-05
153,2026-05-31,8593,JP3499800005,20162801W,,,,,,,-0.0003865401587868912,,,,0.0006382925388613506,,,,-0.0005859457962563192,-0.0005375910460798267,-0.0008295412396437777,,-0.0008326598157326641,,,-0.00023562501168605175,-0.0007457491952353153,,,-0.0010857230930631796,,,0.0009190353152899943,,,-0.0010751820921596534,-0.0005738018419297633,,,,-0.00034934938641149627,,,,,,-0.0005782963733286909,,-0.0007508051219826733,0.002768593887311108,,,,,-4.588687608854585e-05
154,2026-05-31,8601,JP3502200003,01548301W,,0.0011476036838595266,0.00098003323444641,0.0010547024332613745,-0.0005187061147187088,,0.0011416882009530342,,,,0.0006382925388613506,,-0.0011074375549244432,,,-0.0005375910460798267,0.0016285846395947695,,,,,-0.00023562501168605175,-0.0007457491952353153,,,0.0031641072997841235,,,,,,-0.0010751820921596534,-0.0005738018419297633,,,,,,,,,,,-0.0005798102381803368,,,,,,0.0010206797741239108,5.8389479838068686e-05
155,2026-05-31,8604,JP3762600009,01561301W,,,,,-0.0005187061147187088,,-0.0003865401587868912,,,,,,-0.0011074375549244432,,,-0.0005375910460798267,-0.0008295412396437777,,-0.0008326598157326641,,,0.0009267259873844713,-0.0007457491952353153,,,0.0031641072997841235,,,0.0009190353152899943,,,-0.0010751820921596534,-0.0005738018419297633,,,,0.0010301744696971564,0.0010547024332613745,,,,,,,,0.002768593887311108,,-0.0014382305908109652,,,1.6055810305991866e-05
156,2026-05-31,8630,JP3165000005,01593301W,,,-0.00033206523386040276,,0.0010159977568114159,,-0.0003865401587868912,,,,,,0.0011019279153477047,,,-0.0005375910460798267,-0.0008295412396437777,,-0.0008326598157326641,,,-0.00023562501168605175,-0.0007457491952353153,,,,,,0.0009190353152899943,,,,,,,,-0.00034934938641149627,-0.0003578150419788185,,,,-0.001118623792852973,-0.0005782963733286909,0.0011300383213514727,-0.0007508051219826733,,,-0.0014382305908109652,,-0.0010301744696971564,-0.00013636731783481885
157,2026-05-31,8697,JP3183200009,24094801W,,,0.00098003323444641,0.0010547024332613745,-0.0005187061147187088,,-0.0003865401587868912,,,,0.0006382925388613506,,,,,0.0017578373887689573,-0.0008295412396437777,,-0.0008326598157326641,,,-0.00023562501168605175,-0.0007457491952353153,,,0.0031641072997841235,,,-0.00046433440458047936,,,,-0.0005738018419297633,,,,-0.00034934938641149627,-0.0003578150419788185,,,,-0.001118623792852973,-0.0005782963733286909,-0.0005798102381803368,-0.0007508051219826733,-0.0014107484776107557,,-0.0014382305908109652,,0.0010206797741239108,-0.0001493561503407585
158,2026-05-31,8725,JP3890310000,01577902W,,-0.0003865401587868912,-0.00033206523386040276,0.0010547024332613745,-0.0005187061147187088,,0.0011416882009530342,,,,0.0006382925388613506,,,,,-0.0005375910460798267,,,,,,0.0009267259873844713,-0.0007457491952353153,,,-0.0010857230930631796,,,,,,0.0010648438028119647,0.0011300383213514727,,,,0.0010301744696971564,0.0010547024332613745,,,,0.0022148751098488863,0.0017037500844991435,-0.0005798102381803368,0.0022148751098488863,,,,,,0.00020054187934452449
159,2026-05-31,8750,JP3476480003,29430901W,,-0.0003865401587868912,-0.00033206523386040276,-0.0005349939878862045,,,0.0011416882009530342,,,,0.0006382925388613506,,0.0011019279153477047,,,-0.0005375910460798267,,,,,,-0.00023562501168605175,-0.0007457491952353153,,,0.0031641072997841235,,,-0.00046433440458047936,,,-0.0010751820921596534,-0.0005738018419297633,,,,0.0010301744696971564,0.0010547024332613745,,,,,,,,0.002768593887311108,,,,,0.00011077133439782487
160,2026-05-31,8766,JP3910660004,01565902W,,0.0011476036838595266,0.00098003323444641,0.0010547024332613745,-0.0005187061147187088,,-0.0003865401587868912,-0.0005607278759111105,,,0.0006382925388613506,,,,,-0.0005375910460798267,-0.0008295412396437777,,,,,-0.00023562501168605175,-0.0007457491952353153,,,0.0031641072997841235,,,0.0009190353152899943,,,,,,,,0.0010301744696971564,0.0010547024332613745,,,,,,-0.0005798102381803368,,,,-0.0014382305908109652,,,-1.6345465897642545e-05
161,2026-05-31,8795,JP3539220008,25081801W,,-0.0003865401587868912,-0.00033206523386040276,-0.0005349939878862045,,,0.0011416882009530342,,,,0.0006382925388613506,,0.0011019279153477047,,,-0.0005375910460798267,-0.0008295412396437777,,,,,-0.00023562501168605175,-0.0007457491952353153,,,,,,,,,-0.0010751820921596534,-0.0005738018419297633,,,,,,,,,,0.0017037500844991435,,-0.0007508051219826733,,,-0.0014382305908109652,,,-5.433280867518712e-05
162,2026-05-31,8801,JP3893200000,10052201W,,,,,,,,,,-0.0006364583648991053,,,0.0011019279153477047,,,,,,,0.0012656429199136494,0.0012656429199136494,,-0.0007457491952353153,,,0.0031641072997841235,0.0029930744727687656,0.001942872903376216,0.0009190353152899943,0.001318378041576718,0.0011476036838595266,0.0010648438028119647,,,,,,,,,,,,,,,,,0.0013423485514235676,0.0010206797741239108,0.00021251712299254246
163,2026-05-31,8802,JP3899600005,01562501W,,,,,,,,,,-0.0006364583648991053,,,-0.0011074375549244432,0.001830475297395774,,,,,,0.0012656429199136494,0.0012656429199136494,,-0.0007457491952353153,,,,0.0029930744727687656,,,,,,,,,,,,,,,,-0.0005782963733286909,,,,,,-0.0006836034289657057,0.0010206797741239108,0.00018402917734219908
164,2026-05-31,8830,JP3409000001,10260501W,,,,,,,,,,-0.0006364583648991053,,,0.0011019279153477047,-0.0018457292582074053,,,,,,,,,-0.0007457491952353153,,,0.0031641072997841235,0.0029930744727687656,,,,,,,,,,,,0.0014765834065659244,,,,,,,,,,-0.0006836034289657057,0.0010206797741239108,-0.00010610444244073936
165,2026-05-31,8951,JP3027670003,25211901W,,,,,,,,,,-0.0006364583648991053,,,0.0011019279153477047,0.001830475297395774,,,,,,,,,0.002171446186126359,,,-0.0010857230930631796,,,-0.00046433440458047936,-0.0006671310571833996,-0.0011535807863796283,-0.0010751820921596534,,,,,,,-0.0003825345612865089,,,,-0.0005782963733286909,,,,,,0.0013423485514235676,,0.000249740212569906
166,2026-05-31,9020,JP3783600004,20172701W,,-0.0003865401587868912,-0.00033206523386040276,,,,,,,,-0.001893055649443493,,,,-0.0005859457962563192,,,,,-0.0012729167297982106,,-0.00023562501168605175,,-0.001977567062365077,,,,,,,,,-0.0005738018419297633,-0.0006552884940381321,,-0.00043772235372507634,,,,,,,,,,,,,-0.0006836034289657057,,-0.0001863889245689951
167,2026-05-31,9021,JP3659000008,22237601W,,-0.0003865401587868912,-0.00033206523386040276,,-0.0005187061147187088,,0.0011416882009530342,,,,-0.001893055649443493,,,,-0.0005859457962563192,,,,,,,-0.00023562501168605175,,-0.001977567062365077,,,,,0.0009190353152899943,-0.0006671310571833996,-0.0011535807863796283,-0.0010751820921596534,-0.0005738018419297633,-0.0006552884940381321,,-0.00043772235372507634,0.0010301744696971564,0.0010547024332613745,-0.0003825345612865089,,,,,,,,,,-0.0006836034289657057,,-0.0001165384913741277
168,2026-05-31,9022,JP3566800003,21290101W,,0.0011476036838595266,,,-0.0005187061147187088,,0.0011416882009530342,,,,,,,,,,,,,-0.0012729167297982106,-0.0012584517669595946,0.0009267259873844713,,-0.001977567062365077,,,,,,-0.0006671310571833996,,-0.0010751820921596534,-0.0005738018419297633,,,-0.00043772235372507634,0.0010301744696971564,0.0010547024332613745,-0.0003825345612865089,,,,,,,,,,-0.0006836034289657057,,-9.489400211664153e-05
169,2026-05-31,9024,JP3417200007,31746501W,,,0.00098003323444641,0.0010547024332613745,-0.0005187061147187088,,0.0011416882009530342,,,,-0.001893055649443493,,,,,,,,,,,0.0009267259873844713,,-0.001977567062365077,,,,,0.0009190353152899943,0.001318378041576718,0.0011476036838595266,0.0010648438028119647,0.0011300383213514727,0.001925978356390336,,0.0012952486022508108,0.0010301744696971564,0.0010547024332613745,0.0014765834065659244,,,,,-0.0005798102381803368,,,,,0.0013423485514235676,,0.00025425393378581616
170,2026-05-31,9042,JP3774200004,10107001W,,0.0011476036838595266,,,,,-0.0003865401587868912,,,,,,,,-0.0005859457962563192,,,,,-0.0012729167297982106,,-0.00023562501168605175,,-0.001977567062365077,,,,,0.0009190353152899943,-0.0006671310571833996,,-0.0010751820921596534,-0.0005738018419297633,-0.0006552884940381321,,-0.00043772235372507634,-0.00034934938641149627,-0.0003578150419788185,,,,,,,,,,,-0.0006836034289657057,,-0.000182156204483091
171,2026-05-31,9101,JP3753000003,10015301W,,-0.0003865401587868912,-0.00033206523386040276,-0.0005349939878862045,-0.0005187061147187088,,0.0011416882009530342,,,,-0.001893055649443493,,,,,,,,,,-0.0012584517669595946,0.0009267259873844713,,-0.001977567062365077,,,,,0.0009190353152899943,,0.0011476036838595266,0.0010648438028119647,0.0011300383213514727,0.001925978356390336,,0.0012952486022508108,0.0010301744696971564,0.0010547024332613745,,,,,,-0.0005798102381803368,,,,,0.0013423485514235676,-0.0010301744696971564,7.835083224766687e-05
172,2026-05-31,9104,JP3362700001,10057401W,,0.0011476036838595266,,,-0.0005187061147187088,,0.0011416882009530342,,,,-0.001893055649443493,,,,,,,,,-0.0012729167297982106,-0.0012584517669595946,0.0009267259873844713,,-0.001977567062365077,,,,,0.0009190353152899943,,,0.0010648438028119647,-0.0005738018419297633,0.001925978356390336,,0.0012952486022508108,0.0010301744696971564,0.0010547024332613745,,,,,,-0.0005798102381803368,,,,,-0.0006836034289657057,,-5.565007996597297e-06
173,2026-05-31,9107,JP3223800008,10104201W,,0.0011476036838595266,0.00098003323444641,0.0010547024332613745,-0.0005187061147187088,,-0.0003865401587868912,,,,-0.001893055649443493,,,,,,,,,-0.0012729167297982106,-0.0012584517669595946,0.0009267259873844713,,-0.001977567062365077,,,,,0.0009190353152899943,0.001318378041576718,,0.0010648438028119647,0.0011300383213514727,0.001925978356390336,,0.0012952486022508108,0.0010301744696971564,0.0010547024332613745,0.0014765834065659244,,,,,-0.0005798102381803368,,,,,0.0013423485514235676,-0.0010301744696971564,0.00012583085156506326
174,2026-05-31,9202,JP3429800000,10024701W,,,-0.00033206523386040276,,-0.0005187061147187088,,0.0011416882009530342,,,,-0.001893055649443493,,,,-0.0005859457962563192,,,,,,,-0.00023562501168605175,,-0.001977567062365077,,,,,0.0009190353152899943,-0.0006671310571833996,-0.0011535807863796283,-0.0010751820921596534,-0.0005738018419297633,-0.0006552884940381321,,-0.00043772235372507634,-0.00034934938641149627,-0.0003578150419788185,-0.0003825345612865089,,,,,,,,,,0.0013423485514235676,,-8.35199705478561e-05
175,2026-05-31,9432,JP3735400008,00790801W,,-0.0003865401587868912,-0.00033206523386040276,-0.0005349939878862045,,,-0.0003865401587868912,,,-0.0006364583648991053,,-0.0009385064024783416,-0.0011074375549244432,0.001830475297395774,-0.0005859457962563192,,-0.0008295412396437777,,-0.0008326598157326641,,,-0.00023562501168605175,,,,,,-0.001942872903376216,,,,,,,,,-0.00034934938641149627,-0.0003578150419788185,,,,,,,,,,,-0.0006836034289657057,,2.1585938318360704e-06
176,2026-05-31,9433,JP3496400007,20158401W,,-0.0003865401587868912,-0.00033206523386040276,,,,-0.0003865401587868912,,,-0.0006364583648991053,,-0.0009385064024783416,-0.0011074375549244432,0.001830475297395774,-0.0005859457962563192,,-0.0008295412396437777,,0.001652891873021557,,,-0.00023562501168605175,,,,,,,,,,,,,,,,,,,,,,,,,,,,,0.00013204144655826883
177,2026-05-31,9434,JP3732000009,22315002W,,-0.0003865401587868912,-0.00033206523386040276,,-0.0005187061147187088,,-0.0003865401587868912,,,-0.0006364583648991053,,-0.0009385064024783416,-0.0011074375549244432,,-0.0005859457962563192,,,,0.001652891873021557,,,-0.00023562501168605175,,,,,,,,,,,,,,,-0.00034934938641149627,-0.0003578150419788185,,,,,,,,,,,-0.0006836034289657057,,-7.639193237034657e-05
178,2026-05-31,9435,JP3783420007,21220001W,,0.0011476036838595266,0.00098003323444641,0.0010547024332613745,,,-0.0003865401587868912,,,,0.0006382925388613506,,,,,,,,,-0.0012729167297982106,-0.0012584517669595946,-0.00023562501168605175,,0.0006651276606152812,,,,,,-0.0006671310571833996,-0.0011535807863796283,-0.0010751820921596534,-0.0005738018419297633,-0.0006552884940381321,,-0.00043772235372507634,-0.00034934938641149627,-0.0003578150419788185,-0.0003825345612865089,,,,,,,,,,-0.0006836034289657057,,-0.00011305119250651579
179,2026-05-31,9502,JP3526600006,10045001W,,,-0.00033206523386040276,,-0.0005187061147187088,,0.0011416882009530342,,,,0.0006382925388613506,,0.0011019279153477047,,,,,,,,,-0.00023562501168605175,,0.0006651276606152812,,0.0031641072997841235,,,,,,,,-0.0006552884940381321,,-0.00043772235372507634,,-0.0003578150419788185,,,,0.0022148751098488863,0.0017037500844991435,-0.0005798102381803368,0.0022148751098488863,0.002768593887311108,0.004429750219697773,0.002839583474165239,,-0.0010301744696971564,0.0004083108926394087
180,2026-05-31,9503,JP3228600007,10030201W,,,-0.00033206523386040276,,-0.0005187061147187088,,0.0011416882009530342,,,,0.0006382925388613506,,,,,,,,,,,-0.00023562501168605175,,0.0006651276606152812,,-0.0010857230930631796,,,-0.00046433440458047936,,-0.0011535807863796283,,,-0.0006552884940381321,,-0.00043772235372507634,,-0.0003578150419788185,,,,0.0022148751098488863,0.0017037500844991435,-0.0005798102381803368,0.0022148751098488863,0.002768593887311108,0.004429750219697773,0.002839583474165239,,,0.000388865617384205
181,2026-05-31,9531,JP3573000001,10084801W,,,0.00098003323444641,,0.0010159977568114159,,0.0011416882009530342,,,,0.0006382925388613506,,,,,,,,,0.0012656429199136494,0.0012656429199136494,-0.00023562501168605175,,0.0006651276606152812,,,,,0.0009190353152899943,,,,,-0.0006552884940381321,,-0.00043772235372507634,,-0.0003578150419788185,,,,-0.001118623792852973,-0.0005782963733286909,0.0011300383213514727,-0.0007508051219826733,0.002768593887311108,0.004429750219697773,,,-0.0010301744696971564,0.00029761407842811456
182,2026-05-31,9532,JP3180400008,10084601W,,,,,,,,,,,0.0006382925388613506,,,,,,,,,0.0012656429199136494,,-0.00023562501168605175,,0.0006651276606152812,,0.0031641072997841235,,,,,-0.0011535807863796283,,,-0.0006552884940381321,,-0.00043772235372507634,,-0.0003578150419788185,,,,0.0022148751098488863,,,0.0022148751098488863,,0.004429750219697773,,,-0.0010301744696971564,0.00022301610941982762
183,2026-05-31,9602,JP3598600009,10274401W,,-0.0003865401587868912,-0.00033206523386040276,-0.0005349939878862045,-0.0005187061147187088,,-0.0003865401587868912,-0.0005607278759111105,,-0.0006364583648991053,,-0.0009385064024783416,-0.0011074375549244432,-0.0018457292582074053,-0.0005859457962563192,,-0.0008295412396437777,,-0.0008326598157326641,,,-0.00023562501168605175,,,,,,-0.001942872903376216,,,,,,,,,-0.00034934938641149627,-0.0003578150419788185,,,,,,,,,,,-0.0006836034289657057,,-0.0003537672460167496
184,2026-05-31,9697,JP3218900003,20109901W,,-0.0003865401587868912,-0.00033206523386040276,,,,-0.0003865401587868912,,,0.0024339286921416336,,,,-0.0018457292582074053,-0.0005859457962563192,,-0.0008295412396437777,,-0.0008326598157326641,,,-0.00023562501168605175,,,,,,,-0.00046433440458047936,,,,,,,,-0.00034934938641149627,-0.0003578150419788185,,,,,,,,,,,,,-0.000237294602076462
185,2026-05-31,9735,JP3421800008,01974101W,,-0.0003865401587868912,-0.00033206523386040276,,,,-0.0003865401587868912,,,,,,,,,,,,,,-0.0012584517669595946,-0.00023562501168605175,,,,,,,,-0.0006671310571833996,,,,-0.0006552884940381321,,-0.00043772235372507634,-0.00034934938641149627,,-0.0003825345612865089,,,,,,,,,,,-0.0010301744696971564,-0.0001344591394830904
186,2026-05-31,9766,JP3300200007,20059501W,,-0.0003865401587868912,-0.00033206523386040276,,,,-0.0003865401587868912,-0.0005607278759111105,,0.0024339286921416336,,0.002734413715862823,,-0.0018457292582074053,0.0011300383213514727,,-0.0008295412396437777,,,,,-0.00023562501168605175,,,,,,,,,,,,,,,-0.00034934938641149627,-0.0003578150419788185,,,,,,,,,,,-0.0006836034289657057,,-0.00023537270015541823
187,2026-05-31,9843,JP3756100008,22181201W,,0.0011476036838595266,0.00098003323444641,,-0.0005187061147187088,,-0.0003865401587868912,,-0.0007826413815720446,-0.0006364583648991053,,-0.0009385064024783416,,0.001830475297395774,,-0.0005375910460798267,,,-0.0008326598157326641,,,-0.00023562501168605175,,,,,,,,,,,,-0.0006552884940381321,,-0.00043772235372507634,-0.00034934938641149627,0.0010547024332613745,-0.0003825345612865089,,,,,,,,,,-0.0006836034289657057,-0.0010301744696971564,5.394014009738685e-05
188,2026-05-31,9983,JP3802300008,21294801W,,,0.00098003323444641,0.0010547024332613745,-0.0005187061147187088,,,0.0016406482295176937,-0.0007826413815720446,-0.0006364583648991053,,,0.0011019279153477047,-0.0018457292582074053,,-0.0005375910460798267,-0.0008295412396437777,,,,,0.0009267259873844713,-0.0007457491952353153,,,,,,-0.00046433440458047936,-0.0006671310571833996,-0.0011535807863796283,,-0.0005738018419297633,,,0.0012952486022508108,,-0.0003578150419788185,-0.0003825345612865089,,,,,,,,,,-0.0006836034289657057,-0.0010301744696971564,-0.0001540193145918214
189,2026-05-31,9984,JP3436100006,20422201W,,0.0011476036838595266,0.00098003323444641,0.0010547024332613745,-0.0005187061147187088,,0.0011416882009530342,-0.0005607278759111105,,-0.0006364583648991053,,-0.0009385064024783416,-0.0011074375549244432,,-0.0005859457962563192,,-0.0008295412396437777,,,,,0.0009267259873844713,,,,,,-0.001942872903376216,,,,,,,,,0.0010301744696971564,0.0010547024332613745,,,,,,,,,,,-0.0006836034289657057,,5.524980558868644e-05
190,2026-05-31,9CI,SGXE62145532,35029801W,,,,,,,,,,-0.0006364583648991053,,,-0.0011074375549244432,,,,,,,,,,-0.0007457491952353153,,,-0.0010857230930631796,-0.0029930744727687656,,-0.00046433440458047936,-0.0006671310571833996,0.0011476036838595266,,,,,,,,-0.0003825345612865089,,,,-0.0005782963733286909,,,,,,-0.0006836034289657057,,-0.00011652268675849445
191,2026-05-31,A,US00846U1016,12655401,,-0.0003865401587868912,-0.00033206523386040276,,,,,,-0.0007826413815720446,,,,,,,-0.0005375910460798267,,-0.0011596204763606737,,,,-0.00023562501168605175,-0.0007457491952353153,,,,,,,-0.0006671310571833996,-0.0011535807863796283,-0.0010751820921596534,-0.0005738018419297633,,,-0.00043772235372507634,-0.00034934938641149627,-0.0003578150419788185,,,0.0023314474840514595,,-0.0005782963733286909,,-0.0007508051219826733,,,,-0.0006836034289657057,,-0.00011937233990024975
192,2026-05-31,A17U,SG1M77906915,25607801W,,,,,,,,,,,,,,,,,,,,,,,0.002171446186126359,,,-0.0010857230930631796,,,-0.00046433440458047936,0.001318378041576718,0.0011476036838595266,0.0010648438028119647,,,,,,,0.0014765834065659244,,,,,,,,,,0.0013423485514235676,,0.00019645306407278348
193,2026-05-31,A5G,IE00BF0L3536,01550501W,,0.0011476036838595266,,,-0.0005187061147187088,,0.0011416882009530342,,,,0.0006382925388613506,,0.0011019279153477047,,,0.0017578373887689573,0.0016285846395947695,,0.001652891873021557,,,-0.00023562501168605175,,,,0.0031641072997841235,,,-0.00046433440458047936,,,,,,,,-0.00034934938641149627,,,,,0.0022148751098488863,,,0.0022148751098488863,,,,,,0.00020953195197182306
194,2026-05-31,A6I,KYG4124C1096,03696501W,,,,,,,,,,,0.0006382925388613506,,,,-0.0005859457962563192,,,,,-0.0012729167297982106,-0.0012584517669595946,0.0009267259873844713,,0.0006651276606152812,,,,,,-0.0006671310571833996,-0.0011535807863796283,-0.0010751820921596534,-0.0005738018419297633,,,0.0012952486022508108,0.0010301744696971564,0.0010547024332613745,-0.0003825345612865089,,,,,,,,,,-0.0006836034289657057,-0.0010301744696971564,-3.7400646091996053e-05
195,2026-05-31,AAF,GB00BKDRYJ47,33273901W,,0.0011476036838595266,0.00098003323444641,,0.0010159977568114159,,-0.0003865401587868912,,,0.0024339286921416336,,-0.0009385064024783416,0.0011019279153477047,,0.0011300383213514727,,0.0016285846395947695,,0.001652891873021557,,,0.0009267259873844713,,,,,,0.001942872903376216,0.0009190353152899943,,,,,,,,0.0010301744696971564,0.0010547024332613745,,,,,,,,,,,0.0013423485514235676,,0.00028879855596833256
196,2026-05-31,AAL,GB00BTK05J60,01550802W,,-0.0003865401587868912,-0.00033206523386040276,,-0.0005187061147187088,,-0.0003865401587868912,-0.0005607278759111105,,-0.0006364583648991053,,,,,0.0011300383213514727,0.0017578373887689573,-0.0008295412396437777,,-0.0008326598157326641,,,0.0009267259873844713,,,,,,,,-0.0006671310571833996,-0.0011535807863796283,-0.0010751820921596534,-0.0005738018419297633,,,,0.0010301744696971564,0.0010547024332613745,-0.0003825345612865089,,,,-0.0005782963733286909,-0.0005798102381803368,,-0.0014107484776107557,-0.0022600766427029453,,,,-0.00016501342879842544
197,2026-05-31,AAPL,US0378331005,00169001,-0.0012952486022508108,-0.0003865401587868912,-0.00033206523386040276,-0.0005349939878862045,-0.0005187061147187088,,-0.0003865401587868912,-0.0005607278759111105,0.00303407549294368,0.0024339286921416336,,,0.0011019279153477047,,,,,0.004520153285405891,,0.0012656429199136494,0.0012656429199136494,-0.00023562501168605175,,,,,,,,0.001318378041576718,0.0011476036838595266,,,,,0.0012952486022508108,,-0.0003578150419788185,-0.0003825345612865089,0.002734413715862823,,,,,,,,,,0.0010206797741239108,0.00023278885050574935
198,2026-05-31,ABBN,CH0012221716,21041801W,,0.0011476036838595266,0.00098003323444641,0.0010547024332613745,,,,,,,0.0006382925388613506,,,,,,,,,,,-0.00023562501168605175,,0.0006651276606152812,,,,,,,,,,,,0.0012952486022508108,,-0.0003578150419788185,-0.0003825345612865089,,,,,-0.0005798102381803368,,,,,,,6.811539070805416e-05
199,2026-05-31,ABBV,US00287Y1091,01610101,,-0.0003865401587868912,-0.00033206523386040276,,0.0010159977568114159,0.0025169035339191893,,,-0.0007826413815720446,,,,,,-0.0005859457962563192,0.0017578373887689573,0.0016285846395947695,-0.0011596204763606737,0.001652891873021557,,-0.0012584517669595946,-0.00023562501168605175,0.002171446186126359,0.0006651276606152812,,,-0.0029930744727687656,-0.001942872903376216,-0.00046433440458047936,-0.0006671310571833996,,,-0.0005738018419297633,,,-0.00043772235372507634,-0.00034934938641149627,-0.0003578150419788185,,,,,-0.0005782963733286909,-0.0005798102381803368,-0.0007508051219826733,,,,-0.0006836034289657057,,4.5348446124152255e-05
200,2026-05-31,ABF,GB0006731235,01740401W,,,-0.00033206523386040276,-0.0005349939878862045,-0.0005187061147187088,,,,,,,,,,-0.0005859457962563192,,-0.0008295412396437777,,-0.0008326598157326641,,,-0.00023562501168605175,-0.0007457491952353153,-0.001977567062365077,,,0.0029930744727687656,0.001942872903376216,,-0.0006671310571833996,,,,,,-0.00043772235372507634,-0.00034934938641149627,-0.0003578150419788185,-0.0003825345612865089,,,,0.0017037500844991435,,0.0022148751098488863,0.002768593887311108,0.004429750219697773,0.002839583474165239,0.0013423485514235676,-0.0010301744696971564,0.00022629314020475535
201,2026-05-31,ABI,BE0974293251,24163701W,,,0.00098003323444641,0.0010547024332613745,0.0010159977568114159,,,,,,,,,,,,-0.0008295412396437777,,0.001652891873021557,-0.0012729167297982106,-0.0012584517669595946,0.0009267259873844713,0.002171446186126359,-0.001977567062365077,,,,,-0.00046433440458047936,,,,-0.0005738018419297633,,,-0.00043772235372507634,,-0.0003578150419788185,-0.0003825345612865089,,,-0.001118623792852973,,,-0.0007508051219826733,,-0.0022600766427029453,-0.0014382305908109652,,,-0.0001383191020605325
202,2026-05-31,ABN,NL0011540547,32076490W,,0.0011476036838595266,,,0.0010159977568114159,,-0.0003865401587868912,-0.0005607278759111105,,,0.0006382925388613506,,,,,0.0017578373887689573,0.0016285846395947695,,0.001652891873021557,,,-0.00023562501168605175,0.002171446186126359,,,-0.0010857230930631796,,,-0.00046433440458047936,,,,,,,,-0.00034934938641149627,,,,,,,0.0011300383213514727,,,,0.002839583474165239,,,0.00024677987635886604
203,2026-05-31,ABNB,US0090661010,03746001,,,,0.0010547024332613745,,,-0.0003865401587868912,-0.0005607278759111105,-0.0007826413815720446,-0.0006364583648991053,,-0.0009385064024783416,0.0011019279153477047,,,0.0017578373887689573,,,0.001652891873021557,,,-0.00023562501168605175,-0.0007457491952353153,,,,,,-0.00046433440458047936,,,,,-0.0006552884940381321,-0.005402134414265577,-0.00043772235372507634,-0.00034934938641149627,,-0.0003825345612865089,-0.0009546875473486579,,,,,,,,,0.0013423485514235676,,-0.00011606237086459964
204,2026-05-31,ABT,US0028241000,00107801,,-0.0003865401587868912,-0.00033206523386040276,-0.0005349939878862045,,,,,-0.0007826413815720446,,,,,,,-0.0005375910460798267,,-0.0011596204763606737,,,,-0.00023562501168605175,-0.0007457491952353153,,,,,-0.001942872903376216,-0.00046433440458047936,,,,,,,-0.00043772235372507634,-0.00034934938641149627,-0.0003578150419788185,,,,,-0.0005782963733286909,,-0.0007508051219826733,,,,-0.0006836034289657057,,-0.00017617882602420727
205,2026-05-31,ABX,CA06849F1080,00205501C,,,,,0.0010159977568114159,,0.0011416882009530342,,,0.0024339286921416336,,0.002734413715862823,0.0011019279153477047,,,0.0017578373887689573,0.0016285846395947695,,0.001652891873021557,,,0.0009267259873844713,,,,,,0.001942872903376216,0.0009190353152899943,0.001318378041576718,0.0011476036838595266,0.0010648438028119647,0.0011300383213514727,-0.0006552884940381321,,0.0012952486022508108,0.0010301744696971564,0.0010547024332613745,0.0014765834065659244,,,,0.0017037500844991435,0.0011300383213514727,,,,,0.0013423485514235676,,0.00047639926671728055
206,2026-05-31,AC,FR0000120404,10000101W,,-0.0003865401587868912,-0.00033206523386040276,-0.0005349939878862045,,,-0.0003865401587868912,-0.0005607278759111105,-0.0007826413815720446,-0.0006364583648991053,,-0.0009385064024783416,-0.0011074375549244432,,,-0.0005375910460798267,,,-0.0008326598157326641,-0.0012729167297982106,,-0.00023562501168605175,,,,,,-0.001942872903376216,,,,,,0.001925978356390336,,-0.00043772235372507634,-0.00034934938641149627,-0.0003578150419788185,0.0014765834065659244,,,,,,,,,,,,-9.740400187613093e-05
207,2026-05-31,ACA,FR0000045072,02456302W,,0.0011476036838595266,0.00098003323444641,0.0010547024332613745,,,-0.0003865401587868912,-0.0005607278759111105,,,0.0006382925388613506,,,,-0.0005859457962563192,0.0017578373887689573,0.0016285846395947695,,0.001652891873021557,,,-0.00023562501168605175,,,,-0.0010857230930631796,,,,,,,,,,,-0.00034934938641149627,,,,,0.0022148751098488863,0.0017037500844991435,0.0011300383213514727,0.0022148751098488863,,,0.002839583474165239,,0.0010206797741239108,0.0003300357733958294
208,2026-05-31,ACGL,BMG0450A1053,06130201,-0.0012952486022508108,-0.0003865401587868912,-0.00033206523386040276,,-0.0005187061147187088,-0.0025169035339191893,-0.0003865401587868912,-0.0005607278759111105,,,0.0006382925388613506,,,,,-0.0005375910460798267,-0.0008295412396437777,,-0.0008326598157326641,,,-0.00023562501168605175,,,,-0.0010857230930631796,,,0.0009190353152899943,,,,,,,,-0.00034934938641149627,-0.0003578150419788185,,,-0.00120373647274396,0.0022148751098488863,0.0017037500844991435,-0.0005798102381803368,0.0022148751098488863,0.002768593887311108,,0.002839583474165239,,-0.0010301744696971564,2.5590831320517105e-05
209,2026-05-31,ACS,ES0167050915,22218601W,,0.0011476036838595266,0.00098003323444641,0.0010547024332613745,,,0.0011416882009530342,,,,0.0006382925388613506,,,,,,,,,0.0012656429199136494,0.0012656429199136494,-0.00023562501168605175,,0.0006651276606152812,,,,,0.0009190353152899943,,,,,0.001925978356390336,,-0.00043772235372507634,-0.00034934938641149627,,-0.0003825345612865089,,,,,,,,,,0.0013423485514235676,0.0010206797741239108,0.00027529709927995695
210,2026-05-31,AD,NL0011794037,02366702W,,,0.00098003323444641,,,,,,,,,,0.0011019279153477047,,,,,,,0.0012656429199136494,0.0012656429199136494,-0.00023562501168605175,,0.0006651276606152812,,,0.0029930744727687656,,0.0009190353152899943,0.001318378041576718,,0.0010648438028119647,,,,,0.0010301744696971564,0.0010547024332613745,-0.0003825345612865089,,,,,,,0.002768593887311108,0.004429750219697773,,0.0013423485514235676,,0.0004600601267212078
211,2026-05-31,ADBE,US00724F1012,01254001,-0.0012952486022508108,-0.0003865401587868912,-0.00033206523386040276,-0.0005349939878862045,0.0010159977568114159,0.0025169035339191893,-0.0003865401587868912,0.0016406482295176937,0.00303407549294368,0.0024339286921416336,,,0.0011019279153477047,0.001830475297395774,-0.0005859457962563192,,,0.004520153285405891,,,,-0.00023562501168605175,,,,,,,,,,0.0010648438028119647,0.0011300383213514727,,,,0.0010301744696971564,0.0010547024332613745,-0.0003825345612865089,,,,,0.0011300383213514727,,,,,,,0.0004177416937672905
212,2026-05-31,ADDT B,SE0014781795,24731801W,,-0.0003865401587868912,-0.00033206523386040276,-0.0005349939878862045,-0.0005187061147187088,,-0.0003865401587868912,,,,0.0006382925388613506,,,,0.0011300383213514727,,,,,0.0012656429199136494,0.0012656429199136494,-0.00023562501168605175,,0.0006651276606152812,,,,,,,0.0011476036838595266,,,-0.0006552884940381321,,,-0.00034934938641149627,-0.0003578150419788185,-0.0003825345612865089,,,,,-0.0005798102381803368,,,,,,,8.039443029279472e-06
213,2026-05-31,ADI,US0326541051,00163201,0.0025169035339191893,0.0011476036838595266,0.00098003323444641,0.0010547024332613745,-0.0005187061147187088,,-0.0003865401587868912,,-0.0007826413815720446,-0.0006364583648991053,,0.002734413715862823,0.0011019279153477047,,,,,-0.0011596204763606737,,-0.0012729167297982106,-0.0012584517669595946,0.0009267259873844713,,,,,,,-0.00046433440458047936,,,,,,,,-0.00034934938641149627,-0.0003578150419788185,0.0014765834065659244,-0.0009546875473486579,,,,-0.0005798102381803368,,,,,,,1.5611304584655183e-05
214,2026-05-31,ADM,GB00B02J6398,27097901W,,,,0.0010547024332613745,-0.0005187061147187088,,-0.0003865401587868912,-0.0005607278759111105,,,-0.001893055649443493,,0.0011019279153477047,,,-0.0005375910460798267,,,,,,-0.00023562501168605175,-0.0007457491952353153,,,0.0031641072997841235,,,,,,,-0.0005738018419297633,,,,-0.00034934938641149627,-0.0003578150419788185,,,,,-0.0005782963733286909,,-0.0007508051219826733,,,,,,-7.731792306016913e-05
215,2026-05-31,ADM,US0394831020,00172201,-0.0012952486022508108,,-0.00033206523386040276,-0.0005349939878862045,,,,,,,,,,-0.0018457292582074053,0.0011300383213514727,,0.0016285846395947695,,,,,-0.00023562501168605175,-0.0007457491952353153,0.0006651276606152812,,,0.0029930744727687656,0.001942872903376216,-0.00046433440458047936,0.001318378041576718,0.0011476036838595266,0.0010648438028119647,0.0011300383213514727,,,-0.00043772235372507634,-0.00034934938641149627,-0.0003578150419788185,0.0014765834065659244,,-0.00120373647274396,-0.001118623792852973,-0.0005782963733286909,,-0.0007508051219826733,-0.0014107484776107557,,0.002839583474165239,0.0013423485514235676,,-6.588566690947445e-05
216,2026-05-31,ADP,FR0010340141,27814201W,,-0.0003865401587868912,-0.00033206523386040276,-0.0005349939878862045,0.0010159977568114159,,-0.0003865401587868912,,,,-0.001893055649443493,,,,,,,,,-0.0012729167297982106,,-0.00023562501168605175,,-0.001977567062365077,,,,,,,,,,-0.0006552884940381321,,-0.00043772235372507634,-0.00034934938641149627,0.0010547024332613745,-0.0003825345612865089,,,,,0.0011300383213514727,,,,,-0.0006836034289657057,0.0010206797741239108,-0.00012569292472866113
217,2026-05-31,ADP,US0530151036,00189101,,-0.0003865401587868912,-0.00033206523386040276,,,,-0.0003865401587868912,,,,0.0006382925388613506,,,,,,,,,0.0012656429199136494,0.0012656429199136494,-0.00023562501168605175,,0.0006651276606152812,,,,,,-0.0006671310571833996,,,-0.0005738018419297633,-0.0006552884940381321,,-0.00043772235372507634,-0.00034934938641149627,-0.0003578150419788185,-0.0003825345612865089,-0.0009546875473486579,,,,,,,,,,0.0010206797741239108,-2.982948464509295e-07
218,2026-05-31,ADS,DE000A1EWWW0,22124401W,,-0.0003865401587868912,-0.00033206523386040276,-0.0005349939878862045,0.0010159977568114159,,-0.0003865401587868912,-0.0005607278759111105,-0.0007826413815720446,-0.0006364583648991053,,-0.0009385064024783416,,,-0.0005859457962563192,-0.0005375910460798267,-0.0008295412396437777,,-0.0008326598157326641,0.0012656429199136494,,0.0009267259873844713,-0.0007457491952353153,,,,,0.001942872903376216,,-0.0006671310571833996,-0.0011535807863796283,-0.0010751820921596534,-0.0005738018419297633,0.001925978356390336,,0.0012952486022508108,0.0010301744696971564,0.0010547024332613745,-0.0003825345612865089,,,,,,,,,,-0.0006836034289657057,,1.4940205019819987e-05
219,2026-05-31,ADSK,US0527691069,00187801,0.0025169035339191893,0.0011476036838595266,,,,,,,-0.0007826413815720446,-0.0006364583648991053,,-0.0009385064024783416,0.0011019279153477047,,-0.0005859457962563192,,,-0.0011596204763606737,,,0.0012656429199136494,-0.00023562501168605175,,,,,,,,0.001318378041576718,0.0011476036838595266,0.0010648438028119647,0.0011300383213514727,,,-0.00043772235372507634,-0.00034934938641149627,,-0.0003825345612865089,0.002734413715862823,0.0023314474840514595,,,,,,,,,0.0010206797741239108,0.0002533389783418293
220,2026-05-31,ADYEN,NL0012969182,32740101W,,-0.0003865401587868912,-0.00033206523386040276,-0.0005349939878862045,,,-0.0003865401587868912,-0.0005607278759111105,,,-0.001893055649443493,,,,0.0011300383213514727,-0.0005375910460798267,-0.0008295412396437777,,,,,-0.00023562501168605175,-0.0007457491952353153,,,,,,-0.00046433440458047936,,,,-0.0005738018419297633,,,,-0.00034934938641149627,-0.0003578150419788185,,,,-0.001118623792852973,-0.0005782963733286909,-0.0005798102381803368,-0.0007508051219826733,-0.0014107484776107557,,-0.0014382305908109652,,-0.0010301744696971564,-0.0002636635872884728
221,2026-05-31,AEE,US0236081024,01086001,,,-0.00033206523386040276,,,,-0.0003865401587868912,,,,,,0.0011019279153477047,,,,,,,,,-0.00023562501168605175,,,,,,,,,0.0011476036838595266,,,-0.0006552884940381321,0.006514338558379078,,,,,0.002734413715862823,,,-0.0005782963733286909,,-0.0007508051219826733,,,,,,0.0001890224743615823
222,2026-05-31,AEM,CA0084741085,00118601C,,,,,,,-0.0003865401587868912,-0.0005607278759111105,,0.0024339286921416336,,0.002734413715862823,0.0011019279153477047,0.001830475297395774,0.0011300383213514727,0.0017578373887689573,0.0016285846395947695,,,,,0.0009267259873844713,,,0.005402134414265577,,,,,0.001318378041576718,0.0011476036838595266,0.0010648438028119647,,0.001925978356390336,0.006514338558379078,0.0012952486022508108,,,0.0014765834065659244,,,,,,,,,,0.0013423485514235676,,0.0005892255088213678
223,2026-05-31,AENA,ES0105046017,31921901W,,0.0011476036838595266,,,-0.0005187061147187088,,,,,,,,,,,,,,,-0.0012729167297982106,-0.0012584517669595946,-0.00023562501168605175,,-0.001977567062365077,,,,,,,,,-0.0005738018419297633,-0.0006552884940381321,,,,-0.0003578150419788185,-0.0003825345612865089,,,,,,,,,,-0.0006836034289657057,,-0.00020654788819863488
224,2026-05-31,AEP,US0255371017,00144001,,,-0.00033206523386040276,,,,,,,,0.0006382925388613506,,,,,,,,,,,-0.00023562501168605175,,0.0006651276606152812,,-0.0010857230930631796,,,,,,,,-0.0006552884940381321,-0.005402134414265577,,,,,,,-0.001118623792852973,-0.0005782963733286909,,,,,-0.0014382305908109652,,,-0.00019391079171126202
225,2026-05-31,AER,NL0000687663,17609201,0.0025169035339191893,0.0011476036838595266,0.00098003323444641,0.0010547024332613745,0.0010159977568114159,0.0025169035339191893,0.0011416882009530342,,,,-0.001893055649443493,,,,-0.0005859457962563192,,,,,-0.0012729167297982106,-0.0012584517669595946,0.0009267259873844713,,-0.001977567062365077,,,,,,-0.0006671310571833996,,0.0010648438028119647,,-0.0006552884940381321,,0.0012952486022508108,0.0010301744696971564,0.0010547024332613745,-0.0003825345612865089,-0.0009546875473486579,0.0023314474840514595,,,0.0011300383213514727,,,,,-0.0006836034289657057,,0.00015250237804872053
226,2026-05-31,AFL,US0010551028,00144901,-0.0012952486022508108,-0.0003865401587868912,-0.00033206523386040276,-0.0005349939878862045,-0.0005187061147187088,,-0.0003865401587868912,-0.0005607278759111105,,,0.0006382925388613506,,,,,-0.0005375910460798267,,,-0.0008326598157326641,,,-0.00023562501168605175,,,,,,,-0.00046433440458047936,,,,-0.0005738018419297633,,,,-0.00034934938641149627,-0.0003578150419788185,,-0.0009546875473486579,,,-0.0005782963733286909,-0.0005798102381803368,-0.0007508051219826733,,,,,,-0.00018657248400198915
227,2026-05-31,AFRM,US00827B1061,03741301,,,,,-0.0005187061147187088,-0.0025169035339191893,-0.0003865401587868912,-0.0005607278759111105,,,-0.001893055649443493,,,,-0.0005859457962563192,-0.0005375910460798267,-0.0008295412396437777,,-0.0008326598157326641,,,0.0009267259873844713,,,,,,,,,,,-0.0005738018419297633,,,,0.0010301744696971564,,,-0.0009546875473486579,-0.00120373647274396,-0.001118623792852973,-0.0005782963733286909,-0.0005798102381803368,-0.0007508051219826733,-0.0014107484776107557,,-0.0014382305908109652,,-0.0010301744696971564,-0.00030450678591669843
228,2026-05-31,AGI,CA0115321089,12345501C,,,,,0.0010159977568114159,,-0.0003865401587868912,-0.0005607278759111105,,0.0024339286921416336,,,0.0011019279153477047,0.001830475297395774,0.0011300383213514727,0.0017578373887689573,,,0.001652891873021557,,,0.0009267259873844713,,,0.005402134414265577,,,,,,,,,0.001925978356390336,,0.0012952486022508108,0.0010301744696971564,0.0010547024332613745,-0.0003825345612865089,,,,-0.0005782963733286909,0.0011300383213514727,,,,,,,0.0003996174504216213
229,2026-05-31,AGN,BMG0112X1056,01559801W,,-0.0003865401587868912,-0.00033206523386040276,,,,-0.0003865401587868912,-0.0005607278759111105,,,0.0006382925388613506,,,,,-0.0005375910460798267,-0.0008295412396437777,,-0.0008326598157326641,,,-0.00023562501168605175,-0.0007457491952353153,,,,,,-0.00046433440458047936,,,-0.0010751820921596534,-0.0005738018419297633,,,,0.0010301744696971564,,,,,,-0.0005782963733286909,0.0011300383213514727,,,,,,0.0010206797741239108,-5.844203390712962e-05
230,2026-05-31,AGS,BE0974264930,01644701W,,-0.0003865401587868912,-0.00033206523386040276,,-0.0005187061147187088,,0.0011416882009530342,-0.0005607278759111105,,,,,,,,-0.0005375910460798267,-0.0008295412396437777,,-0.0008326598157326641,,,0.0009267259873844713,-0.0007457491952353153,,,-0.0010857230930631796,,,,,,0.0010648438028119647,0.0011300383213514727,,,,0.0010301744696971564,0.0010547024332613745,,,,0.0022148751098488863,0.0017037500844991435,0.0011300383213514727,0.0022148751098488863,0.002768593887311108,,0.002839583474165239,,,0.0003244941624721284
231,2026-05-31,AI,FR0000120073,10120201W,,-0.0003865401587868912,-0.00033206523386040276,-0.0005349939878862045,-0.0005187061147187088,,-0.0003865401587868912,-0.0005607278759111105,,-0.0006364583648991053,,-0.0009385064024783416,,,,0.0017578373887689573,,,0.001652891873021557,,,-0.00023562501168605175,,,,,,,-0.00046433440458047936,,,,-0.0005738018419297633,-0.0006552884940381321,,-0.00043772235372507634,-0.00034934938641149627,-0.0003578150419788185,-0.0003825345612865089,,,,-0.0005782963733286909,,,-0.0014107484776107557,-0.0022600766427029453,,-0.0006836034289657057,,-0.00023886511197505314
232,2026-05-31,AIA,NZAIAE0002S6,22276101W,,,,,,,0.0011416882009530342,,,,-0.001893055649443493,,,,,,,,,-0.0012729167297982106,-0.0012584517669595946,0.0009267259873844713,,-0.001977567062365077,,,,,-0.00046433440458047936,-0.0006671310571833996,,,,-0.0006552884940381321,,0.0012952486022508108,0.0010301744696971564,0.0010547024332613745,,,,,,,,,,,-0.0006836034289657057,-0.0010301744696971564,-8.727178522992375e-05
233,2026-05-31,AIG,US0268747849,00148701,-0.0012952486022508108,-0.0003865401587868912,-0.00033206523386040276,-0.0005349939878862045,0.0010159977568114159,0.0025169035339191893,0.0011416882009530342,0.0016406482295176937,,,0.0006382925388613506,,,,,-0.0005375910460798267,,,-0.0008326598157326641,,,-0.00023562501168605175,,,,-0.0010857230930631796,,,0.0009190353152899943,,,,,,,,,0.0010547024332613745,,-0.0009546875473486579,,,-0.0005782963733286909,,,0.002768593887311108,,0.002839583474165239,,,0.0002456107972970572
234,2026-05-31,AIR,NL0000235190,22083302W,,-0.0003865401587868912,-0.00033206523386040276,-0.0005349939878862045,,,0.0011416882009530342,,,,,,,,-0.0005859457962563192,,,,,0.0012656429199136494,,-0.00023562501168605175,,,,,,,,-0.0006671310571833996,-0.0011535807863796283,-0.0010751820921596534,-0.0005738018419297633,,,-0.00043772235372507634,,-0.0003578150419788185,-0.0003825345612865089,,,,,,,,,,-0.0006836034289657057,0.0010206797741239108,-2.8642668948717455e-05
235,2026-05-31,AJG,US3635761097,00497301,-0.0012952486022508108,-0.0003865401587868912,-0.00033206523386040276,-0.0005349939878862045,,,-0.0003865401587868912,-0.0005607278759111105,,,,,,,,-0.0005375910460798267,,,-0.0008326598157326641,,,-0.00023562501168605175,-0.0007457491952353153,,,,,,,,,,-0.0005738018419297633,,,,-0.00034934938641149627,-0.0003578150419788185,,-0.0009546875473486579,-0.00120373647274396,-0.001118623792852973,-0.0005782963733286909,-0.0005798102381803368,-0.0007508051219826733,-0.0014107484776107557,,-0.0014382305908109652,,-0.0010301744696971564,-0.00034305986339118775
236,2026-05-31,AKRBP,NO0010345853,27569602W,,,,,0.0010159977568114159,,-0.0003865401587868912,-0.0005607278759111105,,,-0.001893055649443493,,,,-0.0005859457962563192,,,,,,,-0.00023562501168605175,,-0.001977567062365077,,,,-0.001942872903376216,,,-0.0011535807863796283,0.0010648438028119647,-0.0005738018419297633,-0.0006552884940381321,,,,,-0.0003825345612865089,,,,,-0.0005798102381803368,,,,,-0.0006836034289657057,0.0010206797741239108,-0.00015472962294447518
237,2026-05-31,AKZA,NL0013267909,01533401W,,-0.0003865401587868912,-0.00033206523386040276,-0.0005349939878862045,,,0.0011416882009530342,,,-0.0006364583648991053,,-0.0009385064024783416,-0.0011074375549244432,,,-0.0005375910460798267,,,,,,-0.00023562501168605175,,,,,,0.001942872903376216,-0.00046433440458047936,,,,0.0011300383213514727,-0.0006552884940381321,,,,,0.0014765834065659244,,,,,,,0.002768593887311108,,,,,0.0001019148309181049
238,2026-05-31,ALA,CA0213611001,12219401C,,,,,,,-0.0003865401587868912,-0.0005607278759111105,,,0.0006382925388613506,,,,,,,,,,0.0012656429199136494,-0.00023562501168605175,,0.0006651276606152812,-0.005273512166306872,-0.0010857230930631796,,,-0.00046433440458047936,,,,,0.001925978356390336,,,,0.0010547024332613745,,,,,,,,-0.0014107484776107557,,-0.0014382305908109652,,,-2.231745146372181e-05
239,2026-05-31,ALAB,US04626A1034,04509401,,-0.0003865401587868912,,,-0.0005187061147187088,,-0.0003865401587868912,0.0016406482295176937,-0.0007826413815720446,-0.0006364583648991053,,0.002734413715862823,0.0011019279153477047,,0.0011300383213514727,,,0.004520153285405891,,,,0.0009267259873844713,,,,,,,,0.001318378041576718,0.0011476036838595266,,,,,0.0012952486022508108,,0.0010547024332613745,0.0014765834065659244,0.002734413715862823,,,,-0.0005798102381803368,,,,,,-0.0010301744696971564,0.0003286284065529085
240,2026-05-31,ALC,CH0432492467,03505601W,,0.0011476036838595266,0.00098003323444641,-0.0005349939878862045,-0.0005187061147187088,,,,-0.0007826413815720446,,,,,,,-0.0005375910460798267,-0.0008295412396437777,-0.0011596204763606737,-0.0008326598157326641,-0.0012729167297982106,-0.0012584517669595946,-0.00023562501168605175,-0.0007457491952353153,,,,,0.001942872903376216,,,,,,,,-0.00043772235372507634,-0.00034934938641149627,-0.0003578150419788185,,,,-0.001118623792852973,-0.0005782963733286909,-0.0005798102381803368,-0.0007508051219826733,,,,,,-0.00022443924368190584
241,2026-05-31,ALFA,SE0000695876,25192101W,,-0.0003865401587868912,-0.00033206523386040276,-0.0005349939878862045,-0.0005187061147187088,,-0.0003865401587868912,,,,0.0006382925388613506,,,,-0.0005859457962563192,,,,,,,-0.00023562501168605175,,0.0006651276606152812,,,,,-0.00046433440458047936,-0.0006671310571833996,-0.0011535807863796283,-0.0010751820921596534,-0.0005738018419297633,,,-0.00043772235372507634,-0.00034934938641149627,-0.0003578150419788185,-0.0003825345612865089,,,,,-0.0005798102381803368,,,,,,,-0.00010249662206880371
242,2026-05-31,ALL,AU000000ALL7,21262801W,,-0.0003865401587868912,-0.00033206523386040276,,,,,-0.0005607278759111105,-0.0007826413815720446,-0.0006364583648991053,,0.002734413715862823,-0.0011074375549244432,,,0.0017578373887689573,-0.0008295412396437777,,-0.0008326598157326641,-0.0012729167297982106,-0.0012584517669595946,-0.00023562501168605175,-0.0007457491952353153,,,,,,,,,,,-0.0006552884940381321,,-0.00043772235372507634,-0.00034934938641149627,-0.0003578150419788185,-0.0003825345612865089,,,,,,,,,,,-0.0010301744696971564,-0.0002382139910226681
243,2026-05-31,ALL,US0200021014,02834901,0.0025169035339191893,0.0011476036838595266,0.00098003323444641,0.0010547024332613745,-0.0005187061147187088,-0.0025169035339191893,0.0011416882009530342,0.0016406482295176937,,,0.0006382925388613506,,,,,-0.0005375910460798267,,,-0.0008326598157326641,,,0.0009267259873844713,,,,-0.0010857230930631796,,,0.0009190353152899943,,,0.0010648438028119647,0.0011300383213514727,,,,0.0010301744696971564,,,0.002734413715862823,-0.00120373647274396,0.0022148751098488863,0.0017037500844991435,-0.0005798102381803368,0.0022148751098488863,0.002768593887311108,,,,,0.00039597527631431097
244,2026-05-31,ALLE,IE00BFRT3W74,31605601,-0.0012952486022508108,-0.0003865401587868912,-0.00033206523386040276,-0.0005349939878862045,-0.0005187061147187088,-0.0025169035339191893,-0.0003865401587868912,,,,0.0006382925388613506,,,,-0.0005859457962563192,,,,,,,-0.00023562501168605175,,0.0006651276606152812,,,,,,,,,,-0.0006552884940381321,,-0.00043772235372507634,-0.00034934938641149627,-0.0003578150419788185,-0.0003825345612865089,-0.0009546875473486579,,,,-0.0005798102381803368,,,,,,,-0.00019762447258849335
245,2026-05-31,ALNY,US02043Q1076,26426501,,-0.0003865401587868912,-0.00033206523386040276,-0.0005349939878862045,,,,,-0.0007826413815720446,,,,,-0.0018457292582074053,0.0011300383213514727,0.0017578373887689573,-0.0008295412396437777,-0.0011596204763606737,,0.0012656429199136494,0.0012656429199136494,0.0009267259873844713,-0.0007457491952353153,0.0006651276606152812,,,,,,0.001318378041576718,0.0011476036838595266,,,,,0.0012952486022508108,0.0010301744696971564,0.0010547024332613745,,,,-0.001118623792852973,-0.0005782963733286909,,-0.0007508051219826733,,,,-0.0006836034289657057,0.0010206797741239108,-5.82425389421304e-05
246,2026-05-31,ALO,FR0010220475,21839901W,,-0.0003865401587868912,-0.00033206523386040276,-0.0005349939878862045,0.0010159977568114159,,-0.0003865401587868912,,,,0.0006382925388613506,,,,-0.0005859457962563192,,,,,,,0.0009267259873844713,,0.0006651276606152812,,,,,-0.00046433440458047936,0.001318378041576718,0.0011476036838595266,0.0010648438028119647,0.0011300383213514727,0.001925978356390336,,,0.0010301744696971564,0.0010547024332613745,-0.0003825345612865089,,,,,0.0011300383213514727,,,,,-0.0006836034289657057,,0.0001413563098921129
247,2026-05-31,ALV,DE0008404005,01572401W,,-0.0003865401587868912,-0.00033206523386040276,,-0.0005187061147187088,,-0.0003865401587868912,,,,,,,,,-0.0005375910460798267,-0.0008295412396437777,,,,,-0.00023562501168605175,-0.0007457491952353153,,,-0.0010857230930631796,,,,,,,,,,,-0.00034934938641149627,-0.0003578150419788185,,,,,,,-0.0007508051219826733,,,,,,-0.00010636998249040713
248,2026-05-31,AM,FR0014004L86,10051701W,,-0.0003865401587868912,-0.00033206523386040276,-0.0005349939878862045,,,0.0011416882009530342,,,,0.0006382925388613506,,,,0.0011300383213514727,,,,,,,-0.00023562501168605175,,0.0006651276606152812,,,,,,-0.0006671310571833996,,,,-0.0006552884940381321,,-0.00043772235372507634,-0.00034934938641149627,-0.0003578150419788185,-0.0003825345612865089,,,,,,,,,,0.0013423485514235676,0.0010206797741239108,6.467852199609334e-05
249,2026-05-31,AMAT,US0382221051,00170401,0.0025169035339191893,0.0011476036838595266,0.00098003323444641,0.0010547024332613745,-0.0005187061147187088,,-0.0003865401587868912,,0.00303407549294368,0.0024339286921416336,,0.002734413715862823,,,-0.0005859457962563192,,,0.004520153285405891,,,,-0.00023562501168605175,,,,,,,-0.00046433440458047936,,,,-0.0005738018419297633,,,,-0.00034934938641149627,-0.0003578150419788185,-0.0003825345612865089,-0.0009546875473486579,0.0023314474840514595,,,,,,,,,,0.00014906930399199146
250,2026-05-31,AMD,US0079031078,00116101,-0.0012952486022508108,-0.0003865401587868912,-0.00033206523386040276,,,,,0.0016406482295176937,-0.0007826413815720446,-0.0006364583648991053,,,,0.001830475297395774,-0.0005859457962563192,,,-0.0011596204763606737,,,-0.0012584517669595946,-0.00023562501168605175,,,,,,,,0.001318378041576718,0.0011476036838595266,,,,,,-0.00034934938641149627,-0.0003578150419788185,0.0014765834065659244,,0.0023314474840514595,,,,,,,,,-0.0010301744696971564,0.0001910766392390614
251,2026-05-31,AME,US0311001004,00159801,,-0.0003865401587868912,-0.00033206523386040276,,-0.0005187061147187088,-0.0025169035339191893,-0.0003865401587868912,,,,0.0006382925388613506,,,,-0.0005859457962563192,,,,,-0.0012729167297982106,-0.0012584517669595946,-0.00023562501168605175,,0.0006651276606152812,,,,,-0.00046433440458047936,-0.0006671310571833996,,,-0.0005738018419297633,-0.0006552884940381321,,-0.00043772235372507634,-0.00034934938641149627,-0.0003578150419788185,-0.0003825345612865089,-0.0009546875473486579,,,,-0.0005798102381803368,,,,,,-0.0010301744696971564,-0.0002776939898446417
252,2026-05-31,AMGN,US0311621009,00160201,,,,,-0.0005187061147187088,-0.0025169035339191893,,,-0.0007826413815720446,,,,,,0.0011300383213514727,0.0017578373887689573,0.0016285846395947695,-0.0011596204763606737,,,0.0012656429199136494,0.0009267259873844713,-0.0007457491952353153,,,,,-0.001942872903376216,,-0.0006671310571833996,-0.0011535807863796283,-0.0010751820921596534,-0.0005738018419297633,,,0.0012952486022508108,0.0010301744696971564,,,,-0.00120373647274396,,-0.0005782963733286909,-0.0005798102381803368,-0.0007508051219826733,,,,-0.0006836034289657057,0.0010206797741239108,-7.916673863030709e-05
253,2026-05-31,AMP,US03076C1062,16470801,0.0025169035339191893,0.0011476036838595266,0.00098003323444641,,,,,0.0016406482295176937,,,0.0006382925388613506,,,,,-0.0005375910460798267,-0.0008295412396437777,,,,,-0.00023562501168605175,,,,-0.0010857230930631796,,,,,,0.0010648438028119647,,,,,-0.00034934938641149627,,,,,,-0.0005782963733286909,,,,,,,0.0010206797741239108,0.00011237421120745412
254,2026-05-31,AMRZ,CH1430134226,36691101W,,-0.0003865401587868912,-0.00033206523386040276,,,,-0.0003865401587868912,,,-0.0006364583648991053,,-0.0009385064024783416,,,-0.0005859457962563192,-0.0005375910460798267,,,,,,-0.00023562501168605175,,,,,,,-0.00046433440458047936,-0.0006671310571833996,,,-0.0005738018419297633,-0.0006552884940381321,,-0.00043772235372507634,-0.00034934938641149627,-0.0003578150419788185,-0.0003825345612865089,,,,-0.0005782963733286909,,,,,,0.0013423485514235676,,-5.9318085959104096e-05
255,2026-05-31,AMS,ES0109067019,29450801W,,-0.0003865401587868912,-0.00033206523386040276,-0.0005349939878862045,,,-0.0003865401587868912,-0.0005607278759111105,-0.0007826413815720446,-0.0006364583648991053,,,-0.0011074375549244432,0.001830475297395774,,-0.0005375910460798267,0.0016285846395947695,,,-0.0012729167297982106,,-0.00023562501168605175,0.002171446186126359,,,,,,,,,,,,,,,,-0.0003825345612865089,,,,,,,,,,0.0013423485514235676,,0.0001812358277828011
256,2026-05-31,AMT,US03027X1000,10536501,,,,,,,,,,0.0024339286921416336,,,,,,,,,,,0.0012656429199136494,,,,,-0.0010857230930631796,0.0029930744727687656,0.001942872903376216,,,,,,,,,,,-0.0003825345612865089,-0.0009546875473486579,,,-0.0005782963733286909,-0.0005798102381803368,,,,,-0.0006836034289657057,0.0010206797741239108,-6.482504471522389e-06
257,2026-05-31,AMUN,FR0004125920,32072301W,,-0.0003865401587868912,-0.00033206523386040276,-0.0005349939878862045,-0.0005187061147187088,,0.0011416882009530342,,,,,,,,,-0.0005375910460798267,,,-0.0008326598157326641,,,0.0009267259873844713,-0.0007457491952353153,,,-0.0010857230930631796,,,-0.00046433440458047936,,,,,,,,,,,,,0.0022148751098488863,-0.0005782963733286909,,0.0022148751098488863,,,0.002839583474165239,,-0.0010301744696971564,0.00010875389497927937
258,2026-05-31,AMZN,US0231351067,06476801,0.0025169035339191893,0.0011476036838595266,0.00098003323444641,0.0010547024332613745,,,0.0011416882009530342,0.0016406482295176937,-0.0007826413815720446,-0.0006364583648991053,,,,0.001830475297395774,,-0.0005375910460798267,0.0016285846395947695,,0.001652891873021557,,,0.0009267259873844713,0.002171446186126359,,0.005402134414265577,,,,,0.001318378041576718,-0.0011535807863796283,,-0.0005738018419297633,0.001925978356390336,0.006514338558379078,0.0012952486022508108,,,-0.0003825345612865089,-0.0009546875473486579,0.0023314474840514595,,,,,,,,-0.0006836034289657057,,0.000676578452611042
259,2026-05-31,ANA,ES0125220311,10271201W,,,0.00098003323444641,,-0.0005187061147187088,,,,,,0.0006382925388613506,,,,,,,,,0.0012656429199136494,0.0012656429199136494,-0.00023562501168605175,,0.0006651276606152812,,0.0031641072997841235,,,0.0009190353152899943,,0.0011476036838595266,,,,,0.0012952486022508108,,0.0010547024332613745,,,,0.0022148751098488863,-0.0005782963733286909,-0.0005798102381803368,0.0022148751098488863,0.002768593887311108,0.004429750219697773,,,0.0010206797741239108,0.00047043306122214614
260,2026-05-31,ANET,US0404132054,02074801,,-0.0003865401587868912,,,-0.0005187061147187088,,-0.0003865401587868912,,0.00303407549294368,0.0024339286921416336,,,,,,,,0.004520153285405891,,,,-0.00023562501168605175,,,,,,,-0.00046433440458047936,,,,,,,,-0.00034934938641149627,-0.0003578150419788185,-0.0003825345612865089,,,,,-0.0005798102381803368,,,,,,,8.891227282493815e-06
261,2026-05-31,ANTO,GB0000456144,20018901W,,,,,,,,-0.0005607278759111105,,-0.0006364583648991053,,,,,0.0011300383213514727,-0.0005375910460798267,-0.0008295412396437777,,,,,-0.00023562501168605175,,,,,,,,,-0.0011535807863796283,,-0.0005738018419297633,0.001925978356390336,,,,,,,,,-0.0005782963733286909,,,,-0.0022600766427029453,,-0.0006836034289657057,,-0.00012610260744968675
262,2026-05-31,ANZ,AU000000ANZ3,01588901W,,-0.0003865401587868912,-0.00033206523386040276,,,,,-0.0005607278759111105,,,,,0.0011019279153477047,,,0.0017578373887689573,0.0016285846395947695,,0.001652891873021557,,,-0.00023562501168605175,0.002171446186126359,,,-0.0010857230930631796,,,,,,,,,,,-0.00034934938641149627,,,,,-0.001118623792852973,-0.0005782963733286909,,-0.0007508051219826733,,,,,,6.153388475216196e-05
263,2026-05-31,AON,IE00BLP1HW54,00322101,,-0.0003865401587868912,-0.00033206523386040276,,-0.0005187061147187088,,-0.0003865401587868912,,,,-0.001893055649443493,,,,,-0.0005375910460798267,,,,,,-0.00023562501168605175,-0.0007457491952353153,,,-0.0010857230930631796,,,,,,,,,,,,,,-0.0009546875473486579,0.0023314474840514595,,-0.0005782963733286909,-0.0005798102381803368,-0.0007508051219826733,,,-0.0014382305908109652,,,-0.00012811201418039253
264,2026-05-31,APA,AU000000APA1,24253601W,,,-0.00033206523386040276,,-0.0005187061147187088,,-0.0003865401587868912,-0.0005607278759111105,,,0.0006382925388613506,,,,,,,,,-0.0012729167297982106,,0.0009267259873844713,,0.0006651276606152812,,-0.0010857230930631796,,,-0.00046433440458047936,,0.0011476036838595266,,,-0.0006552884940381321,,0.0012952486022508108,,0.0010547024332613745,,,,-0.001118623792852973,-0.0005782963733286909,-0.0005798102381803368,-0.0007508051219826733,,-0.0022600766427029453,-0.0014382305908109652,,0.0010206797741239108,-0.00013422826349432436
265,2026-05-31,APD,US0091581068,00120901,,-0.0003865401587868912,-0.00033206523386040276,,-0.0005187061147187088,,,0.0016406482295176937,,-0.0006364583648991053,,-0.0009385064024783416,,,-0.0005859457962563192,-0.0005375910460798267,,,,,,-0.00023562501168605175,,,,,,-0.001942872903376216,-0.00046433440458047936,-0.0006671310571833996,,,,-0.0006552884940381321,,-0.00043772235372507634,-0.00034934938641149627,-0.0003578150419788185,-0.0003825345612865089,,,,-0.0005782963733286909,-0.0005798102381803368,,-0.0014107484776107557,-0.0022600766427029453,,-0.0006836034289657057,,-0.0002263348959404107
266,2026-05-31,APH,US0320951017,01428201,,,,,-0.0005187061147187088,,,,0.00303407549294368,0.0024339286921416336,,,,,0.0011300383213514727,,,-0.0011596204763606737,,,,-0.00023562501168605175,,,,,,,0.0009190353152899943,0.001318378041576718,0.0011476036838595266,0.0010648438028119647,0.0011300383213514727,,,0.0012952486022508108,0.0010301744696971564,0.0010547024332613745,0.0014765834065659244,0.002734413715862823,,,,,,,,,,,0.0002511354380370456
267,2026-05-31,APO,US03769M1062,18425401,-0.0012952486022508108,-0.0003865401587868912,-0.00033206523386040276,-0.0005349939878862045,,,0.0011416882009530342,0.0016406482295176937,,,0.0006382925388613506,,-0.0011074375549244432,,,-0.0005375910460798267,-0.0008295412396437777,,-0.0008326598157326641,,,-0.00023562501168605175,,,,-0.0010857230930631796,,,0.0009190353152899943,,,0.0010648438028119647,0.0011300383213514727,,,,-0.00034934938641149627,-0.0003578150419788185,,-0.0009546875473486579,-0.00120373647274396,-0.001118623792852973,-0.0005782963733286909,-0.0005798102381803368,-0.0007508051219826733,,,-0.0014382305908109652,,0.0010206797741239108,-0.0001352506171351127
268,2026-05-31,APP,US03831W1080,03821201,0.0025169035339191893,0.0011476036838595266,,,,0.0025169035339191893,,-0.0005607278759111105,0.00303407549294368,0.0024339286921416336,,0.002734413715862823,-0.0011074375549244432,,-0.0005859457962563192,,,0.004520153285405891,,,0.0012656429199136494,0.0009267259873844713,,,,,,,,0.001318378041576718,0.0011476036838595266,0.0010648438028119647,0.0011300383213514727,,,0.0012952486022508108,0.0010301744696971564,,0.0014765834065659244,0.002734413715862823,-0.00120373647274396,,,0.0011300383213514727,,,,,,0.0010206797741239108,0.0005003106036780187
269,2026-05-31,APTV,JE00BTDN8H13,11812204,-0.0012952486022508108,-0.0003865401587868912,-0.00033206523386040276,-0.0005349939878862045,-0.0005187061147187088,-0.0025169035339191893,-0.0003865401587868912,-0.0005607278759111105,-0.0007826413815720446,-0.0006364583648991053,,-0.0009385064024783416,-0.0011074375549244432,,-0.0005859457962563192,-0.0005375910460798267,,,-0.0008326598157326641,,,-0.00023562501168605175,-0.0007457491952353153,,,,0.0029930744727687656,0.001942872903376216,0.0009190353152899943,-0.0006671310571833996,,,,-0.0006552884940381321,,-0.00043772235372507634,-0.00034934938641149627,-0.0003578150419788185,-0.0003825345612865089,-0.0009546875473486579,,,,,,,,,0.0013423485514235676,,-0.0002342184476637641
270,2026-05-31,ARES,US03990B1017,02041201,-0.0012952486022508108,-0.0003865401587868912,-0.00033206523386040276,-0.0005349939878862045,,,-0.0003865401587868912,-0.0005607278759111105,,,,,,,,-0.0005375910460798267,,,,,,-0.00023562501168605175,,,,,,,,,,,,,,,-0.00034934938641149627,-0.0003578150419788185,,0.002734413715862823,-0.00120373647274396,-0.001118623792852973,-0.0005782963733286909,-0.0005798102381803368,-0.0007508051219826733,-0.0014107484776107557,,-0.0014382305908109652,,,-0.00015238752517280968
271,2026-05-31,ARGX,NL0010832176,31800501W,,-0.0003865401587868912,-0.00033206523386040276,-0.0005349939878862045,0.0010159977568114159,,,,0.00303407549294368,,,,-0.0011074375549244432,-0.0018457292582074053,0.0011300383213514727,-0.0005375910460798267,-0.0008295412396437777,0.004520153285405891,-0.0008326598157326641,,-0.0012584517669595946,-0.00023562501168605175,-0.0007457491952353153,0.0006651276606152812,,,0.0029930744727687656,0.001942872903376216,,0.001318378041576718,0.0011476036838595266,,0.0011300383213514727,,,0.0012952486022508108,,,,,,-0.001118623792852973,-0.0005782963733286909,0.0011300383213514727,-0.0007508051219826733,,,,-0.0006836034289657057,-0.0010301744696971564,-0.0001800443737226833
272,2026-05-31,ARX,CA00208D4084,10523901C,,,,,,,0.0011416882009530342,0.0016406482295176937,,,-0.001893055649443493,,,,-0.0005859457962563192,,,,,,,-0.00023562501168605175,,-0.001977567062365077,,,,,,,,0.0010648438028119647,0.0011300383213514727,-0.0006552884940381321,-0.005402134414265577,,,,0.0014765834065659244,,,,,0.0011300383213514727,,,,,,,-3.821068201149969e-05
273,2026-05-31,ASM,NL0000334118,00116601W,,0.0011476036838595266,0.00098003323444641,0.0010547024332613745,,,-0.0003865401587868912,0.0016406482295176937,0.00303407549294368,-0.0006364583648991053,,-0.0009385064024783416,-0.0011074375549244432,-0.0018457292582074053,,,,0.004520153285405891,,,,0.0009267259873844713,,,,,,,-0.00046433440458047936,-0.0006671310571833996,-0.0011535807863796283,-0.0010751820921596534,-0.0005738018419297633,,,0.0012952486022508108,0.0010301744696971564,0.0010547024332613745,-0.0003825345612865089,,,,,,,,,,,-0.0010301744696971564,2.901950328507851e-05
274,2026-05-31,ASML,NL0010273215,06121401W,,,,,,,-0.0003865401587868912,0.0016406482295176937,0.00303407549294368,0.0024339286921416336,,-0.0009385064024783416,,-0.0018457292582074053,,,,0.004520153285405891,,0.0012656429199136494,,-0.00023562501168605175,,,,,,,-0.00046433440458047936,-0.0006671310571833996,-0.0011535807863796283,,-0.0005738018419297633,,,,-0.00034934938641149627,-0.0003578150419788185,-0.0003825345612865089,,,,,,,,,,,,-5.906358957894744e-05
275,2026-05-31,ASRNL,NL0011872643,01551203W,,0.0011476036838595266,,,,,-0.0003865401587868912,-0.0005607278759111105,,,0.0006382925388613506,,0.0011019279153477047,,,-0.0005375910460798267,-0.0008295412396437777,,-0.0008326598157326641,,,-0.00023562501168605175,-0.0007457491952353153,,,-0.0010857230930631796,,,0.0009190353152899943,,,,,,,,-0.00034934938641149627,-0.0003578150419788185,,,,-0.001118623792852973,-0.0005782963733286909,-0.0005798102381803368,-0.0007508051219826733,-0.0014107484776107557,,-0.0014382305908109652,,,-0.00019713185422809068
276,2026-05-31,ASSA B,SE0007100581,22349201W,,-0.0003865401587868912,-0.00033206523386040276,-0.0005349939878862045,-0.0005187061147187088,,-0.0003865401587868912,,,,0.0006382925388613506,,,,-0.0005859457962563192,,,,,,,-0.00023562501168605175,,0.0006651276606152812,,,,,-0.00046433440458047936,,,,,,,-0.00043772235372507634,-0.00034934938641149627,-0.0003578150419788185,-0.0003825345612865089,,,,,-0.0005798102381803368,,,,,0.0013423485514235676,,-1.8428479973311208e-05
277,2026-05-31,ASTS,US00217D1000,03859801,,,0.00098003323444641,-0.0005349939878862045,,,-0.0003865401587868912,-0.0005607278759111105,,-0.0006364583648991053,,-0.0009385064024783416,,-0.0018457292582074053,-0.0005859457962563192,,-0.0008295412396437777,,0.001652891873021557,,,0.0009267259873844713,,,-0.005273512166306872,,,,-0.00046433440458047936,,,,,,,,,-0.0003578150419788185,,,-0.00120373647274396,,,,,,,,-0.0006836034289657057,,-0.00023121704262322283
278,2026-05-31,ASX,AU000000ASX7,22613601W,,,0.00098003323444641,0.0010547024332613745,-0.0005187061147187088,,-0.0003865401587868912,-0.0005607278759111105,,,-0.001893055649443493,,-0.0011074375549244432,,,-0.0005375910460798267,0.0016285846395947695,,,,,-0.00023562501168605175,-0.0007457491952353153,,,-0.0010857230930631796,,,-0.00046433440458047936,,,0.0010648438028119647,0.0011300383213514727,,,,-0.00034934938641149627,-0.0003578150419788185,,,,-0.001118623792852973,-0.0005782963733286909,-0.0005798102381803368,-0.0007508051219826733,-0.0014107484776107557,,-0.0014382305908109652,,,-0.00017202623124696866
279,2026-05-31,ATCO A,SE0017486889,01742001W,,-0.0003865401587868912,-0.00033206523386040276,-0.0005349939878862045,-0.0005187061147187088,,-0.0003865401587868912,,,,0.0006382925388613506,,,,-0.0005859457962563192,,,,,,,-0.00023562501168605175,,0.0006651276606152812,,,,,-0.00046433440458047936,-0.0006671310571833996,-0.0011535807863796283,-0.0010751820921596534,-0.0005738018419297633,-0.0006552884940381321,,-0.00043772235372507634,-0.00034934938641149627,-0.0003578150419788185,-0.0003825345612865089,,,,,-0.0005798102381803368,,,,,,-0.0010301744696971564,-0.00013830977118303083
280,2026-05-31,ATCO B,SE0017486897,01742002W,,,,,,,,,,,0.0006382925388613506,,,,-0.0005859457962563192,,,,,,,-0.00023562501168605175,,0.0006651276606152812,,,,,-0.00046433440458047936,-0.0006671310571833996,-0.0011535807863796283,-0.0010751820921596534,-0.0005738018419297633,-0.0006552884940381321,,-0.00043772235372507634,-0.00034934938641149627,-0.0003578150419788185,-0.0003825345612865089,,,,,,,,,,,-0.0010301744696971564,-8.435387963505819e-05
281,2026-05-31,ATD,CA01626P1484,06465502C,,,-0.00033206523386040276,,,,,,,,,,0.0011019279153477047,,-0.0005859457962563192,,0.0016285846395947695,,,,,-0.00023562501168605175,-0.0007457491952353153,0.0006651276606152812,,,,,,,0.0011476036838595266,,,,,-0.00043772235372507634,-0.00034934938641149627,,-0.0003825345612865089,,,,-0.0005782963733286909,,-0.0007508051219826733,,,,0.0013423485514235676,,3.108105324168749e-05
282,2026-05-31,ATO,US0495601058,00438301,0.0025169035339191893,,,,,-0.0025169035339191893,-0.0003865401587868912,-0.0005607278759111105,,,-0.001893055649443493,,,,,,,,,-0.0012729167297982106,-0.0012584517669595946,-0.00023562501168605175,,-0.001977567062365077,0.005402134414265577,,,,,,,,,-0.0006552884940381321,0.006514338558379078,,,-0.0003578150419788185,,-0.0009546875473486579,,-0.001118623792852973,-0.0005782963733286909,-0.0005798102381803368,-0.0007508051219826733,-0.0014107484776107557,-0.0022600766427029453,-0.0014382305908109652,,-0.0010301744696971564,-0.0003630516388698962
283,2026-05-31,ATRL,CA04764T1049,01435201C,,-0.0003865401587868912,-0.00033206523386040276,-0.0005349939878862045,,,-0.0003865401587868912,,,,0.0006382925388613506,,,,0.0011300383213514727,,,,,,,-0.00023562501168605175,,0.0006651276606152812,,,,,0.0009190353152899943,-0.0006671310571833996,,,-0.0005738018419297633,0.001925978356390336,,0.0012952486022508108,0.0010301744696971564,0.0010547024332613745,-0.0003825345612865089,,,,,,,,,,-0.0006836034289657057,,5.544661490228197e-05
284,2026-05-31,AV.,GB00BPQY8M80,01554502W,,-0.0003865401587868912,-0.00033206523386040276,,,,-0.0003865401587868912,-0.0005607278759111105,,,0.0006382925388613506,,,,,-0.0005375910460798267,-0.0008295412396437777,,-0.0008326598157326641,,,-0.00023562501168605175,-0.0007457491952353153,,,-0.0010857230930631796,,,0.0009190353152899943,,,-0.0010751820921596534,-0.0005738018419297633,,,,-0.00034934938641149627,-0.0003578150419788185,,,,-0.001118623792852973,,,-0.0007508051219826733,-0.0014107484776107557,,-0.0014382305908109652,,0.0010206797741239108,-0.00020942201790267851
285,2026-05-31,AVB,US0534841012,02987501,,,,,,,,,,,,,,,,,,,,,,,,,,-0.0010857230930631796,,,,,,,,,,,,,-0.0003825345612865089,,,,-0.0005782963733286909,,,,,,,,-2.871742026531691e-05
286,2026-05-31,AVGO,US11135F1012,18071101,0.0025169035339191893,0.0011476036838595266,0.00098003323444641,0.0010547024332613745,0.0010159977568114159,,-0.0003865401587868912,-0.0005607278759111105,0.00303407549294368,0.0024339286921416336,,0.002734413715862823,,,-0.0005859457962563192,,,-0.0011596204763606737,,-0.0012729167297982106,,0.0009267259873844713,,,,,,,-0.00046433440458047936,,,,,,,0.0012952486022508108,,,0.0014765834065659244,,,,,,,,,,,,0.00017182558304481906
287,2026-05-31,AVOL,CH0023405456,27468901W,,0.0011476036838595266,0.00098003323444641,0.0010547024332613745,,,0.0011416882009530342,-0.0005607278759111105,-0.0007826413815720446,-0.0006364583648991053,,0.002734413715862823,,,0.0011300383213514727,0.0017578373887689573,0.0016285846395947695,,,0.0012656429199136494,0.0012656429199136494,-0.00023562501168605175,0.002171446186126359,,,,0.0029930744727687656,,0.0009190353152899943,0.001318378041576718,,0.0010648438028119647,0.0011300383213514727,,,,0.0010301744696971564,0.0010547024332613745,-0.0003825345612865089,,,,,,,,,,0.0013423485514235676,0.0010206797741239108,0.0004191727755434579
288,2026-05-31,AVY,US0536111091,00191301,-0.0012952486022508108,-0.0003865401587868912,-0.00033206523386040276,-0.0005349939878862045,-0.0005187061147187088,,-0.0003865401587868912,,,-0.0006364583648991053,,-0.0009385064024783416,,,,-0.0005375910460798267,,,,,,-0.00023562501168605175,,,,,,,,-0.0006671310571833996,,,,-0.0006552884940381321,,-0.00043772235372507634,-0.00034934938641149627,-0.0003578150419788185,-0.0003825345612865089,-0.0009546875473486579,-0.00120373647274396,,,,,,,,,,-0.00020547094200801862
289,2026-05-31,AWK,US0304201033,17943701,-0.0012952486022508108,,-0.00033206523386040276,,,,-0.0003865401587868912,-0.0005607278759111105,,,-0.001893055649443493,,0.0011019279153477047,,,,,,,,-0.0012584517669595946,-0.00023562501168605175,,-0.001977567062365077,,,,,,,,,,-0.0006552884940381321,-0.005402134414265577,-0.00043772235372507634,,-0.0003578150419788185,,-0.0009546875473486579,,,-0.0005782963733286909,,-0.0007508051219826733,-0.0014107484776107557,-0.0022600766427029453,,,,-0.00047868832262898495
290,2026-05-31,AXON,US05464C1018,14391201,,,,,0.0010159977568114159,0.0025169035339191893,,,,,0.0006382925388613506,,,,,,,,,-0.0012729167297982106,-0.0012584517669595946,-0.00023562501168605175,,,,,,,,-0.0006671310571833996,-0.0011535807863796283,-0.0010751820921596534,-0.0005738018419297633,-0.0006552884940381321,,-0.00043772235372507634,-0.00034934938641149627,-0.0003578150419788185,-0.0003825345612865089,-0.0009546875473486579,-0.00120373647274396,,,-0.0005798102381803368,,,,,-0.0006836034289657057,,-0.00016749501785527572
291,2026-05-31,AXP,US0258161092,00144701,,-0.0003865401587868912,-0.00033206523386040276,,,,-0.0003865401587868912,,,,-0.001893055649443493,,,,-0.0005859457962563192,-0.0005375910460798267,-0.0008295412396437777,,-0.0008326598157326641,,,-0.00023562501168605175,,,,,,,,,,,,,,,-0.00034934938641149627,-0.0003578150419788185,,,,-0.001118623792852973,-0.0005782963733286909,-0.0005798102381803368,-0.0007508051219826733,-0.0014107484776107557,,-0.0014382305908109652,,,-0.00021301286464824772
292,2026-05-31,AYV,FR0013258662,21517902W,,-0.0003865401587868912,-0.00033206523386040276,-0.0005349939878862045,0.0010159977568114159,,-0.0003865401587868912,,,,0.0006382925388613506,,,,,,,,,,,-0.00023562501168605175,,0.0006651276606152812,,,,,0.0009190353152899943,,,0.0010648438028119647,0.0011300383213514727,0.001925978356390336,,-0.00043772235372507634,0.0010301744696971564,0.0010547024332613745,0.0014765834065659244,,,,,0.0011300383213514727,,,,,-0.0006836034289657057,0.0010206797741239108,0.00017284178895418025
293,2026-05-31,AZN,GB0009895292,02827201W,,0.0011476036838595266,0.00098003323444641,,,,,,-0.0007826413815720446,,,,,,-0.0005859457962563192,0.0017578373887689573,-0.0008295412396437777,-0.0011596204763606737,0.001652891873021557,,,-0.00023562501168605175,0.002171446186126359,,,,,,,,,,,,,,,,,,,-0.001118623792852973,-0.0005782963733286909,,-0.0007508051219826733,,,,,,7.242803575100172e-05
294,2026-05-31,AZO,US0533321024,02380901,,,,,,,-0.0003865401587868912,-0.0005607278759111105,-0.0007826413815720446,-0.0006364583648991053,,-0.0009385064024783416,,,-0.0005859457962563192,-0.0005375910460798267,,,,,-0.0012584517669595946,-0.00023562501168605175,0.002171446186126359,,,,,,-0.00046433440458047936,-0.0006671310571833996,,,-0.0005738018419297633,-0.0006552884940381321,,-0.00043772235372507634,-0.00034934938641149627,-0.0003578150419788185,-0.0003825345612865089,-0.0009546875473486579,0.0023314474840514595,,,,,,,,,,-6.028465033172646e-05
295,2026-05-31,AZRG,IL0011194789,29478801W,,,,,,,,,,-0.0006364583648991053,,,,,,,,,,-0.0012729167297982106,,,-0.0007457491952353153,,,-0.0010857230930631796,,,,,0.0011476036838595266,,,,,,,,0.0014765834065659244,,,,-0.0005782963733286909,,,,,,,,-2.2628334610033814e-05
296,2026-05-31,BA,US0970231058,00228501,-0.0012952486022508108,-0.0003865401587868912,-0.00033206523386040276,-0.0005349939878862045,-0.0005187061147187088,-0.0025169035339191893,0.0011416882009530342,,,,0.0006382925388613506,,,,0.0011300383213514727,,,,,0.0012656429199136494,-0.0012584517669595946,0.0009267259873844713,,0.0006651276606152812,,,,,0.0009190353152899943,0.001318378041576718,0.0011476036838595266,0.0010648438028119647,0.0011300383213514727,-0.0006552884940381321,,0.0012952486022508108,0.0010301744696971564,0.0010547024332613745,-0.0003825345612865089,0.002734413715862823,,,,0.0011300383213514727,,,,,-0.0006836034289657057,0.0010206797741239108,0.00017722569377697121
297,2026-05-31,BA.,GB0002634946,06347701W,,-0.0003865401587868912,-0.00033206523386040276,-0.0005349939878862045,,,-0.0003865401587868912,,,,0.0006382925388613506,,,,,,,,,,,-0.00023562501168605175,,0.0006651276606152812,,,,,,-0.0006671310571833996,,-0.0010751820921596534,-0.0005738018419297633,-0.0006552884940381321,,-0.00043772235372507634,-0.00034934938641149627,-0.0003578150419788185,-0.0003825345612865089,,,,,,,,,,,,-7.91106022656551e-05
298,2026-05-31,BAC,US0605051046,00764701,0.0025169035339191893,0.0011476036838595266,,,,,,0.0016406482295176937,,,0.0006382925388613506,,-0.0011074375549244432,,,-0.0005375910460798267,,,,,,-0.00023562501168605175,,,,-0.0010857230930631796,,,,,,,,,,,,,,,,,-0.0005782963733286909,,,,,,,,6.464667029565857e-05
299,2026-05-31,BAER,CH0102484968,29285401W,,-0.0003865401587868912,-0.00033206523386040276,-0.0005349939878862045,0.0010159977568114159,,0.0011416882009530342,-0.0005607278759111105,,,,,,,,0.0017578373887689573,-0.0008295412396437777,,,,,-0.00023562501168605175,,,,-0.0010857230930631796,,,-0.00046433440458047936,,,-0.0010751820921596534,-0.0005738018419297633,,,,-0.00034934938641149627,-0.0003578150419788185,,,,-0.001118623792852973,-0.0005782963733286909,0.0011300383213514727,-0.0007508051219826733,,,,,,-5.012431691606666e-05
300,2026-05-31,BALD B,SE0017832488,23418101W,,,,,,,,,,-0.0006364583648991053,,,,,,,,,,-0.0012729167297982106,,,-0.0007457491952353153,,,,-0.0029930744727687656,-0.001942872903376216,,-0.0006671310571833996,,-0.0010751820921596534,,,,,,,-0.0003825345612865089,,,,0.0017037500844991435,,,,,,,0.0010206797741239108,-5.539707134476462e-05
301,2026-05-31,BALL,US0584981064,00198801,,-0.0003865401587868912,-0.00033206523386040276,,,,-0.0003865401587868912,-0.0005607278759111105,,-0.0006364583648991053,,-0.0009385064024783416,-0.0011074375549244432,,-0.0005859457962563192,-0.0005375910460798267,,,0.001652891873021557,,,-0.00023562501168605175,,,,,,0.001942872903376216,0.0009190353152899943,0.001318378041576718,0.0011476036838595266,0.0010648438028119647,0.0011300383213514727,-0.0006552884940381321,,,0.0010301744696971564,0.0010547024332613745,-0.0003825345612865089,0.002734413715862823,,,,,,,,,,,0.00013506465587511266
302,2026-05-31,BAM,CA1130041058,04181701,,-0.0003865401587868912,-0.00033206523386040276,-0.0005349939878862045,-0.0005187061147187088,,-0.0003865401587868912,,,,,,,,,-0.0005375910460798267,-0.0008295412396437777,,-0.0008326598157326641,,,-0.00023562501168605175,,,,,,,-0.00046433440458047936,,,-0.0010751820921596534,,,,,-0.00034934938641149627,-0.0003578150419788185,,-0.0009546875473486579,-0.00120373647274396,-0.001118623792852973,-0.0005782963733286909,-0.0005798102381803368,-0.0007508051219826733,-0.0014107484776107557,,0.002839583474165239,,-0.0010301744696971564,-0.00019553995221641653
303,2026-05-31,BAMI,IT0005218380,22508101W,,-0.0003865401587868912,-0.00033206523386040276,,-0.0005187061147187088,,0.0011416882009530342,,,,0.0006382925388613506,,,,,0.0017578373887689573,,,,,,-0.00023562501168605175,,,,-0.0010857230930631796,,,-0.00046433440458047936,,,,,,,,-0.00034934938641149627,,,,,0.0022148751098488863,0.0017037500844991435,,0.0022148751098488863,,,,,,0.00011608255916313052
304,2026-05-31,BARC,GB0031348658,01267301W,,-0.0003865401587868912,-0.00033206523386040276,-0.0005349939878862045,0.0010159977568114159,,-0.0003865401587868912,-0.0005607278759111105,,,0.0006382925388613506,,0.0011019279153477047,,,0.0017578373887689573,,,0.001652891873021557,,,-0.00023562501168605175,,,,-0.0010857230930631796,,,0.0009190353152899943,,,,,,,,,,,,,0.0022148751098488863,0.0017037500844991435,0.0011300383213514727,0.0022148751098488863,,,0.002839583474165239,,0.0010206797741239108,0.00028806556111217853
305,2026-05-31,BARN,CH0009002962,22415901W,,,-0.00033206523386040276,-0.0005349939878862045,-0.0005187061147187088,,,,,,,,,-0.0018457292582074053,0.0011300383213514727,,0.0016285846395947695,,-0.0008326598157326641,,,0.0009267259873844713,-0.0007457491952353153,0.0006651276606152812,,,0.0029930744727687656,0.001942872903376216,0.0009190353152899943,0.001318378041576718,0.0011476036838595266,0.0010648438028119647,0.0011300383213514727,,,,0.0010301744696971564,0.0010547024332613745,,,,-0.001118623792852973,-0.0005782963733286909,-0.0005798102381803368,-0.0007508051219826733,-0.0014107484776107557,-0.0022600766427029453,,0.0013423485514235676,0.0010206797741239108,-0.00012463718182209317
306,2026-05-31,BAS,DE000BASF111,01743601W,,,,-0.0005349939878862045,,,-0.0003865401587868912,,,-0.0006364583648991053,,-0.0009385064024783416,,,,-0.0005375910460798267,-0.0008295412396437777,,-0.0008326598157326641,,,-0.00023562501168605175,,,,,,,-0.00046433440458047936,-0.0006671310571833996,,-0.0010751820921596534,0.0011300383213514727,-0.0006552884940381321,,-0.00043772235372507634,-0.00034934938641149627,-0.0003578150419788185,,,,,-0.0005782963733286909,-0.0005798102381803368,,,,,-0.0006836034289657057,,-0.00017242466257237103
307,2026-05-31,BATS,GB0002875804,00193201W,,,-0.00033206523386040276,-0.0005349939878862045,,,,,,,,,-0.0011074375549244432,,,,-0.0008295412396437777,,,-0.0012729167297982106,-0.0012584517669595946,0.0009267259873844713,,0.0006651276606152812,,,-0.0029930744727687656,-0.001942872903376216,-0.00046433440458047936,-0.0006671310571833996,-0.0011535807863796283,-0.0010751820921596534,-0.0005738018419297633,,,0.0012952486022508108,0.0010301744696971564,0.0010547024332613745,-0.0003825345612865089,,,0.0022148751098488863,0.0017037500844991435,0.0011300383213514727,0.0022148751098488863,,,-0.0014382305908109652,-0.0006836034289657057,,1.4921249852525725e-05
308,2026-05-31,BAYN,DE000BAY0017,10008001W,,-0.0003865401587868912,-0.00033206523386040276,-0.0005349939878862045,-0.0005187061147187088,,,,-0.0007826413815720446,,,,-0.0011074375549244432,-0.0018457292582074053,,-0.0005375910460798267,,-0.0011596204763606737,,,,-0.00023562501168605175,0.002171446186126359,,,,-0.0029930744727687656,0.001942872903376216,-0.00046433440458047936,-0.0006671310571833996,,-0.0010751820921596534,-0.0005738018419297633,,,-0.00043772235372507634,-0.00034934938641149627,-0.0003578150419788185,,,,-0.001118623792852973,0.0017037500844991435,-0.0005798102381803368,-0.0007508051219826733,,,,0.0013423485514235676,0.0010206797741239108,-0.00015059874337602715
309,2026-05-31,BBD.B,CA0977518616,01407801C,,0.0011476036838595266,0.00098003323444641,0.0010547024332613745,0.0010159977568114159,,0.0011416882009530342,,,,0.0006382925388613506,,,,0.0011300383213514727,,,,,0.0012656429199136494,-0.0012584517669595946,0.0009267259873844713,,0.0006651276606152812,,,,,,0.001318378041576718,0.0011476036838595266,0.0010648438028119647,0.0011300383213514727,,,0.0012952486022508108,0.0010301744696971564,0.0010547024332613745,0.0014765834065659244,,,,,,,,,,0.0013423485514235676,,0.00038328270013361074
310,2026-05-31,BBVA,ES0113211835,01518103W,,-0.0003865401587868912,-0.00033206523386040276,-0.0005349939878862045,,,-0.0003865401587868912,,,,0.0006382925388613506,,,,0.0011300383213514727,0.0017578373887689573,0.0016285846395947695,,,,,-0.00023562501168605175,,,,-0.0010857230930631796,,,-0.00046433440458047936,,,,,,,,-0.00034934938641149627,,,,,0.0022148751098488863,0.0017037500844991435,0.0011300383213514727,0.0022148751098488863,,,,,,0.00012387849221862657
311,2026-05-31,BBY,US0865161014,00218401,-0.0012952486022508108,-0.0003865401587868912,-0.00033206523386040276,-0.0005349939878862045,,,,0.0016406482295176937,-0.0007826413815720446,-0.0006364583648991053,,-0.0009385064024783416,0.0011019279153477047,0.001830475297395774,-0.0005859457962563192,-0.0005375910460798267,,,,0.0012656429199136494,0.0012656429199136494,-0.00023562501168605175,,,-0.005273512166306872,,,,,-0.0006671310571833996,,0.0010648438028119647,0.0011300383213514727,-0.0006552884940381321,-0.005402134414265577,,-0.00034934938641149627,-0.0003578150419788185,-0.0003825345612865089,-0.0009546875473486579,-0.00120373647274396,,,,,,,,,0.0010206797741239108,3.630799115494513e-05
312,2026-05-31,BCE,CA05534B7604,00213701C,,-0.0003865401587868912,-0.00033206523386040276,-0.0005349939878862045,-0.0005187061147187088,,,0.0016406482295176937,,-0.0006364583648991053,,-0.0009385064024783416,,,,,,,-0.0008326598157326641,,,0.0009267259873844713,,,-0.005273512166306872,,,0.001942872903376216,-0.00046433440458047936,,,,,,,,0.0010301744696971564,0.0010547024332613745,,,,,,,,,,,-0.0006836034289657057,,1.965722761420748e-05
313,2026-05-31,BCP,PTBCP0AM0015,02384802W,,-0.0003865401587868912,-0.00033206523386040276,-0.0005349939878862045,,,-0.0003865401587868912,-0.0005607278759111105,,,0.0006382925388613506,,,,0.0011300383213514727,-0.0005375910460798267,0.0016285846395947695,,0.001652891873021557,,,-0.00023562501168605175,0.002171446186126359,,,0.0031641072997841235,,,,,,,,,,,-0.00034934938641149627,,,,,,0.0017037500844991435,0.0011300383213514727,-0.0007508051219826733,,,-0.0014382305908109652,,,8.186925524617947e-05
314,2026-05-31,BCVN,CH0531751755,01553102W,,,,,,,,,,,0.0006382925388613506,,,,,0.0017578373887689573,,,0.001652891873021557,,,-0.00023562501168605175,0.002171446186126359,,,-0.0010857230930631796,,,-0.00046433440458047936,,,,,,,,-0.00034934938641149627,,,,,-0.001118623792852973,-0.0005782963733286909,,-0.0007508051219826733,,,-0.0014382305908109652,,,1.3117075082067943e-05
315,2026-05-31,BDX,US0758871091,00211101,,-0.0003865401587868912,-0.00033206523386040276,-0.0005349939878862045,-0.0005187061147187088,-0.0025169035339191893,,,-0.0007826413815720446,,,,0.0011019279153477047,,,-0.0005375910460798267,0.0016285846395947695,-0.0011596204763606737,,-0.0012729167297982106,,-0.00023562501168605175,,0.0006651276606152812,,,,,,-0.0006671310571833996,,-0.0010751820921596534,-0.0005738018419297633,,,-0.00043772235372507634,-0.00034934938641149627,-0.0003578150419788185,,,-0.00120373647274396,,-0.0005782963733286909,-0.0005798102381803368,-0.0007508051219826733,,,,,,-0.0002210668536109075
316,2026-05-31,BE,US0937121079,03366801,0.0025169035339191893,0.0011476036838595266,0.00098003323444641,0.0010547024332613745,,,,,,,0.0006382925388613506,,,,0.0011300383213514727,,,,,,0.0012656429199136494,-0.00023562501168605175,,0.0006651276606152812,,,,,-0.00046433440458047936,,,,,0.001925978356390336,,-0.00043772235372507634,-0.00034934938641149627,-0.0003578150419788185,0.0014765834065659244,-0.0009546875473486579,,,,-0.0005798102381803368,,,,,-0.0006836034289657057,0.0010206797741239108,0.0001540251939583972
317,2026-05-31,BEAN,CH1101098163,21177301W,,-0.0003865401587868912,-0.00033206523386040276,-0.0005349939878862045,-0.0005187061147187088,,-0.0003865401587868912,,,,-0.001893055649443493,,,,-0.0005859457962563192,,,,,,,-0.00023562501168605175,,,,,,,,-0.0006671310571833996,-0.0011535807863796283,,-0.0005738018419297633,,,0.0012952486022508108,-0.00034934938641149627,-0.0003578150419788185,-0.0003825345612865089,,,,,-0.0005798102381803368,,,,,-0.0006836034289657057,-0.0010301744696971564,-0.0001439545187635818
318,2026-05-31,BEI,DE0005200000,10008301W,,,-0.00033206523386040276,-0.0005349939878862045,-0.0005187061147187088,,,,,,,,-0.0011074375549244432,-0.0018457292582074053,,,-0.0008295412396437777,,-0.0008326598157326641,,-0.0012584517669595946,-0.00023562501168605175,-0.0007457491952353153,,,,-0.0029930744727687656,,,-0.0006671310571833996,-0.0011535807863796283,-0.0010751820921596534,-0.0005738018419297633,,,-0.00043772235372507634,-0.00034934938641149627,-0.0003578150419788185,-0.0003825345612865089,,,,,,,,0.004429750219697773,,-0.0006836034289657057,-0.0010301744696971564,-0.00031148097032253184
319,2026-05-31,BEIJ B,SE0015949748,10321902W,,-0.0003865401587868912,-0.00033206523386040276,-0.0005349939878862045,-0.0005187061147187088,,-0.0003865401587868912,,,,0.0006382925388613506,,,,-0.0005859457962563192,,,,,,,-0.00023562501168605175,,0.0006651276606152812,,,,,-0.00046433440458047936,,0.0011476036838595266,0.0010648438028119647,,-0.0006552884940381321,,-0.00043772235372507634,-0.00034934938641149627,-0.0003578150419788185,-0.0003825345612865089,,,,,-0.0005798102381803368,,,,,0.0013423485514235676,,-1.4062599597187763e-05
320,2026-05-31,BEPC,CA11285B1085,03679001,0.0025169035339191893,,0.00098003323444641,,,,-0.0003865401587868912,-0.0005607278759111105,,,0.0006382925388613506,,,,,,,,,-0.0012729167297982106,0.0012656429199136494,,,0.0006651276606152812,-0.005273512166306872,,,,-0.00046433440458047936,,,,,-0.0006552884940381321,-0.005402134414265577,,,-0.0003578150419788185,,,,,-0.0005782963733286909,,-0.0007508051219826733,-0.0014107484776107557,-0.0022600766427029453,-0.0014382305908109652,,0.0010206797741239108,-0.00026108355922326124
321,2026-05-31,BESI,NL0012866412,06181401W,,,0.00098003323444641,0.0010547024332613745,,,-0.0003865401587868912,-0.0005607278759111105,-0.0007826413815720446,-0.0006364583648991053,,0.002734413715862823,-0.0011074375549244432,,-0.0005859457962563192,,,-0.0011596204763606737,,,,-0.00023562501168605175,,,,,,,-0.00046433440458047936,-0.0006671310571833996,-0.0011535807863796283,,-0.0005738018419297633,,,-0.00043772235372507634,-0.00034934938641149627,-0.0003578150419788185,-0.0003825345612865089,,,,,,,,,,,,-8.047886661142711e-05
322,2026-05-31,BG,AT0000BAWAG2,32571101W,,-0.0003865401587868912,-0.00033206523386040276,-0.0005349939878862045,0.0010159977568114159,,,,,,0.0006382925388613506,,,,,0.0017578373887689573,,,,,,-0.00023562501168605175,,,,,,,,,,,,,,,-0.00034934938641149627,,,,,,,0.0011300383213514727,-0.0007508051219826733,,,-0.0014382305908109652,,,-3.362044667147159e-05
323,2026-05-31,BG,CH1300646267,14443501,0.0025169035339191893,,0.00098003323444641,0.0010547024332613745,,,,,,,,,,-0.0018457292582074053,-0.0005859457962563192,,-0.0008295412396437777,,-0.0008326598157326641,0.0012656429199136494,,-0.00023562501168605175,-0.0007457491952353153,0.0006651276606152812,,,0.0029930744727687656,0.001942872903376216,0.0009190353152899943,-0.0006671310571833996,-0.0011535807863796283,-0.0010751820921596534,-0.0005738018419297633,,,-0.00043772235372507634,-0.00034934938641149627,-0.0003578150419788185,-0.0003825345612865089,,-0.00120373647274396,,-0.0005782963733286909,,-0.0007508051219826733,,-0.0022600766427029453,0.002839583474165239,-0.0006836034289657057,,-0.0002078578265245817
324,2026-05-31,BHP,AU000000BHP4,01331201W,,-0.0003865401587868912,-0.00033206523386040276,-0.0005349939878862045,,,-0.0003865401587868912,-0.0005607278759111105,,0.0024339286921416336,,,,0.001830475297395774,-0.0005859457962563192,0.0017578373887689573,-0.0008295412396437777,,0.001652891873021557,,,-0.00023562501168605175,,,,,,,-0.00046433440458047936,-0.0006671310571833996,,,,-0.0006552884940381321,,-0.00043772235372507634,-0.00034934938641149627,-0.0003578150419788185,-0.0003825345612865089,,,,0.0017037500844991435,,,,,,,,0.00012628845644610642
325,2026-05-31,BIIB,US09062X1037,02446801,,-0.0003865401587868912,-0.00033206523386040276,-0.0005349939878862045,-0.0005187061147187088,-0.0025169035339191893,,,-0.0007826413815720446,,,,,,0.0011300383213514727,0.0017578373887689573,,-0.0011596204763606737,-0.0008326598157326641,-0.0012729167297982106,-0.0012584517669595946,-0.00023562501168605175,-0.0007457491952353153,0.0006651276606152812,,,0.0029930744727687656,0.001942872903376216,-0.00046433440458047936,-0.0006671310571833996,,,-0.0005738018419297633,,,-0.00043772235372507634,-0.00034934938641149627,-0.0003578150419788185,,,-0.00120373647274396,0.0022148751098488863,-0.0005782963733286909,-0.0005798102381803368,,,,,0.0013423485514235676,,-0.000172137484906146
326,2026-05-31,BIM,FR0013280286,27057801W,,-0.0003865401587868912,-0.00033206523386040276,-0.0005349939878862045,-0.0005187061147187088,,,,-0.0007826413815720446,,,,,0.001830475297395774,0.0011300383213514727,-0.0005375910460798267,,-0.0011596204763606737,-0.0008326598157326641,,,-0.00023562501168605175,-0.0007457491952353153,-0.001977567062365077,,,0.0029930744727687656,,-0.00046433440458047936,,,,,,,-0.00043772235372507634,-0.00034934938641149627,,,,,,0.0017037500844991435,,,,,,,-0.0010301744696971564,-1.5610733373672362e-05
327,2026-05-31,BIRG,IE00BD1RP616,06359001W,,-0.0003865401587868912,-0.00033206523386040276,-0.0005349939878862045,-0.0005187061147187088,,0.0011416882009530342,,,,0.0006382925388613506,,,,,0.0017578373887689573,,,0.001652891873021557,,,-0.00023562501168605175,,,,-0.0010857230930631796,,,-0.00046433440458047936,,,,,,,,-0.00034934938641149627,,,,,,-0.0005782963733286909,,-0.0007508051219826733,,,,,,4.242260131186548e-06
328,2026-05-31,BK,US0640581007,00201901,0.0025169035339191893,0.0011476036838595266,0.00098003323444641,0.0010547024332613745,,,0.0011416882009530342,0.0016406482295176937,,,,,,,-0.0005859457962563192,-0.0005375910460798267,0.0016285846395947695,,,,,-0.00023562501168605175,,,,,,,,,,0.0010648438028119647,0.0011300383213514727,,,,,,,,,-0.001118623792852973,-0.0005782963733286909,,-0.0007508051219826733,,,-0.0014382305908109652,,,0.00010557443467115376
329,2026-05-31,BKNG,US09857L1089,11931401,-0.0012952486022508108,-0.0003865401587868912,-0.00033206523386040276,,,0.0025169035339191893,-0.0003865401587868912,-0.0005607278759111105,0.00303407549294368,0.0024339286921416336,,,,,,0.0017578373887689573,,,0.001652891873021557,,-0.0012584517669595946,-0.00023562501168605175,-0.0007457491952353153,,,,,,,0.001318378041576718,0.0011476036838595266,,,,,-0.00043772235372507634,-0.00034934938641149627,-0.0003578150419788185,-0.0003825345612865089,0.002734413715862823,,,,,,,,,0.0013423485514235676,,0.00014808084457759274
330,2026-05-31,BKR,US05722G1004,03210601,-0.0012952486022508108,,,,-0.0005187061147187088,,,,,,0.0006382925388613506,,-0.0011074375549244432,,0.0011300383213514727,,,,,,,-0.00023562501168605175,,0.0006651276606152812,,,,0.001942872903376216,,,,,,,,,,,-0.0003825345612865089,,,,,,,,,,,,-2.226387756841439e-05
331,2026-05-31,BKT,ES0113679I37,01584601W,,-0.0003865401587868912,-0.00033206523386040276,,,,-0.0003865401587868912,-0.0005607278759111105,,,0.0006382925388613506,,,,,0.0017578373887689573,0.0016285846395947695,,0.001652891873021557,,,-0.00023562501168605175,0.002171446186126359,,,-0.0010857230930631796,,,-0.00046433440458047936,,,,,,,,-0.00034934938641149627,,,,,,,,,,,,,0.0010206797741239108,0.00010766642212132717
332,2026-05-31,BKW,CH0130293662,10289002W,,,-0.00033206523386040276,,,,-0.0003865401587868912,-0.0005607278759111105,,,0.0006382925388613506,,-0.0011074375549244432,,,,,,,,,-0.00023562501168605175,,0.0006651276606152812,,,,,-0.00046433440458047936,,,,,-0.0006552884940381321,,-0.00043772235372507634,,-0.0003578150419788185,,,,-0.001118623792852973,-0.0005782963733286909,,-0.0007508051219826733,-0.0014107484776107557,,0.002839583474165239,,-0.0010301744696971564,-8.817913782801072e-05
333,2026-05-31,BLK,US09290D1019,12443401,-0.0012952486022508108,-0.0003865401587868912,-0.00033206523386040276,-0.0005349939878862045,,,,0.0016406482295176937,,,,,,,-0.0005859457962563192,-0.0005375910460798267,-0.0008295412396437777,,-0.0008326598157326641,,,-0.00023562501168605175,,,,-0.0010857230930631796,,,,,,,-0.0005738018419297633,,,,-0.00034934938641149627,-0.0003578150419788185,,-0.0009546875473486579,0.0023314474840514595,-0.001118623792852973,-0.0005782963733286909,-0.0005798102381803368,-0.0007508051219826733,-0.0014107484776107557,,-0.0014382305908109652,,-0.0010301744696971564,-0.00018010259588883398
334,2026-05-31,BMED,IT0004776628,21295501W,,,,,-0.0005187061147187088,,0.0011416882009530342,,,,0.0006382925388613506,,,,,-0.0005375910460798267,0.0016285846395947695,,,,,0.0009267259873844713,-0.0007457491952353153,,,0.0031641072997841235,,,-0.00046433440458047936,,,-0.0010751820921596534,-0.0005738018419297633,,,,-0.00034934938641149627,-0.0003578150419788185,,,,,,-0.0005798102381803368,0.0022148751098488863,,,,,0.0010206797741239108,8.201444936198675e-05
335,2026-05-31,BMO,CA0636711016,01558001C,,0.0011476036838595266,0.00098003323444641,0.0010547024332613745,,,,,,,0.0006382925388613506,,-0.0011074375549244432,,,-0.0005375910460798267,,,,,,-0.00023562501168605175,,,,,,,-0.00046433440458047936,,,,,,,,,,,,,-0.001118623792852973,-0.0005782963733286909,,-0.0007508051219826733,,,,,,-1.6432839779526772e-05
336,2026-05-31,BMPS,IT0005508921,02458401W,,-0.0003865401587868912,-0.00033206523386040276,,,,0.0011416882009530342,,,,0.0006382925388613506,,,,,-0.0005375910460798267,0.0016285846395947695,,0.001652891873021557,,,0.0009267259873844713,0.002171446186126359,,,0.0031641072997841235,,,-0.00046433440458047936,,,,,,,,-0.00034934938641149627,,,,,0.0022148751098488863,-0.0005782963733286909,0.0011300383213514727,0.0022148751098488863,,,-0.0014382305908109652,,,0.00023887666036562908
337,2026-05-31,BMW,DE0005190003,10002201W,,-0.0003865401587868912,-0.00033206523386040276,-0.0005349939878862045,,,0.0011416882009530342,0.0016406482295176937,-0.0007826413815720446,-0.0006364583648991053,,-0.0009385064024783416,,0.001830475297395774,0.0011300383213514727,-0.0005375910460798267,-0.0008295412396437777,,,,-0.0012584517669595946,-0.00023562501168605175,-0.0007457491952353153,,,,-0.0029930744727687656,-0.001942872903376216,-0.00046433440458047936,,,0.0010648438028119647,0.0011300383213514727,-0.0006552884940381321,,-0.00043772235372507634,,,-0.0003825345612865089,,,,,,,,,,-0.0006836034289657057,,5.671482734171757e-05
338,2026-05-31,BMW3,DE0005190037,10002202W,,,,,,,,,-0.0007826413815720446,-0.0006364583648991053,,-0.0009385064024783416,,0.001830475297395774,0.0011300383213514727,-0.0005375910460798267,-0.0008295412396437777,,,,-0.0012584517669595946,-0.00023562501168605175,-0.0007457491952353153,,,,-0.0029930744727687656,-0.001942872903376216,-0.00046433440458047936,,,0.0010648438028119647,0.0011300383213514727,-0.0006552884940381321,,-0.00043772235372507634,,,-0.0003825345612865089,,,,,,,,,,-0.0006836034289657057,,-5.712348866982596e-06
339,2026-05-31,BMY,US1101221083,00240301,,0.0011476036838595266,0.00098003323444641,0.0010547024332613745,,,,,-0.0007826413815720446,,,,-0.0011074375549244432,,-0.0005859457962563192,-0.0005375910460798267,0.0016285846395947695,-0.0011596204763606737,0.001652891873021557,,0.0012656429199136494,0.0009267259873844713,-0.0007457491952353153,0.0006651276606152812,,,,,-0.00046433440458047936,-0.0006671310571833996,,-0.0010751820921596534,-0.0005738018419297633,,,0.0012952486022508108,0.0010301744696971564,0.0010547024332613745,,,,0.0022148751098488863,,,0.0022148751098488863,,,,0.0013423485514235676,0.0010206797741239108,0.0003677670563841486
340,2026-05-31,BN,CA11271J1075,00236901C,,,,,,,,,,,-0.001893055649443493,,,,-0.0005859457962563192,-0.0005375910460798267,,,-0.0008326598157326641,,,-0.00023562501168605175,,,,-0.0010857230930631796,,,-0.00046433440458047936,,,,0.0011300383213514727,,,,-0.00034934938641149627,-0.0003578150419788185,,,,-0.001118623792852973,-0.0005782963733286909,,-0.0007508051219826733,0.002768593887311108,,-0.0014382305908109652,,,-6.637709788569687e-05
341,2026-05-31,BN,FR0000120644,01745202W,,,-0.00033206523386040276,,,,,,,,,,,0.001830475297395774,,,-0.0008295412396437777,,,,,-0.00023562501168605175,,,,,,,-0.00046433440458047936,,,,-0.0005738018419297633,,,-0.00043772235372507634,-0.00034934938641149627,-0.0003578150419788185,-0.0003825345612865089,,,-0.001118623792852973,,,-0.0007508051219826733,-0.0014107484776107557,-0.0022600766427029453,-0.0014382305908109652,,,-0.00010016538963247915
342,2026-05-31,BN4,SG1U68934629,10007601W,,0.0011476036838595266,0.00098003323444641,0.0010547024332613745,-0.0005187061147187088,,-0.0003865401587868912,,,,0.0006382925388613506,,,,0.0011300383213514727,,,,,-0.0012729167297982106,-0.0012584517669595946,0.0009267259873844713,,-0.001977567062365077,,,,,-0.00046433440458047936,,,0.0010648438028119647,0.0011300383213514727,-0.0006552884940381321,,,0.0010301744696971564,0.0010547024332613745,,,,,,-0.0005798102381803368,,,,,-0.0006836034289657057,,-6.086756340547851e-05
343,2026-05-31,BNP,FR0000131104,01553204W,,,-0.00033206523386040276,,,,,,,,0.0006382925388613506,,,,,0.0017578373887689573,,,0.001652891873021557,,,-0.00023562501168605175,,,,0.0031641072997841235,,,,,,,,,,,-0.00034934938641149627,,,,,0.0022148751098488863,0.0017037500844991435,0.0011300383213514727,0.0022148751098488863,,,0.002839583474165239,,0.0010206797741239108,0.0002995111521445948
344,2026-05-31,BNR,DE000A1DAHH0,26983501W,,-0.0003865401587868912,-0.00033206523386040276,,,,-0.0003865401587868912,,,,0.0006382925388613506,,,,,,,,,0.0012656429199136494,0.0012656429199136494,-0.00023562501168605175,,0.0006651276606152812,,,,,-0.00046433440458047936,,,,,-0.0006552884940381321,,-0.00043772235372507634,-0.00034934938641149627,-0.0003578150419788185,-0.0003825345612865089,,,,,,,,,,,,1.6428706722983072e-05
345,2026-05-31,BNS,CA0641491075,01558201C,,,,,,,-0.0003865401587868912,0.0016406482295176937,,,0.0006382925388613506,,-0.0011074375549244432,,,-0.0005375910460798267,,,,,,0.0009267259873844713,,,,-0.0010857230930631796,,,-0.00046433440458047936,,,,,,,,-0.00034934938641149627,,,,,,-0.0005782963733286909,,-0.0007508051219826733,,,,,,1.6034893888146265e-05
346,2026-05-31,BNZL,GB00B0744B38,10009501W,,,,,-0.0005187061147187088,,-0.0003865401587868912,,,,0.0006382925388613506,,,,0.0011300383213514727,,,,,0.0012656429199136494,0.0012656429199136494,-0.00023562501168605175,,0.0006651276606152812,,,,,,-0.0006671310571833996,,,-0.0005738018419297633,-0.0006552884940381321,,-0.00043772235372507634,-0.00034934938641149627,-0.0003578150419788185,-0.0003825345612865089,,,,,-0.0005798102381803368,,,,,0.0013423485514235676,,6.415424688810342e-05
347,2026-05-31,BOL,FR0000039299,10289201W,,-0.0003865401587868912,-0.00033206523386040276,-0.0005349939878862045,,,0.0011416882009530342,,,-0.0006364583648991053,,-0.0009385064024783416,,,,,-0.0008295412396437777,,-0.0008326598157326641,,,0.0009267259873844713,,,,,,-0.001942872903376216,-0.00046433440458047936,,,,,,,,,,,,,,,,,,,,-0.0006836034289657057,,-4.560987752599361e-05
348,2026-05-31,BOL,SE0020050417,06489402W,,-0.0003865401587868912,-0.00033206523386040276,-0.0005349939878862045,,,0.0011416882009530342,-0.0005607278759111105,,-0.0006364583648991053,,,0.0011019279153477047,,-0.0005859457962563192,-0.0005375910460798267,,,,,,-0.00023562501168605175,,,,,,0.001942872903376216,,0.001318378041576718,0.0011476036838595266,0.0010648438028119647,0.0011300383213514727,,,-0.00043772235372507634,-0.00034934938641149627,,0.0014765834065659244,,,,0.0017037500844991435,,,0.002768593887311108,0.004429750219697773,,0.0013423485514235676,,0.00036674234251638286
349,2026-05-31,BP.,GB0007980591,00241001W,,,,,0.0010159977568114159,,-0.0003865401587868912,0.0016406482295176937,,,0.0006382925388613506,,-0.0011074375549244432,,-0.0005859457962563192,,,,,0.0012656429199136494,0.0012656429199136494,0.0009267259873844713,,0.0006651276606152812,,,,-0.001942872903376216,,,,,,0.001925978356390336,,,,,-0.0003825345612865089,,,,,,,,,,0.0013423485514235676,0.0010206797741239108,0.0002768638841404019
350,2026-05-31,BPE,IT0000066123,20064701W,,,,,-0.0005187061147187088,,0.0011416882009530342,-0.0005607278759111105,,,,,,,,-0.0005375910460798267,0.0016285846395947695,,,,,0.0009267259873844713,,,,0.0031641072997841235,,,-0.00046433440458047936,,,,,,,,,,,,,,,,,,,,,,5.924211115567837e-05
351,2026-05-31,BR,US11133T1034,17692801,,-0.0003865401587868912,-0.00033206523386040276,,,,,,,,0.0006382925388613506,,,,,,,,,,,0.0009267259873844713,,0.0006651276606152812,,,,,,0.001318378041576718,0.0011476036838595266,0.0010648438028119647,0.0011300383213514727,-0.0006552884940381321,,0.0012952486022508108,0.0010301744696971564,0.0010547024332613745,0.0014765834065659244,0.002734413715862823,,,,0.0011300383213514727,,,,,0.0013423485514235676,,0.0003691520612534974
352,2026-05-31,BRKB,US0846707026,00217602,-0.0012952486022508108,-0.0003865401587868912,-0.00033206523386040276,-0.0005349939878862045,,,,-0.0005607278759111105,,,-0.001893055649443493,,,,-0.0005859457962563192,-0.0005375910460798267,-0.0008295412396437777,,-0.0008326598157326641,,,-0.00023562501168605175,,,,,,,-0.00046433440458047936,,,,,,,,-0.00034934938641149627,-0.0003578150419788185,,,,,-0.0005782963733286909,,-0.0007508051219826733,,,,,-0.0010301744696971564,-0.0001636363280573126
353,2026-05-31,BRO,US1152361010,01541701,-0.0012952486022508108,-0.0003865401587868912,-0.00033206523386040276,,-0.0005187061147187088,-0.0025169035339191893,-0.0003865401587868912,-0.0005607278759111105,,,,,,,,-0.0005375910460798267,,,,,,-0.00023562501168605175,-0.0007457491952353153,,,-0.0010857230930631796,,,,,,,,,,,-0.00034934938641149627,-0.0003578150419788185,,,-0.00120373647274396,,-0.0005782963733286909,-0.0005798102381803368,-0.0007508051219826733,,,,,-0.0010301744696971564,-0.0002578887214061769
354,2026-05-31,BS6,SG1U76934819,28437501W,,0.0011476036838595266,0.00098003323444641,,0.0010159977568114159,,0.0011416882009530342,,,,,,,,-0.0005859457962563192,,,,,,-0.0012584517669595946,0.0009267259873844713,,,,,,,,-0.0006671310571833996,-0.0011535807863796283,-0.0010751820921596534,-0.0005738018419297633,0.001925978356390336,,0.0012952486022508108,0.0010301744696971564,0.0010547024332613745,-0.0003825345612865089,,,,,0.0011300383213514727,,,,,-0.0006836034289657057,-0.0010301744696971564,0.0001185397510398632
355,2026-05-31,BSX,US1011371077,02527901,,-0.0003865401587868912,-0.00033206523386040276,-0.0005349939878862045,0.0010159977568114159,,,,-0.0007826413815720446,,,,0.0011019279153477047,,0.0011300383213514727,-0.0005375910460798267,0.0016285846395947695,-0.0011596204763606737,,,,-0.00023562501168605175,-0.0007457491952353153,0.0006651276606152812,,,0.0029930744727687656,0.001942872903376216,,,,,,,,,0.0010301744696971564,0.0010547024332613745,,,,,-0.0005782963733286909,,-0.0007508051219826733,,,,,,5.5909807790032296e-05
356,2026-05-31,BT.A,GB0030913577,00241101W,,-0.0003865401587868912,-0.00033206523386040276,-0.0005349939878862045,-0.0005187061147187088,,-0.0003865401587868912,-0.0005607278759111105,,-0.0006364583648991053,,-0.0009385064024783416,,,-0.0005859457962563192,,0.0016285846395947695,,,,,-0.00023562501168605175,,,,,,,-0.00046433440458047936,,,,,,,,,,,,,,,,,,,,-0.0006836034289657057,,-9.83544416487636e-05
357,2026-05-31,BURL,US1220171060,01867501,0.0025169035339191893,,,,,,-0.0003865401587868912,,-0.0007826413815720446,-0.0006364583648991053,,,0.0011019279153477047,,0.0011300383213514727,-0.0005375910460798267,0.0016285846395947695,,,,0.0012656429199136494,-0.00023562501168605175,,,,,,-0.001942872903376216,,0.001318378041576718,,,-0.0005738018419297633,0.001925978356390336,,,,,-0.0003825345612865089,,,,,,,,,,-0.0006836034289657057,0.0010206797741239108,9.411964701638591e-05
358,2026-05-31,BVI,FR0006174348,28696101W,,-0.0003865401587868912,-0.00033206523386040276,-0.0005349939878862045,,,-0.0003865401587868912,,,,0.0006382925388613506,,,,,,,,,,0.0012656429199136494,-0.00023562501168605175,,0.0006651276606152812,,,,,,-0.0006671310571833996,,,-0.0005738018419297633,,,-0.00043772235372507634,-0.00034934938641149627,-0.0003578150419788185,-0.0003825345612865089,,,,,,,,,,,0.0010206797741239108,3.3362806216954624e-06
359,2026-05-31,BX,US09260D1072,17708801,-0.0012952486022508108,-0.0003865401587868912,-0.00033206523386040276,-0.0005349939878862045,,,-0.0003865401587868912,-0.0005607278759111105,,,,,,,,-0.0005375910460798267,-0.0008295412396437777,,,,,-0.00023562501168605175,,,,0.0031641072997841235,,,-0.00046433440458047936,,,,-0.0005738018419297633,,,,-0.00034934938641149627,-0.0003578150419788185,,-0.0009546875473486579,-0.00120373647274396,-0.001118623792852973,-0.0005782963733286909,-0.0005798102381803368,-0.0007508051219826733,-0.0014107484776107557,,-0.0014382305908109652,,,-0.0002778291290007881
360,2026-05-31,BXB,AU000000BXB1,10046101W,,,,,,,0.0011416882009530342,,,,-0.001893055649443493,,,,,,,,,,,-0.00023562501168605175,,-0.001977567062365077,,,,,-0.00046433440458047936,,,,,,,,,,-0.0003825345612865089,,,,,,,,,,-0.0006836034289657057,,-9.737565253309194e-05
361,2026-05-31,BZU,IT0001347308,10231703W,,,,,-0.0005187061147187088,,,-0.0005607278759111105,,-0.0006364583648991053,,,,-0.0018457292582074053,-0.0005859457962563192,-0.0005375910460798267,,,-0.0008326598157326641,,,-0.00023562501168605175,,,,,,,,-0.0006671310571833996,,,,-0.0006552884940381321,,-0.00043772235372507634,-0.00034934938641149627,-0.0003578150419788185,-0.0003825345612865089,,,,0.0017037500844991435,,,0.002768593887311108,0.004429750219697773,,0.0013423485514235676,,2.0635133250222954e-05
362,2026-05-31,C,US1729674242,00324301,0.0025169035339191893,0.0011476036838595266,0.00098003323444641,0.0010547024332613745,0.0010159977568114159,0.0025169035339191893,0.0011416882009530342,0.0016406482295176937,,,,,-0.0011074375549244432,,,-0.0005375910460798267,,,,,,-0.00023562501168605175,,,,-0.0010857230930631796,,,,,,,,,,,-0.00034934938641149627,,,,,,-0.0005782963733286909,0.0011300383213514727,-0.0007508051219826733,,,,,,0.0002162373050194052
363,2026-05-31,C38U,SG1M51904654,25511801W,,,,,,,,,,-0.0006364583648991053,,,0.0011019279153477047,,,,,,,-0.0012729167297982106,,,,,,-0.0010857230930631796,-0.0029930744727687656,,-0.00046433440458047936,,,,,,,,,,-0.0003825345612865089,,,,-0.0005782963733286909,,,,,,,,-6.798594916852743e-05
364,2026-05-31,C6L,SG1V61937297,10071301W,,0.0011476036838595266,0.00098003323444641,0.0010547024332613745,-0.0005187061147187088,,-0.0003865401587868912,,,,,,,,-0.0005859457962563192,,,,,,,0.0009267259873844713,,-0.001977567062365077,,,,,0.0009190353152899943,-0.0006671310571833996,,,-0.0005738018419297633,-0.0006552884940381321,,,0.0010301744696971564,0.0010547024332613745,-0.0003825345612865089,,,,,-0.0005798102381803368,,,,,0.0013423485514235676,,5.700265894430484e-05
365,2026-05-31,CA,FR0000120172,10034601W,,,0.00098003323444641,0.0010547024332613745,,,,,,,,,,-0.0018457292582074053,0.0011300383213514727,,,,,0.0012656429199136494,0.0012656429199136494,-0.00023562501168605175,,0.0006651276606152812,,,-0.0029930744727687656,-0.001942872903376216,-0.00046433440458047936,-0.0006671310571833996,,-0.0010751820921596534,-0.0005738018419297633,,,-0.00043772235372507634,-0.00034934938641149627,-0.0003578150419788185,-0.0003825345612865089,,,0.0022148751098488863,0.0017037500844991435,0.0011300383213514727,0.0022148751098488863,0.002768593887311108,0.004429750219697773,0.002839583474165239,0.0013423485514235676,0.0010206797741239108,0.0004089616785273248
366,2026-05-31,CABK,ES0140609019,28687901W,,,,,,,,,,,0.0006382925388613506,,,,0.0011300383213514727,0.0017578373887689573,,,0.001652891873021557,,,-0.00023562501168605175,0.002171446186126359,,,-0.0010857230930631796,,,-0.00046433440458047936,,,,,,,,-0.00034934938641149627,,,,,,,,,,,,,,0.00010944303369312921
367,2026-05-31,CAE,CA1247651088,00252601C,,-0.0003865401587868912,-0.00033206523386040276,-0.0005349939878862045,-0.0005187061147187088,,,,,,,,,,0.0011300383213514727,,,,,-0.0012729167297982106,-0.0012584517669595946,0.0009267259873844713,,,,,,,,,,,,0.001925978356390336,,0.0012952486022508108,0.0010301744696971564,0.0010547024332613745,-0.0003825345612865089,,,,,-0.0005798102381803368,,,,,,,1.6223358844709654e-05
368,2026-05-31,CAH,US14149Y1082,00275101,,0.0011476036838595266,0.00098003323444641,,0.0010159977568114159,0.0025169035339191893,,,-0.0007826413815720446,,,,0.0011019279153477047,,-0.0005859457962563192,-0.0005375910460798267,0.0016285846395947695,-0.0011596204763606737,0.001652891873021557,0.0012656429199136494,-0.0012584517669595946,-0.00023562501168605175,0.002171446186126359,0.0006651276606152812,,,0.0029930744727687656,0.001942872903376216,0.0009190353152899943,0.001318378041576718,0.0011476036838595266,0.0010648438028119647,0.0011300383213514727,,,-0.00043772235372507634,,,,,,,-0.0005782963733286909,,-0.0007508051219826733,,,,0.0013423485514235676,,0.00034645123844457957
369,2026-05-31,CAP,FR0000125338,10194402W,,-0.0003865401587868912,-0.00033206523386040276,-0.0005349939878862045,,,-0.0003865401587868912,-0.0005607278759111105,-0.0007826413815720446,-0.0006364583648991053,,-0.0009385064024783416,-0.0011074375549244432,0.001830475297395774,,,,-0.0011596204763606737,,,,-0.00023562501168605175,,,,,,,,-0.0006671310571833996,,-0.0010751820921596534,-0.0005738018419297633,,,-0.00043772235372507634,-0.00034934938641149627,-0.0003578150419788185,-0.0003825345612865089,,,,,0.0011300383213514727,,,,,,,2.182943088754151e-05
370,2026-05-31,CAR,AU000000CAR3,29273401W,,-0.0003865401587868912,-0.00033206523386040276,-0.0005349939878862045,-0.0005187061147187088,,,-0.0005607278759111105,,-0.0006364583648991053,,0.002734413715862823,,,-0.0005859457962563192,,,,-0.0008326598157326641,,,-0.00023562501168605175,,,,,,,-0.00046433440458047936,,,,,,,,-0.00034934938641149627,-0.0003578150419788185,,,,,,,,,,,,,-8.838366854594274e-05
371,2026-05-31,CARL B,DK0010181759,10113005W,,,-0.00033206523386040276,,0.0010159977568114159,,,,,,,,,,,,-0.0008295412396437777,,0.001652891873021557,,,-0.00023562501168605175,0.002171446186126359,-0.001977567062365077,,,-0.0029930744727687656,-0.001942872903376216,0.0009190353152899943,-0.0006671310571833996,,,-0.0005738018419297633,,,-0.00043772235372507634,-0.00034934938641149627,-0.0003578150419788185,-0.0003825345612865089,,,,,0.0011300383213514727,,,,,,0.0010206797741239108,2.457302987048745e-05
372,2026-05-31,CARR,US14448C1045,03619101,-0.0012952486022508108,-0.0003865401587868912,-0.00033206523386040276,-0.0005349939878862045,-0.0005187061147187088,-0.0025169035339191893,,,,,0.0006382925388613506,,,,-0.0005859457962563192,,,,,,,0.0009267259873844713,,0.0006651276606152812,,,,,-0.00046433440458047936,0.001318378041576718,0.0011476036838595266,0.0010648438028119647,0.0011300383213514727,-0.0006552884940381321,,,,,-0.0003825345612865089,0.002734413715862823,-0.00120373647274396,,,-0.0005798102381803368,,,,,,,4.197096380391838e-06
373,2026-05-31,CASY,US1475281036,00280701,,,0.00098003323444641,0.0010547024332613745,,,,,,,,,0.0011019279153477047,,0.0011300383213514727,,0.0016285846395947695,,,,,-0.00023562501168605175,-0.0007457491952353153,,0.005402134414265577,,,,,0.001318378041576718,0.0011476036838595266,,,,0.006514338558379078,0.0012952486022508108,-0.00034934938641149627,,-0.0003825345612865089,,,-0.001118623792852973,-0.0005782963733286909,,-0.0007508051219826733,-0.0014107484776107557,-0.0022600766427029453,-0.0014382305908109652,,,2.3019705570776868e-05
374,2026-05-31,CAT,US1491231015,00281701,,,,,,,,,,,,,,,-0.0005859457962563192,,,,,,0.0012656429199136494,-0.00023562501168605175,,,,,,,-0.00046433440458047936,-0.0006671310571833996,-0.0011535807863796283,,-0.0005738018419297633,-0.0006552884940381321,,-0.00043772235372507634,-0.00034934938641149627,-0.0003578150419788185,-0.0003825345612865089,-0.0009546875473486579,,,,-0.0005798102381803368,,,,,-0.0006836034289657057,0.0010206797741239108,-9.009185816243502e-05
375,2026-05-31,CB,CH0044328745,02803401,,,,,-0.0005187061147187088,,-0.0003865401587868912,-0.0005607278759111105,,,0.0006382925388613506,,,,,-0.0005375910460798267,-0.0008295412396437777,,-0.0008326598157326641,,,-0.00023562501168605175,,,,-0.0010857230930631796,,,,,,,-0.0005738018419297633,,,,-0.00034934938641149627,-0.0003578150419788185,,-0.0009546875473486579,,,-0.0005782963733286909,-0.0005798102381803368,,,,,,,-0.00014910850717057025
376,2026-05-31,CBA,AU000000CBA7,02451201W,,-0.0003865401587868912,,,-0.0005187061147187088,,-0.0003865401587868912,-0.0005607278759111105,,,0.0006382925388613506,,,,,0.0017578373887689573,0.0016285846395947695,,0.001652891873021557,,,-0.00023562501168605175,0.002171446186126359,,,-0.0010857230930631796,,,-0.00046433440458047936,,,,,,,,-0.00034934938641149627,,,,,-0.001118623792852973,-0.0005782963733286909,-0.0005798102381803368,-0.0007508051219826733,,,-0.0014382305908109652,,,-2.314467314872282e-05
377,2026-05-31,CBK,DE000CBK1001,01557501W,,-0.0003865401587868912,-0.00033206523386040276,-0.0005349939878862045,0.0010159977568114159,,-0.0003865401587868912,,,,,,0.0011019279153477047,,,0.0017578373887689573,,,0.001652891873021557,,,-0.00023562501168605175,0.002171446186126359,,,0.0031641072997841235,,,,,,,,,,,-0.00034934938641149627,,,,,-0.001118623792852973,,0.0011300383213514727,-0.0007508051219826733,,,-0.0014382305908109652,,,7.082899026811316e-05
378,2026-05-31,CBOE,US12503M1080,18450001,0.0025169035339191893,0.0011476036838595266,0.00098003323444641,0.0010547024332613745,-0.0005187061147187088,,-0.0003865401587868912,,,,-0.001893055649443493,,,,,-0.0005375910460798267,0.0016285846395947695,,,,,-0.00023562501168605175,-0.0007457491952353153,,,,,,,,,,,,,,,-0.0003578150419788185,,0.002734413715862823,-0.00120373647274396,-0.001118623792852973,-0.0005782963733286909,-0.0005798102381803368,-0.0007508051219826733,-0.0014107484776107557,,-0.0014382305908109652,,-0.0010301744696971564,-5.9933740520279255e-05
379,2026-05-31,CBRE,US12504L1098,26077401,,,,,,,,,,0.0024339286921416336,,,,0.001830475297395774,,,,,,0.0012656429199136494,0.0012656429199136494,,-0.0007457491952353153,,,,,,0.0009190353152899943,-0.0006671310571833996,-0.0011535807863796283,-0.0010751820921596534,,,,,,,-0.0003825345612865089,-0.0009546875473486579,,,-0.0005782963733286909,,,,,,,0.0010206797741239108,0.00016720689263402793
380,2026-05-31,CCEP,GB00BDCPN049,01275602W,,,-0.00033206523386040276,,,,,,,,,,,,,,-0.0008295412396437777,,-0.0008326598157326641,,,0.0009267259873844713,0.002171446186126359,0.0006651276606152812,,,-0.0029930744727687656,-0.001942872903376216,,,,,,,,0.0012952486022508108,0.0010301744696971564,,-0.0003825345612865089,,,,-0.0005782963733286909,,,,,-0.0014382305908109652,,,4.614295209634997e-05
381,2026-05-31,CCH,CH0198251305,22126104W,,,,,,,,,,,,,,-0.0018457292582074053,0.0011300383213514727,,,,,,,-0.00023562501168605175,-0.0007457491952353153,-0.001977567062365077,,,,,,,,,-0.0005738018419297633,,,,,,-0.0003825345612865089,,,,,,,,,-0.0014382305908109652,,,-0.0003261550339483488
382,2026-05-31,CCI,US22822V1017,11349001,,,,,,,,,,0.0024339286921416336,,,,,,,,,,,-0.0012584517669595946,,0.002171446186126359,,,-0.0010857230930631796,,0.001942872903376216,-0.00046433440458047936,,0.0011476036838595266,,,,,,,,-0.0003825345612865089,0.002734413715862823,,,-0.0005782963733286909,0.0011300383213514727,,,,,,,0.00015150959968161036
383,2026-05-31,CCL.B,CA1249003098,01406201C,,-0.0003865401587868912,-0.00033206523386040276,,,,-0.0003865401587868912,-0.0005607278759111105,,-0.0006364583648991053,,-0.0009385064024783416,,,,-0.0005375910460798267,0.0016285846395947695,,,,,-0.00023562501168605175,,,,,,,,,,,,-0.0006552884940381321,,-0.00043772235372507634,-0.00034934938641149627,-0.0003578150419788185,-0.0003825345612865089,,,,,,,,,,,,-9.330855021865107e-05
384,2026-05-31,CCO,CA13321L1085,02437001C,,,,,-0.0005187061147187088,,-0.0003865401587868912,-0.0005607278759111105,,,0.0006382925388613506,,0.0011019279153477047,,0.0011300383213514727,,,,,,-0.0012584517669595946,0.0009267259873844713,,0.0006651276606152812,,,,0.001942872903376216,,,0.0011476036838595266,,,,,,,,0.0014765834065659244,,,,,-0.0005798102381803368,,,,,,-0.0010301744696971564,2.661341617540193e-05
385,2026-05-31,CDE,US1921085049,00315301,,,,-0.0005349939878862045,,,,-0.0005607278759111105,,0.0024339286921416336,,0.002734413715862823,0.0011019279153477047,0.001830475297395774,,0.0017578373887689573,,,,,,0.0009267259873844713,,,,,,0.001942872903376216,,0.001318378041576718,0.0011476036838595266,0.0010648438028119647,0.0011300383213514727,0.001925978356390336,,0.0012952486022508108,0.0010301744696971564,0.0010547024332613745,-0.0003825345612865089,0.002734413715862823,,,-0.0005782963733286909,,,,-0.0022600766427029453,,,,0.0003787636411914588
386,2026-05-31,CDNS,US1273871087,01342101,-0.0012952486022508108,-0.0003865401587868912,-0.00033206523386040276,-0.0005349939878862045,-0.0005187061147187088,-0.0025169035339191893,-0.0003865401587868912,-0.0005607278759111105,-0.0007826413815720446,-0.0006364583648991053,,0.002734413715862823,,,-0.0005859457962563192,,,-0.0011596204763606737,,,,-0.00023562501168605175,,,,,,,-0.00046433440458047936,,0.0011476036838595266,,,,,-0.00043772235372507634,-0.00034934938641149627,-0.0003578150419788185,-0.0003825345612865089,,,,,-0.0005798102381803368,,,,,,,-0.00020558854835496073
387,2026-05-31,CDW,US12514G1085,02832002,-0.0012952486022508108,-0.0003865401587868912,-0.00033206523386040276,-0.0005349939878862045,,,,0.0016406482295176937,-0.0007826413815720446,-0.0006364583648991053,,-0.0009385064024783416,-0.0011074375549244432,,,,,-0.0011596204763606737,,0.0012656429199136494,0.0012656429199136494,-0.00023562501168605175,,,,,,,0.0009190353152899943,-0.0006671310571833996,,-0.0010751820921596534,-0.0005738018419297633,,,-0.00043772235372507634,-0.00034934938641149627,-0.0003578150419788185,-0.0003825345612865089,-0.0009546875473486579,-0.00120373647274396,,,,,,,,,0.0010206797741239108,-5.7405065032684265e-05
388,2026-05-31,CEG,US21037T1097,04061401,,,-0.00033206523386040276,,0.0010159977568114159,0.0025169035339191893,-0.0003865401587868912,,,,0.0006382925388613506,,,,,,,,,0.0012656429199136494,0.0012656429199136494,-0.00023562501168605175,,0.0006651276606152812,-0.005273512166306872,,,,,,0.0011476036838595266,,,-0.0006552884940381321,,-0.00043772235372507634,,-0.0003578150419788185,,0.002734413715862823,,-0.001118623792852973,-0.0005782963733286909,,-0.0007508051219826733,-0.0014107484776107557,-0.0022600766427029453,-0.0014382305908109652,,,1.8956744734603508e-05
389,2026-05-31,CEN,NZCENE0001S6,22791601W,,,0.00098003323444641,,-0.0005187061147187088,,,0.0016406482295176937,,,0.0006382925388613506,,0.0011019279153477047,,,,,,,,,0.0009267259873844713,,0.0006651276606152812,,-0.0010857230930631796,,,-0.00046433440458047936,,0.0011476036838595266,,,0.001925978356390336,,0.0012952486022508108,,0.0010547024332613745,,,,,,-0.0005798102381803368,,-0.0014107484776107557,,-0.0014382305908109652,,-0.0010301744696971564,9.99405415163809e-05
390,2026-05-31,CF,US1252691001,16394601,0.0025169035339191893,0.0011476036838595266,0.00098003323444641,0.0010547024332613745,-0.0005187061147187088,,0.0011416882009530342,,,0.0024339286921416336,,0.002734413715862823,,,-0.0005859457962563192,-0.0005375910460798267,0.0016285846395947695,,0.001652891873021557,,,-0.00023562501168605175,,,,,,-0.001942872903376216,0.0009190353152899943,,,0.0010648438028119647,,-0.0006552884940381321,-0.005402134414265577,,,,-0.0003825345612865089,-0.0009546875473486579,,,0.0017037500844991435,-0.0005798102381803368,,0.002768593887311108,0.004429750219697773,,0.0013423485514235676,,0.00031052599306278427
391,2026-05-31,CFG,US1746101054,02182501,,-0.0003865401587868912,-0.00033206523386040276,,0.0010159977568114159,0.0025169035339191893,-0.0003865401587868912,0.0016406482295176937,,,0.0006382925388613506,,-0.0011074375549244432,,,-0.0005375910460798267,,,,,,-0.00023562501168605175,,,,-0.0010857230930631796,,,-0.00046433440458047936,,,,,,,,,,,,0.0023314474840514595,,-0.0005782963733286909,0.0011300383213514727,-0.0007508051219826733,,,,,,0.00014258929056484897
392,2026-05-31,CFR,CH0210483332,10290201W,,-0.0003865401587868912,-0.00033206523386040276,,-0.0005187061147187088,,-0.0003865401587868912,-0.0005607278759111105,-0.0007826413815720446,-0.0006364583648991053,,-0.0009385064024783416,,0.001830475297395774,,0.0017578373887689573,-0.0008295412396437777,,-0.0008326598157326641,-0.0012729167297982106,,0.0009267259873844713,-0.0007457491952353153,,,,,,-0.00046433440458047936,,,,,-0.0006552884940381321,,,,,-0.0003825345612865089,,,,,,,,,,,,1.5952051016096586e-05
393,2026-05-31,CG,US14316J1088,18945901,-0.0012952486022508108,-0.0003865401587868912,-0.00033206523386040276,-0.0005349939878862045,,,-0.0003865401587868912,-0.0005607278759111105,,,,,-0.0011074375549244432,,,-0.0005375910460798267,-0.0008295412396437777,,-0.0008326598157326641,,,-0.00023562501168605175,,,,-0.0010857230930631796,,,-0.00046433440458047936,,,-0.0010751820921596534,-0.0005738018419297633,,,,-0.00034934938641149627,-0.0003578150419788185,,-0.0009546875473486579,-0.00120373647274396,-0.001118623792852973,-0.0005782963733286909,-0.0005798102381803368,-0.0007508051219826733,-0.0014107484776107557,,,,,-0.0002960253941610231
394,2026-05-31,CHD,US1713401024,00302601,,,,,-0.0005187061147187088,,,,,,,,,,0.0011300383213514727,,,,,,,-0.00023562501168605175,-0.0007457491952353153,0.0006651276606152812,0.005402134414265577,,,,-0.00046433440458047936,,,,,,,0.0012952486022508108,,,-0.0003825345612865089,,-0.00120373647274396,-0.001118623792852973,-0.0005782963733286909,-0.0005798102381803368,-0.0007508051219826733,-0.0014107484776107557,-0.0022600766427029453,-0.0014382305908109652,,,-0.0002253954551704892
395,2026-05-31,CHRW,US12541W2098,06560901,,-0.0003865401587868912,-0.00033206523386040276,,,,,,,,0.0006382925388613506,,,,,,,,,0.0012656429199136494,0.0012656429199136494,-0.00023562501168605175,,0.0006651276606152812,,,,,-0.00046433440458047936,0.001318378041576718,0.0011476036838595266,0.0010648438028119647,0.0011300383213514727,0.001925978356390336,,0.0012952486022508108,,,0.0014765834065659244,0.002734413715862823,-0.00120373647274396,,,,,,,,,,0.00029035988718076
396,2026-05-31,CHTR,US16119P1084,12613603,0.0025169035339191893,0.0011476036838595266,0.00098003323444641,0.0010547024332613745,0.0010159977568114159,0.0025169035339191893,-0.0003865401587868912,-0.0005607278759111105,,-0.0006364583648991053,,0.002734413715862823,0.0011019279153477047,,,,,,0.001652891873021557,,,-0.00023562501168605175,,,,,,,0.0009190353152899943,,,,,,,,-0.00034934938641149627,0.0010547024332613745,,,-0.00120373647274396,,,,,,,,,,0.00020274113324755374
397,2026-05-31,CI,US1255231003,00254701,,-0.0003865401587868912,-0.00033206523386040276,,0.0010159977568114159,0.0025169035339191893,,,-0.0007826413815720446,,,,0.0011019279153477047,,,-0.0005375910460798267,0.0016285846395947695,-0.0011596204763606737,0.001652891873021557,0.0012656429199136494,0.0012656429199136494,-0.00023562501168605175,0.002171446186126359,0.0006651276606152812,,,,,0.0009190353152899943,-0.0006671310571833996,,,-0.0005738018419297633,,,,0.0010301744696971564,0.0010547024332613745,,,,0.0022148751098488863,0.0017037500844991435,0.0011300383213514727,0.0022148751098488863,,,,0.0013423485514235676,0.0010206797741239108,0.000557711484821966
398,2026-05-31,CIEN,US1717793095,06435601,,,0.00098003323444641,0.0010547024332613745,,,-0.0003865401587868912,,-0.0007826413815720446,-0.0006364583648991053,,,,,0.0011300383213514727,,,-0.0011596204763606737,,,,-0.00023562501168605175,,,,,,,-0.00046433440458047936,0.001318378041576718,0.0011476036838595266,,,,,,-0.00034934938641149627,-0.0003578150419788185,0.0014765834065659244,0.002734413715862823,,,,-0.0005798102381803368,,,,,,,0.00013175114911341947
399,2026-05-31,CINF,US1720621010,01482401,,-0.0003865401587868912,,,-0.0005187061147187088,-0.0025169035339191893,-0.0003865401587868912,-0.0005607278759111105,,,0.0006382925388613506,,,,,-0.0005375910460798267,-0.0008295412396437777,,-0.0008326598157326641,,,-0.00023562501168605175,,,,-0.0010857230930631796,,,,,,,,,,,-0.00034934938641149627,,,,,0.0022148751098488863,,,0.0022148751098488863,,,,,-0.0010301744696971564,-9.255108865868261e-05
400,2026-05-31,CL,US1941621039,00317001,-0.0012952486022508108,,-0.00033206523386040276,,-0.0005187061147187088,,,,,,,,,0.001830475297395774,,,0.0016285846395947695,,,,0.0012656429199136494,-0.00023562501168605175,,0.0006651276606152812,0.005402134414265577,,,,-0.00046433440458047936,,,,,,,-0.00043772235372507634,-0.00034934938641149627,-0.0003578150419788185,-0.0003825345612865089,,,-0.001118623792852973,-0.0005782963733286909,-0.0005798102381803368,-0.0007508051219826733,-0.0014107484776107557,-0.0022600766427029453,-0.0014382305908109652,,0.0010206797741239108,-2.9163178618786775e-06
401,2026-05-31,CLNX,ES0105066007,31965901W,,-0.0003865401587868912,-0.00033206523386040276,-0.0005349939878862045,,,-0.0003865401587868912,,,-0.0006364583648991053,,-0.0009385064024783416,,-0.0018457292582074053,,,0.0016285846395947695,,,,,-0.00023562501168605175,,,,,,0.001942872903376216,-0.00046433440458047936,,,,,,,,-0.00034934938641149627,-0.0003578150419788185,,,,,,,,,,,-0.0006836034289657057,,-0.0002337142193859413
402,2026-05-31,CLS,CA15101Q2071,11215801C,,0.0011476036838595266,0.00098003323444641,0.0010547024332613745,0.0010159977568114159,,-0.0003865401587868912,-0.0005607278759111105,-0.0007826413815720446,-0.0006364583648991053,,-0.0009385064024783416,,,-0.0005859457962563192,,,-0.0011596204763606737,,0.0012656429199136494,0.0012656429199136494,-0.00023562501168605175,,,,,,,0.0009190353152899943,,,,,,,0.0012952486022508108,0.0010301744696971564,0.0010547024332613745,-0.0003825345612865089,,,,,,,,,,,0.0010206797741239108,0.00017422722146706886
403,2026-05-31,CLX,US1890541097,00312101,-0.0012952486022508108,,-0.00033206523386040276,,-0.0005187061147187088,-0.0025169035339191893,,,,,,,,,-0.0005859457962563192,,0.0016285846395947695,,0.001652891873021557,,0.0012656429199136494,-0.00023562501168605175,0.002171446186126359,0.0006651276606152812,,,,,-0.00046433440458047936,,0.0011476036838595266,,,,,0.0012952486022508108,0.0010301744696971564,0.0010547024332613745,0.0014765834065659244,,-0.00120373647274396,,,-0.0005798102381803368,,,,-0.0014382305908109652,-0.0006836034289657057,0.0010206797741239108,0.00012102932841058018
404,2026-05-31,CM,CA1360691010,01558101C,,0.0011476036838595266,0.00098003323444641,0.0010547024332613745,,,0.0011416882009530342,0.0016406482295176937,,,0.0006382925388613506,,-0.0011074375549244432,,,-0.0005375910460798267,,,,,,-0.00023562501168605175,,,,,,,-0.00046433440458047936,,,,,,,,-0.00034934938641149627,,,,,-0.001118623792852973,-0.0005782963733286909,,-0.0007508051219826733,,,-0.0014382305908109652,,0.0010206797741239108,3.8520495854717404e-05
405,2026-05-31,CMCSA,US20030N1019,00322601,-0.0012952486022508108,-0.0003865401587868912,-0.00033206523386040276,-0.0005349939878862045,-0.0005187061147187088,-0.0025169035339191893,0.0011416882009530342,,,-0.0006364583648991053,,0.002734413715862823,,,,,,,,,,-0.00023562501168605175,,,,,,0.001942872903376216,0.0009190353152899943,,,,,,,,0.0010301744696971564,0.0010547024332613745,,,,,,,,,,,0.0013423485514235676,,4.867431865355392e-05
406,2026-05-31,CME,US12572Q1058,14907001,,,0.00098003323444641,,-0.0005187061147187088,-0.0025169035339191893,-0.0003865401587868912,-0.0005607278759111105,,,0.0006382925388613506,,,,,-0.0005375910460798267,,,,,,-0.00023562501168605175,-0.0007457491952353153,,,-0.0010857230930631796,,,-0.00046433440458047936,,,,,,,,-0.00034934938641149627,-0.0003578150419788185,,-0.0009546875473486579,,-0.001118623792852973,-0.0005782963733286909,-0.0005798102381803368,-0.0007508051219826733,-0.0014107484776107557,,-0.0014382305908109652,,,-0.0002912701298538013
407,2026-05-31,CMG,US1696561059,16591401,-0.0012952486022508108,-0.0003865401587868912,-0.00033206523386040276,-0.0005349939878862045,-0.0005187061147187088,,-0.0003865401587868912,-0.0005607278759111105,0.00303407549294368,0.0024339286921416336,,0.002734413715862823,0.0011019279153477047,,,-0.0005375910460798267,,,,,,-0.00023562501168605175,,,,,,,-0.00046433440458047936,,,,,-0.0006552884940381321,-0.005402134414265577,-0.00043772235372507634,-0.00034934938641149627,-0.0003578150419788185,-0.0003825345612865089,-0.0009546875473486579,0.0023314474840514595,,,,,,,,,,-0.00017385997654873324
408,2026-05-31,CMI,US2310211063,00365001,-0.0012952486022508108,-0.0003865401587868912,-0.00033206523386040276,,,,,,,,,,,,-0.0005859457962563192,,,,,,,-0.00023562501168605175,,0.0006651276606152812,,,,,-0.00046433440458047936,0.001318378041576718,0.0011476036838595266,0.0010648438028119647,0.0011300383213514727,,,-0.00043772235372507634,-0.00034934938641149627,-0.0003578150419788185,-0.0003825345612865089,0.002734413715862823,0.0023314474840514595,,,-0.0005798102381803368,,,,,-0.0006836034289657057,,9.550612878635601e-05
409,2026-05-31,CMS,US1258961002,00343901,0.0025169035339191893,,-0.00033206523386040276,,,,,0.0016406482295176937,,,-0.001893055649443493,,0.0011019279153477047,,,,,,,,,-0.00023562501168605175,,,-0.005273512166306872,-0.0010857230930631796,,,0.0009190353152899943,,-0.0011535807863796283,,,-0.0006552884940381321,-0.005402134414265577,-0.00043772235372507634,,-0.0003578150419788185,,-0.0009546875473486579,,,-0.0005782963733286909,,-0.0007508051219826733,,,,,,-0.00015546401847331862
410,2026-05-31,CNA,GB00B033F229,21342301W,,,-0.00033206523386040276,,0.0010159977568114159,,-0.0003865401587868912,-0.0005607278759111105,,,0.0006382925388613506,,,,,,,,,0.0012656429199136494,0.0012656429199136494,-0.00023562501168605175,,0.0006651276606152812,,0.0031641072997841235,,,0.0009190353152899943,,-0.0011535807863796283,,,-0.0006552884940381321,,-0.00043772235372507634,,-0.0003578150419788185,,,,-0.001118623792852973,0.0017037500844991435,-0.0005798102381803368,-0.0007508051219826733,-0.0014107484776107557,-0.0022600766427029453,0.002839583474165239,,0.0010206797741239108,5.220712457364908e-05
411,2026-05-31,CNC,US15135B1017,14555201,,0.0011476036838595266,0.00098003323444641,0.0010547024332613745,0.0010159977568114159,0.0025169035339191893,,,-0.0007826413815720446,,,,0.0011019279153477047,-0.0018457292582074053,,-0.0005375910460798267,0.0016285846395947695,-0.0011596204763606737,0.001652891873021557,0.0012656429199136494,0.0012656429199136494,-0.00023562501168605175,,0.0006651276606152812,,,-0.0029930744727687656,,0.0009190353152899943,0.001318378041576718,0.0011476036838595266,0.0010648438028119647,0.0011300383213514727,,,-0.00043772235372507634,-0.00034934938641149627,-0.0003578150419788185,,,0.0023314474840514595,-0.001118623792852973,-0.0005782963733286909,-0.0005798102381803368,-0.0007508051219826733,,,,0.0013423485514235676,0.0010206797741239108,0.00021308159713346196
412,2026-05-31,CNP,US15189T1079,00574201,,,-0.00033206523386040276,,,,-0.0003865401587868912,-0.0005607278759111105,,,-0.001893055649443493,,0.0011019279153477047,,,,,,,,,-0.00023562501168605175,,,,,,,,,,,,,,-0.00043772235372507634,,,,,,-0.001118623792852973,-0.0005782963733286909,-0.0005798102381803368,-0.0007508051219826733,,-0.0022600766427029453,-0.0014382305908109652,,,-0.00022099736661235604
413,2026-05-31,CNQ,CA1363851017,01505501C,,,,,,,,-0.0005607278759111105,,,,,,,0.0011300383213514727,,,,,,,-0.00023562501168605175,,,,,,,,,,,,-0.0006552884940381321,,,,,-0.0003825345612865089,,,,,0.0011300383213514727,,,,,,,-2.3840545960234184e-05
414,2026-05-31,CNR,CA1363751027,00269601C,,-0.0003865401587868912,-0.00033206523386040276,-0.0005349939878862045,,,-0.0003865401587868912,,,,-0.001893055649443493,,,,,,,,,-0.0012729167297982106,-0.0012584517669595946,-0.00023562501168605175,,-0.001977567062365077,,,,,-0.00046433440458047936,,,,,-0.0006552884940381321,,-0.00043772235372507634,-0.00034934938641149627,-0.0003578150419788185,-0.0003825345612865089,,,,,,,,,,-0.0006836034289657057,,-0.0002656253638093869
415,2026-05-31,COF,US14040H1059,03099001,-0.0012952486022508108,-0.0003865401587868912,-0.00033206523386040276,-0.0005349939878862045,0.0010159977568114159,0.0025169035339191893,-0.0003865401587868912,-0.0005607278759111105,,,,,-0.0011074375549244432,,-0.0005859457962563192,-0.0005375910460798267,-0.0008295412396437777,,,,,0.0009267259873844713,,,,-0.0010857230930631796,,,-0.00046433440458047936,,,,,,,,-0.00034934938641149627,-0.0003578150419788185,,,0.0023314474840514595,,-0.0005782963733286909,-0.0005798102381803368,-0.0007508051219826733,,,0.002839583474165239,,,0.00010558412846318606
416,2026-05-31,COH,AU000000COH5,21263501W,,-0.0003865401587868912,-0.00033206523386040276,-0.0005349939878862045,-0.0005187061147187088,,,,-0.0007826413815720446,,,,,-0.0018457292582074053,-0.0005859457962563192,-0.0005375910460798267,-0.0008295412396437777,-0.0011596204763606737,-0.0008326598157326641,0.0012656429199136494,,-0.00023562501168605175,-0.0007457491952353153,0.0006651276606152812,,,-0.0029930744727687656,-0.001942872903376216,-0.00046433440458047936,-0.0006671310571833996,-0.0011535807863796283,-0.0010751820921596534,-0.0005738018419297633,,,-0.00043772235372507634,-0.00034934938641149627,-0.0003578150419788185,,,,,0.0017037500844991435,-0.0005798102381803368,0.0022148751098488863,,,,-0.0006836034289657057,,-0.0002754872377156424
417,2026-05-31,COHR,US19247G1076,01456101,,-0.0003865401587868912,,,,,-0.0003865401587868912,-0.0005607278759111105,-0.0007826413815720446,-0.0006364583648991053,,-0.0009385064024783416,,,-0.0005859457962563192,,,-0.0011596204763606737,,,,-0.00023562501168605175,,,,,,,,-0.0006671310571833996,-0.0011535807863796283,-0.0010751820921596534,-0.0005738018419297633,,,-0.00043772235372507634,-0.00034934938641149627,-0.0003578150419788185,-0.0003825345612865089,-0.0009546875473486579,0.0023314474840514595,,,-0.0005798102381803368,,,,,,,-0.00012774336905567693
418,2026-05-31,COIN,US19260Q1076,03474901,-0.0012952486022508108,-0.0003865401587868912,-0.00033206523386040276,-0.0005349939878862045,-0.0005187061147187088,-0.0025169035339191893,-0.0003865401587868912,-0.0005607278759111105,,,0.0006382925388613506,,,,,-0.0005375910460798267,-0.0008295412396437777,,-0.0008326598157326641,,,-0.00023562501168605175,-0.0007457491952353153,,,,,,-0.00046433440458047936,,,,-0.0005738018419297633,,,,-0.00034934938641149627,-0.0003578150419788185,,-0.0009546875473486579,-0.00120373647274396,-0.001118623792852973,-0.0005782963733286909,-0.0005798102381803368,-0.0007508051219826733,-0.0014107484776107557,,-0.0014382305908109652,,-0.0010301744696971564,-0.0004216084897440104
419,2026-05-31,COL,AU0000030678,32949801W,,,-0.00033206523386040276,-0.0005349939878862045,,,,,,,,,0.0011019279153477047,,,,,,,0.0012656429199136494,0.0012656429199136494,-0.00023562501168605175,,0.0006651276606152812,,,,,,0.001318378041576718,0.0011476036838595266,0.0010648438028119647,0.0011300383213514727,,,-0.00043772235372507634,-0.00034934938641149627,-0.0003578150419788185,0.0014765834065659244,,,-0.001118623792852973,-0.0005782963733286909,,-0.0007508051219826733,,,-0.0014382305908109652,,0.0010206797741239108,7.836790612709956e-05
420,2026-05-31,COLO B,DK0060448595,10153801W,,-0.0003865401587868912,-0.00033206523386040276,-0.0005349939878862045,,,,,-0.0007826413815720446,,,,,,-0.0005859457962563192,-0.0005375910460798267,-0.0008295412396437777,-0.0011596204763606737,,,,-0.00023562501168605175,,,,,,,-0.00046433440458047936,0.001318378041576718,0.0011476036838595266,0.0010648438028119647,0.0011300383213514727,,,-0.00043772235372507634,-0.00034934938641149627,-0.0003578150419788185,,,,,,0.0011300383213514727,,,,,-0.0006836034289657057,0.0010206797741239108,-4.3373718963770286e-05
421,2026-05-31,CON,DE0005439004,10060901W,,-0.0003865401587868912,-0.00033206523386040276,-0.0005349939878862045,0.0010159977568114159,,0.0011416882009530342,,-0.0007826413815720446,-0.0006364583648991053,,-0.0009385064024783416,-0.0011074375549244432,,0.0011300383213514727,-0.0005375910460798267,0.0016285846395947695,,-0.0008326598157326641,,0.0012656429199136494,-0.00023562501168605175,-0.0007457491952353153,,,,-0.0029930744727687656,-0.001942872903376216,-0.00046433440458047936,-0.0006671310571833996,-0.0011535807863796283,-0.0010751820921596534,-0.0005738018419297633,-0.0006552884940381321,,-0.00043772235372507634,-0.00034934938641149627,-0.0003578150419788185,-0.0003825345612865089,,,,,,,,,,-0.0006836034289657057,,-0.0001230357147164671
422,2026-05-31,COO,US2166485019,00350401,,0.0011476036838595266,,,,,,,-0.0007826413815720446,,,,,,,-0.0005375910460798267,,-0.0011596204763606737,-0.0008326598157326641,-0.0012729167297982106,-0.0012584517669595946,-0.00023562501168605175,-0.0007457491952353153,-0.001977567062365077,,,,,,,,,,,,-0.00043772235372507634,-0.00034934938641149627,-0.0003578150419788185,,,-0.00120373647274396,,-0.0005782963733286909,-0.0005798102381803368,-0.0007508051219826733,,,,,,-0.00030162703696478866
423,2026-05-31,COP,US20825C1045,00854901,,,,,,,,0.0016406482295176937,,,,,,,,,,,,,,-0.00023562501168605175,,,,,,,,,-0.0011535807863796283,-0.0010751820921596534,-0.0005738018419297633,-0.0006552884940381321,-0.005402134414265577,,,,-0.0003825345612865089,-0.0009546875473486579,,,,,,,,,-0.0006836034289657057,,-0.0001805024845071489
424,2026-05-31,COR,US03073E1055,03167301,,-0.0003865401587868912,-0.00033206523386040276,,,,,,-0.0007826413815720446,,,,0.0011019279153477047,,-0.0005859457962563192,-0.0005375910460798267,,-0.0011596204763606737,0.001652891873021557,0.0012656429199136494,0.0012656429199136494,-0.00023562501168605175,0.002171446186126359,0.0006651276606152812,,,,,0.0009190353152899943,0.001318378041576718,0.0011476036838595266,0.0010648438028119647,0.0011300383213514727,,,-0.00043772235372507634,-0.00034934938641149627,-0.0003578150419788185,,,-0.00120373647274396,,-0.0005782963733286909,-0.0005798102381803368,-0.0007508051219826733,,,,,0.0010206797741239108,0.00015085309735754125
425,2026-05-31,COST,US22160K1051,02902801,,,,,-0.0005187061147187088,-0.0025169035339191893,,,,,,,0.0011019279153477047,0.001830475297395774,0.0011300383213514727,,0.0016285846395947695,,0.001652891873021557,0.0012656429199136494,0.0012656429199136494,-0.00023562501168605175,-0.0007457491952353153,0.0006651276606152812,,,,,,0.001318378041576718,,,0.0011300383213514727,,,,-0.00034934938641149627,-0.0003578150419788185,-0.0003825345612865089,,0.0023314474840514595,-0.001118623792852973,-0.0005782963733286909,-0.0005798102381803368,-0.0007508051219826733,-0.0014107484776107557,-0.0022600766427029453,-0.0014382305908109652,-0.0006836034289657057,,3.74344427618492e-05
426,2026-05-31,COV,FR0000064578,22228401W,,,,,,,,,,-0.0006364583648991053,,,-0.0011074375549244432,,,,,,,,,,,,,0.0031641072997841235,,0.001942872903376216,-0.00046433440458047936,-0.0006671310571833996,-0.0011535807863796283,-0.0010751820921596534,,,,,,,-0.0003825345612865089,,,,0.0017037500844991435,0.0011300383213514727,,,,,-0.0006836034289657057,,-6.179937413197389e-06
427,2026-05-31,CP,CA13646K1084,00269801C,,-0.0003865401587868912,-0.00033206523386040276,-0.0005349939878862045,,,-0.0003865401587868912,,,,,,,,-0.0005859457962563192,,,,,-0.0012729167297982106,-0.0012584517669595946,-0.00023562501168605175,,-0.001977567062365077,,,,,-0.00046433440458047936,-0.0006671310571833996,,,-0.0005738018419297633,-0.0006552884940381321,,-0.00043772235372507634,,,-0.0003825345612865089,,,,,,,,,,-0.0006836034289657057,,-0.00025337349386703
428,2026-05-31,CPAY,US2199481068,18470001,0.0025169035339191893,0.0011476036838595266,0.00098003323444641,0.0010547024332613745,,,-0.0003865401587868912,-0.0005607278759111105,,,-0.001893055649443493,,,,,-0.0005375910460798267,0.0016285846395947695,,,,,-0.00023562501168605175,-0.0007457491952353153,,,,,,,,,,-0.0005738018419297633,,,,-0.00034934938641149627,-0.0003578150419788185,,-0.0009546875473486579,-0.00120373647274396,-0.001118623792852973,-0.0005782963733286909,-0.0005798102381803368,-0.0007508051219826733,,,-0.0014382305908109652,,,-0.00014139139149718484
429,2026-05-31,CPG,GB00BD6K4575,24309001W,,-0.0003865401587868912,-0.00033206523386040276,,,,-0.0003865401587868912,-0.0005607278759111105,-0.0007826413815720446,-0.0006364583648991053,,-0.0009385064024783416,,,,0.0017578373887689573,,,,0.0012656429199136494,0.0012656429199136494,-0.00023562501168605175,0.002171446186126359,,,,,,0.0009190353152899943,,,,,-0.0006552884940381321,,0.0012952486022508108,0.0010301744696971564,,-0.0003825345612865089,,,,,,,,,,,,0.00012354733872465846
430,2026-05-31,CPR,NL0015435975,24693901W,,,-0.00033206523386040276,-0.0005349939878862045,,,,,,,,,,,-0.0005859457962563192,,-0.0008295412396437777,,-0.0008326598157326641,-0.0012729167297982106,-0.0012584517669595946,0.0009267259873844713,-0.0007457491952353153,-0.001977567062365077,,,,0.001942872903376216,-0.00046433440458047936,,0.0011476036838595266,,0.0011300383213514727,,,0.0012952486022508108,0.0010301744696971564,0.0010547024332613745,0.0014765834065659244,,,-0.001118623792852973,-0.0005782963733286909,,-0.0007508051219826733,-0.0014107484776107557,-0.0022600766427029453,,,,-0.00019815900127235654
431,2026-05-31,CPRT,US2172041061,02990101,-0.0012952486022508108,-0.0003865401587868912,-0.00033206523386040276,-0.0005349939878862045,,0.0025169035339191893,-0.0003865401587868912,,,,,,,,,,,,,-0.0012729167297982106,-0.0012584517669595946,-0.00023562501168605175,,-0.001977567062365077,,,,,-0.00046433440458047936,,0.0011476036838595266,,,-0.0006552884940381321,,,,,-0.0003825345612865089,0.002734413715862823,0.0023314474840514595,,,0.0011300383213514727,,,,,0.0013423485514235676,-0.0010301744696971564,6.066663010620219e-05
432,2026-05-31,CPU,AU000000CPU5,22309601W,,-0.0003865401587868912,-0.00033206523386040276,-0.0005349939878862045,-0.0005187061147187088,,-0.0003865401587868912,,,,0.0006382925388613506,,,,,,,,,,,0.0009267259873844713,,0.0006651276606152812,,,,,,,,,,,,0.0012952486022508108,,,-0.0003825345612865089,,,,,,,,,,,,2.6570350752121068e-05
433,2026-05-31,CPW,IL0010824113,06318501W,,,,,,,,,-0.0007826413815720446,-0.0006364583648991053,,-0.0009385064024783416,-0.0011074375549244432,-0.0018457292582074053,,,,-0.0011596204763606737,,,,-0.00023562501168605175,,,,,,,,,,0.0010648438028119647,0.0011300383213514727,,,,0.0010301744696971564,0.0010547024332613745,-0.0003825345612865089,,,,,,,,,,,,-0.0001600167349654059
434,2026-05-31,CRBG,US21871X1090,04108401,-0.0012952486022508108,-0.0003865401587868912,-0.00033206523386040276,-0.0005349939878862045,0.0010159977568114159,0.0025169035339191893,0.0011416882009530342,0.0016406482295176937,,,0.0006382925388613506,,-0.0011074375549244432,,,-0.0005375910460798267,-0.0008295412396437777,,-0.0008326598157326641,,,-0.00023562501168605175,,,,-0.0010857230930631796,,,0.0009190353152899943,,,,,,,,-0.00034934938641149627,-0.0003578150419788185,,-0.0009546875473486579,-0.00120373647274396,-0.001118623792852973,-0.0005782963733286909,-0.0005798102381803368,-0.0007508051219826733,-0.0014107484776107557,,0.002839583474165239,,0.0010206797741239108,1.309858346535455e-05
435,2026-05-31,CRDO,KYG254571055,04053201,0.0025169035339191893,0.0011476036838595266,0.00098003323444641,0.0010547024332613745,0.0010159977568114159,0.0025169035339191893,,-0.0005607278759111105,0.00303407549294368,0.0024339286921416336,,0.002734413715862823,,,-0.0005859457962563192,,,0.004520153285405891,,,,0.0009267259873844713,,,,,,,,0.001318378041576718,0.0011476036838595266,,,,,0.0012952486022508108,,,-0.0003825345612865089,0.002734413715862823,,,,0.0011300383213514727,,,,,,-0.0010301744696971564,0.00041661868682497927
436,2026-05-31,CRH,IE0001827041,01544402W,,,-0.00033206523386040276,,,,-0.0003865401587868912,,,-0.0006364583648991053,,-0.0009385064024783416,,,-0.0005859457962563192,-0.0005375910460798267,-0.0008295412396437777,,,,,-0.00023562501168605175,,,,,,,,,,,,-0.0006552884940381321,,-0.00043772235372507634,,,0.0014765834065659244,,,,,,,,,,,,-2.463449656161368e-05
437,2026-05-31,CRM,US79466L3024,15785501,-0.0012952486022508108,-0.0003865401587868912,-0.00033206523386040276,-0.0005349939878862045,0.0010159977568114159,0.0025169035339191893,0.0011416882009530342,0.0016406482295176937,-0.0007826413815720446,-0.0006364583648991053,,-0.0009385064024783416,,,-0.0005859457962563192,,,-0.0011596204763606737,,,,-0.00023562501168605175,,,,,,,,,,,,,,-0.00043772235372507634,,,-0.0003825345612865089,-0.0009546875473486579,-0.00120373647274396,,,0.0011300383213514727,,,,,,,2.969507253824186e-05
438,2026-05-31,CRWD,US22788C1053,03518201,-0.0012952486022508108,-0.0003865401587868912,-0.00033206523386040276,-0.0005349939878862045,-0.0005187061147187088,-0.0025169035339191893,-0.0003865401587868912,-0.0005607278759111105,-0.0007826413815720446,-0.0006364583648991053,,-0.0009385064024783416,,,-0.0005859457962563192,,,-0.0011596204763606737,,,,-0.00023562501168605175,,,,,,,-0.00046433440458047936,,,,-0.0005738018419297633,,,-0.00043772235372507634,-0.00034934938641149627,-0.0003578150419788185,-0.0003825345612865089,-0.0009546875473486579,,,,-0.0005798102381803368,,,,,,,-0.0002805711177246617
439,2026-05-31,CRWV,US21873S1087,05113901,-0.0012952486022508108,-0.0003865401587868912,-0.00033206523386040276,-0.0005349939878862045,,,-0.0003865401587868912,-0.0005607278759111105,-0.0007826413815720446,-0.0006364583648991053,,-0.0009385064024783416,-0.0011074375549244432,,-0.0005859457962563192,,,-0.0011596204763606737,,-0.0012729167297982106,,0.0009267259873844713,,,,,,,,-0.0006671310571833996,-0.0011535807863796283,,,,,-0.00043772235372507634,,,-0.0003825345612865089,-0.0009546875473486579,,,,,,,,,,0.0010206797741239108,-0.00016473818626227375
440,2026-05-31,CS,FR0000120628,06312001W,,,,-0.0005349939878862045,-0.0005187061147187088,,-0.0003865401587868912,-0.0005607278759111105,,,0.0006382925388613506,,,,,-0.0005375910460798267,,,-0.0008326598157326641,,,-0.00023562501168605175,-0.0007457491952353153,,,-0.0010857230930631796,,,0.0009190353152899943,,,0.0010648438028119647,0.0011300383213514727,,,,-0.00034934938641149627,-0.0003578150419788185,,,,,,,,,,,,,-9.175524672117595e-05
441,2026-05-31,CSA,IE00B4BNMY34,14335702W,,,,,,,,,-0.0007826413815720446,-0.0006364583648991053,,-0.0009385064024783416,,-0.0018457292582074053,,,,-0.0011596204763606737,,0.0012656429199136494,0.0012656429199136494,-0.00023562501168605175,,,,,,,0.0009190353152899943,,,0.0010648438028119647,0.0011300383213514727,,,-0.00043772235372507634,-0.00034934938641149627,-0.0003578150419788185,-0.0003825345612865089,,,,,,,,,,,,-0.00013908526562624146
442,2026-05-31,CSCO,US17275R1023,02077901,-0.0012952486022508108,-0.0003865401587868912,-0.00033206523386040276,-0.0005349939878862045,-0.0005187061147187088,-0.0025169035339191893,-0.0003865401587868912,-0.0005607278759111105,-0.0007826413815720446,-0.0006364583648991053,,-0.0009385064024783416,,,-0.0005859457962563192,,,-0.0011596204763606737,,,,-0.00023562501168605175,,,,,,,-0.00046433440458047936,-0.0006671310571833996,,,,,,-0.00043772235372507634,-0.00034934938641149627,-0.0003578150419788185,-0.0003825345612865089,-0.0009546875473486579,,,,-0.0005798102381803368,,,,,,,-0.00027915085752600857
443,2026-05-31,CSGP,US22160N1090,11211101,,,,,,,,,,-0.0006364583648991053,,,,-0.0018457292582074053,,,,,,0.0012656429199136494,,,-0.0007457491952353153,,,,-0.0029930744727687656,-0.001942872903376216,0.0009190353152899943,,0.0011476036838595266,,,,,,,,-0.0003825345612865089,0.002734413715862823,,,-0.0005782963733286909,-0.0005798102381803368,,,,,-0.0006836034289657057,-0.0010301744696971564,-0.00015897058286530775
444,2026-05-31,CSL,AU000000CSL8,22300301W,,-0.0003865401587868912,-0.00033206523386040276,-0.0005349939878862045,-0.0005187061147187088,,,,-0.0007826413815720446,,,,,,-0.0005859457962563192,-0.0005375910460798267,-0.0008295412396437777,-0.0011596204763606737,-0.0008326598157326641,,,-0.00023562501168605175,-0.0007457491952353153,0.0006651276606152812,,,0.0029930744727687656,0.001942872903376216,-0.00046433440458047936,,,,0.0011300383213514727,,,-0.00043772235372507634,-0.00034934938641149627,-0.0003578150419788185,,,,-0.001118623792852973,0.0017037500844991435,,-0.0007508051219826733,,,,,,-9.906210710534356e-05
445,2026-05-31,CSL,US1423391002,00277101,0.0025169035339191893,,,,0.0010159977568114159,0.0025169035339191893,,,,,0.0006382925388613506,,,,,,,,,,,-0.00023562501168605175,,0.0006651276606152812,,,,,,0.001318378041576718,0.0011476036838595266,0.0010648438028119647,,-0.0006552884940381321,,-0.00043772235372507634,-0.00034934938641149627,-0.0003578150419788185,-0.0003825345612865089,,-0.00120373647274396,,,0.0011300383213514727,,,,,0.0013423485514235676,,0.00016548235997107045
446,2026-05-31,CSU,CA21037X1006,17430201C,,-0.0003865401587868912,-0.00033206523386040276,-0.0005349939878862045,0.0010159977568114159,,-0.0003865401587868912,-0.0005607278759111105,-0.0007826413815720446,-0.0006364583648991053,,-0.0009385064024783416,,,,,,-0.0011596204763606737,,0.0012656429199136494,0.0012656429199136494,-0.00023562501168605175,,,,,,,0.0009190353152899943,,,,0.0011300383213514727,,,-0.00043772235372507634,-0.00034934938641149627,-0.0003578150419788185,-0.0003825345612865089,,,,,-0.0005798102381803368,,,,,,0.0010206797741239108,8.250169685810315e-07
447,2026-05-31,CSX,US1264081035,00257401,0.0025169035339191893,,,,,,,,,,-0.001893055649443493,,,,,,,,,-0.0012729167297982106,,-0.00023562501168605175,,-0.001977567062365077,,,,,-0.00046433440458047936,-0.0006671310571833996,-0.0011535807863796283,-0.0010751820921596534,-0.0005738018419297633,-0.0006552884940381321,,-0.00043772235372507634,-0.00034934938641149627,-0.0003578150419788185,-0.0003825345612865089,-0.0009546875473486579,,,,,,,,,-0.0006836034289657057,,-0.00022444313367848796
448,2026-05-31,CTAS,US1729081059,00306201,,-0.0003865401587868912,-0.00033206523386040276,,-0.0005187061147187088,-0.0025169035339191893,-0.0003865401587868912,,,,,,,,-0.0005859457962563192,,,,,,,-0.00023562501168605175,,0.0006651276606152812,,,,,-0.00046433440458047936,-0.0006671310571833996,,,-0.0005738018419297633,-0.0006552884940381321,,,-0.00034934938641149627,-0.0003578150419788185,-0.0003825345612865089,-0.0009546875473486579,,,,-0.0005798102381803368,,,,,-0.0006836034289657057,,-0.0002075878980020237
449,2026-05-31,CTC.A,CA1366812024,00270301C,,0.0011476036838595266,0.00098003323444641,0.0010547024332613745,,,0.0011416882009530342,0.0016406482295176937,-0.0007826413815720446,-0.0006364583648991053,,-0.0009385064024783416,-0.0011074375549244432,,0.0011300383213514727,-0.0005375910460798267,,,-0.0008326598157326641,,,-0.00023562501168605175,-0.0007457491952353153,,-0.005273512166306872,,,,0.0009190353152899943,-0.0006671310571833996,-0.0011535807863796283,-0.0010751820921596534,-0.0005738018419297633,,,-0.00043772235372507634,-0.00034934938641149627,-0.0003578150419788185,-0.0003825345612865089,,,,,,,,,,-0.0006836034289657057,,-5.377509154263656e-05
450,2026-05-31,CTSH,US1924461023,11186401,,-0.0003865401587868912,-0.00033206523386040276,-0.0005349939878862045,,,,,-0.0007826413815720446,-0.0006364583648991053,,,,0.001830475297395774,-0.0005859457962563192,,,-0.0011596204763606737,,,,-0.00023562501168605175,,,,,,,0.0009190353152899943,,,0.0010648438028119647,0.0011300383213514727,,,-0.00043772235372507634,-0.00034934938641149627,-0.0003578150419788185,0.0014765834065659244,,-0.00120373647274396,,,0.0011300383213514727,,,,,,-0.0010301744696971564,0.00011652203687203961
451,2026-05-31,CTVA,US22052L1044,03516801,,-0.0003865401587868912,-0.00033206523386040276,-0.0005349939878862045,-0.0005187061147187088,,-0.0003865401587868912,-0.0005607278759111105,,-0.0006364583648991053,,-0.0009385064024783416,-0.0011074375549244432,,-0.0005859457962563192,-0.0005375910460798267,,,,,,-0.00023562501168605175,,,,,,0.001942872903376216,,,0.0011476036838595266,,0.0011300383213514727,,,-0.00043772235372507634,-0.00034934938641149627,-0.0003578150419788185,0.0014765834065659244,0.002734413715862823,-0.00120373647274396,,-0.0005782963733286909,-0.0005798102381803368,,-0.0014107484776107557,-0.0022600766427029453,,0.0013423485514235676,,-5.11767258077279e-05
452,2026-05-31,CU,CA1367178326,01443301C,,,,,-0.0005187061147187088,,-0.0003865401587868912,-0.0005607278759111105,,,0.0006382925388613506,,,,,,,,,-0.0012729167297982106,,-0.00023562501168605175,,0.0006651276606152812,,-0.0010857230930631796,,,-0.00046433440458047936,,,,,-0.0006552884940381321,0.006514338558379078,-0.00043772235372507634,,,,,,-0.001118623792852973,-0.0005782963733286909,-0.0005798102381803368,-0.0007508051219826733,-0.0014107484776107557,-0.0022600766427029453,,,0.0010206797741239108,-9.705497619521674e-05
453,2026-05-31,CVC,JE00BRX98089,36139901W,,-0.0003865401587868912,-0.00033206523386040276,,,,-0.0003865401587868912,-0.0005607278759111105,,,-0.001893055649443493,,,,,-0.0005375910460798267,,,-0.0008326598157326641,,,0.0009267259873844713,-0.0007457491952353153,,,,,,,,,,-0.0005738018419297633,,,,0.0010301744696971564,0.0010547024332613745,,,,,-0.0005782963733286909,,-0.0007508051219826733,,,-0.0014382305908109652,,-0.0010301744696971564,-0.0001100784746593125
454,2026-05-31,CVE,CA15135U1093,18379101C,,,,,,,0.0011416882009530342,,,,,,0.0011019279153477047,,0.0011300383213514727,,,,,,,0.0009267259873844713,,0.0006651276606152812,,,,,,,,-0.0010751820921596534,-0.0005738018419297633,0.001925978356390336,0.006514338558379078,,,,-0.0003825345612865089,,,,,,,,,,,,0.0002458067049862478
455,2026-05-31,CVNA,US1468691027,03099901,0.0025169035339191893,0.0011476036838595266,0.00098003323444641,0.0010547024332613745,-0.0005187061147187088,-0.0025169035339191893,-0.0003865401587868912,-0.0005607278759111105,-0.0007826413815720446,-0.0006364583648991053,,,0.0011019279153477047,,0.0011300383213514727,-0.0005375910460798267,-0.0008295412396437777,,-0.0008326598157326641,,0.0012656429199136494,-0.00023562501168605175,-0.0007457491952353153,,,,,0.001942872903376216,0.0009190353152899943,,,,,0.001925978356390336,0.006514338558379078,0.0012952486022508108,0.0010301744696971564,0.0010547024332613745,-0.0003825345612865089,-0.0009546875473486579,-0.00120373647274396,,,,,,,,-0.0006836034289657057,,0.00011740653880117179
456,2026-05-31,CVS,US1266501006,00724101,,-0.0003865401587868912,-0.00033206523386040276,,0.0010159977568114159,0.0025169035339191893,,,-0.0007826413815720446,,,,0.0011019279153477047,-0.0018457292582074053,,-0.0005375910460798267,,-0.0011596204763606737,0.001652891873021557,0.0012656429199136494,0.0012656429199136494,-0.00023562501168605175,0.002171446186126359,0.0006651276606152812,,,-0.0029930744727687656,-0.001942872903376216,0.0009190353152899943,,,,,,,-0.00043772235372507634,-0.00034934938641149627,-0.0003578150419788185,,,,0.0022148751098488863,-0.0005782963733286909,-0.0005798102381803368,-0.0007508051219826733,,,,,0.0010206797741239108,9.569463624981371e-05
457,2026-05-31,CVX,US1667641005,00299101,,,,,,,-0.0003865401587868912,-0.0005607278759111105,,,0.0006382925388613506,,,,-0.0005859457962563192,,,,,,,-0.00023562501168605175,,0.0006651276606152812,,,,,,,,,,,,,,,-0.0003825345612865089,-0.0009546875473486579,0.0023314474840514595,,,,,,,,-0.0006836034289657057,-0.0010301744696971564,-5.6650544976457186e-05
458,2026-05-31,CW,US2315611010,00366201,,,,,-0.0005187061147187088,-0.0025169035339191893,-0.0003865401587868912,,,,0.0006382925388613506,,,,-0.0005859457962563192,,,,,,,-0.00023562501168605175,,0.0006651276606152812,,,,,,,,,,,,,-0.00034934938641149627,-0.0003578150419788185,-0.0003825345612865089,-0.0009546875473486579,,,,-0.0005798102381803368,,,,,-0.0006836034289657057,,-0.00016958731185834992
459,2026-05-31,D,US25746U1097,00402901,-0.0012952486022508108,,-0.00033206523386040276,,-0.0005187061147187088,-0.0025169035339191893,-0.0003865401587868912,-0.0005607278759111105,,,-0.001893055649443493,,,,,,,,,,,0.0009267259873844713,,-0.001977567062365077,,-0.0010857230930631796,,,,,,,,0.001925978356390336,0.006514338558379078,0.0012952486022508108,,0.0010547024332613745,,,,,,,,,-0.0022600766427029453,-0.0014382305908109652,,,-7.546812510939515e-05
460,2026-05-31,D05,SG1L01001701,01574301W,,-0.0003865401587868912,-0.00033206523386040276,-0.0005349939878862045,-0.0005187061147187088,,,0.0016406482295176937,,,0.0006382925388613506,,-0.0011074375549244432,,-0.0005859457962563192,0.0017578373887689573,,,,,,-0.00023562501168605175,0.002171446186126359,,,0.0031641072997841235,,,-0.00046433440458047936,,,,,,,,-0.00034934938641149627,,,,,,-0.0005782963733286909,-0.0005798102381803368,-0.0007508051219826733,,,,,,4.4631181206430795e-05
461,2026-05-31,DAL,US2473617023,00385103,-0.0012952486022508108,-0.0003865401587868912,-0.00033206523386040276,-0.0005349939878862045,0.0010159977568114159,0.0025169035339191893,,,,,-0.001893055649443493,,,,-0.0005859457962563192,,,,,,0.0012656429199136494,-0.00023562501168605175,,,,,,,0.0009190353152899943,,,,0.0011300383213514727,-0.0006552884940381321,,,0.0010301744696971564,0.0010547024332613745,-0.0003825345612865089,-0.0009546875473486579,-0.00120373647274396,,,0.0011300383213514727,,,,,0.0013423485514235676,0.0010206797741239108,0.00014937138628211383
462,2026-05-31,DANSKE,DK0010274414,01555201W,,0.0011476036838595266,,,-0.0005187061147187088,,,-0.0005607278759111105,,,0.0006382925388613506,,,,,0.0017578373887689573,,,,,,-0.00023562501168605175,,,,-0.0010857230930631796,,,-0.00046433440458047936,,,,,,,,-0.00034934938641149627,,,,,,,,,,,,,0.0010206797741239108,3.256178513089015e-06
463,2026-05-31,DASH,US25809K1051,03742001,-0.0012952486022508108,-0.0003865401587868912,-0.00033206523386040276,-0.0005349939878862045,0.0010159977568114159,0.0025169035339191893,-0.0003865401587868912,-0.0005607278759111105,-0.0007826413815720446,-0.0006364583648991053,,-0.0009385064024783416,,,,-0.0005375910460798267,0.0016285846395947695,,0.001652891873021557,,,0.0009267259873844713,-0.0007457491952353153,,,,,,,,,,,0.001925978356390336,,0.0012952486022508108,0.0010301744696971564,0.0010547024332613745,-0.0003825345612865089,-0.0009546875473486579,0.0023314474840514595,,,,,,,,,,0.00019623492750187534
464,2026-05-31,DB1,DE0005810055,24377401W,,,0.00098003323444641,,-0.0005187061147187088,,-0.0003865401587868912,-0.0005607278759111105,,,0.0006382925388613506,,,,,-0.0005375910460798267,,,,,,-0.00023562501168605175,-0.0007457491952353153,,,-0.0010857230930631796,,,-0.00046433440458047936,,,,,,,,-0.00034934938641149627,-0.0003578150419788185,,,,-0.001118623792852973,-0.0005782963733286909,-0.0005798102381803368,-0.0007508051219826733,-0.0014107484776107557,,-0.0014382305908109652,,0.0010206797741239108,-0.00017926146966971125
465,2026-05-31,DBK,DE0005140008,01557601W,,-0.0003865401587868912,-0.00033206523386040276,-0.0005349939878862045,0.0010159977568114159,,0.0011416882009530342,,,,0.0006382925388613506,,,,,0.0017578373887689573,,,0.001652891873021557,,,0.0009267259873844713,,,,0.0031641072997841235,,,-0.00046433440458047936,,,0.0010648438028119647,0.0011300383213514727,,,,0.0010301744696971564,0.0010547024332613745,,,,0.0022148751098488863,0.0017037500844991435,0.0011300383213514727,0.0022148751098488863,0.002768593887311108,,0.002839583474165239,,0.0010206797741239108,0.0005236786713778666
466,2026-05-31,DD,US26614N1028,00406001,,,,,-0.0005187061147187088,,,0.0016406482295176937,,-0.0006364583648991053,,-0.0009385064024783416,-0.0011074375549244432,,0.0011300383213514727,0.0017578373887689573,-0.0008295412396437777,,-0.0008326598157326641,,,-0.00023562501168605175,,,,,,0.001942872903376216,-0.00046433440458047936,-0.0006671310571833996,,-0.0010751820921596534,-0.0005738018419297633,-0.0006552884940381321,,-0.00043772235372507634,,-0.0003578150419788185,-0.0003825345612865089,-0.0009546875473486579,-0.00120373647274396,,-0.0005782963733286909,-0.0005798102381803368,,-0.0014107484776107557,-0.0022600766427029453,,,,-0.00026027402346763735
467,2026-05-31,DDOG,US23804L1035,03562001,-0.0012952486022508108,-0.0003865401587868912,-0.00033206523386040276,-0.0005349939878862045,-0.0005187061147187088,-0.0025169035339191893,-0.0003865401587868912,,-0.0007826413815720446,-0.0006364583648991053,,-0.0009385064024783416,,,-0.0005859457962563192,,,-0.0011596204763606737,,,,-0.00023562501168605175,,,,,,,,,,,,,,-0.00043772235372507634,-0.00034934938641149627,-0.0003578150419788185,-0.0003825345612865089,-0.0009546875473486579,,,,-0.0005798102381803368,,,,,,,-0.00025398779525449036
468,2026-05-31,DE,US2441991054,00383501,0.0025169035339191893,0.0011476036838595266,0.00098003323444641,0.0010547024332613745,,,,,,,,,,,-0.0005859457962563192,,,,,-0.0012729167297982106,,-0.00023562501168605175,,-0.001977567062365077,,,,,-0.00046433440458047936,-0.0006671310571833996,,-0.0010751820921596534,-0.0005738018419297633,-0.0006552884940381321,,-0.00043772235372507634,-0.00034934938641149627,-0.0003578150419788185,-0.0003825345612865089,-0.0009546875473486579,-0.00120373647274396,,,,,,,,-0.0006836034289657057,,-0.00018787956958771823
469,2026-05-31,DECK,US2435371073,02901501,,,,,,,0.0011416882009530342,0.0016406482295176937,0.00303407549294368,0.0024339286921416336,,0.002734413715862823,,0.001830475297395774,-0.0005859457962563192,-0.0005375910460798267,-0.0008295412396437777,,,,,-0.00023562501168605175,-0.0007457491952353153,,,,,,,-0.0006671310571833996,,,-0.0005738018419297633,,,0.0012952486022508108,0.0010301744696971564,,-0.0003825345612865089,-0.0009546875473486579,,,,,,,,,0.0013423485514235676,-0.0010301744696971564,0.0002642020839309873
470,2026-05-31,DELL,US24703L2025,01448908,0.0025169035339191893,0.0011476036838595266,0.00098003323444641,0.0010547024332613745,,,0.0011416882009530342,,-0.0007826413815720446,-0.0006364583648991053,,-0.0009385064024783416,,,-0.0005859457962563192,,,-0.0011596204763606737,,0.0012656429199136494,-0.0012584517669595946,-0.00023562501168605175,,,,,,,0.0009190353152899943,0.001318378041576718,0.0011476036838595266,0.0010648438028119647,,,,-0.00043772235372507634,,,0.0014765834065659244,0.002734413715862823,-0.00120373647274396,,,0.0011300383213514727,,,,,,,0.00023143436849821939
471,2026-05-31,DEMANT,DK0060738599,20454401W,,-0.0003865401587868912,-0.00033206523386040276,-0.0005349939878862045,,,,,-0.0007826413815720446,,,,,,-0.0005859457962563192,-0.0005375910460798267,,-0.0011596204763606737,-0.0008326598157326641,,0.0012656429199136494,-0.00023562501168605175,,0.0006651276606152812,,,0.0029930744727687656,0.001942872903376216,,-0.0006671310571833996,,,-0.0005738018419297633,,,-0.00043772235372507634,-0.00034934938641149627,-0.0003578150419788185,,,,,,0.0011300383213514727,0.0022148751098488863,,,,0.0013423485514235676,0.0010206797741239108,0.00012693073033266092
472,2026-05-31,DG,FR0000125486,10229602W,,-0.0003865401587868912,-0.00033206523386040276,-0.0005349939878862045,,,,,,,0.0006382925388613506,,,,,,,,,,,-0.00023562501168605175,,,,,,,,,,,,-0.0006552884940381321,,-0.00043772235372507634,-0.00034934938641149627,-0.0003578150419788185,-0.0003825345612865089,,,,,0.0011300383213514727,,,,,0.0013423485514235676,0.0010206797741239108,3.042642370421177e-05
473,2026-05-31,DG,US2566771059,00401602,0.0025169035339191893,,,0.0010547024332613745,,,,,,,,,0.0011019279153477047,,0.0011300383213514727,,0.0016285846395947695,,,,,0.0009267259873844713,-0.0007457491952353153,0.0006651276606152812,,,0.0029930744727687656,0.001942872903376216,,0.001318378041576718,0.0011476036838595266,0.0010648438028119647,0.0011300383213514727,,,,-0.00034934938641149627,-0.0003578150419788185,0.0014765834065659244,,,,-0.0005782963733286909,,-0.0007508051219826733,,,0.002839583474165239,0.0013423485514235676,,0.0003319940824531522
474,2026-05-31,DGE,GB0002374006,01863601W,,,-0.00033206523386040276,-0.0005349939878862045,-0.0005187061147187088,,,,,,,,-0.0011074375549244432,,-0.0005859457962563192,,-0.0008295412396437777,,-0.0008326598157326641,-0.0012729167297982106,,-0.00023562501168605175,-0.0007457491952353153,-0.001977567062365077,,,-0.0029930744727687656,,-0.00046433440458047936,,,,-0.0005738018419297633,,,-0.00043772235372507634,-0.00034934938641149627,-0.0003578150419788185,-0.0003825345612865089,,,,0.0017037500844991435,-0.0005798102381803368,,,-0.0022600766427029453,0.002839583474165239,-0.0006836034289657057,,-0.00026954563673775984
475,2026-05-31,DGX,US74834L1008,06416601,,0.0011476036838595266,0.00098003323444641,0.0010547024332613745,-0.0005187061147187088,,,,-0.0007826413815720446,,,,0.0011019279153477047,,-0.0005859457962563192,-0.0005375910460798267,,-0.0011596204763606737,,,,-0.00023562501168605175,,0.0006651276606152812,,,,,0.0009190353152899943,,,0.0010648438028119647,,,,-0.00043772235372507634,,,,,-0.00120373647274396,,,,,,,,,,2.2264837618118873e-05
476,2026-05-31,DHER,DE000A2E4K43,32485901W,,-0.0003865401587868912,-0.00033206523386040276,-0.0005349939878862045,,,-0.0003865401587868912,-0.0005607278759111105,-0.0007826413815720446,-0.0006364583648991053,,-0.0009385064024783416,,,,-0.0005375910460798267,-0.0008295412396437777,,,0.0012656429199136494,0.0012656429199136494,0.0009267259873844713,0.002171446186126359,,,,0.0029930744727687656,0.001942872903376216,0.0009190353152899943,-0.0006671310571833996,-0.0011535807863796283,-0.0010751820921596534,-0.0005738018419297633,,,,0.0010301744696971564,0.0010547024332613745,-0.0003825345612865089,,,,,,,,,,-0.0006836034289657057,0.0010206797741239108,0.00012963976754552743
477,2026-05-31,DHI,US23331A1097,02534001,,,,,-0.0005187061147187088,,,,-0.0007826413815720446,-0.0006364583648991053,,,0.0011019279153477047,,-0.0005859457962563192,-0.0005375910460798267,-0.0008295412396437777,,-0.0008326598157326641,,,-0.00023562501168605175,,,,,,,,,,0.0010648438028119647,,-0.0006552884940381321,,-0.00043772235372507634,-0.00034934938641149627,-0.0003578150419788185,0.0014765834065659244,,-0.00120373647274396,,,,,,,,0.0013423485514235676,-0.0010301744696971564,-2.4734551946821148e-05
478,2026-05-31,DHL,DE0005552004,24145601W,,-0.0003865401587868912,-0.00033206523386040276,,,,-0.0003865401587868912,,,,,,,,,,,,,0.0012656429199136494,0.0012656429199136494,-0.00023562501168605175,,0.0006651276606152812,,,,,,,,,,-0.0006552884940381321,,-0.00043772235372507634,,,-0.0003825345612865089,,,,,0.0011300383213514727,,,,,0.0013423485514235676,,0.00011467672981409574
479,2026-05-31,DHR,US2358511028,00373501,,-0.0003865401587868912,-0.00033206523386040276,,-0.0005187061147187088,,,,-0.0007826413815720446,,,,,,,-0.0005375910460798267,,-0.0011596204763606737,,-0.0012729167297982106,-0.0012584517669595946,-0.00023562501168605175,-0.0007457491952353153,0.0006651276606152812,,,-0.0029930744727687656,-0.001942872903376216,-0.00046433440458047936,-0.0006671310571833996,,,,,,-0.00043772235372507634,-0.00034934938641149627,-0.0003578150419788185,,,0.0023314474840514595,-0.001118623792852973,-0.0005782963733286909,-0.0005798102381803368,-0.0007508051219826733,,,,,,-0.0001881514544018501
480,2026-05-31,DIE,BE0974259880,10178301W,,-0.0003865401587868912,-0.00033206523386040276,-0.0005349939878862045,,,-0.0003865401587868912,-0.0005607278759111105,-0.0007826413815720446,-0.0006364583648991053,,-0.0009385064024783416,,,0.0011300383213514727,-0.0005375910460798267,,,-0.0008326598157326641,0.0012656429199136494,0.0012656429199136494,-0.00023562501168605175,-0.0007457491952353153,,,,,0.001942872903376216,-0.00046433440458047936,-0.0006671310571833996,0.0011476036838595266,-0.0010751820921596534,0.0011300383213514727,,,,,,-0.0003825345612865089,,,,,,,,,,,0.0010206797741239108,-1.7039183553786222e-05
481,2026-05-31,DIM,FR0013154002,21150901W,,-0.0003865401587868912,-0.00033206523386040276,-0.0005349939878862045,,,,,-0.0007826413815720446,,,,0.0011019279153477047,,,-0.0005375910460798267,,-0.0011596204763606737,,-0.0012729167297982106,,-0.00023562501168605175,0.002171446186126359,-0.001977567062365077,,,,,-0.00046433440458047936,-0.0006671310571833996,-0.0011535807863796283,-0.0010751820921596534,-0.0005738018419297633,,,,,-0.0003578150419788185,,,,-0.001118623792852973,-0.0005782963733286909,,-0.0007508051219826733,,,,-0.0006836034289657057,,-0.0001903541600970706
482,2026-05-31,DIS,US2546871060,00398001,-0.0012952486022508108,-0.0003865401587868912,-0.00033206523386040276,,-0.0005187061147187088,,-0.0003865401587868912,-0.0005607278759111105,,-0.0006364583648991053,,-0.0009385064024783416,,,-0.0005859457962563192,,-0.0008295412396437777,,,,,-0.00023562501168605175,,,,,,,,,,,,,,,0.0010301744696971564,0.0010547024332613745,,,,,,,,,,,,,-5.34064412130413e-05
483,2026-05-31,DKS,US2533931026,15013901,-0.0012952486022508108,-0.0003865401587868912,-0.00033206523386040276,-0.0005349939878862045,-0.0005187061147187088,,,-0.0005607278759111105,-0.0007826413815720446,-0.0006364583648991053,,-0.0009385064024783416,0.0011019279153477047,,-0.0005859457962563192,-0.0005375910460798267,-0.0008295412396437777,,-0.0008326598157326641,,,-0.00023562501168605175,-0.0007457491952353153,,,,,-0.001942872903376216,,,,,-0.0005738018419297633,-0.0006552884940381321,,-0.00043772235372507634,-0.00034934938641149627,-0.0003578150419788185,-0.0003825345612865089,-0.0009546875473486579,-0.00120373647274396,,,,,,,,-0.0006836034289657057,,-0.0003046994814197188
484,2026-05-31,DLR,US2538681030,16099101,,,,,,,,,,,,,-0.0011074375549244432,,,,,,,,,,,,,-0.0010857230930631796,,,,,,,,,,,,,-0.0003825345612865089,-0.0009546875473486579,,,-0.0005782963733286909,-0.0005798102381803368,,,,,-0.0006836034289657057,,-0.00012260096766680983
485,2026-05-31,DLTR,US2567461080,03158701,,,,,,0.0025169035339191893,,,,,,,,0.001830475297395774,0.0011300383213514727,,0.0016285846395947695,,,,,-0.00023562501168605175,-0.0007457491952353153,-0.001977567062365077,,,0.0029930744727687656,0.001942872903376216,-0.00046433440458047936,-0.0006671310571833996,,-0.0010751820921596534,0.0011300383213514727,,0.006514338558379078,,0.0010301744696971564,0.0010547024332613745,-0.0003825345612865089,,-0.00120373647274396,,-0.0005782963733286909,,,-0.0014107484776107557,,-0.0014382305908109652,0.0013423485514235676,,0.0002649169511846782
486,2026-05-31,DNB,NO0010161896,20070503W,,-0.0003865401587868912,-0.00033206523386040276,,-0.0005187061147187088,,,,,,0.0006382925388613506,,,,,0.0017578373887689573,-0.0008295412396437777,,,,,-0.00023562501168605175,,,,-0.0010857230930631796,,,-0.00046433440458047936,,,,,,,,-0.00034934938641149627,,,,,0.0022148751098488863,0.0017037500844991435,-0.0005798102381803368,0.0022148751098488863,,,0.002839583474165239,,,0.00015028159059448477
487,2026-05-31,DOL,CA25675T1075,18368301C,,-0.0003865401587868912,-0.00033206523386040276,,-0.0005187061147187088,,-0.0003865401587868912,-0.0005607278759111105,0.00303407549294368,0.0024339286921416336,,0.002734413715862823,0.0011019279153477047,,-0.0005859457962563192,-0.0005375910460798267,0.0016285846395947695,,-0.0008326598157326641,,0.0012656429199136494,-0.00023562501168605175,,,0.005402134414265577,,,,,,,,,-0.0006552884940381321,,0.0012952486022508108,,,-0.0003825345612865089,,,,,,,,,,,0.0010206797741239108,7.730186701494242e-05
488,2026-05-31,DOV,US2600031080,00405801,,-0.0003865401587868912,-0.00033206523386040276,,,,-0.0003865401587868912,,,,0.0006382925388613506,,,,-0.0005859457962563192,,,,,,,-0.00023562501168605175,,0.0006651276606152812,,,,,,0.001318378041576718,0.0011476036838595266,0.0010648438028119647,0.0011300383213514727,,,-0.00043772235372507634,-0.00034934938641149627,-0.0003578150419788185,0.0014765834065659244,0.002734413715862823,,,,,,,,,,-0.0010301744696971564,0.0001246189426417359
489,2026-05-31,DOW,US2605571031,03444301,0.0025169035339191893,0.0011476036838595266,0.00098003323444641,0.0010547024332613745,,,0.0011416882009530342,,,-0.0006364583648991053,,-0.0009385064024783416,,-0.0018457292582074053,-0.0005859457962563192,-0.0005375910460798267,,,,,,-0.00023562501168605175,,,-0.005273512166306872,,,-0.001942872903376216,-0.00046433440458047936,-0.0006671310571833996,,,0.0011300383213514727,-0.0006552884940381321,-0.005402134414265577,-0.00043772235372507634,-0.00034934938641149627,-0.0003578150419788185,-0.0003825345612865089,-0.0009546875473486579,0.0023314474840514595,,-0.0005782963733286909,,,-0.0014107484776107557,-0.0022600766427029453,,-0.0006836034289657057,,-0.00038417158084688035
490,2026-05-31,DPZ,US25754A2015,16021102,-0.0012952486022508108,-0.0003865401587868912,-0.00033206523386040276,,,,-0.0003865401587868912,-0.0005607278759111105,0.00303407549294368,0.0024339286921416336,,0.002734413715862823,,,,-0.0005375910460798267,0.0016285846395947695,,,0.0012656429199136494,-0.0012584517669595946,-0.00023562501168605175,,,0.005402134414265577,,,,,0.001318378041576718,0.0011476036838595266,,,,0.006514338558379078,-0.00043772235372507634,-0.00034934938641149627,-0.0003578150419788185,-0.0003825345612865089,0.002734413715862823,-0.00120373647274396,,,,,,,,,,0.00018849309854177728
491,2026-05-31,DRI,US2371941053,03184601,,,,,,,-0.0003865401587868912,-0.0005607278759111105,-0.0007826413815720446,-0.0006364583648991053,,,0.0011019279153477047,,,-0.0005375910460798267,,,0.001652891873021557,,0.0012656429199136494,-0.00023562501168605175,0.002171446186126359,,,,,,,,,,,-0.0006552884940381321,-0.005402134414265577,,,,-0.0003825345612865089,-0.0009546875473486579,-0.00120373647274396,,,,,,,,-0.0006836034289657057,0.0010206797741239108,-8.482674274999305e-05
492,2026-05-31,DSCT,IL0006912120,00620301W,,-0.0003865401587868912,-0.00033206523386040276,-0.0005349939878862045,,,-0.0003865401587868912,,,,0.0006382925388613506,,0.0011019279153477047,,,0.0017578373887689573,0.0016285846395947695,,0.001652891873021557,,,-0.00023562501168605175,0.002171446186126359,,,0.0031641072997841235,,,-0.00046433440458047936,,,,,,,,-0.00034934938641149627,,,,,0.0022148751098488863,0.0017037500844991435,0.0011300383213514727,0.0022148751098488863,,,0.002839583474165239,,,0.0003524210631031496
493,2026-05-31,DSFIR,CH1216478797,10245411W,,-0.0003865401587868912,-0.00033206523386040276,-0.0005349939878862045,-0.0005187061147187088,,0.0011416882009530342,-0.0005607278759111105,,-0.0006364583648991053,,-0.0009385064024783416,-0.0011074375549244432,,0.0011300383213514727,-0.0005375910460798267,-0.0008295412396437777,,-0.0008326598157326641,,,-0.00023562501168605175,,,,,,,,-0.0006671310571833996,,,-0.0005738018419297633,,,-0.00043772235372507634,-0.00034934938641149627,-0.0003578150419788185,-0.0003825345612865089,,,,-0.0005782963733286909,-0.0005798102381803368,,,,,-0.0006836034289657057,,-0.00018628869379066557
494,2026-05-31,DSG,CA2499061083,06632601C,,,0.00098003323444641,0.0010547024332613745,,,-0.0003865401587868912,-0.0005607278759111105,-0.0007826413815720446,-0.0006364583648991053,,0.002734413715862823,0.0011019279153477047,0.001830475297395774,,,,-0.0011596204763606737,,-0.0012729167297982106,-0.0012584517669595946,-0.00023562501168605175,,,,,,,,,,,,,,-0.00043772235372507634,-0.00034934938641149627,,-0.0003825345612865089,,,,,,,,,,,-0.0010301744696971564,4.255008229401849e-05
495,2026-05-31,DSV,DK0060079531,21302901W,,-0.0003865401587868912,-0.00033206523386040276,-0.0005349939878862045,,,-0.0003865401587868912,,,,0.0006382925388613506,,,,0.0011300383213514727,,,,,,,-0.00023562501168605175,,0.0006651276606152812,,,,,0.0009190353152899943,,,,,-0.0006552884940381321,,-0.00043772235372507634,-0.00034934938641149627,-0.0003578150419788185,-0.0003825345612865089,,,,,,,,,,,,-5.120696701468776e-05
496,2026-05-31,DSY,FR0014003TT8,06316901W,,-0.0003865401587868912,-0.00033206523386040276,-0.0005349939878862045,-0.0005187061147187088,,-0.0003865401587868912,-0.0005607278759111105,-0.0007826413815720446,-0.0006364583648991053,,-0.0009385064024783416,-0.0011074375549244432,-0.0018457292582074053,,,,-0.0011596204763606737,,,,-0.00023562501168605175,,,,,,,-0.00046433440458047936,-0.0006671310571833996,,-0.0010751820921596534,-0.0005738018419297633,,,-0.00043772235372507634,-0.00034934938641149627,-0.0003578150419788185,-0.0003825345612865089,,,,,-0.0005798102381803368,,,,,,,-0.00035191096937904566
497,2026-05-31,DTE,DE0005557508,22161601W,,-0.0003865401587868912,-0.00033206523386040276,-0.0005349939878862045,,,0.0011416882009530342,,,-0.0006364583648991053,,0.002734413715862823,,,-0.0005859457962563192,,,,-0.0008326598157326641,,,-0.00023562501168605175,,,,,,0.001942872903376216,,,,,,,,,-0.00034934938641149627,-0.0003578150419788185,,,,,,,,,,,0.0013423485514235676,,4.876846865881947e-05
498,2026-05-31,DTE,US2333311072,00389701,-0.0012952486022508108,,-0.00033206523386040276,,,,-0.0003865401587868912,-0.0005607278759111105,,,,,,,,,,,,,,-0.00023562501168605175,,0.0006651276606152812,,,,,0.0009190353152899943,,,,,-0.0006552884940381321,,-0.00043772235372507634,,-0.0003578150419788185,,,,,-0.0005782963733286909,,-0.0007508051219826733,,,,,,-8.819676477309664e-05
499,2026-05-31,DTG,DE000DTR0CK8,35159001W,,-0.0003865401587868912,-0.00033206523386040276,-0.0005349939878862045,0.0010159977568114159,,-0.0003865401587868912,,,,0.0006382925388613506,,,,0.0011300383213514727,,,,,,,-0.00023562501168605175,,0.0006651276606152812,,,,,-0.00046433440458047936,0.001318378041576718,0.0011476036838595266,0.0010648438028119647,0.0011300383213514727,-0.0006552884940381321,,-0.00043772235372507634,-0.00034934938641149627,-0.0003578150419788185,,,,,,0.0011300383213514727,,,,,,,3.26072658622332e-05
500,2026-05-31,DUK,US26441C2044,00409301,-0.0012952486022508108,,-0.00033206523386040276,,-0.0005187061147187088,-0.0025169035339191893,-0.0003865401587868912,-0.0005607278759111105,,,0.0006382925388613506,,,,,,,,,,,-0.00023562501168605175,,,-0.005273512166306872,-0.0010857230930631796,,,,,,,,,,-0.00043772235372507634,,0.0010547024332613745,,-0.0009546875473486579,,,-0.0005782963733286909,,,0.002768593887311108,,,,,-0.00011742661350714489
501,2026-05-31,DVN,US25179M1036,01493401,,,,,,0.0025169035339191893,-0.0003865401587868912,-0.0005607278759111105,,,-0.001893055649443493,,,,,,,,,,,-0.00023562501168605175,,,,,,0.001942872903376216,,,0.0011476036838595266,,0.0011300383213514727,-0.0006552884940381321,-0.005402134414265577,,,,-0.0003825345612865089,0.002734413715862823,-0.00120373647274396,,,,,,,,0.0013423485514235676,,4.285740871938468e-05
502,2026-05-31,DXCM,US2521311074,16288701,,,,,0.0010159977568114159,,,,-0.0007826413815720446,,,,-0.0011074375549244432,0.001830475297395774,,-0.0005375910460798267,0.0016285846395947695,-0.0011596204763606737,0.001652891873021557,0.0012656429199136494,0.0012656429199136494,0.0009267259873844713,-0.0007457491952353153,-0.001977567062365077,,,0.0029930744727687656,0.001942872903376216,,0.001318378041576718,0.0011476036838595266,0.0010648438028119647,0.0011300383213514727,,,0.0012952486022508108,,,,,,-0.001118623792852973,-0.0005782963733286909,0.0011300383213514727,-0.0007508051219826733,,,,,,0.00027427002434195197
503,2026-05-31,EA,US2855121099,01672101,-0.0012952486022508108,-0.0003865401587868912,-0.00033206523386040276,,,,-0.0003865401587868912,-0.0005607278759111105,,-0.0006364583648991053,,,,0.001830475297395774,,,0.0016285846395947695,,0.001652891873021557,,,-0.00023562501168605175,,,,,,,-0.00046433440458047936,,,,,,,,-0.00034934938641149627,,,,,,,,,,,,,,0.00014134257410826516
504,2026-05-31,EBAY,US2786421030,11452401,0.0025169035339191893,0.0011476036838595266,0.00098003323444641,0.0010547024332613745,,,-0.0003865401587868912,0.0016406482295176937,-0.0007826413815720446,-0.0006364583648991053,,-0.0009385064024783416,0.0011019279153477047,,,0.0017578373887689573,,,0.001652891873021557,,,-0.00023562501168605175,,,,,,,,-0.0006671310571833996,-0.0011535807863796283,,-0.0005738018419297633,,,,,,-0.0003825345612865089,-0.0009546875473486579,,,,,,,,,,,0.00011256632786321204
505,2026-05-31,EBS,AT0000652011,21465902W,,-0.0003865401587868912,-0.00033206523386040276,-0.0005349939878862045,0.0010159977568114159,,,0.0016406482295176937,,,,,,,-0.0005859457962563192,0.0017578373887689573,,,,,,-0.00023562501168605175,,,,-0.0010857230930631796,,,-0.00046433440458047936,,,,,,,,,,,,,,0.0017037500844991435,0.0011300383213514727,,,,,,,0.00010206743173821873
506,2026-05-31,ECL,US2788651006,00421301,,-0.0003865401587868912,-0.00033206523386040276,,-0.0005187061147187088,,-0.0003865401587868912,-0.0005607278759111105,,-0.0006364583648991053,,-0.0009385064024783416,-0.0011074375549244432,,,-0.0005375910460798267,,,0.001652891873021557,,,-0.00023562501168605175,,,,,,,-0.00046433440458047936,,,,,,-0.005402134414265577,-0.00043772235372507634,-0.00034934938641149627,-0.0003578150419788185,-0.0003825345612865089,-0.0009546875473486579,,,-0.0005782963733286909,,,-0.0014107484776107557,-0.0022600766427029453,,,,-0.0003550191985421446
507,2026-05-31,ED,US2091151041,00341301,0.0025169035339191893,,,,-0.0005187061147187088,-0.0025169035339191893,,,,,0.0006382925388613506,,,,,,,,,,,-0.00023562501168605175,,0.0006651276606152812,0.005402134414265577,-0.0010857230930631796,,,,,0.0011476036838595266,,,-0.0006552884940381321,0.006514338558379078,-0.00043772235372507634,,-0.0003578150419788185,,0.002734413715862823,,,,,,,,,,,0.00020075845645651364
508,2026-05-31,EDP,PTEDP0AM0009,06491001W,,,-0.00033206523386040276,,-0.0005187061147187088,,-0.0003865401587868912,,,,0.0006382925388613506,,-0.0011074375549244432,,,,,,,,,0.0009267259873844713,,0.0006651276606152812,,-0.0010857230930631796,,,0.0009190353152899943,,,,,0.001925978356390336,,,,-0.0003578150419788185,,,,0.0022148751098488863,0.0017037500844991435,-0.0005798102381803368,0.0022148751098488863,0.002768593887311108,,0.002839583474165239,,,0.0003108710437184133
509,2026-05-31,EDPR,ES0127797019,28897002W,,,-0.00033206523386040276,,,,,,,,,,-0.0011074375549244432,,,,,,,-0.0012729167297982106,-0.0012584517669595946,0.0009267259873844713,,-0.001977567062365077,,-0.0010857230930631796,,,,,0.0011476036838595266,,,0.001925978356390336,,0.0012952486022508108,,0.0010547024332613745,,,,-0.001118623792852973,-0.0005782963733286909,-0.0005798102381803368,-0.0007508051219826733,-0.0014107484776107557,-0.0022600766427029453,-0.0014382305908109652,,,-0.00025741630134922184
510,2026-05-31,EDVM.F,GB00BL6K5J42,10880401,,,,,,,,,,0.0024339286921416336,,0.002734413715862823,0.0011019279153477047,,0.0011300383213514727,0.0017578373887689573,0.0016285846395947695,,0.001652891873021557,,,0.0009267259873844713,,,,,,,0.0009190353152899943,0.001318378041576718,0.0011476036838595266,0.0010648438028119647,0.0011300383213514727,0.001925978356390336,,0.0012952486022508108,0.0010301744696971564,0.0010547024332613745,0.0014765834065659244,0.002734413715862823,,,0.0017037500844991435,,,,,,0.0013423485514235676,,0.0005421329912493804
511,2026-05-31,EFN,CA2861812014,17031101C,,-0.0003865401587868912,-0.00033206523386040276,-0.0005349939878862045,,,-0.0003865401587868912,,,,0.0006382925388613506,,,,,,,,,-0.0012729167297982106,-0.0012584517669595946,-0.00023562501168605175,,0.0006651276606152812,,,,,-0.00046433440458047936,-0.0006671310571833996,,,-0.0005738018419297633,-0.0006552884940381321,,-0.00043772235372507634,-0.00034934938641149627,-0.0003578150419788185,-0.0003825345612865089,,,,,,,,,,-0.0006836034289657057,0.0010206797741239108,-0.00014935483723396746
512,2026-05-31,EFX,US2944291051,00442301,-0.0012952486022508108,-0.0003865401587868912,-0.00033206523386040276,,,,,,,,,,,,,,,,,-0.0012729167297982106,,-0.00023562501168605175,,-0.001977567062365077,,,,,,0.001318378041576718,,0.0010648438028119647,,-0.0006552884940381321,,-0.00043772235372507634,,,-0.0003825345612865089,,-0.00120373647274396,,,,,,,,,,-0.00018171627998028397
513,2026-05-31,EG,BMG3223R1088,06138801,-0.0012952486022508108,-0.0003865401587868912,-0.00033206523386040276,-0.0005349939878862045,0.0010159977568114159,0.0025169035339191893,0.0011416882009530342,-0.0005607278759111105,,,0.0006382925388613506,,,,,-0.0005375910460798267,-0.0008295412396437777,,-0.0008326598157326641,,,-0.00023562501168605175,,,,-0.0010857230930631796,,,,,,-0.0010751820921596534,-0.0005738018419297633,,,,,,,-0.0009546875473486579,,0.0022148751098488863,,0.0011300383213514727,0.0022148751098488863,0.002768593887311108,,0.002839583474165239,,,0.00023935370492322945
514,2026-05-31,EIX,US2810201077,00984601,-0.0012952486022508108,,-0.00033206523386040276,,0.0010159977568114159,0.0025169035339191893,0.0011416882009530342,0.0016406482295176937,,,0.0006382925388613506,,0.0011019279153477047,,,,,,,,,-0.00023562501168605175,,0.0006651276606152812,,-0.0010857230930631796,,,0.0009190353152899943,,,,,,,0.0012952486022508108,,0.0010547024332613745,,,,0.0022148751098488863,0.0017037500844991435,0.0011300383213514727,0.0022148751098488863,0.002768593887311108,0.004429750219697773,0.002839583474165239,,0.0010206797741239108,0.0006938628191604558
515,2026-05-31,EL,FR0000121667,10124803W,,-0.0003865401587868912,-0.00033206523386040276,-0.0005349939878862045,-0.0005187061147187088,,,,-0.0007826413815720446,,,,0.0011019279153477047,,-0.0005859457962563192,-0.0005375910460798267,-0.0008295412396437777,-0.0011596204763606737,,,,-0.00023562501168605175,0.002171446186126359,,,,,,,,,,,,,-0.00043772235372507634,-0.00034934938641149627,-0.0003578150419788185,,,,-0.001118623792852973,-0.0005782963733286909,,-0.0007508051219826733,,,,,,-6.49219847569914e-05
516,2026-05-31,EL,US5184391044,06156701,,,,0.0010547024332613745,0.0010159977568114159,0.0025169035339191893,,,,,,,,,,,0.0016285846395947695,,,,,-0.00023562501168605175,-0.0007457491952353153,0.0006651276606152812,-0.005273512166306872,,-0.0029930744727687656,,-0.00046433440458047936,-0.0006671310571833996,0.0011476036838595266,,,,-0.005402134414265577,0.0012952486022508108,0.0010301744696971564,0.0010547024332613745,0.0014765834065659244,,,-0.001118623792852973,-0.0005782963733286909,-0.0005798102381803368,-0.0007508051219826733,-0.0014107484776107557,-0.0022600766427029453,-0.0014382305908109652,,0.0010206797741239108,-9.140475225029692e-05
517,2026-05-31,ELE,ES0130670112,01532101W,,,0.00098003323444641,,,,0.0011416882009530342,,,,0.0006382925388613506,,-0.0011074375549244432,,,,,,,0.0012656429199136494,0.0012656429199136494,-0.00023562501168605175,,0.0006651276606152812,,0.0031641072997841235,,,,,,,,0.001925978356390336,,0.0012952486022508108,,0.0010547024332613745,,,,,,0.0011300383213514727,,,0.004429750219697773,,,,0.00038215335255618735
518,2026-05-31,ELI,BE0003822393,26974401W,,,0.00098003323444641,,0.0010159977568114159,,0.0011416882009530342,,,,-0.001893055649443493,,-0.0011074375549244432,,,,,,,-0.0012729167297982106,-0.0012584517669595946,0.0009267259873844713,,-0.001977567062365077,,-0.0010857230930631796,,,-0.00046433440458047936,,0.0011476036838595266,,,0.001925978356390336,,-0.00043772235372507634,,-0.0003578150419788185,,,,-0.001118623792852973,0.0017037500844991435,,-0.0007508051219826733,-0.0014107484776107557,-0.0022600766427029453,-0.0014382305908109652,,,-0.00020267089784291222
519,2026-05-31,ELISA,FI0009007884,23408701W,,-0.0003865401587868912,-0.00033206523386040276,-0.0005349939878862045,-0.0005187061147187088,,-0.0003865401587868912,-0.0005607278759111105,,0.0024339286921416336,,,-0.0011074375549244432,,0.0011300383213514727,,0.0016285846395947695,,-0.0008326598157326641,,,-0.00023562501168605175,,,,,,,-0.00046433440458047936,,,,,,,,-0.00034934938641149627,-0.0003578150419788185,,,,,,,,,,,0.0013423485514235676,,-2.9155207087484715e-05
520,2026-05-31,ELV,US0367521038,14504601,,0.0011476036838595266,,0.0010547024332613745,-0.0005187061147187088,-0.0025169035339191893,,,-0.0007826413815720446,,,,0.0011019279153477047,,,-0.0005375910460798267,,-0.0011596204763606737,0.001652891873021557,0.0012656429199136494,0.0012656429199136494,-0.00023562501168605175,,0.0006651276606152812,,,-0.0029930744727687656,-0.001942872903376216,0.0009190353152899943,,,0.0010648438028119647,0.0011300383213514727,,,-0.00043772235372507634,-0.00034934938641149627,-0.0003578150419788185,,,,0.0022148751098488863,,-0.0005798102381803368,0.0022148751098488863,,,,0.0013423485514235676,,0.00019483329923743222
521,2026-05-31,EMA,CA2908761018,02579201C,,,,,-0.0005187061147187088,,-0.0003865401587868912,-0.0005607278759111105,,,,,,,,,,,,,,0.0009267259873844713,,,-0.005273512166306872,-0.0010857230930631796,,,0.0009190353152899943,,-0.0011535807863796283,,,0.001925978356390336,-0.005402134414265577,0.0012952486022508108,,0.0010547024332613745,,,,,-0.0005782963733286909,,-0.0007508051219826733,,,,,,-8.950661946718419e-05
522,2026-05-31,EME,US29084Q1004,00622301,0.0025169035339191893,0.0011476036838595266,0.00098003323444641,0.0010547024332613745,,,,,,,0.0006382925388613506,,,,-0.0005859457962563192,,,,,0.0012656429199136494,0.0012656429199136494,-0.00023562501168605175,,0.0006651276606152812,,,,,0.0009190353152899943,-0.0006671310571833996,-0.0011535807863796283,,-0.0005738018419297633,-0.0006552884940381321,,0.0012952486022508108,,,-0.0003825345612865089,-0.0009546875473486579,,,,,,,,,,,0.00013107643276812634
523,2026-05-31,EMP.A,CA2918434077,01431201C,,,,,0.0010159977568114159,,,,,,,,0.0011019279153477047,-0.0018457292582074053,-0.0005859457962563192,,0.0016285846395947695,,,,0.0012656429199136494,-0.00023562501168605175,,0.0006651276606152812,,,,,0.0009190353152899943,,,,,,,-0.00043772235372507634,,,-0.0003825345612865089,,,,,-0.0005798102381803368,,0.002768593887311108,,,0.0013423485514235676,,6.009006402584491e-05
524,2026-05-31,EMR,US2910111044,00432101,,-0.0003865401587868912,-0.00033206523386040276,,,,-0.0003865401587868912,,,,0.0006382925388613506,,,,-0.0005859457962563192,,,,,-0.0012729167297982106,-0.0012584517669595946,-0.00023562501168605175,,0.0006651276606152812,,,,,-0.00046433440458047936,-0.0006671310571833996,-0.0011535807863796283,-0.0010751820921596534,-0.0005738018419297633,,,-0.00043772235372507634,-0.00034934938641149627,-0.0003578150419788185,-0.0003825345612865089,-0.0009546875473486579,-0.00120373647274396,,,-0.0005798102381803368,,,,,-0.0006836034289657057,,-0.00024442850643910304
525,2026-05-31,EMSN,CH0016440353,10228301W,,-0.0003865401587868912,-0.00033206523386040276,,-0.0005187061147187088,,-0.0003865401587868912,-0.0005607278759111105,,0.0024339286921416336,,0.002734413715862823,,-0.0018457292582074053,-0.0005859457962563192,-0.0005375910460798267,,,-0.0008326598157326641,,,-0.00023562501168605175,,,,,,,-0.00046433440458047936,,,,,,,-0.00043772235372507634,-0.00034934938641149627,-0.0003578150419788185,-0.0003825345612865089,,,,-0.0005782963733286909,-0.0005798102381803368,,-0.0014107484776107557,-0.0022600766427029453,,-0.0006836034289657057,,-0.00042708889968558325
526,2026-05-31,EN,FR0000120503,10109701W,,-0.0003865401587868912,-0.00033206523386040276,-0.0005349939878862045,,,0.0011416882009530342,,,,0.0006382925388613506,,,,,,,,,0.0012656429199136494,0.0012656429199136494,-0.00023562501168605175,,0.0006651276606152812,,,,,-0.00046433440458047936,,,,,-0.0006552884940381321,,-0.00043772235372507634,-0.00034934938641149627,,-0.0003825345612865089,,,,,0.0011300383213514727,,,,,0.0013423485514235676,0.0010206797741239108,0.0001638028817668241
527,2026-05-31,ENB,CA29250N1050,00613501C,,,,,-0.0005187061147187088,,,0.0016406482295176937,,,0.0006382925388613506,,,,,,,,,,,0.0009267259873844713,,0.0006651276606152812,,,,,,,,,-0.0005738018419297633,-0.0006552884940381321,,,,,0.0014765834065659244,,,,,-0.0005798102381803368,,,,,-0.0006836034289657057,0.0010206797741239108,0.00010854236276956321
528,2026-05-31,ENEL,IT0003128367,20179401W,,,-0.00033206523386040276,,-0.0005187061147187088,,-0.0003865401587868912,,,,0.0006382925388613506,,,,,,,,,0.0012656429199136494,0.0012656429199136494,-0.00023562501168605175,,0.0006651276606152812,,0.0031641072997841235,,,0.0009190353152899943,,,,,-0.0006552884940381321,,-0.00043772235372507634,,-0.0003578150419788185,,,,-0.001118623792852973,0.0017037500844991435,-0.0005798102381803368,-0.0007508051219826733,,,,,0.0010206797741239108,6.120333500110164e-05
529,2026-05-31,ENGI,FR0010208488,22094203W,,,0.00098003323444641,,-0.0005187061147187088,,-0.0003865401587868912,-0.0005607278759111105,,,0.0006382925388613506,,-0.0011074375549244432,,,,,,,0.0012656429199136494,0.0012656429199136494,-0.00023562501168605175,,0.0006651276606152812,,,,,-0.00046433440458047936,,-0.0011535807863796283,,,-0.0006552884940381321,,-0.00043772235372507634,,-0.0003578150419788185,,,,,0.0017037500844991435,-0.0005798102381803368,,0.002768593887311108,0.004429750219697773,-0.0014382305908109652,,0.0010206797741239108,0.00022196376343684197
530,2026-05-31,ENI,IT0003132476,06161601W,,,,,0.0010159977568114159,,-0.0003865401587868912,,,,0.0006382925388613506,,-0.0011074375549244432,,,,,,,,,-0.00023562501168605175,,0.0006651276606152812,,,,,,,,,,-0.0006552884940381321,,,,,-0.0003825345612865089,,,,,0.0011300383213514727,,,,,,,1.4382074676992557e-05
531,2026-05-31,ENR,DE000ENER6Y0,34015301W,,0.0011476036838595266,0.00098003323444641,0.0010547024332613745,0.0010159977568114159,,-0.0003865401587868912,,,,,,,,0.0011300383213514727,,,,,0.0012656429199136494,0.0012656429199136494,0.0009267259873844713,,,,,,,,0.001318378041576718,0.0011476036838595266,,,0.001925978356390336,,0.0012952486022508108,0.0010301744696971564,0.0010547024332613745,0.0014765834065659244,,,,,,,,,,,0.0010206797741239108,0.00037379511401204157
532,2026-05-31,ENTG,US29362U1043,13757301,,,,,,,,0.0016406482295176937,-0.0007826413815720446,-0.0006364583648991053,,0.002734413715862823,,,-0.0005859457962563192,,,-0.0011596204763606737,,-0.0012729167297982106,,-0.00023562501168605175,,,,,,,-0.00046433440458047936,-0.0006671310571833996,,,,,,-0.00043772235372507634,-0.00034934938641149627,-0.0003578150419788185,-0.0003825345612865089,-0.0009546875473486579,-0.00120373647274396,,,-0.0005798102381803368,,,,,,,-0.00011843413896585334
533,2026-05-31,ENX,NL0006294274,24649804W,,-0.0003865401587868912,-0.00033206523386040276,,-0.0005187061147187088,,-0.0003865401587868912,-0.0005607278759111105,,,0.0006382925388613506,,,,,0.0017578373887689573,-0.0008295412396437777,,,,,-0.00023562501168605175,-0.0007457491952353153,,,,,,,,,,,,,,-0.00034934938641149627,-0.0003578150419788185,,,,-0.001118623792852973,-0.0005782963733286909,-0.0005798102381803368,-0.0007508051219826733,-0.0014107484776107557,,-0.0014382305908109652,,0.0010206797741239108,-0.0001960255170805927
534,2026-05-31,EOAN,DE000ENAG999,10059001W,,,-0.00033206523386040276,,-0.0005187061147187088,,-0.0003865401587868912,-0.0005607278759111105,,,0.0006382925388613506,,,,,,,,,0.0012656429199136494,0.0012656429199136494,-0.00023562501168605175,,0.0006651276606152812,,-0.0010857230930631796,,,-0.00046433440458047936,,,,,-0.0006552884940381321,,-0.00043772235372507634,,-0.0003578150419788185,,,,-0.001118623792852973,,-0.0005798102381803368,-0.0007508051219826733,,,0.002839583474165239,,0.0010206797741239108,7.142618317419652e-05
535,2026-05-31,EOG,US26875P1012,01647801,,,,,,,-0.0003865401587868912,-0.0005607278759111105,,,-0.001893055649443493,,,,-0.0005859457962563192,,,,,,,-0.00023562501168605175,,,,,,,,,-0.0011535807863796283,-0.0010751820921596534,-0.0005738018419297633,-0.0006552884940381321,-0.005402134414265577,,,,-0.0003825345612865089,-0.0009546875473486579,-0.00120373647274396,,,,,,,,,-0.0010301744696971564,-0.00030041887557587336
536,2026-05-31,EPI A,SE0015658109,32746601W,,,,,-0.0005187061147187088,,-0.0003865401587868912,,,,0.0006382925388613506,,,,-0.0005859457962563192,,,,,,,-0.00023562501168605175,,0.0006651276606152812,,,,,-0.00046433440458047936,-0.0006671310571833996,,,-0.0005738018419297633,-0.0006552884940381321,,-0.00043772235372507634,-0.00034934938641149627,-0.0003578150419788185,-0.0003825345612865089,,,,,-0.0005798102381803368,,,,,,-0.0010301744696971564,-0.00010069905563805926
537,2026-05-31,EPI B,SE0015658117,32746602W,,,,,,,,,,,0.0006382925388613506,,,,-0.0005859457962563192,,,,,,,-0.00023562501168605175,,0.0006651276606152812,,,,,-0.00046433440458047936,-0.0006671310571833996,,,-0.0005738018419297633,-0.0006552884940381321,,-0.00043772235372507634,-0.00034934938641149627,-0.0003578150419788185,-0.0003825345612865089,,,,,,,,,,,-0.0010301744696971564,-6.77191852268912e-05
538,2026-05-31,EQIX,US29444U7000,13874301,,,,,,,,,,0.0024339286921416336,,,,,,,,,,0.0012656429199136494,0.0012656429199136494,,-0.0007457491952353153,,,0.0031641072997841235,,-0.001942872903376216,-0.00046433440458047936,0.001318378041576718,-0.0011535807863796283,,,,,,,,0.0014765834065659244,-0.0009546875473486579,,,-0.0005782963733286909,-0.0005798102381803368,,,,,-0.0006836034289657057,,1.9490525715450845e-05
539,2026-05-31,EQNR,NO0010096985,22054601W,,,,,-0.0005187061147187088,,-0.0003865401587868912,-0.0005607278759111105,,,,,,,0.0011300383213514727,,,,,0.0012656429199136494,0.0012656429199136494,-0.00023562501168605175,,0.0006651276606152812,,,,-0.001942872903376216,,,,0.0010648438028119647,-0.0005738018419297633,-0.0006552884940381321,,,,,-0.0003825345612865089,,,,,-0.0005798102381803368,,,,,-0.0006836034289657057,0.0010206797741239108,4.1454217711069706e-06
540,2026-05-31,EQR,US29476L1070,02873301,,,,,,,,,,,,,0.0011019279153477047,,,,,,,,,,,,,-0.0010857230930631796,,,,,,,,,,,,,-0.0003825345612865089,,,,-0.0005782963733286909,,,,,,,,-1.3476946600465018e-05
541,2026-05-31,EQT,SE0012853455,33386601W,,-0.0003865401587868912,-0.00033206523386040276,-0.0005349939878862045,,,-0.0003865401587868912,-0.0005607278759111105,,,,,,,,-0.0005375910460798267,,,-0.0008326598157326641,,,-0.00023562501168605175,-0.0007457491952353153,,,,,,-0.00046433440458047936,,,,-0.0005738018419297633,,,,-0.00034934938641149627,-0.0003578150419788185,,,,-0.001118623792852973,-0.0005782963733286909,-0.0005798102381803368,-0.0007508051219826733,-0.0014107484776107557,,-0.0014382305908109652,,-0.0010301744696971564,-0.0002707871426744386
542,2026-05-31,EQT,US26884L1098,00443001,,,,,,,0.0011416882009530342,,,,0.0006382925388613506,,,,,,,,,-0.0012729167297982106,-0.0012584517669595946,0.0009267259873844713,,,,,,,,,0.0011476036838595266,0.0010648438028119647,0.0011300383213514727,0.001925978356390336,-0.005402134414265577,,,,0.0014765834065659244,,,,,,,,,,0.0013423485514235676,-0.0010301744696971564,3.098860826707572e-05
543,2026-05-31,ERF,FR0014000MR3,22581601W,,-0.0003865401587868912,-0.00033206523386040276,-0.0005349939878862045,,,,,-0.0007826413815720446,,,,,,,-0.0005375910460798267,0.0016285846395947695,-0.0011596204763606737,,,,-0.00023562501168605175,,-0.001977567062365077,,,0.0029930744727687656,,0.0009190353152899943,,-0.0011535807863796283,,-0.0005738018419297633,,,-0.00043772235372507634,,,,,,,0.0017037500844991435,,-0.0007508051219826733,,,,,,-9.082603184987959e-05
544,2026-05-31,ERIC B,SE0000108656,00443906W,,-0.0003865401587868912,-0.00033206523386040276,-0.0005349939878862045,-0.0005187061147187088,,0.0011416882009530342,-0.0005607278759111105,-0.0007826413815720446,-0.0006364583648991053,,-0.0009385064024783416,-0.0011074375549244432,-0.0018457292582074053,-0.0005859457962563192,,,-0.0011596204763606737,,0.0012656429199136494,0.0012656429199136494,0.0009267259873844713,,,,,,,-0.00046433440458047936,-0.0006671310571833996,-0.0011535807863796283,-0.0010751820921596534,-0.0005738018419297633,,,0.0012952486022508108,0.0010301744696971564,0.0010547024332613745,-0.0003825345612865089,,,,,-0.0005798102381803368,,,,,,,-0.00010444457687303746
545,2026-05-31,ERIE,US29530P1021,06138001,-0.0012952486022508108,-0.0003865401587868912,-0.00033206523386040276,-0.0005349939878862045,,,-0.0003865401587868912,,,,-0.001893055649443493,,,,,-0.0005375910460798267,,,,,,-0.00023562501168605175,-0.0007457491952353153,,,-0.0010857230930631796,,,,,,,,,,,-0.00034934938641149627,-0.0003578150419788185,,-0.0009546875473486579,-0.00120373647274396,-0.001118623792852973,-0.0005782963733286909,,-0.0007508051219826733,-0.0014107484776107557,,-0.0014382305908109652,,-0.0010301744696971564,-0.00030416787911434766
546,2026-05-31,ES,US30040W1080,00797001,-0.0012952486022508108,,-0.00033206523386040276,,-0.0005187061147187088,-0.0025169035339191893,-0.0003865401587868912,,,,0.0006382925388613506,,,,,,,,,,,-0.00023562501168605175,,0.0006651276606152812,0.005402134414265577,-0.0010857230930631796,,,0.0009190353152899943,,0.0011476036838595266,,,-0.0006552884940381321,,0.0012952486022508108,,0.0010547024332613745,,0.002734413715862823,,0.0022148751098488863,,0.0011300383213514727,0.0022148751098488863,0.002768593887311108,0.004429750219697773,-0.0014382305908109652,,,0.0003506437405161833
547,2026-05-31,ESLT,IL0010811243,06538001W,,,,,-0.0005187061147187088,,,,,,0.0006382925388613506,,,,,,,,,,,-0.00023562501168605175,,0.0006651276606152812,,,,,,,,,,0.001925978356390336,,,,,0.0014765834065659244,,,,,-0.0005798102381803368,,,,,-0.0006836034289657057,,4.8457011536357136e-05
548,2026-05-31,ESS,US2971781057,03029301,,,,,,,,,,,,,,,,,,,,,,,,,,,,,,,,,,,,,,,-0.0003825345612865089,-0.0009546875473486579,,,-0.0005782963733286909,-0.0005798102381803368,,,,,,,-7.076089019491291e-05
549,2026-05-31,ESSITY B,SE0009922164,32477001W,,,-0.00033206523386040276,-0.0005349939878862045,,,,,,,,,-0.0011074375549244432,,-0.0005859457962563192,,-0.0008295412396437777,,-0.0008326598157326641,,,0.0009267259873844713,-0.0007457491952353153,,,,-0.0029930744727687656,,-0.00046433440458047936,,,,-0.0005738018419297633,,,-0.00043772235372507634,-0.00034934938641149627,-0.0003578150419788185,-0.0003825345612865089,,,0.0022148751098488863,0.0017037500844991435,0.0011300383213514727,0.0022148751098488863,,0.004429750219697773,,0.0013423485514235676,,0.00021639995354409903
550,2026-05-31,ETN,IE00B8KQN827,00419901,-0.0012952486022508108,-0.0003865401587868912,-0.00033206523386040276,-0.0005349939878862045,-0.0005187061147187088,-0.0025169035339191893,-0.0003865401587868912,,,,0.0006382925388613506,,,,-0.0005859457962563192,,,,,,,-0.00023562501168605175,,0.0006651276606152812,,,,,,,,,-0.0005738018419297633,-0.0006552884940381321,,,-0.00034934938641149627,-0.0003578150419788185,-0.0003825345612865089,-0.0009546875473486579,-0.00120373647274396,,,-0.0005798102381803368,,,,,-0.0006836034289657057,,-0.0002534752373285943
551,2026-05-31,ETR,US29364G1031,00736601,,,-0.00033206523386040276,,,,-0.0003865401587868912,-0.0005607278759111105,,,-0.001893055649443493,,0.0011019279153477047,,,,,,,,,-0.00023562501168605175,,-0.001977567062365077,0.005402134414265577,-0.0010857230930631796,,,,,,,,,,0.0012952486022508108,,0.0010547024332613745,,-0.0009546875473486579,,-0.001118623792852973,-0.0005782963733286909,,-0.0007508051219826733,-0.0014107484776107557,-0.0022600766427029453,-0.0014382305908109652,,,-0.00027480356292846806
552,2026-05-31,EVD,DE0005470306,23491901W,,-0.0003865401587868912,-0.00033206523386040276,-0.0005349939878862045,-0.0005187061147187088,,-0.0003865401587868912,,,-0.0006364583648991053,,-0.0009385064024783416,,-0.0018457292582074053,-0.0005859457962563192,,-0.0008295412396437777,,-0.0008326598157326641,,,-0.00023562501168605175,,,,,,-0.001942872903376216,,,,,,,,,-0.00034934938641149627,-0.0003578150419788185,,,,,,,,,,,-0.0006836034289657057,,-0.00031996375528729504
553,2026-05-31,EVK,DE000EVNK013,29542101W,,,,0.0010547024332613745,-0.0005187061147187088,,-0.0003865401587868912,,,-0.0006364583648991053,,-0.0009385064024783416,,,,-0.0005375910460798267,,,,,,-0.00023562501168605175,,,,,,,-0.00046433440458047936,-0.0006671310571833996,,-0.0010751820921596534,-0.0005738018419297633,-0.0006552884940381321,,-0.00043772235372507634,-0.00034934938641149627,-0.0003578150419788185,-0.0003825345612865089,,,,0.0017037500844991435,-0.0005798102381803368,,0.002768593887311108,0.004429750219697773,,-0.0006836034289657057,,0.00010342201219304552
554,2026-05-31,EVN,AU000000EVN4,25335001W,,-0.0003865401587868912,-0.00033206523386040276,-0.0005349939878862045,,,,,,0.0024339286921416336,,0.002734413715862823,0.0011019279153477047,,0.0011300383213514727,-0.0005375910460798267,-0.0008295412396437777,,0.001652891873021557,,,0.0009267259873844713,,,,,,0.001942872903376216,,0.001318378041576718,0.0011476036838595266,0.0010648438028119647,,0.001925978356390336,,0.0012952486022508108,,,0.0014765834065659244,,,,,0.0011300383213514727,,,,,,,0.00025460148884165875
555,2026-05-31,EVO,SE0012673267,31943201W,,-0.0003865401587868912,-0.00033206523386040276,,,,0.0011416882009530342,-0.0005607278759111105,0.00303407549294368,0.0024339286921416336,,0.002734413715862823,-0.0011074375549244432,-0.0018457292582074053,,0.0017578373887689573,,,-0.0008326598157326641,-0.0012729167297982106,-0.0012584517669595946,-0.00023562501168605175,-0.0007457491952353153,,,,,,-0.00046433440458047936,-0.0006671310571833996,,,-0.0005738018419297633,-0.0006552884940381321,,-0.00043772235372507634,-0.00034934938641149627,-0.0003578150419788185,-0.0003825345612865089,,,,,,,,,,0.0013423485514235676,-0.0010301744696971564,-0.00027934343882228584
556,2026-05-31,EVRG,US30034W1062,00633801,-0.0012952486022508108,,-0.00033206523386040276,,,,-0.0003865401587868912,-0.0005607278759111105,,,,,0.0011019279153477047,,,,,,,,,-0.00023562501168605175,,,,-0.0010857230930631796,,,-0.00046433440458047936,,,,,,-0.005402134414265577,-0.00043772235372507634,,-0.0003578150419788185,,-0.0009546875473486579,,,-0.0005782963733286909,,-0.0007508051219826733,,,,,,-0.0002436364409592815
557,2026-05-31,EW,US28176E1082,13336601,,,,0.0010547024332613745,-0.0005187061147187088,,,,-0.0007826413815720446,,,,0.0011019279153477047,0.001830475297395774,,0.0017578373887689573,,-0.0011596204763606737,,,-0.0012584517669595946,-0.00023562501168605175,-0.0007457491952353153,0.0006651276606152812,,,,,,0.001318378041576718,0.0011476036838595266,0.0010648438028119647,0.0011300383213514727,,,-0.00043772235372507634,-0.00034934938641149627,-0.0003578150419788185,,,,-0.001118623792852973,-0.0005782963733286909,-0.0005798102381803368,-0.0007508051219826733,,,,,-0.0010301744696971564,4.975651885709299e-05
558,2026-05-31,EXC,US30161N1019,00853901,0.0025169035339191893,,-0.00033206523386040276,,,,0.0011416882009530342,0.0016406482295176937,,,0.0006382925388613506,,,,,,,,,,,-0.00023562501168605175,,0.0006651276606152812,,-0.0010857230930631796,,,,,,,,,,-0.00043772235372507634,,,,-0.0009546875473486579,,0.0022148751098488863,,0.0011300383213514727,0.0022148751098488863,0.002768593887311108,,,,,0.0002637523586667924
559,2026-05-31,EXE,US1651677353,02778621,-0.0012952486022508108,,,,,,,-0.0005607278759111105,,,-0.001893055649443493,,0.0011019279153477047,,,,,,,,,0.0009267259873844713,,,,,,,,,0.0011476036838595266,0.0010648438028119647,0.0011300383213514727,0.001925978356390336,,,,,-0.0003825345612865089,0.002734413715862823,,,,0.0011300383213514727,,,,,0.0013423485514235676,-0.0010301744696971564,0.00021059052786508826
560,2026-05-31,EXO,NL0012059018,01633102W,,0.0011476036838595266,0.00098003323444641,0.0010547024332613745,,,0.0011416882009530342,-0.0005607278759111105,,,,,-0.0011074375549244432,,,0.0017578373887689573,,,,,,0.0009267259873844713,-0.0007457491952353153,,,-0.0010857230930631796,,,-0.00046433440458047936,,,0.0010648438028119647,0.0011300383213514727,,,,-0.00034934938641149627,-0.0003578150419788185,,,,-0.001118623792852973,-0.0005782963733286909,,-0.0007508051219826733,,,0.002839583474165239,,-0.0010301744696971564,8.091452618991447e-05
561,2026-05-31,EXPD,US3021301094,00449401,,-0.0003865401587868912,-0.00033206523386040276,,-0.0005187061147187088,,-0.0003865401587868912,,,,0.0006382925388613506,,,,,,,,,0.0012656429199136494,0.0012656429199136494,-0.00023562501168605175,,0.0006651276606152812,,,,,,0.001318378041576718,0.0011476036838595266,,,-0.0006552884940381321,,-0.00043772235372507634,-0.00034934938641149627,-0.0003578150419788185,0.0014765834065659244,0.002734413715862823,-0.00120373647274396,,,-0.0005798102381803368,,,,,,,0.00013830158199751435
562,2026-05-31,EXPE,US30212P3038,12629602,0.0025169035339191893,0.0011476036838595266,0.00098003323444641,0.0010547024332613745,0.0010159977568114159,0.0025169035339191893,,,-0.0007826413815720446,-0.0006364583648991053,,-0.0009385064024783416,-0.0011074375549244432,,,0.0017578373887689573,0.0016285846395947695,,0.001652891873021557,,0.0012656429199136494,-0.00023562501168605175,0.002171446186126359,,-0.005273512166306872,,,,,0.001318378041576718,,0.0010648438028119647,,0.001925978356390336,-0.005402134414265577,-0.00043772235372507634,,,0.0014765834065659244,0.002734413715862823,-0.00120373647274396,,,,,,,,0.0013423485514235676,0.0010206797741239108,0.00043575325440656806
563,2026-05-31,EXPN,GB00B19NLV48,27932701W,,-0.0003865401587868912,-0.00033206523386040276,-0.0005349939878862045,,,-0.0003865401587868912,,,,0.0006382925388613506,,,,,,,,,,,-0.00023562501168605175,,0.0006651276606152812,,,,,,,,,,-0.0006552884940381321,,,,,-0.0003825345612865089,,,,,,,,,,,,-3.702424925850162e-05
564,2026-05-31,EXR,US30225T1025,16047901,,,,,,,,,,,,,-0.0011074375549244432,,,,,,,,,,,,,-0.0010857230930631796,,,,-0.0006671310571833996,,,,,,,,,-0.0003825345612865089,-0.0009546875473486579,,,-0.0005782963733286909,-0.0005798102381803368,,,,,-0.0006836034289657057,,-0.00012661096998377343
565,2026-05-31,F,US3453708600,00483901,,,,,0.0010159977568114159,0.0025169035339191893,0.0011416882009530342,0.0016406482295176937,-0.0007826413815720446,-0.0006364583648991053,,-0.0009385064024783416,-0.0011074375549244432,,,-0.0005375910460798267,0.0016285846395947695,,-0.0008326598157326641,,,-0.00023562501168605175,-0.0007457491952353153,,0.005402134414265577,,0.0029930744727687656,0.001942872903376216,,,,0.0010648438028119647,0.0011300383213514727,-0.0006552884940381321,0.006514338558379078,-0.00043772235372507634,-0.00034934938641149627,-0.0003578150419788185,0.0014765834065659244,,,,,,,,,,,0.0010206797741239108,0.0003388401055293372
566,2026-05-31,F34,SG1T56930848,24611601W,,,0.00098003323444641,0.0010547024332613745,-0.0005187061147187088,,,,,,,,,-0.0018457292582074053,-0.0005859457962563192,,-0.0008295412396437777,,-0.0008326598157326641,0.0012656429199136494,,-0.00023562501168605175,-0.0007457491952353153,0.0006651276606152812,,,,0.001942872903376216,0.0009190353152899943,,0.0011476036838595266,0.0010648438028119647,0.0011300383213514727,,,-0.00043772235372507634,,,-0.0003825345612865089,,,0.0022148751098488863,-0.0005782963733286909,-0.0005798102381803368,0.0022148751098488863,0.002768593887311108,,0.002839583474165239,-0.0006836034289657057,,7.244046833917013e-05
567,2026-05-31,FANG,US25278X1090,17075001,0.0025169035339191893,,,,,,-0.0003865401587868912,-0.0005607278759111105,,,-0.001893055649443493,,,,,,,,,-0.0012729167297982106,-0.0012584517669595946,-0.00023562501168605175,,-0.001977567062365077,,,,,,,0.0011476036838595266,,0.0011300383213514727,-0.0006552884940381321,,,,,-0.0003825345612865089,0.002734413715862823,-0.00120373647274396,,,-0.0005798102381803368,,,,,-0.0006836034289657057,,-0.00013979286261901828
568,2026-05-31,FAST,US3119001044,01422501,,-0.0003865401587868912,,,-0.0005187061147187088,-0.0025169035339191893,-0.0003865401587868912,,,,-0.001893055649443493,,,,0.0011300383213514727,,,,,,,-0.00023562501168605175,,0.0006651276606152812,,,,,,0.001318378041576718,0.0011476036838595266,,,-0.0006552884940381321,,0.0012952486022508108,-0.00034934938641149627,-0.0003578150419788185,-0.0003825345612865089,0.002734413715862823,-0.00120373647274396,,,-0.0005798102381803368,,,,,-0.0006836034289657057,-0.0010301744696971564,-7.498218916833007e-05
569,2026-05-31,FBK,IT0000072170,31791101W,,-0.0003865401587868912,-0.00033206523386040276,-0.0005349939878862045,-0.0005187061147187088,,,,,,0.0006382925388613506,,,,,-0.0005375910460798267,0.0016285846395947695,,,,,-0.00023562501168605175,,,,-0.0010857230930631796,,,-0.00046433440458047936,,,,,,,,-0.00034934938641149627,,,,,-0.001118623792852973,-0.0005782963733286909,-0.0005798102381803368,-0.0007508051219826733,,,-0.0014382305908109652,,,-0.00012761239100678382
570,2026-05-31,FCNC.A,US31946M1036,00469001,-0.0012952486022508108,-0.0003865401587868912,-0.00033206523386040276,-0.0005349939878862045,,,0.0011416882009530342,0.0016406482295176937,,,-0.001893055649443493,,-0.0011074375549244432,,,-0.0005375910460798267,,,,,,-0.00023562501168605175,,,,,,,,,,,,,,,-0.00034934938641149627,,,,-0.00120373647274396,,,-0.0005798102381803368,,,,0.002839583474165239,,,4.874151162562936e-05
571,2026-05-31,FCX,US35671D8570,01459002,-0.0012952486022508108,-0.0003865401587868912,-0.00033206523386040276,,0.0010159977568114159,,,,,-0.0006364583648991053,,,0.0011019279153477047,,-0.0005859457962563192,-0.0005375910460798267,,,,,,-0.00023562501168605175,,,,,,,-0.00046433440458047936,-0.0006671310571833996,-0.0011535807863796283,,-0.0005738018419297633,-0.0006552884940381321,0.006514338558379078,-0.00043772235372507634,-0.00034934938641149627,-0.0003578150419788185,-0.0003825345612865089,-0.0009546875473486579,0.0023314474840514595,,,0.0011300383213514727,,-0.0014107484776107557,-0.0022600766427029453,,-0.0006836034289657057,,-3.641447626492653e-05
572,2026-05-31,FDX,US31428X1063,00459801,0.0025169035339191893,0.0011476036838595266,0.00098003323444641,0.0010547024332613745,,,0.0011416882009530342,,,,,,,,,,,,,,0.0012656429199136494,-0.00023562501168605175,,,,,,,,,,,,-0.0006552884940381321,,-0.00043772235372507634,-0.00034934938641149627,-0.0003578150419788185,-0.0003825345612865089,-0.0009546875473486579,0.0023314474840514595,,,,,,,,,,0.0001246183283797484
573,2026-05-31,FE,US3379321074,00809901,,,-0.00033206523386040276,,,,-0.0003865401587868912,,,,,,,,,,,,,,,-0.00023562501168605175,,0.0006651276606152812,,-0.0010857230930631796,,,0.0009190353152899943,,,,,-0.0006552884940381321,0.006514338558379078,-0.00043772235372507634,,-0.0003578150419788185,,-0.0009546875473486579,,,-0.0005782963733286909,-0.0005798102381803368,-0.0007508051219826733,,-0.0022600766427029453,-0.0014382305908109652,,,-8.541692665342044e-05
574,2026-05-31,FER,NL0015001FS8,27121701W,,-0.0003865401587868912,-0.00033206523386040276,-0.0005349939878862045,-0.0005187061147187088,,,,,,0.0006382925388613506,,,,-0.0005859457962563192,,,,,,,-0.00023562501168605175,,,,,,,-0.00046433440458047936,,,,,-0.0006552884940381321,,-0.00043772235372507634,-0.00034934938641149627,-0.0003578150419788185,-0.0003825345612865089,,,,,,,,,,,0.0010206797741239108,-6.731301148228954e-05
575,2026-05-31,FERG,US31488V1070,10064401,-0.0012952486022508108,-0.0003865401587868912,-0.00033206523386040276,-0.0005349939878862045,,,-0.0003865401587868912,,,,0.0006382925388613506,,,,-0.0005859457962563192,,,,,0.0012656429199136494,0.0012656429199136494,-0.00023562501168605175,,0.0006651276606152812,,,,,,,,,,-0.0006552884940381321,,-0.00043772235372507634,-0.00034934938641149627,-0.0003578150419788185,0.0014765834065659244,,,,,,,,,,-0.0006836034289657057,,1.8613865110566893e-05
576,2026-05-31,FFH,CA3039011026,01642801C,,0.0011476036838595266,0.00098003323444641,0.0010547024332613745,,,-0.0003865401587868912,,,,-0.001893055649443493,,,,0.0011300383213514727,-0.0005375910460798267,,,-0.0008326598157326641,,,-0.00023562501168605175,,,,-0.0010857230930631796,,,0.0009190353152899943,,,-0.0010751820921596534,-0.0005738018419297633,,,,0.0010301744696971564,,,,,0.0022148751098488863,0.0017037500844991435,,0.0022148751098488863,0.002768593887311108,,0.002839583474165239,,,0.000297305010742086
577,2026-05-31,FFIV,US3156161024,12107701,,,-0.00033206523386040276,,-0.0005187061147187088,-0.0025169035339191893,,0.0016406482295176937,-0.0007826413815720446,-0.0006364583648991053,,-0.0009385064024783416,-0.0011074375549244432,,-0.0005859457962563192,,,-0.0011596204763606737,,,,-0.00023562501168605175,,,,,,,,,,,,,,-0.00043772235372507634,,,-0.0003825345612865089,-0.0009546875473486579,-0.00120373647274396,,,-0.0005798102381803368,,,,,,,-0.000185945411801721
578,2026-05-31,FGR,FR0000130452,22230701W,,-0.0003865401587868912,-0.00033206523386040276,-0.0005349939878862045,,,0.0011416882009530342,,,,0.0006382925388613506,,,,,,,,,,0.0012656429199136494,-0.00023562501168605175,,0.0006651276606152812,,,,,0.0009190353152899943,-0.0006671310571833996,,-0.0010751820921596534,-0.0005738018419297633,-0.0006552884940381321,,-0.00043772235372507634,-0.00034934938641149627,-0.0003578150419788185,-0.0003825345612865089,,,,,0.0011300383213514727,,,,,0.0013423485514235676,0.0010206797741239108,0.0001110331381693232
579,2026-05-31,FI,US3377381088,01263501,-0.0012952486022508108,-0.0003865401587868912,-0.00033206523386040276,-0.0005349939878862045,,,,,,,-0.001893055649443493,,,,,-0.0005375910460798267,,,-0.0008326598157326641,,,-0.00023562501168605175,-0.0007457491952353153,,,,,,,,,,-0.0005738018419297633,,,,,,,-0.0009546875473486579,,0.0022148751098488863,,,0.0022148751098488863,0.002768593887311108,,0.002839583474165239,,-0.0010301744696971564,8.019191136346331e-05
580,2026-05-31,FICO,US3032501047,01382401,,,,,0.0010159977568114159,0.0025169035339191893,,-0.0005607278759111105,0.00303407549294368,0.0024339286921416336,,0.002734413715862823,,,-0.0005859457962563192,,,0.004520153285405891,,0.0012656429199136494,-0.0012584517669595946,-0.00023562501168605175,,,,,,,,,,,,,,0.0012952486022508108,-0.00034934938641149627,-0.0003578150419788185,-0.0003825345612865089,-0.0009546875473486579,-0.00120373647274396,,,0.0011300383213514727,,,,,,,0.00011607511954653488
581,2026-05-31,FIS,US31620M1062,16599301,,-0.0003865401587868912,-0.00033206523386040276,,0.0010159977568114159,0.0025169035339191893,-0.0003865401587868912,-0.0005607278759111105,,,,,,,,-0.0005375910460798267,,,,,,-0.00023562501168605175,-0.0007457491952353153,,,-0.0010857230930631796,,,,,,,,,,,-0.00034934938641149627,-0.0003578150419788185,,0.002734413715862823,0.0023314474840514595,-0.001118623792852973,-0.0005782963733286909,-0.0005798102381803368,-0.0007508051219826733,,,-0.0014382305908109652,,-0.0010301744696971564,2.1614000007171032e-05
582,2026-05-31,FITB,US3167731005,00464001,0.0025169035339191893,0.0011476036838595266,,-0.0005349939878862045,,,-0.0003865401587868912,-0.0005607278759111105,,,,,-0.0011074375549244432,,,-0.0005375910460798267,,,,,,-0.00023562501168605175,,,,-0.0010857230930631796,,,-0.00046433440458047936,,,,,,,,-0.00034934938641149627,,,,-0.00120373647274396,,-0.0005782963733286909,,-0.0007508051219826733,,,,,,-7.769174915100126e-05
583,2026-05-31,FIX,US1999081045,06499701,0.0025169035339191893,0.0011476036838595266,0.00098003323444641,0.0010547024332613745,0.0010159977568114159,0.0025169035339191893,0.0011416882009530342,,,,,,,,-0.0005859457962563192,,,,,0.0012656429199136494,0.0012656429199136494,0.0009267259873844713,,0.0006651276606152812,,,,,,0.001318378041576718,0.0011476036838595266,0.0010648438028119647,,0.001925978356390336,,0.0012952486022508108,,,0.0014765834065659244,0.002734413715862823,,,,,,,,,,,0.0005633544588788687
584,2026-05-31,FLEX,SG9999000020,03017001,,,,,-0.0005187061147187088,,,,-0.0007826413815720446,-0.0006364583648991053,,-0.0009385064024783416,,,-0.0005859457962563192,,,-0.0011596204763606737,,0.0012656429199136494,0.0012656429199136494,-0.00023562501168605175,,,,,,,0.0009190353152899943,-0.0006671310571833996,-0.0011535807863796283,,-0.0005738018419297633,,,-0.00043772235372507634,-0.00034934938641149627,,-0.0003825345612865089,-0.0009546875473486579,-0.00120373647274396,,,,,,,,,0.0010206797741239108,-6.220670958870616e-05
585,2026-05-31,FLUT,IE00BWT6H894,24317401,-0.0012952486022508108,-0.0003865401587868912,-0.00033206523386040276,-0.0005349939878862045,,0.0025169035339191893,,-0.0005607278759111105,-0.0007826413815720446,-0.0006364583648991053,,-0.0009385064024783416,,,,-0.0005375910460798267,0.0016285846395947695,,0.001652891873021557,-0.0012729167297982106,,0.0009267259873844713,0.002171446186126359,,-0.005273512166306872,,,,0.0009190353152899943,-0.0006671310571833996,,-0.0010751820921596534,-0.0005738018419297633,-0.0006552884940381321,-0.005402134414265577,-0.00043772235372507634,-0.00034934938641149627,-0.0003578150419788185,-0.0003825345612865089,-0.0009546875473486579,-0.00120373647274396,,,,,,,,,,-0.00014140865556205065
586,2026-05-31,FM,CA3359341052,10646401C,,-0.0003865401587868912,-0.00033206523386040276,-0.0005349939878862045,0.0010159977568114159,,-0.0003865401587868912,-0.0005607278759111105,,-0.0006364583648991053,,,0.0011019279153477047,-0.0018457292582074053,,-0.0005375910460798267,,,-0.0008326598157326641,,,-0.00023562501168605175,,,-0.005273512166306872,,,,,0.001318378041576718,0.0011476036838595266,0.0010648438028119647,0.0011300383213514727,-0.0006552884940381321,,-0.00043772235372507634,-0.00034934938641149627,-0.0003578150419788185,0.0014765834065659244,,,,-0.0005782963733286909,-0.0005798102381803368,,-0.0014107484776107557,-0.0022600766427029453,,0.0013423485514235676,,-0.00025837224219349067
587,2026-05-31,FME,DE0005785802,21278201W,,-0.0003865401587868912,-0.00033206523386040276,-0.0005349939878862045,,,,,-0.0007826413815720446,,,,,,-0.0005859457962563192,-0.0005375910460798267,-0.0008295412396437777,-0.0011596204763606737,-0.0008326598157326641,,,-0.00023562501168605175,,,,,0.0029930744727687656,0.001942872903376216,0.0009190353152899943,,,0.0010648438028119647,,,,,0.0010301744696971564,0.0010547024332613745,,,,0.0022148751098488863,0.0017037500844991435,0.0011300383213514727,0.0022148751098488863,,,,0.0013423485514235676,,0.00020003149404559318
588,2026-05-31,FMG,AU000000FMG4,21242701W,,-0.0003865401587868912,-0.00033206523386040276,-0.0005349939878862045,-0.0005187061147187088,,-0.0003865401587868912,-0.0005607278759111105,,0.0024339286921416336,,0.002734413715862823,0.0011019279153477047,0.001830475297395774,-0.0005859457962563192,-0.0005375910460798267,-0.0008295412396437777,,0.001652891873021557,,,-0.00023562501168605175,,,,,,,-0.00046433440458047936,,0.0011476036838595266,,0.0011300383213514727,-0.0006552884940381321,,-0.00043772235372507634,-0.00034934938641149627,-0.0003578150419788185,0.0014765834065659244,,,,0.0017037500844991435,-0.0005798102381803368,,0.002768593887311108,0.004429750219697773,,0.0013423485514235676,,0.0004727794618725176
589,2026-05-31,FNF,US31620R3030,16526401,-0.0012952486022508108,-0.0003865401587868912,-0.00033206523386040276,-0.0005349939878862045,,,-0.0003865401587868912,-0.0005607278759111105,,,0.0006382925388613506,,,,,-0.0005375910460798267,-0.0008295412396437777,,-0.0008326598157326641,,,-0.00023562501168605175,,,,-0.0010857230930631796,,,,,,-0.0010751820921596534,-0.0005738018419297633,,,,-0.00034934938641149627,-0.0003578150419788185,,-0.0009546875473486579,,-0.001118623792852973,-0.0005782963733286909,,-0.0007508051219826733,0.002768593887311108,,0.002839583474165239,,,-5.601057120812655e-05
590,2026-05-31,FNV,CA3518581051,17899701C,,,,,,,,0.0016406482295176937,,0.0024339286921416336,,0.002734413715862823,,0.001830475297395774,0.0011300383213514727,0.0017578373887689573,,,,,,0.0009267259873844713,,,0.005402134414265577,,,,,0.001318378041576718,-0.0011535807863796283,,-0.0005738018419297633,-0.0006552884940381321,,0.0012952486022508108,,,-0.0003825345612865089,,,,-0.0005782963733286909,-0.0005798102381803368,,-0.0014107484776107557,-0.0022600766427029453,,-0.0006836034289657057,,0.0001466231665605741
591,2026-05-31,FORTUM,FI0009007132,22559701W,,,0.00098003323444641,,-0.0005187061147187088,,0.0011416882009530342,0.0016406482295176937,,,0.0006382925388613506,,,,,,,,,,,-0.00023562501168605175,,0.0006651276606152812,,-0.0010857230930631796,,,-0.00046433440458047936,,-0.0011535807863796283,,,-0.0006552884940381321,,-0.00043772235372507634,,-0.0003578150419788185,,,,-0.001118623792852973,-0.0005782963733286909,-0.0005798102381803368,-0.0007508051219826733,-0.0014107484776107557,,0.002839583474165239,,-0.0010301744696971564,2.8564845348526676e-05
592,2026-05-31,FOX,US35137L2043,03463602,-0.0012952486022508108,-0.0003865401587868912,-0.00033206523386040276,,-0.0005187061147187088,-0.0025169035339191893,0.0011416882009530342,0.0016406482295176937,,-0.0006364583648991053,,,,,,,-0.0008295412396437777,,-0.0008326598157326641,,,-0.00023562501168605175,,,,,,,0.0009190353152899943,,,,,,,,-0.00034934938641149627,-0.0003578150419788185,,,,,,,,,,,0.0013423485514235676,,-1.3284882990148223e-05
593,2026-05-31,FOXA,US35137L1052,03463601,,,,,-0.0005187061147187088,-0.0025169035339191893,0.0011416882009530342,0.0016406482295176937,,-0.0006364583648991053,,,,,,,-0.0008295412396437777,,-0.0008326598157326641,,,-0.00023562501168605175,,,,,,,0.0009190353152899943,,,,,,,,-0.00034934938641149627,-0.0003578150419788185,,,-0.00120373647274396,,,,,,,,0.0013423485514235676,,-1.5282564669780186e-05
594,2026-05-31,FPH,NZFAPE0001S2,10125601W,,,,,-0.0005187061147187088,,,,0.00303407549294368,,,,,0.001830475297395774,0.0011300383213514727,-0.0005375910460798267,,0.004520153285405891,,0.0012656429199136494,,0.0009267259873844713,-0.0007457491952353153,0.0006651276606152812,,,,,-0.00046433440458047936,,,,-0.0005738018419297633,,,0.0012952486022508108,0.0010301744696971564,,,,,-0.001118623792852973,-0.0005782963733286909,,-0.0007508051219826733,,,,-0.0006836034289657057,-0.0010301744696971564,0.00022607461626417136
595,2026-05-31,FRE,DE0005785604,20230501W,,-0.0003865401587868912,-0.00033206523386040276,,,,,,-0.0007826413815720446,,,,,,,-0.0005375910460798267,,-0.0011596204763606737,-0.0008326598157326641,,,-0.00023562501168605175,,,,,-0.0029930744727687656,-0.001942872903376216,,-0.0006671310571833996,,,-0.0005738018419297633,,,-0.00043772235372507634,,,,,,0.0022148751098488863,0.0017037500844991435,,0.0022148751098488863,,,,,,1.2326307727185398e-05
596,2026-05-31,FRES,GB00B2QPKJ12,28879901W,,-0.0003865401587868912,-0.00033206523386040276,,-0.0005187061147187088,,0.0011416882009530342,,,0.0024339286921416336,,0.002734413715862823,,-0.0018457292582074053,,0.0017578373887689573,-0.0008295412396437777,,-0.0008326598157326641,,,0.0009267259873844713,,,,,,0.001942872903376216,,0.001318378041576718,0.0011476036838595266,0.0010648438028119647,,0.001925978356390336,,0.0012952486022508108,0.0010301744696971564,0.0010547024332613745,-0.0003825345612865089,,,,-0.0005782963733286909,-0.0005798102381803368,,-0.0014107484776107557,,,0.0013423485514235676,,2.1157750931912885e-05
597,2026-05-31,FSLR,US3364331070,17540401,-0.0012952486022508108,-0.0003865401587868912,-0.00033206523386040276,-0.0005349939878862045,0.0010159977568114159,0.0025169035339191893,0.0011416882009530342,-0.0005607278759111105,-0.0007826413815720446,-0.0006364583648991053,,,-0.0011074375549244432,0.001830475297395774,0.0011300383213514727,,,-0.0011596204763606737,,,-0.0012584517669595946,-0.00023562501168605175,,,,,,,0.0009190353152899943,0.001318378041576718,0.0011476036838595266,0.0010648438028119647,0.0011300383213514727,,,,0.0010301744696971564,0.0010547024332613745,-0.0003825345612865089,0.002734413715862823,,,,0.0011300383213514727,,,,,,-0.0010301744696971564,0.0003128583084074538
598,2026-05-31,FSV,CA33767E2024,02411601C,,,,,,,,,,0.0024339286921416336,,,,,,,,,,0.0012656429199136494,0.0012656429199136494,,-0.0007457491952353153,,,,0.0029930744727687656,0.001942872903376216,0.0009190353152899943,0.001318378041576718,0.0011476036838595266,0.0010648438028119647,,,,,,,0.0014765834065659244,,,,-0.0005782963733286909,-0.0005798102381803368,,,,,0.0013423485514235676,0.0010206797741239108,0.00022241939312320436
599,2026-05-31,FTAI,KYG3730V1059,01948401,0.0025169035339191893,0.0011476036838595266,0.00098003323444641,0.0010547024332613745,0.0010159977568114159,0.0025169035339191893,-0.0003865401587868912,,,,-0.001893055649443493,,,,-0.0005859457962563192,,,,,-0.0012729167297982106,0.0012656429199136494,0.0009267259873844713,,-0.001977567062365077,,,,,,-0.0006671310571833996,0.0011476036838595266,-0.0010751820921596534,0.0011300383213514727,-0.0006552884940381321,,0.0012952486022508108,0.0010301744696971564,0.0010547024332613745,-0.0003825345612865089,0.002734413715862823,-0.00120373647274396,,,,,,,,-0.0006836034289657057,0.0010206797741239108,0.0002335195176667378
600,2026-05-31,FTNT,US34959E1091,18337701,-0.0012952486022508108,-0.0003865401587868912,-0.00033206523386040276,,-0.0005187061147187088,,,,-0.0007826413815720446,-0.0006364583648991053,,-0.0009385064024783416,,0.001830475297395774,-0.0005859457962563192,,,0.004520153285405891,,0.0012656429199136494,0.0012656429199136494,-0.00023562501168605175,,,,,,,,,,,,,,-0.00043772235372507634,-0.00034934938641149627,-0.0003578150419788185,-0.0003825345612865089,,,,,,,,,,,0.0010206797741239108,0.00021854230309502738
601,2026-05-31,FTS,CA3495531079,01439001C,,,,,-0.0005187061147187088,,,0.0016406482295176937,,,,,,,,,,,,-0.0012729167297982106,,-0.00023562501168605175,,,0.005402134414265577,-0.0010857230930631796,,,,,,,,-0.0006552884940381321,,-0.00043772235372507634,,-0.0003578150419788185,,,,,-0.0005782963733286909,-0.0005798102381803368,-0.0007508051219826733,,-0.0022600766427029453,,,,-0.00012061565039245724
602,2026-05-31,FTV,US34959J1088,02659001,0.0025169035339191893,0.0011476036838595266,0.00098003323444641,0.0010547024332613745,,,,,,,0.0006382925388613506,,,,0.0011300383213514727,,,,,-0.0012729167297982106,-0.0012584517669595946,-0.00023562501168605175,,0.0006651276606152812,,,,,,-0.0006671310571833996,-0.0011535807863796283,-0.0010751820921596534,-0.0005738018419297633,,,-0.00043772235372507634,-0.00034934938641149627,-0.0003578150419788185,-0.0003825345612865089,-0.0009546875473486579,-0.00120373647274396,,,,,,,,0.0013423485514235676,,-2.8917343100378696e-05
603,2026-05-31,FUTU,US36118L1061,03460390,0.0025169035339191893,0.0011476036838595266,0.00098003323444641,0.0010547024332613745,0.0010159977568114159,,-0.0003865401587868912,-0.0005607278759111105,,,,,-0.0011074375549244432,,,-0.0005375910460798267,0.0016285846395947695,,,,,0.0009267259873844713,-0.0007457491952353153,,,,,,,,,,,,,,0.0010301744696971564,,,0.002734413715862823,,,-0.0005782963733286909,,-0.0007508051219826733,-0.0014107484776107557,,-0.0014382305908109652,,,0.00010259398039427786
604,2026-05-31,FWONK,US5312297550,02718703,-0.0012952486022508108,-0.0003865401587868912,-0.00033206523386040276,-0.0005349939878862045,,-0.0025169035339191893,-0.0003865401587868912,-0.0005607278759111105,,-0.0006364583648991053,,-0.0009385064024783416,0.0011019279153477047,,,,-0.0008295412396437777,,,,,0.0009267259873844713,,,,,,,,,,,,,,,0.0010301744696971564,,,,-0.00120373647274396,,,,,,,,,,-0.00011606451022683252
605,2026-05-31,G,IT0000062072,01580401W,,-0.0003865401587868912,-0.00033206523386040276,-0.0005349939878862045,,,-0.0003865401587868912,,,,0.0006382925388613506,,0.0011019279153477047,,,-0.0005375910460798267,-0.0008295412396437777,,-0.0008326598157326641,,,-0.00023562501168605175,-0.0007457491952353153,,,-0.0010857230930631796,,,,,,0.0010648438028119647,0.0011300383213514727,,,,-0.00034934938641149627,-0.0003578150419788185,,,,,,,-0.0007508051219826733,,,,,,-8.925656064121169e-05
606,2026-05-31,G1A,DE0006602006,10036801W,,-0.0003865401587868912,-0.00033206523386040276,,,,-0.0003865401587868912,,,,,,,,,,,,,0.0012656429199136494,,-0.00023562501168605175,,,,,,,,,,,-0.0005738018419297633,,,-0.00043772235372507634,-0.00034934938641149627,-0.0003578150419788185,-0.0003825345612865089,,,,,,,,,,,,-3.794007714447186e-05
607,2026-05-31,G24,DE000A12DM80,31707901W,,0.0011476036838595266,,0.0010547024332613745,,,,-0.0005607278759111105,,-0.0006364583648991053,,,0.0011019279153477047,0.001830475297395774,,,,,-0.0008326598157326641,,,0.0009267259873844713,,,,,,,,,,,,,,,,,,,,,,,,,,,,,0.0001979362657143991
608,2026-05-31,GALD,CH1335392721,36083501W,,,0.00098003323444641,,,,,,-0.0007826413815720446,,,,,,-0.0005859457962563192,-0.0005375910460798267,,-0.0011596204763606737,,-0.0012729167297982106,,0.0009267259873844713,,0.0006651276606152812,,,,,,0.001318378041576718,0.0011476036838595266,,,,,,,,,,,-0.001118623792852973,-0.0005782963733286909,-0.0005798102381803368,-0.0007508051219826733,,,,-0.0006836034289657057,,-6.375412781628445e-05
609,2026-05-31,GALP,PTGAL0AM0009,27944801W,,,,,-0.0005187061147187088,,-0.0003865401587868912,,,,0.0006382925388613506,,,,0.0011300383213514727,,,,,0.0012656429199136494,0.0012656429199136494,-0.00023562501168605175,,0.0006651276606152812,,,,,,,0.0011476036838595266,0.0010648438028119647,0.0011300383213514727,0.001925978356390336,,,,,0.0014765834065659244,,,,,-0.0005798102381803368,,,,,0.0013423485514235676,0.0010206797741239108,0.0002587737673745812
610,2026-05-31,GBLB,BE0003797140,02140803W,,-0.0003865401587868912,-0.00033206523386040276,,,,-0.0003865401587868912,-0.0005607278759111105,,,-0.001893055649443493,,,,0.0011300383213514727,-0.0005375910460798267,-0.0008295412396437777,,-0.0008326598157326641,,,-0.00023562501168605175,-0.0007457491952353153,,,0.0031641072997841235,,,,,,-0.0010751820921596534,-0.0005738018419297633,,,,-0.00034934938641149627,-0.0003578150419788185,,,,-0.001118623792852973,-0.0005782963733286909,,-0.0007508051219826733,-0.0014107484776107557,,-0.0014382305908109652,,-0.0010301744696971564,-0.0002573924884492468
611,2026-05-31,GD,US3695501086,00504601,,,-0.00033206523386040276,,-0.0005187061147187088,,,,,,0.0006382925388613506,,,,0.0011300383213514727,,,,,,,-0.00023562501168605175,,0.0006651276606152812,,,,,0.0009190353152899943,,,,,-0.0006552884940381321,,-0.00043772235372507634,,,-0.0003825345612865089,-0.0009546875473486579,0.0023314474840514595,,,,,,,,,,2.263684549306642e-06
612,2026-05-31,GE,US3696043013,00504701,,,,,-0.0005187061147187088,,,,,,0.0006382925388613506,,,,,,,,,,,-0.00023562501168605175,,0.0006651276606152812,,,,,,0.001318378041576718,,,,-0.0006552884940381321,,,,,0.0014765834065659244,,0.0023314474840514595,,,,,,,,-0.0006836034289657057,0.0010206797741239108,0.00010150438141559417
613,2026-05-31,GEBN,CH0030170408,22891801W,,-0.0003865401587868912,-0.00033206523386040276,-0.0005349939878862045,-0.0005187061147187088,,-0.0003865401587868912,,,,,,,,,,,,,,,-0.00023562501168605175,,,,,,,-0.00046433440458047936,,,,,-0.0006552884940381321,,-0.00043772235372507634,-0.00034934938641149627,-0.0003578150419788185,-0.0003825345612865089,,,,,-0.0005798102381803368,,,,,-0.0006836034289657057,,-0.0001418993765422191
614,2026-05-31,GEHC,US36266G1076,04181801,,-0.0003865401587868912,-0.00033206523386040276,-0.0005349939878862045,,,,,-0.0007826413815720446,,,,,,-0.0005859457962563192,-0.0005375910460798267,,-0.0011596204763606737,,,0.0012656429199136494,-0.00023562501168605175,,0.0006651276606152812,,,,-0.001942872903376216,,,,,,,,-0.00043772235372507634,-0.00034934938641149627,-0.0003578150419788185,,,-0.00120373647274396,0.0022148751098488863,0.0017037500844991435,,0.0022148751098488863,,,,,0.0010206797741239108,8.430063587318233e-05
615,2026-05-31,GEN,US6687711084,01585501,-0.0012952486022508108,-0.0003865401587868912,-0.00033206523386040276,-0.0005349939878862045,0.0010159977568114159,0.0025169035339191893,-0.0003865401587868912,-0.0005607278759111105,-0.0007826413815720446,-0.0006364583648991053,,-0.0009385064024783416,0.0011019279153477047,,-0.0005859457962563192,,,-0.0011596204763606737,,-0.0012729167297982106,,-0.00023562501168605175,,,,,,,0.0009190353152899943,-0.0006671310571833996,-0.0011535807863796283,-0.0010751820921596534,-0.0005738018419297633,,,-0.00043772235372507634,-0.00034934938641149627,-0.0003578150419788185,-0.0003825345612865089,-0.0009546875473486579,-0.00120373647274396,,,0.0011300383213514727,,,,,,0.0010206797741239108,-0.00011811461872510205
616,2026-05-31,GET,FR0010533075,20208603W,,0.0011476036838595266,0.00098003323444641,0.0010547024332613745,-0.0005187061147187088,,0.0011416882009530342,,,,0.0006382925388613506,,,,,,,,,-0.0012729167297982106,-0.0012584517669595946,-0.00023562501168605175,,-0.001977567062365077,,,,,-0.00046433440458047936,-0.0006671310571833996,,-0.0010751820921596534,-0.0005738018419297633,-0.0006552884940381321,,-0.00043772235372507634,-0.00034934938641149627,-0.0003578150419788185,-0.0003825345612865089,,,,,-0.0005798102381803368,,,,,,,-0.00015094110084215036
617,2026-05-31,GEV,US36828A1016,04516901,0.0025169035339191893,,0.00098003323444641,0.0010547024332613745,,,-0.0003865401587868912,,,,0.0006382925388613506,,,,-0.0005859457962563192,,,,,0.0012656429199136494,0.0012656429199136494,0.0009267259873844713,,0.0006651276606152812,,,,,,0.001318378041576718,0.0011476036838595266,0.0010648438028119647,,0.001925978356390336,,0.0012952486022508108,0.0010301744696971564,0.0010547024332613745,0.0014765834065659244,0.002734413715862823,0.0023314474840514595,,,0.0011300383213514727,,,,,,0.0010206797741239108,0.0005709844690990127
618,2026-05-31,GFC,FR0010040865,22188401W,,,,,,,,,,-0.0006364583648991053,,,,,,,,,,-0.0012729167297982106,-0.0012584517669595946,,0.002171446186126359,,,-0.0010857230930631796,,0.001942872903376216,-0.00046433440458047936,-0.0006671310571833996,,-0.0010751820921596534,,,,,,,-0.0003825345612865089,,,,0.0017037500844991435,0.0011300383213514727,,,,,-0.0006836034289657057,,-3.050243148554587e-06
619,2026-05-31,GFL,CA36168Q1046,03561201C,,-0.0003865401587868912,-0.00033206523386040276,-0.0005349939878862045,,,-0.0003865401587868912,,,,-0.001893055649443493,,,,,,,,,-0.0012729167297982106,-0.0012584517669595946,0.0009267259873844713,,-0.001977567062365077,,,,,,-0.0006671310571833996,,-0.0010751820921596534,-0.0005738018419297633,-0.0006552884940381321,,0.0012952486022508108,0.0010301744696971564,0.0010547024332613745,-0.0003825345612865089,,,,,,,,,,-0.0006836034289657057,,-0.00014852159566147962
620,2026-05-31,GGG,US3841091040,00525201,-0.0012952486022508108,-0.0003865401587868912,-0.00033206523386040276,-0.0005349939878862045,-0.0005187061147187088,,-0.0003865401587868912,,,,0.0006382925388613506,,,,,,,,,,-0.0012584517669595946,-0.00023562501168605175,,0.0006651276606152812,,,,,-0.00046433440458047936,,,,,-0.0006552884940381321,,,-0.00034934938641149627,-0.0003578150419788185,-0.0003825345612865089,,,,,,,,,,,-0.0010301744696971564,-0.00014416090294627586
621,2026-05-31,GIB.A,CA12532H1047,02186401C,,-0.0003865401587868912,-0.00033206523386040276,-0.0005349939878862045,,,-0.0003865401587868912,-0.0005607278759111105,-0.0007826413815720446,-0.0006364583648991053,,-0.0009385064024783416,0.0011019279153477047,,,,,-0.0011596204763606737,,,,-0.00023562501168605175,,,,,,,0.0009190353152899943,-0.0006671310571833996,,0.0010648438028119647,,,,-0.00043772235372507634,-0.00034934938641149627,-0.0003578150419788185,-0.0003825345612865089,,,,,0.0011300383213514727,,,,,,,-7.916141646440007e-05
622,2026-05-31,GIL,CA3759161035,11148601C,,-0.0003865401587868912,-0.00033206523386040276,-0.0005349939878862045,0.0010159977568114159,,,,-0.0007826413815720446,-0.0006364583648991053,,,-0.0011074375549244432,,-0.0005859457962563192,-0.0005375910460798267,-0.0008295412396437777,,-0.0008326598157326641,-0.0012729167297982106,,-0.00023562501168605175,-0.0007457491952353153,,,,,,,,0.0011476036838595266,,,-0.0006552884940381321,,-0.00043772235372507634,-0.00034934938641149627,-0.0003578150419788185,0.0014765834065659244,,,,,,,,,,,,-0.00010741946311087664
623,2026-05-31,GILD,US3755581036,02485601,,-0.0003865401587868912,-0.00033206523386040276,-0.0005349939878862045,0.0010159977568114159,0.0025169035339191893,,,0.00303407549294368,,,,,,,0.0017578373887689573,0.0016285846395947695,0.004520153285405891,,,,0.0009267259873844713,-0.0007457491952353153,0.0006651276606152812,,,,,-0.00046433440458047936,-0.0006671310571833996,-0.0011535807863796283,-0.0010751820921596534,-0.0005738018419297633,,,0.0012952486022508108,0.0010301744696971564,0.0010547024332613745,,,,0.0022148751098488863,,0.0011300383213514727,,,,,,,0.00031122624404017436
624,2026-05-31,GIS,US3703341046,00507101,-0.0012952486022508108,,-0.00033206523386040276,-0.0005349939878862045,-0.0005187061147187088,-0.0025169035339191893,,,,,,,,,-0.0005859457962563192,,,,0.001652891873021557,-0.0012729167297982106,,-0.00023562501168605175,0.002171446186126359,0.0006651276606152812,,,-0.0029930744727687656,-0.001942872903376216,-0.00046433440458047936,-0.0006671310571833996,-0.0011535807863796283,-0.0010751820921596534,-0.0005738018419297633,,,-0.00043772235372507634,0.0010301744696971564,0.0010547024332613745,-0.0003825345612865089,,-0.00120373647274396,0.0022148751098488863,0.0017037500844991435,-0.0005798102381803368,0.0022148751098488863,0.002768593887311108,,0.002839583474165239,-0.0006836034289657057,,0.00016553252814961077
625,2026-05-31,GIVN,CH0010645932,23741901W,,-0.0003865401587868912,-0.00033206523386040276,-0.0005349939878862045,-0.0005187061147187088,,-0.0003865401587868912,-0.0005607278759111105,,-0.0006364583648991053,,-0.0009385064024783416,-0.0011074375549244432,,,-0.0005375910460798267,,,-0.0008326598157326641,,,-0.00023562501168605175,,,,,,,-0.00046433440458047936,-0.0006671310571833996,-0.0011535807863796283,,-0.0005738018419297633,-0.0006552884940381321,,-0.00043772235372507634,-0.00034934938641149627,-0.0003578150419788185,-0.0003825345612865089,,,,-0.0005782963733286909,-0.0005798102381803368,,-0.0014107484776107557,-0.0022600766427029453,,,,-0.00032539152449503255
626,2026-05-31,GJF,NO0010582521,29609101W,,-0.0003865401587868912,-0.00033206523386040276,-0.0005349939878862045,,,-0.0003865401587868912,-0.0005607278759111105,,,0.0006382925388613506,,,,0.0011300383213514727,-0.0005375910460798267,0.0016285846395947695,,,,,-0.00023562501168605175,-0.0007457491952353153,,,-0.0010857230930631796,,,,,,,0.0011300383213514727,,,,-0.00034934938641149627,-0.0003578150419788185,,,,-0.001118623792852973,-0.0005782963733286909,,-0.0007508051219826733,-0.0014107484776107557,,-0.0014382305908109652,,,-0.0001806551272615935
627,2026-05-31,GLE,FR0000130809,01578401W,,0.0011476036838595266,0.00098003323444641,0.0010547024332613745,0.0010159977568114159,,0.0011416882009530342,0.0016406482295176937,,,-0.001893055649443493,,,,,0.0017578373887689573,-0.0008295412396437777,,,,,0.0009267259873844713,-0.0007457491952353153,,,0.0031641072997841235,,,,,,,,,,,0.0010301744696971564,,,,,0.0022148751098488863,0.0017037500844991435,0.0011300383213514727,0.0022148751098488863,,,,,0.0010206797741239108,0.00036108842765047056
628,2026-05-31,GLEN,JE00B4T3BW64,26740701W,,0.0011476036838595266,0.00098003323444641,0.0010547024332613745,0.0010159977568114159,,-0.0003865401587868912,-0.0005607278759111105,,-0.0006364583648991053,,-0.0009385064024783416,0.0011019279153477047,-0.0018457292582074053,-0.0005859457962563192,-0.0005375910460798267,,,,,,-0.00023562501168605175,,,,,,-0.001942872903376216,0.0009190353152899943,-0.0006671310571833996,-0.0011535807863796283,-0.0010751820921596534,-0.0005738018419297633,-0.0006552884940381321,,,,,-0.0003825345612865089,,,,-0.0005782963733286909,-0.0005798102381803368,,,,,-0.0006836034289657057,,-0.00023248924266830627
629,2026-05-31,GLPI,US36467J1088,01879201,,,,,,,,,,,,,,,,,,,,,,,,,,-0.0010857230930631796,,,-0.00046433440458047936,,,,,,,,,,-0.0003825345612865089,,,,,,,,,,,0.0010206797741239108,4.694575829642768e-06
630,2026-05-31,GLW,US2193501051,00353201,-0.0012952486022508108,-0.0003865401587868912,-0.00033206523386040276,,-0.0005187061147187088,,-0.0003865401587868912,-0.0005607278759111105,-0.0007826413815720446,-0.0006364583648991053,,-0.0009385064024783416,,,,,,-0.0011596204763606737,,,,-0.00023562501168605175,,,,,,,,,,,,,,,,,-0.0003825345612865089,-0.0009546875473486579,0.0023314474840514595,,,-0.0005798102381803368,,,,,,,-0.00010769496360042468
631,2026-05-31,GM,US37045V1008,00507319,0.0025169035339191893,0.0011476036838595266,0.00098003323444641,0.0010547024332613745,0.0010159977568114159,0.0025169035339191893,0.0011416882009530342,0.0016406482295176937,-0.0007826413815720446,-0.0006364583648991053,,-0.0009385064024783416,-0.0011074375549244432,,,-0.0005375910460798267,,,-0.0008326598157326641,,,-0.00023562501168605175,-0.0007457491952353153,,,,0.0029930744727687656,0.001942872903376216,0.0009190353152899943,0.001318378041576718,0.0011476036838595266,0.0010648438028119647,0.0011300383213514727,-0.0006552884940381321,,-0.00043772235372507634,-0.00034934938641149627,0.0010547024332613745,-0.0003825345612865089,0.002734413715862823,0.0023314474840514595,,,,,,,,-0.0006836034289657057,0.0010206797741239108,0.00037320434201992
632,2026-05-31,GMAB,DK0010272202,24520701W,,-0.0003865401587868912,-0.00033206523386040276,-0.0005349939878862045,,,,,-0.0007826413815720446,,,,-0.0011074375549244432,-0.0018457292582074053,-0.0005859457962563192,0.0017578373887689573,,-0.0011596204763606737,,-0.0012729167297982106,,-0.00023562501168605175,-0.0007457491952353153,0.0006651276606152812,,,0.0029930744727687656,0.001942872903376216,,-0.0006671310571833996,,,,,,-0.00043772235372507634,-0.00034934938641149627,-0.0003578150419788185,,,,,0.0017037500844991435,0.0011300383213514727,0.0022148751098488863,,,,0.0013423485514235676,,-9.838572853991264e-05
633,2026-05-31,GMG,AU000000GMG2,27181001W,,,,,,,,,,-0.0006364583648991053,,,,-0.0018457292582074053,,,,,,,-0.0012584517669595946,,-0.0007457491952353153,,,-0.0010857230930631796,,,-0.00046433440458047936,,,,,,,,,,-0.0003825345612865089,,,,-0.0005782963733286909,,,,,,-0.0006836034289657057,-0.0010301744696971564,-0.00031934537211073617
634,2026-05-31,GOOG,US02079K1079,16032903,0.0025169035339191893,0.0011476036838595266,0.00098003323444641,0.0010547024332613745,,,0.0011416882009530342,0.0016406482295176937,,0.0024339286921416336,,0.002734413715862823,,0.001830475297395774,,,,,,,,-0.00023562501168605175,,,0.005402134414265577,,,,,,,,,,,,,,,,0.0023314474840514595,,,,,,,,-0.0006836034289657057,,0.00040238966509674576
635,2026-05-31,GOOGL,US02079K3059,16032901,0.0025169035339191893,0.0011476036838595266,0.00098003323444641,0.0010547024332613745,,,0.0011416882009530342,0.0016406482295176937,,0.0024339286921416336,,0.002734413715862823,,0.001830475297395774,,,,,,,,-0.00023562501168605175,,,0.005402134414265577,,,,-0.00046433440458047936,,,,,,,,,-0.0003578150419788185,,,0.0023314474840514595,,,,,,,,-0.0006836034289657057,,0.0003914173848799655
636,2026-05-31,GPC,US3724601055,00512501,-0.0012952486022508108,-0.0003865401587868912,-0.00033206523386040276,-0.0005349939878862045,,,-0.0003865401587868912,-0.0005607278759111105,-0.0007826413815720446,-0.0006364583648991053,,-0.0009385064024783416,,,-0.0005859457962563192,-0.0005375910460798267,,,,,0.0012656429199136494,-0.00023562501168605175,,,,,-0.0029930744727687656,-0.001942872903376216,0.0009190353152899943,,,,,,,-0.00043772235372507634,-0.00034934938641149627,-0.0003578150419788185,-0.0003825345612865089,,,,,,,,,,-0.0006836034289657057,0.0010206797741239108,-0.0001196643299397646
637,2026-05-31,GPN,US37940X1028,14191301,0.0025169035339191893,0.0011476036838595266,-0.00033206523386040276,-0.0005349939878862045,0.0010159977568114159,0.0025169035339191893,-0.0003865401587868912,-0.0005607278759111105,,,-0.001893055649443493,,,,,-0.0005375910460798267,-0.0008295412396437777,,,,,-0.00023562501168605175,-0.0007457491952353153,,,-0.0010857230930631796,,,,,,-0.0010751820921596534,-0.0005738018419297633,,,,-0.00034934938641149627,-0.0003578150419788185,,-0.0009546875473486579,-0.00120373647274396,,-0.0005782963733286909,0.0011300383213514727,-0.0007508051219826733,0.002768593887311108,,,,-0.0010301744696971564,-1.2489518110040394e-05
638,2026-05-31,GRMN,CH0114405324,14145901,0.0025169035339191893,0.0011476036838595266,0.00098003323444641,0.0010547024332613745,-0.0005187061147187088,-0.0025169035339191893,,0.0016406482295176937,0.00303407549294368,-0.0006364583648991053,,0.002734413715862823,,,-0.0005859457962563192,0.0017578373887689573,-0.0008295412396437777,,-0.0008326598157326641,-0.0012729167297982106,-0.0012584517669595946,-0.00023562501168605175,-0.0007457491952353153,,0.005402134414265577,,,,,0.001318378041576718,,,,,0.006514338558379078,0.0012952486022508108,,,-0.0003825345612865089,,,,,,,,,,-0.0006836034289657057,-0.0010301744696971564,8.392406606373783e-05
639,2026-05-31,GS,US38141G1040,11462801,,-0.0003865401587868912,-0.00033206523386040276,,,,,-0.0005607278759111105,,,0.0006382925388613506,,-0.0011074375549244432,,-0.0005859457962563192,-0.0005375910460798267,-0.0008295412396437777,,-0.0008326598157326641,,,-0.00023562501168605175,,,,,,,,,,-0.0010751820921596534,-0.0005738018419297633,,,,,,,-0.0009546875473486579,,-0.001118623792852973,-0.0005782963733286909,,-0.0007508051219826733,,,-0.0014382305908109652,,,-0.00020784640436417588
640,2026-05-31,GSK,GB00BN7SWP63,00518002W,,-0.0003865401587868912,-0.00033206523386040276,-0.0005349939878862045,-0.0005187061147187088,,,,-0.0007826413815720446,,,,,,,-0.0005375910460798267,-0.0008295412396437777,-0.0011596204763606737,,,0.0012656429199136494,0.0009267259873844713,0.002171446186126359,0.0006651276606152812,,,,,,,,0.0010648438028119647,0.0011300383213514727,,,0.0012952486022508108,0.0010301744696971564,0.0010547024332613745,,,,0.0022148751098488863,0.0017037500844991435,,0.0022148751098488863,,,,,0.0010206797741239108,0.0003333563607652011
641,2026-05-31,GWO,CA39138C1068,01643101C,,,-0.00033206523386040276,,,,,,,,0.0006382925388613506,,,,,-0.0005375910460798267,,,-0.0008326598157326641,,,-0.00023562501168605175,,,,-0.0010857230930631796,,,,,,-0.0010751820921596534,-0.0005738018419297633,,,,-0.00034934938641149627,,,,,,-0.0005782963733286909,,-0.0007508051219826733,-0.0014107484776107557,,,,0.0010206797741239108,-9.329477496692087e-05
642,2026-05-31,GWW,US3848021040,00525601,-0.0012952486022508108,-0.0003865401587868912,-0.00033206523386040276,,-0.0005187061147187088,,-0.0003865401587868912,,,,-0.001893055649443493,,,,,,,,,0.0012656429199136494,0.0012656429199136494,-0.00023562501168605175,,0.0006651276606152812,,,,,,-0.0006671310571833996,-0.0011535807863796283,,-0.0005738018419297633,-0.0006552884940381321,,-0.00043772235372507634,-0.00034934938641149627,-0.0003578150419788185,-0.0003825345612865089,-0.0009546875473486579,-0.00120373647274396,,,-0.0005798102381803368,,,,,-0.0006836034289657057,,-0.00014061194283470003
643,2026-05-31,H,CA4488112083,02494401C,,,,,-0.0005187061147187088,,,0.0016406482295176937,,,0.0006382925388613506,,,,,,,,,,,-0.00023562501168605175,,0.0006651276606152812,,,,,,,,,,,,,,,,,,-0.001118623792852973,-0.0005782963733286909,-0.0005798102381803368,-0.0007508051219826733,-0.0014107484776107557,-0.0022600766427029453,-0.0014382305908109652,,,-0.0001533634079704005
644,2026-05-31,H,US4485791028,18336601,,,0.00098003323444641,,,,-0.0003865401587868912,-0.0005607278759111105,-0.0007826413815720446,-0.0006364583648991053,,-0.0009385064024783416,,,,-0.0005375910460798267,,,0.001652891873021557,-0.0012729167297982106,,-0.00023562501168605175,0.002171446186126359,,,,-0.0029930744727687656,-0.001942872903376216,,-0.0006671310571833996,,,-0.0005738018419297633,-0.0006552884940381321,,-0.00043772235372507634,-0.00034934938641149627,-0.0003578150419788185,-0.0003825345612865089,-0.0009546875473486579,-0.00120373647274396,,,,,,,,-0.0006836034289657057,,-0.00013741543404209035
645,2026-05-31,H78,BMG4587L1090,21057604W,,,,,,,,,,-0.0006364583648991053,,,-0.0011074375549244432,,,,,,,-0.0012729167297982106,-0.0012584517669595946,,-0.0007457491952353153,,,0.0031641072997841235,-0.0029930744727687656,-0.001942872903376216,-0.00046433440458047936,-0.0006671310571833996,,,,,,,,,-0.0003825345612865089,,,,-0.0005782963733286909,0.0011300383213514727,,,,,-0.0006836034289657057,-0.0010301744696971564,-0.000193263284168327
646,2026-05-31,HAG,DE000HAG0005,34011501W,,-0.0003865401587868912,-0.00033206523386040276,-0.0005349939878862045,,,-0.0003865401587868912,,,,0.0006382925388613506,,,,-0.0005859457962563192,,,,,,,-0.00023562501168605175,,0.0006651276606152812,,,,,,,0.0011476036838595266,,0.0011300383213514727,,,-0.00043772235372507634,-0.00034934938641149627,-0.0003578150419788185,0.0014765834065659244,,,,,-0.0005798102381803368,,,,,,0.0010206797741239108,3.70771932175997e-05
647,2026-05-31,HAL,US4062161017,00543901,-0.0012952486022508108,,,,-0.0005187061147187088,-0.0025169035339191893,,,,,0.0006382925388613506,,-0.0011074375549244432,,-0.0005859457962563192,,,,,,,-0.00023562501168605175,,0.0006651276606152812,,,,,,,-0.0011535807863796283,-0.0010751820921596534,-0.0005738018419297633,-0.0006552884940381321,,,,,-0.0003825345612865089,-0.0009546875473486579,0.0023314474840514595,,,-0.0005798102381803368,,,,,,,-0.00012845735236273996
648,2026-05-31,HBAN,US4461501045,00578601,-0.0012952486022508108,-0.0003865401587868912,-0.00033206523386040276,-0.0005349939878862045,0.0010159977568114159,0.0025169035339191893,,-0.0005607278759111105,,,0.0006382925388613506,,-0.0011074375549244432,,,-0.0005375910460798267,,,,,,-0.00023562501168605175,,,,-0.0010857230930631796,,,-0.00046433440458047936,,,,,,,,,,,,,,,0.0011300383213514727,,,,0.002839583474165239,,,0.0001100082459060476
649,2026-05-31,HCA,US40412C1018,02226004,,-0.0003865401587868912,-0.00033206523386040276,,,,,,0.00303407549294368,,,,0.0011019279153477047,,,-0.0005375910460798267,0.0016285846395947695,-0.0011596204763606737,,0.0012656429199136494,-0.0012584517669595946,-0.00023562501168605175,0.002171446186126359,-0.001977567062365077,,,0.0029930744727687656,0.001942872903376216,0.0009190353152899943,,,0.0010648438028119647,0.0011300383213514727,,,,0.0010301744696971564,0.0010547024332613745,,,-0.00120373647274396,0.0022148751098488863,0.0017037500844991435,0.0011300383213514727,0.0022148751098488863,,,,,,0.00020877315129637814
650,2026-05-31,HD,US4370761029,00568001,,,-0.00033206523386040276,,-0.0005187061147187088,-0.0025169035339191893,-0.0003865401587868912,0.0016406482295176937,0.00303407549294368,0.0024339286921416336,,-0.0009385064024783416,,,-0.0005859457962563192,-0.0005375910460798267,-0.0008295412396437777,,,0.0012656429199136494,0.0012656429199136494,-0.00023562501168605175,,,,,,,,-0.0006671310571833996,-0.0011535807863796283,,-0.0005738018419297633,-0.0006552884940381321,,-0.00043772235372507634,-0.00034934938641149627,-0.0003578150419788185,-0.0003825345612865089,-0.0009546875473486579,0.0023314474840514595,,,,,,,,-0.0006836034289657057,0.0010206797741239108,-2.3823464973397247e-05
651,2026-05-31,HEI,DE0006047004,10037301W,,-0.0003865401587868912,-0.00033206523386040276,-0.0005349939878862045,,,,-0.0005607278759111105,,-0.0006364583648991053,,-0.0009385064024783416,,,,0.0017578373887689573,,,0.001652891873021557,,,-0.00023562501168605175,,,,,,,,-0.0006671310571833996,,,,,,-0.00043772235372507634,-0.00034934938641149627,-0.0003578150419788185,-0.0003825345612865089,,,,0.0017037500844991435,,,,,,,,-1.3167275972104045e-05
652,2026-05-31,HEI,US4228061093,00556701,,-0.0003865401587868912,,,-0.0005187061147187088,-0.0025169035339191893,-0.0003865401587868912,,,,0.0006382925388613506,,,,0.0011300383213514727,,,,,-0.0012729167297982106,,-0.00023562501168605175,,0.0006651276606152812,,,,,,,,,,,,,,,-0.0003825345612865089,,-0.00120373647274396,,,-0.0005798102381803368,,,,,,,-0.00015166935238237404
653,2026-05-31,HEIA,NL0000009165,10483302W,,,-0.00033206523386040276,,0.0010159977568114159,,,,,,,,,,,,,,,,,0.0009267259873844713,,-0.001977567062365077,,,,,-0.00046433440458047936,-0.0006671310571833996,,-0.0010751820921596534,-0.0005738018419297633,,,0.0012952486022508108,0.0010301744696971564,0.0010547024332613745,-0.0003825345612865089,,,,,0.0011300383213514727,,,,,,,4.0784048669651826e-05
654,2026-05-31,HEIA,US4228062083,00556702,,,,,,,,,,,0.0006382925388613506,,,,0.0011300383213514727,,,,,-0.0012729167297982106,,-0.00023562501168605175,,0.0006651276606152812,,,,,,,,,,,,,,,-0.0003825345612865089,,,,,,,,,,,,-2.1349154544359723e-05
655,2026-05-31,HEIO,NL0000008977,20649301W,,,,,,,,,,,,,,,,,,,,,,0.0009267259873844713,,-0.001977567062365077,,,,,-0.00046433440458047936,-0.0006671310571833996,,-0.0010751820921596534,-0.0005738018419297633,,,,0.0010301744696971564,0.0010547024332613745,-0.0003825345612865089,,,,0.0017037500844991435,,,0.002768593887311108,,0.002839583474165239,,0.0010206797741239108,0.0001926506632768342
656,2026-05-31,HELN,CH0466642201,01634902W,,-0.0003865401587868912,-0.00033206523386040276,-0.0005349939878862045,-0.0005187061147187088,,-0.0003865401587868912,-0.0005607278759111105,,,0.0006382925388613506,,0.0011019279153477047,,,-0.0005375910460798267,0.0016285846395947695,,,,,0.0009267259873844713,-0.0007457491952353153,,,-0.0010857230930631796,,,-0.00046433440458047936,,,,0.0011300383213514727,,,,-0.00034934938641149627,-0.0003578150419788185,,,,-0.001118623792852973,-0.0005782963733286909,,-0.0007508051219826733,-0.0014107484776107557,,-0.0014382305908109652,,,-0.0001507005146494065
657,2026-05-31,HEN,DE0006048408,10194202W,,,-0.00033206523386040276,-0.0005349939878862045,,,,,,,,,-0.0011074375549244432,0.001830475297395774,,,-0.0008295412396437777,,-0.0008326598157326641,,-0.0012584517669595946,-0.00023562501168605175,-0.0007457491952353153,0.0006651276606152812,,,0.0029930744727687656,0.001942872903376216,-0.00046433440458047936,-0.0006671310571833996,-0.0011535807863796283,-0.0010751820921596534,-0.0005738018419297633,,,-0.00043772235372507634,-0.00034934938641149627,-0.0003578150419788185,-0.0003825345612865089,,,0.0022148751098488863,0.0017037500844991435,,0.0022148751098488863,,0.004429750219697773,0.002839583474165239,,-0.0010301744696971564,0.0003200235261711877
658,2026-05-31,HEN3,DE0006048432,10194201W,,,-0.00033206523386040276,,-0.0005187061147187088,,,,,,,,-0.0011074375549244432,0.001830475297395774,,,-0.0008295412396437777,,-0.0008326598157326641,,-0.0012584517669595946,-0.00023562501168605175,-0.0007457491952353153,0.0006651276606152812,,,0.0029930744727687656,0.001942872903376216,-0.00046433440458047936,-0.0006671310571833996,-0.0011535807863796283,-0.0010751820921596534,-0.0005738018419297633,,,-0.00043772235372507634,-0.00034934938641149627,-0.0003578150419788185,-0.0003825345612865089,,,0.0022148751098488863,0.0017037500844991435,,0.0022148751098488863,,0.004429750219697773,0.002839583474165239,,-0.0010301744696971564,0.00031743392980890657
659,2026-05-31,HEXA B,SE0015961909,10306502W,,0.0011476036838595266,0.00098003323444641,0.0010547024332613745,-0.0005187061147187088,,-0.0003865401587868912,-0.0005607278759111105,-0.0007826413815720446,-0.0006364583648991053,,-0.0009385064024783416,-0.0011074375549244432,,,,,-0.0011596204763606737,,-0.0012729167297982106,-0.0012584517669595946,0.0009267259873844713,,,,,,,-0.00046433440458047936,-0.0006671310571833996,,-0.0010751820921596534,-0.0005738018419297633,,,,0.0010301744696971564,0.0010547024332613745,-0.0003825345612865089,,,,,0.0011300383213514727,,,,,,,-3.7476190106391226e-05
660,2026-05-31,HIG,US4165151048,06173901,-0.0012952486022508108,-0.0003865401587868912,-0.00033206523386040276,-0.0005349939878862045,-0.0005187061147187088,-0.0025169035339191893,-0.0003865401587868912,-0.0005607278759111105,,,,,,,,-0.0005375910460798267,-0.0008295412396437777,,-0.0008326598157326641,,,-0.00023562501168605175,,,,-0.0010857230930631796,,,0.0009190353152899943,,,,,,,,0.0010301744696971564,0.0010547024332613745,,-0.0009546875473486579,,0.0022148751098488863,0.0017037500844991435,-0.0005798102381803368,0.0022148751098488863,0.002768593887311108,,,,,1.0268315470955464e-05
661,2026-05-31,HLMA,GB0004052071,10017401W,,-0.0003865401587868912,-0.00033206523386040276,-0.0005349939878862045,-0.0005187061147187088,,-0.0003865401587868912,-0.0005607278759111105,-0.0007826413815720446,-0.0006364583648991053,,,,,,,,-0.0011596204763606737,,,,-0.00023562501168605175,,,,,,,,,,,,,,-0.00043772235372507634,-0.00034934938641149627,-0.0003578150419788185,-0.0003825345612865089,,,,,-0.0005798102381803368,,,,,,,-0.0001451322025677787
662,2026-05-31,HLN,GB00BMX86B70,35344401W,,,,-0.0005349939878862045,-0.0005187061147187088,,,,-0.0007826413815720446,,,,,,,-0.0005375910460798267,-0.0008295412396437777,-0.0011596204763606737,0.001652891873021557,-0.0012729167297982106,,-0.00023562501168605175,0.002171446186126359,0.0006651276606152812,,,,0.001942872903376216,-0.00046433440458047936,,,,,,,-0.00043772235372507634,,,,,,,,,,,,,,,3.9265396299602825e-05
663,2026-05-31,HLT,US43300A2033,00564304,,-0.0003865401587868912,-0.00033206523386040276,,-0.0005187061147187088,,-0.0003865401587868912,,-0.0007826413815720446,-0.0006364583648991053,,-0.0009385064024783416,,,,-0.0005375910460798267,,,0.001652891873021557,,-0.0012584517669595946,-0.00023562501168605175,0.002171446186126359,,,,,,-0.00046433440458047936,,,,,,0.006514338558379078,-0.00043772235372507634,-0.00034934938641149627,-0.0003578150419788185,-0.0003825345612865089,-0.0009546875473486579,,,,,,,,,,,7.278951879980787e-05
664,2026-05-31,HM B,SE0000106270,10227601W,,,,,-0.0005187061147187088,,,-0.0005607278759111105,-0.0007826413815720446,-0.0006364583648991053,,-0.0009385064024783416,,,0.0011300383213514727,-0.0005375910460798267,-0.0008295412396437777,,,0.0012656429199136494,0.0012656429199136494,0.0009267259873844713,,,,,,,-0.00046433440458047936,-0.0006671310571833996,,,,0.001925978356390336,,,,-0.0003578150419788185,-0.0003825345612865089,,,,,,,,,,0.0013423485514235676,,0.0001225182348026071
665,2026-05-31,HNR1,DE0008402215,20482501W,,-0.0003865401587868912,-0.00033206523386040276,,-0.0005187061147187088,,-0.0003865401587868912,-0.0005607278759111105,,,,,0.0011019279153477047,,,-0.0005375910460798267,-0.0008295412396437777,,,,,-0.00023562501168605175,-0.0007457491952353153,,,,,,0.0009190353152899943,,,,-0.0005738018419297633,,,,,-0.0003578150419788185,,,,,,,,,,,,,-8.43408494935148e-05
666,2026-05-31,HO,FR0000121329,01355601W,,-0.0003865401587868912,-0.00033206523386040276,,0.0010159977568114159,,0.0011416882009530342,,,,0.0006382925388613506,,,,,,,,,0.0012656429199136494,,0.0009267259873844713,,0.0006651276606152812,,,,,,,,,,0.001925978356390336,,,0.0010301744696971564,,-0.0003825345612865089,,,,,0.0011300383213514727,,,,,,0.0010206797741239108,0.0002270149358360784
667,2026-05-31,HOLN,CH0012214059,10130401W,,,,,,,0.0011416882009530342,0.0016406482295176937,,-0.0006364583648991053,,-0.0009385064024783416,,,0.0011300383213514727,-0.0005375910460798267,,,0.001652891873021557,,,-0.00023562501168605175,,,,,,-0.001942872903376216,-0.00046433440458047936,-0.0006671310571833996,-0.0011535807863796283,-0.0010751820921596534,-0.0005738018419297633,-0.0006552884940381321,,-0.00043772235372507634,-0.00034934938641149627,-0.0003578150419788185,-0.0003825345612865089,,,,-0.0005782963733286909,-0.0005798102381803368,,-0.0014107484776107557,-0.0022600766427029453,,-0.0006836034289657057,,-0.00014094265434952337
668,2026-05-31,HON,US4385161066,00130001,-0.0012952486022508108,-0.0003865401587868912,-0.00033206523386040276,-0.0005349939878862045,-0.0005187061147187088,-0.0025169035339191893,-0.0003865401587868912,,,,0.0006382925388613506,,,,,,,,,,,-0.00023562501168605175,,0.0006651276606152812,,,,,-0.00046433440458047936,-0.0006671310571833996,,-0.0010751820921596534,-0.0005738018419297633,-0.0006552884940381321,,-0.00043772235372507634,-0.00034934938641149627,-0.0003578150419788185,-0.0003825345612865089,-0.0009546875473486579,0.0023314474840514595,,,-0.0005798102381803368,,,,,-0.0006836034289657057,0.0010206797741239108,-0.0001643800825352183
669,2026-05-31,HOOD,US7707001027,03929301,-0.0012952486022508108,-0.0003865401587868912,-0.00033206523386040276,-0.0005349939878862045,-0.0005187061147187088,-0.0025169035339191893,-0.0003865401587868912,-0.0005607278759111105,,,0.0006382925388613506,,-0.0011074375549244432,,0.0011300383213514727,-0.0005375910460798267,-0.0008295412396437777,,-0.0008326598157326641,,,0.0009267259873844713,-0.0007457491952353153,,,,,,,,,,,,,,-0.00034934938641149627,-0.0003578150419788185,,0.002734413715862823,0.0023314474840514595,-0.001118623792852973,-0.0005782963733286909,-0.0005798102381803368,-0.0007508051219826733,-0.0014107484776107557,,-0.0014382305908109652,,,-0.00016230030808271606
670,2026-05-31,HOT,DE0006070006,10005401W,,0.0011476036838595266,0.00098003323444641,0.0010547024332613745,,,0.0011416882009530342,,,,0.0006382925388613506,,,,0.0011300383213514727,,,,,0.0012656429199136494,0.0012656429199136494,-0.00023562501168605175,,0.0006651276606152812,,,,,0.0009190353152899943,-0.0006671310571833996,,,-0.0005738018419297633,0.001925978356390336,,-0.00043772235372507634,-0.00034934938641149627,,-0.0003825345612865089,,,,,,,,,,,0.0010206797741239108,0.0002108703840402149
671,2026-05-31,HPE,US42824C1099,02615601,,,-0.00033206523386040276,,0.0010159977568114159,0.0025169035339191893,0.0011416882009530342,,-0.0007826413815720446,-0.0006364583648991053,,-0.0009385064024783416,,,0.0011300383213514727,,,-0.0011596204763606737,,,,-0.00023562501168605175,,,,,,,0.0009190353152899943,-0.0006671310571833996,,-0.0010751820921596534,-0.0005738018419297633,,,-0.00043772235372507634,-0.00034934938641149627,-0.0003578150419788185,-0.0003825345612865089,-0.0009546875473486579,-0.00120373647274396,,,-0.0005798102381803368,,,,,,,-4.6451966952584435e-05
672,2026-05-31,HPQ,US40434L1052,00560601,-0.0012952486022508108,-0.0003865401587868912,-0.00033206523386040276,-0.0005349939878862045,-0.0005187061147187088,,0.0011416882009530342,-0.0005607278759111105,-0.0007826413815720446,-0.0006364583648991053,,-0.0009385064024783416,,,,,,-0.0011596204763606737,,0.0012656429199136494,-0.0012584517669595946,-0.00023562501168605175,,,,,,,0.0009190353152899943,-0.0006671310571833996,-0.0011535807863796283,,-0.0005738018419297633,,,-0.00043772235372507634,-0.00034934938641149627,-0.0003578150419788185,-0.0003825345612865089,-0.0009546875473486579,-0.00120373647274396,,,0.0011300383213514727,,,,,,,-0.00017594115986407704
673,2026-05-31,HSBA,GB0005405286,01550902W,,0.0011476036838595266,0.00098003323444641,0.0010547024332613745,,,-0.0003865401587868912,-0.0005607278759111105,,,0.0006382925388613506,,0.0011019279153477047,,,0.0017578373887689573,0.0016285846395947695,,0.001652891873021557,,,-0.00023562501168605175,,,,-0.0010857230930631796,,,,,,,,,,,-0.00034934938641149627,,,,,,-0.0005782963733286909,,-0.0007508051219826733,,,,,,7.018352844290744e-05
674,2026-05-31,HSY,US4278661081,00559701,0.0025169035339191893,,0.00098003323444641,0.0010547024332613745,0.0010159977568114159,0.0025169035339191893,,,,,,,,,-0.0005859457962563192,,0.0016285846395947695,,,,,-0.00023562501168605175,-0.0007457491952353153,,,,-0.0029930744727687656,,,-0.0006671310571833996,,,-0.0005738018419297633,,-0.005402134414265577,-0.00043772235372507634,-0.00034934938641149627,-0.0003578150419788185,-0.0003825345612865089,,-0.00120373647274396,-0.001118623792852973,-0.0005782963733286909,,-0.0007508051219826733,-0.0014107484776107557,-0.0022600766427029453,,,,-0.00021696248128010118
675,2026-05-31,HUBB,US4435106079,00576401,-0.0012952486022508108,-0.0003865401587868912,-0.00033206523386040276,-0.0005349939878862045,-0.0005187061147187088,,-0.0003865401587868912,,,,0.0006382925388613506,,,,-0.0005859457962563192,,,,,,,-0.00023562501168605175,,0.0006651276606152812,,,,,-0.00046433440458047936,,,,,-0.0006552884940381321,,,,-0.0003578150419788185,-0.0003825345612865089,-0.0009546875473486579,-0.00120373647274396,,,-0.0005798102381803368,,,,,,,-0.00015192122846107703
676,2026-05-31,HUM,US4448591028,02791401,,-0.0003865401587868912,-0.00033206523386040276,-0.0005349939878862045,,,,,-0.0007826413815720446,,,,0.0011019279153477047,,,-0.0005375910460798267,-0.0008295412396437777,-0.0011596204763606737,0.001652891873021557,0.0012656429199136494,0.0012656429199136494,-0.00023562501168605175,-0.0007457491952353153,0.0006651276606152812,,,-0.0029930744727687656,-0.001942872903376216,0.0009190353152899943,-0.0006671310571833996,-0.0011535807863796283,-0.0010751820921596534,-0.0005738018419297633,,,-0.00043772235372507634,-0.00034934938641149627,-0.0003578150419788185,,,-0.00120373647274396,0.0022148751098488863,-0.0005782963733286909,0.0011300383213514727,-0.0007508051219826733,,,,-0.0006836034289657057,,-2.838515177781431e-05
677,2026-05-31,HWM,US4432011082,02819201,,,0.00098003323444641,0.0010547024332613745,-0.0005187061147187088,,-0.0003865401587868912,,,,,,,,0.0011300383213514727,,,,,,,0.0009267259873844713,,,,,,,-0.00046433440458047936,0.001318378041576718,0.0011476036838595266,,,0.001925978356390336,,0.0012952486022508108,-0.00034934938641149627,-0.0003578150419788185,-0.0003825345612865089,0.002734413715862823,0.0023314474840514595,,,-0.0005798102381803368,,,,,-0.0006836034289657057,,0.0002126291539339493
678,2026-05-31,IAG,AU000000IAG3,23911601W,,-0.0003865401587868912,-0.00033206523386040276,-0.0005349939878862045,-0.0005187061147187088,,0.0011416882009530342,,,,,,0.0011019279153477047,,,-0.0005375910460798267,-0.0008295412396437777,,-0.0008326598157326641,,,-0.00023562501168605175,-0.0007457491952353153,,,,,,0.0009190353152899943,,,,-0.0005738018419297633,,,,-0.00034934938641149627,-0.0003578150419788185,,,,,-0.0005782963733286909,-0.0005798102381803368,-0.0007508051219826733,,,-0.0014382305908109652,,,-0.0001391044722432763
679,2026-05-31,IAG,CA45075E1043,12947201C,,-0.0003865401587868912,-0.00033206523386040276,-0.0005349939878862045,,,-0.0003865401587868912,-0.0005607278759111105,,,,,,,,-0.0005375910460798267,-0.0008295412396437777,,-0.0008326598157326641,,,-0.00023562501168605175,,,,,,,,,,0.0010648438028119647,0.0011300383213514727,,,,-0.00034934938641149627,,,,,,-0.0005782963733286909,,-0.0007508051219826733,,,-0.0014382305908109652,,,-0.00013783185513354328
680,2026-05-31,IAG,ES0177542018,01314501W,,-0.0003865401587868912,-0.00033206523386040276,-0.0005349939878862045,0.0010159977568114159,,0.0011416882009530342,,,,-0.001893055649443493,,,,-0.0005859457962563192,,,,,0.0012656429199136494,0.0012656429199136494,-0.00023562501168605175,,-0.001977567062365077,,,,,0.0009190353152899943,,-0.0011535807863796283,0.0010648438028119647,-0.0005738018419297633,,,,0.0010301744696971564,0.0010547024332613745,-0.0003825345612865089,,,,,0.0011300383213514727,,,,,0.0013423485514235676,0.0010206797741239108,0.00016012847145114724
681,2026-05-31,IBE,ES0144580Y14,10095701W,,,0.00098003323444641,,,,-0.0003865401587868912,,,,0.0006382925388613506,,,,,,,,,,,0.0009267259873844713,,0.0006651276606152812,,-0.0010857230930631796,,,-0.00046433440458047936,,,,,0.001925978356390336,,0.0012952486022508108,,,,,,,-0.0005782963733286909,,-0.0007508051219826733,-0.0014107484776107557,,-0.0014382305908109652,,,1.127041868660227e-05
682,2026-05-31,IBKR,US45841N1072,17670101,,-0.0003865401587868912,,,-0.0005187061147187088,,-0.0003865401587868912,-0.0005607278759111105,,,0.0006382925388613506,,-0.0011074375549244432,,-0.0005859457962563192,-0.0005375910460798267,0.0016285846395947695,,,,,-0.00023562501168605175,,,,0.0031641072997841235,,,,,,0.0010648438028119647,0.0011300383213514727,,,,-0.00034934938641149627,-0.0003578150419788185,,0.002734413715862823,,-0.001118623792852973,0.0017037500844991435,-0.0005798102381803368,-0.0007508051219826733,-0.0014107484776107557,,-0.0014382305908109652,,0.0010206797741239108,-9.023167149846371e-06
683,2026-05-31,IBM,US4592001014,00606601,-0.0012952486022508108,-0.0003865401587868912,-0.00033206523386040276,-0.0005349939878862045,-0.0005187061147187088,-0.0025169035339191893,-0.0003865401587868912,-0.0005607278759111105,-0.0007826413815720446,-0.0006364583648991053,,-0.0009385064024783416,,,,,,-0.0011596204763606737,,,0.0012656429199136494,-0.00023562501168605175,,,,,,,,-0.0006671310571833996,,,-0.0005738018419297633,,,,0.0010301744696971564,0.0010547024332613745,-0.0003825345612865089,-0.0009546875473486579,-0.00120373647274396,,,,,,,,,0.0010206797741239108,-0.00015958794516394298
684,2026-05-31,ICE,US45866F1049,16361001,0.0025169035339191893,0.0011476036838595266,0.00098003323444641,0.0010547024332613745,-0.0005187061147187088,,-0.0003865401587868912,0.0016406482295176937,,,-0.001893055649443493,,,,,-0.0005375910460798267,,,,,,-0.00023562501168605175,-0.0007457491952353153,,,-0.0010857230930631796,,,-0.00046433440458047936,,,,,,,,-0.00034934938641149627,-0.0003578150419788185,,-0.0009546875473486579,0.0023314474840514595,-0.001118623792852973,-0.0005782963733286909,-0.0005798102381803368,-0.0007508051219826733,-0.0014107484776107557,,-0.0014382305908109652,,,-6.067537746816973e-05
685,2026-05-31,ICL,IL0002810146,22021102W,,,,,,,,,,-0.0006364583648991053,,-0.0009385064024783416,-0.0011074375549244432,,-0.0005859457962563192,-0.0005375910460798267,-0.0008295412396437777,,-0.0008326598157326641,,,-0.00023562501168605175,,,,,,,,-0.0006671310571833996,-0.0011535807863796283,-0.0010751820921596534,-0.0005738018419297633,-0.0006552884940381321,,-0.00043772235372507634,-0.00034934938641149627,-0.0003578150419788185,-0.0003825345612865089,,,,,,,0.002768593887311108,,,-0.0006836034289657057,,-0.00010406233005482457
686,2026-05-31,IDR,ES0118594417,21686101W,,0.0011476036838595266,,,,,0.0011416882009530342,,-0.0007826413815720446,-0.0006364583648991053,,-0.0009385064024783416,-0.0011074375549244432,,0.0011300383213514727,,,-0.0011596204763606737,,0.0012656429199136494,0.0012656429199136494,-0.00023562501168605175,,,,,,,0.0009190353152899943,-0.0006671310571833996,,,,,,-0.00043772235372507634,0.0010301744696971564,0.0010547024332613745,-0.0003825345612865089,,,,,0.0011300383213514727,,,,,,0.0010206797741239108,0.00014968701689858712
687,2026-05-31,IDXX,US45168D1046,02419701,,-0.0003865401587868912,-0.00033206523386040276,,-0.0005187061147187088,-0.0025169035339191893,,,0.00303407549294368,,,,,0.001830475297395774,0.0011300383213514727,-0.0005375910460798267,,0.004520153285405891,,0.0012656429199136494,0.0012656429199136494,-0.00023562501168605175,,0.0006651276606152812,,,,,-0.00046433440458047936,0.001318378041576718,0.0011476036838595266,,,,,0.0012952486022508108,-0.00034934938641149627,-0.0003578150419788185,,,-0.00120373647274396,-0.001118623792852973,-0.0005782963733286909,-0.0005798102381803368,-0.0007508051219826733,,,,,,0.0001714633013239043
688,2026-05-31,IEX,US45167R1041,01526701,,,,,,,,,,,0.0006382925388613506,,,,-0.0005859457962563192,,,,,-0.0012729167297982106,-0.0012584517669595946,-0.00023562501168605175,,0.0006651276606152812,,,,,-0.00046433440458047936,,,,,-0.0006552884940381321,,-0.00043772235372507634,-0.00034934938641149627,-0.0003578150419788185,-0.0003825345612865089,-0.0009546875473486579,0.0023314474840514595,,,-0.0005798102381803368,,,,,,-0.0010301744696971564,-0.00011601046161776338
689,2026-05-31,IFC,CA45823T1066,16249101C,,,-0.00033206523386040276,,,,0.0011416882009530342,0.0016406482295176937,,,-0.001893055649443493,,,,,-0.0005375910460798267,-0.0008295412396437777,,-0.0008326598157326641,,,0.0009267259873844713,,,,-0.0010857230930631796,,,-0.00046433440458047936,,,,,,,,0.0010301744696971564,,,,,,-0.0005782963733286909,,-0.0007508051219826733,,,,,-0.0010301744696971564,3.020125338524768e-05
690,2026-05-31,IFF,US4595061015,00607801,-0.0012952486022508108,-0.0003865401587868912,-0.00033206523386040276,-0.0005349939878862045,,,-0.0003865401587868912,-0.0005607278759111105,,-0.0006364583648991053,,-0.0009385064024783416,,,-0.0005859457962563192,-0.0005375910460798267,0.0016285846395947695,,-0.0008326598157326641,,,-0.00023562501168605175,,,,,,,-0.00046433440458047936,-0.0006671310571833996,,,-0.0005738018419297633,-0.0006552884940381321,,-0.00043772235372507634,-0.00034934938641149627,-0.0003578150419788185,-0.0003825345612865089,-0.0009546875473486579,-0.00120373647274396,,-0.0005782963733286909,-0.0005798102381803368,,-0.0014107484776107557,-0.0022600766427029453,,-0.0006836034289657057,,-0.0003872028612308719
691,2026-05-31,IFT,NZIFTE0003S3,20982801W,,-0.0003865401587868912,-0.00033206523386040276,,,,-0.0003865401587868912,,,,-0.001893055649443493,,,,-0.0005859457962563192,0.0017578373887689573,,,,,,0.0009267259873844713,-0.0007457491952353153,,,-0.0010857230930631796,,,,,,,-0.0005738018419297633,,,,0.0010301744696971564,0.0010547024332613745,,,,-0.001118623792852973,-0.0005782963733286909,,-0.0007508051219826733,-0.0014107484776107557,,-0.0014382305908109652,,-0.0010301744696971564,-0.00012268305025569317
692,2026-05-31,IFX,DE0006231004,13274001W,,-0.0003865401587868912,-0.00033206523386040276,-0.0005349939878862045,,,-0.0003865401587868912,-0.0005607278759111105,-0.0007826413815720446,-0.0006364583648991053,,-0.0009385064024783416,,,-0.0005859457962563192,,,-0.0011596204763606737,,,,-0.00023562501168605175,,,,,,,-0.00046433440458047936,,,,0.0011300383213514727,,,-0.00043772235372507634,-0.00034934938641149627,-0.0003578150419788185,-0.0003825345612865089,,,,,,,,,,,,-0.00012245238905295118
693,2026-05-31,IG,IT0005211237,32281101W,,,-0.00033206523386040276,,0.0010159977568114159,,,,,,0.0006382925388613506,,-0.0011074375549244432,,,,,,,,,-0.00023562501168605175,,0.0006651276606152812,,-0.0010857230930631796,,,0.0009190353152899943,,0.0011476036838595266,,,0.001925978356390336,,,,,,,,0.0022148751098488863,0.0017037500844991435,0.0011300383213514727,0.0022148751098488863,0.002768593887311108,,0.002839583474165239,,0.0010206797741239108,0.00039337675123954195
694,2026-05-31,IGM,CA4495861060,01433301C,,,-0.00033206523386040276,,,,-0.0003865401587868912,,,,,,,,0.0011300383213514727,-0.0005375910460798267,,,-0.0008326598157326641,,,-0.00023562501168605175,,,,-0.0010857230930631796,,,,,,,-0.0005738018419297633,,,,,,,,,,-0.0005782963733286909,,-0.0007508051219826733,,,,,-0.0010301744696971564,-9.495335751030871e-05
695,2026-05-31,IHG,GB00BHJYC057,02006701W,,-0.0003865401587868912,-0.00033206523386040276,,,,-0.0003865401587868912,-0.0005607278759111105,-0.0007826413815720446,0.0024339286921416336,,-0.0009385064024783416,,,,0.0017578373887689573,,,-0.0008326598157326641,0.0012656429199136494,-0.0012584517669595946,0.0009267259873844713,0.002171446186126359,,,,,,,0.001318378041576718,0.0011476036838595266,,,0.001925978356390336,,0.0012952486022508108,0.0010301744696971564,,0.0014765834065659244,,,,,,,,,,,,0.0001953597341761571
696,2026-05-31,III,GB00B1YW4409,21083501W,,-0.0003865401587868912,-0.00033206523386040276,-0.0005349939878862045,0.0010159977568114159,,-0.0003865401587868912,-0.0005607278759111105,,,0.0006382925388613506,,0.0011019279153477047,,,0.0017578373887689573,,,,,,-0.00023562501168605175,-0.0007457491952353153,,,,,,0.0009190353152899943,,,,-0.0005738018419297633,,,,0.0010301744696971564,0.0010547024332613745,,,,0.0022148751098488863,0.0017037500844991435,0.0011300383213514727,0.0022148751098488863,,,0.002839583474165239,,-0.0010301744696971564,0.00021960469009598638
697,2026-05-31,ILMN,US4523271090,13820501,,,,,-0.0005187061147187088,-0.0025169035339191893,,,-0.0007826413815720446,,,,,,-0.0005859457962563192,-0.0005375910460798267,,0.004520153285405891,,,,0.0009267259873844713,-0.0007457491952353153,0.0006651276606152812,,,0.0029930744727687656,0.001942872903376216,-0.00046433440458047936,,,,,,,0.0012952486022508108,0.0010301744696971564,0.0010547024332613745,,,-0.00120373647274396,,-0.0005782963733286909,-0.0005798102381803368,,,,,,,5.1735522561991805e-05
698,2026-05-31,IMB,GB0004544929,21277301W,,,-0.00033206523386040276,-0.0005349939878862045,0.0010159977568114159,,,,,,,,,0.001830475297395774,-0.0005859457962563192,,-0.0008295412396437777,,-0.0008326598157326641,,,-0.00023562501168605175,0.002171446186126359,0.0006651276606152812,,,,,,,,0.0010648438028119647,,,,-0.00043772235372507634,-0.00034934938641149627,-0.0003578150419788185,-0.0003825345612865089,,,0.0022148751098488863,0.0017037500844991435,0.0011300383213514727,0.0022148751098488863,0.002768593887311108,,0.002839583474165239,0.0013423485514235676,0.0010206797741239108,0.0005779654452527585
699,2026-05-31,IMO,CA4530384086,00590303C,,,,,-0.0005187061147187088,,-0.0003865401587868912,-0.0005607278759111105,,,0.0006382925388613506,,,,-0.0005859457962563192,,,,,0.0012656429199136494,,-0.00023562501168605175,,0.0006651276606152812,,,,,,,,,,-0.0006552884940381321,0.006514338558379078,,,,-0.0003825345612865089,,,,,-0.0005798102381803368,,,,,0.0013423485514235676,,0.00016387530874406532
700,2026-05-31,INCY,US45337C1027,02912701,,-0.0003865401587868912,-0.00033206523386040276,-0.0005349939878862045,0.0010159977568114159,0.0025169035339191893,,,0.00303407549294368,,,,,0.001830475297395774,-0.0005859457962563192,0.0017578373887689573,-0.0008295412396437777,0.004520153285405891,,0.0012656429199136494,,0.0009267259873844713,-0.0007457491952353153,0.0006651276606152812,,,,0.001942872903376216,0.0009190353152899943,0.001318378041576718,0.0011476036838595266,0.0010648438028119647,0.0011300383213514727,,,0.0012952486022508108,0.0010301744696971564,0.0010547024332613745,,,-0.00120373647274396,0.0022148751098488863,0.0017037500844991435,0.0011300383213514727,0.0022148751098488863,,,,0.0013423485514235676,-0.0010301744696971564,0.0006310622357892686
701,2026-05-31,INDT,SE0001515552,27419601W,,-0.0003865401587868912,-0.00033206523386040276,-0.0005349939878862045,-0.0005187061147187088,,-0.0003865401587868912,,,,0.0006382925388613506,,,,-0.0005859457962563192,,,,,,,-0.00023562501168605175,,0.0006651276606152812,,,,,-0.00046433440458047936,-0.0006671310571833996,,-0.0010751820921596534,-0.0005738018419297633,-0.0006552884940381321,,-0.00043772235372507634,-0.00034934938641149627,-0.0003578150419788185,-0.0003825345612865089,,,,,-0.0005798102381803368,,,,,0.0013423485514235676,,-4.8430790600506e-05
702,2026-05-31,INDU A,SE0000190126,10303601W,,,,,,,,,,,,,0.0011019279153477047,,,0.0017578373887689573,-0.0008295412396437777,,-0.0008326598157326641,,,0.0009267259873844713,-0.0007457491952353153,,,-0.0010857230930631796,,,0.0009190353152899943,,,,,,,,0.0010301744696971564,0.0010547024332613745,,,,0.0022148751098488863,0.0017037500844991435,,0.0022148751098488863,0.002768593887311108,,0.002839583474165239,,-0.0010301744696971564,0.00030316428473765617
703,2026-05-31,INDU C,SE0000107203,10303603W,,,,,,,,,,,,,0.0011019279153477047,,,0.0017578373887689573,-0.0008295412396437777,,-0.0008326598157326641,,,0.0009267259873844713,-0.0007457491952353153,,,-0.0010857230930631796,,,0.0009190353152899943,,,,,,,,0.0010301744696971564,0.0010547024332613745,,,,0.0022148751098488863,0.0017037500844991435,,0.0022148751098488863,0.002768593887311108,,0.002839583474165239,,-0.0010301744696971564,0.00030316428473765617
704,2026-05-31,INF,GB00BMJ6DW54,22060101W,,-0.0003865401587868912,-0.00033206523386040276,-0.0005349939878862045,-0.0005187061147187088,,-0.0003865401587868912,-0.0005607278759111105,,-0.0006364583648991053,,-0.0009385064024783416,,,,,-0.0008295412396437777,,,,,-0.00023562501168605175,,,,,,,0.0009190353152899943,,,,,,,,-0.00034934938641149627,-0.0003578150419788185,,,,,,,,,,,0.0013423485514235676,,-4.116696106067258e-05
705,2026-05-31,INGA,NL0011821202,01561704W,,-0.0003865401587868912,-0.00033206523386040276,-0.0005349939878862045,0.0010159977568114159,,0.0011416882009530342,-0.0005607278759111105,,,0.0006382925388613506,,0.0011019279153477047,,,0.0017578373887689573,,,0.001652891873021557,,,0.0009267259873844713,0.002171446186126359,,,-0.0010857230930631796,,,0.0009190353152899943,,,,,,,,0.0010301744696971564,,,,,0.0022148751098488863,0.0017037500844991435,0.0011300383213514727,0.0022148751098488863,,,0.002839583474165239,,0.0010206797741239108,0.00046198738574138807
706,2026-05-31,INPST,LU2290522684,34636101W,,-0.0003865401587868912,-0.00033206523386040276,-0.0005349939878862045,-0.0005187061147187088,,-0.0003865401587868912,,,,-0.001893055649443493,,,,,,,,,,0.0012656429199136494,-0.00023562501168605175,,-0.001977567062365077,,,,,0.0009190353152899943,-0.0006671310571833996,-0.0011535807863796283,,-0.0005738018419297633,-0.0006552884940381321,,-0.00043772235372507634,-0.00034934938641149627,-0.0003578150419788185,-0.0003825345612865089,,,,,-0.0005798102381803368,,,,,,0.0010206797741239108,-0.00013603995449730654
707,2026-05-31,INSM,US4576693075,13618601,,-0.0003865401587868912,-0.00033206523386040276,-0.0005349939878862045,,,,,-0.0007826413815720446,,,,0.0011019279153477047,-0.0018457292582074053,0.0011300383213514727,0.0017578373887689573,,-0.0011596204763606737,0.001652891873021557,-0.0012729167297982106,,0.0009267259873844713,-0.0007457491952353153,,,,-0.0029930744727687656,-0.001942872903376216,-0.00046433440458047936,-0.0006671310571833996,-0.0011535807863796283,,-0.0005738018419297633,,,-0.00043772235372507634,-0.00034934938641149627,-0.0003578150419788185,,,-0.00120373647274396,-0.001118623792852973,-0.0005782963733286909,,-0.0007508051219826733,,,,-0.0006836034289657057,0.0010206797741239108,-0.00031709894844180364
708,2026-05-31,INTC,US4581401001,00600801,0.0025169035339191893,0.0011476036838595266,0.00098003323444641,0.0010547024332613745,,,0.0011416882009530342,0.0016406482295176937,-0.0007826413815720446,-0.0006364583648991053,,-0.0009385064024783416,,,,,,-0.0011596204763606737,,-0.0012729167297982106,-0.0012584517669595946,0.0009267259873844713,,,,,,,-0.00046433440458047936,-0.0006671310571833996,0.0011476036838595266,-0.0010751820921596534,0.0011300383213514727,,,0.0012952486022508108,0.0010301744696971564,0.0010547024332613745,-0.0003825345612865089,,0.0023314474840514595,,,-0.0005798102381803368,,,,,,,0.00021148772646383966
709,2026-05-31,INTU,US4612021034,02792801,-0.0012952486022508108,-0.0003865401587868912,-0.00033206523386040276,-0.0005349939878862045,,,,0.0016406482295176937,-0.0007826413815720446,-0.0006364583648991053,,,0.0011019279153477047,,-0.0005859457962563192,,,-0.0011596204763606737,,,,-0.00023562501168605175,,,,,,,,,,0.0010648438028119647,0.0011300383213514727,,,,,,-0.0003825345612865089,,-0.00120373647274396,,,,,,,,,,-2.771796739666917e-05
710,2026-05-31,INVH,US46187W1071,03000401,,,,,,,,,,-0.0006364583648991053,,,0.0011019279153477047,,,,,,,,,,,,,-0.0010857230930631796,,,,,,0.0010648438028119647,,,,,,,-0.0003825345612865089,0.002734413715862823,,,-0.0005782963733286909,-0.0005798102381803368,,,,,,,8.039098967974385e-05
711,2026-05-31,IONQ,US46222L1089,03980001,0.0025169035339191893,0.0011476036838595266,0.00098003323444641,,,,,-0.0005607278759111105,-0.0007826413815720446,-0.0006364583648991053,,-0.0009385064024783416,-0.0011074375549244432,,-0.0005859457962563192,,,-0.0011596204763606737,,-0.0012729167297982106,-0.0012584517669595946,0.0009267259873844713,,,,,,,-0.00046433440458047936,-0.0006671310571833996,-0.0011535807863796283,-0.0010751820921596534,-0.0005738018419297633,,,-0.00043772235372507634,-0.00034934938641149627,-0.0003578150419788185,0.0014765834065659244,-0.0009546875473486579,-0.00120373647274396,,,,,,,,,,-0.00011412440362299537
712,2026-05-31,IOT,US79589L1061,04029201,0.0025169035339191893,0.0011476036838595266,0.00098003323444641,0.0010547024332613745,-0.0005187061147187088,-0.0025169035339191893,0.0011416882009530342,0.0016406482295176937,-0.0007826413815720446,-0.0006364583648991053,,-0.0009385064024783416,,,,,,-0.0011596204763606737,,,,0.0009267259873844713,,,,,,,,,0.0011476036838595266,,0.0011300383213514727,,,0.0012952486022508108,0.0010301744696971564,0.0010547024332613745,0.0014765834065659244,,-0.00120373647274396,,,-0.0005798102381803368,,,,,,,0.00019343541797005046
713,2026-05-31,IP,US4601461035,00610401,-0.0012952486022508108,-0.0003865401587868912,-0.00033206523386040276,-0.0005349939878862045,0.0010159977568114159,,-0.0003865401587868912,-0.0005607278759111105,,-0.0006364583648991053,,-0.0009385064024783416,-0.0011074375549244432,-0.0018457292582074053,0.0011300383213514727,-0.0005375910460798267,,,,,,-0.00023562501168605175,,,-0.005273512166306872,,,-0.001942872903376216,-0.00046433440458047936,-0.0006671310571833996,-0.0011535807863796283,-0.0010751820921596534,-0.0005738018419297633,,-0.005402134414265577,-0.00043772235372507634,-0.00034934938641149627,-0.0003578150419788185,-0.0003825345612865089,-0.0009546875473486579,-0.00120373647274396,,-0.0005782963733286909,-0.0005798102381803368,,-0.0014107484776107557,-0.0022600766427029453,,-0.0006836034289657057,,-0.0006816971178788648
714,2026-05-31,IPN,FR0010259150,27472201W,,0.0011476036838595266,0.00098003323444641,0.0010547024332613745,-0.0005187061147187088,,,,-0.0007826413815720446,,,,,0.001830475297395774,0.0011300383213514727,0.0017578373887689573,-0.0008295412396437777,-0.0011596204763606737,,,,-0.00023562501168605175,-0.0007457491952353153,0.0006651276606152812,,,,,,,0.0011476036838595266,0.0010648438028119647,0.0011300383213514727,,,,,-0.0003578150419788185,,,,-0.001118623792852973,,-0.0005798102381803368,-0.0007508051219826733,,,,0.0013423485514235676,,0.00020944672816392048
715,2026-05-31,IQV,US46266C1053,01792801,,-0.0003865401587868912,-0.00033206523386040276,-0.0005349939878862045,0.0010159977568114159,,,,-0.0007826413815720446,,,,,-0.0018457292582074053,,-0.0005375910460798267,0.0016285846395947695,-0.0011596204763606737,0.001652891873021557,,0.0012656429199136494,-0.00023562501168605175,0.002171446186126359,0.0006651276606152812,,,,,0.0009190353152899943,-0.0006671310571833996,,,,,,-0.00043772235372507634,-0.00034934938641149627,-0.0003578150419788185,,,-0.00120373647274396,,,,,,,,0.0013423485514235676,0.0010206797741239108,3.91135253132795e-05
716,2026-05-31,IR,US45687V1061,03009802,-0.0012952486022508108,-0.0003865401587868912,-0.00033206523386040276,-0.0005349939878862045,,,-0.0003865401587868912,,,,0.0006382925388613506,,,,-0.0005859457962563192,,,,,-0.0012729167297982106,-0.0012584517669595946,-0.00023562501168605175,,0.0006651276606152812,,,,,,-0.0006671310571833996,,,-0.0005738018419297633,-0.0006552884940381321,,-0.00043772235372507634,-0.00034934938641149627,-0.0003578150419788185,-0.0003825345612865089,-0.0009546875473486579,-0.00120373647274396,,,,,,,,,-0.0010301744696971564,-0.0002457098527721577
717,2026-05-31,IREN,AU0000185993,03996001,-0.0012952486022508108,-0.0003865401587868912,-0.00033206523386040276,,,,0.0011416882009530342,,-0.0007826413815720446,-0.0006364583648991053,,,0.0011019279153477047,,-0.0005859457962563192,,,-0.0011596204763606737,,-0.0012729167297982106,-0.0012584517669595946,0.0009267259873844713,,,,,,,,0.001318378041576718,-0.0011535807863796283,0.0010648438028119647,-0.0005738018419297633,,,0.0012952486022508108,0.0010301744696971564,0.0010547024332613745,-0.0003825345612865089,-0.0009546875473486579,,,,,,,,,,,-1.977248359594612e-05
718,2026-05-31,IRM,US46284V1017,06237401,,,,,,,,,,0.0024339286921416336,,,,-0.0018457292582074053,,,,,,0.0012656429199136494,-0.0012584517669595946,,-0.0007457491952353153,,,0.0031641072997841235,,-0.001942872903376216,0.0009190353152899943,0.001318378041576718,-0.0011535807863796283,,,,,,,,0.0014765834065659244,-0.0009546875473486579,,,-0.0005782963733286909,-0.0005798102381803368,,,,,-0.0006836034289657057,,-0.00021517295210762217
719,2026-05-31,ISP,IT0000072618,01634803W,,-0.0003865401587868912,-0.00033206523386040276,,,,-0.0003865401587868912,-0.0005607278759111105,,,0.0006382925388613506,,0.0011019279153477047,,,0.0017578373887689573,,,,,,-0.00023562501168605175,,,,-0.0010857230930631796,,,-0.00046433440458047936,,,,,,,,-0.00034934938641149627,,,,,0.0022148751098488863,0.0017037500844991435,0.0011300383213514727,0.0022148751098488863,,,,,,0.00010519082304624177
720,2026-05-31,ISRG,US46120E6023,13672501,,,0.00098003323444641,0.0010547024332613745,-0.0005187061147187088,-0.0025169035339191893,,,0.00303407549294368,,,,0.0011019279153477047,,-0.0005859457962563192,-0.0005375910460798267,-0.0008295412396437777,0.004520153285405891,-0.0008326598157326641,,-0.0012584517669595946,-0.00023562501168605175,-0.0007457491952353153,,,,,,-0.00046433440458047936,,0.0011476036838595266,,,,,,-0.00034934938641149627,,,,,-0.001118623792852973,-0.0005782963733286909,-0.0005798102381803368,-0.0007508051219826733,,,,-0.0006836034289657057,-0.0010301744696971564,-0.0001771442172274035
721,2026-05-31,ITRK,GB0031638363,25238401W,,-0.0003865401587868912,-0.00033206523386040276,-0.0005349939878862045,-0.0005187061147187088,,-0.0003865401587868912,,,,,,,,-0.0005859457962563192,,,,,,0.0012656429199136494,-0.00023562501168605175,,,,,,,,-0.0006671310571833996,-0.0011535807863796283,-0.0010751820921596534,-0.0005738018419297633,,,-0.00043772235372507634,-0.00034934938641149627,-0.0003578150419788185,-0.0003825345612865089,,,,,,,,,,-0.0006836034289657057,,-0.00010670879427697822
722,2026-05-31,ITW,US4523081093,00587801,-0.0012952486022508108,-0.0003865401587868912,-0.00033206523386040276,,-0.0005187061147187088,,-0.0003865401587868912,,,,0.0006382925388613506,,,,-0.0005859457962563192,,,,,,0.0012656429199136494,-0.00023562501168605175,,0.0006651276606152812,,,,,-0.00046433440458047936,-0.0006671310571833996,,,-0.0005738018419297633,-0.0006552884940381321,,-0.00043772235372507634,-0.00034934938641149627,-0.0003578150419788185,-0.0003825345612865089,-0.0009546875473486579,-0.00120373647274396,,,,,,,,-0.0006836034289657057,0.0010206797741239108,-0.000125301222772489
723,2026-05-31,ITX,ES0148396007,24566301W,,,,,-0.0005187061147187088,,-0.0003865401587868912,-0.0005607278759111105,0.00303407549294368,0.0024339286921416336,,0.002734413715862823,,0.001830475297395774,,-0.0005375910460798267,0.0016285846395947695,,,,,-0.00023562501168605175,-0.0007457491952353153,,,,,,-0.00046433440458047936,,,,-0.0005738018419297633,,,,-0.00034934938641149627,-0.0003578150419788185,-0.0003825345612865089,,,,,,,,,,-0.0006836034289657057,,7.58145844755926e-05
724,2026-05-31,IVN,CA46579R1047,01600501C,,-0.0003865401587868912,-0.00033206523386040276,-0.0005349939878862045,,,-0.0003865401587868912,-0.0005607278759111105,,-0.0006364583648991053,,-0.0009385064024783416,-0.0011074375549244432,-0.0018457292582074053,0.0011300383213514727,-0.0005375910460798267,-0.0008295412396437777,,-0.0008326598157326641,,,-0.00023562501168605175,,,-0.005273512166306872,,,-0.001942872903376216,,,0.0011476036838595266,,,-0.0006552884940381321,-0.005402134414265577,-0.00043772235372507634,-0.00034934938641149627,-0.0003578150419788185,-0.0003825345612865089,,,,-0.0005782963733286909,0.0011300383213514727,,-0.0014107484776107557,-0.0022600766427029453,,-0.0006836034289657057,,-0.0005954692026037823
725,2026-05-31,IVSB.F,SE0015811963,01569902,,,,,,,,,,,,,,,,,,,,,,,,,,,,,,,,,,,,,,,,,0.0023314474840514595,,,,,,,,,,5.9245897031969754e-05
726,2026-05-31,J,US46982L1089,00621601,,-0.0003865401587868912,-0.00033206523386040276,,0.0010159977568114159,0.0025169035339191893,-0.0003865401587868912,,,,0.0006382925388613506,,,,,,,,,,0.0012656429199136494,-0.00023562501168605175,,0.0006651276606152812,,,,,0.0009190353152899943,,,,0.0011300383213514727,-0.0006552884940381321,,-0.00043772235372507634,-0.00034934938641149627,-0.0003578150419788185,0.0014765834065659244,,-0.00120373647274396,,,,,,,,0.0013423485514235676,,0.00017771658766289279
727,2026-05-31,J36,BMG507361001,10042403W,,-0.0003865401587868912,-0.00033206523386040276,-0.0005349939878862045,,,-0.0003865401587868912,,,,0.0006382925388613506,,,,,,,,,0.0012656429199136494,,0.0009267259873844713,,0.0006651276606152812,,,,,-0.00046433440458047936,,,,,,,0.0012952486022508108,0.0010301744696971564,0.0010547024332613745,-0.0003825345612865089,,,,,,,,,,0.0013423485514235676,,0.00017766412192721297
728,2026-05-31,JBHT,US4456581077,00578301,,-0.0003865401587868912,,,,,-0.0003865401587868912,,,,-0.001893055649443493,,,,,,,,,0.0012656429199136494,0.0012656429199136494,-0.00023562501168605175,,,,,,,,,0.0011476036838595266,,0.0011300383213514727,-0.0006552884940381321,,,-0.00034934938641149627,-0.0003578150419788185,0.0014765834065659244,0.002734413715862823,,,,,,,,,,,0.00017491135627520826
729,2026-05-31,JBL,US4663131039,02819501,,,,,,,-0.0003865401587868912,-0.0005607278759111105,-0.0007826413815720446,-0.0006364583648991053,,-0.0009385064024783416,,,0.0011300383213514727,,,-0.0011596204763606737,,0.0012656429199136494,0.0012656429199136494,-0.00023562501168605175,,,,,,,0.0009190353152899943,-0.0006671310571833996,,,,,,-0.00043772235372507634,-0.00034934938641149627,-0.0003578150419788185,-0.0003825345612865089,-0.0009546875473486579,-0.00120373647274396,,,,,,,,,0.0010206797741239108,-6.591417069450471e-05
730,2026-05-31,JCI,IE00BY7QL619,00626801,0.0025169035339191893,,,,,,-0.0003865401587868912,,,,0.0006382925388613506,,,,-0.0005859457962563192,,,,,,,-0.00023562501168605175,,0.0006651276606152812,,,,,,-0.0006671310571833996,-0.0011535807863796283,-0.0010751820921596534,-0.0005738018419297633,-0.0006552884940381321,,,,,-0.0003825345612865089,-0.0009546875473486579,0.0023314474840514595,,,,,,,,-0.0006836034289657057,,-1.8763033787481496e-05
731,2026-05-31,JMT,PTJMT0AE0001,22110201W,,,-0.00033206523386040276,-0.0005349939878862045,,,,,,,,,0.0011019279153477047,,-0.0005859457962563192,,,,0.001652891873021557,0.0012656429199136494,0.0012656429199136494,-0.00023562501168605175,0.002171446186126359,0.0006651276606152812,,,,,0.0009190353152899943,0.001318378041576718,0.0011476036838595266,0.0010648438028119647,0.0011300383213514727,,,-0.00043772235372507634,,,0.0014765834065659244,,,,,0.0011300383213514727,-0.0007508051219826733,0.002768593887311108,0.004429750219697773,,0.0013423485514235676,0.0010206797741239108,0.0005769402402038213
732,2026-05-31,JNJ,US4781601046,00626601,,-0.0003865401587868912,-0.00033206523386040276,,-0.0005187061147187088,,,,-0.0007826413815720446,,,,,,-0.0005859457962563192,-0.0005375910460798267,,-0.0011596204763606737,0.001652891873021557,,,-0.00023562501168605175,0.002171446186126359,,,,,,-0.00046433440458047936,-0.0006671310571833996,-0.0011535807863796283,,-0.0005738018419297633,,,-0.00043772235372507634,-0.00034934938641149627,-0.0003578150419788185,,,,,-0.0005782963733286909,-0.0005798102381803368,-0.0007508051219826733,,,,-0.0006836034289657057,,-5.8482591431499566e-05
733,2026-05-31,JPM,US46625H1005,00296801,0.0025169035339191893,0.0011476036838595266,,,-0.0005187061147187088,,,0.0016406482295176937,,,0.0006382925388613506,,-0.0011074375549244432,,,-0.0005375910460798267,,,,,,-0.00023562501168605175,,,,,,,-0.00046433440458047936,,,,,,,,-0.00034934938641149627,,,,,,-0.0005782963733286909,-0.0005798102381803368,-0.0007508051219826733,,,,,,2.068764787536876e-05
734,2026-05-31,K,CA4969024047,00864401C,,0.0011476036838595266,0.00098003323444641,,,,-0.0003865401587868912,-0.0005607278759111105,,0.0024339286921416336,,0.002734413715862823,0.0011019279153477047,0.001830475297395774,0.0011300383213514727,0.0017578373887689573,0.0016285846395947695,,,,,0.0009267259873844713,,,0.005402134414265577,,,0.001942872903376216,0.0009190353152899943,0.001318378041576718,0.0011476036838595266,0.0010648438028119647,0.0011300383213514727,,0.006514338558379078,0.0012952486022508108,0.0010301744696971564,0.0010547024332613745,-0.0003825345612865089,,,,0.0017037500844991435,,,,0.004429750219697773,,0.0013423485514235676,,0.0007674350244141824
735,2026-05-31,KBC,BE0003565737,01570301W,,-0.0003865401587868912,-0.00033206523386040276,,,,,-0.0005607278759111105,,,,,0.0011019279153477047,,,0.0017578373887689573,0.0016285846395947695,,,,,-0.00023562501168605175,,,,-0.0010857230930631796,,,,,,,,,,,-0.00034934938641149627,,,,,,,,,,,,,,-4.474080992196194e-06
736,2026-05-31,KBX,DE000KBX1006,32874501W,,-0.0003865401587868912,-0.00033206523386040276,-0.0005349939878862045,,,-0.0003865401587868912,,,,0.0006382925388613506,,,,0.0011300383213514727,,,,,,,-0.00023562501168605175,,0.0006651276606152812,,,,,-0.00046433440458047936,,,,,,,,,,-0.0003825345612865089,,,,,,,,,,,,-2.231901051855462e-05
737,2026-05-31,KDP,US49271V1008,02887702,0.0025169035339191893,,0.00098003323444641,0.0010547024332613745,0.0010159977568114159,0.0025169035339191893,,,,,,,,,,,-0.0008295412396437777,,,-0.0012729167297982106,-0.0012584517669595946,-0.00023562501168605175,-0.0007457491952353153,0.0006651276606152812,0.005402134414265577,,-0.0029930744727687656,-0.001942872903376216,,-0.0006671310571833996,,,-0.0005738018419297633,,,,,,-0.0003825345612865089,,-0.00120373647274396,,-0.0005782963733286909,,-0.0007508051219826733,-0.0014107484776107557,-0.0022600766427029453,,-0.0006836034289657057,,-0.00015481200139337662
738,2026-05-31,KER,FR0000121485,22237901W,,-0.0003865401587868912,-0.00033206523386040276,-0.0005349939878862045,0.0010159977568114159,,-0.0003865401587868912,-0.0005607278759111105,-0.0007826413815720446,-0.0006364583648991053,,-0.0009385064024783416,,,-0.0005859457962563192,0.0017578373887689573,,,-0.0008326598157326641,-0.0012729167297982106,,-0.00023562501168605175,-0.0007457491952353153,,,,-0.0029930744727687656,,-0.00046433440458047936,-0.0006671310571833996,0.0011476036838595266,-0.0010751820921596534,0.0011300383213514727,-0.0006552884940381321,,-0.00043772235372507634,-0.00034934938641149627,-0.0003578150419788185,-0.0003825345612865089,,,,,,,,,,,,-0.00018413733001701837
739,2026-05-31,KESKOB,FI0009000202,10197101W,,,-0.00033206523386040276,-0.0005349939878862045,-0.0005187061147187088,,,,,,,,,,,,,,,0.0012656429199136494,,-0.00023562501168605175,,,,,,,,,,,,,,-0.00043772235372507634,,,0.0014765834065659244,,,,-0.0005782963733286909,-0.0005798102381803368,-0.0007508051219826733,0.002768593887311108,,,-0.0006836034289657057,,4.330673844577628e-05
740,2026-05-31,KEY,CA4932711001,15413501C,,,,,,,,0.0016406482295176937,,,0.0006382925388613506,,,,0.0011300383213514727,,,,,,,-0.00023562501168605175,,0.0006651276606152812,,,,0.001942872903376216,,,-0.0011535807863796283,-0.0010751820921596534,-0.0005738018419297633,,,,,,-0.0003825345612865089,,,,,,,,,,-0.0006836034289657057,0.0010206797741239108,4.5607332620411194e-05
741,2026-05-31,KEY,US4932671088,00978301,,-0.0003865401587868912,-0.00033206523386040276,,0.0010159977568114159,0.0025169035339191893,,,,,0.0006382925388613506,,-0.0011074375549244432,,,-0.0005375910460798267,,,,,,0.0009267259873844713,,,,-0.0010857230930631796,,,,,,,,,,,0.0010301744696971564,,,,0.0023314474840514595,,-0.0005782963733286909,0.0011300383213514727,-0.0007508051219826733,,,,,,0.0001637157898281983
742,2026-05-31,KEYS,US49338L1035,02023201,,,,,-0.0005187061147187088,,,0.0016406482295176937,-0.0007826413815720446,-0.0006364583648991053,,,,,,,,-0.0011596204763606737,,,,-0.00023562501168605175,,,,,,,-0.00046433440458047936,,,,,,,,-0.00034934938641149627,-0.0003578150419788185,-0.0003825345612865089,,0.0023314474840514595,,,-0.0005798102381803368,,,,,,,2.7291877010012044e-05
743,2026-05-31,KGF,GB0033195214,10076001W,,-0.0003865401587868912,-0.00033206523386040276,-0.0005349939878862045,,,-0.0003865401587868912,-0.0005607278759111105,-0.0007826413815720446,-0.0006364583648991053,,-0.0009385064024783416,0.0011019279153477047,,-0.0005859457962563192,-0.0005375910460798267,,,-0.0008326598157326641,,,-0.00023562501168605175,-0.0007457491952353153,,,,0.0029930744727687656,0.001942872903376216,0.0009190353152899943,,,0.0010648438028119647,0.0011300383213514727,,,,0.0010301744696971564,0.0010547024332613745,-0.0003825345612865089,,,,,,,,,,0.0013423485514235676,,3.711416220952012e-05
744,2026-05-31,KHC,US5007541064,00556804,-0.0012952486022508108,,-0.00033206523386040276,-0.0005349939878862045,-0.0005187061147187088,-0.0025169035339191893,,,,,,,,,,,,,,-0.0012729167297982106,-0.0012584517669595946,-0.00023562501168605175,-0.0007457491952353153,0.0006651276606152812,,,0.0029930744727687656,0.001942872903376216,-0.00046433440458047936,,,,0.0011300383213514727,,0.006514338558379078,-0.00043772235372507634,-0.00034934938641149627,-0.0003578150419788185,0.0014765834065659244,,-0.00120373647274396,0.0022148751098488863,-0.0005782963733286909,-0.0005798102381803368,-0.0007508051219826733,-0.0014107484776107557,-0.0022600766427029453,-0.0014382305908109652,,-0.0010301744696971564,-0.00021125457724312596
745,2026-05-31,KIM,US49446R1095,02473101,,,,,,,,,,,,,-0.0011074375549244432,,,,,,,,,,,,,-0.0010857230930631796,0.0029930744727687656,,,,,0.0010648438028119647,,,,,,,-0.0003825345612865089,,,,-0.0005782963733286909,,,,,,,,-2.0487762442546244e-05
746,2026-05-31,KKR,US48251W1045,17974101,-0.0012952486022508108,-0.0003865401587868912,-0.00033206523386040276,-0.0005349939878862045,,0.0025169035339191893,-0.0003865401587868912,-0.0005607278759111105,,,0.0006382925388613506,,-0.0011074375549244432,,,-0.0005375910460798267,-0.0008295412396437777,,-0.0008326598157326641,,,-0.00023562501168605175,,,,0.0031641072997841235,,,-0.00046433440458047936,,,-0.0010751820921596534,-0.0005738018419297633,,,,-0.00034934938641149627,,,-0.0009546875473486579,0.0023314474840514595,-0.001118623792852973,-0.0005782963733286909,-0.0005798102381803368,-0.0007508051219826733,-0.0014107484776107557,,-0.0014382305908109652,,,-0.00016844789702105957
747,2026-05-31,KLAC,US4824801009,00630401,-0.0012952486022508108,-0.0003865401587868912,-0.00033206523386040276,,-0.0005187061147187088,-0.0025169035339191893,-0.0003865401587868912,-0.0005607278759111105,0.00303407549294368,0.0024339286921416336,,0.002734413715862823,,,0.0011300383213514727,,,0.004520153285405891,,,0.0012656429199136494,-0.00023562501168605175,,,,,,,-0.00046433440458047936,0.001318378041576718,0.0011476036838595266,,,,,0.0012952486022508108,,,-0.0003825345612865089,,-0.00120373647274396,,,,,,,,,,6.824882191434943e-06
748,2026-05-31,KMB,US4943681035,00643501,-0.0012952486022508108,,-0.00033206523386040276,,-0.0005187061147187088,,,,,,,,,,0.0011300383213514727,,,,0.001652891873021557,,0.0012656429199136494,-0.00023562501168605175,0.002171446186126359,-0.001977567062365077,,,-0.0029930744727687656,,-0.00046433440458047936,-0.0006671310571833996,-0.0011535807863796283,-0.0010751820921596534,-0.0005738018419297633,,,-0.00043772235372507634,-0.00034934938641149627,-0.0003578150419788185,-0.0003825345612865089,,-0.00120373647274396,,-0.0005782963733286909,,-0.0007508051219826733,,,,-0.0006836034289657057,0.0010206797741239108,-0.00010042124645126096
749,2026-05-31,KMI,US49456B1017,00631004,-0.0012952486022508108,,,,-0.0005187061147187088,-0.0025169035339191893,0.0011416882009530342,0.0016406482295176937,,,0.0006382925388613506,,0.0011019279153477047,,,,,,,-0.0012729167297982106,-0.0012584517669595946,0.0009267259873844713,,,,,,,,,,,,-0.0006552884940381321,,,,,0.0014765834065659244,,,,,-0.0005798102381803368,,,,,-0.0006836034289657057,,-4.197730059176979e-05
750,2026-05-31,KNEBV,FI0009013403,10102301W,,-0.0003865401587868912,-0.00033206523386040276,-0.0005349939878862045,,,-0.0003865401587868912,,,,0.0006382925388613506,,,,,,,,,0.0012656429199136494,0.0012656429199136494,-0.00023562501168605175,,0.0006651276606152812,,,,,-0.00046433440458047936,-0.0006671310571833996,-0.0011535807863796283,,,-0.0006552884940381321,,-0.00043772235372507634,-0.00034934938641149627,-0.0003578150419788185,-0.0003825345612865089,,,,,,,,,,-0.0006836034289657057,0.0010206797741239108,-1.119990723370437e-05
751,2026-05-31,KNIN,CH0025238863,21144701W,,0.0011476036838595266,0.00098003323444641,0.0010547024332613745,-0.0005187061147187088,,-0.0003865401587868912,,,,0.0006382925388613506,,,,,,,,,0.0012656429199136494,0.0012656429199136494,-0.00023562501168605175,,0.0006651276606152812,,,,,-0.00046433440458047936,-0.0006671310571833996,,,,-0.0006552884940381321,,-0.00043772235372507634,-0.00034934938641149627,-0.0003578150419788185,0.0014765834065659244,,,,,-0.0005798102381803368,,,,,0.0013423485514235676,0.0010206797741239108,0.00019978158629163664
752,2026-05-31,KO,US1912161007,00314401,,,,,,,,,,,,,,,,,-0.0008295412396437777,,,-0.0012729167297982106,,-0.00023562501168605175,-0.0007457491952353153,,-0.005273512166306872,,-0.0029930744727687656,-0.001942872903376216,-0.00046433440458047936,,,,,,,0.0012952486022508108,,,-0.0003825345612865089,,,-0.001118623792852973,-0.0005782963733286909,,-0.0007508051219826733,-0.0014107484776107557,-0.0022600766427029453,-0.0014382305908109652,-0.0006836034289657057,,-0.0003487334466200119
753,2026-05-31,KOG,NO0013536151,21178701W,,-0.0003865401587868912,-0.00033206523386040276,-0.0005349939878862045,,,0.0011416882009530342,,,,0.0006382925388613506,,,,0.0011300383213514727,,,,,,,0.0009267259873844713,,,,,,,,-0.0006671310571833996,-0.0011535807863796283,,-0.0005738018419297633,0.001925978356390336,,0.0012952486022508108,,,-0.0003825345612865089,,,,,-0.0005798102381803368,,,,,,,7.081679157441593e-05
754,2026-05-31,KPN,NL0000009082,06144001W,,-0.0003865401587868912,-0.00033206523386040276,,,,-0.0003865401587868912,,,0.0024339286921416336,,0.002734413715862823,0.0011019279153477047,,,,0.0016285846395947695,,,,,-0.00023562501168605175,,,,,,,,,,,,,,,-0.00034934938641149627,-0.0003578150419788185,,,,,,,,,,,,,1.8130569029984167e-05
755,2026-05-31,KR,US5010441013,00650201,-0.0012952486022508108,,-0.00033206523386040276,,,,,,,,,,0.0011019279153477047,,,,0.0016285846395947695,,,0.0012656429199136494,0.0012656429199136494,-0.00023562501168605175,,0.0006651276606152812,-0.005273512166306872,,,,0.0009190353152899943,0.001318378041576718,0.0011476036838595266,,,,,-0.00043772235372507634,-0.00034934938641149627,-0.0003578150419788185,0.0014765834065659244,,-0.00120373647274396,,-0.0005782963733286909,-0.0005798102381803368,-0.0007508051219826733,,,,,0.0010206797741239108,7.712135485482892e-05
756,2026-05-31,KRX,IE0004927939,10257401W,,-0.0003865401587868912,-0.00033206523386040276,-0.0005349939878862045,,,-0.0003865401587868912,,,,,,,,,,,,,,,-0.00023562501168605175,,,,,,,,-0.0006671310571833996,,,-0.0005738018419297633,-0.0006552884940381321,,-0.00043772235372507634,-0.00034934938641149627,-0.0003578150419788185,-0.0003825345612865089,,,,,,,,,,,,-9.574692699738193e-05
757,2026-05-31,KRZ,IE0004906560,10080103W,,,-0.00033206523386040276,-0.0005349939878862045,0.0010159977568114159,,,,,,,,-0.0011074375549244432,,0.0011300383213514727,,-0.0008295412396437777,,-0.0008326598157326641,-0.0012729167297982106,-0.0012584517669595946,-0.00023562501168605175,-0.0007457491952353153,0.0006651276606152812,,,,,-0.00046433440458047936,-0.0006671310571833996,-0.0011535807863796283,-0.0010751820921596534,-0.0005738018419297633,,,-0.00043772235372507634,-0.00034934938641149627,-0.0003578150419788185,-0.0003825345612865089,,,,-0.0005782963733286909,0.0011300383213514727,,,,,,-0.0010301744696971564,-0.00019886230788684716
758,2026-05-31,KVUE,US49177J1025,04189701,0.0025169035339191893,,0.00098003323444641,0.0010547024332613745,,0.0025169035339191893,,,,,,,,,-0.0005859457962563192,,,,,-0.0012729167297982106,,-0.00023562501168605175,,0.0006651276606152812,-0.005273512166306872,,,,-0.00046433440458047936,0.001318378041576718,,,,,-0.005402134414265577,0.0012952486022508108,,,-0.0003825345612865089,,0.0023314474840514595,,-0.0005782963733286909,,-0.0007508051219826733,-0.0014107484776107557,-0.0022600766427029453,,-0.0006836034289657057,,-0.0001067375687210032
759,2026-05-31,L,CA5394811015,00677101C,,,-0.00033206523386040276,,,,,,,,,,,,,,0.0016285846395947695,,,,,-0.00023562501168605175,-0.0007457491952353153,0.0006651276606152812,,,,,,,,,,,,,,-0.0003578150419788185,-0.0003825345612865089,,,-0.001118623792852973,-0.0005782963733286909,,-0.0007508051219826733,,,-0.0014382305908109652,,,-0.0001091832072717762
760,2026-05-31,L,US5404241086,00678101,,,,,,,,,,,-0.001893055649443493,,,,,-0.0005375910460798267,-0.0008295412396437777,,-0.0008326598157326641,,,-0.00023562501168605175,,,,-0.0010857230930631796,,,0.0009190353152899943,,,,,,,,,,,-0.0009546875473486579,,,-0.0005782963733286909,,-0.0007508051219826733,,,,,,-0.0001013074681721328
761,2026-05-31,LAND,GB00BYW0PQ60,01560201W,,,,,,,,,,-0.0006364583648991053,,,-0.0011074375549244432,,,,,,,,,,,,,-0.0010857230930631796,-0.0029930744727687656,-0.001942872903376216,0.0009190353152899943,-0.0006671310571833996,-0.0011535807863796283,-0.0010751820921596534,,,,,,,-0.0003825345612865089,,,,,,,,,,-0.0006836034289657057,,-0.00010830220786785766
762,2026-05-31,LATO B,SE0010100958,01629901W,,,,,,,,,,,0.0006382925388613506,,,,,,,,,-0.0012729167297982106,-0.0012584517669595946,-0.00023562501168605175,,0.0006651276606152812,,,,,-0.00046433440458047936,-0.0006671310571833996,,,-0.0005738018419297633,,,-0.00043772235372507634,-0.00034934938641149627,-0.0003578150419788185,-0.0003825345612865089,,,,,,,,,,,-0.0010301744696971564,-0.00012328542828850264
763,2026-05-31,LDO,IT0003856405,01626701W,,-0.0003865401587868912,-0.00033206523386040276,-0.0005349939878862045,0.0010159977568114159,,0.0011416882009530342,,,,,,,,,,,,,,,-0.00023562501168605175,,,,,,,0.0009190353152899943,,,,-0.0005738018419297633,0.001925978356390336,,-0.00043772235372507634,,-0.0003578150419788185,-0.0003825345612865089,,,,,0.0011300383213514727,,,,,-0.0006836034289657057,,2.418896261245342e-05
764,2026-05-31,LDOS,US5253271028,16512301,,-0.0003865401587868912,-0.00033206523386040276,,,,,,,,0.0006382925388613506,,,,-0.0005859457962563192,,,,,,0.0012656429199136494,-0.00023562501168605175,,0.0006651276606152812,,,,,0.0009190353152899943,0.001318378041576718,0.0011476036838595266,0.0010648438028119647,0.0011300383213514727,,,0.0012952486022508108,0.0010301744696971564,,-0.0003825345612865089,0.002734413715862823,,,,,,,,,0.0013423485514235676,,0.00027925336546518283
765,2026-05-31,LEN,US5260571048,00666901,-0.0012952486022508108,-0.0003865401587868912,-0.00033206523386040276,-0.0005349939878862045,-0.0005187061147187088,-0.0025169035339191893,-0.0003865401587868912,-0.0005607278759111105,-0.0007826413815720446,-0.0006364583648991053,,,,,0.0011300383213514727,-0.0005375910460798267,0.0016285846395947695,,-0.0008326598157326641,,,-0.00023562501168605175,,,,,-0.0029930744727687656,-0.001942872903376216,-0.00046433440458047936,-0.0006671310571833996,-0.0011535807863796283,-0.0010751820921596534,-0.0005738018419297633,-0.0006552884940381321,,-0.00043772235372507634,-0.00034934938641149627,-0.0003578150419788185,-0.0003825345612865089,-0.0009546875473486579,,,,,,,,,-0.0006836034289657057,-0.0010301744696971564,-0.00035756960275358664
766,2026-05-31,LGEN,GB0005603997,01560301W,,0.0011476036838595266,0.00098003323444641,0.0010547024332613745,0.0010159977568114159,,-0.0003865401587868912,-0.0005607278759111105,,,0.0006382925388613506,,,,0.0011300383213514727,-0.0005375910460798267,,,,,,-0.00023562501168605175,-0.0007457491952353153,,,-0.0010857230930631796,,,0.0009190353152899943,,,0.0010648438028119647,0.0011300383213514727,,,,0.0010301744696971564,0.0010547024332613745,,,,-0.001118623792852973,-0.0005782963733286909,-0.0005798102381803368,-0.0007508051219826733,-0.0014107484776107557,,,,0.0010206797741239108,1.7666646195162466e-05
767,2026-05-31,LH,US5049221055,01496001,,,,,,,,,-0.0007826413815720446,,,,,,,-0.0005375910460798267,,-0.0011596204763606737,,,,-0.00023562501168605175,,0.0006651276606152812,,,-0.0029930744727687656,-0.001942872903376216,0.0009190353152899943,-0.0006671310571833996,,,,,,-0.00043772235372507634,,,,,-0.00120373647274396,,-0.0005782963733286909,-0.0005798102381803368,-0.0007508051219826733,,,,,,-0.00010951078709425434
768,2026-05-31,LHA,DE0008232125,10010301W,,-0.0003865401587868912,-0.00033206523386040276,-0.0005349939878862045,0.0010159977568114159,,-0.0003865401587868912,,,,-0.001893055649443493,,,,,,,,,,,-0.00023562501168605175,,-0.001977567062365077,,,,,0.0009190353152899943,,,,-0.0005738018419297633,,,-0.00043772235372507634,-0.00034934938641149627,-0.0003578150419788185,-0.0003825345612865089,,,,,0.0011300383213514727,,,,,-0.0006836034289657057,0.0010206797741239108,-0.00011292788323675721
769,2026-05-31,LHX,US5024311095,00549201,-0.0012952486022508108,-0.0003865401587868912,-0.00033206523386040276,,,,,,,,0.0006382925388613506,,,,,,,,,,,-0.00023562501168605175,,0.0006651276606152812,,,,,-0.00046433440458047936,,,,,-0.0006552884940381321,,-0.00043772235372507634,-0.00034934938641149627,-0.0003578150419788185,-0.0003825345612865089,-0.0009546875473486579,0.0023314474840514595,,,,,,,,,,-3.617893525941161e-05
770,2026-05-31,LI,FR0000121964,01593601W,,,,,,,,,,-0.0006364583648991053,,,,0.001830475297395774,,,,,,,,,,,,,0.0029930744727687656,-0.001942872903376216,,,,0.0010648438028119647,,,,,,,-0.0003825345612865089,,,,0.0017037500844991435,0.0011300383213514727,,,,,0.0013423485514235676,,0.00027000247037921673
771,2026-05-31,LIFCO B,SE0015949201,23422502W,,-0.0003865401587868912,-0.00033206523386040276,-0.0005349939878862045,-0.0005187061147187088,,-0.0003865401587868912,,,,0.0006382925388613506,,,,-0.0005859457962563192,,,,,,,-0.00023562501168605175,,0.0006651276606152812,,,,,-0.00046433440458047936,,,,,-0.0006552884940381321,,-0.00043772235372507634,-0.00034934938641149627,-0.0003578150419788185,-0.0003825345612865089,,,,,-0.0005798102381803368,,,,,,,-8.911312158720814e-05
772,2026-05-31,LII,US5261071071,12238001,,-0.0003865401587868912,-0.00033206523386040276,,,,-0.0003865401587868912,,,,,,,,-0.0005859457962563192,,,,,0.0012656429199136494,0.0012656429199136494,-0.00023562501168605175,,0.0006651276606152812,,,,,-0.00046433440458047936,-0.0006671310571833996,-0.0011535807863796283,-0.0010751820921596534,-0.0005738018419297633,,,-0.00043772235372507634,-0.00034934938641149627,-0.0003578150419788185,-0.0003825345612865089,-0.0009546875473486579,-0.00120373647274396,,,,,,,,,,-6.576749878641176e-05
773,2026-05-31,LIN,IE000S9YS762,02512401,,-0.0003865401587868912,-0.00033206523386040276,,-0.0005187061147187088,,-0.0003865401587868912,,,-0.0006364583648991053,,-0.0009385064024783416,,0.001830475297395774,-0.0005859457962563192,-0.0005375910460798267,0.0016285846395947695,,0.001652891873021557,,,-0.00023562501168605175,,,0.005402134414265577,,,,-0.00046433440458047936,,,,,-0.0006552884940381321,0.006514338558379078,-0.00043772235372507634,-0.00034934938641149627,-0.0003578150419788185,-0.0003825345612865089,-0.0009546875473486579,0.0023314474840514595,,-0.0005782963733286909,-0.0005798102381803368,,-0.0014107484776107557,-0.0022600766427029453,,-0.0006836034289657057,,0.00012890282516022503
774,2026-05-31,LISN,CH0010570759,10189502W,,,-0.00033206523386040276,-0.0005349939878862045,-0.0005187061147187088,,,,,,,,-0.0011074375549244432,0.001830475297395774,-0.0005859457962563192,,-0.0008295412396437777,,-0.0008326598157326641,,-0.0012584517669595946,-0.00023562501168605175,-0.0007457491952353153,,,,-0.0029930744727687656,-0.001942872903376216,,-0.0006671310571833996,-0.0011535807863796283,-0.0010751820921596534,-0.0005738018419297633,,,-0.00043772235372507634,-0.00034934938641149627,-0.0003578150419788185,-0.0003825345612865089,,,-0.001118623792852973,-0.0005782963733286909,-0.0005798102381803368,-0.0007508051219826733,-0.0014107484776107557,-0.0022600766427029453,-0.0014382305908109652,-0.0006836034289657057,-0.0010301744696971564,-0.00035082508258610416
775,2026-05-31,LISP,CH0010570767,10189503W,,,-0.00033206523386040276,-0.0005349939878862045,,,,,,,,,-0.0011074375549244432,0.001830475297395774,-0.0005859457962563192,,-0.0008295412396437777,,-0.0008326598157326641,,-0.0012584517669595946,-0.00023562501168605175,-0.0007457491952353153,,,,-0.0029930744727687656,-0.001942872903376216,0.0009190353152899943,-0.0006671310571833996,-0.0011535807863796283,-0.0010751820921596534,-0.0005738018419297633,,,-0.00043772235372507634,0.0010301744696971564,0.0010547024332613745,-0.0003825345612865089,,,0.0022148751098488863,0.0017037500844991435,,0.0022148751098488863,0.002768593887311108,0.004429750219697773,0.002839583474165239,-0.0006836034289657057,-0.0010301744696971564,0.0003610380439962509
776,2026-05-31,LITE,US55024U1097,02324901,,,0.00098003323444641,0.0010547024332613745,0.0010159977568114159,0.0025169035339191893,-0.0003865401587868912,0.0016406482295176937,-0.0007826413815720446,-0.0006364583648991053,,-0.0009385064024783416,,,,,,-0.0011596204763606737,,,0.0012656429199136494,0.0009267259873844713,,,,,,,-0.00046433440458047936,,,,-0.0005738018419297633,,,0.0012952486022508108,0.0010301744696971564,,-0.0003825345612865089,-0.0009546875473486579,-0.00120373647274396,,,,,,,,,0.0010206797741239108,0.00019440822034972536
777,2026-05-31,LLOY,GB0008706128,01592901W,,0.0011476036838595266,0.00098003323444641,,0.0010159977568114159,,0.0011416882009530342,,,,-0.001893055649443493,,0.0011019279153477047,,,0.0017578373887689573,,,0.001652891873021557,,,-0.00023562501168605175,,,,-0.0010857230930631796,,,,,,,,,,,,,,,,,,0.0011300383213514727,,,,,,0.0010206797741239108,0.00018361490564615358
778,2026-05-31,LLY,US5324571083,00673001,,0.0011476036838595266,0.00098003323444641,0.0010547024332613745,0.0010159977568114159,,,,0.00303407549294368,,,,-0.0011074375549244432,0.001830475297395774,-0.0005859457962563192,0.0017578373887689573,-0.0008295412396437777,0.004520153285405891,-0.0008326598157326641,0.0012656429199136494,0.0012656429199136494,0.0009267259873844713,-0.0007457491952353153,-0.001977567062365077,,,,,,0.001318378041576718,0.0011476036838595266,,,,,0.0012952486022508108,,,,,,-0.001118623792852973,-0.0005782963733286909,,-0.0007508051219826733,,,,-0.0006836034289657057,0.0010206797741239108,0.0002712472548607292
779,2026-05-31,LMT,US5398301094,00677401,,-0.0003865401587868912,-0.00033206523386040276,,0.0010159977568114159,0.0025169035339191893,-0.0003865401587868912,,,,0.0006382925388613506,,,,-0.0005859457962563192,,,,,0.0012656429199136494,0.0012656429199136494,-0.00023562501168605175,,0.0006651276606152812,,,,,,,,,,-0.0006552884940381321,,-0.00043772235372507634,-0.00034934938641149627,-0.0003578150419788185,-0.0003825345612865089,-0.0009546875473486579,,,,0.0011300383213514727,,,,,-0.0006836034289657057,0.0010206797741239108,8.497546850786992e-05
780,2026-05-31,LNT,US0188021085,01155401,-0.0012952486022508108,,-0.00033206523386040276,,,,,0.0016406482295176937,,,-0.001893055649443493,,0.0011019279153477047,,,,,,,,,-0.00023562501168605175,,-0.001977567062365077,,-0.0010857230930631796,,,,,,,,-0.0006552884940381321,,,,,,-0.0009546875473486579,,,-0.0005782963733286909,,-0.0007508051219826733,,,,,,-0.00012216716034408684
781,2026-05-31,LOGN,CH0025751329,10269601W,,-0.0003865401587868912,-0.00033206523386040276,-0.0005349939878862045,-0.0005187061147187088,,0.0011416882009530342,-0.0005607278759111105,0.00303407549294368,0.0024339286921416336,,,0.0011019279153477047,,0.0011300383213514727,,,0.004520153285405891,,0.0012656429199136494,0.0012656429199136494,-0.00023562501168605175,,,,,,,,-0.0006671310571833996,,,-0.0005738018419297633,,,-0.00043772235372507634,-0.00034934938641149627,-0.0003578150419788185,-0.0003825345612865089,,,,,,,,,,,,0.00010585354874412099
782,2026-05-31,LONN,CH0013841017,23139701W,,-0.0003865401587868912,-0.00033206523386040276,,,,,,-0.0007826413815720446,,,,,,0.0011300383213514727,-0.0005375910460798267,-0.0008295412396437777,-0.0011596204763606737,-0.0008326598157326641,,,-0.00023562501168605175,-0.0007457491952353153,-0.001977567062365077,,,,,,-0.0006671310571833996,,,-0.0005738018419297633,,,,,0.0010547024332613745,,,,-0.001118623792852973,-0.0005782963733286909,,-0.0007508051219826733,,,,-0.0006836034289657057,,-0.00023203247721587371
783,2026-05-31,LOTB,BE0003604155,21188501W,,,0.00098003323444641,0.0010547024332613745,-0.0005187061147187088,,,,,,,,,0.001830475297395774,-0.0005859457962563192,,-0.0008295412396437777,,-0.0008326598157326641,,,-0.00023562501168605175,-0.0007457491952353153,-0.001977567062365077,,,,,,,,,,,,,-0.00034934938641149627,-0.0003578150419788185,0.0014765834065659244,,,-0.001118623792852973,-0.0005782963733286909,-0.0005798102381803368,-0.0007508051219826733,-0.0014107484776107557,-0.0022600766427029453,-0.0014382305908109652,-0.0006836034289657057,-0.0010301744696971564,-0.00019279791544908262
784,2026-05-31,LOW,US5486611073,00682901,-0.0012952486022508108,-0.0003865401587868912,-0.00033206523386040276,,-0.0005187061147187088,-0.0025169035339191893,-0.0003865401587868912,-0.0005607278759111105,0.00303407549294368,0.0024339286921416336,,-0.0009385064024783416,0.0011019279153477047,,0.0011300383213514727,-0.0005375910460798267,,,,0.0012656429199136494,-0.0012584517669595946,-0.00023562501168605175,0.002171446186126359,,-0.005273512166306872,,,,-0.00046433440458047936,,,,-0.0005738018419297633,-0.0006552884940381321,-0.005402134414265577,-0.00043772235372507634,-0.00034934938641149627,-0.0003578150419788185,-0.0003825345612865089,-0.0009546875473486579,-0.00120373647274396,,,,,,,,,,-0.00030346403462876186
785,2026-05-31,LPLA,US50212V1008,17851901,-0.0012952486022508108,-0.0003865401587868912,-0.00033206523386040276,-0.0005349939878862045,,,-0.0003865401587868912,0.0016406482295176937,,,-0.001893055649443493,,,,-0.0005859457962563192,-0.0005375910460798267,-0.0008295412396437777,,-0.0008326598157326641,,,-0.00023562501168605175,,,,-0.0010857230930631796,,,0.0009190353152899943,,,-0.0010751820921596534,-0.0005738018419297633,,,,-0.00034934938641149627,-0.0003578150419788185,,-0.0009546875473486579,-0.00120373647274396,-0.001118623792852973,-0.0005782963733286909,-0.0005798102381803368,-0.0007508051219826733,-0.0014107484776107557,,-0.0014382305908109652,,-0.0010301744696971564,-0.00028361221318533905
786,2026-05-31,LR,FR0010307819,27703901W,,-0.0003865401587868912,-0.00033206523386040276,,-0.0005187061147187088,,-0.0003865401587868912,,,,0.0006382925388613506,,,,-0.0005859457962563192,,,,,,,-0.00023562501168605175,,0.0006651276606152812,,,,,,,,,,-0.0006552884940381321,,-0.00043772235372507634,-0.00034934938641149627,-0.0003578150419788185,-0.0003825345612865089,,,,,-0.0005798102381803368,,,,,-0.0006836034289657057,,-0.00010711791358623352
787,2026-05-31,LRCX,US5128073062,00656501,,,,,,,-0.0003865401587868912,,0.00303407549294368,0.0024339286921416336,,0.002734413715862823,,0.001830475297395774,0.0011300383213514727,,,0.004520153285405891,,0.0012656429199136494,0.0012656429199136494,-0.00023562501168605175,,,,,,,,0.001318378041576718,0.0011476036838595266,,,,,0.0012952486022508108,,,0.0014765834065659244,0.002734413715862823,,,,,,,,,,,0.0005114638327505845
788,2026-05-31,LSEG,GB00B0SWJX34,24670601W,,-0.0003865401587868912,-0.00033206523386040276,0.0010547024332613745,-0.0005187061147187088,,0.0011416882009530342,-0.0005607278759111105,,,0.0006382925388613506,,,,,-0.0005375910460798267,,,-0.0008326598157326641,,,0.0009267259873844713,-0.0007457491952353153,,,,,,,,,,,,,,,,,,,-0.001118623792852973,-0.0005782963733286909,-0.0005798102381803368,-0.0007508051219826733,-0.0014107484776107557,,-0.0014382305908109652,,0.0010206797741239108,-0.00011363665839945721
789,2026-05-31,LUG,CA5503711080,06574401C,,0.0011476036838595266,,,,,-0.0003865401587868912,-0.0005607278759111105,,0.0024339286921416336,,0.002734413715862823,,,0.0011300383213514727,0.0017578373887689573,0.0016285846395947695,,,,,-0.00023562501168605175,,,0.005402134414265577,,,,,0.001318378041576718,-0.0011535807863796283,,-0.0005738018419297633,,0.006514338558379078,0.0012952486022508108,,,-0.0003825345612865089,,,,,,,-0.0014107484776107557,-0.0022600766427029453,,,,0.00010451431033108263
790,2026-05-31,LUMI,IL0006046119,00201805W,,-0.0003865401587868912,-0.00033206523386040276,-0.0005349939878862045,,,,,,,0.0006382925388613506,,0.0011019279153477047,,-0.0005859457962563192,-0.0005375910460798267,0.0016285846395947695,,0.001652891873021557,,,-0.00023562501168605175,0.002171446186126359,,,0.0031641072997841235,,,-0.00046433440458047936,,,,,,,,-0.00034934938641149627,,,,,0.0022148751098488863,0.0017037500844991435,,0.0022148751098488863,,,0.002839583474165239,,,0.0003245409592950406
791,2026-05-31,LUN,CA5503721063,10829701C,,0.0011476036838595266,0.00098003323444641,0.0010547024332613745,0.0010159977568114159,,0.0011416882009530342,0.0016406482295176937,,-0.0006364583648991053,,,,,,-0.0005375910460798267,0.0016285846395947695,,-0.0008326598157326641,,,0.0009267259873844713,,,,,,,,-0.0006671310571833996,,-0.0010751820921596534,,0.001925978356390336,,0.0012952486022508108,0.0010301744696971564,0.0010547024332613745,-0.0003825345612865089,,,,-0.0005782963733286909,0.0011300383213514727,,,,,,,0.00028173392512944613
792,2026-05-31,LUND B,SE0000108847,10156302W,,,,,,,,,,,-0.001893055649443493,,,,0.0011300383213514727,-0.0005375910460798267,,,-0.0008326598157326641,,,0.0009267259873844713,-0.0007457491952353153,,,-0.0010857230930631796,,,,,,,,,,,0.0010301744696971564,0.0010547024332613745,,,,0.0022148751098488863,-0.0005782963733286909,,0.0022148751098488863,0.002768593887311108,,,,-0.0010301744696971564,0.0001459422757817878
793,2026-05-31,LVS,US5178341070,16184401,0.0025169035339191893,0.0011476036838595266,0.00098003323444641,0.0010547024332613745,,0.0025169035339191893,0.0011416882009530342,,-0.0007826413815720446,-0.0006364583648991053,,0.002734413715862823,,,,-0.0005375910460798267,,,0.001652891873021557,-0.0012729167297982106,0.0012656429199136494,0.0009267259873844713,0.002171446186126359,,,,0.0029930744727687656,0.001942872903376216,0.0009190353152899943,,0.0011476036838595266,,0.0011300383213514727,,,0.0012952486022508108,0.0010301744696971564,0.0010547024332613745,0.0014765834065659244,0.002734413715862823,0.0023314474840514595,,,,,,,,,0.0010206797741239108,0.0006908971452542852
794,2026-05-31,LYB,NL0009434992,29452401,0.0025169035339191893,0.0011476036838595266,0.00098003323444641,0.0010547024332613745,0.0010159977568114159,,-0.0003865401587868912,-0.0005607278759111105,,-0.0006364583648991053,,-0.0009385064024783416,,-0.0018457292582074053,0.0011300383213514727,-0.0005375910460798267,0.0016285846395947695,,,,,-0.00023562501168605175,,,-0.005273512166306872,,,-0.001942872903376216,-0.00046433440458047936,-0.0006671310571833996,-0.0011535807863796283,-0.0010751820921596534,-0.0005738018419297633,-0.0006552884940381321,-0.005402134414265577,-0.00043772235372507634,-0.00034934938641149627,-0.0003578150419788185,-0.0003825345612865089,-0.0009546875473486579,,,-0.0005782963733286909,-0.0005798102381803368,,-0.0014107484776107557,-0.0022600766427029453,,-0.0006836034289657057,,-0.0004988167843620743
795,2026-05-31,LYC,AU000000LYC6,21265801W,,-0.0003865401587868912,-0.00033206523386040276,-0.0005349939878862045,0.0010159977568114159,,-0.0003865401587868912,-0.0005607278759111105,,-0.0006364583648991053,,,,-0.0018457292582074053,,-0.0005375910460798267,-0.0008295412396437777,,-0.0008326598157326641,,,-0.00023562501168605175,,,,,,,-0.00046433440458047936,,0.0011476036838595266,,,,,-0.00043772235372507634,-0.00034934938641149627,-0.0003578150419788185,,,,,-0.0005782963733286909,0.0011300383213514727,,-0.0014107484776107557,-0.0022600766427029453,,-0.0006836034289657057,,-0.00038625661061979786
796,2026-05-31,LYV,US5380341090,16574601,-0.0012952486022508108,-0.0003865401587868912,-0.00033206523386040276,-0.0005349939878862045,,,-0.0003865401587868912,-0.0005607278759111105,,-0.0006364583648991053,,-0.0009385064024783416,0.0011019279153477047,,-0.0005859457962563192,,,,0.001652891873021557,,,-0.00023562501168605175,,,-0.005273512166306872,,,-0.001942872903376216,0.0009190353152899943,,,,,,,,-0.00034934938641149627,-0.0003578150419788185,,,-0.00120373647274396,,,,,,,,-0.0006836034289657057,,-0.00013895490870598519
797,2026-05-31,MA,US57636Q1040,16022501,,-0.0003865401587868912,-0.00033206523386040276,,,,-0.0003865401587868912,0.0016406482295176937,,,-0.001893055649443493,,,,,-0.0005375910460798267,0.0016285846395947695,,,,,-0.00023562501168605175,-0.0007457491952353153,,,,,,-0.00046433440458047936,,,,,,,,-0.00034934938641149627,-0.0003578150419788185,,0.002734413715862823,0.0023314474840514595,-0.001118623792852973,-0.0005782963733286909,-0.0005798102381803368,-0.0007508051219826733,-0.0014107484776107557,,-0.0014382305908109652,,,4.43889022006473e-06
798,2026-05-31,MAA,US59522J1034,02964901,,,,,,,,,,,,,,,,,,,,,,,,,,-0.0010857230930631796,,,-0.00046433440458047936,-0.0006671310571833996,,,,,,,,,-0.0003825345612865089,-0.0009546875473486579,,,-0.0005782963733286909,-0.0005798102381803368,,,,,,,-8.230819503627362e-05
799,2026-05-31,MAERSK A,DK0010244425,10329203W,,,,,,,,,,,-0.001893055649443493,,,,,,,,,,-0.0012584517669595946,-0.00023562501168605175,,-0.001977567062365077,,,,,0.0009190353152899943,-0.0006671310571833996,-0.0011535807863796283,-0.0010751820921596534,-0.0005738018419297633,-0.0006552884940381321,,-0.00043772235372507634,-0.00034934938641149627,-0.0003578150419788185,-0.0003825345612865089,,,,,,,,,,0.0013423485514235676,-0.0010301744696971564,-0.0001549719896189881
800,2026-05-31,MAERSK B,DK0010244508,10329204W,,0.0011476036838595266,0.00098003323444641,0.0010547024332613745,-0.0005187061147187088,,-0.0003865401587868912,,,,-0.001893055649443493,,,,,,,,,,-0.0012584517669595946,-0.00023562501168605175,,-0.001977567062365077,,,,,0.0009190353152899943,-0.0006671310571833996,-0.0011535807863796283,-0.0010751820921596534,-0.0005738018419297633,-0.0006552884940381321,,-0.00043772235372507634,-0.00034934938641149627,-0.0003578150419788185,-0.0003825345612865089,,,,,-0.0005798102381803368,,,,,0.0013423485514235676,-0.0010301744696971564,-0.00013504871548822064
801,2026-05-31,MAP,ES0124244E34,01628101W,,-0.0003865401587868912,-0.00033206523386040276,-0.0005349939878862045,-0.0005187061147187088,,-0.0003865401587868912,-0.0005607278759111105,,,0.0006382925388613506,,0.0011019279153477047,,0.0011300383213514727,-0.0005375910460798267,,,-0.0008326598157326641,,,-0.00023562501168605175,-0.0007457491952353153,,,-0.0010857230930631796,,,0.0009190353152899943,,,,,,,,,,,,,,0.0017037500844991435,,,0.002768593887311108,,,,,1.1549640058950842e-05
802,2026-05-31,MAR,US5719032022,02893002,,,,,-0.0005187061147187088,,-0.0003865401587868912,-0.0005607278759111105,-0.0007826413815720446,-0.0006364583648991053,,-0.0009385064024783416,,,,-0.0005375910460798267,,,0.001652891873021557,,-0.0012584517669595946,-0.00023562501168605175,0.002171446186126359,,0.005402134414265577,,,,,,,,,,,,,-0.0003578150419788185,0.0014765834065659244,,-0.00120373647274396,,,,,,,,,,4.2246487726780006e-05
803,2026-05-31,MAS,US5745991068,00708501,0.0025169035339191893,,,,,,0.0011416882009530342,,,,,,,,-0.0005859457962563192,,,,,0.0012656429199136494,-0.0012584517669595946,-0.00023562501168605175,,0.0006651276606152812,,,,,,,,,,-0.0006552884940381321,,,,-0.0003578150419788185,-0.0003825345612865089,,-0.00120373647274396,,,,,,,,,,7.854458231656971e-06
804,2026-05-31,MBG,DE0007100000,01782801W,,-0.0003865401587868912,-0.00033206523386040276,-0.0005349939878862045,0.0010159977568114159,,,-0.0005607278759111105,-0.0007826413815720446,-0.0006364583648991053,,-0.0009385064024783416,,-0.0018457292582074053,-0.0005859457962563192,-0.0005375910460798267,-0.0008295412396437777,,-0.0008326598157326641,,,-0.00023562501168605175,-0.0007457491952353153,,,,,,-0.00046433440458047936,,,,,-0.0006552884940381321,,-0.00043772235372507634,-0.00034934938641149627,-0.0003578150419788185,-0.0003825345612865089,,,,,,,,,,0.0013423485514235676,,-0.00025516670351824006
805,2026-05-31,MC,FR0000121014,01444702W,,-0.0003865401587868912,-0.00033206523386040276,-0.0005349939878862045,,,-0.0003865401587868912,-0.0005607278759111105,-0.0007826413815720446,-0.0006364583648991053,,,,,,0.0017578373887689573,,,-0.0008326598157326641,,,-0.00023562501168605175,-0.0007457491952353153,,,,,,-0.00046433440458047936,,,,,-0.0006552884940381321,,-0.00043772235372507634,-0.00034934938641149627,-0.0003578150419788185,-0.0003825345612865089,,,,,,,,,,,,-0.0001555577173588388
806,2026-05-31,MCD,US5801351017,00715401,,-0.0003865401587868912,-0.00033206523386040276,,-0.0005187061147187088,,-0.0003865401587868912,,0.00303407549294368,0.0024339286921416336,,0.002734413715862823,,,,0.0017578373887689573,,,,-0.0012729167297982106,-0.0012584517669595946,-0.00023562501168605175,,,0.005402134414265577,,,,-0.00046433440458047936,,,,,-0.0006552884940381321,,,-0.00034934938641149627,-0.0003578150419788185,-0.0003825345612865089,-0.0009546875473486579,,,,,,,,,-0.0006836034289657057,,-0.0001521548036139586
807,2026-05-31,MCHP,US5950171042,02796501,-0.0012952486022508108,-0.0003865401587868912,-0.00033206523386040276,,,,-0.0003865401587868912,-0.0005607278759111105,-0.0007826413815720446,-0.0006364583648991053,,,,,,,,-0.0011596204763606737,,-0.0012729167297982106,,-0.00023562501168605175,,,,,,,-0.00046433440458047936,-0.0006671310571833996,-0.0011535807863796283,-0.0010751820921596534,-0.0005738018419297633,,,-0.00043772235372507634,-0.00034934938641149627,-0.0003578150419788185,0.0014765834065659244,-0.0009546875473486579,,,,-0.0005798102381803368,,,,,,,-0.00017872674326274826
808,2026-05-31,MCK,US58155Q1031,00717101,,,,,0.0010159977568114159,,,,-0.0007826413815720446,,,,0.0011019279153477047,0.001830475297395774,,-0.0005375910460798267,0.0016285846395947695,-0.0011596204763606737,0.001652891873021557,0.0012656429199136494,-0.0012584517669595946,-0.00023562501168605175,0.002171446186126359,0.0006651276606152812,,,0.0029930744727687656,0.001942872903376216,0.0009190353152899943,0.001318378041576718,0.0011476036838595266,0.0010648438028119647,0.0011300383213514727,,,,0.0010301744696971564,0.0010547024332613745,,,-0.00120373647274396,,-0.0005782963733286909,,,,,,0.0013423485514235676,,0.0004478327561348559
809,2026-05-31,MCO,US6153691059,13966501,,-0.0003865401587868912,-0.00033206523386040276,,-0.0005187061147187088,,-0.0003865401587868912,-0.0005607278759111105,,,-0.001893055649443493,,,,,-0.0005375910460798267,,,,,,-0.00023562501168605175,-0.0007457491952353153,,,-0.0010857230930631796,,,-0.00046433440458047936,,,,,,,,-0.00034934938641149627,-0.0003578150419788185,,,,-0.001118623792852973,-0.0005782963733286909,-0.0005798102381803368,-0.0007508051219826733,-0.0014107484776107557,,-0.0014382305908109652,,,-0.00023867199961346346
810,2026-05-31,MDB,US60937P1066,03252601,,-0.0003865401587868912,-0.00033206523386040276,,-0.0005187061147187088,-0.0025169035339191893,-0.0003865401587868912,0.0016406482295176937,-0.0007826413815720446,-0.0006364583648991053,,,,-0.0018457292582074053,-0.0005859457962563192,,,-0.0011596204763606737,,,,-0.00023562501168605175,,,,,,,-0.00046433440458047936,0.001318378041576718,0.0011476036838595266,,,,,-0.00043772235372507634,,,0.0014765834065659244,0.002734413715862823,0.0023314474840514595,,,-0.0005798102381803368,,,,,,-0.0010301744696971564,-6.64275321737213e-05
811,2026-05-31,MDLZ,US6092071058,14295301,-0.0012952486022508108,,-0.00033206523386040276,,,,,,,,,,,,-0.0005859457962563192,,,,0.001652891873021557,,,-0.00023562501168605175,0.002171446186126359,0.0006651276606152812,-0.005273512166306872,,,,,-0.0006671310571833996,,,-0.0005738018419297633,,-0.005402134414265577,-0.00043772235372507634,-0.00034934938641149627,-0.0003578150419788185,-0.0003825345612865089,,-0.00120373647274396,-0.001118623792852973,-0.0005782963733286909,-0.0005798102381803368,-0.0007508051219826733,-0.0014107484776107557,-0.0022600766427029453,,-0.0006836034289657057,,-0.00030743557762431904
812,2026-05-31,MDT,IE00BTN1Y115,00722801,,-0.0003865401587868912,-0.00033206523386040276,-0.0005349939878862045,-0.0005187061147187088,-0.0025169035339191893,,,-0.0007826413815720446,,,,,,-0.0005859457962563192,-0.0005375910460798267,,-0.0011596204763606737,-0.0008326598157326641,-0.0012729167297982106,,-0.00023562501168605175,-0.0007457491952353153,,,,,,,-0.0006671310571833996,,,-0.0005738018419297633,,,-0.00043772235372507634,-0.00034934938641149627,,,,,,-0.0005782963733286909,-0.0005798102381803368,,,,,-0.0006836034289657057,,-0.0002974782355740229
813,2026-05-31,MEL,NZMELE0002S7,27004501W,,,-0.00033206523386040276,,,,-0.0003865401587868912,-0.0005607278759111105,,,0.0006382925388613506,,0.0011019279153477047,,,,,,,,-0.0012584517669595946,-0.00023562501168605175,,0.0006651276606152812,,-0.0010857230930631796,,,-0.00046433440458047936,,0.0011476036838595266,,,-0.0006552884940381321,,-0.00043772235372507634,,-0.0003578150419788185,,,,-0.001118623792852973,-0.0005782963733286909,-0.0005798102381803368,-0.0007508051219826733,-0.0014107484776107557,-0.0022600766427029453,-0.0014382305908109652,,-0.0010301744696971564,-0.0003102331608985108
814,2026-05-31,MELI,US58733R1023,17808101,-0.0012952486022508108,-0.0003865401587868912,-0.00033206523386040276,-0.0005349939878862045,,0.0025169035339191893,-0.0003865401587868912,-0.0005607278759111105,-0.0007826413815720446,-0.0006364583648991053,,,-0.0011074375549244432,,-0.0005859457962563192,-0.0005375910460798267,0.0016285846395947695,,0.001652891873021557,0.0012656429199136494,,-0.00023562501168605175,-0.0007457491952353153,,0.005402134414265577,,0.0029930744727687656,0.001942872903376216,0.0009190353152899943,0.001318378041576718,0.0011476036838595266,0.0010648438028119647,0.0011300383213514727,-0.0006552884940381321,,-0.00043772235372507634,-0.00034934938641149627,,0.0014765834065659244,0.002734413715862823,0.0023314474840514595,,,,,,,,0.0013423485514235676,0.0010206797741239108,0.0003816371550475685
815,2026-05-31,MET,US59156R1086,13376801,-0.0012952486022508108,-0.0003865401587868912,-0.00033206523386040276,-0.0005349939878862045,0.0010159977568114159,0.0025169035339191893,,0.0016406482295176937,,,0.0006382925388613506,,,,,-0.0005375910460798267,-0.0008295412396437777,,-0.0008326598157326641,,,-0.00023562501168605175,,,,-0.0010857230930631796,,,0.0009190353152899943,,,0.0010648438028119647,0.0011300383213514727,,,,-0.00034934938641149627,-0.0003578150419788185,,-0.0009546875473486579,,,-0.0005782963733286909,,-0.0007508051219826733,,,,,0.0010206797741239108,3.0484447503664687e-05
816,2026-05-31,META,US30303M1027,17061701,,,,,0.0010159977568114159,0.0025169035339191893,,,,0.0024339286921416336,,0.002734413715862823,0.0011019279153477047,0.001830475297395774,,,,,,,,-0.00023562501168605175,,,0.005402134414265577,,,,,,,,,,,,-0.00034934938641149627,-0.0003578150419788185,,,0.0023314474840514595,,,,,,,,,,0.00034878201359488385
817,2026-05-31,MFC,CA56501R1064,12404201C,,-0.0003865401587868912,-0.00033206523386040276,-0.0005349939878862045,,,,,,,0.0006382925388613506,,,,,-0.0005375910460798267,-0.0008295412396437777,,-0.0008326598157326641,,,-0.00023562501168605175,,,,-0.0010857230930631796,,,0.0009190353152899943,,,0.0010648438028119647,0.0011300383213514727,,,,-0.00034934938641149627,-0.0003578150419788185,,,,-0.001118623792852973,-0.0005782963733286909,,-0.0007508051219826733,,,-0.0014382305908109652,,0.0010206797741239108,-0.00011348083461293103
818,2026-05-31,MG,CA5592224011,00694601C,,0.0011476036838595266,0.00098003323444641,0.0010547024332613745,0.0010159977568114159,,0.0011416882009530342,0.0016406482295176937,-0.0007826413815720446,-0.0006364583648991053,,-0.0009385064024783416,-0.0011074375549244432,,0.0011300383213514727,-0.0005375910460798267,,,,,,-0.00023562501168605175,,,-0.005273512166306872,,0.0029930744727687656,0.001942872903376216,,-0.0006671310571833996,0.0011476036838595266,,0.0011300383213514727,,-0.005402134414265577,-0.00043772235372507634,-0.00034934938641149627,-0.0003578150419788185,0.0014765834065659244,,,,,,,,,,0.0013423485514235676,,0.00011920551805296936
819,2026-05-31,MKC,US5797802064,00714601,,,,,,,,,,,,,,,-0.0005859457962563192,,-0.0008295412396437777,,,-0.0012729167297982106,-0.0012584517669595946,-0.00023562501168605175,0.002171446186126359,0.0006651276606152812,,,,,-0.00046433440458047936,,,,-0.0005738018419297633,,,0.0012952486022508108,-0.00034934938641149627,-0.0003578150419788185,-0.0003825345612865089,,,,-0.0005782963733286909,0.0011300383213514727,,,0.004429750219697773,,-0.0006836034289657057,,0.0001055533410828229
820,2026-05-31,MKL,US5705351048,01290901,,-0.0003865401587868912,-0.00033206523386040276,,,,-0.0003865401587868912,-0.0005607278759111105,,,,,,,-0.0005859457962563192,-0.0005375910460798267,-0.0008295412396437777,,-0.0008326598157326641,,,-0.00023562501168605175,,,,-0.0010857230930631796,,,,,,,,,,,-0.00034934938641149627,-0.0003578150419788185,,-0.0009546875473486579,,,,,,,,0.002839583474165239,,,-4.929853250420442e-05
821,2026-05-31,MKS,GB0031274896,01886001W,,,-0.00033206523386040276,,,,,,,,,,0.0011019279153477047,-0.0018457292582074053,-0.0005859457962563192,,,,0.001652891873021557,0.0012656429199136494,,-0.00023562501168605175,,0.0006651276606152812,,,,-0.001942872903376216,0.0009190353152899943,-0.0006671310571833996,-0.0011535807863796283,-0.0010751820921596534,-0.0005738018419297633,,,-0.00043772235372507634,-0.00034934938641149627,-0.0003578150419788185,-0.0003825345612865089,,,-0.001118623792852973,-0.0005782963733286909,-0.0005798102381803368,-0.0007508051219826733,,-0.0022600766427029453,-0.0014382305908109652,0.0013423485514235676,,-0.00024598923186520223
822,2026-05-31,ML,FR001400AJ45,10127703W,,-0.0003865401587868912,-0.00033206523386040276,-0.0005349939878862045,,,,-0.0005607278759111105,-0.0007826413815720446,-0.0006364583648991053,,-0.0009385064024783416,,,0.0011300383213514727,-0.0005375910460798267,,,-0.0008326598157326641,,,-0.00023562501168605175,-0.0007457491952353153,,,,0.0029930744727687656,0.001942872903376216,-0.00046433440458047936,-0.0006671310571833996,,-0.0010751820921596534,-0.0005738018419297633,-0.0006552884940381321,,-0.00043772235372507634,-0.00034934938641149627,-0.0003578150419788185,-0.0003825345612865089,,,,,,,,,,,,-0.00015447322922698643
823,2026-05-31,MLM,US5732841060,02973301,-0.0012952486022508108,-0.0003865401587868912,-0.00033206523386040276,-0.0005349939878862045,-0.0005187061147187088,,-0.0003865401587868912,-0.0005607278759111105,,-0.0006364583648991053,,0.002734413715862823,,,,-0.0005375910460798267,-0.0008295412396437777,,-0.0008326598157326641,,,-0.00023562501168605175,,,,,,,,,,,,-0.0006552884940381321,,-0.00043772235372507634,-0.00034934938641149627,-0.0003578150419788185,-0.0003825345612865089,,-0.00120373647274396,,-0.0005782963733286909,-0.0005798102381803368,,-0.0014107484776107557,-0.0022600766427029453,,,,-0.00032258164361341886
824,2026-05-31,MMC,US5717481023,00706501,,-0.0003865401587868912,-0.00033206523386040276,,-0.0005187061147187088,-0.0025169035339191893,-0.0003865401587868912,,,,-0.001893055649443493,,,,,-0.0005375910460798267,,,-0.0008326598157326641,,,-0.00023562501168605175,-0.0007457491952353153,,,-0.0010857230930631796,,,,,,,,,,,-0.00034934938641149627,-0.0003578150419788185,,,,-0.001118623792852973,-0.0005782963733286909,-0.0005798102381803368,-0.0007508051219826733,-0.0014107484776107557,,-0.0014382305908109652,,,-0.0002975737200282333
825,2026-05-31,MMM,US88579Y1010,00743501,,-0.0003865401587868912,-0.00033206523386040276,,-0.0005187061147187088,,,,,,0.0006382925388613506,,,,,,,,,,0.0012656429199136494,-0.00023562501168605175,,0.0006651276606152812,,,,,,0.001318378041576718,0.0011476036838595266,0.0010648438028119647,0.0011300383213514727,-0.0006552884940381321,,-0.00043772235372507634,-0.00034934938641149627,-0.0003578150419788185,-0.0003825345612865089,0.002734413715862823,0.0023314474840514595,,,-0.0005798102381803368,,,,,-0.0006836034289657057,0.0010206797741239108,0.00015878366427310155
826,2026-05-31,MNG,GB00BKFB1C65,33375401W,,-0.0003865401587868912,-0.00033206523386040276,-0.0005349939878862045,,,-0.0003865401587868912,-0.0005607278759111105,,,0.0006382925388613506,,,,,-0.0005375910460798267,-0.0008295412396437777,,-0.0008326598157326641,,,0.0009267259873844713,-0.0007457491952353153,,,-0.0010857230930631796,,,0.0009190353152899943,,,0.0010648438028119647,0.0011300383213514727,,,,0.0010301744696971564,0.0010547024332613745,,,,-0.001118623792852973,0.0017037500844991435,-0.0005798102381803368,-0.0007508051219826733,,,-0.0014382305908109652,,0.0010206797741239108,-3.993151572347224e-05
827,2026-05-31,MO,US02209S1033,00854301,,,,,-0.0005187061147187088,,,,,,,,0.0011019279153477047,,-0.0005859457962563192,,-0.0008295412396437777,,0.001652891873021557,,-0.0012584517669595946,0.0009267259873844713,0.002171446186126359,0.0006651276606152812,-0.005273512166306872,,,,-0.00046433440458047936,,,,,,-0.005402134414265577,-0.00043772235372507634,-0.00034934938641149627,-0.0003578150419788185,-0.0003825345612865089,,,0.0022148751098488863,,,0.0022148751098488863,-0.0014107484776107557,-0.0022600766427029453,,-0.0006836034289657057,,-0.00010658591729948086
828,2026-05-31,MONC,IT0004965148,31689501W,,0.0011476036838595266,,0.0010547024332613745,-0.0005187061147187088,,,0.0016406482295176937,-0.0007826413815720446,-0.0006364583648991053,,0.002734413715862823,,0.001830475297395774,-0.0005859457962563192,0.0017578373887689573,-0.0008295412396437777,,-0.0008326598157326641,-0.0012729167297982106,-0.0012584517669595946,-0.00023562501168605175,-0.0007457491952353153,,,,,,-0.00046433440458047936,-0.0006671310571833996,,,-0.0005738018419297633,-0.0006552884940381321,,-0.00043772235372507634,-0.00034934938641149627,-0.0003578150419788185,-0.0003825345612865089,,,,,,,,,,,-0.0010301744696971564,3.3980876818332604e-05
829,2026-05-31,MOWI,NO0003054108,21542201W,,,-0.00033206523386040276,-0.0005349939878862045,-0.0005187061147187088,,,,,,,,-0.0011074375549244432,,,,,,-0.0008326598157326641,-0.0012729167297982106,,0.0009267259873844713,-0.0007457491952353153,-0.001977567062365077,,,,,-0.00046433440458047936,-0.0006671310571833996,,,-0.0005738018419297633,,,0.0012952486022508108,0.0010301744696971564,0.0010547024332613745,-0.0003825345612865089,,,0.0022148751098488863,,-0.0005798102381803368,0.0022148751098488863,,0.004429750219697773,,,,9.56598919028191e-05
830,2026-05-31,MPC,US56585A1025,18698901,0.0025169035339191893,,,,0.0010159977568114159,0.0025169035339191893,0.0011416882009530342,0.0016406482295176937,,,0.0006382925388613506,,0.0011019279153477047,,-0.0005859457962563192,,,,,0.0012656429199136494,0.0012656429199136494,-0.00023562501168605175,,0.0006651276606152812,,,,,,,,,-0.0005738018419297633,0.001925978356390336,,,,,-0.0003825345612865089,-0.0009546875473486579,,,,0.0011300383213514727,,,,,,0.0010206797741239108,0.00033859718716658046
831,2026-05-31,MPL,AU000000MPL3,26723101W,,-0.0003865401587868912,-0.00033206523386040276,-0.0005349939878862045,,,-0.0003865401587868912,-0.0005607278759111105,,,,,0.0011019279153477047,,,-0.0005375910460798267,-0.0008295412396437777,,,,,-0.00023562501168605175,-0.0007457491952353153,,,-0.0010857230930631796,,,,,,,-0.0005738018419297633,,,,-0.00034934938641149627,-0.0003578150419788185,,,,-0.001118623792852973,-0.0005782963733286909,,-0.0007508051219826733,-0.0014107484776107557,,-0.0014382305908109652,,-0.0010301744696971564,-0.00023873921861963614
832,2026-05-31,MPWR,US6098391054,16088801,,,0.00098003323444641,0.0010547024332613745,-0.0005187061147187088,-0.0025169035339191893,-0.0003865401587868912,,-0.0007826413815720446,-0.0006364583648991053,,0.002734413715862823,0.0011019279153477047,,-0.0005859457962563192,,,-0.0011596204763606737,,,,-0.00023562501168605175,,,,,,,-0.00046433440458047936,-0.0006671310571833996,,,-0.0005738018419297633,,,-0.00043772235372507634,-0.00034934938641149627,-0.0003578150419788185,-0.0003825345612865089,-0.0009546875473486579,-0.00120373647274396,,,-0.0005798102381803368,,,,,,-0.0010301744696971564,-0.00020481726628111607
833,2026-05-31,MQG,AU000000MQG1,21285601W,,-0.0003865401587868912,,,-0.0005187061147187088,,-0.0003865401587868912,-0.0005607278759111105,,,,,,,-0.0005859457962563192,0.0017578373887689573,0.0016285846395947695,,,,,-0.00023562501168605175,,,,-0.0010857230930631796,,,-0.00046433440458047936,,,,,,,,-0.00034934938641149627,-0.0003578150419788185,,,,-0.001118623792852973,-0.0005782963733286909,-0.0005798102381803368,-0.0007508051219826733,-0.0014107484776107557,,,,,-0.00013444102264480547
834,2026-05-31,MRK,DE0006599905,22030101W,,-0.0003865401587868912,-0.00033206523386040276,-0.0005349939878862045,-0.0005187061147187088,,,,-0.0007826413815720446,,,,,,-0.0005859457962563192,-0.0005375910460798267,,-0.0011596204763606737,-0.0008326598157326641,,,-0.00023562501168605175,-0.0007457491952353153,-0.001977567062365077,,,-0.0029930744727687656,-0.001942872903376216,-0.00046433440458047936,-0.0006671310571833996,,-0.0010751820921596534,-0.0005738018419297633,,,-0.00043772235372507634,-0.00034934938641149627,-0.0003578150419788185,,,,,0.0017037500844991435,,0.0022148751098488863,,,,-0.0006836034289657057,,-0.00021308707255903537
835,2026-05-31,MRK,US58933Y1055,00725701,,-0.0003865401587868912,-0.00033206523386040276,-0.0005349939878862045,,,,,0.00303407549294368,,,,,,-0.0005859457962563192,0.0017578373887689573,-0.0008295412396437777,0.004520153285405891,,,,-0.00023562501168605175,-0.0007457491952353153,,,,-0.0029930744727687656,-0.001942872903376216,-0.00046433440458047936,-0.0006671310571833996,-0.0011535807863796283,-0.0010751820921596534,-0.0005738018419297633,,,,-0.00034934938641149627,,,,,0.0022148751098488863,0.0017037500844991435,0.0011300383213514727,0.0022148751098488863,,,,-0.0006836034289657057,,6.955716619942106e-05
836,2026-05-31,MRO,GB00BNGDN821,27065401W,,-0.0003865401587868912,-0.00033206523386040276,-0.0005349939878862045,0.0010159977568114159,,0.0011416882009530342,,,,0.0006382925388613506,,,,,,,,,,,0.0009267259873844713,,0.0006651276606152812,,,,,,0.001318378041576718,0.0011476036838595266,0.0010648438028119647,0.0011300383213514727,-0.0006552884940381321,,0.0012952486022508108,0.0010301744696971564,0.0010547024332613745,,,,,,0.0011300383213514727,,,,,-0.0006836034289657057,,0.000177909495282275
837,2026-05-31,MRU,CA59162N1096,02189401C,,,-0.00033206523386040276,,,,,,,,,,0.0011019279153477047,,,,,,,,,-0.00023562501168605175,-0.0007457491952353153,0.0006651276606152812,,,,,,0.001318378041576718,0.0011476036838595266,0.0010648438028119647,,,0.006514338558379078,-0.00043772235372507634,-0.00034934938641149627,,0.0014765834065659244,,,,-0.0005782963733286909,,,,,,,,0.00017504101531755413
838,2026-05-31,MRVL,US5738741041,13731001,,,,,,,-0.0003865401587868912,-0.0005607278759111105,-0.0007826413815720446,-0.0006364583648991053,,-0.0009385064024783416,,,,,,-0.0011596204763606737,,-0.0012729167297982106,-0.0012584517669595946,0.0009267259873844713,,,,,,,,-0.0006671310571833996,,,-0.0005738018419297633,,,0.0012952486022508108,0.0010301744696971564,0.0010547024332613745,-0.0003825345612865089,-0.0009546875473486579,0.0023314474840514595,,,,,,,,,,-2.3354437678023134e-05
839,2026-05-31,MS,US6174464486,01212401,0.0025169035339191893,0.0011476036838595266,0.00098003323444641,0.0010547024332613745,,,,0.0016406482295176937,,,,,-0.0011074375549244432,,-0.0005859457962563192,-0.0005375910460798267,-0.0008295412396437777,,-0.0008326598157326641,,,-0.00023562501168605175,,,,-0.0010857230930631796,,,,,,-0.0010751820921596534,-0.0005738018419297633,,,,,-0.0003578150419788185,,-0.0009546875473486579,,-0.001118623792852973,-0.0005782963733286909,-0.0005798102381803368,-0.0007508051219826733,,,-0.0014382305908109652,,,-7.757698718588877e-05
840,2026-05-31,MSCI,US55354G1004,17850701,,-0.0003865401587868912,-0.00033206523386040276,,-0.0005187061147187088,-0.0025169035339191893,-0.0003865401587868912,-0.0005607278759111105,,,-0.001893055649443493,,,,,-0.0005375910460798267,,,,,,-0.00023562501168605175,-0.0007457491952353153,,,,,,-0.00046433440458047936,,,,,,,,-0.00034934938641149627,-0.0003578150419788185,,,0.0023314474840514595,-0.001118623792852973,-0.0005782963733286909,-0.0005798102381803368,-0.0007508051219826733,-0.0014107484776107557,,-0.0014382305908109652,,,-0.00023845542651853305
841,2026-05-31,MSFT,US5949181045,01214101,,-0.0003865401587868912,-0.00033206523386040276,-0.0005349939878862045,,,-0.0003865401587868912,,0.00303407549294368,0.0024339286921416336,,0.002734413715862823,,0.001830475297395774,,,,0.004520153285405891,,,,-0.00023562501168605175,,,,,,,,0.001318378041576718,,,-0.0005738018419297633,,,,,0.0010547024332613745,-0.0003825345612865089,-0.0009546875473486579,0.0023314474840514595,,,,,,,,,,0.00026395431704596663
842,2026-05-31,MSI,US6200763075,00758501,,-0.0003865401587868912,-0.00033206523386040276,,-0.0005187061147187088,-0.0025169035339191893,-0.0003865401587868912,,-0.0007826413815720446,-0.0006364583648991053,,-0.0009385064024783416,,,-0.0005859457962563192,,,-0.0011596204763606737,,,0.0012656429199136494,-0.00023562501168605175,,,,,,,,,,,,,,,,,-0.0003825345612865089,-0.0009546875473486579,,,,-0.0005798102381803368,,,,,,0.0010206797741239108,-0.00013635192032456327
843,2026-05-31,MSTR,US5949724083,11153401,,,-0.00033206523386040276,-0.0005349939878862045,,,-0.0003865401587868912,,-0.0007826413815720446,-0.0006364583648991053,,-0.0009385064024783416,-0.0011074375549244432,,-0.0005859457962563192,,,-0.0011596204763606737,,-0.0012729167297982106,-0.0012584517669595946,-0.00023562501168605175,,,,,,,-0.00046433440458047936,-0.0006671310571833996,,,-0.0005738018419297633,,,-0.00043772235372507634,-0.00034934938641149627,-0.0003578150419788185,0.0014765834065659244,-0.0009546875473486579,-0.00120373647274396,,,,,,,,,-0.0010301744696971564,-0.00023865340468041452
844,2026-05-31,MT,LU1598757687,06524801W,,-0.0003865401587868912,-0.00033206523386040276,-0.0005349939878862045,0.0010159977568114159,,-0.0003865401587868912,0.0016406482295176937,,-0.0006364583648991053,,-0.0009385064024783416,,,-0.0005859457962563192,-0.0005375910460798267,-0.0008295412396437777,,,,,-0.00023562501168605175,,,,,,-0.001942872903376216,-0.00046433440458047936,-0.0006671310571833996,,,,-0.0006552884940381321,,,0.0010301744696971564,0.0010547024332613745,-0.0003825345612865089,,,,-0.0005782963733286909,0.0011300383213514727,,0.002768593887311108,0.004429750219697773,,-0.0006836034289657057,,0.00020522932581847671
845,2026-05-31,MTB,US55261F1049,00469901,-0.0012952486022508108,-0.0003865401587868912,-0.00033206523386040276,-0.0005349939878862045,,,-0.0003865401587868912,-0.0005607278759111105,,,0.0006382925388613506,,-0.0011074375549244432,,,-0.0005375910460798267,,,,,,-0.00023562501168605175,,,,-0.0010857230930631796,,,-0.00046433440458047936,,,,,,,,,,,,-0.00120373647274396,,,,,,,,,,-0.0001169170800842721
846,2026-05-31,MTD,US5926881054,06577201,,,,,-0.0005187061147187088,-0.0025169035339191893,,,0.00303407549294368,,,,,,-0.0005859457962563192,-0.0005375910460798267,,0.004520153285405891,,0.0012656429199136494,-0.0012584517669595946,-0.00023562501168605175,,0.0006651276606152812,,,,,-0.00046433440458047936,-0.0006671310571833996,,,,,,-0.00043772235372507634,-0.00034934938641149627,-0.0003578150419788185,,,-0.00120373647274396,-0.001118623792852973,-0.0005782963733286909,-0.0005798102381803368,-0.0007508051219826733,,,,,,-0.00011791110592025555
847,2026-05-31,MTX,DE000A0D9PT0,27309901W,,-0.0003865401587868912,-0.00033206523386040276,,,,0.0011416882009530342,,,,,,,,,,,,,,,0.0009267259873844713,,,,,,,0.0009190353152899943,,,,,0.001925978356390336,,0.0012952486022508108,0.0010301744696971564,0.0010547024332613745,0.0014765834065659244,,,,,0.0011300383213514727,,,,,-0.0006836034289657057,,0.00020364804851395293
848,2026-05-31,MU,US5951121038,00734301,0.0025169035339191893,0.0011476036838595266,0.00098003323444641,0.0010547024332613745,0.0010159977568114159,0.0025169035339191893,0.0011416882009530342,-0.0005607278759111105,0.00303407549294368,0.0024339286921416336,,0.002734413715862823,,0.001830475297395774,0.0011300383213514727,,,0.004520153285405891,,,,0.0009267259873844713,,,,,,,,0.001318378041576718,0.0011476036838595266,0.0010648438028119647,,,,0.0012952486022508108,0.0010301744696971564,0.0010547024332613745,0.0014765834065659244,0.002734413715862823,0.0023314474840514595,,,0.0011300383213514727,,,,,,-0.0010301744696971564,0.0007884011374885498
849,2026-05-31,MUV2,DE0008430026,01567701W,,-0.0003865401587868912,-0.00033206523386040276,-0.0005349939878862045,,,-0.0003865401587868912,-0.0005607278759111105,,,0.0006382925388613506,,,,,-0.0005375910460798267,-0.0008295412396437777,,,,,-0.00023562501168605175,-0.0007457491952353153,,,0.0031641072997841235,,,,,,,,,,,-0.00034934938641149627,-0.0003578150419788185,,,,0.0022148751098488863,0.0017037500844991435,,0.0022148751098488863,,,,,,2.309496167278384e-05
850,2026-05-31,MZTF,IL0006954379,22276501W,,-0.0003865401587868912,-0.00033206523386040276,-0.0005349939878862045,,,-0.0003865401587868912,,,,0.0006382925388613506,,,,,0.0017578373887689573,0.0016285846395947695,,0.001652891873021557,,,-0.00023562501168605175,0.002171446186126359,,,0.0031641072997841235,,,-0.00046433440458047936,,,,,,,,-0.00034934938641149627,,,,,0.0022148751098488863,0.0017037500844991435,,0.0022148751098488863,,,0.002839583474165239,,,0.0003156092067430331
851,2026-05-31,NA,CA6330671034,01562001C,,0.0011476036838595266,0.00098003323444641,0.0010547024332613745,,,,,,,0.0006382925388613506,,-0.0011074375549244432,,,-0.0005375910460798267,,,,,,-0.00023562501168605175,,,,-0.0010857230930631796,,,-0.00046433440458047936,,,,,,,,-0.00034934938641149627,,,,,-0.001118623792852973,-0.0005782963733286909,,-0.0007508051219826733,,,,,0.0010206797741239108,-5.621798809298154e-06
852,2026-05-31,NAB,AU000000NAB4,01480201W,,-0.0003865401587868912,-0.00033206523386040276,-0.0005349939878862045,-0.0005187061147187088,,-0.0003865401587868912,-0.0005607278759111105,,,0.0006382925388613506,,-0.0011074375549244432,,,0.0017578373887689573,0.0016285846395947695,,0.001652891873021557,,,-0.00023562501168605175,0.002171446186126359,,,-0.0010857230930631796,,,-0.00046433440458047936,,,,,,,,-0.00034934938641149627,,,,,-0.001118623792852973,-0.0005782963733286909,-0.0005798102381803368,-0.0007508051219826733,,,,,,-1.0625149693453241e-05
853,2026-05-31,NBIS,NL0009805522,18711801,-0.0012952486022508108,-0.0003865401587868912,-0.00033206523386040276,-0.0005349939878862045,,,-0.0003865401587868912,-0.0005607278759111105,-0.0007826413815720446,-0.0006364583648991053,,-0.0009385064024783416,-0.0011074375549244432,,-0.0005859457962563192,,,-0.0011596204763606737,,-0.0012729167297982106,-0.0012584517669595946,-0.00023562501168605175,,,,,,,-0.00046433440458047936,-0.0006671310571833996,-0.0011535807863796283,-0.0010751820921596534,-0.0005738018419297633,,,0.0012952486022508108,0.0010301744696971564,-0.0003578150419788185,0.0014765834065659244,-0.0009546875473486579,-0.00120373647274396,,,,,,,,,,-0.00020543963381772047
854,2026-05-31,NBIX,US64125C1099,06292101,,,,-0.0005349939878862045,0.0010159977568114159,0.0025169035339191893,,,-0.0007826413815720446,,,,,,,-0.0005375910460798267,-0.0008295412396437777,-0.0011596204763606737,,,,-0.00023562501168605175,-0.0007457491952353153,0.0006651276606152812,,,0.0029930744727687656,0.001942872903376216,,0.001318378041576718,0.0011476036838595266,,0.0011300383213514727,,,0.0012952486022508108,,,,,0.0023314474840514595,-0.001118623792852973,-0.0005782963733286909,0.0011300383213514727,-0.0007508051219826733,,,,0.0013423485514235676,,0.0002074406849158156
855,2026-05-31,NDA SE,FI4000297767,21488101W,,-0.0003865401587868912,-0.00033206523386040276,-0.0005349939878862045,-0.0005187061147187088,,-0.0003865401587868912,-0.0005607278759111105,,,0.0006382925388613506,,0.0011019279153477047,,,0.0017578373887689573,,,0.001652891873021557,,,-0.00023562501168605175,0.002171446186126359,,,-0.0010857230930631796,,,-0.00046433440458047936,,,,,,,,-0.00034934938641149627,,,,,,,,,,,0.002839583474165239,,0.0010206797741239108,0.00016772363572865707
856,2026-05-31,NDAQ,US6311031081,14933701,,-0.0003865401587868912,-0.00033206523386040276,,-0.0005187061147187088,,-0.0003865401587868912,-0.0005607278759111105,,,-0.001893055649443493,,,,0.0011300383213514727,-0.0005375910460798267,-0.0008295412396437777,,,,,0.0009267259873844713,-0.0007457491952353153,,,,,,-0.00046433440458047936,,,,,,,,,,,-0.0009546875473486579,,-0.001118623792852973,-0.0005782963733286909,-0.0005798102381803368,-0.0007508051219826733,-0.0014107484776107557,,-0.0014382305908109652,,-0.0010301744696971564,-0.00024324969402738262
857,2026-05-31,NDSN,US6556631025,00792101,,,,,,,-0.0003865401587868912,,,,0.0006382925388613506,,,,,,,,,-0.0012729167297982106,-0.0012584517669595946,-0.00023562501168605175,,0.0006651276606152812,,,,,-0.00046433440458047936,0.001318378041576718,0.0011476036838595266,,,-0.0006552884940381321,,,-0.00034934938641149627,-0.0003578150419788185,0.0014765834065659244,,,,,,,,,,,,-3.1959570304911406e-05
858,2026-05-31,NEE,US65339F1012,00451701,,,-0.00033206523386040276,,-0.0005187061147187088,-0.0025169035339191893,,0.0016406482295176937,,,0.0006382925388613506,,,,,,,,,-0.0012729167297982106,-0.0012584517669595946,0.0009267259873844713,,0.0006651276606152812,,,,,-0.00046433440458047936,,,,,,,0.0012952486022508108,,0.0010547024332613745,,-0.0009546875473486579,,-0.001118623792852973,-0.0005782963733286909,-0.0005798102381803368,-0.0007508051219826733,-0.0014107484776107557,-0.0022600766427029453,-0.0014382305908109652,,,-0.00024591462313300837
859,2026-05-31,NEM,DE0006452907,22862301W,,-0.0003865401587868912,-0.00033206523386040276,-0.0005349939878862045,,,-0.0003865401587868912,-0.0005607278759111105,-0.0007826413815720446,-0.0006364583648991053,,-0.0009385064024783416,,,,,,-0.0011596204763606737,,,,-0.00023562501168605175,,,,,,,,,,0.0010648438028119647,0.0011300383213514727,,,-0.00043772235372507634,,,-0.0003825345612865089,,,,,,,,,,,,-9.106208962083162e-05
860,2026-05-31,NEM,US6516391066,00788101,0.0025169035339191893,0.0011476036838595266,0.00098003323444641,0.0010547024332613745,0.0010159977568114159,,0.0011416882009530342,0.0016406482295176937,,0.0024339286921416336,,0.002734413715862823,0.0011019279153477047,0.001830475297395774,,0.0017578373887689573,0.0016285846395947695,,0.001652891873021557,,,0.0009267259873844713,,,,,,0.001942872903376216,0.0009190353152899943,0.001318378041576718,0.0011476036838595266,0.0010648438028119647,0.0011300383213514727,0.001925978356390336,,0.0012952486022508108,,,0.0014765834065659244,0.002734413715862823,0.0023314474840514595,,0.0017037500844991435,0.0011300383213514727,,,0.004429750219697773,,0.0013423485514235676,,0.0010662868842101654
861,2026-05-31,NESN,CH0038863350,01660301W,,,-0.00033206523386040276,-0.0005349939878862045,-0.0005187061147187088,,,,,,,,,,,,-0.0008295412396437777,,-0.0008326598157326641,,,-0.00023562501168605175,0.002171446186126359,,,,,,-0.00046433440458047936,-0.0006671310571833996,,,,,,-0.00043772235372507634,-0.00034934938641149627,-0.0003578150419788185,-0.0003825345612865089,,,-0.001118623792852973,-0.0005782963733286909,,-0.0007508051219826733,-0.0014107484776107557,-0.0022600766427029453,,-0.0006836034289657057,,-0.0002290199075058252
862,2026-05-31,NESTE,FI0009013296,27274601W,,,,,-0.0005187061147187088,,-0.0003865401587868912,,,,0.0006382925388613506,,0.0011019279153477047,,-0.0005859457962563192,,,,,0.0012656429199136494,0.0012656429199136494,0.0009267259873844713,,0.0006651276606152812,,,,0.001942872903376216,,,0.0011476036838595266,0.0010648438028119647,0.0011300383213514727,0.001925978356390336,,,,,,,,,,-0.0005798102381803368,,,,,0.0013423485514235676,,0.00024244922724883628
863,2026-05-31,NET,US18915M1071,03560401,-0.0012952486022508108,-0.0003865401587868912,-0.00033206523386040276,-0.0005349939878862045,-0.0005187061147187088,-0.0025169035339191893,-0.0003865401587868912,-0.0005607278759111105,-0.0007826413815720446,-0.0006364583648991053,,-0.0009385064024783416,,-0.0018457292582074053,-0.0005859457962563192,,,-0.0011596204763606737,,,,-0.00023562501168605175,,,,,,,-0.00046433440458047936,,,,-0.0005738018419297633,,,-0.00043772235372507634,-0.00034934938641149627,-0.0003578150419788185,-0.0003825345612865089,-0.0009546875473486579,,,,-0.0005798102381803368,,,,,,0.0010206797741239108,-0.00041882977901446574
864,2026-05-31,NFLX,US64110L1061,14757901,0.0025169035339191893,0.0011476036838595266,0.00098003323444641,0.0010547024332613745,,,-0.0003865401587868912,-0.0005607278759111105,,0.0024339286921416336,,0.002734413715862823,0.0011019279153477047,0.001830475297395774,,,-0.0008295412396437777,,,,,-0.00023562501168605175,,,0.005402134414265577,,,,,,,,,,,,,,,,,,,,,,,,,,0.00026610878917083364
865,2026-05-31,NG.,GB00BDR05C01,21181901W,,,,,0.0010159977568114159,,-0.0003865401587868912,-0.0005607278759111105,,,,,,,,,,,,,-0.0012584517669595946,0.0009267259873844713,,,,0.0031641072997841235,,,-0.00046433440458047936,,,,,0.001925978356390336,,0.0012952486022508108,,,,,,,-0.0005782963733286909,,-0.0007508051219826733,-0.0014107484776107557,-0.0022600766427029453,,,,-7.262944423513637e-05
866,2026-05-31,NHY,NO0005052605,01238301W,,0.0011476036838595266,0.00098003323444641,0.0010547024332613745,0.0010159977568114159,,-0.0003865401587868912,,,0.0024339286921416336,,-0.0009385064024783416,,0.001830475297395774,-0.0005859457962563192,-0.0005375910460798267,0.0016285846395947695,,,,,-0.00023562501168605175,,,,,,,-0.00046433440458047936,-0.0006671310571833996,,,,-0.0006552884940381321,,-0.00043772235372507634,-0.00034934938641149627,-0.0003578150419788185,-0.0003825345612865089,,,,-0.0005782963733286909,0.0011300383213514727,,,,,,,0.00019075543533024527
867,2026-05-31,NI,US65473P1057,00797401,,,-0.00033206523386040276,,,,,,,,,,,,,,,,,,,-0.00023562501168605175,,,0.005402134414265577,-0.0010857230930631796,,,0.0009190353152899943,,,,,-0.0006552884940381321,,,,,,0.002734413715862823,,-0.001118623792852973,-0.0005782963733286909,,-0.0007508051219826733,,-0.0022600766427029453,-0.0014382305908109652,,,-6.442897500001009e-05
868,2026-05-31,NIBE B,SE0015988019,23424601W,,,,,,,-0.0003865401587868912,,,,0.0006382925388613506,,,,0.0011300383213514727,,,,,,,0.0009267259873844713,,0.0006651276606152812,,,,,-0.00046433440458047936,,0.0011476036838595266,,0.0011300383213514727,0.001925978356390336,,,0.0010301744696971564,,0.0014765834065659244,,,,,,,,,,,,0.00017363322106144367
869,2026-05-31,NKE,US6541061031,00790601,-0.0012952486022508108,-0.0003865401587868912,-0.00033206523386040276,,,,,,-0.0007826413815720446,-0.0006364583648991053,,-0.0009385064024783416,,,-0.0005859457962563192,-0.0005375910460798267,-0.0008295412396437777,,-0.0008326598157326641,,,-0.00023562501168605175,-0.0007457491952353153,,,,-0.0029930744727687656,-0.001942872903376216,-0.00046433440458047936,-0.0006671310571833996,-0.0011535807863796283,-0.0010751820921596534,-0.0005738018419297633,-0.0006552884940381321,-0.005402134414265577,-0.00043772235372507634,-0.00034934938641149627,-0.0003578150419788185,-0.0003825345612865089,-0.0009546875473486579,-0.00120373647274396,,,,,,,,-0.0006836034289657057,,-0.00042870138585018386
870,2026-05-31,NLY,US0357108390,06555601,,,,,-0.0005187061147187088,-0.0025169035339191893,-0.0003865401587868912,-0.0005607278759111105,,,0.0006382925388613506,,,,,-0.0005375910460798267,,,,,,0.0009267259873844713,,,,-0.0010857230930631796,,,0.0009190353152899943,,,-0.0010751820921596534,-0.0005738018419297633,,,,0.0010301744696971564,,,-0.0009546875473486579,-0.00120373647274396,0.0022148751098488863,0.0017037500844991435,0.0011300383213514727,0.0022148751098488863,0.002768593887311108,,0.002839583474165239,,,0.00017096096006364466
871,2026-05-31,NN,NL0010773842,26084001W,,0.0011476036838595266,0.00098003323444641,0.0010547024332613745,0.0010159977568114159,,-0.0003865401587868912,-0.0005607278759111105,,,,,0.0011019279153477047,,,-0.0005375910460798267,,,-0.0008326598157326641,,,-0.00023562501168605175,-0.0007457491952353153,,,0.0031641072997841235,,,0.0009190353152899943,,,-0.0010751820921596534,-0.0005738018419297633,,,,-0.00034934938641149627,-0.0003578150419788185,,,,-0.001118623792852973,-0.0005782963733286909,0.0011300383213514727,-0.0007508051219826733,,,,,,-2.6165276756590428e-05
872,2026-05-31,NOC,US6668071029,00798501,-0.0012952486022508108,-0.0003865401587868912,-0.00033206523386040276,,-0.0005187061147187088,,-0.0003865401587868912,,,,0.0006382925388613506,,,,,,,,,,,-0.00023562501168605175,,0.0006651276606152812,,,,,,,0.0011476036838595266,,0.0011300383213514727,0.001925978356390336,,0.0012952486022508108,,,0.0014765834065659244,,,,,,,,,,,,9.612766562953793e-05
873,2026-05-31,NOKIA,FI0009000681,02367102W,,,,,-0.0005187061147187088,,-0.0003865401587868912,-0.0005607278759111105,-0.0007826413815720446,-0.0006364583648991053,,-0.0009385064024783416,-0.0011074375549244432,,,,,-0.0011596204763606737,,,,-0.00023562501168605175,,,,,,,-0.00046433440458047936,-0.0006671310571833996,-0.0011535807863796283,-0.0010751820921596534,-0.0005738018419297633,,,-0.00043772235372507634,-0.00034934938641149627,-0.0003578150419788185,-0.0003825345612865089,,,,,-0.0005798102381803368,,,,,,,-0.00017462297205710046
874,2026-05-31,NOVN,CH0012005267,10131001W,,-0.0003865401587868912,-0.00033206523386040276,-0.0005349939878862045,-0.0005187061147187088,,,,-0.0007826413815720446,,,,,,-0.0005859457962563192,-0.0005375910460798267,-0.0008295412396437777,-0.0011596204763606737,0.001652891873021557,,,-0.00023562501168605175,0.002171446186126359,0.0006651276606152812,,,,,,-0.0006671310571833996,,,-0.0005738018419297633,,,,-0.00034934938641149627,-0.0003578150419788185,,,,,-0.0005782963733286909,,,,,,0.0013423485514235676,0.0010206797741239108,0.00010816890013117249
875,2026-05-31,NOVO B,DK0062498333,00802002W,,-0.0003865401587868912,-0.00033206523386040276,-0.0005349939878862045,-0.0005187061147187088,,,,0.00303407549294368,,,,-0.0011074375549244432,0.001830475297395774,-0.0005859457962563192,0.0017578373887689573,-0.0008295412396437777,0.004520153285405891,0.001652891873021557,,,-0.00023562501168605175,0.002171446186126359,-0.001977567062365077,,,0.0029930744727687656,-0.001942872903376216,,-0.0006671310571833996,-0.0011535807863796283,,-0.0005738018419297633,,,-0.00043772235372507634,-0.00034934938641149627,-0.0003578150419788185,,,,0.0022148751098488863,0.0017037500844991435,,0.0022148751098488863,,,,-0.0006836034289657057,,0.0002678129304126264
876,2026-05-31,NOW,US81762P1021,17100701,-0.0012952486022508108,-0.0003865401587868912,-0.00033206523386040276,-0.0005349939878862045,0.0010159977568114159,0.0025169035339191893,-0.0003865401587868912,-0.0005607278759111105,-0.0007826413815720446,-0.0006364583648991053,,-0.0009385064024783416,0.0011019279153477047,0.001830475297395774,-0.0005859457962563192,,,-0.0011596204763606737,,,,-0.00023562501168605175,,,,,,,,,,,,,,-0.00043772235372507634,-0.00034934938641149627,-0.0003578150419788185,-0.0003825345612865089,,0.0023314474840514595,,,,,,,,,,0.00017561931546552497
877,2026-05-31,NRG,US6293775085,13599003,-0.0012952486022508108,,-0.00033206523386040276,,0.0010159977568114159,0.0025169035339191893,,-0.0005607278759111105,,,0.0006382925388613506,,0.0011019279153477047,,,,,,,0.0012656429199136494,0.0012656429199136494,-0.00023562501168605175,,0.0006651276606152812,-0.005273512166306872,,,,0.0009190353152899943,,-0.0011535807863796283,,,-0.0006552884940381321,,-0.00043772235372507634,,-0.0003578150419788185,,-0.0009546875473486579,,-0.001118623792852973,-0.0005782963733286909,0.0011300383213514727,-0.0007508051219826733,-0.0014107484776107557,-0.0022600766427029453,-0.0014382305908109652,,0.0010206797741239108,-8.988308460282032e-05
878,2026-05-31,NSC,US6558441084,00792301,-0.0012952486022508108,-0.0003865401587868912,-0.00033206523386040276,-0.0005349939878862045,-0.0005187061147187088,-0.0025169035339191893,-0.0003865401587868912,,,,-0.001893055649443493,,,,-0.0005859457962563192,,,,,-0.0012729167297982106,-0.0012584517669595946,-0.00023562501168605175,,-0.001977567062365077,,,,,-0.00046433440458047936,-0.0006671310571833996,,,-0.0005738018419297633,-0.0006552884940381321,,-0.00043772235372507634,-0.00034934938641149627,-0.0003578150419788185,-0.0003825345612865089,-0.0009546875473486579,0.0023314474840514595,,,-0.0005798102381803368,,,,,-0.0006836034289657057,,-0.0003535451906094021
879,2026-05-31,NSIS B,DK0060336014,24133601W,,-0.0003865401587868912,-0.00033206523386040276,-0.0005349939878862045,-0.0005187061147187088,,-0.0003865401587868912,-0.0005607278759111105,,-0.0006364583648991053,,-0.0009385064024783416,-0.0011074375549244432,0.001830475297395774,,-0.0005375910460798267,-0.0008295412396437777,,-0.0008326598157326641,,,0.0009267259873844713,,,,,,,-0.00046433440458047936,,,-0.0010751820921596534,-0.0005738018419297633,-0.0006552884940381321,,,,-0.0003578150419788185,-0.0003825345612865089,,,,-0.0005782963733286909,-0.0005798102381803368,,-0.0014107484776107557,-0.0022600766427029453,,,,-0.00011528360010272615
880,2026-05-31,NST,AU000000NST8,25962501W,,-0.0003865401587868912,-0.00033206523386040276,-0.0005349939878862045,,,,-0.0005607278759111105,,-0.0006364583648991053,,0.002734413715862823,0.0011019279153477047,0.001830475297395774,-0.0005859457962563192,-0.0005375910460798267,-0.0008295412396437777,,0.001652891873021557,,,-0.00023562501168605175,,,,,,,-0.00046433440458047936,,-0.0011535807863796283,,-0.0005738018419297633,0.001925978356390336,,,,,-0.0003825345612865089,,,,,0.0011300383213514727,,,0.004429750219697773,,-0.0006836034289657057,,0.0003001781145931901
881,2026-05-31,NTAP,US64110D1046,06159101,,-0.0003865401587868912,-0.00033206523386040276,-0.0005349939878862045,,,-0.0003865401587868912,-0.0005607278759111105,-0.0007826413815720446,-0.0006364583648991053,,-0.0009385064024783416,,,0.0011300383213514727,,,-0.0011596204763606737,,0.0012656429199136494,0.0012656429199136494,-0.00023562501168605175,,,,,,,,,,0.0010648438028119647,0.0011300383213514727,,,-0.00043772235372507634,-0.00034934938641149627,-0.0003578150419788185,-0.0003825345612865089,,-0.00120373647274396,,,,,,,,,0.0010206797741239108,-3.400322386184055e-05
882,2026-05-31,NTGY,ES0116870314,22058601W,,,0.00098003323444641,,-0.0005187061147187088,,0.0011416882009530342,,,,0.0006382925388613506,,,,,,,,,0.0012656429199136494,0.0012656429199136494,-0.00023562501168605175,,0.0006651276606152812,,0.0031641072997841235,,,,,,,,,,,,,,,,0.0022148751098488863,0.0017037500844991435,-0.0005798102381803368,0.0022148751098488863,0.002768593887311108,0.004429750219697773,0.002839583474165239,,,0.0005435973753238417
883,2026-05-31,NTR,CA67077M1086,01658201C,,0.0011476036838595266,0.00098003323444641,0.0010547024332613745,,,-0.0003865401587868912,-0.0005607278759111105,,-0.0006364583648991053,,-0.0009385064024783416,-0.0011074375549244432,,-0.0005859457962563192,-0.0005375910460798267,,,,,,-0.00023562501168605175,,,,,,-0.001942872903376216,,,,,,,-0.005402134414265577,,0.0010301744696971564,0.0010547024332613745,0.0014765834065659244,,,,,,,0.002768593887311108,0.004429750219697773,,,,0.00017222715211957903
884,2026-05-31,NTRA,US6323071042,02417601,,,0.00098003323444641,0.0010547024332613745,,,,,-0.0007826413815720446,,,,0.0011019279153477047,-0.0018457292582074053,-0.0005859457962563192,-0.0005375910460798267,0.0016285846395947695,-0.0011596204763606737,,0.0012656429199136494,,-0.00023562501168605175,-0.0007457491952353153,0.0006651276606152812,,,,,,0.001318378041576718,,,,,,-0.00043772235372507634,-0.00034934938641149627,-0.0003578150419788185,,,0.0023314474840514595,-0.001118623792852973,-0.0005782963733286909,,-0.0007508051219826733,,,,-0.0006836034289657057,-0.0010301744696971564,-0.0001530314356274493
885,2026-05-31,NTRS,US6658591044,00798201,0.0025169035339191893,0.0011476036838595266,0.00098003323444641,0.0010547024332613745,,,0.0011416882009530342,0.0016406482295176937,,,0.0006382925388613506,,-0.0011074375549244432,,,-0.0005375910460798267,0.0016285846395947695,,,,,-0.00023562501168605175,,,,-0.0010857230930631796,,,-0.00046433440458047936,,,0.0010648438028119647,0.0011300383213514727,,,,-0.00034934938641149627,-0.0003578150419788185,,0.002734413715862823,,-0.001118623792852973,-0.0005782963733286909,,-0.0007508051219826733,,,-0.0014382305908109652,,,0.0001713183965988714
886,2026-05-31,NUE,US6703461052,00803001,0.0025169035339191893,0.0011476036838595266,0.00098003323444641,0.0010547024332613745,,,,0.0016406482295176937,,-0.0006364583648991053,,-0.0009385064024783416,,,-0.0005859457962563192,-0.0005375910460798267,,,,,,-0.00023562501168605175,,,,,,-0.001942872903376216,0.0009190353152899943,-0.0006671310571833996,-0.0011535807863796283,,-0.0005738018419297633,-0.0006552884940381321,,-0.00043772235372507634,-0.00034934938641149627,-0.0003578150419788185,-0.0003825345612865089,-0.0009546875473486579,0.0023314474840514595,,-0.0005782963733286909,,,-0.0014107484776107557,,,-0.0006836034289657057,,-1.0800917333884293e-05
887,2026-05-31,NVDA,US67066G1040,11776801,0.0025169035339191893,0.0011476036838595266,,,0.0010159977568114159,0.0025169035339191893,-0.0003865401587868912,-0.0005607278759111105,0.00303407549294368,0.0024339286921416336,,0.002734413715862823,,0.001830475297395774,-0.0005859457962563192,,,0.004520153285405891,,0.0012656429199136494,,-0.00023562501168605175,,,,,,,,0.001318378041576718,0.0011476036838595266,,,,,0.0012952486022508108,,,-0.0003825345612865089,0.002734413715862823,0.0023314474840514595,,,0.0011300383213514727,,,,,,-0.0010301744696971564,0.0005823061818940842
888,2026-05-31,NVMI,IL0010845571,13390501W,,,,,,,,,-0.0007826413815720446,-0.0006364583648991053,,0.002734413715862823,,-0.0018457292582074053,0.0011300383213514727,,,-0.0011596204763606737,,-0.0012729167297982106,,-0.00023562501168605175,,,,,,,-0.00046433440458047936,-0.0006671310571833996,,,-0.0005738018419297633,,,,-0.00034934938641149627,-0.0003578150419788185,-0.0003825345612865089,,,,,,,,,,,,-0.0002453643090562102
889,2026-05-31,NVR,US62944T1051,01245901,-0.0012952486022508108,-0.0003865401587868912,-0.00033206523386040276,-0.0005349939878862045,-0.0005187061147187088,-0.0025169035339191893,-0.0003865401587868912,-0.0005607278759111105,0.00303407549294368,0.0024339286921416336,,,0.0011019279153477047,0.001830475297395774,-0.0005859457962563192,-0.0005375910460798267,-0.0008295412396437777,,-0.0008326598157326641,,,-0.00023562501168605175,,,-0.005273512166306872,,-0.0029930744727687656,-0.001942872903376216,,-0.0006671310571833996,-0.0011535807863796283,,-0.0005738018419297633,-0.0006552884940381321,-0.005402134414265577,-0.00043772235372507634,-0.00034934938641149627,-0.0003578150419788185,-0.0003825345612865089,-0.0009546875473486579,,,,,,,,,0.0013423485514235676,-0.0010301744696971564,-0.00021897362664230138
890,2026-05-31,NWG,GB00BM8PJY71,01563402W,,-0.0003865401587868912,-0.00033206523386040276,,,,0.0011416882009530342,0.0016406482295176937,,,0.0006382925388613506,,0.0011019279153477047,,,0.0017578373887689573,-0.0008295412396437777,,0.001652891873021557,,,0.0009267259873844713,0.002171446186126359,,,0.0031641072997841235,,,,,,,,,,,0.0010301744696971564,,,,,0.0022148751098488863,0.0017037500844991435,0.0011300383213514727,0.0022148751098488863,,,0.002839583474165239,,,0.0004973897380711528
891,2026-05-31,NWSA,US65249B1098,01804301,,,,,,,,0.0016406482295176937,,-0.0006364583648991053,,-0.0009385064024783416,,,-0.0005859457962563192,,,,-0.0008326598157326641,,,-0.00023562501168605175,,,,,,,-0.00046433440458047936,,,,,,,,-0.00034934938641149627,-0.0003578150419788185,,,,,,,,,,,,,-7.134034356648245e-06
892,2026-05-31,NXPI,NL0009538784,18472501,0.0025169035339191893,0.0011476036838595266,,,,,-0.0003865401587868912,-0.0005607278759111105,-0.0007826413815720446,-0.0006364583648991053,,-0.0009385064024783416,0.0011019279153477047,,-0.0005859457962563192,,,-0.0011596204763606737,,,,-0.00023562501168605175,,,,,,,-0.00046433440458047936,-0.0006671310571833996,,,,,,-0.00043772235372507634,-0.00034934938641149627,-0.0003578150419788185,-0.0003825345612865089,-0.0009546875473486579,,,,,,,,,,,-8.286210674794312e-05
893,2026-05-31,NXT,GB0032089863,10014901W,,,,,,,,,0.00303407549294368,0.0024339286921416336,,0.002734413715862823,-0.0011074375549244432,,,-0.0005375910460798267,-0.0008295412396437777,,-0.0008326598157326641,0.0012656429199136494,,0.0009267259873844713,-0.0007457491952353153,,,,,,,,,,,,,0.0012952486022508108,0.0010301744696971564,,-0.0003825345612865089,,,,,,,,,,,,6.856170556760083e-05
894,2026-05-31,O,US7561091049,03082201,,,,,,,,,,,,,-0.0011074375549244432,,,,,,,,,,,,,-0.0010857230930631796,,,-0.00046433440458047936,,,,,,,,,,-0.0003825345612865089,,,,-0.0005782963733286909,-0.0005798102381803368,,,,,,,-5.829037162874515e-05
895,2026-05-31,O39,SG1S04926220,01575301W,,-0.0003865401587868912,-0.00033206523386040276,-0.0005349939878862045,-0.0005187061147187088,,-0.0003865401587868912,-0.0005607278759111105,,,0.0006382925388613506,,,,,-0.0005375910460798267,0.0016285846395947695,,0.001652891873021557,,,-0.00023562501168605175,0.002171446186126359,,,,,,-0.00046433440458047936,,,,,,,,-0.00034934938641149627,,,,,,-0.0005782963733286909,,,,,,,,4.1591720816818894e-05
896,2026-05-31,ODFL,US6795801009,02461701,0.0025169035339191893,0.0011476036838595266,0.00098003323444641,0.0010547024332613745,-0.0005187061147187088,-0.0025169035339191893,-0.0003865401587868912,,,,-0.001893055649443493,,,,,,,,,,,-0.00023562501168605175,,,,,,,-0.00046433440458047936,-0.0006671310571833996,,-0.0010751820921596534,,-0.0006552884940381321,,-0.00043772235372507634,-0.00034934938641149627,-0.0003578150419788185,-0.0003825345612865089,-0.0009546875473486579,-0.00120373647274396,,,-0.0005798102381803368,,,,,-0.0006836034289657057,-0.0010301744696971564,-0.00020606869732184448
897,2026-05-31,OKE,US6826801036,00815101,-0.0012952486022508108,,,,-0.0005187061147187088,-0.0025169035339191893,-0.0003865401587868912,-0.0005607278759111105,,,0.0006382925388613506,,0.0011019279153477047,,,,,,,,,-0.00023562501168605175,,0.0006651276606152812,,,,,,,,,-0.0005738018419297633,-0.0006552884940381321,,,,,-0.0003825345612865089,-0.0009546875473486579,-0.00120373647274396,,,,,,,,-0.0006836034289657057,,-0.00021920574706957196
898,2026-05-31,OKTA,US6792951054,03073601,,,-0.00033206523386040276,,,,-0.0003865401587868912,0.0016406482295176937,-0.0007826413815720446,-0.0006364583648991053,,-0.0009385064024783416,,0.001830475297395774,-0.0005859457962563192,,,-0.0011596204763606737,,-0.0012729167297982106,-0.0012584517669595946,0.0009267259873844713,,,,,,,,,,0.0010648438028119647,0.0011300383213514727,,,,0.0010301744696971564,0.0010547024332613745,-0.0003825345612865089,-0.0009546875473486579,-0.00120373647274396,,,,,,,,,-0.0010301744696971564,8.473134711987034e-05
899,2026-05-31,OMC,US6819191064,00406601,0.0025169035339191893,0.0011476036838595266,,0.0010547024332613745,0.0010159977568114159,0.0025169035339191893,,,,-0.0006364583648991053,,-0.0009385064024783416,-0.0011074375549244432,,-0.0005859457962563192,,0.0016285846395947695,,0.001652891873021557,,,-0.00023562501168605175,,,,,,0.001942872903376216,-0.00046433440458047936,,,,,,,,-0.00034934938641149627,-0.0003578150419788185,,,-0.00120373647274396,,,,,,,,0.0013423485514235676,,0.00020599857825041542
900,2026-05-31,OMV,AT0000743059,10279802W,,,,,,,-0.0003865401587868912,-0.0005607278759111105,,,,,0.0011019279153477047,,0.0011300383213514727,,,,,,,-0.00023562501168605175,,,,,,-0.001942872903376216,,,,,-0.0005738018419297633,-0.0006552884940381321,,,,,-0.0003825345612865089,,,,,,,,,,-0.0006836034289657057,,-8.96522718199411e-05
901,2026-05-31,ON,US6821891057,13493201,-0.0012952486022508108,-0.0003865401587868912,-0.00033206523386040276,,,,-0.0003865401587868912,-0.0005607278759111105,-0.0007826413815720446,-0.0006364583648991053,,0.002734413715862823,,,-0.0005859457962563192,,,-0.0011596204763606737,,,,-0.00023562501168605175,,,,,,,-0.00046433440458047936,-0.0006671310571833996,,-0.0010751820921596534,,,,-0.00043772235372507634,-0.00034934938641149627,-0.0003578150419788185,-0.0003825345612865089,-0.0009546875473486579,-0.00120373647274396,,,-0.0005798102381803368,,,,,,,-0.00020606293277788563
902,2026-05-31,OR,FR0000120321,10058103W,,,-0.00033206523386040276,,-0.0005187061147187088,,,,,,,,,-0.0018457292582074053,,,-0.0008295412396437777,,,,,-0.00023562501168605175,-0.0007457491952353153,0.0006651276606152812,,,,,-0.00046433440458047936,,,,,,,-0.00043772235372507634,-0.00034934938641149627,-0.0003578150419788185,-0.0003825345612865089,,,-0.001118623792852973,-0.0005782963733286909,-0.0005798102381803368,-0.0007508051219826733,-0.0014107484776107557,-0.0022600766427029453,-0.0014382305908109652,,-0.0010301744696971564,-0.0004812412257382789
903,2026-05-31,ORA,FR0000133308,22094001W,,-0.0003865401587868912,-0.00033206523386040276,-0.0005349939878862045,0.0010159977568114159,,-0.0003865401587868912,-0.0005607278759111105,,-0.0006364583648991053,,-0.0009385064024783416,,,,,,,,,,-0.00023562501168605175,,,,,,,-0.00046433440458047936,,,,,,,,-0.00034934938641149627,-0.0003578150419788185,,,,,,,,,,,-0.0006836034289657057,,-9.542678869744358e-05
904,2026-05-31,ORCL,US68389X1054,01214201,,-0.0003865401587868912,-0.00033206523386040276,,0.0010159977568114159,,-0.0003865401587868912,-0.0005607278759111105,-0.0007826413815720446,-0.0006364583648991053,,-0.0009385064024783416,,,,,,-0.0011596204763606737,,-0.0012729167297982106,0.0012656429199136494,0.0009267259873844713,,,,,,,-0.00046433440458047936,,-0.0011535807863796283,,-0.0005738018419297633,,,-0.00043772235372507634,-0.00034934938641149627,-0.0003578150419788185,-0.0003825345612865089,-0.0009546875473486579,0.0023314474840514595,,,0.0011300383213514727,,,,,,0.0010206797741239108,7.6064464279229725e-06
905,2026-05-31,ORG,AU000000ORG5,01752501W,,,,,0.0010159977568114159,,-0.0003865401587868912,-0.0005607278759111105,,,0.0006382925388613506,,,,,,,,,0.0012656429199136494,0.0012656429199136494,-0.00023562501168605175,,0.0006651276606152812,,-0.0010857230930631796,,,-0.00046433440458047936,,,,,-0.0006552884940381321,,-0.00043772235372507634,,-0.0003578150419788185,,,,,-0.0005782963733286909,0.0011300383213514727,,-0.0014107484776107557,,-0.0014382305908109652,,-0.0010301744696971564,-4.7398693781144346e-05
906,2026-05-31,ORK,NO0003733800,10091303W,,,,-0.0005349939878862045,,,,,,,,,,,0.0011300383213514727,,,,-0.0008326598157326641,,,0.0009267259873844713,-0.0007457491952353153,0.0006651276606152812,,,,-0.001942872903376216,,-0.0006671310571833996,-0.0011535807863796283,,-0.0005738018419297633,,,,,,-0.0003825345612865089,,,,,,,,,,-0.0006836034289657057,-0.0010301744696971564,-9.354193853148519e-05
907,2026-05-31,ORLY,US67103H1077,02818001,-0.0012952486022508108,-0.0003865401587868912,-0.00033206523386040276,,,,-0.0003865401587868912,,0.00303407549294368,0.0024339286921416336,,-0.0009385064024783416,,,-0.0005859457962563192,-0.0005375910460798267,,,0.001652891873021557,0.0012656429199136494,-0.0012584517669595946,-0.00023562501168605175,0.002171446186126359,,,,-0.0029930744727687656,-0.001942872903376216,-0.00046433440458047936,-0.0006671310571833996,-0.0011535807863796283,,-0.0005738018419297633,-0.0006552884940381321,,,,-0.0003578150419788185,-0.0003825345612865089,-0.0009546875473486579,,,,,,,,,,,-4.0555127310084154e-05
908,2026-05-31,ORNBV,FI0009014377,21145302W,,,,0.0010547024332613745,0.0010159977568114159,,,,0.00303407549294368,,,,-0.0011074375549244432,0.001830475297395774,0.0011300383213514727,-0.0005375910460798267,-0.0008295412396437777,0.004520153285405891,-0.0008326598157326641,0.0012656429199136494,0.0012656429199136494,0.0009267259873844713,-0.0007457491952353153,0.0006651276606152812,,,-0.0029930744727687656,,,,,,-0.0005738018419297633,,,0.0012952486022508108,0.0010301744696971564,0.0010547024332613745,,,,,,0.0011300383213514727,0.0022148751098488863,,,,-0.0006836034289657057,,0.00042506250400962037
909,2026-05-31,ORSTED,DK0060094928,23264602W,,,0.00098003323444641,,-0.0005187061147187088,,-0.0003865401587868912,-0.0005607278759111105,,,-0.001893055649443493,,-0.0011074375549244432,,,,,,,,-0.0012584517669595946,0.0009267259873844713,,-0.001977567062365077,,-0.0010857230930631796,,,-0.00046433440458047936,,,,,-0.0006552884940381321,,0.0012952486022508108,,-0.0003578150419788185,,,,-0.001118623792852973,-0.0005782963733286909,-0.0005798102381803368,-0.0007508051219826733,-0.0014107484776107557,-0.0022600766427029453,,,-0.0010301744696971564,-0.0003249872165306915
910,2026-05-31,OTIS,US68902V1070,03619001,-0.0012952486022508108,-0.0003865401587868912,-0.00033206523386040276,-0.0005349939878862045,-0.0005187061147187088,,-0.0003865401587868912,,,,0.0006382925388613506,,,,-0.0005859457962563192,,,,,0.0012656429199136494,-0.0012584517669595946,-0.00023562501168605175,,0.0006651276606152812,,,,,,,,,,-0.0006552884940381321,,-0.00043772235372507634,-0.00034934938641149627,-0.0003578150419788185,-0.0003825345612865089,,,,,,,,,,,,-9.670437037206139e-05
911,2026-05-31,OXY,US6745991058,00806801,0.0025169035339191893,,,,,,0.0011416882009530342,,,,,,-0.0011074375549244432,,,,,,,-0.0012729167297982106,,-0.00023562501168605175,,-0.001977567062365077,,,,-0.001942872903376216,,,,-0.0010751820921596534,-0.0005738018419297633,-0.0006552884940381321,,,,,-0.0003825345612865089,-0.0009546875473486579,0.0023314474840514595,,,-0.0005798102381803368,,,,,,,-0.00010169846774776507
912,2026-05-31,P911,DE000PAG9113,35451901W,,-0.0003865401587868912,-0.00033206523386040276,-0.0005349939878862045,0.0010159977568114159,,,0.0016406482295176937,-0.0007826413815720446,-0.0006364583648991053,,-0.0009385064024783416,,-0.0018457292582074053,-0.0005859457962563192,-0.0005375910460798267,0.0016285846395947695,,0.001652891873021557,,,-0.00023562501168605175,-0.0007457491952353153,,,,-0.0029930744727687656,-0.001942872903376216,-0.00046433440458047936,-0.0006671310571833996,,-0.0010751820921596534,-0.0005738018419297633,-0.0006552884940381321,,-0.00043772235372507634,-0.00034934938641149627,-0.0003578150419788185,-0.0003825345612865089,,,,,,,,,,0.0013423485514235676,,-0.00013034083109467849
913,2026-05-31,PAAS,CA6979001089,02067001C,,0.0011476036838595266,0.00098003323444641,0.0010547024332613745,-0.0005187061147187088,,0.0011416882009530342,0.0016406482295176937,,0.0024339286921416336,,0.002734413715862823,0.0011019279153477047,0.001830475297395774,0.0011300383213514727,-0.0005375910460798267,0.0016285846395947695,,,,,0.0009267259873844713,,,0.005402134414265577,,,0.001942872903376216,,0.001318378041576718,0.0011476036838595266,0.0010648438028119647,0.0011300383213514727,0.001925978356390336,,0.0012952486022508108,0.0010301744696971564,,0.0014765834065659244,,,,-0.0005782963733286909,-0.0005798102381803368,,,,,0.0013423485514235676,,0.0006209338484952807
914,2026-05-31,PAH3,DE000PAH0038,10218701W,,-0.0003865401587868912,-0.00033206523386040276,-0.0005349939878862045,0.0010159977568114159,,-0.0003865401587868912,-0.0005607278759111105,-0.0007826413815720446,-0.0006364583648991053,,0.002734413715862823,,,,,-0.0008295412396437777,,,,,,,,,,-0.0029930744727687656,,,-0.0006671310571833996,,-0.0010751820921596534,-0.0005738018419297633,,,0.0012952486022508108,0.0010301744696971564,0.0010547024332613745,-0.0003825345612865089,,,,,,,,,,-0.0006836034289657057,-0.0010301744696971564,-5.0588121201642876e-05
915,2026-05-31,PANW,US6974351057,17106701,-0.0012952486022508108,-0.0003865401587868912,-0.00033206523386040276,-0.0005349939878862045,-0.0005187061147187088,-0.0025169035339191893,-0.0003865401587868912,,-0.0007826413815720446,-0.0006364583648991053,,-0.0009385064024783416,-0.0011074375549244432,0.001830475297395774,-0.0005859457962563192,,,-0.0011596204763606737,,,,-0.00023562501168605175,,,,,,,-0.00046433440458047936,,,,,,,-0.00043772235372507634,-0.00034934938641149627,-0.0003578150419788185,-0.0003825345612865089,-0.0009546875473486579,-0.00120373647274396,,,-0.0005798102381803368,,,,,,,-0.0001415956702289594
916,2026-05-31,PAYX,US7043261079,00840201,-0.0012952486022508108,-0.0003865401587868912,-0.00033206523386040276,,,,-0.0003865401587868912,,,,0.0006382925388613506,,,,,,,,,,,-0.00023562501168605175,,0.0006651276606152812,,,,,,0.001318378041576718,,,,-0.0006552884940381321,,-0.00043772235372507634,-0.00034934938641149627,-0.0003578150419788185,0.0014765834065659244,,-0.00120373647274396,,,,,,,,-0.0006836034289657057,0.0010206797741239108,-3.911431759904272e-05
917,2026-05-31,PCAR,US6937181088,00825301,,-0.0003865401587868912,-0.00033206523386040276,,0.0010159977568114159,0.0025169035339191893,-0.0003865401587868912,,,,,,,,-0.0005859457962563192,,,,,,,-0.00023562501168605175,,,,,,,-0.00046433440458047936,-0.0006671310571833996,,,,-0.0006552884940381321,,-0.00043772235372507634,-0.00034934938641149627,-0.0003578150419788185,-0.0003825345612865089,-0.0009546875473486579,-0.00120373647274396,,,0.0011300383213514727,,,,,-0.0006836034289657057,,-7.307003929797734e-05
918,2026-05-31,PCG,US69331C1080,00826401,0.0025169035339191893,,,,0.0010159977568114159,0.0025169035339191893,0.0011416882009530342,0.0016406482295176937,,,,,-0.0011074375549244432,,,,,,,,,-0.00023562501168605175,,,,0.0031641072997841235,,,,,,,,,,,,0.0010547024332613745,,-0.0009546875473486579,,0.0022148751098488863,,0.0011300383213514727,0.0022148751098488863,0.002768593887311108,0.004429750219697773,,,,0.0005012320176126827
919,2026-05-31,PEG,US7445731067,00881001,-0.0012952486022508108,,-0.00033206523386040276,,,,-0.0003865401587868912,,,,0.0006382925388613506,,,,,,,,,,,-0.00023562501168605175,,0.0006651276606152812,-0.005273512166306872,-0.0010857230930631796,,,0.0009190353152899943,,0.0011476036838595266,,,,,,,,,0.002734413715862823,,,-0.0005782963733286909,,,,,-0.0014382305908109652,,,1.4473694417864108e-05
920,2026-05-31,PEP,US7134481081,00847901,,,,,,,,,,,,,,,-0.0005859457962563192,,,,,,,-0.00023562501168605175,,,,,,,,,,,,,,-0.00043772235372507634,-0.00034934938641149627,-0.0003578150419788185,-0.0003825345612865089,,,,-0.0005782963733286909,,-0.0007508051219826733,-0.0014107484776107557,-0.0022600766427029453,,-0.0006836034289657057,0.0010206797741239108,-0.00019139461889090673
921,2026-05-31,PFE,US7170811035,00853001,,-0.0003865401587868912,-0.00033206523386040276,,-0.0005187061147187088,-0.0025169035339191893,,,-0.0007826413815720446,,,,,,,-0.0005375910460798267,,-0.0011596204763606737,,-0.0012729167297982106,,0.0009267259873844713,-0.0007457491952353153,0.0006651276606152812,,,-0.0029930744727687656,-0.001942872903376216,-0.00046433440458047936,-0.0006671310571833996,,-0.0010751820921596534,-0.0005738018419297633,,,-0.00043772235372507634,-0.00034934938641149627,-0.0003578150419788185,,,,0.0022148751098488863,-0.0005782963733286909,-0.0005798102381803368,,,,,-0.0006836034289657057,,-0.0002023064958549835
922,2026-05-31,PFG,US74251V1026,14570101,-0.0012952486022508108,-0.0003865401587868912,-0.00033206523386040276,-0.0005349939878862045,,,-0.0003865401587868912,-0.0005607278759111105,,,0.0006382925388613506,,-0.0011074375549244432,,,-0.0005375910460798267,-0.0008295412396437777,,-0.0008326598157326641,,,-0.00023562501168605175,,,,-0.0010857230930631796,,,-0.00046433440458047936,,,,,,,,-0.00034934938641149627,-0.0003578150419788185,,-0.0009546875473486579,-0.00120373647274396,-0.001118623792852973,-0.0005782963733286909,,-0.0007508051219826733,,,0.002839583474165239,,0.0010206797741239108,-0.00013307849602892368
923,2026-05-31,PG,US7427181091,00876201,-0.0012952486022508108,,-0.00033206523386040276,,-0.0005187061147187088,,,,,,,,,0.001830475297395774,-0.0005859457962563192,,,,0.001652891873021557,,,-0.00023562501168605175,0.002171446186126359,,0.005402134414265577,,,,-0.00046433440458047936,,,,,,0.006514338558379078,,-0.00034934938641149627,-0.0003578150419788185,-0.0003825345612865089,,0.0023314474840514595,,-0.0005782963733286909,-0.0005798102381803368,-0.0007508051219826733,-0.0014107484776107557,-0.0022600766427029453,,-0.0006836034289657057,,0.00023421851914967267
924,2026-05-31,PGHN,CH0024608827,27586301W,,-0.0003865401587868912,-0.00033206523386040276,-0.0005349939878862045,,,-0.0003865401587868912,-0.0005607278759111105,,,0.0006382925388613506,,,,,-0.0005375910460798267,,,-0.0008326598157326641,,,-0.00023562501168605175,-0.0007457491952353153,,,-0.0010857230930631796,,,,,,,,,,,-0.00034934938641149627,-0.0003578150419788185,,,,-0.001118623792852973,-0.0005782963733286909,,-0.0007508051219826733,-0.0014107484776107557,,,,-0.0010301744696971564,-0.00021466257375817325
925,2026-05-31,PGR,US7433151039,01334101,,,,,-0.0005187061147187088,-0.0025169035339191893,-0.0003865401587868912,-0.0005607278759111105,,,,,,,,-0.0005375910460798267,0.0016285846395947695,,,,,-0.00023562501168605175,,,,0.0031641072997841235,,,0.0009190353152899943,,,,,,,,0.0010301744696971564,,,-0.0009546875473486579,,0.0022148751098488863,,,0.0022148751098488863,,,-0.0014382305908109652,,,-4.253622146285029e-05
926,2026-05-31,PH,US7010941042,00835801,,-0.0003865401587868912,-0.00033206523386040276,,-0.0005187061147187088,-0.0025169035339191893,-0.0003865401587868912,,,,0.0006382925388613506,,,,-0.0005859457962563192,,,,,,,0.0009267259873844713,,0.0006651276606152812,,,,,-0.00046433440458047936,-0.0006671310571833996,,,,,,,-0.00034934938641149627,-0.0003578150419788185,-0.0003825345612865089,-0.0009546875473486579,,,,-0.0005798102381803368,,,,,,,-0.000121036931368084
927,2026-05-31,PHIA,NL0000009538,00854601W,,0.0011476036838595266,0.00098003323444641,0.0010547024332613745,-0.0005187061147187088,,,,-0.0007826413815720446,,,,,,0.0011300383213514727,-0.0005375910460798267,-0.0008295412396437777,-0.0011596204763606737,-0.0008326598157326641,,,0.0009267259873844713,-0.0007457491952353153,0.0006651276606152812,,,0.0029930744727687656,0.001942872903376216,-0.00046433440458047936,-0.0006671310571833996,-0.0011535807863796283,-0.0010751820921596534,-0.0005738018419297633,,,0.0012952486022508108,0.0010301744696971564,0.0010547024332613745,,,,,-0.0005782963733286909,-0.0005798102381803368,-0.0007508051219826733,,,,-0.0006836034289657057,,2.3551014042707446e-05
928,2026-05-31,PHM,US7458671010,00882301,-0.0012952486022508108,-0.0003865401587868912,-0.00033206523386040276,,,,-0.0003865401587868912,-0.0005607278759111105,-0.0007826413815720446,-0.0006364583648991053,,,0.0011019279153477047,,-0.0005859457962563192,-0.0005375910460798267,-0.0008295412396437777,,-0.0008326598157326641,,,-0.00023562501168605175,,,,,,,-0.00046433440458047936,,,0.0010648438028119647,,-0.0006552884940381321,,-0.00043772235372507634,-0.00034934938641149627,-0.0003578150419788185,0.0014765834065659244,,,,,,,,,,0.0013423485514235676,-0.0010301744696971564,-4.2251343167644474e-05
929,2026-05-31,PHNX,GB00BGXQNP29,28815303W,,,0.00098003323444641,0.0010547024332613745,-0.0005187061147187088,,-0.0003865401587868912,-0.0005607278759111105,,,,,0.0011019279153477047,,,-0.0005375910460798267,0.0016285846395947695,,,,,-0.00023562501168605175,,,,-0.0010857230930631796,,,0.0009190353152899943,,,-0.0010751820921596534,-0.0005738018419297633,,,,0.0010301744696971564,0.0010547024332613745,,,,-0.001118623792852973,-0.0005782963733286909,-0.0005798102381803368,-0.0007508051219826733,-0.0014107484776107557,,-0.0014382305908109652,,0.0010206797741239108,-5.850746749476597e-05
930,2026-05-31,PHOE,IL0007670123,22489301W,,0.0011476036838595266,0.00098003323444641,0.0010547024332613745,,,,,,,,,,,,-0.0005375910460798267,-0.0008295412396437777,,-0.0008326598157326641,,,-0.00023562501168605175,-0.0007457491952353153,,,0.0031641072997841235,,,0.0009190353152899943,,,0.0010648438028119647,0.0011300383213514727,,,,,,,,,,,,-0.0007508051219826733,,,-0.0014382305908109652,,,-2.9794950221093426e-05
931,2026-05-31,PKG,US6951561090,12897801,-0.0012952486022508108,-0.0003865401587868912,-0.00033206523386040276,-0.0005349939878862045,,,,0.0016406482295176937,,-0.0006364583648991053,,,,,-0.0005859457962563192,-0.0005375910460798267,0.0016285846395947695,,-0.0008326598157326641,,,-0.00023562501168605175,,,,,,,,0.001318378041576718,,,,,,-0.00043772235372507634,-0.00034934938641149627,-0.0003578150419788185,0.0014765834065659244,,,,-0.0005782963733286909,,,,,,-0.0006836034289657057,,-1.583562644780249e-05
932,2026-05-31,PLD,US74340W1036,02998401,,,,,,,,,,,,,,,,,,,,,,,,,,,,,,,,,,,,,,,-0.0003825345612865089,-0.0009546875473486579,,,-0.0005782963733286909,-0.0005798102381803368,,,,,-0.0006836034289657057,,-0.00010241323436751277
933,2026-05-31,PLS,AU000000PLS0,28694501W,,-0.0003865401587868912,-0.00033206523386040276,-0.0005349939878862045,,,,-0.0005607278759111105,,-0.0006364583648991053,,-0.0009385064024783416,,-0.0018457292582074053,-0.0005859457962563192,-0.0005375910460798267,-0.0008295412396437777,,-0.0008326598157326641,,,-0.00023562501168605175,,,,,,-0.001942872903376216,-0.00046433440458047936,-0.0006671310571833996,-0.0011535807863796283,-0.0010751820921596534,-0.0005738018419297633,-0.0006552884940381321,,-0.00043772235372507634,-0.00034934938641149627,-0.0003578150419788185,-0.0003825345612865089,,,,-0.0005782963733286909,,,-0.0014107484776107557,-0.0022600766427029453,,-0.0006836034289657057,,-0.0005030844577614727
934,2026-05-31,PLTR,US69608A1088,03691001,,,0.00098003323444641,0.0010547024332613745,-0.0005187061147187088,,-0.0003865401587868912,-0.0005607278759111105,0.00303407549294368,-0.0006364583648991053,,0.002734413715862823,,,-0.0005859457962563192,,,0.004520153285405891,,,,0.0009267259873844713,,,,,,,-0.00046433440458047936,0.001318378041576718,0.0011476036838595266,,,,,0.0012952486022508108,-0.00034934938641149627,-0.0003578150419788185,0.0014765834065659244,0.002734413715862823,0.0023314474840514595,,,-0.0005798102381803368,,,,,,-0.0010301744696971564,0.0003083726232985057
935,2026-05-31,PM,US7181721090,17962101,,,,,,,,,,,,,,,-0.0005859457962563192,,,,-0.0008326598157326641,,-0.0012584517669595946,0.0009267259873844713,,0.0006651276606152812,,,,,,,,,,,,0.0012952486022508108,,,-0.0003825345612865089,,0.0023314474840514595,-0.001118623792852973,-0.0005782963733286909,,-0.0007508051219826733,-0.0014107484776107557,-0.0022600766427029453,-0.0014382305908109652,-0.0006836034289657057,,-0.0001677681958577735
936,2026-05-31,PME,AU000000PME8,24233301W,,0.0011476036838595266,0.00098003323444641,0.0010547024332613745,,,,,0.00303407549294368,,,,-0.0011074375549244432,,,0.0017578373887689573,-0.0008295412396437777,0.004520153285405891,-0.0008326598157326641,,,0.0009267259873844713,-0.0007457491952353153,0.0006651276606152812,,,,,-0.00046433440458047936,0.001318378041576718,,,,,,0.0012952486022508108,,,,,,-0.001118623792852973,-0.0005782963733286909,,-0.0007508051219826733,,,,-0.0006836034289657057,-0.0010301744696971564,5.447230327051599e-05
937,2026-05-31,PNC,US6934751057,00824501,,,,,,,-0.0003865401587868912,,,,0.0006382925388613506,,-0.0011074375549244432,,,-0.0005375910460798267,,,,,,-0.00023562501168605175,,,,-0.0010857230930631796,,,-0.00046433440458047936,,,,,,,,,,,,,,-0.0005782963733286909,,,,,,,,-4.75040575125708e-05
938,2026-05-31,PNDORA,DK0060252690,29552601W,,-0.0003865401587868912,-0.00033206523386040276,-0.0005349939878862045,-0.0005187061147187088,,-0.0003865401587868912,-0.0005607278759111105,0.00303407549294368,0.0024339286921416336,,,,,-0.0005859457962563192,0.0017578373887689573,-0.0008295412396437777,,,0.0012656429199136494,0.0012656429199136494,-0.00023562501168605175,0.002171446186126359,,,,0.0029930744727687656,0.001942872903376216,,-0.0006671310571833996,-0.0011535807863796283,-0.0010751820921596534,-0.0005738018419297633,-0.0006552884940381321,,,,0.0010547024332613745,-0.0003825345612865089,,,,,,,,,,0.0013423485514235676,0.0010206797741239108,0.00017664444948279422
939,2026-05-31,PNR,IE00BLS09M33,00846301,-0.0012952486022508108,-0.0003865401587868912,-0.00033206523386040276,,,,-0.0003865401587868912,,,,0.0006382925388613506,,,,-0.0005859457962563192,,,,,,,-0.00023562501168605175,,0.0006651276606152812,,,,,-0.00046433440458047936,,,,,,,-0.00043772235372507634,-0.00034934938641149627,-0.0003578150419788185,-0.0003825345612865089,-0.0009546875473486579,,,,,,,,,,-0.0010301744696971564,-0.00011794232270578586
940,2026-05-31,PODD,US45784P1012,17722701,,,,,0.0010159977568114159,0.0025169035339191893,,,-0.0007826413815720446,,,,,,0.0011300383213514727,-0.0005375910460798267,,-0.0011596204763606737,-0.0008326598157326641,,0.0012656429199136494,-0.00023562501168605175,-0.0007457491952353153,-0.001977567062365077,,,0.0029930744727687656,0.001942872903376216,0.0009190353152899943,0.001318378041576718,,,,,,-0.00043772235372507634,-0.00034934938641149627,-0.0003578150419788185,,,0.0023314474840514595,-0.001118623792852973,-0.0005782963733286909,,-0.0007508051219826733,,,,,,9.369095489332583e-06
941,2026-05-31,POLI,IL0006625771,03057902W,,-0.0003865401587868912,-0.00033206523386040276,-0.0005349939878862045,-0.0005187061147187088,,-0.0003865401587868912,,,,0.0006382925388613506,,0.0011019279153477047,,,0.0017578373887689573,,,0.001652891873021557,,,0.0009267259873844713,,,,0.0031641072997841235,,,,,,,,,,,0.0010301744696971564,,,,,0.0022148751098488863,0.0017037500844991435,,0.0022148751098488863,,,,,,0.00021083311891523422
942,2026-05-31,POW,CA7392391016,00870201C,,,,,,,-0.0003865401587868912,-0.0005607278759111105,,,0.0006382925388613506,,,,,-0.0005375910460798267,-0.0008295412396437777,,-0.0008326598157326641,,,-0.00023562501168605175,,,,-0.0010857230930631796,,,0.0009190353152899943,,,,-0.0005738018419297633,,,,-0.00034934938641149627,,,,,,,,-0.0007508051219826733,-0.0014107484776107557,,,,0.0010206797741239108,-0.0001001414048185742
943,2026-05-31,PPG,US6935061076,00824701,-0.0012952486022508108,-0.0003865401587868912,-0.00033206523386040276,-0.0005349939878862045,,,,,,-0.0006364583648991053,,-0.0009385064024783416,-0.0011074375549244432,,-0.0005859457962563192,-0.0005375910460798267,-0.0008295412396437777,,,,,-0.00023562501168605175,,,,,,,,,,,,-0.0006552884940381321,,,,,0.0014765834065659244,,-0.00120373647274396,,,,,,,,,,-8.458004719161362e-05
944,2026-05-31,PPL,CA7063271034,13061801C,,,,,-0.0005187061147187088,,-0.0003865401587868912,-0.0005607278759111105,,,0.0006382925388613506,,,,,,,,,-0.0012729167297982106,-0.0012584517669595946,-0.00023562501168605175,,0.0006651276606152812,,,,,,,,,,-0.0006552884940381321,,,,,0.0014765834065659244,,,,,-0.0005798102381803368,,,,,,,-7.339450728338724e-05
945,2026-05-31,PPL,US69351T1060,00845501,,,-0.00033206523386040276,,,,-0.0003865401587868912,-0.0005607278759111105,,,,,,,,,,,,,,-0.00023562501168605175,,,-0.005273512166306872,,,,,,,,,-0.0006552884940381321,,,,,,-0.0009546875473486579,,,-0.0005782963733286909,,-0.0007508051219826733,,,-0.0014382305908109652,,,-0.00018702179659159612
946,2026-05-31,PRU,GB0007099541,01578201W,,-0.0003865401587868912,-0.00033206523386040276,-0.0005349939878862045,0.0010159977568114159,,0.0011416882009530342,,,,0.0006382925388613506,,,,,-0.0005375910460798267,-0.0008295412396437777,,-0.0008326598157326641,,,0.0009267259873844713,-0.0007457491952353153,,,,,,0.0009190353152899943,,,-0.0010751820921596534,-0.0005738018419297633,,,,0.0010301744696971564,0.0010547024332613745,,,,0.0022148751098488863,0.0017037500844991435,0.0011300383213514727,0.0022148751098488863,0.002768593887311108,,-0.0014382305908109652,,,0.00021662879281565865
947,2026-05-31,PRU,US7443201022,14335601,-0.0012952486022508108,-0.0003865401587868912,-0.00033206523386040276,-0.0005349939878862045,,,-0.0003865401587868912,-0.0005607278759111105,,,0.0006382925388613506,,,,,-0.0005375910460798267,-0.0008295412396437777,,,,,-0.00023562501168605175,,,,-0.0010857230930631796,,,-0.00046433440458047936,,,-0.0010751820921596534,-0.0005738018419297633,,,,0.0010301744696971564,,,-0.0009546875473486579,-0.00120373647274396,0.0022148751098488863,0.0017037500844991435,,0.0022148751098488863,0.002768593887311108,,0.002839583474165239,,0.0010206797741239108,0.00015511977243282875
948,2026-05-31,PRX,NL0013654783,33364502W,,0.0011476036838595266,,,0.0010159977568114159,,0.0011416882009530342,0.0016406482295176937,0.00303407549294368,-0.0006364583648991053,,-0.0009385064024783416,-0.0011074375549244432,,,-0.0005375910460798267,,,,-0.0012729167297982106,-0.0012584517669595946,0.0009267259873844713,-0.0007457491952353153,,,,,,-0.00046433440458047936,,,,,,,0.0012952486022508108,0.0010301744696971564,0.0010547024332613745,0.0014765834065659244,,,,,,,,,,-0.0006836034289657057,-0.0010301744696971564,0.00010682399760533179
949,2026-05-31,PRY,IT0004176001,28452101W,,-0.0003865401587868912,-0.00033206523386040276,,,,-0.0003865401587868912,,,,,,,,0.0011300383213514727,,,,,,,-0.00023562501168605175,,0.0006651276606152812,,,,,0.0009190353152899943,,,,,0.001925978356390336,,0.0012952486022508108,0.0010301744696971564,0.0010547024332613745,-0.0003825345612865089,,,,,,,,,,,,0.00010217152669121936
950,2026-05-31,PSA,US74460D1090,01009601,,,,,,,,,,,,,0.0011019279153477047,,,,,,,,0.0012656429199136494,,,,,-0.0010857230930631796,,0.001942872903376216,-0.00046433440458047936,-0.0006671310571833996,,,,,,,,,-0.0003825345612865089,-0.0009546875473486579,,,-0.0005782963733286909,,,,,,,0.0010206797741239108,1.9478747735081554e-05
951,2026-05-31,PSON,GB0006776081,10057201W,,-0.0003865401587868912,-0.00033206523386040276,,,,-0.0003865401587868912,-0.0005607278759111105,-0.0007826413815720446,-0.0006364583648991053,,,-0.0011074375549244432,,,-0.0005375910460798267,,,-0.0008326598157326641,-0.0012729167297982106,,-0.00023562501168605175,-0.0007457491952353153,,,,,,,,,,,-0.0006552884940381321,,-0.00043772235372507634,-0.00034934938641149627,-0.0003578150419788185,-0.0003825345612865089,,,,,,,,,,,,-0.0002072992658532646
952,2026-05-31,PST,IT0003796171,23332001W,,,,,-0.0005187061147187088,,-0.0003865401587868912,-0.0005607278759111105,,,,,,,,-0.0005375910460798267,,,-0.0008326598157326641,,,-0.00023562501168605175,-0.0007457491952353153,,,0.0031641072997841235,,,,,,,-0.0005738018419297633,,,,-0.00034934938641149627,-0.0003578150419788185,,,,,,,,0.002768593887311108,,,,0.0010206797741239108,-5.34127335829314e-06
953,2026-05-31,PSTG,US74624M1027,02575601,-0.0012952486022508108,-0.0003865401587868912,-0.00033206523386040276,,,,-0.0003865401587868912,-0.0005607278759111105,-0.0007826413815720446,-0.0006364583648991053,,-0.0009385064024783416,,0.001830475297395774,-0.0005859457962563192,,,-0.0011596204763606737,,0.0012656429199136494,0.0012656429199136494,-0.00023562501168605175,,,,,,,,,,,-0.0005738018419297633,,,-0.00043772235372507634,-0.00034934938641149627,-0.0003578150419788185,-0.0003825345612865089,-0.0009546875473486579,,,,-0.0005798102381803368,,,,,,0.0010206797741239108,6.950468300640663e-05
954,2026-05-31,PSX,US7185461040,17084101,,,,,0.0010159977568114159,0.0025169035339191893,0.0011416882009530342,,,,0.0006382925388613506,,0.0011019279153477047,,-0.0005859457962563192,,,,,0.0012656429199136494,0.0012656429199136494,-0.00023562501168605175,,0.0006651276606152812,,,,,,,,,,0.001925978356390336,0.006514338558379078,,,,0.0014765834065659244,,0.0023314474840514595,,,0.0011300383213514727,,,,,-0.0006836034289657057,,0.0004873963645149582
955,2026-05-31,PTC,US69370C1009,01869901,-0.0012952486022508108,-0.0003865401587868912,-0.00033206523386040276,-0.0005349939878862045,-0.0005187061147187088,,0.0011416882009530342,,-0.0007826413815720446,-0.0006364583648991053,,,-0.0011074375549244432,,-0.0005859457962563192,,,-0.0011596204763606737,,,,0.0009267259873844713,,,,,,,0.0009190353152899943,,,,,,,,0.0010301744696971564,0.0010547024332613745,-0.0003825345612865089,-0.0009546875473486579,-0.00120373647274396,,,,,,,,,,-5.5276208574002386e-05
956,2026-05-31,PUB,FR0000130577,10129202W,,,-0.00033206523386040276,,,,,-0.0005607278759111105,,-0.0006364583648991053,,-0.0009385064024783416,-0.0011074375549244432,0.001830475297395774,-0.0005859457962563192,,-0.0008295412396437777,,0.001652891873021557,,,-0.00023562501168605175,,,,,,-0.001942872903376216,0.0009190353152899943,,,,,,,,,,,,,,,,,,,,0.0013423485514235676,,0.0001862919564252362
957,2026-05-31,PWR,US74762E1029,06644601,0.0025169035339191893,,0.00098003323444641,0.0010547024332613745,-0.0005187061147187088,-0.0025169035339191893,,,,,0.0006382925388613506,,,,-0.0005859457962563192,,,,,0.0012656429199136494,0.0012656429199136494,-0.00023562501168605175,,0.0006651276606152812,,,,,,,,,,-0.0006552884940381321,,-0.00043772235372507634,-0.00034934938641149627,-0.0003578150419788185,-0.0003825345612865089,-0.0009546875473486579,-0.00120373647274396,,,-0.0005798102381803368,,,,,-0.0006836034289657057,,-7.320834354727634e-05
958,2026-05-31,PYPL,US70450Y1038,02461601,-0.0012952486022508108,-0.0003865401587868912,-0.00033206523386040276,-0.0005349939878862045,,,-0.0003865401587868912,-0.0005607278759111105,,,-0.001893055649443493,,,,-0.0005859457962563192,-0.0005375910460798267,-0.0008295412396437777,,-0.0008326598157326641,,,-0.00023562501168605175,-0.0007457491952353153,,,,,,0.0009190353152899943,,,,-0.0005738018419297633,,,,0.0010301744696971564,0.0010547024332613745,,-0.0009546875473486579,-0.00120373647274396,0.0022148751098488863,0.0017037500844991435,,0.0022148751098488863,0.002768593887311108,,0.002839583474165239,,,0.00011751614044653979
959,2026-05-31,QAN,AU000000QAN2,22024401W,,-0.0003865401587868912,-0.00033206523386040276,-0.0005349939878862045,,,,,,,-0.001893055649443493,,,,-0.0005859457962563192,,,,,0.0012656429199136494,0.0012656429199136494,-0.00023562501168605175,,-0.001977567062365077,,,,,0.0009190353152899943,-0.0006671310571833996,-0.0011535807863796283,-0.0010751820921596534,-0.0005738018419297633,-0.0006552884940381321,,,0.0010301744696971564,0.0010547024332613745,-0.0003825345612865089,,,,,0.0011300383213514727,,,,,-0.0006836034289657057,0.0010206797741239108,-2.055615339896825e-05
960,2026-05-31,QBE,AU000000QBE9,01575601W,,-0.0003865401587868912,-0.00033206523386040276,-0.0005349939878862045,-0.0005187061147187088,,,-0.0005607278759111105,,,0.0006382925388613506,,0.0011019279153477047,,,-0.0005375910460798267,,,-0.0008326598157326641,,,-0.00023562501168605175,-0.0007457491952353153,,,,,,,,,0.0010648438028119647,0.0011300383213514727,,,,,,,,,,,-0.0005798102381803368,,,,,,,-7.550733897769912e-05
961,2026-05-31,QCOM,US7475251036,02480001,-0.0012952486022508108,-0.0003865401587868912,-0.00033206523386040276,-0.0005349939878862045,-0.0005187061147187088,-0.0025169035339191893,-0.0003865401587868912,-0.0005607278759111105,0.00303407549294368,0.0024339286921416336,,0.002734413715862823,0.0011019279153477047,,-0.0005859457962563192,,,0.004520153285405891,,,,-0.00023562501168605175,,,,,,,,,,,,,,-0.00043772235372507634,-0.00034934938641149627,-0.0003578150419788185,-0.0003825345612865089,-0.0009546875473486579,-0.00120373647274396,,,-0.0005798102381803368,,,,,,,-0.0001491796765811435
962,2026-05-31,QSR,CA76131D1033,16447102C,,-0.0003865401587868912,-0.00033206523386040276,,-0.0005187061147187088,,-0.0003865401587868912,-0.0005607278759111105,-0.0007826413815720446,-0.0006364583648991053,,,,,-0.0005859457962563192,-0.0005375910460798267,,,,-0.0012729167297982106,,-0.00023562501168605175,0.002171446186126359,,-0.005273512166306872,,,,,,,,-0.0005738018419297633,-0.0006552884940381321,-0.005402134414265577,-0.00043772235372507634,-0.00034934938641149627,-0.0003578150419788185,-0.0003825345612865089,,,,,,,,,,,0.0010206797741239108,-0.00020225139538316634
963,2026-05-31,RAA,DE0007010803,24441701W,,,,,-0.0005187061147187088,,-0.0003865401587868912,,,,0.0006382925388613506,,,,-0.0005859457962563192,,,,,,,-0.00023562501168605175,,0.0006651276606152812,,,,,-0.00046433440458047936,-0.0006671310571833996,-0.0011535807863796283,,-0.0005738018419297633,-0.0006552884940381321,,-0.00043772235372507634,-0.00034934938641149627,-0.0003578150419788185,-0.0003825345612865089,,,,,-0.0005798102381803368,,,,,-0.0006836034289657057,-0.0010301744696971564,-0.00013817891045388338
964,2026-05-31,RACE,NL0011585146,02546601W,,,,,-0.0005187061147187088,,-0.0003865401587868912,-0.0005607278759111105,0.00303407549294368,0.0024339286921416336,,0.002734413715862823,,0.001830475297395774,,-0.0005375910460798267,-0.0008295412396437777,,-0.0008326598157326641,,,-0.00023562501168605175,-0.0007457491952353153,,,,,,-0.00046433440458047936,0.001318378041576718,0.0011476036838595266,,,,,,-0.00034934938641149627,-0.0003578150419788185,0.0014765834065659244,,,,,,,,,,,,0.0001355843349682174
965,2026-05-31,RBA,CA74935Q1072,06560501,-0.0012952486022508108,-0.0003865401587868912,-0.00033206523386040276,-0.0005349939878862045,,,,,,,0.0006382925388613506,,,,-0.0005859457962563192,,,,,-0.0012729167297982106,-0.0012584517669595946,-0.00023562501168605175,,,,,,,-0.00046433440458047936,,,,-0.0005738018419297633,-0.0006552884940381321,,-0.00043772235372507634,-0.00034934938641149627,-0.0003578150419788185,-0.0003825345612865089,-0.0009546875473486579,-0.00120373647274396,,,-0.0005798102381803368,,,,,,,-0.00024425892204342205
966,2026-05-31,RBI,AT0000606306,27281701W,,0.0011476036838595266,0.00098003323444641,0.0010547024332613745,0.0010159977568114159,,-0.0003865401587868912,,,,,,0.0011019279153477047,,0.0011300383213514727,0.0017578373887689573,0.0016285846395947695,,,,,-0.00023562501168605175,,,,-0.0010857230930631796,,,,,,,,,,,-0.00034934938641149627,,,,,,0.0017037500844991435,0.0011300383213514727,,,,0.002839583474165239,,,0.00023967378024857734
967,2026-05-31,RBLX,US7710491033,03745301,-0.0012952486022508108,-0.0003865401587868912,-0.00033206523386040276,-0.0005349939878862045,,,,,,-0.0006364583648991053,,-0.0009385064024783416,,-0.0018457292582074053,,,0.0016285846395947695,,0.001652891873021557,,,-0.00023562501168605175,,,0.005402134414265577,,,,,,,,,,,,-0.00034934938641149627,-0.0003578150419788185,,,0.0023314474840514595,,,,,,,,,,-8.775684015602429e-05
968,2026-05-31,RCI.B,CA7751092007,00921501C,,-0.0003865401587868912,-0.00033206523386040276,,-0.0005187061147187088,,-0.0003865401587868912,-0.0005607278759111105,,-0.0006364583648991053,,-0.0009385064024783416,-0.0011074375549244432,,0.0011300383213514727,,0.0016285846395947695,,,,,0.0009267259873844713,,,,,,0.001942872903376216,0.0009190353152899943,,,,,,,,0.0010301744696971564,0.0010547024332613745,,,,,,,,,,,-0.0006836034289657057,,1.014892641936051e-05
969,2026-05-31,RCL,LR0008862868,02819101,-0.0012952486022508108,-0.0003865401587868912,-0.00033206523386040276,-0.0005349939878862045,,0.0025169035339191893,,0.0016406482295176937,-0.0007826413815720446,-0.0006364583648991053,,,0.0011019279153477047,,,-0.0005375910460798267,0.0016285846395947695,,0.001652891873021557,-0.0012729167297982106,,0.0009267259873844713,0.002171446186126359,,0.005402134414265577,,0.0029930744727687656,,-0.00046433440458047936,0.001318378041576718,-0.0011535807863796283,0.0010648438028119647,-0.0005738018419297633,,0.006514338558379078,0.0012952486022508108,0.0010301744696971564,0.0010547024332613745,-0.0003825345612865089,-0.0009546875473486579,-0.00120373647274396,,,,,,,,-0.0006836034289657057,,0.0003483588400204078
970,2026-05-31,RDDT,US75734B1008,04509701,,0.0011476036838595266,,0.0010547024332613745,0.0010159977568114159,0.0025169035339191893,,0.0016406482295176937,,0.0024339286921416336,,0.002734413715862823,,,,,-0.0008295412396437777,,-0.0008326598157326641,,,0.0009267259873844713,,,-0.005273512166306872,,,,,,,,,,,,0.0010301744696971564,0.0010547024332613745,,,-0.00120373647274396,,,,,,,,,,0.00020021835306938287
971,2026-05-31,REA,AU000000REA9,24801501W,,-0.0003865401587868912,-0.00033206523386040276,-0.0005349939878862045,,,0.0011416882009530342,-0.0005607278759111105,,0.0024339286921416336,,0.002734413715862823,-0.0011074375549244432,-0.0018457292582074053,,,-0.0008295412396437777,,-0.0008326598157326641,,,-0.00023562501168605175,,,,,,,-0.00046433440458047936,,,,,,,,-0.00034934938641149627,-0.0003578150419788185,,,,,,,,,,,-0.0006836034289657057,,-0.00024730774430045525
972,2026-05-31,REC,IT0003828271,10242901W,,-0.0003865401587868912,-0.00033206523386040276,-0.0005349939878862045,,,,,-0.0007826413815720446,,,,,,,-0.0005375910460798267,-0.0008295412396437777,-0.0011596204763606737,-0.0008326598157326641,,,-0.00023562501168605175,-0.0007457491952353153,0.0006651276606152812,,,,,,,,,,,,-0.00043772235372507634,-0.00034934938641149627,,,,,,,,-0.0007508051219826733,,,,,,-0.00011939109169696477
973,2026-05-31,RED,ES0173093024,23411701W,,,-0.00033206523386040276,,-0.0005187061147187088,,-0.0003865401587868912,-0.0005607278759111105,,,,,-0.0011074375549244432,,,,,,,-0.0012729167297982106,-0.0012584517669595946,-0.00023562501168605175,,-0.001977567062365077,,-0.0010857230930631796,,,-0.00046433440458047936,,,,,-0.0006552884940381321,,-0.00043772235372507634,,-0.0003578150419788185,,,,0.0022148751098488863,0.0017037500844991435,,0.0022148751098488863,,,0.002839583474165239,,,-4.522178904601217e-05
974,2026-05-31,REG,US7588491032,02909901,,,,,,,,,,,,,,,,,,,,,,,,,,,,,,,,,,,,,,,-0.0003825345612865089,-0.0009546875473486579,,,-0.0005782963733286909,,,,,,,,-5.9170860122937e-05
975,2026-05-31,REGN,US75886F1075,02381201,,0.0011476036838595266,0.00098003323444641,0.0010547024332613745,,,,,-0.0007826413815720446,,,,-0.0011074375549244432,0.001830475297395774,0.0011300383213514727,0.0017578373887689573,,-0.0011596204763606737,-0.0008326598157326641,-0.0012729167297982106,-0.0012584517669595946,-0.00023562501168605175,-0.0007457491952353153,,,,,,,,,,,,,-0.00043772235372507634,-0.00034934938641149627,-0.0003578150419788185,,,0.0023314474840514595,0.0022148751098488863,,,0.0022148751098488863,,,,0.0013423485514235676,-0.0010301744696971564,0.0002233401571239419
976,2026-05-31,REL,GB00B2B0DG97,10033801W,,-0.0003865401587868912,-0.00033206523386040276,-0.0005349939878862045,,,-0.0003865401587868912,,,,0.0006382925388613506,,,,,,,,,,0.0012656429199136494,-0.00023562501168605175,,0.0006651276606152812,,,,,-0.00046433440458047936,,,,,,,,-0.00034934938641149627,-0.0003578150419788185,-0.0003825345612865089,,,,,,,,,,,0.0010206797741239108,1.8900405955840994e-05
977,2026-05-31,REP,ES0173516115,01531901W,,,,,,,-0.0003865401587868912,,,,0.0006382925388613506,,,,0.0011300383213514727,,,,,,,-0.00023562501168605175,,0.0006651276606152812,,,,-0.001942872903376216,,,0.0011476036838595266,0.0010648438028119647,0.0011300383213514727,-0.0006552884940381321,,,,,-0.0003825345612865089,,,,,,,,,,,,5.9185304323897195e-06
978,2026-05-31,RF,US7591EP1005,00467401,,-0.0003865401587868912,-0.00033206523386040276,,,,-0.0003865401587868912,,,,,,-0.0011074375549244432,,,-0.0005375910460798267,,,,,,-0.00023562501168605175,,,,-0.0010857230930631796,,,,,,,,,,,,,,,-0.00120373647274396,,,,,,,0.002839583474165239,,,3.103158575685937e-06
979,2026-05-31,RHM,DE0007030009,10031201W,,-0.0003865401587868912,-0.00033206523386040276,-0.0005349939878862045,0.0010159977568114159,,-0.0003865401587868912,,,,-0.001893055649443493,,,,0.0011300383213514727,,,,,,,-0.00023562501168605175,,-0.001977567062365077,,,,,,0.001318378041576718,,,,-0.0006552884940381321,,,-0.00034934938641149627,-0.0003578150419788185,-0.0003825345612865089,,,,,0.0011300383213514727,,,,,-0.0006836034289657057,,-0.00012715655573274258
980,2026-05-31,RI,FR0000120693,10139601W,,,-0.00033206523386040276,-0.0005349939878862045,-0.0005187061147187088,,,,,,,,-0.0011074375549244432,,-0.0005859457962563192,,,,-0.0008326598157326641,-0.0012729167297982106,-0.0012584517669595946,0.0009267259873844713,-0.0007457491952353153,,,,-0.0029930744727687656,-0.001942872903376216,-0.00046433440458047936,-0.0006671310571833996,,,,,,,0.0010301744696971564,0.0010547024332613745,-0.0003825345612865089,,,0.0022148751098488863,0.0017037500844991435,0.0011300383213514727,0.0022148751098488863,,,0.002839583474165239,-0.0006836034289657057,,6.770457268252941e-05
981,2026-05-31,RIO,AU000000RIO1,01956515W,,-0.0003865401587868912,-0.00033206523386040276,,,,-0.0003865401587868912,-0.0005607278759111105,,-0.0006364583648991053,,,0.0011019279153477047,,-0.0005859457962563192,-0.0005375910460798267,-0.0008295412396437777,,,,,-0.00023562501168605175,,,,,,,,,,,-0.0005738018419297633,-0.0006552884940381321,,-0.00043772235372507634,-0.00034934938641149627,-0.0003578150419788185,-0.0003825345612865089,,,,,,,,,,-0.0006836034289657057,,-0.00014212071224714045
982,2026-05-31,RIO,GB0007188757,01956501W,,0.0011476036838595266,0.00098003323444641,0.0010547024332613745,-0.0005187061147187088,,-0.0003865401587868912,-0.0005607278759111105,,-0.0006364583648991053,,,0.0011019279153477047,,-0.0005859457962563192,-0.0005375910460798267,-0.0008295412396437777,,,,,-0.00023562501168605175,,,,,,,,,,,-0.0005738018419297633,-0.0006552884940381321,,-0.00043772235372507634,-0.00034934938641149627,-0.0003578150419788185,-0.0003825345612865089,,,,0.0017037500844991435,,,,,,-0.0006836034289657057,,-5.276763561893554e-05
983,2026-05-31,RIVN,US76954A1034,03981101,0.0025169035339191893,0.0011476036838595266,0.00098003323444641,0.0010547024332613745,,,0.0011416882009530342,-0.0005607278759111105,-0.0007826413815720446,-0.0006364583648991053,,-0.0009385064024783416,,-0.0018457292582074053,0.0011300383213514727,-0.0005375910460798267,0.0016285846395947695,,0.001652891873021557,-0.0012729167297982106,,0.0009267259873844713,-0.0007457491952353153,,,,0.0029930744727687656,0.001942872903376216,-0.00046433440458047936,0.001318378041576718,0.0011476036838595266,0.0010648438028119647,0.0011300383213514727,-0.0006552884940381321,0.006514338558379078,0.0012952486022508108,0.0010301744696971564,0.0010547024332613745,-0.0003825345612865089,0.002734413715862823,-0.00120373647274396,,,,,,,,-0.0006836034289657057,,0.00023802050484680293
984,2026-05-31,RJF,US7547301090,00889801,-0.0012952486022508108,-0.0003865401587868912,-0.00033206523386040276,-0.0005349939878862045,,,-0.0003865401587868912,-0.0005607278759111105,,,,,-0.0011074375549244432,,-0.0005859457962563192,-0.0005375910460798267,-0.0008295412396437777,,,,,-0.00023562501168605175,,,,-0.0010857230930631796,,,,,,,-0.0005738018419297633,,,,-0.00034934938641149627,-0.0003578150419788185,,-0.0009546875473486579,-0.00120373647274396,,-0.0005782963733286909,,-0.0007508051219826733,,,,,,-0.00020369832744302548
985,2026-05-31,RKLB,US7731211089,03950301,,,0.00098003323444641,0.0010547024332613745,,,-0.0003865401587868912,,,,-0.001893055649443493,,,,,,,,,-0.0012729167297982106,-0.0012584517669595946,0.0009267259873844713,,-0.001977567062365077,,,,,-0.00046433440458047936,-0.0006671310571833996,-0.0011535807863796283,,-0.0005738018419297633,-0.0006552884940381321,,-0.00043772235372507634,-0.00034934938641149627,-0.0003578150419788185,0.0014765834065659244,-0.0009546875473486579,,,,,,,,,-0.0006836034289657057,-0.0010301744696971564,-0.0001890491565568949
986,2026-05-31,RKT,US77311W1018,03672201,-0.0012952486022508108,-0.0003865401587868912,-0.00033206523386040276,-0.0005349939878862045,0.0010159977568114159,0.0025169035339191893,,-0.0005607278759111105,,,,,,,-0.0005859457962563192,-0.0005375910460798267,-0.0008295412396437777,,-0.0008326598157326641,,,0.0009267259873844713,,,,,,,-0.00046433440458047936,,,0.0010648438028119647,0.0011300383213514727,,,,-0.00034934938641149627,-0.0003578150419788185,,-0.0009546875473486579,,0.0022148751098488863,-0.0005782963733286909,-0.0005798102381803368,-0.0007508051219826733,-0.0014107484776107557,,-0.0014382305908109652,,-0.0010301744696971564,-0.00010175114846722428
987,2026-05-31,RMD,US7611521078,03188701,,-0.0003865401587868912,-0.00033206523386040276,,,,,,0.00303407549294368,,,,,,,-0.0005375910460798267,,0.004520153285405891,-0.0008326598157326641,,,-0.00023562501168605175,-0.0007457491952353153,0.0006651276606152812,,,0.0029930744727687656,0.001942872903376216,,0.001318378041576718,0.0011476036838595266,,,,,0.0012952486022508108,,,,,-0.00120373647274396,,-0.0005782963733286909,0.0011300383213514727,,,,,,-0.0010301744696971564,5.3750723773912106e-05
988,2026-05-31,RMS,FR0000052292,20305301W,,-0.0003865401587868912,-0.00033206523386040276,-0.0005349939878862045,-0.0005187061147187088,,-0.0003865401587868912,,0.00303407549294368,0.0024339286921416336,,0.002734413715862823,0.0011019279153477047,-0.0018457292582074053,0.0011300383213514727,0.0017578373887689573,,,-0.0008326598157326641,-0.0012729167297982106,-0.0012584517669595946,-0.00023562501168605175,-0.0007457491952353153,,,,,,-0.00046433440458047936,,,,,,,-0.00043772235372507634,-0.00034934938641149627,-0.0003578150419788185,-0.0003825345612865089,,,,,,,,,,,-0.0010301744696971564,-0.00033020293868520333
989,2026-05-31,RNO,FR0000131906,21047901W,,-0.0003865401587868912,-0.00033206523386040276,-0.0005349939878862045,0.0010159977568114159,,-0.0003865401587868912,-0.0005607278759111105,-0.0007826413815720446,-0.0006364583648991053,,-0.0009385064024783416,,0.001830475297395774,,-0.0005375910460798267,,,0.001652891873021557,0.0012656429199136494,,-0.00023562501168605175,,,,,-0.0029930744727687656,-0.001942872903376216,0.0009190353152899943,-0.0006671310571833996,-0.0011535807863796283,-0.0010751820921596534,-0.0005738018419297633,-0.0006552884940381321,,-0.00043772235372507634,-0.00034934938641149627,-0.0003578150419788185,-0.0003825345612865089,,,,,,,,,,-0.0006836034289657057,0.0010206797741239108,8.195424044956456e-05
990,2026-05-31,RO,CH0012032113,02564804W,,0.0011476036838595266,0.00098003323444641,0.0010547024332613745,-0.0005187061147187088,,,,0.00303407549294368,,,,,,,-0.0005375910460798267,,0.004520153285405891,-0.0008326598157326641,0.0012656429199136494,0.0012656429199136494,0.0009267259873844713,-0.0007457491952353153,,,,,,-0.00046433440458047936,-0.0006671310571833996,-0.0011535807863796283,,-0.0005738018419297633,,,0.0012952486022508108,0.0010301744696971564,0.0010547024332613745,,,,,,,,,,,,,0.00022748709116655294
991,2026-05-31,ROCK B,DK0063855168,22149901W,,-0.0003865401587868912,-0.00033206523386040276,-0.0005349939878862045,,,-0.0003865401587868912,,,,-0.001893055649443493,,,,,,,,,,,-0.00023562501168605175,,-0.001977567062365077,,,,,,-0.0006671310571833996,-0.0011535807863796283,-0.0010751820921596534,-0.0005738018419297633,-0.0006552884940381321,,-0.00043772235372507634,-0.00034934938641149627,-0.0003578150419788185,-0.0003825345612865089,,,,,-0.0005798102381803368,,,,,-0.0006836034289657057,-0.0010301744696971564,-0.00025288731276976905
992,2026-05-31,ROK,US7739031091,00920301,,-0.0003865401587868912,-0.00033206523386040276,,-0.0005187061147187088,,,,,,0.0006382925388613506,,,,,,,,,,,-0.00023562501168605175,,0.0006651276606152812,,,,,-0.00046433440458047936,,,,,0.001925978356390336,,-0.00043772235372507634,-0.00034934938641149627,-0.0003578150419788185,0.0014765834065659244,,-0.00120373647274396,,,-0.0005798102381803368,,,,,-0.0006836034289657057,,-2.112252741523218e-05
993,2026-05-31,ROL,US7757111049,00922501,-0.0012952486022508108,-0.0003865401587868912,-0.00033206523386040276,-0.0005349939878862045,-0.0005187061147187088,-0.0025169035339191893,-0.0003865401587868912,,,,0.0006382925388613506,,,,,,,,,,,-0.00023562501168605175,,0.0006651276606152812,,,,,,,,,-0.0005738018419297633,-0.0006552884940381321,,,-0.00034934938641149627,-0.0003578150419788185,-0.0003825345612865089,-0.0009546875473486579,-0.00120373647274396,,,-0.0005798102381803368,,,,,-0.0006836034289657057,,-0.0002508444397030091
994,2026-05-31,ROP,US7766961061,02492501,,,-0.00033206523386040276,,,,-0.0003865401587868912,,-0.0007826413815720446,-0.0006364583648991053,,-0.0009385064024783416,0.0011019279153477047,,-0.0005859457962563192,,,-0.0011596204763606737,,-0.0012729167297982106,-0.0012584517669595946,-0.00023562501168605175,,,,,,,,-0.0006671310571833996,,,,,,-0.00043772235372507634,-0.00034934938641149627,-0.0003578150419788185,-0.0003825345612865089,-0.0009546875473486579,,,,,,,,,,,-0.00019449637280135682
995,2026-05-31,ROST,US7782961038,00924801,,,,,-0.0005187061147187088,,-0.0003865401587868912,,-0.0007826413815720446,-0.0006364583648991053,,,0.0011019279153477047,0.001830475297395774,,-0.0005375910460798267,,,,,,-0.00023562501168605175,-0.0007457491952353153,,,,,,-0.00046433440458047936,0.001318378041576718,0.0011476036838595266,,,-0.0006552884940381321,,,-0.00034934938641149627,-0.0003578150419788185,0.0014765834065659244,0.002734413715862823,0.0023314474840514595,,,,,,,,,,0.0002973343145660691
996,2026-05-31,RPM,US7496851038,00890201,,,,,,,,0.0016406482295176937,,-0.0006364583648991053,,-0.0009385064024783416,,,-0.0005859457962563192,-0.0005375910460798267,-0.0008295412396437777,,-0.0008326598157326641,,,-0.00023562501168605175,,,,,,0.001942872903376216,,,,,-0.0005738018419297633,-0.0006552884940381321,,-0.00043772235372507634,-0.00034934938641149627,-0.0003578150419788185,-0.0003825345612865089,-0.0009546875473486579,,,-0.0005782963733286909,,,,-0.0022600766427029453,,,,-0.0001642299960156295
997,2026-05-31,RR.,GB00B63H8491,10049901W,,0.0011476036838595266,0.00098003323444641,0.0010547024332613745,,,0.0011416882009530342,,,,0.0006382925388613506,,,,-0.0005859457962563192,,,,,0.0012656429199136494,0.0012656429199136494,0.0009267259873844713,,0.0006651276606152812,,,,,,,,,-0.0005738018419297633,0.001925978356390336,,0.0012952486022508108,0.0010301744696971564,0.0010547024332613745,-0.0003825345612865089,,,,,0.0011300383213514727,,,,,,0.0010206797741239108,0.0003521230588214264
998,2026-05-31,RS,US7595091023,03067101,,,0.00098003323444641,,,,,0.0016406482295176937,,-0.0006364583648991053,,-0.0009385064024783416,,,-0.0005859457962563192,-0.0005375910460798267,-0.0008295412396437777,,-0.0008326598157326641,,,-0.00023562501168605175,,,-0.005273512166306872,,,-0.001942872903376216,0.0009190353152899943,-0.0006671310571833996,-0.0011535807863796283,-0.0010751820921596534,-0.0005738018419297633,-0.0006552884940381321,,-0.00043772235372507634,-0.00034934938641149627,-0.0003578150419788185,-0.0003825345612865089,-0.0009546875473486579,,,-0.0005782963733286909,,,-0.0014107484776107557,-0.0022600766427029453,,-0.0006836034289657057,,-0.0002783668317516264
999,2026-05-31,RSG,US7607591002,11216801,-0.0012952486022508108,-0.0003865401587868912,-0.00033206523386040276,-0.0005349939878862045,-0.0005187061147187088,-0.0025169035339191893,-0.0003865401587868912,,,,-0.001893055649443493,,,,-0.0005859457962563192,,,,,-0.0012729167297982106,,-0.00023562501168605175,,-0.001977567062365077,,,,,-0.00046433440458047936,,,,,-0.0006552884940381321,,-0.00043772235372507634,-0.00034934938641149627,-0.0003578150419788185,-0.0003825345612865089,-0.0009546875473486579,0.0023314474840514595,,,-0.0005798102381803368,,,,,,,-0.0002772781481779291
1000,2026-05-31,RTO,GB00B082RF11,10009102W,,-0.0003865401587868912,-0.00033206523386040276,-0.0005349939878862045,-0.0005187061147187088,,0.0011416882009530342,,,,0.0006382925388613506,,,,-0.0005859457962563192,,,,,,,-0.00023562501168605175,,0.0006651276606152812,,,,,,,,,,,,-0.00043772235372507634,-0.00034934938641149627,-0.0003578150419788185,-0.0003825345612865089,,,,,-0.0005798102381803368,,,,,,,-3.3894932536343025e-05
1001,2026-05-31,RTX,US75513E1010,01098301,,,,,-0.0005187061147187088,,,,,,0.0006382925388613506,,,,,,,,,,,-0.00023562501168605175,,0.0006651276606152812,,,,,,,,,,-0.0006552884940381321,,,,,0.0014765834065659244,-0.0009546875473486579,,,,-0.0005798102381803368,,,,,-0.0006836034289657057,,-3.420160419038917e-05
1002,2026-05-31,RVMD,US76155X1000,03608301,,-0.0003865401587868912,-0.00033206523386040276,-0.0005349939878862045,,,,,-0.0007826413815720446,,,,,-0.0018457292582074053,,,0.0016285846395947695,-0.0011596204763606737,,-0.0012729167297982106,-0.0012584517669595946,,,,,,-0.0029930744727687656,-0.001942872903376216,-0.00046433440458047936,-0.0006671310571833996,-0.0011535807863796283,-0.0010751820921596534,-0.0005738018419297633,,,-0.00043772235372507634,-0.00034934938641149627,-0.0003578150419788185,,,0.0023314474840514595,-0.001118623792852973,-0.0005782963733286909,,-0.0007508051219826733,,,,-0.0006836034289657057,,-0.0003591659553482023
1003,2026-05-31,RWE,DE0007037129,10095301W,,,0.00098003323444641,,,,0.0011416882009530342,,,,-0.001893055649443493,,-0.0011074375549244432,,,,,,,,-0.0012584517669595946,-0.00023562501168605175,,-0.001977567062365077,,0.0031641072997841235,,,-0.00046433440458047936,,,,,-0.0006552884940381321,,-0.00043772235372507634,,-0.0003578150419788185,,,,0.0022148751098488863,0.0017037500844991435,0.0011300383213514727,0.0022148751098488863,,0.004429750219697773,0.002839583474165239,,,0.00025019240626071517
1004,2026-05-31,RXL,FR0010451203,10326003W,,-0.0003865401587868912,-0.00033206523386040276,-0.0005349939878862045,0.0010159977568114159,,-0.0003865401587868912,,,,0.0006382925388613506,,,,0.0011300383213514727,,,,,0.0012656429199136494,0.0012656429199136494,-0.00023562501168605175,,0.0006651276606152812,,,,,,-0.0006671310571833996,,-0.0010751820921596534,-0.0005738018419297633,-0.0006552884940381321,,,0.0010301744696971564,0.0010547024332613745,-0.0003825345612865089,,,,,0.0011300383213514727,,,,,,,0.00011444674571992014
1005,2026-05-31,RY,CA7800871021,01563301C,,-0.0003865401587868912,-0.00033206523386040276,,,,-0.0003865401587868912,0.0016406482295176937,,,0.0006382925388613506,,-0.0011074375549244432,,,-0.0005375910460798267,,,,,,-0.00023562501168605175,,,,,,,-0.00046433440458047936,,,,,,,,,,,,,-0.001118623792852973,-0.0005782963733286909,,-0.0007508051219826733,,,,,,-3.903228163191439e-05
1006,2026-05-31,RYA,IE00BYTBXV33,06483501W,,-0.0003865401587868912,-0.00033206523386040276,,0.0010159977568114159,,,,,,-0.001893055649443493,,,,,,,,,,,0.0009267259873844713,,-0.001977567062365077,,,,,0.0009190353152899943,0.001318378041576718,0.0011476036838595266,0.0010648438028119647,0.0011300383213514727,0.001925978356390336,,0.0012952486022508108,0.0010301744696971564,0.0010547024332613745,0.0014765834065659244,,,,,0.0011300383213514727,,,,,0.0013423485514235676,-0.0010301744696971564,0.0002195992652790022
1007,2026-05-31,S32,AU000000S320,31968701W,,,,,0.0010159977568114159,,-0.0003865401587868912,-0.0005607278759111105,,-0.0006364583648991053,,,,-0.0018457292582074053,,0.0017578373887689573,-0.0008295412396437777,,,,,0.0009267259873844713,,,,,,-0.001942872903376216,,,,,-0.0005738018419297633,0.001925978356390336,,0.0012952486022508108,0.0010301744696971564,0.0010547024332613745,-0.0003825345612865089,,,,,,,-0.0014107484776107557,,,-0.0006836034289657057,,-0.00012490670211216676
1008,2026-05-31,S63,SG1F60858221,21488201W,,0.0011476036838595266,0.00098003323444641,0.0010547024332613745,,,-0.0003865401587868912,,,,,,,,-0.0005859457962563192,,,,,0.0012656429199136494,0.0012656429199136494,-0.00023562501168605175,,,,,,,,-0.0006671310571833996,,,-0.0005738018419297633,-0.0006552884940381321,,-0.00043772235372507634,-0.00034934938641149627,-0.0003578150419788185,-0.0003825345612865089,,,,,-0.0005798102381803368,,,,,-0.0006836034289657057,0.0010206797741239108,2.9539043291841733e-05
1009,2026-05-31,S68,SG1J26887955,24190401W,,-0.0003865401587868912,,,-0.0005187061147187088,,-0.0003865401587868912,-0.0005607278759111105,,,-0.001893055649443493,,,,,-0.0005375910460798267,,,,,,-0.00023562501168605175,-0.0007457491952353153,,,-0.0010857230930631796,,,-0.00046433440458047936,,,,,,,,-0.00034934938641149627,-0.0003578150419788185,,,,-0.001118623792852973,-0.0005782963733286909,-0.0005798102381803368,-0.0007508051219826733,-0.0014107484776107557,,-0.0014382305908109652,,-0.0010301744696971564,-0.00025571497549085155
1010,2026-05-31,SAAB B,SE0021921269,22250501W,,,0.00098003323444641,0.0010547024332613745,0.0010159977568114159,,,,,,-0.001893055649443493,,,,0.0011300383213514727,,,,,,,-0.00023562501168605175,,-0.001977567062365077,,,,,0.0009190353152899943,0.001318378041576718,,,,0.001925978356390336,,,,,-0.0003825345612865089,,,,,0.0011300383213514727,,,,,,,3.847685317307795e-05
1011,2026-05-31,SAB,ES0113860A34,24543601W,,-0.0003865401587868912,-0.00033206523386040276,-0.0005349939878862045,-0.0005187061147187088,,-0.0003865401587868912,,,,0.0006382925388613506,,,,0.0011300383213514727,0.0017578373887689573,-0.0008295412396437777,,0.001652891873021557,,,-0.00023562501168605175,0.002171446186126359,,,0.0031641072997841235,,,,,,,,,,,-0.00034934938641149627,,,,,,0.0017037500844991435,-0.0005798102381803368,,,,,,,9.713683397456054e-05
1012,2026-05-31,SAF,FR0000073272,10130501W,,-0.0003865401587868912,-0.00033206523386040276,-0.0005349939878862045,,,0.0011416882009530342,,,,0.0006382925388613506,,,,,,,,,,,0.0009267259873844713,,,,,,,,,,,,-0.0006552884940381321,,0.0012952486022508108,0.0010301744696971564,0.0010547024332613745,-0.0003825345612865089,,,,,0.0011300383213514727,,,,,,0.0010206797741239108,0.00013809481805149363
1013,2026-05-31,SAGA B,SE0005127818,23273803W,,,,,,,,,,-0.0006364583648991053,,,0.0011019279153477047,,,,,,,-0.0012729167297982106,,,0.002171446186126359,,,,,,-0.00046433440458047936,,,,,,,,,,-0.0003825345612865089,,,,-0.0005782963733286909,,,,,,,,2.3764660183953493e-05
1014,2026-05-31,SALM,NO0010310956,28452301W,,,-0.00033206523386040276,-0.0005349939878862045,0.0010159977568114159,,,,,,,,,-0.0018457292582074053,,,,,-0.0008326598157326641,-0.0012729167297982106,,-0.00023562501168605175,-0.0007457491952353153,-0.001977567062365077,,,-0.0029930744727687656,-0.001942872903376216,-0.00046433440458047936,-0.0006671310571833996,,-0.0010751820921596534,-0.0005738018419297633,,,-0.00043772235372507634,-0.00034934938641149627,-0.0003578150419788185,-0.0003825345612865089,,,-0.001118623792852973,-0.0005782963733286909,-0.0005798102381803368,-0.0007508051219826733,-0.0014107484776107557,-0.0022600766427029453,-0.0014382305908109652,-0.0006836034289657057,,-0.0006465699429305247
1015,2026-05-31,SAMPO,FI4000552500,01577301W,,-0.0003865401587868912,-0.00033206523386040276,-0.0005349939878862045,-0.0005187061147187088,,,-0.0005607278759111105,,,-0.001893055649443493,,0.0011019279153477047,,,-0.0005375910460798267,,,,,,0.0009267259873844713,-0.0007457491952353153,,,-0.0010857230930631796,,,0.0009190353152899943,,,,,,,,0.0010301744696971564,0.0010547024332613745,,,,,,,,,,,,-0.0010301744696971564,-1.810586633472419e-05
1016,2026-05-31,SAN,ES0113900J37,01414001W,,0.0011476036838595266,0.00098003323444641,0.0010547024332613745,0.0010159977568114159,,,,,,,,,,,0.0017578373887689573,-0.0008295412396437777,,0.001652891873021557,,,-0.00023562501168605175,,,,,,,-0.00046433440458047936,,,,,,,,,,,,,,0.0017037500844991435,0.0011300383213514727,,,,,,,0.00016512176759207216
1017,2026-05-31,SAN,FR0000120578,10120401W,,-0.0003865401587868912,-0.00033206523386040276,0.0010547024332613745,,,,,-0.0007826413815720446,,,,,0.001830475297395774,-0.0005859457962563192,-0.0005375910460798267,0.0016285846395947695,-0.0011596204763606737,,,-0.0012584517669595946,-0.00023562501168605175,,0.0006651276606152812,,,,,,,,0.0010648438028119647,0.0011300383213514727,,,-0.00043772235372507634,-0.00034934938641149627,-0.0003578150419788185,,,,,0.0017037500844991435,,,,,,,,0.0001626079951707669
1018,2026-05-31,SAND,SE0000667891,01959102W,,0.0011476036838595266,0.00098003323444641,0.0010547024332613745,0.0010159977568114159,,-0.0003865401587868912,,,,0.0006382925388613506,,,,-0.0005859457962563192,,,,,,,-0.00023562501168605175,,0.0006651276606152812,,,,,-0.00046433440458047936,,0.0011476036838595266,,,-0.0006552884940381321,,-0.00043772235372507634,-0.00034934938641149627,-0.0003578150419788185,0.0014765834065659244,,,,,,,,,,,-0.0010301744696971564,7.4338315840849e-05
1019,2026-05-31,SAP,CA8029121057,06561301C,,,-0.00033206523386040276,,0.0010159977568114159,,,,,,,,,,0.0011300383213514727,,0.0016285846395947695,,-0.0008326598157326641,,,-0.00023562501168605175,-0.0007457491952353153,0.0006651276606152812,0.005402134414265577,,,,,0.001318378041576718,0.0011476036838595266,0.0010648438028119647,0.0011300383213514727,,,0.0012952486022508108,0.0010301744696971564,0.0010547024332613745,0.0014765834065659244,,,-0.001118623792852973,-0.0005782963733286909,0.0011300383213514727,-0.0007508051219826733,,,-0.0014382305908109652,,,0.0001239594225236681
1020,2026-05-31,SAP,DE0007164600,10348702W,,-0.0003865401587868912,-0.00033206523386040276,-0.0005349939878862045,,,,-0.0005607278759111105,-0.0007826413815720446,-0.0006364583648991053,,-0.0009385064024783416,,0.001830475297395774,,,,-0.0011596204763606737,,,,-0.00023562501168605175,,,,,,,,,,0.0010648438028119647,0.0011300383213514727,,,-0.00043772235372507634,0.0010301744696971564,,0.0014765834065659244,,,,,0.0011300383213514727,,,,,,,0.00018336610250967156
1021,2026-05-31,SATS,US2787681061,17920201,,,0.00098003323444641,-0.0005349939878862045,,,0.0011416882009530342,,,-0.0006364583648991053,,-0.0009385064024783416,0.0011019279153477047,-0.0018457292582074053,0.0011300383213514727,,,,0.001652891873021557,,,-0.00023562501168605175,,,,,,-0.001942872903376216,-0.00046433440458047936,,,,,,,,-0.00034934938641149627,-0.0003578150419788185,,,-0.00120373647274396,,,,,,,,-0.0006836034289657057,,-0.00016956781879573667
1022,2026-05-31,SBAC,US78410G1040,12138201,,,,,,,,,,0.0024339286921416336,,,,,,,,,,0.0012656429199136494,-0.0012584517669595946,,,,,0.0031641072997841235,,,,-0.0006671310571833996,-0.0011535807863796283,,,,,,,,-0.0003825345612865089,-0.0009546875473486579,,,,-0.0005798102381803368,,,,,,,-5.149510173326733e-05
1023,2026-05-31,SBRY,GB00B019KW72,01957901W,,,-0.00033206523386040276,-0.0005349939878862045,,,,,,,,,0.0011019279153477047,-0.0018457292582074053,-0.0005859457962563192,,-0.0008295412396437777,,0.001652891873021557,0.0012656429199136494,,-0.00023562501168605175,0.002171446186126359,0.0006651276606152812,,,0.0029930744727687656,0.001942872903376216,0.0009190353152899943,,,0.0010648438028119647,0.0011300383213514727,,,-0.00043772235372507634,,-0.0003578150419788185,0.0014765834065659244,,,,0.0017037500844991435,0.0011300383213514727,,0.002768593887311108,0.004429750219697773,,,,0.0003316445919628696
1024,2026-05-31,SBUX,US8552441094,02543401,,,0.00098003323444641,0.0010547024332613745,-0.0005187061147187088,,-0.0003865401587868912,,-0.0007826413815720446,-0.0006364583648991053,,-0.0009385064024783416,,,-0.0005859457962563192,-0.0005375910460798267,-0.0008295412396437777,,,,-0.0012584517669595946,-0.00023562501168605175,0.002171446186126359,,-0.005273512166306872,,-0.0029930744727687656,,-0.00046433440458047936,-0.0006671310571833996,-0.0011535807863796283,,-0.0005738018419297633,-0.0006552884940381321,,-0.00043772235372507634,-0.00034934938641149627,-0.0003578150419788185,-0.0003825345612865089,-0.0009546875473486579,-0.00120373647274396,,,,,,,,-0.0006836034289657057,,-0.00019741644732955687
1025,2026-05-31,SCA B,SE0000112724,01236807W,,-0.0003865401587868912,-0.00033206523386040276,-0.0005349939878862045,-0.0005187061147187088,,-0.0003865401587868912,-0.0005607278759111105,,-0.0006364583648991053,,-0.0009385064024783416,,,-0.0005859457962563192,0.0017578373887689573,,,,,,-0.00023562501168605175,,,,,,,-0.00046433440458047936,,,,,-0.0006552884940381321,,-0.00043772235372507634,-0.00034934938641149627,-0.0003578150419788185,,,,,-0.0005782963733286909,-0.0005798102381803368,,,-0.0022600766427029453,,,,-0.0002076189341399902
1026,2026-05-31,SCG,AU000000SCG8,29610801W,,,,,,,,,,,,,,,,,,,,,,,0.002171446186126359,,,-0.0010857230930631796,-0.0029930744727687656,,-0.00046433440458047936,-0.0006671310571833996,,,,,,,,,,,,,,0.0011300383213514727,,,,,-0.0006836034289657057,,3.76512502850593e-05
1027,2026-05-31,SCHN,CH0024638212,10134301W,,-0.0003865401587868912,-0.00033206523386040276,-0.0005349939878862045,-0.0005187061147187088,,-0.0003865401587868912,,,,0.0006382925388613506,,,,,,,,,0.0012656429199136494,,-0.00023562501168605175,,0.0006651276606152812,,,,,-0.00046433440458047936,-0.0006671310571833996,-0.0011535807863796283,,-0.0005738018419297633,0.001925978356390336,,-0.00043772235372507634,-0.00034934938641149627,-0.0003578150419788185,-0.0003825345612865089,,,,,-0.0005798102381803368,,,,,,,-2.2618420640867064e-05
1028,2026-05-31,SCHP,CH0024638196,10134303W,,-0.0003865401587868912,-0.00033206523386040276,-0.0005349939878862045,,,-0.0003865401587868912,,,,0.0006382925388613506,,,,,,,,,0.0012656429199136494,,-0.00023562501168605175,,0.0006651276606152812,,,,,-0.00046433440458047936,-0.0006671310571833996,-0.0011535807863796283,,-0.0005738018419297633,0.001925978356390336,,-0.00043772235372507634,-0.00034934938641149627,-0.0003578150419788185,-0.0003825345612865089,,,,,,,,,,,,1.0481101871229496e-07
1029,2026-05-31,SCHW,US8085131055,01398801,,,,,0.0010159977568114159,0.0025169035339191893,-0.0003865401587868912,-0.0005607278759111105,,,0.0006382925388613506,,-0.0011074375549244432,,0.0011300383213514727,-0.0005375910460798267,0.0016285846395947695,,,,,0.0009267259873844713,,,,-0.0010857230930631796,,,-0.00046433440458047936,,,0.0010648438028119647,,,,,,,,,0.0023314474840514595,-0.001118623792852973,-0.0005782963733286909,,-0.0007508051219826733,-0.0014107484776107557,,-0.0014382305908109652,,,3.099830674440067e-05
1030,2026-05-31,SCMN,CH0008742519,11492701W,,-0.0003865401587868912,-0.00033206523386040276,,-0.0005187061147187088,,-0.0003865401587868912,-0.0005607278759111105,,-0.0006364583648991053,,,,,0.0011300383213514727,,0.0016285846395947695,,-0.0008326598157326641,,,-0.00023562501168605175,,,,,,0.001942872903376216,0.0009190353152899943,,,,,,,,-0.00034934938641149627,0.0010547024332613745,,,,,,,,,,,,,-2.7820801837327758e-05
1031,2026-05-31,SDR,GB00BP9LHF23,01563801W,,-0.0003865401587868912,-0.00033206523386040276,-0.0005349939878862045,,,0.0011416882009530342,,,,0.0006382925388613506,,,,,-0.0005375910460798267,,,,,,-0.00023562501168605175,-0.0007457491952353153,,,-0.0010857230930631796,,,,,,,-0.0005738018419297633,,,,,,,,,,-0.0005782963733286909,,-0.0007508051219826733,,,,,,-5.394522733218506e-05
1032,2026-05-31,SDZ,CH1243598427,04336201W,,-0.0003865401587868912,-0.00033206523386040276,-0.0005349939878862045,-0.0005187061147187088,,,,-0.0007826413815720446,,,,-0.0011074375549244432,,0.0011300383213514727,-0.0005375910460798267,,-0.0011596204763606737,,,,0.0009267259873844713,,0.0006651276606152812,,,,,,0.001318378041576718,,0.0010648438028119647,0.0011300383213514727,,,0.0012952486022508108,0.0010301744696971564,0.0010547024332613745,,,,-0.001118623792852973,-0.0005782963733286909,-0.0005798102381803368,-0.0007508051219826733,,,,-0.0006836034289657057,,-6.397506698643454e-07
1033,2026-05-31,SE,US81141R1005,03254690,-0.0012952486022508108,-0.0003865401587868912,-0.00033206523386040276,-0.0005349939878862045,,,-0.0003865401587868912,-0.0005607278759111105,,-0.0006364583648991053,,-0.0009385064024783416,0.0011019279153477047,0.001830475297395774,0.0011300383213514727,,-0.0008295412396437777,,,,,0.0009267259873844713,,,,,,0.001942872903376216,0.0009190353152899943,,,,,,,,0.0010301744696971564,,,,-0.00120373647274396,,,,,,,,0.0013423485514235676,,0.00018932904620653804
1034,2026-05-31,SEB A,SE0000148884,01567101W,,-0.0003865401587868912,-0.00033206523386040276,-0.0005349939878862045,-0.0005187061147187088,,-0.0003865401587868912,,,,0.0006382925388613506,,,,,0.0017578373887689573,-0.0008295412396437777,,0.001652891873021557,,,-0.00023562501168605175,,,,-0.0010857230930631796,,,-0.00046433440458047936,,,,,,,,-0.00034934938641149627,,,,,,,,,,,0.002839583474165239,,0.0010206797741239108,8.930549838783125e-05
1035,2026-05-31,SECU B,SE0000163594,10498101W,,0.0011476036838595266,,,,,-0.0003865401587868912,,,,0.0006382925388613506,,,,,,,,,0.0012656429199136494,0.0012656429199136494,-0.00023562501168605175,,0.0006651276606152812,,,,,-0.00046433440458047936,,,0.0010648438028119647,0.0011300383213514727,,,-0.00043772235372507634,-0.00034934938641149627,-0.0003578150419788185,-0.0003825345612865089,,,,,,,,,,0.0013423485514235676,,0.00013959680414084546
1036,2026-05-31,SGE,GB00B8C3BL03,10464301W,,-0.0003865401587868912,-0.00033206523386040276,-0.0005349939878862045,,,-0.0003865401587868912,-0.0005607278759111105,-0.0007826413815720446,-0.0006364583648991053,,-0.0009385064024783416,0.0011019279153477047,,,,,-0.0011596204763606737,,,0.0012656429199136494,-0.00023562501168605175,,,,,,,0.0009190353152899943,-0.0006671310571833996,,,,,,-0.00043772235372507634,,,-0.0003825345612865089,,,,,,,,,,,0.0010206797741239108,-2.967134093855041e-05
1037,2026-05-31,SGH,AU0000364754,20832601W,,-0.0003865401587868912,-0.00033206523386040276,-0.0005349939878862045,0.0010159977568114159,,-0.0003865401587868912,,,,-0.001893055649443493,,,,0.0011300383213514727,,,,,,,-0.00023562501168605175,,-0.001977567062365077,,,,,-0.00046433440458047936,0.001318378041576718,0.0011476036838595266,0.0010648438028119647,0.0011300383213514727,-0.0006552884940381321,,-0.00043772235372507634,-0.00034934938641149627,-0.0003578150419788185,-0.0003825345612865089,,,,,0.0011300383213514727,,,,,,,-8.195778504604259e-05
1038,2026-05-31,SGO,FR0000125007,10181101W,,-0.0003865401587868912,-0.00033206523386040276,-0.0005349939878862045,,,-0.0003865401587868912,,,,,,,,,,,,,,,-0.00023562501168605175,,,,,,,-0.00046433440458047936,-0.0006671310571833996,,,-0.0005738018419297633,-0.0006552884940381321,,-0.00043772235372507634,-0.00034934938641149627,-0.0003578150419788185,-0.0003825345612865089,,,,,,,,,,0.0013423485514235676,,-3.9716448611755224e-05
1039,2026-05-31,SGP,AU000000SGP0,01618901W,,,,,,,,,,-0.0006364583648991053,,,,0.001830475297395774,,,,,,,,,-0.0007457491952353153,,,-0.0010857230930631796,-0.0029930744727687656,,0.0009190353152899943,-0.0006671310571833996,,-0.0010751820921596534,,,,,,,,,,,,0.0011300383213514727,,,,,-0.0006836034289657057,,9.474458237030645e-05
1040,2026-05-31,SGRO,GB00B5ZN1N88,01564401W,,,,,,,,,,-0.0006364583648991053,,,,,,,,,,-0.0012729167297982106,-0.0012584517669595946,,0.002171446186126359,,,0.0031641072997841235,0.0029930744727687656,,,,,0.0010648438028119647,,,,,,,-0.0003825345612865089,,,,,,,,,,-0.0006836034289657057,-0.0010301744696971564,-3.5764910676448766e-05
1041,2026-05-31,SGSN,CH1256740924,10134001W,,-0.0003865401587868912,-0.00033206523386040276,-0.0005349939878862045,-0.0005187061147187088,,-0.0003865401587868912,,,,,,,,,,,,,,0.0012656429199136494,-0.00023562501168605175,,0.0006651276606152812,,,,,-0.00046433440458047936,-0.0006671310571833996,,,-0.0005738018419297633,,,,,-0.0003578150419788185,-0.0003825345612865089,,,,,,,,,,0.0013423485514235676,0.0010206797741239108,6.281392012181596e-05
1042,2026-05-31,SHB A,SE0007100599,01565401W,,,,,-0.0005187061147187088,,,,,,0.0006382925388613506,,0.0011019279153477047,,-0.0005859457962563192,0.0017578373887689573,-0.0008295412396437777,,0.001652891873021557,,,-0.00023562501168605175,0.002171446186126359,,,,,,-0.00046433440458047936,,,,,,,,-0.00034934938641149627,,,,,0.0022148751098488863,,,0.0022148751098488863,,,0.002839583474165239,,0.0010206797741239108,0.00029576848896980417
1043,2026-05-31,SHEL,GB00BP6MXD84,01238401W,,,,,0.0010159977568114159,,-0.0003865401587868912,,,,0.0006382925388613506,,,,,,,,,,,-0.00023562501168605175,,0.0006651276606152812,,,,,,,-0.0011535807863796283,-0.0010751820921596534,-0.0005738018419297633,-0.0006552884940381321,,,,,-0.0003825345612865089,,,,,0.0011300383213514727,,,,,0.0013423485514235676,,6.729873082113509e-05
1044,2026-05-31,SHL,AU000000SHL7,20709701W,,-0.0003865401587868912,-0.00033206523386040276,-0.0005349939878862045,,,,,-0.0007826413815720446,,,,0.0011019279153477047,,-0.0005859457962563192,-0.0005375910460798267,0.0016285846395947695,-0.0011596204763606737,,,,-0.00023562501168605175,0.002171446186126359,,,,-0.0029930744727687656,-0.001942872903376216,0.0009190353152899943,,,,,,,-0.00043772235372507634,-0.00034934938641149627,-0.0003578150419788185,,,,,0.0017037500844991435,0.0011300383213514727,0.0022148751098488863,,,,-0.0006836034289657057,,7.500495307857895e-05
1045,2026-05-31,SHL,DE000SHL1006,32676501W,,-0.0003865401587868912,-0.00033206523386040276,-0.0005349939878862045,,,,,-0.0007826413815720446,,,,-0.0011074375549244432,,,-0.0005375910460798267,-0.0008295412396437777,-0.0011596204763606737,-0.0008326598157326641,,,-0.00023562501168605175,,0.0006651276606152812,,,,,-0.00046433440458047936,-0.0006671310571833996,,-0.0010751820921596534,-0.0005738018419297633,,,-0.00043772235372507634,-0.00034934938641149627,-0.0003578150419788185,,,,,,,,,,,,,-0.00012436491809193984
1046,2026-05-31,SHOP,CA82509L1076,02365001C,,-0.0003865401587868912,-0.00033206523386040276,-0.0005349939878862045,-0.0005187061147187088,,-0.0003865401587868912,-0.0005607278759111105,-0.0007826413815720446,-0.0006364583648991053,,,,0.001830475297395774,,,,-0.0011596204763606737,,,,-0.00023562501168605175,,,,,,,,,,,-0.0005738018419297633,,,-0.00043772235372507634,-0.00034934938641149627,-0.0003578150419788185,-0.0003825345612865089,,,,,-0.0005798102381803368,,,,,,-0.0010301744696971564,-1.388383422100658e-05
1047,2026-05-31,SHW,US8243481061,00966701,-0.0012952486022508108,-0.0003865401587868912,-0.00033206523386040276,,-0.0005187061147187088,,-0.0003865401587868912,,,-0.0006364583648991053,,-0.0009385064024783416,,,,-0.0005375910460798267,,,0.001652891873021557,,,-0.00023562501168605175,,,,,,,-0.00046433440458047936,,,,,-0.0006552884940381321,0.006514338558379078,-0.00043772235372507634,-0.00034934938641149627,-0.0003578150419788185,-0.0003825345612865089,-0.0009546875473486579,0.0023314474840514595,,-0.0005782963733286909,-0.0005798102381803368,,-0.0014107484776107557,-0.0022600766427029453,,,,-5.656559579749588e-05
1048,2026-05-31,SIE,DE0007236101,01934901W,,-0.0003865401587868912,-0.00033206523386040276,,-0.0005187061147187088,,-0.0003865401587868912,,,,0.0006382925388613506,,,,,,,,,,,-0.00023562501168605175,,0.0006651276606152812,,,,,,-0.0006671310571833996,,,-0.0005738018419297633,-0.0006552884940381321,,-0.00043772235372507634,-0.00034934938641149627,-0.0003578150419788185,-0.0003825345612865089,,,,,-0.0005798102381803368,,,,,0.0013423485514235676,,-2.5024057125076892e-05
1049,2026-05-31,SIG,AU000000SIG5,25438001W,,-0.0003865401587868912,-0.00033206523386040276,,,,,,-0.0007826413815720446,,,,-0.0011074375549244432,,0.0011300383213514727,-0.0005375910460798267,-0.0008295412396437777,-0.0011596204763606737,-0.0008326598157326641,,,0.0009267259873844713,-0.0007457491952353153,0.0006651276606152812,,,-0.0029930744727687656,,-0.00046433440458047936,,,-0.0010751820921596534,-0.0005738018419297633,,,-0.00043772235372507634,-0.00034934938641149627,-0.0003578150419788185,,,,-0.001118623792852973,-0.0005782963733286909,-0.0005798102381803368,-0.0007508051219826733,,,,-0.0006836034289657057,,-0.00019706352115957858
1050,2026-05-31,SIKA,CH0418792922,10135001W,,-0.0003865401587868912,-0.00033206523386040276,-0.0005349939878862045,-0.0005187061147187088,,-0.0003865401587868912,-0.0005607278759111105,,-0.0006364583648991053,,-0.0009385064024783416,,,,-0.0005375910460798267,0.0016285846395947695,,-0.0008326598157326641,,,-0.00023562501168605175,,,,,,,-0.00046433440458047936,-0.0006671310571833996,,,-0.0005738018419297633,-0.0006552884940381321,,-0.00043772235372507634,-0.00034934938641149627,-0.0003578150419788185,-0.0003825345612865089,,,,-0.0005782963733286909,-0.0005798102381803368,,,,,,,-0.00017247775587884843
1051,2026-05-31,SKA B,SE0000113250,10098002W,,-0.0003865401587868912,-0.00033206523386040276,-0.0005349939878862045,,,-0.0003865401587868912,,,,0.0006382925388613506,,,,0.0011300383213514727,,,,,0.0012656429199136494,,-0.00023562501168605175,,0.0006651276606152812,,,,,-0.00046433440458047936,-0.0006671310571833996,-0.0011535807863796283,-0.0010751820921596534,-0.0005738018419297633,,,-0.00043772235372507634,-0.00034934938641149627,-0.0003578150419788185,-0.0003825345612865089,,,,,,,,,,-0.0006836034289657057,,-6.92950488754743e-05
1052,2026-05-31,SKF B,SE0000108227,01174905W,,-0.0003865401587868912,-0.00033206523386040276,-0.0005349939878862045,,,-0.0003865401587868912,,,,,,,,-0.0005859457962563192,,,,,,,-0.00023562501168605175,,0.0006651276606152812,,,,,-0.00046433440458047936,-0.0006671310571833996,-0.0011535807863796283,-0.0010751820921596534,-0.0005738018419297633,-0.0006552884940381321,,-0.00043772235372507634,-0.00034934938641149627,-0.0003578150419788185,-0.0003825345612865089,,,,,,,,,,,,-9.469519799662932e-05
1053,2026-05-31,SLB,AN8068571086,00946501,-0.0012952486022508108,,,,-0.0005187061147187088,-0.0025169035339191893,-0.0003865401587868912,-0.0005607278759111105,,,0.0006382925388613506,,-0.0011074375549244432,,-0.0005859457962563192,,,,,,,-0.00023562501168605175,,0.0006651276606152812,,,,0.001942872903376216,,,,,,-0.0006552884940381321,-0.005402134414265577,,,,-0.0003825345612865089,-0.0009546875473486579,-0.00120373647274396,,,-0.0005798102381803368,,,,,,,-0.0003277718234104253
1054,2026-05-31,SLF,CA8667961053,13328901C,,-0.0003865401587868912,-0.00033206523386040276,-0.0005349939878862045,,,,0.0016406482295176937,,,0.0006382925388613506,,,,,-0.0005375910460798267,-0.0008295412396437777,,-0.0008326598157326641,,,-0.00023562501168605175,,,,-0.0010857230930631796,,,,,,,,,,,-0.00034934938641149627,,,,,,-0.0005782963733286909,,-0.0007508051219826733,,,,,,-4.281305277158615e-05
1055,2026-05-31,SLHN,CH0014852781,20569901W,,-0.0003865401587868912,-0.00033206523386040276,-0.0005349939878862045,-0.0005187061147187088,,-0.0003865401587868912,-0.0005607278759111105,,,0.0006382925388613506,,,,0.0011300383213514727,-0.0005375910460798267,,,,,,-0.00023562501168605175,-0.0007457491952353153,,,-0.0010857230930631796,,,-0.00046433440458047936,,,0.0010648438028119647,0.0011300383213514727,,,,-0.00034934938641149627,-0.0003578150419788185,,,,-0.001118623792852973,-0.0005782963733286909,-0.0005798102381803368,-0.0007508051219826733,-0.0014107484776107557,,-0.0014382305908109652,,0.0010206797741239108,-0.00019214757934870417
1056,2026-05-31,SMCI,US86800U3023,17656701,0.0025169035339191893,0.0011476036838595266,0.00098003323444641,,0.0010159977568114159,0.0025169035339191893,0.0011416882009530342,0.0016406482295176937,-0.0007826413815720446,-0.0006364583648991053,,-0.0009385064024783416,,,-0.0005859457962563192,,,-0.0011596204763606737,,0.0012656429199136494,0.0012656429199136494,-0.00023562501168605175,,,,,,,0.0009190353152899943,0.001318378041576718,0.0011476036838595266,0.0010648438028119647,0.0011300383213514727,,,-0.00043772235372507634,-0.00034934938641149627,-0.0003578150419788185,-0.0003825345612865089,0.002734413715862823,-0.00120373647274396,,,0.0011300383213514727,,,,,,0.0010206797741239108,0.000389892087535749
1057,2026-05-31,SMIN,GB00B1WY2338,10004501W,,-0.0003865401587868912,-0.00033206523386040276,-0.0005349939878862045,-0.0005187061147187088,,-0.0003865401587868912,,,,0.0006382925388613506,,,,0.0011300383213514727,,,,,,,-0.00023562501168605175,,0.0006651276606152812,,,,,,,,,,-0.0006552884940381321,,,,,-0.0003825345612865089,,,,,-0.0005798102381803368,,,,,,,-5.467043721833693e-05
1058,2026-05-31,SN.,GB0009223206,10131701W,,-0.0003865401587868912,-0.00033206523386040276,-0.0005349939878862045,,,,,-0.0007826413815720446,,,,,,0.0011300383213514727,-0.0005375910460798267,,-0.0011596204763606737,-0.0008326598157326641,,,-0.00023562501168605175,-0.0007457491952353153,-0.001977567062365077,,,0.0029930744727687656,0.001942872903376216,,,,0.0010648438028119647,0.0011300383213514727,,,,0.0010301744696971564,0.0010547024332613745,,,,,,,,,,,,,-7.403574240074025e-05
1059,2026-05-31,SNA,US8330341012,00977801,-0.0012952486022508108,-0.0003865401587868912,-0.00033206523386040276,-0.0005349939878862045,-0.0005187061147187088,,-0.0003865401587868912,,,,0.0006382925388613506,,,,-0.0005859457962563192,,,,,,-0.0012584517669595946,-0.00023562501168605175,,0.0006651276606152812,,,,,-0.00046433440458047936,-0.0006671310571833996,,,-0.0005738018419297633,-0.0006552884940381321,,-0.00043772235372507634,-0.00034934938641149627,-0.0003578150419788185,-0.0003825345612865089,-0.0009546875473486579,-0.00120373647274396,,,,,,,,,-0.0010301744696971564,-0.00022724705210813847
1060,2026-05-31,SNOW,US8334451098,33996501,,-0.0003865401587868912,,0.0010547024332613745,-0.0005187061147187088,,-0.0003865401587868912,-0.0005607278759111105,-0.0007826413815720446,-0.0006364583648991053,,-0.0009385064024783416,,-0.0018457292582074053,-0.0005859457962563192,,,-0.0011596204763606737,,,0.0012656429199136494,0.0009267259873844713,,,,,,,,,,,-0.0005738018419297633,,,-0.00043772235372507634,-0.00034934938641149627,-0.0003578150419788185,-0.0003825345612865089,-0.0009546875473486579,,,,-0.0005798102381803368,,,,,,0.0010206797741239108,-0.0002192096331228608
1061,2026-05-31,SNPS,US8716071076,02497501,-0.0012952486022508108,-0.0003865401587868912,-0.00033206523386040276,-0.0005349939878862045,,,-0.0003865401587868912,0.0016406482295176937,-0.0007826413815720446,-0.0006364583648991053,,-0.0009385064024783416,-0.0011074375549244432,,,,,-0.0011596204763606737,,-0.0012729167297982106,-0.0012584517669595946,-0.00023562501168605175,,,,,,,-0.00046433440458047936,,,-0.0010751820921596534,-0.0005738018419297633,,,-0.00043772235372507634,-0.00034934938641149627,-0.0003578150419788185,-0.0003825345612865089,-0.0009546875473486579,,,,-0.0005798102381803368,,,,,,,-0.000226674830683539
1062,2026-05-31,SO,US8425871071,00985001,,,-0.00033206523386040276,,,,0.0011416882009530342,0.0016406482295176937,,,,,,,,,,,,,,-0.00023562501168605175,,,0.005402134414265577,-0.0010857230930631796,,,,,-0.0011535807863796283,,,-0.0006552884940381321,0.006514338558379078,-0.00043772235372507634,,-0.0003578150419788185,,-0.0009546875473486579,,-0.001118623792852973,-0.0005782963733286909,,-0.0007508051219826733,,,-0.0014382305908109652,,,5.642624712406104e-05
1063,2026-05-31,SOBI,SE0000872095,27914301W,,-0.0003865401587868912,,,0.0010159977568114159,,,,-0.0007826413815720446,,,,-0.0011074375549244432,,-0.0005859457962563192,0.0017578373887689573,-0.0008295412396437777,-0.0011596204763606737,,,,-0.00023562501168605175,0.002171446186126359,0.0006651276606152812,,,,,,-0.0006671310571833996,,,-0.0005738018419297633,,,-0.00043772235372507634,-0.00034934938641149627,-0.0003578150419788185,,,,-0.001118623792852973,-0.0005782963733286909,-0.0005798102381803368,-0.0007508051219826733,,,,,,-2.516353228025135e-05
1064,2026-05-31,SOF,BE0003717312,02405601W,,,,,,,,,,,0.0006382925388613506,,,,,0.0017578373887689573,-0.0008295412396437777,,-0.0008326598157326641,,,-0.00023562501168605175,-0.0007457491952353153,,,-0.0010857230930631796,,,-0.00046433440458047936,,,-0.0010751820921596534,-0.0005738018419297633,,,,-0.00034934938641149627,-0.0003578150419788185,,,,-0.001118623792852973,-0.0005782963733286909,,-0.0007508051219826733,,,,,-0.0010301744696971564,-0.00014607740005241436
1065,2026-05-31,SOFI,US83406F1021,03891601,,-0.0003865401587868912,-0.00033206523386040276,-0.0005349939878862045,0.0010159977568114159,0.0025169035339191893,-0.0003865401587868912,,,,-0.001893055649443493,,,,-0.0005859457962563192,-0.0005375910460798267,,,-0.0008326598157326641,,,0.0009267259873844713,,,,-0.0010857230930631796,,,,,,-0.0010751820921596534,-0.0005738018419297633,,,,-0.00034934938641149627,-0.0003578150419788185,,-0.0009546875473486579,-0.00120373647274396,-0.001118623792852973,-0.0005782963733286909,,-0.0007508051219826733,-0.0014107484776107557,,-0.0014382305908109652,,,-0.00016439377881855978
1066,2026-05-31,SOL,AU000000SOL3,10456601W,,0.0011476036838595266,0.00098003323444641,0.0010547024332613745,0.0010159977568114159,,-0.0003865401587868912,-0.0005607278759111105,,,-0.001893055649443493,,,,-0.0005859457962563192,-0.0005375910460798267,,,-0.0008326598157326641,,,0.0009267259873844713,-0.0007457491952353153,,,-0.0010857230930631796,,,0.0009190353152899943,,,-0.0010751820921596534,-0.0005738018419297633,,,,0.0010301744696971564,0.0010547024332613745,,,,0.0022148751098488863,,0.0011300383213514727,0.0022148751098488863,-0.0014107484776107557,,,,-0.0010301744696971564,9.847756323381786e-05
1067,2026-05-31,SOON,CH0012549785,21179501W,,-0.0003865401587868912,-0.00033206523386040276,,-0.0005187061147187088,,,,-0.0007826413815720446,,,,,0.001830475297395774,,-0.0005375910460798267,0.0016285846395947695,-0.0011596204763606737,,,,-0.00023562501168605175,,0.0006651276606152812,,,,,-0.00046433440458047936,,,,,,,-0.00043772235372507634,-0.00034934938641149627,-0.0003578150419788185,,,,,,-0.0005798102381803368,,,,,,,0.00010712603602747933
1068,2026-05-31,SPG,US8288061091,02938901,,,,,,,,,,,,,,,,,,,,,0.0012656429199136494,,,,,,,,,0.001318378041576718,,,,,,,,,-0.0003825345612865089,0.002734413715862823,,,0.0017037500844991435,,,,,,,0.0010206797741239108,0.00018964692999456483
1069,2026-05-31,SPGI,US78409V1044,00716301,-0.0012952486022508108,-0.0003865401587868912,-0.00033206523386040276,-0.0005349939878862045,,,-0.0003865401587868912,,,,,,,,,-0.0005375910460798267,,,,,,-0.00023562501168605175,-0.0007457491952353153,,,-0.0010857230930631796,,,-0.00046433440458047936,,,,,,,,-0.00034934938641149627,-0.0003578150419788185,,-0.0009546875473486579,0.0023314474840514595,-0.001118623792852973,-0.0005782963733286909,-0.0005798102381803368,-0.0007508051219826733,-0.0014107484776107557,,-0.0014382305908109652,,-0.0010301744696971564,-0.00022684269262889244
1070,2026-05-31,SPOT,LU1778762911,03317501,,,,,,,,,,0.0024339286921416336,,-0.0009385064024783416,0.0011019279153477047,0.001830475297395774,,,,,0.001652891873021557,,,-0.00023562501168605175,,,,,,,,,,,,,,,,,,,,,,,,,,,,,0.00021103007746467304
1071,2026-05-31,SPSN,CH0008038389,24351501W,,,,,,,,,,-0.0006364583648991053,,,,,,,,,,-0.0012729167297982106,-0.0012584517669595946,,0.002171446186126359,,,-0.0010857230930631796,,,-0.00046433440458047936,-0.0006671310571833996,,,,,,,,,-0.0003825345612865089,,,,-0.0005782963733286909,-0.0005798102381803368,,,,,-0.0006836034289657057,,-8.282243624895044e-05
1072,2026-05-31,SPX,GB00BWFGQN14,10061901W,,-0.0003865401587868912,-0.00033206523386040276,-0.0005349939878862045,-0.0005187061147187088,,0.0011416882009530342,,,,0.0006382925388613506,,,,,,,,,,,-0.00023562501168605175,,0.0006651276606152812,,,,,-0.00046433440458047936,-0.0006671310571833996,,,,-0.0006552884940381321,,-0.00043772235372507634,-0.00034934938641149627,-0.0003578150419788185,-0.0003825345612865089,,,,,-0.0005798102381803368,,,,,,,-4.9695268791752485e-05
1073,2026-05-31,SRE,US8168511090,00827201,-0.0012952486022508108,,-0.00033206523386040276,,,,0.0011416882009530342,0.0016406482295176937,,,-0.001893055649443493,,,,,,,,,-0.0012729167297982106,-0.0012584517669595946,-0.00023562501168605175,,-0.001977567062365077,,0.0031641072997841235,,,-0.00046433440458047936,,-0.0011535807863796283,,,-0.0006552884940381321,,-0.00043772235372507634,,-0.0003578150419788185,,-0.0009546875473486579,,-0.001118623792852973,-0.0005782963733286909,-0.0005798102381803368,-0.0007508051219826733,-0.0014107484776107557,-0.0022600766427029453,,,,-0.0003317757782637577
1074,2026-05-31,SREN,CH0126881561,06354608W,,-0.0003865401587868912,-0.00033206523386040276,-0.0005349939878862045,-0.0005187061147187088,,-0.0003865401587868912,-0.0005607278759111105,,,,,,,,-0.0005375910460798267,-0.0008295412396437777,,-0.0008326598157326641,,,-0.00023562501168605175,-0.0007457491952353153,,,-0.0010857230930631796,,,-0.00046433440458047936,,,,-0.0005738018419297633,,,,0.0010301744696971564,0.0010547024332613745,,,,0.0022148751098488863,,-0.0005798102381803368,0.0022148751098488863,,,-0.0014382305908109652,,,-5.849839312018918e-05
1075,2026-05-31,SRG,IT0003153415,24945701W,,,,,-0.0005187061147187088,,0.0011416882009530342,,,,0.0006382925388613506,,-0.0011074375549244432,,,,,,,-0.0012729167297982106,-0.0012584517669595946,-0.00023562501168605175,,-0.001977567062365077,,-0.0010857230930631796,,,,,0.0011476036838595266,,,-0.0006552884940381321,,-0.00043772235372507634,,-0.0003578150419788185,,,,,,,,,,0.002839583474165239,,,-8.554369523536531e-05
1076,2026-05-31,SRT3,DE0007165631,20882102W,,-0.0003865401587868912,-0.00033206523386040276,-0.0005349939878862045,-0.0005187061147187088,,,,-0.0007826413815720446,,,,0.0011019279153477047,-0.0018457292582074053,-0.0005859457962563192,-0.0005375910460798267,,-0.0011596204763606737,-0.0008326598157326641,,,-0.00023562501168605175,0.002171446186126359,-0.001977567062365077,,,,,-0.00046433440458047936,-0.0006671310571833996,-0.0011535807863796283,-0.0010751820921596534,-0.0005738018419297633,,,-0.00043772235372507634,-0.00034934938641149627,-0.0003578150419788185,,,,-0.001118623792852973,-0.0005782963733286909,-0.0005798102381803368,-0.0007508051219826733,,,,-0.0006836034289657057,0.0010206797741239108,-0.00035960189022712577
1077,2026-05-31,SSE,GB0007908733,10334201W,,,-0.00033206523386040276,,0.0010159977568114159,,-0.0003865401587868912,-0.0005607278759111105,,,-0.001893055649443493,,,,,,,,,,,-0.00023562501168605175,,0.0006651276606152812,,0.0031641072997841235,,,-0.00046433440458047936,,-0.0011535807863796283,,,-0.0006552884940381321,,-0.00043772235372507634,,-0.0003578150419788185,,,,-0.001118623792852973,,-0.0005798102381803368,-0.0007508051219826733,-0.0014107484776107557,-0.0022600766427029453,,,-0.0010301744696971564,-0.00021335645497474307
1078,2026-05-31,SSNC,US78467J1007,06296502,0.0025169035339191893,0.0011476036838595266,,,,,-0.0003865401587868912,,,,0.0006382925388613506,,,,,,,,,-0.0012729167297982106,-0.0012584517669595946,-0.00023562501168605175,,0.0006651276606152812,,,,,,,,0.0010648438028119647,0.0011300383213514727,-0.0006552884940381321,,-0.00043772235372507634,-0.00034934938641149627,-0.0003578150419788185,-0.0003825345612865089,,0.0023314474840514595,,,,,,,,0.0013423485514235676,,7.573631444768974e-05
1079,2026-05-31,STAN,GB0004082847,01564501W,,,,,,,-0.0003865401587868912,0.0016406482295176937,,,0.0006382925388613506,,0.0011019279153477047,,,0.0017578373887689573,0.0016285846395947695,,0.001652891873021557,,,-0.00023562501168605175,,,,0.0031641072997841235,,,,,,,,,,,,,,,,,,,,,,-0.0014382305908109652,,,9.431982349588471e-05
1080,2026-05-31,STE,IE00BFY8C754,02531301,,-0.0003865401587868912,-0.00033206523386040276,,,,,,-0.0007826413815720446,,,,,,,-0.0005375910460798267,0.0016285846395947695,-0.0011596204763606737,,,,-0.00023562501168605175,-0.0007457491952353153,,,,,,,,,,,,,-0.00043772235372507634,-0.00034934938641149627,-0.0003578150419788185,,,-0.00120373647274396,-0.001118623792852973,-0.0005782963733286909,,-0.0007508051219826733,,,,,,-0.00015418219765603902
1081,2026-05-31,STERV,FI0009005961,10102005W,,-0.0003865401587868912,-0.00033206523386040276,,-0.0005187061147187088,,0.0011416882009530342,0.0016406482295176937,,-0.0006364583648991053,,-0.0009385064024783416,,-0.0018457292582074053,-0.0005859457962563192,-0.0005375910460798267,,,,,,0.0009267259873844713,,,,,,-0.001942872903376216,,-0.0006671310571833996,,-0.0010751820921596534,-0.0005738018419297633,-0.0006552884940381321,,0.0012952486022508108,0.0010301744696971564,0.0010547024332613745,,,,,-0.0005782963733286909,-0.0005798102381803368,,0.002768593887311108,0.004429750219697773,,-0.0006836034289657057,,0.00010348180292937351
1082,2026-05-31,STLAM,NL00150001Q9,10127610W,,-0.0003865401587868912,-0.00033206523386040276,-0.0005349939878862045,0.0010159977568114159,,-0.0003865401587868912,,-0.0007826413815720446,-0.0006364583648991053,,-0.0009385064024783416,,-0.0018457292582074053,-0.0005859457962563192,-0.0005375910460798267,-0.0008295412396437777,,,,,-0.00023562501168605175,,,,,-0.0029930744727687656,-0.001942872903376216,-0.00046433440458047936,-0.0006671310571833996,,-0.0010751820921596534,-0.0005738018419297633,-0.0006552884940381321,,-0.00043772235372507634,-0.00034934938641149627,-0.0003578150419788185,-0.0003825345612865089,,,,,,,,,,-0.0006836034289657057,,-0.0003379684456463001
1083,2026-05-31,STLD,US8581191009,06403001,,,,0.0010547024332613745,-0.0005187061147187088,,-0.0003865401587868912,-0.0005607278759111105,,-0.0006364583648991053,,-0.0009385064024783416,,0.001830475297395774,-0.0005859457962563192,-0.0005375910460798267,-0.0008295412396437777,,-0.0008326598157326641,,,-0.00023562501168605175,,,,,,-0.001942872903376216,0.0009190353152899943,-0.0006671310571833996,0.0011476036838595266,,0.0011300383213514727,,,,-0.00034934938641149627,,-0.0003825345612865089,0.002734413715862823,-0.00120373647274396,,-0.0005782963733286909,-0.0005798102381803368,,-0.0014107484776107557,-0.0022600766427029453,,-0.0006836034289657057,,-2.1112586693535473e-05
1084,2026-05-31,STMMI,NL0000226223,03114203W,,,,,,,,,-0.0007826413815720446,-0.0006364583648991053,,-0.0009385064024783416,,,-0.0005859457962563192,,,-0.0011596204763606737,,,,-0.00023562501168605175,,,,,,,-0.00046433440458047936,-0.0006671310571833996,,-0.0010751820921596534,,,,-0.00043772235372507634,-0.00034934938641149627,-0.0003578150419788185,-0.0003825345612865089,,,,,,,,,,,-0.0010301744696971564,-0.00012015842287065755
1085,2026-05-31,STMN,CH1175448666,22821801W,,-0.0003865401587868912,-0.00033206523386040276,-0.0005349939878862045,-0.0005187061147187088,,,,-0.0007826413815720446,,,,,0.001830475297395774,-0.0005859457962563192,-0.0005375910460798267,-0.0008295412396437777,-0.0011596204763606737,-0.0008326598157326641,,,-0.00023562501168605175,-0.0007457491952353153,-0.001977567062365077,,,,,-0.00046433440458047936,,-0.0011535807863796283,,-0.0005738018419297633,,,-0.00043772235372507634,-0.00034934938641149627,-0.0003578150419788185,,,,-0.001118623792852973,-0.0005782963733286909,-0.0005798102381803368,-0.0007508051219826733,,,,-0.0006836034289657057,,-0.00017028975440218111
1086,2026-05-31,STN,CA85472N1096,02998501C,,,,,,,-0.0003865401587868912,,,,0.0006382925388613506,,,,,,,,,,,-0.00023562501168605175,,0.0006651276606152812,,,,,,0.001318378041576718,0.0011476036838595266,0.0010648438028119647,0.0011300383213514727,,,,,,0.0014765834065659244,,,,,,,,,,0.0013423485514235676,,0.00015091479541555765
1087,2026-05-31,STO,AU000000STO6,10016501W,,,,,,,-0.0003865401587868912,-0.0005607278759111105,,,,,,,,,,,,-0.0012729167297982106,-0.0012584517669595946,-0.00023562501168605175,,-0.001977567062365077,,,,-0.001942872903376216,,,0.0011476036838595266,,0.0011300383213514727,-0.0006552884940381321,,,,,-0.0003825345612865089,,,,,,,,,,-0.0006836034289657057,,-0.0002327986656858045
1088,2026-05-31,STT,US8574771031,01003501,0.0025169035339191893,0.0011476036838595266,0.00098003323444641,0.0010547024332613745,,,,0.0016406482295176937,,,,,,,,-0.0005375910460798267,,,,,,-0.00023562501168605175,,,,,,,,,,0.0010648438028119647,0.0011300383213514727,,,,-0.00034934938641149627,,,0.002734413715862823,0.0023314474840514595,,-0.0005782963733286909,,-0.0007508051219826733,,,,,,0.00027224118866494055
1089,2026-05-31,STX,IE00BKVD2N49,15093701,0.0025169035339191893,0.0011476036838595266,0.00098003323444641,0.0010547024332613745,0.0010159977568114159,0.0025169035339191893,,0.0016406482295176937,0.00303407549294368,0.0024339286921416336,,-0.0009385064024783416,0.0011019279153477047,,0.0011300383213514727,,,0.004520153285405891,,0.0012656429199136494,-0.0012584517669595946,0.0009267259873844713,,,,,,,,0.001318378041576718,0.0011476036838595266,,,,,0.0012952486022508108,,-0.0003578150419788185,0.0014765834065659244,0.002734413715862823,0.0023314474840514595,,,0.0011300383213514727,,,,,,0.0010206797741239108,0.0006383166337041
1090,2026-05-31,STZ,US21036P1084,00271002,-0.0012952486022508108,,-0.00033206523386040276,-0.0005349939878862045,-0.0005187061147187088,-0.0025169035339191893,,,,,,,,,-0.0005859457962563192,,,,-0.0008326598157326641,-0.0012729167297982106,,-0.00023562501168605175,-0.0007457491952353153,-0.001977567062365077,-0.005273512166306872,,,,,-0.0006671310571833996,,,,,,0.0012952486022508108,-0.00034934938641149627,-0.0003578150419788185,-0.0003825345612865089,,,0.0022148751098488863,-0.0005782963733286909,-0.0005798102381803368,-0.0007508051219826733,-0.0014107484776107557,-0.0022600766427029453,-0.0014382305908109652,,,-0.0004544367029864496
1091,2026-05-31,SU,CA8672241079,01507001C,,,,,-0.0005187061147187088,,-0.0003865401587868912,-0.0005607278759111105,,,,,,,-0.0005859457962563192,,,,,,,-0.00023562501168605175,,0.0006651276606152812,,,,,,,-0.0011535807863796283,-0.0010751820921596534,-0.0005738018419297633,-0.0006552884940381321,,,,,-0.0003825345612865089,,,,,-0.0005798102381803368,,,,,0.0013423485514235676,,-2.6324363540728646e-05
1092,2026-05-31,SU,FR0000121972,10133602W,,-0.0003865401587868912,-0.00033206523386040276,-0.0005349939878862045,,,-0.0003865401587868912,,,,0.0006382925388613506,,,,,,,,,,,-0.00023562501168605175,,0.0006651276606152812,,,,,-0.00046433440458047936,,,,,-0.0006552884940381321,,-0.00043772235372507634,-0.00034934938641149627,-0.0003578150419788185,-0.0003825345612865089,,,,,,,,,,-0.0006836034289657057,,-9.357539899499377e-05
1093,2026-05-31,SUI,US8666741041,02935901,,,,,,,,,,,,,,,,,,,,,,,,,,,,-0.001942872903376216,-0.00046433440458047936,-0.0006671310571833996,-0.0011535807863796283,,,,,,,,-0.0003825345612865089,-0.0009546875473486579,,,-0.0005782963733286909,-0.0005798102381803368,,,,,-0.0006836034289657057,,-0.00012771726347721274
1094,2026-05-31,SUN,AU000000SUN6,20514501W,,-0.0003865401587868912,-0.00033206523386040276,-0.0005349939878862045,-0.0005187061147187088,,0.0011416882009530342,,,,0.0006382925388613506,,0.0011019279153477047,,,-0.0005375910460798267,0.0016285846395947695,,,,,-0.00023562501168605175,-0.0007457491952353153,,,0.0031641072997841235,,,0.0009190353152899943,,,,-0.0005738018419297633,,,,-0.00034934938641149627,-0.0003578150419788185,,,,-0.001118623792852973,-0.0005782963733286909,-0.0005798102381803368,-0.0007508051219826733,-0.0014107484776107557,,0.002839583474165239,,-0.0010301744696971564,-3.372611364426343e-05
1095,2026-05-31,SVT,GB00B1FH8J72,10260303W,,,0.00098003323444641,,0.0010159977568114159,,,-0.0005607278759111105,,,-0.001893055649443493,,-0.0011074375549244432,,,,,,,,,0.0009267259873844713,,-0.001977567062365077,,-0.0010857230930631796,,,,,,,,0.001925978356390336,,,,,,,,-0.001118623792852973,-0.0005782963733286909,0.0011300383213514727,-0.0007508051219826733,-0.0014107484776107557,-0.0022600766427029453,-0.0014382305908109652,,0.0010206797741239108,-0.00016339257096685355
1096,2026-05-31,SW,FR0000121220,10208901W,,-0.0003865401587868912,-0.00033206523386040276,-0.0005349939878862045,-0.0005187061147187088,,,-0.0005607278759111105,-0.0007826413815720446,-0.0006364583648991053,,-0.0009385064024783416,-0.0011074375549244432,,,-0.0005375910460798267,-0.0008295412396437777,,,0.0012656429199136494,0.0012656429199136494,-0.00023562501168605175,,,,,-0.0029930744727687656,-0.001942872903376216,-0.00046433440458047936,-0.0006671310571833996,0.0011476036838595266,,0.0011300383213514727,-0.0006552884940381321,,-0.00043772235372507634,-0.00034934938641149627,-0.0003578150419788185,-0.0003825345612865089,,,,,,,,,,,,-9.190102032425961e-05
1097,2026-05-31,SW,IE00028FXN24,28318401,-0.0012952486022508108,-0.0003865401587868912,-0.00033206523386040276,-0.0005349939878862045,,,-0.0003865401587868912,-0.0005607278759111105,,-0.0006364583648991053,,-0.0009385064024783416,,-0.0018457292582074053,0.0011300383213514727,-0.0005375910460798267,0.0016285846395947695,,,,,-0.00023562501168605175,,,-0.005273512166306872,,,,0.0009190353152899943,0.001318378041576718,,0.0010648438028119647,0.0011300383213514727,-0.0006552884940381321,-0.005402134414265577,-0.00043772235372507634,-0.00034934938641149627,0.0010547024332613745,-0.0003825345612865089,,-0.00120373647274396,,-0.0005782963733286909,0.0011300383213514727,,0.002768593887311108,0.004429750219697773,,-0.0006836034289657057,,-0.00018352227834583844
1098,2026-05-31,SWED A,SE0000242455,02457801W,,-0.0003865401587868912,-0.00033206523386040276,,-0.0005187061147187088,,,-0.0005607278759111105,,,0.0006382925388613506,,0.0011019279153477047,,,0.0017578373887689573,,,,,,-0.00023562501168605175,,,,0.0031641072997841235,,,-0.00046433440458047936,,,,,,,,-0.00034934938641149627,,,,,,,,,,,0.002839583474165239,,,6.877130003697611e-05
1099,2026-05-31,SY1,DE000SYM9999,28177201W,,-0.0003865401587868912,-0.00033206523386040276,,-0.0005187061147187088,,-0.0003865401587868912,-0.0005607278759111105,,-0.0006364583648991053,,-0.0009385064024783416,-0.0011074375549244432,,0.0011300383213514727,-0.0005375910460798267,-0.0008295412396437777,,-0.0008326598157326641,,,-0.00023562501168605175,,,,,,,-0.00046433440458047936,-0.0006671310571833996,-0.0011535807863796283,,-0.0005738018419297633,-0.0006552884940381321,,-0.00043772235372507634,-0.00034934938641149627,-0.0003578150419788185,-0.0003825345612865089,,,,-0.0005782963733286909,-0.0005798102381803368,,-0.0014107484776107557,-0.0022600766427029453,,,,-0.00032054651980696923
1100,2026-05-31,SYENS,BE0974464977,35964501W,,-0.0003865401587868912,-0.00033206523386040276,-0.0005349939878862045,-0.0005187061147187088,,-0.0003865401587868912,,,-0.0006364583648991053,,-0.0009385064024783416,,,,-0.0005375910460798267,-0.0008295412396437777,,-0.0008326598157326641,,,-0.00023562501168605175,,,,,,-0.001942872903376216,-0.00046433440458047936,-0.0006671310571833996,,,,-0.0006552884940381321,,-0.00043772235372507634,-0.00034934938641149627,-0.0003578150419788185,-0.0003825345612865089,,,,-0.0005782963733286909,-0.0005798102381803368,,0.002768593887311108,,,,,-0.00011295676226543452
1101,2026-05-31,SYF,US87165B1035,02068601,,-0.0003865401587868912,-0.00033206523386040276,,,,,-0.0005607278759111105,,,0.0006382925388613506,,-0.0011074375549244432,,,-0.0005375910460798267,-0.0008295412396437777,,-0.0008326598157326641,,,-0.00023562501168605175,,,,,,,0.0009190353152899943,,,,,,,,0.0010301744696971564,0.0010547024332613745,,-0.0009546875473486579,-0.00120373647274396,0.0022148751098488863,0.0017037500844991435,0.0011300383213514727,0.0022148751098488863,0.002768593887311108,,0.002839583474165239,,,0.00020528756684634874
1102,2026-05-31,SYK,US8636671013,01011501,,-0.0003865401587868912,-0.00033206523386040276,,,,,,-0.0007826413815720446,,,,,,,-0.0005375910460798267,0.0016285846395947695,-0.0011596204763606737,,,,-0.00023562501168605175,-0.0007457491952353153,0.0006651276606152812,,,,,,,,,,,,-0.00043772235372507634,-0.00034934938641149627,-0.0003578150419788185,,,0.0023314474840514595,-0.001118623792852973,-0.0005782963733286909,-0.0005798102381803368,-0.0007508051219826733,,,,-0.0006836034289657057,,-8.087004561194635e-05
1103,2026-05-31,SYY,US8718291078,01024701,-0.0012952486022508108,,-0.00033206523386040276,,-0.0005187061147187088,,,,,,,,,,-0.0005859457962563192,,,,,0.0012656429199136494,0.0012656429199136494,-0.00023562501168605175,-0.0007457491952353153,0.0006651276606152812,-0.005273512166306872,,,,0.0009190353152899943,,,,,,-0.005402134414265577,-0.00043772235372507634,-0.00034934938641149627,-0.0003578150419788185,-0.0003825345612865089,,0.0023314474840514595,,-0.0005782963733286909,,-0.0007508051219826733,,,,,0.0010206797741239108,-8.121180520561519e-05
1104,2026-05-31,T,CA87971M1032,00240801C,,-0.0003865401587868912,-0.00033206523386040276,-0.0005349939878862045,-0.0005187061147187088,,-0.0003865401587868912,-0.0005607278759111105,,-0.0006364583648991053,,-0.0009385064024783416,,,0.0011300383213514727,,,,-0.0008326598157326641,,,-0.00023562501168605175,,,,,,,-0.00046433440458047936,,,,,,,,-0.00034934938641149627,-0.0003578150419788185,,,,,,,,,,,-0.0006836034289657057,,-0.00014887924759321642
1105,2026-05-31,T,US00206R1023,00989901,-0.0012952486022508108,-0.0003865401587868912,-0.00033206523386040276,,,,,,,-0.0006364583648991053,,,,,-0.0005859457962563192,,,,,,,-0.00023562501168605175,,,,,,0.001942872903376216,,,,,,,,,0.0010301744696971564,0.0010547024332613745,,,-0.00120373647274396,,,,,,,,,,-1.5352518339231147e-05
1106,2026-05-31,TCL,AU000000TCL6,21265001W,,,0.00098003323444641,0.0010547024332613745,0.0010159977568114159,,-0.0003865401587868912,,,,0.0006382925388613506,,,,,,,,,-0.0012729167297982106,-0.0012584517669595946,0.0009267259873844713,,0.0006651276606152812,,,,,-0.00046433440458047936,-0.0006671310571833996,,,-0.0005738018419297633,0.001925978356390336,,,,,,,,,,0.0011300383213514727,,,,,-0.0006836034289657057,0.0010206797741239108,7.39674027506028e-05
1107,2026-05-31,TD,CA8911605092,01570601C,,0.0011476036838595266,0.00098003323444641,0.0010547024332613745,,,,0.0016406482295176937,,,0.0006382925388613506,,-0.0011074375549244432,,,-0.0005375910460798267,,,,,,0.0009267259873844713,,,,-0.0010857230930631796,,,,,,,,,,,0.0010301744696971564,,,,,,-0.0005782963733286909,0.0011300383213514727,,,,,,0.0010206797741239108,0.0001753752434678706
1108,2026-05-31,TDG,US8936411003,14834901,,-0.0003865401587868912,,,,,-0.0003865401587868912,,,,0.0006382925388613506,,,,-0.0005859457962563192,,,,,-0.0012729167297982106,-0.0012584517669595946,-0.00023562501168605175,,0.0006651276606152812,,,,,-0.00046433440458047936,-0.0006671310571833996,-0.0011535807863796283,,-0.0005738018419297633,-0.0006552884940381321,,-0.00043772235372507634,-0.00034934938641149627,-0.0003578150419788185,-0.0003825345612865089,-0.0009546875473486579,,,,-0.0005798102381803368,,,,,-0.0006836034289657057,,-0.00021234546507934387
1109,2026-05-31,TDY,US8793601050,12672101,,-0.0003865401587868912,-0.00033206523386040276,,-0.0005187061147187088,-0.0025169035339191893,-0.0003865401587868912,0.0016406482295176937,-0.0007826413815720446,-0.0006364583648991053,,-0.0009385064024783416,,,-0.0005859457962563192,,,-0.0011596204763606737,,-0.0012729167297982106,-0.0012584517669595946,-0.00023562501168605175,,,,,,,,-0.0006671310571833996,,,-0.0005738018419297633,,,-0.00043772235372507634,-0.00034934938641149627,-0.0003578150419788185,-0.0003825345612865089,-0.0009546875473486579,-0.00120373647274396,,,-0.0005798102381803368,,,,,,,-0.0002885437331985684
1110,2026-05-31,TEAM,US0494681010,02649401,-0.0012952486022508108,-0.0003865401587868912,-0.00033206523386040276,-0.0005349939878862045,0.0010159977568114159,0.0025169035339191893,0.0011416882009530342,0.0016406482295176937,-0.0007826413815720446,-0.0006364583648991053,,-0.0009385064024783416,0.0011019279153477047,,-0.0005859457962563192,,,-0.0011596204763606737,,0.0012656429199136494,0.0012656429199136494,-0.00023562501168605175,,,,,,,0.0009190353152899943,-0.0006671310571833996,-0.0011535807863796283,-0.0010751820921596534,-0.0005738018419297633,,,,,,-0.0003825345612865089,-0.0009546875473486579,,,,-0.0005798102381803368,,,,,,0.0010206797741239108,0.0001265191665145083
1111,2026-05-31,TECK.B,CA8787422044,01038501C,,0.0011476036838595266,0.00098003323444641,0.0010547024332613745,,,0.0011416882009530342,0.0016406482295176937,,-0.0006364583648991053,,,-0.0011074375549244432,,,-0.0005375910460798267,,,-0.0008326598157326641,,,0.0009267259873844713,,,-0.005273512166306872,,,,0.0009190353152899943,,,,,0.001925978356390336,,0.0012952486022508108,0.0010301744696971564,0.0010547024332613745,-0.0003825345612865089,,,,-0.0005782963733286909,,,,0.004429750219697773,,-0.0006836034289657057,,0.00029873766828398467
1112,2026-05-31,TEF,ES0178430E18,01368301W,,-0.0003865401587868912,-0.00033206523386040276,-0.0005349939878862045,0.0010159977568114159,,-0.0003865401587868912,,,-0.0006364583648991053,,-0.0009385064024783416,,,0.0011300383213514727,,,,,,,-0.00023562501168605175,,,,,,-0.001942872903376216,-0.00046433440458047936,,,,,,,,-0.00034934938641149627,-0.0003578150419788185,,,,,,,,,,,,,-5.0388750071301185e-05
1113,2026-05-31,TEL,IE000IVNQZ81,17726702,,-0.0003865401587868912,-0.00033206523386040276,,,,-0.0003865401587868912,-0.0005607278759111105,-0.0007826413815720446,-0.0006364583648991053,,,,0.001830475297395774,,,,-0.0011596204763606737,,,,-0.00023562501168605175,,,,,,,0.0009190353152899943,,,0.0010648438028119647,,,,,0.0010301744696971564,0.0010547024332613745,-0.0003825345612865089,-0.0009546875473486579,,,,,,,,,,,0.00010161430647634569
1114,2026-05-31,TEL,NO0010063308,22161201W,,0.0011476036838595266,0.00098003323444641,0.0010547024332613745,-0.0005187061147187088,,-0.0003865401587868912,-0.0005607278759111105,,-0.0006364583648991053,,-0.0009385064024783416,,,,,,,,,,-0.00023562501168605175,,,,,,,-0.00046433440458047936,,,,,,,,-0.00034934938641149627,-0.0003578150419788185,,,,,,,,,,,-0.0006836034289657057,,-5.4066894520944744e-05
1115,2026-05-31,TEL2 B,SE0005190238,22228601W,,0.0011476036838595266,0.00098003323444641,0.0010547024332613745,-0.0005187061147187088,,-0.0003865401587868912,0.0016406482295176937,,0.0024339286921416336,,,,,0.0011300383213514727,,-0.0008295412396437777,,,,,-0.00023562501168605175,,,,,,,-0.00046433440458047936,,,,,,,,-0.00034934938641149627,-0.0003578150419788185,,,,,,,,,,,,,6.415793447191944e-05
1116,2026-05-31,TELIA,SE0000667925,22057901W,,-0.0003865401587868912,,,-0.0005187061147187088,,-0.0003865401587868912,-0.0005607278759111105,,-0.0006364583648991053,,,,,,,0.0016285846395947695,,,,,-0.00023562501168605175,,,,,,,-0.00046433440458047936,,,,,,,,-0.00034934938641149627,-0.0003578150419788185,,,,,,,,,,,-0.0006836034289657057,,-8.951634180509267e-05
1117,2026-05-31,TEN,LU2598331598,15193303W,,,,,-0.0005187061147187088,,,-0.0005607278759111105,,,0.0006382925388613506,,-0.0011074375549244432,,-0.0005859457962563192,,,,,,,-0.00023562501168605175,,0.0006651276606152812,,,,0.001942872903376216,,,,,,-0.0006552884940381321,,,,,-0.0003825345612865089,,,,,,,,,,,-0.0010301744696971564,-6.991642414685407e-05
1118,2026-05-31,TER,US8807701029,01045301,0.0025169035339191893,0.0011476036838595266,0.00098003323444641,0.0010547024332613745,-0.0005187061147187088,,,0.0016406482295176937,-0.0007826413815720446,-0.0006364583648991053,,,,0.001830475297395774,-0.0005859457962563192,,,-0.0011596204763606737,,,,-0.00023562501168605175,,,,,,,-0.00046433440458047936,-0.0006671310571833996,,,-0.0005738018419297633,,,-0.00043772235372507634,-0.00034934938641149627,-0.0003578150419788185,-0.0003825345612865089,-0.0009546875473486579,0.0023314474840514595,,,-0.0005798102381803368,,,,,,,0.00021637048384422113
1119,2026-05-31,TEVA,US8816242098,01453890,,-0.0003865401587868912,-0.00033206523386040276,-0.0005349939878862045,-0.0005187061147187088,-0.0025169035339191893,,,-0.0007826413815720446,,,,,,-0.0005859457962563192,-0.0005375910460798267,,-0.0011596204763606737,0.001652891873021557,,0.0012656429199136494,0.0009267259873844713,,0.0006651276606152812,,,,,,,,,,,,0.0012952486022508108,0.0010301744696971564,0.0010547024332613745,,,,0.0022148751098488863,-0.0005782963733286909,-0.0005798102381803368,-0.0007508051219826733,,,,-0.0006836034289657057,0.0010206797741239108,8.346510239618154e-05
1120,2026-05-31,TFC,US89832Q1094,01185601,,,,,,,,0.0016406482295176937,,,0.0006382925388613506,,-0.0011074375549244432,,,-0.0005375910460798267,,,,,,0.0009267259873844713,,,,-0.0010857230930631796,,,0.0009190353152899943,,,,,,,,0.0010301744696971564,,,,-0.00120373647274396,,-0.0005782963733286909,0.0011300383213514727,,,,-0.0014382305908109652,,,2.701207994553327e-05
1121,2026-05-31,TFII,CA87241L1094,15076401C,,,,,,,,,,,,,,,-0.0005859457962563192,,,,,,,-0.00023562501168605175,,0.0006651276606152812,,,,,-0.00046433440458047936,-0.0006671310571833996,-0.0011535807863796283,-0.0010751820921596534,-0.0005738018419297633,-0.0006552884940381321,,-0.00043772235372507634,-0.00034934938641149627,-0.0003578150419788185,-0.0003825345612865089,,,,,-0.0005798102381803368,,,,,0.0013423485514235676,,-1.583389762625854e-05
1122,2026-05-31,TGT,US87612E1064,00381301,0.0025169035339191893,,0.00098003323444641,0.0010547024332613745,-0.0005187061147187088,-0.0025169035339191893,,,,,,,0.0011019279153477047,,,,,,,0.0012656429199136494,0.0012656429199136494,-0.00023562501168605175,-0.0007457491952353153,0.0006651276606152812,,,0.0029930744727687656,0.001942872903376216,-0.00046433440458047936,-0.0006671310571833996,-0.0011535807863796283,,-0.0005738018419297633,,,-0.00043772235372507634,-0.00034934938641149627,-0.0003578150419788185,-0.0003825345612865089,,0.0023314474840514595,,,-0.0005798102381803368,,,0.004429750219697773,0.002839583474165239,-0.0006836034289657057,,0.0002755666973955631
1123,2026-05-31,TIH,CA8911021050,01502001C,,,,,,,-0.0003865401587868912,,,,,,,,0.0011300383213514727,,,,,,,-0.00023562501168605175,,,,,,,-0.00046433440458047936,0.001318378041576718,0.0011476036838595266,0.0010648438028119647,0.0011300383213514727,,,-0.00043772235372507634,-0.00034934938641149627,,0.0014765834065659244,,,,,,,,,,,-0.0010301744696971564,2.5520122531930772e-05
1124,2026-05-31,TIT,IT0003497168,01915101W,,-0.0003865401587868912,-0.00033206523386040276,,,,0.0011416882009530342,-0.0005607278759111105,,-0.0006364583648991053,,-0.0009385064024783416,-0.0011074375549244432,,0.0011300383213514727,,,,-0.0008326598157326641,,,-0.00023562501168605175,,,,,,0.001942872903376216,-0.00046433440458047936,,,,,,,,0.0010301744696971564,,,,,,,,,,,,,,-1.6812884392181133e-05
1125,2026-05-31,TJX,US8725401090,01167201,,-0.0003865401587868912,-0.00033206523386040276,,-0.0005187061147187088,-0.0025169035339191893,-0.0003865401587868912,,-0.0007826413815720446,0.0024339286921416336,,,0.0011019279153477047,0.001830475297395774,-0.0005859457962563192,-0.0005375910460798267,,,,0.0012656429199136494,0.0012656429199136494,-0.00023562501168605175,,,,,,,-0.00046433440458047936,,,,,-0.0006552884940381321,,0.0012952486022508108,-0.00034934938641149627,-0.0003578150419788185,-0.0003825345612865089,,,,,,,,,,,,0.00012373717717360666
1126,2026-05-31,TLC,AU0000219529,35307001W,,-0.0003865401587868912,-0.00033206523386040276,,-0.0005187061147187088,,-0.0003865401587868912,-0.0005607278759111105,-0.0007826413815720446,-0.0006364583648991053,,-0.0009385064024783416,0.0011019279153477047,,,0.0017578373887689573,0.0016285846395947695,,0.001652891873021557,,0.0012656429199136494,-0.00023562501168605175,0.002171446186126359,,,,-0.0029930744727687656,-0.001942872903376216,-0.00046433440458047936,0.001318378041576718,0.0011476036838595266,0.0010648438028119647,0.0011300383213514727,-0.0006552884940381321,,-0.00043772235372507634,-0.00034934938641149627,-0.0003578150419788185,-0.0003825345612865089,,,,,,,,,,-0.0006836034289657057,0.0010206797741239108,7.714501010342498e-05
1127,2026-05-31,TLS,AU000000TLS2,21021602W,,-0.0003865401587868912,-0.00033206523386040276,,-0.0005187061147187088,,-0.0003865401587868912,-0.0005607278759111105,,-0.0006364583648991053,,,,,0.0011300383213514727,,0.0016285846395947695,,-0.0008326598157326641,,,-0.00023562501168605175,,,,,,,-0.00046433440458047936,,,,,,,,,,,,,,,,,,,,,,-6.373676485424632e-05
1128,2026-05-31,TLX,DE000TLX1005,26980901W,,,,,-0.0005187061147187088,,0.0011416882009530342,,,,,,0.0011019279153477047,,,-0.0005375910460798267,,,-0.0008326598157326641,,,-0.00023562501168605175,-0.0007457491952353153,,,,,,0.0009190353152899943,,,,-0.0005738018419297633,,,,,-0.0003578150419788185,,,,,0.0017037500844991435,,,,,,,,1.2116501902731323e-06
1129,2026-05-31,TMO,US8835561023,01053001,,,,,-0.0005187061147187088,,,,-0.0007826413815720446,,,,,,-0.0005859457962563192,-0.0005375910460798267,,-0.0011596204763606737,,-0.0012729167297982106,,-0.00023562501168605175,-0.0007457491952353153,0.0006651276606152812,,,,,-0.00046433440458047936,-0.0006671310571833996,,,-0.0005738018419297633,,,-0.00043772235372507634,-0.00034934938641149627,-0.0003578150419788185,,,0.0023314474840514595,,-0.0005782963733286909,-0.0005798102381803368,-0.0007508051219826733,,,,,,-9.780299371463056e-05
1130,2026-05-31,TMUS,US8725901040,01787401,-0.0012952486022508108,-0.0003865401587868912,-0.00033206523386040276,-0.0005349939878862045,0.0010159977568114159,,0.0011416882009530342,,,-0.0006364583648991053,,0.002734413715862823,,,-0.0005859457962563192,,,,-0.0008326598157326641,,,-0.00023562501168605175,,,0.005402134414265577,,,0.001942872903376216,,,,,,,,,-0.00034934938641149627,-0.0003578150419788185,,,,,,,,,,,,,1.9131448474527155e-05
1131,2026-05-31,TOST,US8887871080,03952401,,,0.00098003323444641,0.0010547024332613745,,,,-0.0005607278759111105,,,-0.001893055649443493,,0.0011019279153477047,,0.0011300383213514727,-0.0005375910460798267,,,,,,0.0009267259873844713,-0.0007457491952353153,,,,,,,,,,,,,,,,,0.002734413715862823,,-0.001118623792852973,-0.0005782963733286909,-0.0005798102381803368,-0.0007508051219826733,-0.0014107484776107557,,-0.0014382305908109652,,-0.0010301744696971564,-3.140201631211664e-05
1132,2026-05-31,TOU,CA89156V1067,18595601C,,,,,,,-0.0003865401587868912,-0.0005607278759111105,,,-0.001893055649443493,,,,,,,,,-0.0012729167297982106,-0.0012584517669595946,-0.00023562501168605175,,-0.001977567062365077,,,,,,,,,,-0.0006552884940381321,-0.005402134414265577,,,,-0.0003825345612865089,,,,,,,,,,-0.0006836034289657057,-0.0010301744696971564,-0.00038616956763149493
1133,2026-05-31,TPL,US88262P1021,01050401,,,,,,,,,,,0.0006382925388613506,,-0.0011074375549244432,,,,,,,,,-0.00023562501168605175,,0.0006651276606152812,,,,,,,0.0011476036838595266,,,,0.006514338558379078,,,,0.0014765834065659244,0.002734413715862823,-0.00120373647274396,,,,,,,,,-0.0010301744696971564,0.00023272896824584515
1134,2026-05-31,TPR,US8760301072,14054101,0.0025169035339191893,0.0011476036838595266,0.00098003323444641,0.0010547024332613745,,,0.0011416882009530342,0.0016406482295176937,0.00303407549294368,0.0024339286921416336,,0.002734413715862823,,,0.0011300383213514727,0.0017578373887689573,0.0016285846395947695,,,,0.0012656429199136494,0.0009267259873844713,-0.0007457491952353153,,,,,,,0.001318378041576718,0.0011476036838595266,0.0010648438028119647,0.0011300383213514727,0.001925978356390336,,-0.00043772235372507634,-0.00034934938641149627,-0.0003578150419788185,0.0014765834065659244,0.002734413715862823,,,,,,,,,,0.0010206797741239108,0.0005096637513788486
1135,2026-05-31,TREL B,SE0000114837,10104802W,,,,,-0.0005187061147187088,,-0.0003865401587868912,,,,0.0006382925388613506,,,,-0.0005859457962563192,,,,,,-0.0012584517669595946,-0.00023562501168605175,,,,,,,-0.00046433440458047936,,,,,,,-0.00043772235372507634,-0.00034934938641149627,-0.0003578150419788185,-0.0003825345612865089,,,,,-0.0005798102381803368,,,,,0.0013423485514235676,-0.0010301744696971564,-8.15137031935498e-05
1136,2026-05-31,TRGP,US87612G1013,18553201,-0.0012952486022508108,,,,,,,0.0016406482295176937,,,-0.001893055649443493,,0.0011019279153477047,,-0.0005859457962563192,,,,,,0.0012656429199136494,0.0009267259873844713,,,,,,,,,,,,0.001925978356390336,0.006514338558379078,,,,-0.0003825345612865089,-0.0009546875473486579,-0.00120373647274396,,,,,,,,-0.0006836034289657057,0.0010206797741239108,0.00019254958296033777
1137,2026-05-31,TRMB,US8962391004,02281501,,-0.0003865401587868912,-0.00033206523386040276,,-0.0005187061147187088,,-0.0003865401587868912,,-0.0007826413815720446,-0.0006364583648991053,,-0.0009385064024783416,,,,,,-0.0011596204763606737,,,,-0.00023562501168605175,,,,,,,-0.00046433440458047936,-0.0006671310571833996,-0.0011535807863796283,-0.0010751820921596534,-0.0005738018419297633,,,-0.00043772235372507634,-0.00034934938641149627,-0.0003578150419788185,-0.0003825345612865089,-0.0009546875473486579,-0.00120373647274396,,,-0.0005798102381803368,,,,,,,-0.00021997801573513985
1138,2026-05-31,TRN,IT0003242622,27045101W,,,,,-0.0005187061147187088,,-0.0003865401587868912,-0.0005607278759111105,,,-0.001893055649443493,,-0.0011074375549244432,,,,,,,-0.0012729167297982106,-0.0012584517669595946,-0.00023562501168605175,,-0.001977567062365077,,0.0031641072997841235,,,,,0.0011476036838595266,,,-0.0006552884940381321,,-0.00043772235372507634,,-0.0003578150419788185,,,,,,-0.0005798102381803368,,,,,,,-0.00024062724521122848
1139,2026-05-31,TROW,US74144T1088,01213801,-0.0012952486022508108,-0.0003865401587868912,-0.00033206523386040276,-0.0005349939878862045,-0.0005187061147187088,-0.0025169035339191893,,,,,-0.001893055649443493,,,,-0.0005859457962563192,-0.0005375910460798267,-0.0008295412396437777,,-0.0008326598157326641,,,-0.00023562501168605175,,,,-0.0010857230930631796,,,-0.00046433440458047936,,,,,,,,-0.00034934938641149627,,,,-0.00120373647274396,0.0022148751098488863,,-0.0005798102381803368,0.0022148751098488863,,,0.002839583474165239,,-0.0010301744696971564,-6.97251177070268e-05
1140,2026-05-31,TRP,CA87807B1076,01067101C,,,,,-0.0005187061147187088,,-0.0003865401587868912,-0.0005607278759111105,,,0.0006382925388613506,,-0.0011074375549244432,,,,,,,-0.0012729167297982106,,-0.00023562501168605175,,-0.001977567062365077,,,,0.001942872903376216,,,,,,,,,,,-0.0003825345612865089,,,,,-0.0005798102381803368,,,,,-0.0006836034289657057,0.0010206797741239108,-0.000189435444249597
1141,2026-05-31,TRU,US89400J1079,02463801,-0.0012952486022508108,-0.0003865401587868912,-0.00033206523386040276,-0.0005349939878862045,0.0010159977568114159,0.0025169035339191893,,,,,0.0006382925388613506,,,,,,,,,-0.0012729167297982106,,-0.00023562501168605175,,,,,,,,,,,,-0.0006552884940381321,,,,0.0010547024332613745,-0.0003825345612865089,-0.0009546875473486579,-0.00120373647274396,,,,,,,,,,-5.257055519234671e-05
1142,2026-05-31,TRV,US89417E1091,06268905,0.0025169035339191893,0.0011476036838595266,,,-0.0005187061147187088,-0.0025169035339191893,,-0.0005607278759111105,,,0.0006382925388613506,,,,,-0.0005375910460798267,,,-0.0008326598157326641,,,0.0009267259873844713,,,,-0.0010857230930631796,,,,,,0.0010648438028119647,,,,,0.0010301744696971564,0.0010547024332613745,,,,0.0022148751098488863,0.0017037500844991435,-0.0005798102381803368,0.0022148751098488863,0.002768593887311108,,,,,0.00019916178566011246
1143,2026-05-31,TRYG,DK0060636678,27428201W,,,,,,,,,,,0.0006382925388613506,,0.0011019279153477047,,,-0.0005375910460798267,,,-0.0008326598157326641,,,-0.00023562501168605175,-0.0007457491952353153,,,-0.0010857230930631796,,,,,,-0.0010751820921596534,-0.0005738018419297633,,,,-0.00034934938641149627,-0.0003578150419788185,,,,-0.001118623792852973,-0.0005782963733286909,,-0.0007508051219826733,,,,,-0.0010301744696971564,-0.0001334658004024007
1144,2026-05-31,TSCO,GB00BLGZ9862,10013101W,,,,,,,,,,,,,0.0011019279153477047,,,,,,0.001652891873021557,0.0012656429199136494,0.0012656429199136494,-0.00023562501168605175,0.002171446186126359,0.0006651276606152812,,,,-0.001942872903376216,0.0009190353152899943,-0.0006671310571833996,-0.0011535807863796283,,-0.0005738018419297633,,,-0.00043772235372507634,-0.00034934938641149627,-0.0003578150419788185,-0.0003825345612865089,,,-0.001118623792852973,,,-0.0007508051219826733,,,-0.0014382305908109652,,,7.742257562549327e-05
1145,2026-05-31,TSCO,US8923561067,02973601,-0.0012952486022508108,-0.0003865401587868912,-0.00033206523386040276,,,,-0.0003865401587868912,-0.0005607278759111105,-0.0007826413815720446,-0.0006364583648991053,,,0.0011019279153477047,,-0.0005859457962563192,-0.0005375910460798267,,,,,0.0012656429199136494,-0.00023562501168605175,-0.0007457491952353153,,-0.005273512166306872,,,,,,,,,-0.0006552884940381321,-0.005402134414265577,-0.00043772235372507634,-0.00034934938641149627,-0.0003578150419788185,0.0014765834065659244,-0.0009546875473486579,-0.00120373647274396,,,,,,,,-0.0006836034289657057,,-0.00027219072956972056
1146,2026-05-31,TSEM,IL0010823792,03125501W,,,,,,,,,-0.0007826413815720446,-0.0006364583648991053,,0.002734413715862823,,,,,,-0.0011596204763606737,,,-0.0012584517669595946,-0.00023562501168605175,,,,,,,-0.00046433440458047936,-0.0006671310571833996,-0.0011535807863796283,-0.0010751820921596534,-0.0005738018419297633,,,-0.00043772235372507634,-0.00034934938641149627,-0.0003578150419788185,-0.0003825345612865089,,,,,,,,,,,-0.0010301744696971564,-0.000144685435135858
1147,2026-05-31,TSLA,US88160R1014,18499601,,-0.0003865401587868912,-0.00033206523386040276,,-0.0005187061147187088,-0.0025169035339191893,-0.0003865401587868912,-0.0005607278759111105,-0.0007826413815720446,-0.0006364583648991053,,-0.0009385064024783416,,,-0.0005859457962563192,-0.0005375910460798267,0.0016285846395947695,,,,,-0.00023562501168605175,-0.0007457491952353153,,0.005402134414265577,,,,-0.00046433440458047936,-0.0006671310571833996,,,,-0.0006552884940381321,,-0.00043772235372507634,-0.00034934938641149627,-0.0003578150419788185,-0.0003825345612865089,-0.0009546875473486579,0.0023314474840514595,,,,,,,,-0.0006836034289657057,,-0.00019107350956520743
1148,2026-05-31,TSN,US9024941034,01079301,,,,,0.0010159977568114159,0.0025169035339191893,,,,,,,,,-0.0005859457962563192,,,,-0.0008326598157326641,,,-0.00023562501168605175,-0.0007457491952353153,0.0006651276606152812,-0.005273512166306872,,,0.001942872903376216,,-0.0006671310571833996,,,-0.0005738018419297633,,,-0.00043772235372507634,-0.00034934938641149627,-0.0003578150419788185,-0.0003825345612865089,,,,-0.0005782963733286909,-0.0005798102381803368,-0.0007508051219826733,-0.0014107484776107557,-0.0022600766427029453,,-0.0006836034289657057,,-0.00018313127811238371
1149,2026-05-31,TT,IE00BK9ZQ967,00595901,-0.0012952486022508108,-0.0003865401587868912,-0.00033206523386040276,,-0.0005187061147187088,,-0.0003865401587868912,,,,0.0006382925388613506,,,,,,,,,,,-0.00023562501168605175,,0.0006651276606152812,,,,,,,,,,,,0.0012952486022508108,-0.00034934938641149627,-0.0003578150419788185,-0.0003825345612865089,-0.0009546875473486579,0.0023314474840514595,,,-0.0005798102381803368,,,,,-0.0006836034289657057,,-4.99353664823963e-05
1150,2026-05-31,TTE,FR0000120271,02462502W,,,,,0.0010159977568114159,,-0.0003865401587868912,-0.0005607278759111105,,,0.0006382925388613506,,,,-0.0005859457962563192,,,,,,,-0.00023562501168605175,,0.0006651276606152812,,,,-0.001942872903376216,,,,,-0.0005738018419297633,,,,,,-0.0003825345612865089,,,,,0.0011300383213514727,,,,,,,5.634525621087254e-06
1151,2026-05-31,TTWO,US8740541094,06463001,,,0.00098003323444641,0.0010547024332613745,0.0010159977568114159,,,0.0016406482295176937,,-0.0006364583648991053,,-0.0009385064024783416,,-0.0018457292582074053,,,0.0016285846395947695,,0.001652891873021557,,,0.0009267259873844713,,,,,,,,,,,,,,,-0.00034934938641149627,,,,,,,,,,,,-0.0006836034289657057,,-1.793839458670466e-06
1152,2026-05-31,TUB,BE0003823409,10148302W,,,,,,,,,-0.0007826413815720446,,,,-0.0011074375549244432,-0.0018457292582074053,,-0.0005375910460798267,-0.0008295412396437777,-0.0011596204763606737,0.001652891873021557,-0.0012729167297982106,-0.0012584517669595946,,0.002171446186126359,,,,,,,-0.0006671310571833996,,,,,,-0.00043772235372507634,-0.00034934938641149627,-0.0003578150419788185,,,,-0.001118623792852973,-0.0005782963733286909,,-0.0007508051219826733,,,,-0.0006836034289657057,-0.0010301744696971564,-0.00030541645322193744
1153,2026-05-31,TW,US8926721064,03491901,,,0.00098003323444641,0.0010547024332613745,-0.0005187061147187088,,-0.0003865401587868912,-0.0005607278759111105,,,-0.001893055649443493,,,,,-0.0005375910460798267,,,,,,0.0009267259873844713,,,,,,,-0.00046433440458047936,,,,,,,,,,,0.002734413715862823,0.0023314474840514595,-0.001118623792852973,-0.0005782963733286909,-0.0005798102381803368,-0.0007508051219826733,-0.0014107484776107557,,-0.0014382305908109652,,-0.0010301744696971564,4.018717907961628e-06
1154,2026-05-31,TWLO,US90138F1021,02736401,-0.0012952486022508108,-0.0003865401587868912,-0.00033206523386040276,-0.0005349939878862045,0.0010159977568114159,,,-0.0005607278759111105,-0.0007826413815720446,-0.0006364583648991053,,0.002734413715862823,0.0011019279153477047,,-0.0005859457962563192,,,-0.0011596204763606737,,,,-0.00023562501168605175,,,,,,,0.0009190353152899943,,,0.0010648438028119647,0.0011300383213514727,,,-0.00043772235372507634,,,-0.0003825345612865089,,,,,-0.0005798102381803368,,,,,,-0.0010301744696971564,-6.552620619564865e-05
1155,2026-05-31,TXN,US8825081040,01049901,0.0025169035339191893,0.0011476036838595266,0.00098003323444641,0.0010547024332613745,,,,0.0016406482295176937,0.00303407549294368,0.0024339286921416336,,0.002734413715862823,,,0.0011300383213514727,,,-0.0011596204763606737,,,,-0.00023562501168605175,,,,,,,-0.00046433440458047936,,0.0011476036838595266,,,,,-0.00043772235372507634,-0.00034934938641149627,-0.0003578150419788185,-0.0003825345612865089,,,,,,,,,,,,0.0001300753104964465
1156,2026-05-31,TXT,US8832031012,01051901,-0.0012952486022508108,-0.0003865401587868912,-0.00033206523386040276,,0.0010159977568114159,0.0025169035339191893,0.0011416882009530342,,,,0.0006382925388613506,,,,,,,,,,,-0.00023562501168605175,,0.0006651276606152812,,,,,0.0009190353152899943,,,0.0010648438028119647,0.0011300383213514727,,,-0.00043772235372507634,,,-0.0003825345612865089,-0.0009546875473486579,,,,,,,,,0.0013423485514235676,,0.0001387171705725823
1157,2026-05-31,TYL,US9022521051,01078901,-0.0012952486022508108,-0.0003865401587868912,-0.00033206523386040276,-0.0005349939878862045,,,-0.0003865401587868912,-0.0005607278759111105,-0.0007826413815720446,-0.0006364583648991053,,-0.0009385064024783416,-0.0011074375549244432,0.001830475297395774,-0.0005859457962563192,,,-0.0011596204763606737,,,,-0.00023562501168605175,,,,,,,-0.00046433440458047936,-0.0006671310571833996,,,-0.0005738018419297633,,,-0.00043772235372507634,-0.00034934938641149627,-0.0003578150419788185,-0.0003825345612865089,-0.0009546875473486579,-0.00120373647274396,,,,,,,,,,-7.988992131329218e-05
1158,2026-05-31,U11,SG1M31001969,01567901W,,-0.0003865401587868912,-0.00033206523386040276,-0.0005349939878862045,,,-0.0003865401587868912,-0.0005607278759111105,,,,,,,0.0011300383213514727,0.0017578373887689573,0.0016285846395947695,,0.001652891873021557,,,-0.00023562501168605175,0.002171446186126359,,,0.0031641072997841235,,,-0.00046433440458047936,,,,,,,,-0.00034934938641149627,,,,,,-0.0005782963733286909,0.0011300383213514727,,,,0.002839583474165239,,,0.00019265463014480583
1159,2026-05-31,U96,SG1R50925390,01977401W,,,-0.00033206523386040276,,-0.0005187061147187088,,-0.0003865401587868912,-0.0005607278759111105,,,0.0006382925388613506,,,,,,,,,,,-0.00023562501168605175,,0.0006651276606152812,,0.0031641072997841235,,,-0.00046433440458047936,,,,,-0.0006552884940381321,,-0.00043772235372507634,,-0.0003578150419788185,,,,0.0022148751098488863,0.0017037500844991435,,0.0022148751098488863,0.002768593887311108,,0.002839583474165239,,,0.00023357714098133005
1160,2026-05-31,UAL,US9100471096,01079504,-0.0012952486022508108,-0.0003865401587868912,-0.00033206523386040276,-0.0005349939878862045,0.0010159977568114159,0.0025169035339191893,,,,,-0.001893055649443493,,,,-0.0005859457962563192,,,,,,0.0012656429199136494,-0.00023562501168605175,,-0.001977567062365077,,,,,0.0009190353152899943,-0.0006671310571833996,-0.0011535807863796283,-0.0010751820921596534,-0.0005738018419297633,-0.0006552884940381321,,-0.00043772235372507634,-0.00034934938641149627,,-0.0003825345612865089,-0.0009546875473486579,,,,0.0011300383213514727,,,,,0.0013423485514235676,0.0010206797741239108,9.064022248619635e-06
1161,2026-05-31,UBER,US90353T1007,03507701,-0.0012952486022508108,-0.0003865401587868912,-0.00033206523386040276,-0.0005349939878862045,0.0010159977568114159,0.0025169035339191893,-0.0003865401587868912,,,,0.0006382925388613506,,,,,,,,,,,0.0009267259873844713,,0.0006651276606152812,,,,,,0.001318378041576718,0.0011476036838595266,0.0010648438028119647,0.0011300383213514727,0.001925978356390336,,-0.00043772235372507634,-0.00034934938641149627,-0.0003578150419788185,-0.0003825345612865089,0.002734413715862823,,,,0.0011300383213514727,,,,,0.0013423485514235676,,0.00031120716195549164
1162,2026-05-31,UBSG,CH0244767585,14449609W,,,,0.0010547024332613745,0.0010159977568114159,,-0.0003865401587868912,0.0016406482295176937,,,0.0006382925388613506,,,,,0.0017578373887689573,,,,,,0.0009267259873844713,,,,0.0031641072997841235,,,,,,0.0010648438028119647,0.0011300383213514727,,,,0.0010301744696971564,-0.0003578150419788185,,,,,,0.0011300383213514727,-0.0007508051219826733,,,0.002839583474165239,,,0.0002701259346149842
1163,2026-05-31,UCB,BE0003739530,10075101W,,0.0011476036838595266,0.00098003323444641,0.0010547024332613745,,,,,-0.0007826413815720446,,,,,,0.0011300383213514727,-0.0005375910460798267,-0.0008295412396437777,-0.0011596204763606737,-0.0008326598157326641,,,-0.00023562501168605175,-0.0007457491952353153,0.0006651276606152812,,,,,,0.001318378041576718,0.0011476036838595266,0.0010648438028119647,0.0011300383213514727,,,,,,,,,-0.001118623792852973,-0.0005782963733286909,0.0011300383213514727,-0.0007508051219826733,,,,,,7.087956868456005e-06
1164,2026-05-31,UCG,IT0005239360,01554901W,,,-0.00033206523386040276,,,,-0.0003865401587868912,-0.0005607278759111105,,,0.0006382925388613506,,,,0.0011300383213514727,0.0017578373887689573,,,,,,0.0009267259873844713,,,,-0.0010857230930631796,,,,,,,,,,,,,,,,0.0022148751098488863,0.0017037500844991435,0.0011300383213514727,0.0022148751098488863,,,,,,0.00015002642015023127
1165,2026-05-31,UHR,CH0012255151,10134703W,,-0.0003865401587868912,-0.00033206523386040276,,0.0010159977568114159,,-0.0003865401587868912,-0.0005607278759111105,-0.0007826413815720446,-0.0006364583648991053,,-0.0009385064024783416,,-0.0018457292582074053,-0.0005859457962563192,0.0017578373887689573,,,-0.0008326598157326641,-0.0012729167297982106,-0.0012584517669595946,-0.00023562501168605175,-0.0007457491952353153,,,,-0.0029930744727687656,-0.001942872903376216,-0.00046433440458047936,,0.0011476036838595266,0.0010648438028119647,0.0011300383213514727,-0.0006552884940381321,,-0.00043772235372507634,-0.00034934938641149627,-0.0003578150419788185,,,,,,,,,,,-0.0006836034289657057,-0.0010301744696971564,-0.00040907739498539084
1166,2026-05-31,ULTA,US90384S3031,17870401,,,,,-0.0005187061147187088,,-0.0003865401587868912,-0.0005607278759111105,0.00303407549294368,0.0024339286921416336,,,0.0011019279153477047,0.001830475297395774,-0.0005859457962563192,-0.0005375910460798267,0.0016285846395947695,,,0.0012656429199136494,,-0.00023562501168605175,-0.0007457491952353153,,,,,,,0.001318378041576718,,,,-0.0006552884940381321,,-0.00043772235372507634,-0.00034934938641149627,-0.0003578150419788185,-0.0003825345612865089,,,,,,,,,,,,0.0001275411317272969
1167,2026-05-31,UMG,NL0015000IY2,35036601W,,-0.0003865401587868912,-0.00033206523386040276,-0.0005349939878862045,,,-0.0003865401587868912,-0.0005607278759111105,,-0.0006364583648991053,,-0.0009385064024783416,,0.001830475297395774,,,-0.0008295412396437777,,-0.0008326598157326641,,,-0.00023562501168605175,,,,,,,,,,,,,,,-0.00034934938641149627,-0.0003578150419788185,,,,,,,,,,,-0.0006836034289657057,,1.1997493024862402e-05
1168,2026-05-31,UNH,US91324P1021,01090301,,,,,,,,,-0.0007826413815720446,,,,0.0011019279153477047,,,-0.0005375910460798267,,-0.0011596204763606737,0.001652891873021557,0.0012656429199136494,0.0012656429199136494,-0.00023562501168605175,0.002171446186126359,0.0006651276606152812,,,-0.0029930744727687656,-0.001942872903376216,0.0009190353152899943,-0.0006671310571833996,-0.0011535807863796283,-0.0010751820921596534,-0.0005738018419297633,,,-0.00043772235372507634,-0.00034934938641149627,-0.0003578150419788185,,,0.0023314474840514595,,-0.0005782963733286909,,-0.0007508051219826733,,,,-0.0006836034289657057,0.0010206797741239108,0.00015045999349085374
1169,2026-05-31,UNI,IT0004810054,01586202W,,0.0011476036838595266,0.00098003323444641,0.0010547024332613745,,,-0.0003865401587868912,-0.0005607278759111105,,,-0.001893055649443493,,,,,-0.0005375910460798267,,,-0.0008326598157326641,,,-0.00023562501168605175,-0.0007457491952353153,,,0.0031641072997841235,,,,,,0.0010648438028119647,0.0011300383213514727,,,,0.0010301744696971564,0.0010547024332613745,,,,0.0022148751098488863,0.0017037500844991435,,0.0022148751098488863,0.002768593887311108,,,,,0.000234863810667188
1170,2026-05-31,UNP,US9078181081,01086701,,,-0.00033206523386040276,,,,-0.0003865401587868912,,,,-0.001893055649443493,,,,-0.0005859457962563192,,,,,-0.0012729167297982106,,-0.00023562501168605175,,-0.001977567062365077,,,,,-0.00046433440458047936,-0.0006671310571833996,,,-0.0005738018419297633,-0.0006552884940381321,,,-0.00034934938641149627,-0.0003578150419788185,-0.0003825345612865089,-0.0009546875473486579,-0.00120373647274396,,,,,,,,-0.0006836034289657057,,-0.0002784547609756369
1171,2026-05-31,UPM,FI0009005987,10171803W,,-0.0003865401587868912,-0.00033206523386040276,-0.0005349939878862045,,,,,,-0.0006364583648991053,,-0.0009385064024783416,,,,-0.0005375910460798267,-0.0008295412396437777,,,,,-0.00023562501168605175,,,,,,0.001942872903376216,-0.00046433440458047936,-0.0006671310571833996,,,,-0.0006552884940381321,,,,-0.0003578150419788185,-0.0003825345612865089,,,,-0.0005782963733286909,0.0011300383213514727,,,,,0.0013423485514235676,,-1.0295338692877676e-05
1172,2026-05-31,UPS,US9113121068,01092001,,-0.0003865401587868912,-0.00033206523386040276,,,0.0025169035339191893,-0.0003865401587868912,,,,-0.001893055649443493,,,,,,,,,0.0012656429199136494,0.0012656429199136494,-0.00023562501168605175,,,,,,,-0.00046433440458047936,-0.0006671310571833996,-0.0011535807863796283,-0.0010751820921596534,-0.0005738018419297633,-0.0006552884940381321,,-0.00043772235372507634,-0.00034934938641149627,-0.0003578150419788185,-0.0003825345612865089,-0.0009546875473486579,-0.00120373647274396,,,0.0011300383213514727,,,,,-0.0006836034289657057,0.0010206797741239108,-2.972055756404605e-05
1173,2026-05-31,URI,US9113631090,06606501,,,,,,,,,,,-0.001893055649443493,,,,-0.0005859457962563192,,,,,,,-0.00023562501168605175,,-0.001977567062365077,,,,,,,,,,-0.0006552884940381321,,-0.00043772235372507634,-0.00034934938641149627,-0.0003578150419788185,-0.0003825345612865089,-0.0009546875473486579,-0.00120373647274396,,,,,,,,-0.0006836034289657057,,-0.00022704818933709823
1174,2026-05-31,URW,FR0013326246,01638302W,,,,,,,,,,-0.0006364583648991053,,,-0.0011074375549244432,,,,,,,,,,-0.0007457491952353153,,,0.0031641072997841235,-0.0029930744727687656,-0.001942872903376216,,-0.0006671310571833996,,-0.0010751820921596534,,,,,,,-0.0003825345612865089,,,,0.0017037500844991435,,,,,,0.0013423485514235676,,1.5118473239230938e-05
1175,2026-05-31,USB,US9029733048,00472301,,,,,,,-0.0003865401587868912,0.0016406482295176937,,,0.0006382925388613506,,-0.0011074375549244432,,,-0.0005375910460798267,,,,,,-0.00023562501168605175,,,,-0.0010857230930631796,,,-0.00046433440458047936,,,,,,,,,,,,,,,,,,,0.002839583474165239,,,9.866776630110511e-05
1176,2026-05-31,UTHR,US91307C1027,12144001,,,-0.00033206523386040276,,,,,,0.00303407549294368,,,,0.0011019279153477047,0.001830475297395774,-0.0005859457962563192,0.0017578373887689573,,0.004520153285405891,,-0.0012729167297982106,-0.0012584517669595946,-0.00023562501168605175,-0.0007457491952353153,-0.001977567062365077,,,,,-0.00046433440458047936,,,,-0.0005738018419297633,,,,,-0.0003578150419788185,,,-0.00120373647274396,,,,,,,,,-0.0010301744696971564,4.809667495906693e-06
1177,2026-05-31,UU.,GB00B39J2M42,10270403W,,,0.00098003323444641,,0.0010159977568114159,,-0.0003865401587868912,-0.0005607278759111105,,,0.0006382925388613506,,,,,,,,,-0.0012729167297982106,,0.0009267259873844713,,,,-0.0010857230930631796,,,,,,,,0.001925978356390336,,0.0012952486022508108,,0.0010547024332613745,,,,-0.001118623792852973,-0.0005782963733286909,0.0011300383213514727,-0.0007508051219826733,,-0.0022600766427029453,-0.0014382305908109652,,0.0010206797741239108,-1.815231333670551e-05
1178,2026-05-31,V,US92826C8394,17953401,,-0.0003865401587868912,,,-0.0005187061147187088,,-0.0003865401587868912,0.0016406482295176937,,,-0.001893055649443493,,0.0011019279153477047,,,-0.0005375910460798267,0.0016285846395947695,,,,,-0.00023562501168605175,-0.0007457491952353153,,,,,,-0.00046433440458047936,,,,,,,,-0.00034934938641149627,-0.0003578150419788185,,0.002734413715862823,-0.00120373647274396,-0.001118623792852973,-0.0005782963733286909,-0.0005798102381803368,-0.0007508051219826733,-0.0014107484776107557,,-0.0014382305908109652,,-0.0010301744696971564,-9.280572595454531e-05
1179,2026-05-31,VACN,CH0311864901,32150201W,,,0.00098003323444641,,,,-0.0003865401587868912,,,,,,,,0.0011300383213514727,,,,,,,-0.00023562501168605175,,,,,,,-0.00046433440458047936,0.001318378041576718,0.0011476036838595266,,,-0.0006552884940381321,,-0.00043772235372507634,-0.00034934938641149627,-0.0003578150419788185,0.0014765834065659244,,,,,-0.0005798102381803368,,,,,-0.0006836034289657057,-0.0010301744696971564,-3.85576032617804e-05
1180,2026-05-31,VCX,AU000000VCX7,27340701W,,,,,,,,,,-0.0006364583648991053,,,0.0011019279153477047,,,,,,,,,,,,,-0.0010857230930631796,,,-0.00046433440458047936,-0.0006671310571833996,,,,,,,,,0.0014765834065659244,,,,,0.0011300383213514727,,,,,,-0.0010301744696971564,4.536586663540656e-05
1181,2026-05-31,VEEV,US9224751084,01868901,,,,,0.0010159977568114159,0.0025169035339191893,,,-0.0007826413815720446,,,,,,,-0.0005375910460798267,-0.0008295412396437777,-0.0011596204763606737,0.001652891873021557,-0.0012729167297982106,-0.0012584517669595946,-0.00023562501168605175,-0.0007457491952353153,,,,,,,,0.0011476036838595266,,,,,,,,,,0.0023314474840514595,-0.001118623792852973,-0.0005782963733286909,0.0011300383213514727,-0.0007508051219826733,,,,0.0013423485514235676,-0.0010301744696971564,6.976054467292274e-05
1182,2026-05-31,VER,AT0000746409,10279701W,,,-0.00033206523386040276,,-0.0005187061147187088,,,,,,0.0006382925388613506,,,,,,,,,0.0012656429199136494,,-0.00023562501168605175,,0.0006651276606152812,,-0.0010857230930631796,,,-0.00046433440458047936,,-0.0011535807863796283,,,-0.0006552884940381321,,-0.00043772235372507634,,-0.0003578150419788185,,,,0.0022148751098488863,0.0017037500844991435,-0.0005798102381803368,0.0022148751098488863,,0.004429750219697773,0.002839583474165239,,-0.0010301744696971564,0.0002918965636710138
1183,2026-05-31,VICI,US9256521090,03258001,,,,,,,,,,-0.0006364583648991053,,,0.0011019279153477047,,,,,,,,,,,,,-0.0010857230930631796,,,-0.00046433440458047936,,,,,,,,,,-0.0003825345612865089,-0.0009546875473486579,,,0.0017037500844991435,0.0011300383213514727,,,,,,-0.0010301744696971564,-1.2309162375295322e-05
1184,2026-05-31,VIE,FR0000124141,23861601W,,,-0.00033206523386040276,,,,-0.0003865401587868912,-0.0005607278759111105,,,0.0006382925388613506,,-0.0011074375549244432,,,,,,,0.0012656429199136494,0.0012656429199136494,-0.00023562501168605175,,0.0006651276606152812,,0.0031641072997841235,,,-0.00046433440458047936,,,,,0.001925978356390336,,-0.00043772235372507634,,-0.0003578150419788185,,,,,0.0017037500844991435,0.0011300383213514727,-0.0007508051219826733,0.002768593887311108,0.004429750219697773,-0.0014382305908109652,,0.0010206797741239108,0.00030055162075844636
1185,2026-05-31,VLO,US91913Y1001,01524701,0.0025169035339191893,,,,0.0010159977568114159,0.0025169035339191893,0.0011416882009530342,0.0016406482295176937,,,0.0006382925388613506,,,,-0.0005859457962563192,,,,,0.0012656429199136494,0.0012656429199136494,-0.00023562501168605175,,0.0006651276606152812,,,,,,,,,,0.001925978356390336,,,,,-0.0003825345612865089,-0.0009546875473486579,-0.00120373647274396,,,,,,,,,,0.00025225117876234655
1186,2026-05-31,VLTO,US92338C1036,04319701,,,,,,,,,,,0.0006382925388613506,,,,-0.0005859457962563192,,,,,,,-0.00023562501168605175,,0.0006651276606152812,,,,,-0.00046433440458047936,0.001318378041576718,0.0011476036838595266,,,-0.0006552884940381321,,,,-0.0003578150419788185,-0.0003825345612865089,,0.0023314474840514595,,,,,,,,,,5.516694447311167e-05
1187,2026-05-31,VMC,US9291601097,01122801,-0.0012952486022508108,-0.0003865401587868912,-0.00033206523386040276,-0.0005349939878862045,,,,,,-0.0006364583648991053,,0.002734413715862823,,,,-0.0005375910460798267,-0.0008295412396437777,,-0.0008326598157326641,,,-0.00023562501168605175,,,,,,,-0.00046433440458047936,,,,,-0.0006552884940381321,,-0.00043772235372507634,-0.00034934938641149627,-0.0003578150419788185,-0.0003825345612865089,-0.0009546875473486579,-0.00120373647274396,,-0.0005782963733286909,,,-0.0014107484776107557,-0.0022600766427029453,,,,-0.00030707090771776364
1188,2026-05-31,VNA,DE000A1ML7J1,31568201W,,,,,,,,,,-0.0006364583648991053,,,,,,,,,,,,,-0.0007457491952353153,,,0.0031641072997841235,0.0029930744727687656,0.001942872903376216,-0.00046433440458047936,,,,,,,,,,-0.0003825345612865089,,,,-0.0005782963733286909,0.0011300383213514727,,,,,0.0013423485514235676,0.0010206797741239108,9.126596137579973e-05
1189,2026-05-31,VOD,GB00BH4HKS39,01489401W,,0.0011476036838595266,,,0.0010159977568114159,,-0.0003865401587868912,-0.0005607278759111105,,-0.0006364583648991053,,-0.0009385064024783416,,,,,,,,,,-0.00023562501168605175,,,,,,-0.001942872903376216,0.0009190353152899943,,,,,,,,-0.00034934938641149627,-0.0003578150419788185,,,,,,,,,,,0.0013423485514235676,,3.610979178867626e-05
1190,2026-05-31,VOLV B,SE0000115446,01121704W,,,,,,,-0.0003865401587868912,,,,0.0006382925388613506,,,,-0.0005859457962563192,,,,,,,-0.00023562501168605175,,,,,,,-0.00046433440458047936,,,,,-0.0006552884940381321,,-0.00043772235372507634,-0.00034934938641149627,-0.0003578150419788185,-0.0003825345612865089,,,,,,,,,,,,-6.824575520170607e-05
1191,2026-05-31,VOW3,DE0007664039,10073702W,,-0.0003865401587868912,-0.00033206523386040276,,0.0010159977568114159,,0.0011416882009530342,-0.0005607278759111105,-0.0007826413815720446,-0.0006364583648991053,,-0.0009385064024783416,,0.001830475297395774,,-0.0005375910460798267,-0.0008295412396437777,,-0.0008326598157326641,,,-0.00023562501168605175,-0.0007457491952353153,,,,-0.0029930744727687656,-0.001942872903376216,-0.00046433440458047936,-0.0006671310571833996,,-0.0010751820921596534,0.0011300383213514727,-0.0006552884940381321,,-0.00043772235372507634,-0.00034934938641149627,-0.0003578150419788185,,,,,,,,,,,-0.0006836034289657057,,5.768228009546073e-06
1192,2026-05-31,VRSK,US92345Y1064,18065201,-0.0012952486022508108,-0.0003865401587868912,-0.00033206523386040276,-0.0005349939878862045,,,-0.0003865401587868912,,,,,,,,,,,,,,-0.0012584517669595946,-0.00023562501168605175,,-0.001977567062365077,,,,,-0.00046433440458047936,0.001318378041576718,,,,-0.0006552884940381321,,-0.00043772235372507634,-0.00034934938641149627,-0.0003578150419788185,-0.0003825345612865089,,,,,,,,,,,0.0010206797741239108,-0.00017993373809539067
1193,2026-05-31,VRSN,US92343E1029,06636801,,-0.0003865401587868912,-0.00033206523386040276,,,,-0.0003865401587868912,,0.00303407549294368,0.0024339286921416336,,,0.0011019279153477047,,-0.0005859457962563192,,,0.004520153285405891,,-0.0012729167297982106,-0.0012584517669595946,-0.00023562501168605175,,,,,,,-0.00046433440458047936,0.001318378041576718,-0.0011535807863796283,,-0.0005738018419297633,,,,-0.00034934938641149627,-0.0003578150419788185,-0.0003825345612865089,-0.0009546875473486579,,,,,,,,,,,-7.594315040453804e-05
1194,2026-05-31,VRT,US92537N1081,03617501,0.0025169035339191893,0.0011476036838595266,0.00098003323444641,0.0010547024332613745,0.0010159977568114159,0.0025169035339191893,-0.0003865401587868912,,,,0.0006382925388613506,,,,-0.0005859457962563192,,,,,,,0.0009267259873844713,,0.0006651276606152812,,,,,,0.001318378041576718,0.0011476036838595266,,,,,0.0012952486022508108,,,0.0014765834065659244,0.002734413715862823,,,,,,,,,-0.0006836034289657057,,0.00037476444776353884
1195,2026-05-31,VRTX,US92532F1003,02434401,,-0.0003865401587868912,-0.00033206523386040276,-0.0005349939878862045,,,,,0.00303407549294368,,,,,0.001830475297395774,-0.0005859457962563192,0.0017578373887689573,-0.0008295412396437777,0.004520153285405891,,,,0.0009267259873844713,-0.0007457491952353153,0.0006651276606152812,,,,,-0.00046433440458047936,0.001318378041576718,0.0011476036838595266,0.0010648438028119647,0.0011300383213514727,,,0.0012952486022508108,0.0010301744696971564,0.0010547024332613745,,,,,-0.0005782963733286909,,-0.0007508051219826733,,,,,-0.0010301744696971564,0.0002956744677650899
1196,2026-05-31,VST,US92840M1027,15737302,-0.0012952486022508108,,-0.00033206523386040276,,0.0010159977568114159,0.0025169035339191893,-0.0003865401587868912,-0.0005607278759111105,,,0.0006382925388613506,,0.0011019279153477047,,,,,,,0.0012656429199136494,0.0012656429199136494,-0.00023562501168605175,,0.0006651276606152812,0.005402134414265577,-0.0010857230930631796,,,,,-0.0011535807863796283,,,-0.0006552884940381321,0.006514338558379078,-0.00043772235372507634,,-0.0003578150419788185,,-0.0009546875473486579,,-0.001118623792852973,-0.0005782963733286909,0.0011300383213514727,-0.0007508051219826733,-0.0014107484776107557,,-0.0014382305908109652,,0.0010206797741239108,0.00013698840139283395
1197,2026-05-31,VTR,US92276F1003,11017901,,,,,,,,,,,,,,,,,,,,,,,,,,,,,,0.001318378041576718,0.0011476036838595266,,,,,,,,-0.0003825345612865089,0.002734413715862823,,,-0.0005782963733286909,-0.0005798102381803368,,,,,,,7.956339045533298e-05
1198,2026-05-31,VWS,DK0061539921,22509401W,,,,,0.0010159977568114159,,,,,,,,,,0.0011300383213514727,,,,,0.0012656429199136494,0.0012656429199136494,-0.00023562501168605175,,,,,,,0.0009190353152899943,-0.0006671310571833996,,,-0.0005738018419297633,0.001925978356390336,,,,0.0010547024332613745,-0.0003825345612865089,,,,,0.0011300383213514727,,,,,0.0013423485514235676,0.0010206797741239108,0.0002461482296556428
1199,2026-05-31,VZ,US92343V1044,00213601,,,,,,,,,,-0.0006364583648991053,,-0.0009385064024783416,,,-0.0005859457962563192,,,,,,,-0.00023562501168605175,,,-0.005273512166306872,,,,,,,,,,,,-0.00034934938641149627,-0.0003578150419788185,,,,,,,,,,,,,-6.040981417590889e-05
1200,2026-05-31,WAB,US9297401088,06097901,0.0025169035339191893,,,,,,,,,,0.0006382925388613506,,,,-0.0005859457962563192,,,,,,,-0.00023562501168605175,,0.0006651276606152812,,,,,,,,,,-0.0006552884940381321,,-0.00043772235372507634,-0.00034934938641149627,-0.0003578150419788185,-0.0003825345612865089,-0.0009546875473486579,,,,-0.0005798102381803368,,,,,,,-4.5652293744778484e-05
1201,2026-05-31,WAT,US9418481035,06157401,,-0.0003865401587868912,-0.00033206523386040276,,,,,,0.00303407549294368,,,,,,-0.0005859457962563192,-0.0005375910460798267,,0.004520153285405891,-0.0008326598157326641,,,-0.00023562501168605175,-0.0007457491952353153,0.0006651276606152812,,,,,-0.00046433440458047936,-0.0006671310571833996,-0.0011535807863796283,-0.0010751820921596534,-0.0005738018419297633,,,-0.00043772235372507634,-0.00034934938641149627,-0.0003578150419788185,,,-0.00120373647274396,,-0.0005782963733286909,-0.0005798102381803368,-0.0007508051219826733,,,,-0.0006836034289657057,,-0.00012702165859806625
1202,2026-05-31,WBC,AU000000WBC1,01536201W,,-0.0003865401587868912,-0.00033206523386040276,-0.0005349939878862045,-0.0005187061147187088,,,-0.0005607278759111105,,,0.0006382925388613506,,0.0011019279153477047,,,0.0017578373887689573,0.0016285846395947695,,0.001652891873021557,,,-0.00023562501168605175,0.002171446186126359,,,-0.0010857230930631796,,,-0.00046433440458047936,,,,,,,,-0.00034934938641149627,,,,,-0.001118623792852973,-0.0005782963733286909,-0.0005798102381803368,-0.0007508051219826733,,,-0.0014382305908109652,,,-1.4001290151168732e-05
1203,2026-05-31,WBD,US9344231041,16429601,,,0.00098003323444641,0.0010547024332613745,,,-0.0003865401587868912,-0.0005607278759111105,,-0.0006364583648991053,,-0.0009385064024783416,,-0.0018457292582074053,,,,,,,,0.0009267259873844713,,,-0.005273512166306872,,,-0.001942872903376216,-0.00046433440458047936,,,,,,,,0.0010301744696971564,0.0010547024332613745,,,0.0023314474840514595,,,,,,,,,,-6.114025857881563e-05
1204,2026-05-31,WCN,CA94106B1013,11073201C,,-0.0003865401587868912,-0.00033206523386040276,-0.0005349939878862045,-0.0005187061147187088,,-0.0003865401587868912,,,,-0.001893055649443493,,,,,,,,,-0.0012729167297982106,,0.0009267259873844713,,-0.001977567062365077,,,,,-0.00046433440458047936,-0.0006671310571833996,,,-0.0005738018419297633,-0.0006552884940381321,,0.0012952486022508108,,,-0.0003825345612865089,,,,,-0.0005798102381803368,,,,,-0.0006836034289657057,,-0.00017304489382629297
1205,2026-05-31,WCP,CA96467A2002,18523001C,,,,,,,-0.0003865401587868912,-0.0005607278759111105,,,-0.001893055649443493,,,,,,,,,,-0.0012584517669595946,-0.00023562501168605175,,-0.001977567062365077,,,,-0.001942872903376216,,,-0.0011535807863796283,-0.0010751820921596534,-0.0005738018419297633,,-0.005402134414265577,,,,-0.0003825345612865089,,,,,,,,,,-0.0006836034289657057,,-0.0003469261653081118
1206,2026-05-31,WDAY,US98138H1014,01504401,-0.0012952486022508108,-0.0003865401587868912,-0.00033206523386040276,-0.0005349939878862045,0.0010159977568114159,0.0025169035339191893,,-0.0005607278759111105,-0.0007826413815720446,-0.0006364583648991053,,-0.0009385064024783416,,,-0.0005859457962563192,,,-0.0011596204763606737,,,,-0.00023562501168605175,,,,,,,,,,0.0010648438028119647,0.0011300383213514727,,,-0.00043772235372507634,-0.00034934938641149627,-0.0003578150419788185,-0.0003825345612865089,,-0.00120373647274396,,,,,,,,,,-5.78776740593627e-05
1207,2026-05-31,WDC,US9581021055,01139901,,-0.0003865401587868912,,,0.0010159977568114159,,,,0.00303407549294368,0.0024339286921416336,,-0.0009385064024783416,,,0.0011300383213514727,,,0.004520153285405891,,,,0.0009267259873844713,,,,,,,,0.001318378041576718,0.0011476036838595266,,0.0011300383213514727,,,0.0012952486022508108,0.0010301744696971564,0.0010547024332613745,0.0014765834065659244,0.002734413715862823,-0.00120373647274396,,,0.0011300383213514727,,,,,,,0.0003711981956050045
1208,2026-05-31,WDS,AU0000224040,10071201W,,,,,-0.0005187061147187088,,0.0011416882009530342,-0.0005607278759111105,,,-0.001893055649443493,,,,,,,,,-0.0012729167297982106,-0.0012584517669595946,-0.00023562501168605175,,-0.001977567062365077,,,,-0.001942872903376216,,,,0.0010648438028119647,,-0.0006552884940381321,,,,,,,,,,-0.0005798102381803368,,,,,-0.0006836034289657057,,-0.00021941838260468546
1209,2026-05-31,WEC,US92939U1060,01155001,,,-0.00033206523386040276,,,,,0.0016406482295176937,,,,,,,,,,,,,,-0.00023562501168605175,,,,,,,,,-0.0011535807863796283,,,-0.0006552884940381321,,-0.00043772235372507634,,-0.0003578150419788185,,-0.0009546875473486579,,-0.001118623792852973,-0.0005782963733286909,,-0.0007508051219826733,-0.0014107484776107557,-0.0022600766427029453,,,,-0.00019137075289356908
1210,2026-05-31,WELL,US95040Q1040,00554301,,,,,,,,,,,,,,,,,,,,,,,,,,,,,,0.001318378041576718,,,,,,,,,-0.0003825345612865089,0.002734413715862823,,,-0.0005782963733286909,-0.0005798102381803368,,,,,-0.0006836034289657057,-0.0010301744696971564,1.6427433504201825e-05
1211,2026-05-31,WES,AU000000WES1,10160101W,,,,,-0.0005187061147187088,,,,-0.0007826413815720446,-0.0006364583648991053,,-0.0009385064024783416,,,-0.0005859457962563192,-0.0005375910460798267,0.0016285846395947695,,,0.0012656429199136494,0.0012656429199136494,0.0009267259873844713,,,,,,,-0.00046433440458047936,,-0.0011535807863796283,,-0.0005738018419297633,-0.0006552884940381321,,0.0012952486022508108,,,-0.0003825345612865089,,,,,,,,,,-0.0006836034289657057,,4.749511994381839e-05
1212,2026-05-31,WFC,US9497461015,00800701,,-0.0003865401587868912,-0.00033206523386040276,,,,-0.0003865401587868912,-0.0005607278759111105,,,0.0006382925388613506,,-0.0011074375549244432,,,-0.0005375910460798267,,,,,,-0.00023562501168605175,,,,-0.0010857230930631796,,,,,,,,,,,,,,,0.0023314474840514595,,-0.0005782963733286909,,,,,,,,-1.840685446592891e-05
1213,2026-05-31,WKL,NL0000395903,10136102W,,-0.0003865401587868912,-0.00033206523386040276,-0.0005349939878862045,,,0.0011416882009530342,,,,,,,,,,,,,,0.0012656429199136494,0.0009267259873844713,,,,,,,,,,,,-0.0006552884940381321,,0.0012952486022508108,0.0010301744696971564,0.0010547024332613745,-0.0003825345612865089,,,,,0.0011300383213514727,,,,,0.0013423485514235676,0.0010206797741239108,0.0002347386319760617
1214,2026-05-31,WM,US94106L1098,01447701,-0.0012952486022508108,-0.0003865401587868912,-0.00033206523386040276,-0.0005349939878862045,,,-0.0003865401587868912,,,,-0.001893055649443493,,,,,,,,,,,-0.00023562501168605175,,-0.001977567062365077,,,,,,,,,,-0.0006552884940381321,,-0.00043772235372507634,-0.00034934938641149627,,0.0014765834065659244,-0.0009546875473486579,-0.00120373647274396,,,-0.0005798102381803368,,,,,-0.0006836034289657057,0.0010206797741239108,-0.00019366448319021453
1215,2026-05-31,WMB,US9694571004,01150601,-0.0012952486022508108,,,,,,-0.0003865401587868912,-0.0005607278759111105,,,,,,,,,,,,-0.0012729167297982106,,0.0009267259873844713,,-0.001977567062365077,,,,,,,-0.0011535807863796283,,-0.0005738018419297633,,,,,,-0.0003825345612865089,-0.0009546875473486579,,,,,,,,,-0.0006836034289657057,0.0010206797741239108,-0.00019039384915280262
1216,2026-05-31,WMT,US9311421039,01125901,-0.0012952486022508108,,-0.00033206523386040276,-0.0005349939878862045,-0.0005187061147187088,,,,,,,,0.0011019279153477047,,,,0.0016285846395947695,,,0.0012656429199136494,0.0012656429199136494,-0.00023562501168605175,,0.0006651276606152812,0.005402134414265577,,,,,0.001318378041576718,,,,,0.006514338558379078,,-0.00034934938641149627,-0.0003578150419788185,-0.0003825345612865089,,,-0.001118623792852973,-0.0005782963733286909,-0.0005798102381803368,-0.0007508051219826733,-0.0014107484776107557,-0.0022600766427029453,-0.0014382305908109652,-0.0006836034289657057,,-2.7405539697939706e-05
1217,2026-05-31,WN,CA9611485090,01144301C,,,0.00098003323444641,0.0010547024332613745,,,,,,,,,,,,,0.0016285846395947695,,,,0.0012656429199136494,-0.00023562501168605175,-0.0007457491952353153,0.0006651276606152812,0.005402134414265577,,0.0029930744727687656,,0.0009190353152899943,,,,,,,-0.00043772235372507634,-0.00034934938641149627,-0.0003578150419788185,-0.0003825345612865089,,,-0.001118623792852973,,,-0.0007508051219826733,,-0.0022600766427029453,-0.0014382305908109652,0.0013423485514235676,0.0010206797741239108,2.8329463621047277e-05
1218,2026-05-31,WOW,AU000000WOW2,10089402W,,,-0.00033206523386040276,-0.0005349939878862045,,,,,,,,,0.0011019279153477047,-0.0018457292582074053,,,-0.0008295412396437777,,0.001652891873021557,0.0012656429199136494,0.0012656429199136494,-0.00023562501168605175,0.002171446186126359,0.0006651276606152812,,,,,,0.001318378041576718,0.0011476036838595266,0.0010648438028119647,0.0011300383213514727,,,-0.00043772235372507634,-0.00034934938641149627,-0.0003578150419788185,0.0014765834065659244,,,-0.001118623792852973,-0.0005782963733286909,-0.0005798102381803368,-0.0007508051219826733,-0.0014107484776107557,-0.0022600766427029453,-0.0014382305908109652,-0.0006836034289657057,0.0010206797741239108,-0.00012867605883318817
1219,2026-05-31,WPC,US92936U1097,06635401,,,,,,,,,,,,,-0.0011074375549244432,,,,,,,,,,,,,-0.0010857230930631796,,0.001942872903376216,,-0.0006671310571833996,-0.0011535807863796283,-0.0010751820921596534,,,,,,,-0.0003825345612865089,-0.0009546875473486579,,,-0.0005782963733286909,-0.0005798102381803368,,,,,,,-0.00010213181063304747
1220,2026-05-31,WPM,CA9628791027,10586101C,,0.0011476036838595266,0.00098003323444641,0.0010547024332613745,-0.0005187061147187088,,,,,0.0024339286921416336,,0.002734413715862823,0.0011019279153477047,0.001830475297395774,,0.0017578373887689573,,,0.001652891873021557,,,0.0009267259873844713,,,0.005402134414265577,,,,,0.001318378041576718,,,,,0.006514338558379078,0.0012952486022508108,,,0.0014765834065659244,,,,-0.0005782963733286909,-0.0005798102381803368,,-0.0014107484776107557,-0.0022600766427029453,,-0.0006836034289657057,,0.00040360193417348896
1221,2026-05-31,WRB,US0844231029,01482201,,,,,-0.0005187061147187088,-0.0025169035339191893,0.0011416882009530342,0.0016406482295176937,,,,,,,,-0.0005375910460798267,-0.0008295412396437777,,-0.0008326598157326641,,,-0.00023562501168605175,,,,0.0031641072997841235,,,,,,,-0.0005738018419297633,,,,-0.00034934938641149627,,,-0.0009546875473486579,-0.00120373647274396,,-0.0005782963733286909,-0.0005798102381803368,-0.0007508051219826733,,,,,,-0.00012410874099714716
1222,2026-05-31,WRT1V,FI0009003727,10155702W,,-0.0003865401587868912,-0.00033206523386040276,,,,,,,,0.0006382925388613506,,,,0.0011300383213514727,,,,,0.0012656429199136494,,-0.00023562501168605175,,0.0006651276606152812,,,,,-0.00046433440458047936,0.001318378041576718,-0.0011535807863796283,,-0.0005738018419297633,,,,,-0.0003578150419788185,-0.0003825345612865089,,,,,,,,,,,,1.694508880079751e-05
1223,2026-05-31,WSM,US9699041011,01151101,,,,,-0.0005187061147187088,,-0.0003865401587868912,,0.00303407549294368,0.0024339286921416336,,,0.0011019279153477047,,-0.0005859457962563192,-0.0005375910460798267,,,,,,-0.00023562501168605175,-0.0007457491952353153,,,,,,,-0.0006671310571833996,,,-0.0005738018419297633,-0.0006552884940381321,,-0.00043772235372507634,,-0.0003578150419788185,-0.0003825345612865089,-0.0009546875473486579,-0.00120373647274396,,,,,,,,,,-0.00014353046725606314
1224,2026-05-31,WSO,US9426222009,01131302,-0.0012952486022508108,-0.0003865401587868912,-0.00033206523386040276,-0.0005349939878862045,,,-0.0003865401587868912,,,,0.0006382925388613506,,,,-0.0005859457962563192,,,,,0.0012656429199136494,,-0.00023562501168605175,,0.0006651276606152812,,,,,-0.00046433440458047936,-0.0006671310571833996,-0.0011535807863796283,-0.0010751820921596534,-0.0005738018419297633,-0.0006552884940381321,,-0.00043772235372507634,-0.00034934938641149627,-0.0003578150419788185,-0.0003825345612865089,-0.0009546875473486579,-0.00120373647274396,,,,,,,,-0.0006836034289657057,-0.0010301744696971564,-0.00019173872355044346
1225,2026-05-31,WSP,CA92938W2022,27784601C,,-0.0003865401587868912,-0.00033206523386040276,-0.0005349939878862045,,,-0.0003865401587868912,,,,0.0006382925388613506,,,,,,,,,,,-0.00023562501168605175,,0.0006651276606152812,,,,,,0.001318378041576718,0.0011476036838595266,0.0010648438028119647,0.0011300383213514727,,,,,,0.0014765834065659244,,,,,,,,,,0.0013423485514235676,,0.00012924351254584075
1226,2026-05-31,WST,US9553061055,01137601,,0.0011476036838595266,0.00098003323444641,0.0010547024332613745,-0.0005187061147187088,,,,0.00303407549294368,,,,,0.001830475297395774,-0.0005859457962563192,-0.0005375910460798267,,0.004520153285405891,-0.0008326598157326641,,,-0.00023562501168605175,-0.0007457491952353153,-0.001977567062365077,,,,,,,0.0011476036838595266,,,,,,-0.00034934938641149627,-0.0003578150419788185,,,,-0.001118623792852973,-0.0005782963733286909,-0.0005798102381803368,-0.0007508051219826733,,,,-0.0006836034289657057,-0.0010301744696971564,2.5520539656296636e-05
1227,2026-05-31,WTC,AU000000WTC3,32150101W,,-0.0003865401587868912,-0.00033206523386040276,-0.0005349939878862045,-0.0005187061147187088,,-0.0003865401587868912,-0.0005607278759111105,-0.0007826413815720446,-0.0006364583648991053,,,,,,,,-0.0011596204763606737,,-0.0012729167297982106,-0.0012584517669595946,-0.00023562501168605175,,,,,,,0.0009190353152899943,,,,,,,-0.00043772235372507634,-0.00034934938641149627,-0.0003578150419788185,-0.0003825345612865089,,,,,,,,,,,,-0.00020294473299368304
1228,2026-05-31,WTW,IE00BDB6Q211,14400901,,-0.0003865401587868912,-0.00033206523386040276,,,,-0.0003865401587868912,-0.0005607278759111105,,,-0.001893055649443493,,,,,-0.0005375910460798267,,,,,,0.0009267259873844713,-0.0007457491952353153,,,-0.0010857230930631796,,,-0.00046433440458047936,,,,,,,,0.0010301744696971564,0.0010547024332613745,,-0.0009546875473486579,-0.00120373647274396,,-0.0005782963733286909,,-0.0007508051219826733,,,-0.0014382305908109652,,,-0.00012965311593319463
1229,2026-05-31,WY,US9621661043,01145601,,,,,,,,,,-0.0006364583648991053,,,0.0011019279153477047,-0.0018457292582074053,,,,,,0.0012656429199136494,0.0012656429199136494,,-0.0007457491952353153,,,-0.0010857230930631796,-0.0029930744727687656,-0.001942872903376216,-0.00046433440458047936,-0.0006671310571833996,-0.0011535807863796283,-0.0010751820921596534,,,,,,,0.0014765834065659244,-0.0009546875473486579,,,-0.0005782963733286909,,,,,,-0.0006836034289657057,,-0.00018505358402592305
1230,2026-05-31,X,CA87262K1057,01451701C,,,0.00098003323444641,0.0010547024332613745,-0.0005187061147187088,,-0.0003865401587868912,-0.0005607278759111105,,,,,-0.0011074375549244432,,,-0.0005375910460798267,,,,,,-0.00023562501168605175,-0.0007457491952353153,,,-0.0010857230930631796,,,,,,,,,,,-0.00034934938641149627,-0.0003578150419788185,,,,-0.001118623792852973,-0.0005782963733286909,-0.0005798102381803368,-0.0007508051219826733,-0.0014107484776107557,,-0.0014382305908109652,,,-0.00019800233264732193
1231,2026-05-31,XEL,US98389B1008,00797701,,,-0.00033206523386040276,,,0.0025169035339191893,-0.0003865401587868912,-0.0005607278759111105,,,-0.001893055649443493,,0.0011019279153477047,,,,,,,,,-0.00023562501168605175,,-0.001977567062365077,,-0.0010857230930631796,,,,,-0.0011535807863796283,,,,-0.005402134414265577,-0.00043772235372507634,,-0.0003578150419788185,,-0.0009546875473486579,,,-0.0005782963733286909,,-0.0007508051219826733,,,,,,-0.0002473636466157581
1232,2026-05-31,XOM,US30231G1022,00450301,,,,,,,-0.0003865401587868912,-0.0005607278759111105,,,0.0006382925388613506,,,,-0.0005859457962563192,,,,,,,-0.00023562501168605175,,0.0006651276606152812,,,,,,,,,-0.0005738018419297633,-0.0006552884940381321,,,,,-0.0003825345612865089,-0.0009546875473486579,,,,,,,,,-0.0006836034289657057,-0.0010301744696971564,-0.0001358561024011639
1233,2026-05-31,XRO,NZXROE0001S2,28484402W,,-0.0003865401587868912,-0.00033206523386040276,-0.0005349939878862045,-0.0005187061147187088,,-0.0003865401587868912,-0.0005607278759111105,-0.0007826413815720446,-0.0006364583648991053,,-0.0009385064024783416,0.0011019279153477047,-0.0018457292582074053,,,,-0.0011596204763606737,,,,-0.00023562501168605175,,,,,,,,,,0.0010648438028119647,0.0011300383213514727,,,-0.00043772235372507634,-0.00034934938641149627,-0.0003578150419788185,-0.0003825345612865089,,,,,-0.0005798102381803368,,,,,,,-0.0002796024092218341
1234,2026-05-31,XYL,US98419M1009,18949101,-0.0012952486022508108,-0.0003865401587868912,-0.00033206523386040276,,,,-0.0003865401587868912,,,,0.0006382925388613506,,,,,,,,,-0.0012729167297982106,-0.0012584517669595946,-0.00023562501168605175,,0.0006651276606152812,,,,,,-0.0006671310571833996,,,-0.0005738018419297633,,,-0.00043772235372507634,-0.00034934938641149627,-0.0003578150419788185,-0.0003825345612865089,-0.0009546875473486579,,,,,,,,,-0.0006836034289657057,-0.0010301744696971564,-0.00022184473399055905
1235,2026-05-31,XYZ,US8522341036,02636701,0.0025169035339191893,0.0011476036838595266,0.00098003323444641,0.0010547024332613745,0.0010159977568114159,0.0025169035339191893,-0.0003865401587868912,-0.0005607278759111105,,,,,,,-0.0005859457962563192,-0.0005375910460798267,,,-0.0008326598157326641,,,-0.00023562501168605175,-0.0007457491952353153,,,,,,-0.00046433440458047936,,,,,,,,-0.00034934938641149627,-0.0003578150419788185,,0.002734413715862823,-0.00120373647274396,-0.001118623792852973,-0.0005782963733286909,,-0.0007508051219826733,-0.0014107484776107557,,-0.0014382305908109652,,-0.0010301744696971564,-1.6392590019920096e-05
1236,2026-05-31,YAR,NO0010208051,26435101W,,0.0011476036838595266,0.00098003323444641,0.0010547024332613745,-0.0005187061147187088,,-0.0003865401587868912,-0.0005607278759111105,,-0.0006364583648991053,,-0.0009385064024783416,,,,-0.0005375910460798267,0.0016285846395947695,,,,,-0.00023562501168605175,,,,,,,0.0009190353152899943,,0.0011476036838595266,0.0010648438028119647,0.0011300383213514727,0.001925978356390336,,0.0012952486022508108,0.0010301744696971564,0.0010547024332613745,0.0014765834065659244,,,,0.0017037500844991435,-0.0005798102381803368,,0.002768593887311108,0.004429750219697773,,0.0013423485514235676,,0.0004936041024332798
1237,2026-05-31,YUM,US9884981013,06541701,,,,,,,-0.0003865401587868912,,0.00303407549294368,0.0024339286921416336,,0.002734413715862823,,,,-0.0005375910460798267,,,,,-0.0012584517669595946,-0.00023562501168605175,,,0.005402134414265577,,,,-0.00046433440458047936,0.001318378041576718,0.0011476036838595266,,,-0.0006552884940381321,,,-0.00034934938641149627,-0.0003578150419788185,-0.0003825345612865089,0.002734413715862823,-0.00120373647274396,,,,,,,,-0.0006836034289657057,,1.4113350014621658e-05
1238,2026-05-31,Z74,SG1T75931496,20809501W,,0.0011476036838595266,0.00098003323444641,0.0010547024332613745,,,0.0011416882009530342,0.0016406482295176937,,-0.0006364583648991053,,-0.0009385064024783416,-0.0011074375549244432,,,,-0.0008295412396437777,,-0.0008326598157326641,,,0.0009267259873844713,,,,,,-0.001942872903376216,-0.00046433440458047936,,,,,,,,0.0010301744696971564,0.0010547024332613745,,,,,,,,,,,-0.0006836034289657057,,0.00011701740521235446
1239,2026-05-31,ZAL,DE000ZAL1111,31843401W,,-0.0003865401587868912,-0.00033206523386040276,-0.0005349939878862045,0.0010159977568114159,,-0.0003865401587868912,-0.0005607278759111105,-0.0007826413815720446,-0.0006364583648991053,,-0.0009385064024783416,,,-0.0005859457962563192,-0.0005375910460798267,0.0016285846395947695,,,0.0012656429199136494,,-0.00023562501168605175,,,,,0.0029930744727687656,0.001942872903376216,0.0009190353152899943,0.001318378041576718,0.0011476036838595266,0.0010648438028119647,0.0011300383213514727,-0.0006552884940381321,,-0.00043772235372507634,-0.00034934938641149627,-0.0003578150419788185,0.0014765834065659244,,,,,,,,,,0.0013423485514235676,,0.0001354129991609294
1240,2026-05-31,ZBH,US98956P1021,14455901,,-0.0003865401587868912,-0.00033206523386040276,,,,,,-0.0007826413815720446,,,,,,,-0.0005375910460798267,0.0016285846395947695,-0.0011596204763606737,-0.0008326598157326641,-0.0012729167297982106,,-0.00023562501168605175,-0.0007457491952353153,-0.001977567062365077,,,,,,,,,,,,-0.00043772235372507634,-0.00034934938641149627,-0.0003578150419788185,,,-0.00120373647274396,,-0.0005782963733286909,-0.0005798102381803368,,,,,,,-0.00025734309517399287
1241,2026-05-31,ZM,US98980L1017,03500501,-0.0012952486022508108,-0.0003865401587868912,-0.00033206523386040276,-0.0005349939878862045,-0.0005187061147187088,-0.0025169035339191893,-0.0003865401587868912,-0.0005607278759111105,-0.0007826413815720446,-0.0006364583648991053,,,0.0011019279153477047,,-0.0005859457962563192,,,0.004520153285405891,,,-0.0012584517669595946,0.0009267259873844713,,,,,,,-0.00046433440458047936,-0.0006671310571833996,,,,,,0.0012952486022508108,0.0010301744696971564,0.0010547024332613745,-0.0003825345612865089,-0.0009546875473486579,,,,-0.0005798102381803368,,,,,,-0.0010301744696971564,-9.765686816807365e-05
1242,2026-05-31,ZS,US98980G1022,03303701,,,,,,,-0.0003865401587868912,0.0016406482295176937,-0.0007826413815720446,-0.0006364583648991053,,-0.0009385064024783416,,-0.0018457292582074053,-0.0005859457962563192,,,-0.0011596204763606737,,,,-0.00023562501168605175,,,,,,,,,,,,,,-0.00043772235372507634,-0.00034934938641149627,-0.0003578150419788185,-0.0003825345612865089,-0.0009546875473486579,,,,-0.0005798102381803368,,,,,,0.0010206797741239108,-0.00022080555927672194
1243,2026-05-31,ZTS,US98978V1035,01372101,,0.0011476036838595266,,,-0.0005187061147187088,,,,0.00303407549294368,,,,,,-0.0005859457962563192,-0.0005375910460798267,,0.004520153285405891,-0.0008326598157326641,,0.0012656429199136494,-0.00023562501168605175,-0.0007457491952353153,-0.001977567062365077,,,,,-0.00046433440458047936,-0.0006671310571833996,,,-0.0005738018419297633,,,,-0.00034934938641149627,-0.0003578150419788185,,,-0.00120373647274396,,,,,,,,,0.0010206797741239108,-4.264520684315098e-05
1244,2026-05-31,ZURN,CH0011075394,22042601W,,-0.0003865401587868912,-0.00033206523386040276,-0.0005349939878862045,-0.0005187061147187088,,-0.0003865401587868912,-0.0005607278759111105,,,0.0006382925388613506,,0.0011019279153477047,,,-0.0005375910460798267,-0.0008295412396437777,,-0.0008326598157326641,,,-0.00023562501168605175,-0.0007457491952353153,,,,,,,,,,-0.0005738018419297633,,,,,-0.0003578150419788185,,,,,-0.0005782963733286909,-0.0005798102381803368,-0.0007508051219826733,,,,,,-0.00014868245594329681
