style,ddt,ticker,isin,gvkeyiid,Analyst Expectations,Analyst Expectations,Analyst Expectations,Analyst Expectations,Analyst Expectations,Analyst Expectations,Analyst Expectations,Analyst Expectations,Capital Efficiency,Capital Efficiency,Capital Efficiency,Capital Efficiency,Earnings Quality,Earnings Quality,Earnings Quality,Earnings Quality,Earnings Quality,Earnings Quality,Earnings Quality,Earnings Quality,Earnings Quality,Historical Growth,Historical Growth,Historical Growth,Historical Growth,Historical Growth,Historical Growth,Historical Growth,Historical Growth,Historical Growth,Historical Growth,Historical Growth,Historical Growth,Historical Growth,Historical Growth,Historical Growth,Historical Growth,Historical Growth,Price Momentum,Size,Valuation,Valuation,Valuation,Valuation,Valuation,Valuation,Valuation,Valuation,Valuation,Volatility,MP
factor_weight,,,,,0.002995748561,0.00326722304,0.003837679541,0.013174492033,0.01385659176,0.018996402763,0.022506425325,0.032785810774,0.027121439778,0.035295475537,0.050657492508,0.050847854844,0.004281686651,0.009460241604,0.009510708112,0.022101132364,0.027995774731,0.030825522027,0.03330619658,0.040211655499,0.071618274388,0.003207738302,0.00343106969,0.003758715727,0.004623591469,0.006161672109,0.007001176063,0.007232026251,0.014628983212,0.016991643362,0.017372455577,0.018877856574,0.019816888644,0.020138114841,0.020551648144,0.025117568859,0.027753262056,0.033335596571,0.005583880045,0.00291618381,0.015820341303,0.015883021175,0.016532179091,0.017480684575,0.020655222391,0.024556869824,0.024745693615,0.031164333456,0.045308772812,0.004698982032,1.0
factor,,,,,Rev3MFY2C,RevMagFY1C,EPSSurpC,AdjRev3MFY1C,Rev3MFY1C,InvPEGC,AdjInvPEGC,SUEC,CapExToAst,LTDA,BuyBackChg,RecTurn,UnexpectedInvChg,ETO,CapExToSales,GPMargin,ROAStddev20Q,SalesToInvCap,AdjChgEPStoSales,CFIC,WCAccruals,Chg1YOPM,CQPTTMCFtoSales,ConsQPosChginTTMCF,AstAdjChg1YEPS,EPSStab,AdjAstAdjChg1YFCF,Chg1YFCF,ChgATO,PAdjChg1YCF,PAdjChg1YEPS,PAdjChg1YSales,DivperShareGrowth,PAdjChg3YCF,DIVIDENDGROWTH,PAdjChg1YFCF,PAdjChg3YOCF,PAdjChg1YOCF,ShortIntTrdVol,LogAssets,CurLiaP,InvPEGYC,EP,OEP,SP,OCFEV,FCFP,FCFEV,60MAVGTTMEP,BookLev,AGG
0,2026-08-31,,FI0009014575,33901501W,-0.0003294795788726806,-0.00035970706317292654,-0.0004506674699522873,,-0.0004119937290982381,,,,0.0005794296042243693,,,,0.0014611703063049314,,0.0007194141263458531,,,,,-0.00035482416186288687,,-0.0005970772063834871,,,-0.0007763974234821583,,,,,-0.0004098404517684564,-0.00037760580949453286,-0.0005037439385762183,-0.0006032010751669076,,-0.0005286481332923461,0.0012785240180168149,,0.0012064021503338151,,,,,,,,-0.0003894841379388973,,,-0.000505910579172245,,-5.199804286600974e-06
1,2026-08-31,,GB00BMVP7Y09,03647401,,,,,,0.0012316671168329527,0.0026732774922169768,,0.0005794296042243693,,,,,,0.0007194141263458531,,,-0.0013757217503806663,-0.00045590778937033713,-0.00035482416186288687,-0.0009013349399045746,-0.0005970772063834871,,,-0.0007763974234821583,,,-0.00035970706317292654,,-0.0004098404517684564,-0.00037760580949453286,-0.0005037439385762183,,-0.0006207082303828337,,-0.00043483996176542323,-0.0032673391571540825,,,,-0.0013290871147745421,-0.0006323882239653064,,,-0.0014002882102088926,,0.0011364657937927244,0.0013366387461084884,-0.000505910579172245,,-0.000214258365907866
2,2026-08-31,1,KYG217651051,10108801W,-0.0003294795788726806,0.0010644724855886605,-0.0004506674699522873,,0.0012189037270212122,,,,0.0005794296042243693,,,,-0.0008168347892885206,-0.0015683227954339598,,,,-0.0013757217503806663,,-0.00035482416186288687,,,,,-0.0007763974234821583,-0.0005181683244825858,,-0.00035970706317292654,,-0.0004098404517684564,-0.00037760580949453286,-0.0005037439385762183,-0.0006032010751669076,,-0.0005286481332923461,0.0012785240180168149,,0.0012064021503338151,,0.0009884387366180419,0.0013142369794139329,-0.0006323882239653064,,,0.0013920024811544022,0.0011364657937927244,0.0011364657937927244,0.0013366387461084884,0.001488914046298063,,0.00018297965553298794
3,2026-08-31,1038,BMG2178K1009,21292801W,-0.0003294795788726806,0.0010644724855886605,,,0.0012189037270212122,,,-0.0006047517206043547,0.0005794296042243693,0.0017171417468255033,,0.0016566790092612251,,-0.0015683227954339598,0.0007194141263458531,,,-0.0013757217503806663,0.0013366387461084884,-0.00035482416186288687,,-0.0005970772063834871,,,,,,,,-0.0004098404517684564,,-0.0005037439385762183,-0.0006032010751669076,-0.0006207082303828337,-0.0005286481332923461,,,,,-0.0009968153360809067,-0.0013290871147745421,,,,-0.0014002882102088926,-0.0003894841379388973,,,,-0.00117624209657547,1.8307437012357823e-05
4,2026-08-31,1113,KYG2177B1014,31975901W,0.0009721009062607189,,,,,,,,,,,,,,,,0.0010596775644824052,,,,,,,,,,,0.0014002882102088926,,,,0.0009926093641987087,-0.0006032010751669076,-0.0006207082303828337,-0.0005286481332923461,,0.003222581086508136,0.0012064021503338151,,0.0009884387366180419,,0.0012447006312967933,,,0.0013920024811544022,0.0011364657937927244,0.0011364657937927244,0.0013366387461084884,,,0.0003048694715975384
5,2026-08-31,12,HK0012000102,01569701W,-0.0003294795788726806,,,,,,,,,,,,,-0.0015683227954339598,,,0.0010596775644824052,-0.0013757217503806663,,,,,,,,,,-0.00035970706317292654,,,,,-0.0006032010751669076,-0.0006207082303828337,-0.0005286481332923461,,,-0.0012189037270212122,,0.0009884387366180419,,,,,,-0.0003894841379388973,,,,,-0.0001292322011642185
6,2026-08-31,1299,HK0000069689,29573501W,-0.0003294795788726806,-0.00035970706317292654,-0.0004506674699522873,,-0.0004119937290982381,,,-0.0006047517206043547,,,-0.002450504367865562,,,,,-0.0007351513103596687,0.0010596775644824052,,-0.00045590778937033713,,-0.0009013349399045746,,,,,,,,,-0.0004098404517684564,-0.00037760580949453286,,-0.0006032010751669076,-0.0006207082303828337,-0.0005286481332923461,,,0.0012064021503338151,,,-0.0013290871147745421,,,,,-0.0003894841379388973,-0.00038884036250428754,,-0.000505910579172245,,-0.0002253848895121675
7,2026-08-31,1308,KYG8187G1055,29553601W,0.0009721009062607189,,-0.0004506674699522873,,0.0012189037270212122,-0.0006290064687569357,,,,0.0017171417468255033,,,,,0.0007194141263458531,,,,,0.0013920024811544022,,,,,0.0015275871384097012,-0.0005181683244825858,,-0.00035970706317292654,,0.0012064021503338151,0.001109662355259877,,0.0017687851076322854,,0.0020635826255709995,-0.00043483996176542323,,0.0012064021503338151,,-0.0009968153360809067,-0.0013290871147745421,-0.0006323882239653064,0.001417159152500566,0.001589516346723608,,0.0011364657937927244,-0.00038884036250428754,,0.001488914046298063,-0.00117624209657547,0.00037480521871965505
8,2026-08-31,16,HK0016000132,01942101W,-0.0003294795788726806,,,,,,,,,,,,,,,,0.0010596775644824052,,,,,,,,,,,0.0014002882102088926,,,,0.0009926093641987087,-0.0006032010751669076,-0.0006207082303828337,-0.0005286481332923461,,0.003222581086508136,0.0012064021503338151,,0.0009884387366180419,,,,,0.0013920024811544022,0.0011364657937927244,0.0011364657937927244,0.0013366387461084884,,,0.0002812006572489672
9,2026-08-31,1605,JP3294460005,27119601W,0.0009721009062607189,,-0.0004506674699522873,,,-0.0006290064687569357,,-0.0006047517206043547,0.0005794296042243693,,,-0.0016684285057808083,,-0.0015683227954339598,,,0.0010596775644824052,,-0.00045590778937033713,,,-0.0005970772063834871,,,,,,-0.00035970706317292654,,,,,,,,,,,,,,,,,,,0.0011364657937927244,,,-0.00117624209657547,-9.310988885754366e-05
10,2026-08-31,1801,JP3443600006,10094901W,-0.0003294795788726806,,0.0013290871147745421,,0.0012189037270212122,-0.0006290064687569357,,,0.0005794296042243693,,,,-0.0008168347892885206,,0.0007194141263458531,,,,,-0.00035482416186288687,,0.0017425808838155109,,,0.0015275871384097012,0.0020280036147852926,,,,0.0012064021503338151,0.001109662355259877,,0.0017687851076322854,,0.0020635826255709995,0.0012785240180168149,,0.0012064021503338151,,,0.0013142369794139329,,0.001417159152500566,0.001589516346723608,0.0013920024811544022,,-0.00038884036250428754,-0.0006818794762756347,-0.000505910579172245,,0.00027552618139182306
11,2026-08-31,1802,JP3190000004,10091901W,-0.0003294795788726806,-0.00035970706317292654,-0.0004506674699522873,,,-0.0006290064687569357,,,,,,,,,,,,,,-0.00035482416186288687,,0.0017425808838155109,,,,-0.0005181683244825858,,,,0.0012064021503338151,0.001109662355259877,,-0.0006032010751669076,,-0.0005286481332923461,0.0012785240180168149,,0.0012064021503338151,,,0.0013142369794139329,,0.001417159152500566,0.001589516346723608,0.0013920024811544022,0.0011364657937927244,-0.00038884036250428754,,,,0.00018062022024828648
12,2026-08-31,1803,JP3358800005,10098201W,0.0009721009062607189,0.0010644724855886605,0.0013290871147745421,,0.0012189037270212122,-0.0006290064687569357,,,,,,,-0.0008168347892885206,,,,,,,-0.00035482416186288687,,0.0017425808838155109,,,0.0015275871384097012,0.0020280036147852926,,-0.00035970706317292654,,0.0012064021503338151,0.001109662355259877,0.0009926093641987087,0.0017687851076322854,,0.0020635826255709995,-0.00043483996176542323,,-0.0012189037270212122,,,0.0013142369794139329,,0.001417159152500566,0.001589516346723608,0.0013920024811544022,-0.0003894841379388973,-0.00038884036250428754,-0.0006818794762756347,-0.000505910579172245,,0.00014303401438473323
13,2026-08-31,1812,JP3210200006,01870901W,-0.0003294795788726806,,,,0.0012189037270212122,,,,0.0005794296042243693,,,,0.0014611703063049314,,0.0007194141263458531,,,,,-0.00035482416186288687,,0.0017425808838155109,,,,-0.0005181683244825858,,-0.00035970706317292654,,0.0012064021503338151,0.001109662355259877,0.0009926093641987087,,,-0.0005286481332923461,0.0012785240180168149,,0.0012064021503338151,,,0.0013142369794139329,,0.001417159152500566,0.001589516346723608,0.0013920024811544022,-0.0003894841379388973,-0.00038884036250428754,-0.0006818794762756347,,,0.00021054469023970449
14,2026-08-31,1878,JP3486800000,20154301W,,,,,,,,,,,,,,0.0015683227954339598,,,0.0010596775644824052,0.0013677233681110115,,,,,,,,,,-0.00035970706317292654,,,,0.0009926093641987087,0.0017687851076322854,-0.0006207082303828337,0.0020635826255709995,,-0.0032673391571540825,-0.0012189037270212122,,-0.0009968153360809067,0.0013142369794139329,0.0012447006312967933,,,0.0013920024811544022,-0.0003894841379388973,-0.00038884036250428754,-0.0006818794762756347,,,6.242021820240535e-05
15,2026-08-31,19,HK0019000162,10056201W,0.0009721009062607189,,-0.0004506674699522873,,0.0012189037270212122,0.0012316671168329527,,,0.0005794296042243693,,,,-0.0008168347892885206,-0.0015683227954339598,,,,-0.0013757217503806663,,-0.00035482416186288687,,-0.0005970772063834871,,,-0.0007763974234821583,-0.0005181683244825858,,0.0014002882102088926,,-0.0004098404517684564,-0.00037760580949453286,0.0009926093641987087,-0.0006032010751669076,,-0.0005286481332923461,0.0012785240180168149,,0.0012064021503338151,,0.0009884387366180419,0.0013142369794139329,,-0.0007216209181444601,-0.0008084138120793607,,-0.0003894841379388973,,-0.0006818794762756347,0.001488914046298063,-0.00117624209657547,6.706166462750581e-05
16,2026-08-31,1925,JP3505000004,01783001W,-0.0003294795788726806,,,,,,,,,,,,,0.0015683227954339598,,,0.0010596775644824052,0.0013677233681110115,,,,,,,,,,,,,,0.0009926093641987087,-0.0006032010751669076,-0.0006207082303828337,-0.0005286481332923461,,-0.0032673391571540825,-0.0012189037270212122,,,0.0013142369794139329,,,,0.0013920024811544022,-0.0003894841379388973,-0.00038884036250428754,-0.0006818794762756347,,,-6.0310547371844435e-05
17,2026-08-31,1928,JP3420600003,10092601W,-0.0003294795788726806,-0.00035970706317292654,-0.0004506674699522873,,-0.0004119937290982381,,,0.001782184994811318,,,,,-0.0008168347892885206,,,-0.0007351513103596687,,,,-0.00035482416186288687,-0.0009013349399045746,-0.0005970772063834871,,,,0.0020280036147852926,,,,,,,,-0.0006207082303828337,,0.0012785240180168149,,0.0012064021503338151,,,0.0013142369794139329,,,,,-0.0003894841379388973,-0.00038884036250428754,-0.0006818794762756347,,,1.029530701297239e-06
18,2026-08-31,1928,KYG7800X1079,29342501W,-0.0003294795788726806,-0.00035970706317292654,-0.0004506674699522873,,-0.0004119937290982381,,,-0.0006047517206043547,,,,,,0.0015683227954339598,,0.002219324710519754,,,-0.00045590778937033713,-0.00035482416186288687,0.001755585218769358,-0.0005970772063834871,,,-0.0007763974234821583,-0.0005181683244825858,,-0.00035970706317292654,,-0.0004098404517684564,-0.00037760580949453286,,,0.002425241436238082,,-0.00043483996176542323,0.003222581086508136,,,,,,,,,0.0011364657937927244,0.0011364657937927244,,,0.0011588592084487387,0.0002947456929942832
19,2026-08-31,1997,KYG9593A1040,32596601W,-0.0003294795788726806,,,,,,,,,,,,,-0.0015683227954339598,,,,-0.0013757217503806663,,,,,,,,,,-0.00035970706317292654,,,,-0.0005037439385762183,-0.0006032010751669076,0.002425241436238082,-0.0005286481332923461,,,,,,,,,,,0.0011364657937927244,0.0011364657937927244,0.0013366387461084884,,,5.336565568719215e-05
20,2026-08-31,2,HK0002007356,10066501W,-0.0003294795788726806,-0.00035970706317292654,,,-0.0004119937290982381,-0.0006290064687569357,,-0.0006047517206043547,0.0005794296042243693,0.0017171417468255033,,,,,0.0007194141263458531,,,,-0.00045590778937033713,0.0013920024811544022,,-0.0005970772063834871,,,,,,,,-0.0004098404517684564,,-0.0005037439385762183,-0.0006032010751669076,0.002425241436238082,-0.0005286481332923461,,,,,,,-0.0006323882239653064,,,,0.0011364657937927244,0.0011364657937927244,0.0013366387461084884,-0.000505910579172245,-0.00117624209657547,0.0001511328259081838
21,2026-08-31,2388,HK2388011192,03164801W,-0.0003294795788726806,-0.00035970706317292654,,,-0.0004119937290982381,,,-0.0006047517206043547,0.0005794296042243693,0.0017171417468255033,,-0.0016684285057808083,-0.0008168347892885206,,,0.002219324710519754,0.0010596775644824052,,-0.00045590778937033713,,,,,,,,,,,,-0.00037760580949453286,-0.0005037439385762183,0.0017687851076322854,,0.0020635826255709995,,,,,,,,,,-0.0014002882102088926,,,,,,5.6291033271227096e-05
22,2026-08-31,2502,JP3116000005,10295001W,-0.0003294795788726806,-0.00035970706317292654,,,,0.0012316671168329527,,,,,,-0.0016684285057808083,-0.0008168347892885206,-0.0015683227954339598,,,0.0010596775644824052,-0.0013757217503806663,-0.00045590778937033713,-0.00035482416186288687,-0.0009013349399045746,,,,-0.0007763974234821583,,,-0.00035970706317292654,,-0.0004098404517684564,-0.00037760580949453286,,,,,-0.00043483996176542323,-0.0032673391571540825,-0.0012189037270212122,,,0.0013142369794139329,,,,,-0.0003894841379388973,-0.00038884036250428754,-0.0006818794762756347,0.001488914046298063,,-0.00034388155327658355
23,2026-08-31,2503,JP3258000003,01872901W,0.0009721009062607189,0.0010644724855886605,,,,,,,,,,-0.0016684285057808083,0.0014611703063049314,,-0.0021193551289648105,,,,0.0013366387461084884,-0.00035482416186288687,,,,,0.0015275871384097012,,,0.0014002882102088926,,0.0012064021503338151,0.001109662355259877,,,,,0.0012785240180168149,0.003222581086508136,0.0012064021503338151,,,,,0.001417159152500566,,,,-0.00038884036250428754,,-0.000505910579172245,,0.000147521299488015
24,2026-08-31,2587,JP3336560002,31564801W,-0.0003294795788726806,-0.00035970706317292654,,,,,,,,,,-0.0016684285057808083,-0.0008168347892885206,,,,0.0010596775644824052,,-0.00045590778937033713,-0.00035482416186288687,-0.0009013349399045746,,,,-0.0007763974234821583,,,-0.00035970706317292654,,-0.0004098404517684564,-0.00037760580949453286,,,,,-0.00043483996176542323,,-0.0012189037270212122,,,0.0013142369794139329,,0.001417159152500566,,,0.0011364657937927244,-0.00038884036250428754,,0.001488914046298063,-0.00117624209657547,-0.00011545127885341722
25,2026-08-31,27,HK0027032686,10711401W,-0.0003294795788726806,-0.00035970706317292654,-0.0004506674699522873,,-0.0004119937290982381,,,-0.0006047517206043547,,,,,,-0.0015683227954339598,,0.002219324710519754,,-0.0013757217503806663,0.0013366387461084884,-0.00035482416186288687,,0.0017425808838155109,,,0.0015275871384097012,0.0020280036147852926,,-0.00035970706317292654,,0.0012064021503338151,0.001109662355259877,,0.0017687851076322854,0.002425241436238082,,-0.00043483996176542323,0.003222581086508136,,,,,,,,,0.0011364657937927244,,,,-0.00117624209657547,0.0002397389231036129
26,2026-08-31,2801,JP3240400006,10193201W,0.0009721009062607189,,,,,,,,,,,,,,-0.0021193551289648105,,0.0010596775644824052,,-0.00045590778937033713,-0.00035482416186288687,,,,,,,,-0.00035970706317292654,,-0.0004098404517684564,-0.00037760580949453286,,,,,-0.00043483996176542323,,,,-0.0009968153360809067,-0.0013290871147745421,,-0.0007216209181444601,-0.0008084138120793607,,-0.0003894841379388973,-0.00038884036250428754,-0.0006818794762756347,-0.000505910579172245,-0.00117624209657547,-0.0001850594884210583
27,2026-08-31,2802,JP3119600009,10025301W,,-0.00035970706317292654,,,,,,,,,,,-0.0008168347892885206,,-0.0021193551289648105,,0.0010596775644824052,,0.0013366387461084884,-0.00035482416186288687,-0.0009013349399045746,,,,0.0015275871384097012,,,-0.00035970706317292654,,,,,,,,-0.00043483996176542323,,,,-0.0009968153360809067,-0.0013290871147745421,,-0.0007216209181444601,-0.0008084138120793607,-0.0014002882102088926,-0.0003894841379388973,-0.00038884036250428754,,-0.000505910579172245,,-0.00017823788908499045
28,2026-08-31,285A,JP3236330001,33964401W,0.0009721009062607189,0.0010644724855886605,,,0.0012189037270212122,0.0012316671168329527,,-0.0006047517206043547,,,,-0.0016684285057808083,0.0014611703063049314,,,,,,0.0013366387461084884,0.0013920024811544022,,,,,0.0015275871384097012,,,-0.00035970706317292654,,,,,,,,-0.00043483996176542323,,,,,,0.0012447006312967933,,,,,,,,,6.207221111945944e-05
29,2026-08-31,288,KYG960071028,31747801W,-0.0003294795788726806,-0.00035970706317292654,,,,-0.0006290064687569357,,,,,,,0.0014611703063049314,,0.0007194141263458531,,-0.0031366455908679197,,-0.00045590778937033713,-0.00035482416186288687,-0.0009013349399045746,,,,-0.0007763974234821583,,,-0.00035970706317292654,,-0.0004098404517684564,-0.00037760580949453286,0.0009926093641987087,,,,-0.00043483996176542323,0.003222581086508136,,,,,0.0012447006312967933,0.001417159152500566,0.001589516346723608,,0.0011364657937927244,-0.00038884036250428754,-0.0006818794762756347,0.001488914046298063,,3.0188801727390584e-05
30,2026-08-31,2914,JP3726800000,22352801W,0.0009721009062607189,0.0010644724855886605,,,,,,,,,,-0.0016684285057808083,-0.0008168347892885206,-0.0015683227954339598,,,,-0.0013757217503806663,0.0013366387461084884,-0.00035482416186288687,-0.0009013349399045746,,,,0.0015275871384097012,,,-0.00035970706317292654,,0.0012064021503338151,0.001109662355259877,,,,,-0.00043483996176542323,,,,,,,-0.0007216209181444601,-0.0008084138120793607,-0.0014002882102088926,-0.0003894841379388973,-0.00038884036250428754,-0.0006818794762756347,-0.000505910579172245,,-0.0002935771848888103
31,2026-08-31,3,HK0003000038,01852602W,-0.0003294795788726806,-0.00035970706317292654,,,-0.0004119937290982381,-0.0006290064687569357,,-0.0006047517206043547,0.0005794296042243693,,,,,,0.0007194141263458531,,,,-0.00045590778937033713,-0.00035482416186288687,,,,,,,,,,-0.0004098404517684564,,-0.0005037439385762183,-0.0006032010751669076,-0.0006207082303828337,-0.0005286481332923461,,,,,-0.0009968153360809067,,-0.0006323882239653064,-0.0007216209181444601,-0.0008084138120793607,,-0.0003894841379388973,,,-0.000505910579172245,,-0.00019286625411526093
32,2026-08-31,3003,JP3360800001,20801901W,0.0009721009062607189,,,,,,,,,,,,,0.0015683227954339598,,,0.0010596775644824052,0.0013677233681110115,,,,,,,,,,,,,,0.0009926093641987087,,-0.0006207082303828337,-0.0005286481332923461,,,-0.0012189037270212122,,,0.0013142369794139329,,,,0.0013920024811544022,0.0011364657937927244,-0.00038884036250428754,-0.0006818794762756347,,,9.089653098661938e-05
33,2026-08-31,3382,JP3422950000,27396101W,-0.0003294795788726806,0.0010644724855886605,,,,-0.0006290064687569357,,,,,,0.0016566790092612251,,,0.0007194141263458531,,0.0010596775644824052,,,-0.00035482416186288687,-0.0009013349399045746,,,,,,,-0.00035970706317292654,,0.0012064021503338151,0.001109662355259877,-0.0005037439385762183,,,,-0.00043483996176542323,-0.0032673391571540825,-0.0012189037270212122,,,,,,,0.0013920024811544022,,,,-0.000505910579172245,,-8.661364324941043e-05
34,2026-08-31,3402,JP3621000003,10072401W,-0.0003294795788726806,-0.00035970706317292654,-0.0004506674699522873,,-0.0004119937290982381,,,,,,,-0.0016684285057808083,-0.0008168347892885206,,,-0.0007351513103596687,,,-0.00045590778937033713,-0.00035482416186288687,-0.0009013349399045746,-0.0005970772063834871,,,-0.0007763974234821583,0.0020280036147852926,,-0.00035970706317292654,,-0.0004098404517684564,-0.00037760580949453286,0.0009926093641987087,,,,-0.00043483996176542323,,-0.0012189037270212122,,,,,,,,,-0.00038884036250428754,,,,-0.0002949876702915775
35,2026-08-31,3407,JP3111200006,10025801W,-0.0003294795788726806,-0.00035970706317292654,0.0013290871147745421,,-0.0004119937290982381,,,,,,,,-0.0008168347892885206,,,-0.0007351513103596687,,,-0.00045590778937033713,-0.00035482416186288687,-0.0009013349399045746,,,,,-0.0005181683244825858,,-0.00035970706317292654,,-0.0004098404517684564,-0.00037760580949453286,,,,,-0.00043483996176542323,,,,,,,,,,0.0011364657937927244,-0.00038884036250428754,,,,-0.00014589796287031297
36,2026-08-31,3659,JP3758190007,31130501W,-0.0003294795788726806,-0.00035970706317292654,-0.0004506674699522873,,-0.0004119937290982381,-0.0006290064687569357,,0.001782184994811318,,,,,,,,,,,,,,,,,,-0.0005181683244825858,,,,,-0.00037760580949453286,,,,,,,,,-0.0009968153360809067,,,,,,0.0011364657937927244,,0.0013366387461084884,,,9.378477030764925e-05
37,2026-08-31,388,HK0388045442,24063701W,-0.0003294795788726806,-0.00035970706317292654,-0.0004506674699522873,,-0.0004119937290982381,-0.0006290064687569357,,0.001782184994811318,-0.0017171417468255033,0.0017171417468255033,,,,,,-0.0007351513103596687,0.0010596775644824052,,,,0.001755585218769358,,,,,,,,,-0.0004098404517684564,-0.00037760580949453286,-0.0005037439385762183,0.0017687851076322854,-0.0006207082303828337,0.0020635826255709995,,,,,,,-0.0006323882239653064,-0.0007216209181444601,-0.0008084138120793607,-0.0014002882102088926,-0.0003894841379388973,-0.00038884036250428754,,-0.000505910579172245,,0.0001248582951395502
38,2026-08-31,4004,JP3368000000,10069601W,0.0009721009062607189,0.0010644724855886605,-0.0004506674699522873,,0.0012189037270212122,0.0012316671168329527,,,,-0.0017425808838155109,,-0.0016684285057808083,,,,-0.0007351513103596687,,,-0.00045590778937033713,-0.00035482416186288687,-0.0009013349399045746,-0.0005970772063834871,,,-0.0007763974234821583,-0.0005181683244825858,,-0.00035970706317292654,,-0.0004098404517684564,-0.00037760580949453286,-0.0005037439385762183,,,,-0.00043483996176542323,,-0.0012189037270212122,,,,,-0.0007216209181444601,,,-0.0003894841379388973,-0.00038884036250428754,-0.0006818794762756347,,,-0.0003973533885053903
39,2026-08-31,4062,JP3148800000,10262001W,0.0009721009062607189,0.0010644724855886605,0.0013290871147745421,,,-0.0006290064687569357,,0.001782184994811318,,,-0.002450504367865562,,,,,,,,,-0.00035482416186288687,,,,,,0.0020280036147852926,,-0.00035970706317292654,,,,-0.0005037439385762183,,,,0.0012785240180168149,,-0.0012189037270212122,,,,,,,,,,,,,-0.00010057817999983081
40,2026-08-31,4063,JP3371200001,10069701W,,,-0.0004506674699522873,,,,,,,0.0017171417468255033,,,-0.0008168347892885206,,,-0.0007351513103596687,,,-0.00045590778937033713,-0.00035482416186288687,-0.0009013349399045746,-0.0005970772063834871,,,-0.0007763974234821583,-0.0005181683244825858,,-0.00035970706317292654,,-0.0004098404517684564,-0.00037760580949453286,-0.0005037439385762183,,,,-0.00043483996176542323,,-0.0012189037270212122,,,,,,,,-0.0003894841379388973,-0.00038884036250428754,,,,-0.00018163784135935695
41,2026-08-31,4091,JP3711600001,10104401W,,,,,,,,,,,,-0.0016684285057808083,-0.0008168347892885206,,,-0.0007351513103596687,,,-0.00045590778937033713,-0.00035482416186288687,-0.0009013349399045746,-0.0005970772063834871,,,,0.0020280036147852926,,0.0014002882102088926,,-0.0004098404517684564,-0.00037760580949453286,,,,,0.0012785240180168149,,,,,,,,,,,0.0011364657937927244,0.0013366387461084884,,,-0.00010164980292055669
42,2026-08-31,4151,JP3256000005,10051601W,0.0009721009062607189,-0.00035970706317292654,,,,-0.0006290064687569357,,,,,,,,,-0.0021193551289648105,,,,,-0.00035482416186288687,,,,,,,,0.0014002882102088926,,-0.0004098404517684564,,-0.0005037439385762183,,-0.0006207082303828337,,,0.003222581086508136,0.0012064021503338151,,,,-0.0006323882239653064,,,,0.0011364657937927244,-0.00038884036250428754,-0.0006818794762756347,0.001488914046298063,-0.00117624209657547,0.00011509535405794012
43,2026-08-31,4188,JP3897700005,01904502W,0.0009721009062607189,0.0010644724855886605,-0.0004506674699522873,,0.0012189037270212122,0.0012316671168329527,,,,,,,-0.0008168347892885206,,,-0.0007351513103596687,,,-0.00045590778937033713,-0.00035482416186288687,,-0.0005970772063834871,,,-0.0007763974234821583,-0.0005181683244825858,,-0.00035970706317292654,,-0.0004098404517684564,-0.00037760580949453286,-0.0005037439385762183,,,,-0.00043483996176542323,,-0.0012189037270212122,,,,-0.0006323882239653064,-0.0007216209181444601,,,0.0011364657937927244,0.0011364657937927244,,,,-6.368689615174743e-05
44,2026-08-31,4307,JP3762800005,24960401W,-0.0003294795788726806,-0.00035970706317292654,-0.0004506674699522873,,-0.0004119937290982381,-0.0006290064687569357,,-0.0006047517206043547,,,-0.002450504367865562,-0.0016684285057808083,,,,,,,-0.00045590778937033713,-0.00035482416186288687,,,,,-0.0007763974234821583,-0.0005181683244825858,,-0.00035970706317292654,,-0.0004098404517684564,-0.00037760580949453286,,,,,-0.00043483996176542323,,,,,,-0.0006323882239653064,,,,,,,,,-0.00036757224933280975
45,2026-08-31,4452,JP3205800000,01871501W,-0.0003294795788726806,0.0010644724855886605,,,,,,,,,,,-0.0008168347892885206,,0.0007194141263458531,,,,-0.00045590778937033713,-0.00035482416186288687,-0.0009013349399045746,,,,,,,-0.00035970706317292654,,-0.0004098404517684564,-0.00037760580949453286,,,,,-0.00043483996176542323,,,,-0.0009968153360809067,,,-0.0007216209181444601,-0.0008084138120793607,,-0.0003894841379388973,-0.00038884036250428754,,-0.000505910579172245,-0.00117624209657547,-0.00021783533784650437
46,2026-08-31,4502,JP3463000004,10071801W,-0.0003294795788726806,-0.00035970706317292654,,,,-0.0006290064687569357,,,0.0005794296042243693,,,,,,0.0007194141263458531,,,-0.0013757217503806663,-0.00045590778937033713,-0.00035482416186288687,-0.0009013349399045746,0.0017425808838155109,,,-0.0007763974234821583,,,-0.00035970706317292654,,-0.0004098404517684564,-0.00037760580949453286,,,-0.0006207082303828337,,-0.00043483996176542323,-0.0032673391571540825,-0.0012189037270212122,,0.0009884387366180419,0.0013142369794139329,-0.0006323882239653064,-0.0007216209181444601,-0.0008084138120793607,0.0013920024811544022,,0.0011364657937927244,,-0.000505910579172245,,-0.00031264092101872037
47,2026-08-31,4503,JP3942400007,10066801W,0.0009721009062607189,-0.00035970706317292654,,,,0.0012316671168329527,,,0.0005794296042243693,,,,,,0.0007194141263458531,,,,0.0013366387461084884,-0.00035482416186288687,0.001755585218769358,0.0017425808838155109,,,0.0015275871384097012,,,0.0014002882102088926,,0.0012064021503338151,0.001109662355259877,0.0009926093641987087,,0.002425241436238082,,0.0012785240180168149,0.003222581086508136,0.0012064021503338151,,,0.0013142369794139329,0.0012447006312967933,0.001417159152500566,0.001589516346723608,0.0013920024811544022,0.0011364657937927244,0.0011364657937927244,0.0013366387461084884,-0.000505910579172245,,0.0006908661907024066
48,2026-08-31,4507,JP3347200002,10070701W,-0.0003294795788726806,-0.00035970706317292654,,,,-0.0006290064687569357,,,0.0005794296042243693,,,,,,0.0007194141263458531,,,-0.0013757217503806663,,-0.00035482416186288687,-0.0009013349399045746,-0.0005970772063834871,,,,,,-0.00035970706317292654,,0.0012064021503338151,0.001109662355259877,,,-0.0006207082303828337,,-0.00043483996176542323,,,,,0.0013142369794139329,,0.001417159152500566,0.001589516346723608,,0.0011364657937927244,0.0011364657937927244,0.0013366387461084884,0.001488914046298063,,0.00013620936187994006
49,2026-08-31,4519,JP3519400000,10044101W,-0.0003294795788726806,-0.00035970706317292654,,,,,,,,,,,,,-0.0021193551289648105,,,,,0.0013920024811544022,-0.0009013349399045746,-0.0005970772063834871,,,,,,-0.00035970706317292654,,-0.0004098404517684564,-0.00037760580949453286,-0.0005037439385762183,,-0.0006207082303828337,,-0.00043483996176542323,,-0.0012189037270212122,,,-0.0013290871147745421,0.0012447006312967933,,,-0.0014002882102088926,-0.0003894841379388973,-0.00038884036250428754,-0.0006818794762756347,-0.000505910579172245,-0.00117624209657547,-0.0002516163352360651
50,2026-08-31,4523,JP3160400002,10041801W,-0.0003294795788726806,-0.00035970706317292654,,,,0.0012316671168329527,,,0.0005794296042243693,,,,,,0.0007194141263458531,,,,-0.00045590778937033713,-0.00035482416186288687,-0.0009013349399045746,-0.0005970772063834871,,,-0.0007763974234821583,,,,,-0.0004098404517684564,-0.00037760580949453286,,,-0.0006207082303828337,,0.0012785240180168149,0.003222581086508136,0.0012064021503338151,,,0.0013142369794139329,,-0.0007216209181444601,-0.0008084138120793607,0.0013920024811544022,-0.0003894841379388973,-0.00038884036250428754,-0.0006818794762756347,-0.000505910579172245,,4.014843386533719e-05
51,2026-08-31,4543,JP3546800008,10214601W,0.0009721009062607189,0.0010644724855886605,,,,,,,-0.0017171417468255033,,,,,,-0.0021193551289648105,,,,-0.00045590778937033713,-0.00035482416186288687,-0.0009013349399045746,-0.0005970772063834871,,,,,,-0.00035970706317292654,,,-0.00037760580949453286,,,-0.0006207082303828337,,-0.00043483996176542323,0.003222581086508136,,,,,0.0012447006312967933,,,,,-0.00038884036250428754,,-0.000505910579172245,,-0.00012739224643217956
52,2026-08-31,4568,JP3475350009,10033601W,-0.0003294795788726806,-0.00035970706317292654,,,,,,,,,,,,,,,,0.0013677233681110115,-0.00045590778937033713,-0.00035482416186288687,-0.0009013349399045746,-0.0005970772063834871,,,-0.0007763974234821583,,,-0.00035970706317292654,,-0.0004098404517684564,-0.00037760580949453286,0.0009926093641987087,,0.002425241436238082,,-0.00043483996176542323,-0.0032673391571540825,,,,,0.0012447006312967933,0.001417159152500566,,,-0.0003894841379388973,-0.00038884036250428754,-0.0006818794762756347,,,-0.00012139568961000689
53,2026-08-31,4578,JP3188220002,29628801W,0.0009721009062607189,0.0010644724855886605,,,,-0.0006290064687569357,,,0.0005794296042243693,,,,,,0.0007194141263458531,,,,-0.00045590778937033713,-0.00035482416186288687,-0.0009013349399045746,-0.0005970772063834871,,,,,,-0.00035970706317292654,,-0.0004098404517684564,-0.00037760580949453286,,,0.002425241436238082,,,0.003222581086508136,,,,,-0.0006323882239653064,0.001417159152500566,0.001589516346723608,,0.0011364657937927244,,,,-0.00117624209657547,0.00010678128310996923
54,2026-08-31,4612,JP3749400002,10189201W,,,0.0013290871147745421,,,-0.0006290064687569357,,,,-0.0017425808838155109,,-0.0016684285057808083,-0.0008168347892885206,,,-0.0007351513103596687,,,,-0.00035482416186288687,-0.0009013349399045746,0.0017425808838155109,,,,0.0020280036147852926,,-0.00035970706317292654,,,,,,,,,,,,,,,,,,-0.0003894841379388973,,,,,-0.0002791746965298762
55,2026-08-31,4661,JP3198900007,21319301W,-0.0003294795788726806,-0.00035970706317292654,-0.0004506674699522873,,-0.0004119937290982381,,,0.001782184994811318,,,0.002450504367865562,,,-0.0015683227954339598,,-0.0007351513103596687,,-0.0013757217503806663,-0.00045590778937033713,-0.00035482416186288687,-0.0009013349399045746,-0.0005970772063834871,,,-0.0007763974234821583,0.0020280036147852926,,-0.00035970706317292654,,-0.0004098404517684564,-0.00037760580949453286,-0.0005037439385762183,-0.0006032010751669076,-0.0006207082303828337,,-0.00043483996176542323,,,,,-0.0013290871147745421,,,,,-0.0003894841379388973,-0.00038884036250428754,-0.0006818794762756347,,-0.00117624209657547,-0.00013120986883738834
56,2026-08-31,4684,JP3173400007,22545601W,-0.0003294795788726806,-0.00035970706317292654,,,,-0.0006290064687569357,,-0.0006047517206043547,,,0.002450504367865562,0.0016566790092612251,,-0.0015683227954339598,,,,-0.0013757217503806663,-0.00045590778937033713,-0.00035482416186288687,,,,,,0.0020280036147852926,,-0.00035970706317292654,,-0.0004098404517684564,-0.00037760580949453286,-0.0005037439385762183,,,,-0.00043483996176542323,,,,-0.0009968153360809067,,,,,,,,,,-0.00117624209657547,5.524480219237551e-05
57,2026-08-31,4689,JP3933800009,21450901W,,-0.00035970706317292654,,,-0.0004119937290982381,,,,,,,-0.0016684285057808083,,,,,,,,,-0.0009013349399045746,,,,,-0.0005181683244825858,,,,,,0.0009926093641987087,,,,,,,,,0.0013142369794139329,,,,,0.0011364657937927244,0.0011364657937927244,0.0013366387461084884,,,-2.5266110366386523e-05
58,2026-08-31,4755,JP3967200001,23625901W,-0.0003294795788726806,-0.00035970706317292654,-0.0004506674699522873,,-0.0004119937290982381,,,0.001782184994811318,,,,,,,,-0.0007351513103596687,,0.0013677233681110115,-0.00045590778937033713,-0.00035482416186288687,-0.0009013349399045746,,,,-0.0007763974234821583,-0.0005181683244825858,,-0.00035970706317292654,,-0.0004098404517684564,-0.00037760580949453286,0.0009926093641987087,,0.002425241436238082,,-0.00043483996176542323,0.003222581086508136,-0.0012189037270212122,,0.0009884387366180419,0.0013142369794139329,,,,,0.0011364657937927244,0.0011364657937927244,0.0013366387461084884,,0.0011588592084487387,0.0001900964441092368
59,2026-08-31,4768,JP3188200004,23949801W,-0.0003294795788726806,-0.00035970706317292654,0.0013290871147745421,,-0.0004119937290982381,-0.0006290064687569357,,0.001782184994811318,,,,,0.0014611703063049314,0.0015683227954339598,,,,0.0013677233681110115,-0.00045590778937033713,-0.00035482416186288687,,,,,,-0.0005181683244825858,,0.0014002882102088926,,,,0.0009926093641987087,,,,0.0012785240180168149,,0.0012064021503338151,,-0.0009968153360809067,,-0.0006323882239653064,,,,,,,,,0.00016256306461492036
60,2026-08-31,4901,JP3814000000,00492501W,-0.0003294795788726806,-0.00035970706317292654,0.0013290871147745421,,-0.0004119937290982381,-0.0006290064687569357,,-0.0006047517206043547,,,,,-0.0008168347892885206,,,,,,-0.00045590778937033713,-0.00035482416186288687,,,,,-0.0007763974234821583,-0.0005181683244825858,,,,-0.0004098404517684564,-0.00037760580949453286,,,,,-0.00043483996176542323,,-0.0012189037270212122,,0.0009884387366180419,,,,,,,,,,,-0.00015498412569773729
61,2026-08-31,4911,JP3351600006,01934401W,-0.0003294795788726806,-0.00035970706317292654,,,,,,,,,,-0.0016684285057808083,0.0014611703063049314,,0.0007194141263458531,,-0.0031366455908679197,,-0.00045590778937033713,-0.00035482416186288687,,,,,-0.0007763974234821583,,,-0.00035970706317292654,,-0.0004098404517684564,-0.00037760580949453286,-0.0005037439385762183,,,,0.0012785240180168149,0.003222581086508136,0.0012064021503338151,,-0.0009968153360809067,,,-0.0007216209181444601,-0.0008084138120793607,,-0.0003894841379388973,,0.0013366387461084884,-0.000505910579172245,,-8.905851301702334e-05
62,2026-08-31,5016,JP3379550001,36616301W,,,-0.0004506674699522873,,,,,,,,,,-0.0008168347892885206,,,-0.0007351513103596687,,,-0.00045590778937033713,-0.00035482416186288687,-0.0009013349399045746,,,,,,,-0.00035970706317292654,,-0.0004098404517684564,-0.00037760580949453286,,,,,-0.00043483996176542323,,-0.0012189037270212122,,-0.0009968153360809067,,,-0.0007216209181444601,,,-0.0003894841379388973,-0.00038884036250428754,-0.0006818794762756347,,,-0.00027076923967594404
63,2026-08-31,5019,JP3142500002,27944901W,-0.0003294795788726806,,0.0013290871147745421,,-0.0004119937290982381,-0.0006290064687569357,,,0.0005794296042243693,,,,-0.0008168347892885206,0.0015683227954339598,0.0007194141263458531,,0.0010596775644824052,0.0013677233681110115,-0.00045590778937033713,,,0.0017425808838155109,,,,,,-0.00035970706317292654,,,,,,,,,,,,,0.0013142369794139329,,,,0.0013920024811544022,,0.0011364657937927244,0.0013366387461084884,0.001488914046298063,,0.0002667660839872434
64,2026-08-31,5020,JP3386450005,10015801W,-0.0003294795788726806,,0.0013290871147745421,,-0.0004119937290982381,,,,0.0005794296042243693,,,,-0.0008168347892885206,0.0015683227954339598,0.0007194141263458531,,0.0010596775644824052,0.0013677233681110115,,,,0.0017425808838155109,,,,,,-0.00035970706317292654,,,,,,,,,,,,,0.0013142369794139329,,,,0.0013920024811544022,-0.0003894841379388973,0.0011364657937927244,,-0.000505910579172245,,0.00015229647603948315
65,2026-08-31,5108,JP3830800003,10036901W,-0.0003294795788726806,-0.00035970706317292654,0.0013290871147745421,,,,,0.001782184994811318,,,,,0.0014611703063049314,,,-0.0007351513103596687,,,,-0.00035482416186288687,,,,,,-0.0005181683244825858,,0.0014002882102088926,,0.0012064021503338151,,,,-0.0006207082303828337,,0.0012785240180168149,0.003222581086508136,0.0012064021503338151,,,,,,,,0.0011364657937927244,,,,-0.00117624209657547,0.00023618982843687825
66,2026-08-31,5201,JP3112000009,10025901W,0.0009721009062607189,,0.0013290871147745421,,0.0012189037270212122,0.0012316671168329527,,,-0.0017171417468255033,,,,-0.0008168347892885206,,-0.0021193551289648105,,,,,-0.00035482416186288687,,,,,0.0015275871384097012,-0.0005181683244825858,,,,0.0012064021503338151,0.001109662355259877,-0.0005037439385762183,-0.0006032010751669076,,-0.0005286481332923461,0.0012785240180168149,,-0.0012189037270212122,,,0.0013142369794139329,0.0012447006312967933,,,0.0013920024811544022,0.0011364657937927244,-0.00038884036250428754,-0.0006818794762756347,-0.000505910579172245,,1.003250827205842e-05
67,2026-08-31,5401,JP3381000003,10015501W,-0.0003294795788726806,-0.00035970706317292654,0.0013290871147745421,,-0.0004119937290982381,,,,,-0.0017425808838155109,,,-0.0008168347892885206,,,-0.0007351513103596687,,,-0.00045590778937033713,-0.00035482416186288687,-0.0009013349399045746,-0.0005970772063834871,,,-0.0007763974234821583,-0.0005181683244825858,,-0.00035970706317292654,,-0.0004098404517684564,-0.00037760580949453286,0.0009926093641987087,,,,-0.00043483996176542323,,-0.0012189037270212122,,0.0009884387366180419,,,-0.0007216209181444601,,,,-0.00038884036250428754,-0.0006818794762756347,,,-0.00031295948256878584
68,2026-08-31,5706,JP3888400003,10195101W,0.0009721009062607189,0.0010644724855886605,0.0013290871147745421,,0.0012189037270212122,-0.0006290064687569357,,,,,,,-0.0008168347892885206,,,-0.0007351513103596687,,,,0.0013920024811544022,-0.0009013349399045746,0.0017425808838155109,,,,-0.0005181683244825858,,-0.00035970706317292654,,-0.0004098404517684564,,,,,,-0.00043483996176542323,,,,-0.0009968153360809067,,-0.0006323882239653064,,,,-0.0003894841379388973,-0.00038884036250428754,,,,-7.054346749153624e-05
69,2026-08-31,5713,JP3402600005,10014501W,0.0009721009062607189,0.0010644724855886605,0.0013290871147745421,,0.0012189037270212122,,,,,,,,-0.0008168347892885206,,,-0.0007351513103596687,,,0.0013366387461084884,-0.00035482416186288687,-0.0009013349399045746,-0.0005970772063834871,,,0.0015275871384097012,0.0020280036147852926,,-0.00035970706317292654,,0.0012064021503338151,0.001109662355259877,0.0009926093641987087,,,,-0.00043483996176542323,,-0.0012189037270212122,,,,,0.001417159152500566,,,-0.0003894841379388973,-0.00038884036250428754,-0.0006818794762756347,,,-2.3476407322489218e-05
70,2026-08-31,5801,JP3827200001,02014501W,0.0009721009062607189,0.0010644724855886605,0.0013290871147745421,,0.0012189037270212122,0.0012316671168329527,,,,,,,,,0.0007194141263458531,,,0.0013677233681110115,,-0.00035482416186288687,,0.0017425808838155109,,,0.0015275871384097012,0.0020280036147852926,,-0.00035970706317292654,,0.0012064021503338151,0.001109662355259877,,0.0017687851076322854,,0.0020635826255709995,-0.00043483996176542323,,-0.0012189037270212122,,-0.0009968153360809067,,0.0012447006312967933,-0.0007216209181444601,-0.0008084138120793607,,-0.0003894841379388973,-0.00038884036250428754,-0.0006818794762756347,-0.000505910579172245,,0.00010218489265815757
71,2026-08-31,5802,JP3407400005,01941301W,0.0009721009062607189,0.0010644724855886605,0.0013290871147745421,,0.0012189037270212122,,,-0.0006047517206043547,,,0.002450504367865562,,-0.0008168347892885206,,,-0.0007351513103596687,,,0.0013366387461084884,-0.00035482416186288687,-0.0009013349399045746,0.0017425808838155109,,,0.0015275871384097012,-0.0005181683244825858,,-0.00035970706317292654,,0.0012064021503338151,0.001109662355259877,,0.0017687851076322854,0.002425241436238082,,-0.00043483996176542323,,,,,,,,,,-0.0003894841379388973,-0.00038884036250428754,-0.0006818794762756347,,,0.0001578100910700954
72,2026-08-31,5803,JP3811000003,10271701W,0.0009721009062607189,0.0010644724855886605,-0.0004506674699522873,,0.0012189037270212122,,,,,0.0017171417468255033,,,-0.0008168347892885206,,0.0007194141263458531,,,0.0013677233681110115,,0.0013920024811544022,,0.0017425808838155109,,,0.0015275871384097012,-0.0005181683244825858,,-0.00035970706317292654,,,,,0.0017687851076322854,,0.0020635826255709995,-0.00043483996176542323,,,,-0.0009968153360809067,-0.0013290871147745421,,-0.0007216209181444601,-0.0008084138120793607,-0.0014002882102088926,-0.0003894841379388973,-0.00038884036250428754,-0.0006818794762756347,-0.000505910579172245,-0.00117624209657547,0.00010923148345853693
73,2026-08-31,6,HK0006000050,01659001W,-0.0003294795788726806,-0.00035970706317292654,,,-0.0004119937290982381,,,-0.0006047517206043547,0.0005794296042243693,0.0017171417468255033,,,,-0.0015683227954339598,0.0007194141263458531,,,-0.0013757217503806663,0.0013366387461084884,-0.00035482416186288687,,0.0017425808838155109,,,,,,,,-0.0004098404517684564,,-0.0005037439385762183,-0.0006032010751669076,-0.0006207082303828337,-0.0005286481332923461,,,,,-0.0009968153360809067,-0.0013290871147745421,,,,-0.0014002882102088926,-0.0003894841379388973,-0.00038884036250428754,-0.0006818794762756347,,-0.00117624209657547,-0.00013235671423055215
74,2026-08-31,6098,JP3970300004,31851001W,0.0009721009062607189,0.0010644724855886605,,,0.0012189037270212122,0.0012316671168329527,,,0.0005794296042243693,0.0017171417468255033,,,,,0.0007194141263458531,,,0.0013677233681110115,,0.0013920024811544022,,0.0017425808838155109,,,0.0015275871384097012,0.0020280036147852926,,-0.00035970706317292654,,,,,-0.0006032010751669076,,-0.0005286481332923461,-0.00043483996176542323,,,,,-0.0013290871147745421,,-0.0007216209181444601,-0.0008084138120793607,,-0.0003894841379388973,,,-0.000505910579172245,-0.00117624209657547,0.00013168192223758334
75,2026-08-31,6146,JP3548600000,20149101W,,-0.00035970706317292654,-0.0004506674699522873,,-0.0004119937290982381,,,-0.0006047517206043547,,,,0.0016566790092612251,0.0014611703063049314,,,,,,-0.00045590778937033713,-0.00035482416186288687,,,,,,-0.0005181683244825858,,0.0014002882102088926,,-0.0004098404517684564,-0.00037760580949453286,-0.0005037439385762183,,,,-0.00043483996176542323,,,,-0.0009968153360809067,,,,,,,,,,-0.00117624209657547,-3.2411339253579903e-06
76,2026-08-31,6178,JP3752900005,32061101W,0.0009721009062607189,-0.00035970706317292654,0.0013290871147745421,,-0.0004119937290982381,0.0012316671168329527,,,0.0005794296042243693,0.0017171417468255033,,,,,,0.002219324710519754,0.0010596775644824052,,-0.00045590778937033713,,-0.0009013349399045746,,,,,,,,,-0.0004098404517684564,-0.00037760580949453286,0.0009926093641987087,-0.0006032010751669076,-0.0006207082303828337,-0.0005286481332923461,-0.00043483996176542323,,-0.0012189037270212122,,0.0009884387366180419,0.0013142369794139329,0.0012447006312967933,,-0.0008084138120793607,0.0013920024811544022,0.0011364657937927244,-0.00038884036250428754,,-0.000505910579172245,0.0011588592084487387,7.70426408636827e-05
77,2026-08-31,6273,JP3162600005,20812401W,,,,,,-0.0006290064687569357,,,-0.0017171417468255033,,,,0.0014611703063049314,-0.0015683227954339598,-0.0021193551289648105,,,-0.0013757217503806663,,-0.00035482416186288687,,-0.0005970772063834871,,,,-0.0005181683244825858,,-0.00035970706317292654,,,-0.00037760580949453286,-0.0005037439385762183,-0.0006032010751669076,,-0.0005286481332923461,-0.00043483996176542323,,,,,-0.0013290871147745421,-0.0006323882239653064,,,-0.0014002882102088926,-0.0003894841379388973,-0.00038884036250428754,-0.0006818794762756347,,-0.00117624209657547,-0.00024333403738209246
78,2026-08-31,6301,JP3304200003,00649401W,-0.0003294795788726806,,,,0.0012189037270212122,-0.0006290064687569357,,,,,,,-0.0008168347892885206,,,,,,,-0.00035482416186288687,,-0.0005970772063834871,,,-0.0007763974234821583,-0.0005181683244825858,,-0.00035970706317292654,,-0.0004098404517684564,-0.00037760580949453286,,,,-0.0005286481332923461,-0.00043483996176542323,,-0.0012189037270212122,,,,-0.0006323882239653064,0.001417159152500566,0.001589516346723608,,,-0.00038884036250428754,-0.0006818794762756347,0.001488914046298063,-0.00117624209657547,-2.28148131064562e-05
79,2026-08-31,6326,JP3266400005,00650601W,0.0009721009062607189,0.0010644724855886605,0.0013290871147745421,,0.0012189037270212122,,,,0.0005794296042243693,,,,,,,,,,,-0.00035482416186288687,,-0.0005970772063834871,,,-0.0007763974234821583,-0.0005181683244825858,,0.0014002882102088926,,-0.0004098404517684564,-0.00037760580949453286,-0.0005037439385762183,-0.0006032010751669076,,-0.0005286481332923461,0.0012785240180168149,,,,,0.0013142369794139329,,0.001417159152500566,0.001589516346723608,0.0013920024811544022,,,,0.001488914046298063,,0.00018573760147040912
80,2026-08-31,6361,JP3166000004,10040801W,,0.0010644724855886605,-0.0004506674699522873,,0.0012189037270212122,,,,-0.0017171417468255033,0.0017171417468255033,,,0.0014611703063049314,,-0.0021193551289648105,,,,,-0.00035482416186288687,,-0.0005970772063834871,,,,-0.0005181683244825858,,-0.00035970706317292654,,-0.0004098404517684564,-0.00037760580949453286,,,,-0.0005286481332923461,-0.00043483996176542323,,-0.0012189037270212122,,-0.0009968153360809067,,,-0.0007216209181444601,-0.0008084138120793607,,-0.0003894841379388973,-0.00038884036250428754,-0.0006818794762756347,-0.000505910579172245,,-0.00013573275815185833
81,2026-08-31,6367,JP3481800005,10113801W,,-0.00035970706317292654,,,-0.0004119937290982381,,,,,0.0017171417468255033,,,-0.0008168347892885206,,,,,,,-0.00035482416186288687,,-0.0005970772063834871,,,-0.0007763974234821583,-0.0005181683244825858,,-0.00035970706317292654,,,-0.00037760580949453286,,-0.0006032010751669076,,-0.0005286481332923461,-0.00043483996176542323,,-0.0012189037270212122,,,,,,,,,-0.00038884036250428754,,,-0.00117624209657547,-5.65363424228793e-05
82,2026-08-31,6383,JP3497400006,10224501W,-0.0003294795788726806,-0.00035970706317292654,,,-0.0004119937290982381,,,,0.0005794296042243693,,,,-0.0008168347892885206,,0.0007194141263458531,,,,,-0.00035482416186288687,,0.0017425808838155109,,,,-0.0005181683244825858,,-0.00035970706317292654,,-0.0004098404517684564,-0.00037760580949453286,-0.0005037439385762183,0.0017687851076322854,,0.0020635826255709995,-0.00043483996176542323,,-0.0012189037270212122,,-0.0009968153360809067,,-0.0006323882239653064,,,,-0.0003894841379388973,-0.00038884036250428754,-0.0006818794762756347,-0.000505910579172245,-0.00117624209657547,-6.510430972471611e-05
83,2026-08-31,6479,JP3906000009,01900201W,0.0009721009062607189,,0.0013290871147745421,,,,,,,,,,-0.0008168347892885206,,,,,,,-0.00035482416186288687,,-0.0005970772063834871,,,0.0015275871384097012,0.0020280036147852926,,-0.00035970706317292654,,0.0012064021503338151,0.001109662355259877,0.0009926093641987087,0.0017687851076322854,,0.0020635826255709995,-0.00043483996176542323,,-0.0012189037270212122,,,0.0013142369794139329,,0.001417159152500566,0.001589516346723608,0.0013920024811544022,-0.0003894841379388973,-0.00038884036250428754,-0.0006818794762756347,,,0.00015003233086006336
84,2026-08-31,6501,JP3788600009,00565001W,-0.0003294795788726806,-0.00035970706317292654,-0.0004506674699522873,,-0.0004119937290982381,,,,0.0005794296042243693,0.0017171417468255033,,,-0.0008168347892885206,,0.0007194141263458531,,,,,-0.00035482416186288687,,0.0017425808838155109,,,,-0.0005181683244825858,,0.0014002882102088926,,,,,-0.0006032010751669076,,-0.0005286481332923461,0.0012785240180168149,,0.0012064021503338151,,0.0009884387366180419,,,,-0.0008084138120793607,,,,0.0013366387461084884,-0.000505910579172245,,0.0001253176954075836
85,2026-08-31,6503,JP3902400005,01904301W,0.0009721009062607189,0.0010644724855886605,0.0013290871147745421,,0.0012189037270212122,,,,0.0005794296042243693,0.0017171417468255033,,,0.0014611703063049314,,0.0007194141263458531,,,,,-0.00035482416186288687,,-0.0005970772063834871,,,,,,0.0014002882102088926,,,,,-0.0006032010751669076,,-0.0005286481332923461,,,,,,,,,-0.0008084138120793607,,-0.0003894841379388973,-0.00038884036250428754,,-0.000505910579172245,-0.00117624209657547,2.7159048660264473e-05
86,2026-08-31,6504,JP3820000002,10185101W,0.0009721009062607189,0.0010644724855886605,0.0013290871147745421,,0.0012189037270212122,-0.0006290064687569357,,,-0.0017171417468255033,0.0017171417468255033,,,,,,,,,,-0.00035482416186288687,,,,,-0.0007763974234821583,-0.0005181683244825858,,-0.00035970706317292654,,,-0.00037760580949453286,,,,-0.0005286481332923461,-0.00043483996176542323,,-0.0012189037270212122,,,,-0.0006323882239653064,,,,,-0.00038884036250428754,-0.0006818794762756347,,-0.00117624209657547,-8.59697134095305e-05
87,2026-08-31,6525,JP3293330001,35871501W,-0.0003294795788726806,-0.00035970706317292654,-0.0004506674699522873,,-0.0004119937290982381,,,-0.0006047517206043547,,,,,-0.0008168347892885206,,,,,,-0.00045590778937033713,-0.00035482416186288687,,,,,-0.0007763974234821583,,,,,-0.0004098404517684564,-0.00037760580949453286,-0.0005037439385762183,,,,,,,,-0.0009968153360809067,,,,,,,,,,,-0.00010437240443728262
88,2026-08-31,6586,JP3862400003,00697201W,0.0009721009062607189,,0.0013290871147745421,,,-0.0006290064687569357,,,0.0005794296042243693,,,,-0.0008168347892885206,-0.0015683227954339598,0.0007194141263458531,,,,,-0.00035482416186288687,,-0.0005970772063834871,,,-0.0007763974234821583,-0.0005181683244825858,,-0.00035970706317292654,,-0.0004098404517684564,-0.00037760580949453286,,0.0017687851076322854,,0.0020635826255709995,-0.00043483996176542323,,-0.0012189037270212122,,-0.0009968153360809067,,,,,,0.0011364657937927244,,0.0013366387461084884,,-0.00117624209657547,4.8232100640333105e-05
89,2026-08-31,6594,JP3734800000,22182101W,-0.0003294795788726806,-0.00035970706317292654,,,-0.0004119937290982381,,,,,,,,0.0014611703063049314,,,,,,,-0.00035482416186288687,,,,,,-0.0005181683244825858,,-0.00035970706317292654,,0.0012064021503338151,0.001109662355259877,0.0009926093641987087,,,-0.0005286481332923461,-0.00043483996176542323,,-0.0012189037270212122,,,,0.0012447006312967933,,,,0.0011364657937927244,,,,-0.00117624209657547,1.6568466933294043e-05
90,2026-08-31,66,HK0066009694,24301101W,-0.0003294795788726806,-0.00035970706317292654,-0.0004506674699522873,,,-0.0006290064687569357,,,-0.0017171417468255033,,,,-0.0008168347892885206,-0.0015683227954339598,-0.0021193551289648105,,,-0.0013757217503806663,,-0.00035482416186288687,,,,,-0.0007763974234821583,-0.0005181683244825858,,,,-0.0004098404517684564,-0.00037760580949453286,-0.0005037439385762183,-0.0006032010751669076,,-0.0005286481332923461,-0.00043483996176542323,,-0.0012189037270212122,,,,-0.0006323882239653064,0.001417159152500566,0.001589516346723608,,-0.0003894841379388973,-0.00038884036250428754,-0.0006818794762756347,0.001488914046298063,-0.00117624209657547,-0.0001576000117208543
91,2026-08-31,669,HK0669013440,10340901W,-0.0003294795788726806,-0.00035970706317292654,-0.0004506674699522873,,-0.0004119937290982381,,,,0.0005794296042243693,0.0017171417468255033,,,-0.0008168347892885206,,0.0007194141263458531,,,,,-0.00035482416186288687,,-0.0005970772063834871,,,,-0.0005181683244825858,,-0.00035970706317292654,,-0.0004098404517684564,-0.00037760580949453286,,,,-0.0005286481332923461,-0.00043483996176542323,,-0.0012189037270212122,,,,,,,,,,,,-0.00117624209657547,-2.6423661184177434e-05
92,2026-08-31,6701,JP3733000008,00765201W,-0.0003294795788726806,-0.00035970706317292654,0.0013290871147745421,,-0.0004119937290982381,,,0.001782184994811318,,,,-0.0016684285057808083,,,,,,0.0013677233681110115,-0.00045590778937033713,-0.00035482416186288687,,,,,,-0.0005181683244825858,,0.0014002882102088926,,0.0012064021503338151,0.001109662355259877,,,,,0.0012785240180168149,,0.0012064021503338151,,,,,,,,,,,,,0.00010257203854992724
93,2026-08-31,6702,JP3818000006,01846701W,-0.0003294795788726806,-0.00035970706317292654,-0.0004506674699522873,,,-0.0006290064687569357,,-0.0006047517206043547,,,,-0.0016684285057808083,-0.0008168347892885206,,,,,0.0013677233681110115,,-0.00035482416186288687,,,,,,,,0.0014002882102088926,,0.0012064021503338151,0.001109662355259877,-0.0005037439385762183,,,,0.0012785240180168149,,,,,,-0.0006323882239653064,,,,,,,,,-3.8208835101794395e-05
94,2026-08-31,6723,JP3164720009,25766401W,,-0.00035970706317292654,-0.0004506674699522873,,-0.0004119937290982381,-0.0006290064687569357,,,,,,0.0016566790092612251,-0.0008168347892885206,-0.0015683227954339598,,,,-0.0013757217503806663,-0.00045590778937033713,-0.00035482416186288687,,,,,-0.0007763974234821583,-0.0005181683244825858,,0.0014002882102088926,,-0.0004098404517684564,-0.00037760580949453286,-0.0005037439385762183,,,,0.0012785240180168149,,0.0012064021503338151,,,,-0.0006323882239653064,,,,,,,,,1.607831782248968e-05
95,2026-08-31,6752,JP3866800000,00711401W,0.0009721009062607189,0.0010644724855886605,-0.0004506674699522873,,0.0012189037270212122,,,,,,,,-0.0008168347892885206,,,-0.0007351513103596687,,,-0.00045590778937033713,-0.00035482416186288687,-0.0009013349399045746,0.0017425808838155109,,,-0.0007763974234821583,-0.0005181683244825858,,-0.00035970706317292654,,-0.0004098404517684564,-0.00037760580949453286,-0.0005037439385762183,0.0017687851076322854,-0.0006207082303828337,,-0.00043483996176542323,,-0.0012189037270212122,,0.0009884387366180419,,,,,,-0.0003894841379388973,-0.00038884036250428754,-0.0006818794762756347,,,-0.0002107532297704069
96,2026-08-31,6758,JP3435000009,00981801W,-0.0003294795788726806,,-0.0004506674699522873,,,,,0.001782184994811318,,,0.002450504367865562,,0.0014611703063049314,,,-0.0007351513103596687,,,-0.00045590778937033713,-0.00035482416186288687,,0.0017425808838155109,,,,-0.0005181683244825858,,-0.00035970706317292654,,-0.0004098404517684564,-0.00037760580949453286,,0.0017687851076322854,-0.0006207082303828337,,-0.00043483996176542323,0.003222581086508136,-0.0012189037270212122,,0.0009884387366180419,,,,,,,,0.0013366387461084884,,,0.00023164993351541054
97,2026-08-31,6762,JP3538800008,01027501W,,,-0.0004506674699522873,,0.0012189037270212122,,,,,,,-0.0016684285057808083,-0.0008168347892885206,,,,,,-0.00045590778937033713,-0.00035482416186288687,,,,,-0.0007763974234821583,-0.0005181683244825858,,-0.00035970706317292654,,-0.0004098404517684564,-0.00037760580949453286,0.0009926093641987087,,,,-0.00043483996176542323,,,,,,,,,,,,,,,-0.00013368185963995833
98,2026-08-31,6823,HK0000093390,30958701W,-0.0003294795788726806,-0.00035970706317292654,-0.0004506674699522873,,-0.0004119937290982381,,,-0.0006047517206043547,,,,0.0016566790092612251,,,,,,,,,-0.0009013349399045746,,,,,0.0020280036147852926,,,,,-0.00037760580949453286,-0.0005037439385762183,,,,,,,,,,,,,,-0.0003894841379388973,-0.00038884036250428754,,,,-3.690948908502023e-05
99,2026-08-31,6841,JP3955000009,10067101W,-0.0003294795788726806,-0.00035970706317292654,-0.0004506674699522873,,-0.0004119937290982381,-0.0006290064687569357,,-0.0006047517206043547,,,,-0.0016684285057808083,,,,,,,-0.00045590778937033713,-0.00035482416186288687,,,,,-0.0007763974234821583,-0.0005181683244825858,,-0.00035970706317292654,,-0.0004098404517684564,-0.00037760580949453286,,,,,-0.00043483996176542323,,-0.0012189037270212122,,-0.0009968153360809067,,-0.0006323882239653064,,,,,,,,,-0.00027604525169989085
100,2026-08-31,6857,JP3122400009,10024501W,0.0009721009062607189,0.0010644724855886605,0.0013290871147745421,,0.0012189037270212122,-0.0006290064687569357,,-0.0006047517206043547,,,,,0.0014611703063049314,,,,,,0.0013366387461084884,0.0013920024811544022,,,,,0.0015275871384097012,0.0020280036147852926,,-0.00035970706317292654,,,,,,,,-0.00043483996176542323,,,,,,-0.0006323882239653064,,,,,,,,,9.934477846114059e-05
101,2026-08-31,6861,JP3236200006,10322801W,-0.0003294795788726806,,,,,-0.0006290064687569357,,,,,-0.002450504367865562,-0.0016684285057808083,,-0.0015683227954339598,,,,-0.0013757217503806663,-0.00045590778937033713,-0.00035482416186288687,,,,,-0.0007763974234821583,0.0020280036147852926,,-0.00035970706317292654,,-0.0004098404517684564,-0.00037760580949453286,-0.0005037439385762183,,,,-0.00043483996176542323,,,,,,-0.0006323882239653064,,,,,,,,-0.00117624209657547,-0.0003995413311584466
102,2026-08-31,6902,JP3551500006,01911201W,-0.0003294795788726806,-0.00035970706317292654,0.0013290871147745421,,-0.0004119937290982381,,,-0.0006047517206043547,,,,,-0.0008168347892885206,,,-0.0007351513103596687,,,-0.00045590778937033713,-0.00035482416186288687,-0.0009013349399045746,0.0017425808838155109,,,,-0.0005181683244825858,,-0.00035970706317292654,,0.0012064021503338151,0.001109662355259877,0.0009926093641987087,-0.0006032010751669076,0.002425241436238082,,-0.00043483996176542323,-0.0032673391571540825,-0.0012189037270212122,,0.0009884387366180419,,,,,,0.0011364657937927244,-0.00038884036250428754,-0.0006818794762756347,,-0.00117624209657547,-0.0002146256321126288
103,2026-08-31,6920,JP3979200007,20197401W,,-0.00035970706317292654,0.0013290871147745421,,-0.0004119937290982381,-0.0006290064687569357,,-0.0006047517206043547,,,,0.0016566790092612251,0.0014611703063049314,,,,,,,0.0013920024811544022,,,,,0.0015275871384097012,-0.0005181683244825858,,0.0014002882102088926,,,,-0.0005037439385762183,,,,,,0.0012064021503338151,,-0.0009968153360809067,,,,,,,,,,-0.00117624209657547,0.00014917954300771064
104,2026-08-31,6954,JP3802400006,10004801W,-0.0003294795788726806,,,,-0.0004119937290982381,-0.0006290064687569357,,,0.0005794296042243693,,,,0.0014611703063049314,-0.0015683227954339598,0.0007194141263458531,,,-0.0013757217503806663,,-0.00035482416186288687,,,,,,0.0020280036147852926,,-0.00035970706317292654,,-0.0004098404517684564,-0.00037760580949453286,-0.0005037439385762183,,,-0.0005286481332923461,-0.00043483996176542323,,,,,-0.0013290871147745421,-0.0006323882239653064,-0.0007216209181444601,-0.0008084138120793607,-0.0014002882102088926,-0.0003894841379388973,-0.00038884036250428754,,-0.000505910579172245,-0.00117624209657547,-0.00018202811071397972
105,2026-08-31,6971,JP3249600002,00651201W,,0.0010644724855886605,0.0013290871147745421,,0.0012189037270212122,-0.0006290064687569357,,,,,0.002450504367865562,,,-0.0015683227954339598,,,,,,-0.00035482416186288687,,,,,,-0.0005181683244825858,,-0.00035970706317292654,,0.0012064021503338151,0.001109662355259877,0.0009926093641987087,,,,-0.00043483996176542323,,,,,,-0.0006323882239653064,,,,,,,,-0.00117624209657547,0.00013477805704353328
106,2026-08-31,6981,JP3914400001,10022601W,0.0009721009062607189,,0.0013290871147745421,,,,,-0.0006047517206043547,,,,,-0.0008168347892885206,,,,,,-0.00045590778937033713,-0.00035482416186288687,,,,,-0.0007763974234821583,-0.0005181683244825858,,-0.00035970706317292654,,-0.0004098404517684564,-0.00037760580949453286,-0.0005037439385762183,,,,-0.00043483996176542323,,-0.0012189037270212122,,,,,,,,,,,,-0.00117624209657547,-0.0001524726901880921
107,2026-08-31,6988,JP3684000007,10068301W,,,-0.0004506674699522873,,,-0.0006290064687569357,,,,,,-0.0016684285057808083,-0.0008168347892885206,,,-0.0007351513103596687,,,-0.00045590778937033713,-0.00035482416186288687,-0.0009013349399045746,-0.0005970772063834871,,,-0.0007763974234821583,-0.0005181683244825858,,-0.00035970706317292654,,-0.0004098404517684564,-0.00037760580949453286,,,,,-0.00043483996176542323,,,,-0.0009968153360809067,,,,,,0.0011364657937927244,-0.00038884036250428754,,,,-0.0002641791831028674
108,2026-08-31,7011,JP3900000005,10001201W,,0.0010644724855886605,0.0013290871147745421,,0.0012189037270212122,,,,0.0005794296042243693,0.0017171417468255033,,,,,0.0007194141263458531,,,,,-0.00035482416186288687,,0.0017425808838155109,,,,-0.0005181683244825858,,0.0014002882102088926,,0.0012064021503338151,,-0.0005037439385762183,-0.0006032010751669076,,-0.0005286481332923461,0.0012785240180168149,,0.0012064021503338151,,0.0009884387366180419,,,-0.0007216209181444601,-0.0008084138120793607,,0.0011364657937927244,0.0011364657937927244,0.0013366387461084884,-0.000505910579172245,,0.00021897394414613727
109,2026-08-31,7012,JP3224200000,10028801W,0.0009721009062607189,0.0010644724855886605,0.0013290871147745421,,0.0012189037270212122,0.0012316671168329527,,,0.0005794296042243693,,,,0.0014611703063049314,,,,,0.0013677233681110115,,-0.00035482416186288687,,-0.0005970772063834871,,,,-0.0005181683244825858,,-0.00035970706317292654,,0.0012064021503338151,,0.0009926093641987087,0.0017687851076322854,,0.0020635826255709995,-0.00043483996176542323,,,,,0.0013142369794139329,0.0012447006312967933,,,0.0013920024811544022,-0.0003894841379388973,-0.00038884036250428754,-0.0006818794762756347,-0.000505910579172245,,0.00020566331542840315
110,2026-08-31,7013,JP3134800006,10036201W,0.0009721009062607189,0.0010644724855886605,0.0013290871147745421,,0.0012189037270212122,-0.0006290064687569357,,,,,,,-0.0008168347892885206,,,,,,,-0.00035482416186288687,,-0.0005970772063834871,,,0.0015275871384097012,-0.0005181683244825858,,-0.00035970706317292654,,0.0012064021503338151,0.001109662355259877,-0.0005037439385762183,0.0017687851076322854,,0.0020635826255709995,-0.00043483996176542323,,-0.0012189037270212122,,,0.0013142369794139329,,,,,-0.0003894841379388973,-0.00038884036250428754,-0.0006818794762756347,-0.000505910579172245,,1.162570024710381e-05
111,2026-08-31,7181,JP3233250004,32061001W,-0.0003294795788726806,-0.00035970706317292654,0.0013290871147745421,,-0.0004119937290982381,-0.0006290064687569357,,,0.0005794296042243693,0.0017171417468255033,,0.0016566790092612251,,,,-0.0007351513103596687,0.0010596775644824052,,,,-0.0009013349399045746,,,,,,,,,0.0012064021503338151,0.001109662355259877,-0.0005037439385762183,,-0.0006207082303828337,-0.0005286481332923461,-0.00043483996176542323,,-0.0012189037270212122,,,,-0.0006323882239653064,0.001417159152500566,0.001589516346723608,0.0013920024811544022,-0.0003894841379388973,-0.00038884036250428754,,,,0.00010079131037255209
112,2026-08-31,7182,JP3946750001,32060901W,0.0009721009062607189,,,,,0.0012316671168329527,,,0.0005794296042243693,0.0017171417468255033,0.002450504367865562,,,,,0.002219324710519754,0.0010596775644824052,,,,-0.0009013349399045746,,,,,,,,,,-0.00037760580949453286,,,,-0.0005286481332923461,,,,,0.0009884387366180419,0.0013142369794139329,0.0012447006312967933,-0.0007216209181444601,-0.0008084138120793607,-0.0014002882102088926,,,,-0.000505910579172245,0.0011588592084487387,0.00019448978744410225
113,2026-08-31,7186,JP3305990008,01557901W,0.0009721009062607189,0.0010644724855886605,,,0.0012189037270212122,0.0012316671168329527,,-0.0006047517206043547,0.0005794296042243693,,,,,,,0.002219324710519754,0.0010596775644824052,,-0.00045590778937033713,,,,,,,,,,,,,,0.0017687851076322854,,0.0020635826255709995,,,,,,0.0013142369794139329,0.0012447006312967933,-0.0007216209181444601,-0.0008084138120793607,,,,,-0.000505910579172245,,0.0001751356986304604
114,2026-08-31,7201,JP3672400003,01911301W,-0.0003294795788726806,0.0010644724855886605,0.0013290871147745421,,0.0012189037270212122,,,0.001782184994811318,,,-0.002450504367865562,,,,,-0.0007351513103596687,,,,-0.00035482416186288687,-0.0009013349399045746,-0.0005970772063834871,,,,-0.0005181683244825858,,,,0.0012064021503338151,0.001109662355259877,-0.0005037439385762183,-0.0006032010751669076,-0.0006207082303828337,,0.0012785240180168149,-0.0032673391571540825,0.0012064021503338151,,0.0009884387366180419,0.0013142369794139329,,,,,,-0.00038884036250428754,-0.0006818794762756347,,,-0.00018298829582240184
115,2026-08-31,7202,JP3137200006,01893101W,-0.0003294795788726806,-0.00035970706317292654,-0.0004506674699522873,,-0.0004119937290982381,,,-0.0006047517206043547,,,,,,,,-0.0007351513103596687,,,-0.00045590778937033713,-0.00035482416186288687,-0.0009013349399045746,-0.0005970772063834871,,,,-0.0005181683244825858,,-0.00035970706317292654,,-0.0004098404517684564,-0.00037760580949453286,0.0009926093641987087,-0.0006032010751669076,0.002425241436238082,,-0.00043483996176542323,,,,,0.0013142369794139329,,,,,0.0011364657937927244,-0.00038884036250428754,-0.0006818794762756347,,,-0.00011172644156198973
116,2026-08-31,7203,JP3633400001,01966101W,-0.0003294795788726806,-0.00035970706317292654,,,-0.0004119937290982381,,,-0.0006047517206043547,,,-0.002450504367865562,,-0.0008168347892885206,,,-0.0007351513103596687,,,-0.00045590778937033713,-0.00035482416186288687,-0.0009013349399045746,-0.0005970772063834871,,,-0.0007763974234821583,-0.0005181683244825858,,,,-0.0004098404517684564,-0.00037760580949453286,,-0.0006032010751669076,0.002425241436238082,,0.0012785240180168149,0.003222581086508136,0.0012064021503338151,,0.0009884387366180419,0.0013142369794139329,,,,,,-0.00038884036250428754,-0.0006818794762756347,,,-0.00010941858568113127
117,2026-08-31,7259,JP3102000001,10224001W,-0.0003294795788726806,-0.00035970706317292654,0.0013290871147745421,,-0.0004119937290982381,,,-0.0006047517206043547,,,,,-0.0008168347892885206,,,-0.0007351513103596687,,,0.0013366387461084884,-0.00035482416186288687,-0.0009013349399045746,0.0017425808838155109,,,,-0.0005181683244825858,,-0.00035970706317292654,,0.0012064021503338151,0.001109662355259877,0.0009926093641987087,-0.0006032010751669076,0.002425241436238082,,,0.003222581086508136,0.0012064021503338151,,,0.0013142369794139329,,,,,0.0011364657937927244,,,,,0.00019690476707152633
118,2026-08-31,7267,JP3854600008,00569101W,-0.0003294795788726806,0.0010644724855886605,-0.0004506674699522873,,0.0012189037270212122,,,,,,,,,,,-0.0007351513103596687,,,-0.00045590778937033713,-0.00035482416186288687,,-0.0005970772063834871,,,-0.0007763974234821583,-0.0005181683244825858,,-0.00035970706317292654,,-0.0004098404517684564,-0.00037760580949453286,0.0009926093641987087,-0.0006032010751669076,-0.0006207082303828337,,0.0012785240180168149,-0.0032673391571540825,0.0012064021503338151,,0.0009884387366180419,0.0013142369794139329,,,,,,,-0.0006818794762756347,,,-8.46185573374027e-05
119,2026-08-31,7269,JP3397200001,10115501W,-0.0003294795788726806,-0.00035970706317292654,0.0013290871147745421,,-0.0004119937290982381,,,-0.0006047517206043547,,,-0.002450504367865562,,-0.0008168347892885206,,,-0.0007351513103596687,,,-0.00045590778937033713,-0.00035482416186288687,-0.0009013349399045746,-0.0005970772063834871,,,,-0.0005181683244825858,,-0.00035970706317292654,,0.0012064021503338151,,0.0009926093641987087,,0.002425241436238082,,-0.00043483996176542323,0.003222581086508136,,,,,,,,,0.0011364657937927244,,0.0013366387461084884,,,-3.6382969531444615e-05
120,2026-08-31,7270,JP3814800003,01846601W,-0.0003294795788726806,-0.00035970706317292654,-0.0004506674699522873,,-0.0004119937290982381,,,-0.0006047517206043547,,,,,-0.0008168347892885206,,,-0.0007351513103596687,,,-0.00045590778937033713,-0.00035482416186288687,,-0.0005970772063834871,,,-0.0007763974234821583,-0.0005181683244825858,,-0.00035970706317292654,,-0.0004098404517684564,-0.00037760580949453286,0.0009926093641987087,0.0017687851076322854,-0.0006207082303828337,,-0.00043483996176542323,-0.0032673391571540825,-0.0012189037270212122,,,0.0013142369794139329,,,,,0.0011364657937927244,-0.00038884036250428754,,,,-0.0001877348490218105
121,2026-08-31,7272,JP3942800008,10066701W,0.0009721009062607189,0.0010644724855886605,-0.0004506674699522873,,0.0012189037270212122,,,,,,-0.002450504367865562,,-0.0008168347892885206,,,-0.0007351513103596687,,,-0.00045590778937033713,-0.00035482416186288687,-0.0009013349399045746,-0.0005970772063834871,,,-0.0007763974234821583,-0.0005181683244825858,,-0.00035970706317292654,,-0.0004098404517684564,-0.00037760580949453286,-0.0005037439385762183,-0.0006032010751669076,-0.0006207082303828337,,-0.00043483996176542323,0.003222581086508136,-0.0012189037270212122,,,0.0013142369794139329,,,,,,-0.00038884036250428754,-0.0006818794762756347,,,-0.0002808616949563446
122,2026-08-31,7309,JP3358000002,10485801W,,0.0010644724855886605,,,,,,,,,0.002450504367865562,,-0.0008168347892885206,-0.0015683227954339598,,-0.0007351513103596687,,-0.0013757217503806663,-0.00045590778937033713,-0.00035482416186288687,-0.0009013349399045746,-0.0005970772063834871,,,-0.0007763974234821583,-0.0005181683244825858,,-0.00035970706317292654,,-0.0004098404517684564,-0.00037760580949453286,-0.0005037439385762183,,-0.0006207082303828337,,-0.00043483996176542323,-0.0032673391571540825,-0.0012189037270212122,,-0.0009968153360809067,-0.0013290871147745421,,,,,-0.0003894841379388973,-0.00038884036250428754,-0.0006818794762756347,,-0.00117624209657547,-0.0003433473506182313
123,2026-08-31,7453,JP3976300008,20675501W,0.0009721009062607189,0.0010644724855886605,,,0.0012189037270212122,,,0.001782184994811318,,,,,0.0014611703063049314,,,-0.0007351513103596687,,,,-0.00035482416186288687,-0.0009013349399045746,0.0017425808838155109,,,,0.0020280036147852926,,0.0014002882102088926,,,,,-0.0006032010751669076,-0.0006207082303828337,,-0.00043483996176542323,,,,-0.0009968153360809067,-0.0013290871147745421,,,,,-0.0003894841379388973,-0.00038884036250428754,-0.0006818794762756347,,,-8.929904686962826e-05
124,2026-08-31,7532,JP3639650005,21318601W,-0.0003294795788726806,-0.00035970706317292654,-0.0004506674699522873,,-0.0004119937290982381,,,0.001782184994811318,,,,,-0.0008168347892885206,,,-0.0007351513103596687,,,-0.00045590778937033713,-0.00035482416186288687,-0.0009013349399045746,0.0017425808838155109,,,,0.0020280036147852926,,-0.00035970706317292654,,-0.0004098404517684564,-0.00037760580949453286,,0.0017687851076322854,-0.0006207082303828337,,,,,,,,,,,,-0.0003894841379388973,-0.00038884036250428754,,,,-6.767639284004559e-05
125,2026-08-31,7550,JP3429300001,20750101W,-0.0003294795788726806,-0.00035970706317292654,-0.0004506674699522873,,-0.0004119937290982381,,,-0.0006047517206043547,,,0.002450504367865562,,-0.0008168347892885206,,,-0.0007351513103596687,,,-0.00045590778937033713,-0.00035482416186288687,-0.0009013349399045746,-0.0005970772063834871,,,,-0.0005181683244825858,,0.0014002882102088926,,,,0.0009926093641987087,,0.002425241436238082,,-0.00043483996176542323,,,,-0.0009968153360809067,,,,,,-0.0003894841379388973,-0.00038884036250428754,-0.0006818794762756347,,,-8.06577549821994e-07
126,2026-08-31,7733,JP3201200007,10068601W,0.0009721009062607189,0.0010644724855886605,,,,0.0012316671168329527,,,,,,,,,,,,,-0.00045590778937033713,-0.00035482416186288687,-0.0009013349399045746,-0.0005970772063834871,,,-0.0007763974234821583,,,-0.00035970706317292654,,-0.0004098404517684564,-0.00037760580949453286,,,-0.0006207082303828337,,-0.00043483996176542323,,-0.0012189037270212122,,,,0.0012447006312967933,,-0.0008084138120793607,0.0013920024811544022,-0.0003894841379388973,-0.00038884036250428754,-0.0006818794762756347,,,-0.00017709894574261602
127,2026-08-31,7735,JP3494600004,10038801W,0.0009721009062607189,,0.0013290871147745421,,,0.0012316671168329527,,-0.0006047517206043547,,,-0.002450504367865562,,,,,,,,-0.00045590778937033713,-0.00035482416186288687,,,,,-0.0007763974234821583,-0.0005181683244825858,,-0.00035970706317292654,,-0.0004098404517684564,-0.00037760580949453286,-0.0005037439385762183,,,,-0.00043483996176542323,,,,-0.0009968153360809067,,0.0012447006312967933,,,,,,,,,-0.0001913324079331426
128,2026-08-31,7741,JP3837800006,10043301W,-0.0003294795788726806,,,,,-0.0006290064687569357,,,-0.0017171417468255033,,,,,,,,,,,0.0013920024811544022,-0.0009013349399045746,,,,0.0015275871384097012,,,-0.00035970706317292654,,,,-0.0005037439385762183,,-0.0006207082303828337,,-0.00043483996176542323,,,,,-0.0013290871147745421,-0.0006323882239653064,,-0.0008084138120793607,-0.0014002882102088926,-0.0003894841379388973,-0.00038884036250428754,-0.0006818794762756347,-0.000505910579172245,-0.00117624209657547,-0.0002720563072983498
129,2026-08-31,7751,JP3242800005,00272101W,-0.0003294795788726806,-0.00035970706317292654,0.0013290871147745421,,-0.0004119937290982381,,,0.001782184994811318,,,,,,,,,,,,-0.00035482416186288687,,,,,,-0.0005181683244825858,,-0.00035970706317292654,,0.0012064021503338151,0.001109662355259877,0.0009926093641987087,,,,-0.00043483996176542323,,-0.0012189037270212122,,0.0009884387366180419,,0.0012447006312967933,,,,,,,,,6.520934135983457e-05
130,2026-08-31,7832,JP3778630008,20400902W,-0.0003294795788726806,-0.00035970706317292654,0.0013290871147745421,,-0.0004119937290982381,,,0.001782184994811318,,,,,0.0014611703063049314,,,-0.0007351513103596687,,,-0.00045590778937033713,-0.00035482416186288687,-0.0009013349399045746,-0.0005970772063834871,,,,-0.0005181683244825858,,-0.00035970706317292654,,,,,0.0017687851076322854,-0.0006207082303828337,,-0.00043483996176542323,,,,-0.0009968153360809067,,,,,,-0.0003894841379388973,-0.00038884036250428754,,,-0.00117624209657547,-8.180599619248597e-05
131,2026-08-31,7911,JP3629000005,10072901W,-0.0003294795788726806,-0.00035970706317292654,-0.0004506674699522873,,-0.0004119937290982381,0.0012316671168329527,,,-0.0017171417468255033,,,,-0.0008168347892885206,,,,,,,-0.00035482416186288687,,-0.0005970772063834871,,,-0.0007763974234821583,-0.0005181683244825858,,-0.00035970706317292654,,-0.0004098404517684564,-0.00037760580949453286,0.0009926093641987087,,,-0.0005286481332923461,,,0.0012064021503338151,,,0.0013142369794139329,0.0012447006312967933,,,0.0013920024811544022,,-0.00038884036250428754,-0.0006818794762756347,0.001488914046298063,-0.00117624209657547,7.310132501436303e-05
132,2026-08-31,7912,JP3493800001,01782701W,,-0.00035970706317292654,0.0013290871147745421,,-0.0004119937290982381,,,,0.0005794296042243693,,,,,,0.0007194141263458531,,,,,-0.00035482416186288687,,,,,-0.0007763974234821583,0.0020280036147852926,,-0.00035970706317292654,,-0.0004098404517684564,-0.00037760580949453286,0.0009926093641987087,0.0017687851076322854,,-0.0005286481332923461,-0.00043483996176542323,,-0.0012189037270212122,,,,,0.001417159152500566,0.001589516346723608,0.0013920024811544022,-0.0003894841379388973,-0.00038884036250428754,-0.0006818794762756347,0.001488914046298063,-0.00117624209657547,9.21205241584436e-05
133,2026-08-31,7936,JP3118000003,10084001W,0.0009721009062607189,0.0010644724855886605,0.0013290871147745421,,0.0012189037270212122,,,0.001782184994811318,,,,,-0.0008168347892885206,,,-0.0007351513103596687,,0.0013677233681110115,0.0013366387461084884,0.0013920024811544022,-0.0009013349399045746,0.0017425808838155109,,,0.0015275871384097012,0.0020280036147852926,,-0.00035970706317292654,,0.0012064021503338151,0.001109662355259877,,-0.0006032010751669076,-0.0006207082303828337,,-0.00043483996176542323,,,,-0.0009968153360809067,,,,,,-0.0003894841379388973,-0.00038884036250428754,,,,0.00015002194691000518
134,2026-08-31,7974,JP3756600007,10245001W,-0.0003294795788726806,-0.00035970706317292654,,,-0.0004119937290982381,-0.0006290064687569357,,-0.0006047517206043547,,,,0.0016566790092612251,,,,,,,,,-0.0009013349399045746,,,,,-0.0005181683244825858,,,,,,0.0009926093641987087,,,,,,,,,,,,,,-0.0003894841379388973,-0.00038884036250428754,-0.0006818794762756347,,,-5.093489153743075e-05
135,2026-08-31,8001,JP3143600009,10043501W,-0.0003294795788726806,-0.00035970706317292654,-0.0004506674699522873,,,-0.0006290064687569357,,,0.0005794296042243693,,,,-0.0008168347892885206,,0.0007194141263458531,,,,,-0.00035482416186288687,,-0.0005970772063834871,,,-0.0007763974234821583,-0.0005181683244825858,,-0.00035970706317292654,,-0.0004098404517684564,-0.00037760580949453286,,-0.0006032010751669076,,-0.0005286481332923461,-0.00043483996176542323,,,,0.0009884387366180419,,,0.001417159152500566,0.001589516346723608,0.0013920024811544022,,,,0.001488914046298063,,8.069767674117661e-05
136,2026-08-31,8002,JP3877600001,10054501W,-0.0003294795788726806,,-0.0004506674699522873,,0.0012189037270212122,,,,0.0005794296042243693,,,,-0.0008168347892885206,,0.0007194141263458531,,,,,-0.00035482416186288687,,-0.0005970772063834871,,,,-0.0005181683244825858,,-0.00035970706317292654,,,,0.0009926093641987087,,,-0.0005286481332923461,-0.00043483996176542323,,-0.0012189037270212122,,0.0009884387366180419,0.0013142369794139329,,0.001417159152500566,0.001589516346723608,0.0013920024811544022,-0.0003894841379388973,-0.00038884036250428754,-0.0006818794762756347,0.001488914046298063,,9.823892423911374e-05
137,2026-08-31,8015,JP3635000007,10194001W,,,-0.0004506674699522873,,,,,,0.0005794296042243693,,,,-0.0008168347892885206,0.0015683227954339598,0.0007194141263458531,,,0.0013677233681110115,,-0.00035482416186288687,,-0.0005970772063834871,,,-0.0007763974234821583,0.0020280036147852926,,-0.00035970706317292654,,-0.0004098404517684564,-0.00037760580949453286,0.0009926093641987087,-0.0006032010751669076,,-0.0005286481332923461,-0.00043483996176542323,,-0.0012189037270212122,,0.0009884387366180419,0.0013142369794139329,,,,0.0013920024811544022,-0.0003894841379388973,-0.00038884036250428754,,,,2.8530059203914306e-05
138,2026-08-31,8031,JP3893600001,00747101W,-0.0003294795788726806,-0.00035970706317292654,-0.0004506674699522873,,,,,,-0.0017171417468255033,,,,-0.0008168347892885206,,-0.0021193551289648105,,,,,-0.00035482416186288687,,0.0017425808838155109,,,-0.0007763974234821583,-0.0005181683244825858,,-0.00035970706317292654,,-0.0004098404517684564,-0.00037760580949453286,-0.0005037439385762183,,,-0.0005286481332923461,-0.00043483996176542323,,,,0.0009884387366180419,,,0.001417159152500566,0.001589516346723608,0.0013920024811544022,-0.0003894841379388973,-0.00038884036250428754,-0.0006818794762756347,0.001488914046298063,,-2.1472272147988268e-05
139,2026-08-31,8035,JP3571400005,10065801W,0.0009721009062607189,,,,,,,-0.0006047517206043547,,,,,0.0014611703063049314,,,,,,-0.00045590778937033713,0.0013920024811544022,,,,,-0.0007763974234821583,-0.0005181683244825858,,-0.00035970706317292654,,-0.0004098404517684564,-0.00037760580949453286,-0.0005037439385762183,,,,-0.00043483996176542323,,-0.0012189037270212122,,,,,,,,,,,,-0.00117624209657547,-6.741955928186664e-05
140,2026-08-31,8053,JP3404600003,10184601W,0.0009721009062607189,-0.00035970706317292654,0.0013290871147745421,,,,,,0.0005794296042243693,,,,-0.0008168347892885206,,0.0007194141263458531,,,,,-0.00035482416186288687,,-0.0005970772063834871,,,-0.0007763974234821583,-0.0005181683244825858,,0.0014002882102088926,,,,,-0.0006032010751669076,,-0.0005286481332923461,0.0012785240180168149,,0.0012064021503338151,,0.0009884387366180419,0.0013142369794139329,,0.001417159152500566,0.001589516346723608,,,0.0011364657937927244,0.0013366387461084884,0.001488914046298063,,0.00027469732735706834
141,2026-08-31,8058,JP3898400001,10055501W,0.0009721009062607189,0.0010644724855886605,0.0013290871147745421,,0.0012189037270212122,0.0012316671168329527,,,0.0005794296042243693,,,,-0.0008168347892885206,,0.0007194141263458531,,,,,-0.00035482416186288687,,0.0017425808838155109,,,-0.0007763974234821583,-0.0005181683244825858,,-0.00035970706317292654,,-0.0004098404517684564,-0.00037760580949453286,0.0009926093641987087,0.0017687851076322854,,-0.0005286481332923461,-0.00043483996176542323,,,,0.0009884387366180419,0.0013142369794139329,,,,0.0013920024811544022,,,,,,0.0001236810614256765
142,2026-08-31,8113,JP3951600000,10485401W,-0.0003294795788726806,-0.00035970706317292654,,,,,,,,,,,-0.0008168347892885206,-0.0015683227954339598,0.0007194141263458531,,0.0010596775644824052,,-0.00045590778937033713,-0.00035482416186288687,,,,,-0.0007763974234821583,,,-0.00035970706317292654,,-0.0004098404517684564,-0.00037760580949453286,-0.0005037439385762183,,,,-0.00043483996176542323,,,,-0.0009968153360809067,,,-0.0007216209181444601,-0.0008084138120793607,,,,,-0.000505910579172245,-0.00117624209657547,-0.00012605920710211975
143,2026-08-31,8136,JP3343200006,10136001W,0.0009721009062607189,0.0010644724855886605,,,0.0012189037270212122,,,-0.0006047517206043547,,,0.002450504367865562,,-0.0008168347892885206,,,0.002219324710519754,,,,0.0013920024811544022,-0.0009013349399045746,0.0017425808838155109,,,0.0015275871384097012,0.0020280036147852926,,-0.00035970706317292654,,,0.001109662355259877,,0.0017687851076322854,-0.0006207082303828337,,-0.00043483996176542323,,,,-0.0009968153360809067,-0.0013290871147745421,,,,,-0.0003894841379388973,-0.00038884036250428754,,,-0.00117624209657547,0.00016937109232132973
144,2026-08-31,823,HK0823032773,27457801W,-0.0003294795788726806,,,,,,,,,,,,,,,,-0.0031366455908679197,-0.0013757217503806663,,,,,,,,,,-0.00035970706317292654,,,,-0.0005037439385762183,0.0017687851076322854,-0.0006207082303828337,0.0020635826255709995,,,,,,,-0.0006323882239653064,,,,0.0011364657937927244,,,,,-6.869634426015884e-05
145,2026-08-31,8267,JP3388200002,22239801W,-0.0003294795788726806,-0.00035970706317292654,,,,,,,,,,-0.0016684285057808083,-0.0008168347892885206,0.0015683227954339598,-0.0021193551289648105,,0.0010596775644824052,0.0013677233681110115,-0.00045590778937033713,-0.00035482416186288687,,,,,,,,0.0014002882102088926,,,,-0.0005037439385762183,,,,0.0012785240180168149,0.003222581086508136,0.0012064021503338151,,0.0009884387366180419,0.0013142369794139329,-0.0006323882239653064,-0.0007216209181444601,-0.0008084138120793607,0.0013920024811544022,0.0011364657937927244,0.0011364657937927244,0.0013366387461084884,-0.000505910579172245,0.0011588592084487387,0.0002054729275116329
146,2026-08-31,83,HK0083000502,10344001W,-0.0003294795788726806,,,,,,,,,,,,,-0.0015683227954339598,,,0.0010596775644824052,-0.0013757217503806663,,,,,,,,,,0.0014002882102088926,,,,,-0.0006032010751669076,-0.0006207082303828337,-0.0005286481332923461,,-0.0032673391571540825,0.0012064021503338151,,,,-0.0006323882239653064,,,,,-0.00038884036250428754,0.0013366387461084884,,,-9.33816786888921e-05
147,2026-08-31,8306,JP3902900004,25294003W,0.0009721009062607189,0.0010644724855886605,0.0013290871147745421,,0.0012189037270212122,0.0012316671168329527,,-0.0006047517206043547,0.0005794296042243693,,,,,,,0.002219324710519754,0.0010596775644824052,,,,,,,,,,,,,,,,0.0017687851076322854,,0.0020635826255709995,,,,,0.0009884387366180419,,,-0.0007216209181444601,-0.0008084138120793607,-0.0014002882102088926,,,,-0.000505910579172245,0.0011588592084487387,0.00013426424270978336
148,2026-08-31,8308,JP3500610005,25293801W,0.0009721009062607189,0.0010644724855886605,-0.0004506674699522873,,0.0012189037270212122,0.0012316671168329527,,-0.0006047517206043547,0.0005794296042243693,,,,,,,0.002219324710519754,0.0010596775644824052,,-0.00045590778937033713,,,,,,,,,,,,-0.00037760580949453286,,,,-0.0005286481332923461,,,,,,0.0013142369794139329,0.0012447006312967933,-0.0007216209181444601,-0.0008084138120793607,,,,,-0.000505910579172245,0.0011588592084487387,8.396526777019385e-05
149,2026-08-31,8309,JP3892100003,25431801W,0.0009721009062607189,0.0010644724855886605,-0.0004506674699522873,,0.0012189037270212122,,,0.001782184994811318,0.0005794296042243693,,,,,,,0.002219324710519754,0.0010596775644824052,,,,0.001755585218769358,,,,,,,,,,,,,,-0.0005286481332923461,,,,,,0.0013142369794139329,0.0012447006312967933,,,,,,,-0.000505910579172245,0.0011588592084487387,0.00031236375025632513
150,2026-08-31,8316,JP3890350006,01013701W,,-0.00035970706317292654,-0.0004506674699522873,,-0.0004119937290982381,,,-0.0006047517206043547,0.0005794296042243693,,,,,,,0.002219324710519754,0.0010596775644824052,,0.0013366387461084884,,,,,,,,,,,,0.001109662355259877,,0.0017687851076322854,,0.0020635826255709995,,,,,0.0009884387366180419,0.0013142369794139329,,-0.0007216209181444601,-0.0008084138120793607,-0.0014002882102088926,,,,-0.000505910579172245,,0.0001530150397291194
151,2026-08-31,8331,JP3511800009,01574801W,0.0009721009062607189,0.0010644724855886605,,,0.0012189037270212122,0.0012316671168329527,,,0.0005794296042243693,,,,,,,0.002219324710519754,0.0010596775644824052,,-0.00045590778937033713,,,,,,,,,,,,,,0.0017687851076322854,,0.0020635826255709995,,,,,,0.0013142369794139329,0.0012447006312967933,-0.0007216209181444601,-0.0008084138120793607,,,,,-0.000505910579172245,,0.0001949629741077233
152,2026-08-31,8411,JP3885780001,24813602W,0.0009721009062607189,0.0010644724855886605,0.0013290871147745421,,0.0012189037270212122,,,,0.0005794296042243693,,0.002450504367865562,,,,,0.002219324710519754,0.0010596775644824052,,0.0013366387461084884,,,,,,,,,,,,0.001109662355259877,,,,-0.0005286481332923461,,,,,0.0009884387366180419,0.0013142369794139329,,,,,,,,-0.000505910579172245,0.0011588592084487387,0.0003060766961224485
153,2026-08-31,8473,JP3436120004,24221801W,-0.0003294795788726806,0.0010644724855886605,0.0013290871147745421,,0.0012189037270212122,-0.0006290064687569357,,0.001782184994811318,,,0.002450504367865562,-0.0016684285057808083,0.0014611703063049314,,,-0.0007351513103596687,,,0.0013366387461084884,,-0.0009013349399045746,,,,,,,,,0.0012064021503338151,0.001109662355259877,0.0009926093641987087,-0.0006032010751669076,0.002425241436238082,-0.0005286481332923461,0.0012785240180168149,,0.0012064021503338151,,,0.0013142369794139329,-0.0006323882239653064,0.001417159152500566,0.001589516346723608,0.0013920024811544022,0.0011364657937927244,0.0011364657937927244,,0.001488914046298063,0.0011588592084487387,0.0004567550692500585
154,2026-08-31,8591,JP3200450009,01566801W,-0.0003294795788726806,0.0010644724855886605,-0.0004506674699522873,,0.0012189037270212122,,,,-0.0017171417468255033,-0.0017425808838155109,0.002450504367865562,,-0.0008168347892885206,,,-0.0007351513103596687,0.0010596775644824052,,-0.00045590778937033713,,0.001755585218769358,,,,,,,,,,,0.0009926093641987087,0.0017687851076322854,-0.0006207082303828337,-0.0005286481332923461,-0.00043483996176542323,,,,,,,,,,,-0.00038884036250428754,,-0.000505910579172245,,0.00014113904711379218
155,2026-08-31,8593,JP3499800005,20162801W,-0.0003294795788726806,-0.00035970706317292654,-0.0004506674699522873,,-0.0004119937290982381,-0.0006290064687569357,,-0.0006047517206043547,0.0005794296042243693,-0.0017425808838155109,,,-0.0008168347892885206,,,-0.0007351513103596687,0.0010596775644824052,,-0.00045590778937033713,,-0.0009013349399045746,,,,,,,,,,,0.0009926093641987087,-0.0006032010751669076,-0.0006207082303828337,-0.0005286481332923461,-0.00043483996176542323,,-0.0012189037270212122,,,,,,,0.0013920024811544022,-0.0003894841379388973,-0.00038884036250428754,,,,-0.00016658038431668223
156,2026-08-31,8601,JP3502200003,01548301W,0.0009721009062607189,0.0010644724855886605,0.0013290871147745421,,0.0012189037270212122,-0.0006290064687569357,,,,,0.002450504367865562,-0.0016684285057808083,,,,-0.0007351513103596687,0.0010596775644824052,,-0.00045590778937033713,,0.001755585218769358,,,,,,,,,-0.0004098404517684564,-0.00037760580949453286,,-0.0006032010751669076,-0.0006207082303828337,-0.0005286481332923461,0.0012785240180168149,,0.0012064021503338151,,,0.0013142369794139329,-0.0006323882239653064,,,,-0.0003894841379388973,0.0011364657937927244,,-0.000505910579172245,0.0011588592084487387,0.00021501481515980616
157,2026-08-31,8604,JP3762600009,01561301W,0.0009721009062607189,0.0010644724855886605,-0.0004506674699522873,,0.0012189037270212122,,,0.001782184994811318,-0.0017171417468255033,-0.0017425808838155109,,-0.0016684285057808083,,,,-0.0007351513103596687,0.0010596775644824052,,-0.00045590778937033713,,-0.0009013349399045746,,,,,,,,,-0.0004098404517684564,-0.00037760580949453286,0.0009926093641987087,0.0017687851076322854,0.002425241436238082,0.0020635826255709995,-0.00043483996176542323,,-0.0012189037270212122,,,,,,,,-0.0003894841379388973,-0.00038884036250428754,,-0.000505910579172245,,-0.00010927326942774851
158,2026-08-31,8630,JP3165000005,01593301W,-0.0003294795788726806,,0.0013290871147745421,,,-0.0006290064687569357,,,,,,0.0016566790092612251,,,,-0.0007351513103596687,,,0.0013366387461084884,,-0.0009013349399045746,,,,,,,,,0.0012064021503338151,0.001109662355259877,0.0009926093641987087,0.0017687851076322854,0.002425241436238082,0.0020635826255709995,,,,,,-0.0013290871147745421,-0.0006323882239653064,0.001417159152500566,0.001589516346723608,0.0013920024811544022,,,,-0.000505910579172245,-0.00117624209657547,0.0002453847020883637
159,2026-08-31,8697,JP3183200009,24094801W,0.0009721009062607189,0.0010644724855886605,-0.0004506674699522873,,0.0012189037270212122,-0.0006290064687569357,,-0.0006047517206043547,0.0005794296042243693,0.0017171417468255033,0.002450504367865562,,,,,0.002219324710519754,0.0010596775644824052,,,,-0.0009013349399045746,,,,,,,,,-0.0004098404517684564,-0.00037760580949453286,,,-0.0006207082303828337,-0.0005286481332923461,-0.00043483996176542323,,,,,0.0013142369794139329,-0.0006323882239653064,-0.0007216209181444601,-0.0008084138120793607,-0.0014002882102088926,-0.0003894841379388973,-0.00038884036250428754,,-0.000505910579172245,0.0011588592084487387,7.568578423993245e-05
160,2026-08-31,8725,JP3890310000,01577902W,0.0009721009062607189,0.0010644724855886605,0.0013290871147745421,,0.0012189037270212122,-0.0006290064687569357,,,0.0005794296042243693,,,0.0016566790092612251,,,,-0.0007351513103596687,,,-0.00045590778937033713,,-0.0009013349399045746,,,,,,,,,-0.0004098404517684564,-0.00037760580949453286,0.0009926093641987087,,-0.0006207082303828337,,,,,,,-0.0013290871147745421,-0.0006323882239653064,,,0.0013920024811544022,0.0011364657937927244,,,,,3.870485214623186e-05
161,2026-08-31,8750,JP3476480003,29430901W,0.0009721009062607189,0.0010644724855886605,0.0013290871147745421,,0.0012189037270212122,-0.0006290064687569357,,,0.0005794296042243693,0.0017171417468255033,,0.0016566790092612251,,,,-0.0007351513103596687,0.0010596775644824052,,-0.00045590778937033713,,,,,,,,,,,-0.0004098404517684564,-0.00037760580949453286,0.0009926093641987087,-0.0006032010751669076,-0.0006207082303828337,-0.0005286481332923461,,,,,,,-0.0006323882239653064,,,0.0013920024811544022,,,,0.001488914046298063,,0.0002312920126052647
162,2026-08-31,8766,JP3910660004,01565902W,,-0.00035970706317292654,-0.0004506674699522873,,-0.0004119937290982381,-0.0006290064687569357,,,0.0005794296042243693,0.0017171417468255033,,0.0016566790092612251,,,,-0.0007351513103596687,,,-0.00045590778937033713,,-0.0009013349399045746,,,,,,,,,-0.0004098404517684564,-0.00037760580949453286,,0.0017687851076322854,-0.0006207082303828337,0.0020635826255709995,-0.00043483996176542323,,,,,-0.0013290871147745421,-0.0006323882239653064,-0.0007216209181444601,-0.0008084138120793607,,,,,-0.000505910579172245,,4.475534206805873e-06
163,2026-08-31,8795,JP3539220008,25081801W,0.0009721009062607189,-0.00035970706317292654,0.0013290871147745421,,-0.0004119937290982381,-0.0006290064687569357,,,0.0005794296042243693,0.0017171417468255033,,0.0016566790092612251,,,,-0.0007351513103596687,,,-0.00045590778937033713,,-0.0009013349399045746,,,,,,,,,-0.0004098404517684564,-0.00037760580949453286,0.0009926093641987087,0.0017687851076322854,0.002425241436238082,0.0020635826255709995,0.0012785240180168149,,0.0012064021503338151,,,-0.0013290871147745421,-0.0006323882239653064,,,0.0013920024811544022,-0.0003894841379388973,-0.00038884036250428754,,-0.000505910579172245,,0.00021317460455941195
164,2026-08-31,8801,JP3893200000,10052201W,-0.0003294795788726806,,,,,,,,,,,,,0.0015683227954339598,,,0.0010596775644824052,0.0013677233681110115,,,,,,,,,,-0.00035970706317292654,,,,0.0009926093641987087,,-0.0006207082303828337,-0.0005286481332923461,,-0.0032673391571540825,-0.0012189037270212122,,0.0009884387366180419,0.0013142369794139329,,,,0.0013920024811544022,-0.0003894841379388973,-0.00038884036250428754,-0.0006818794762756347,,,-4.6416682499932706e-05
165,2026-08-31,8802,JP3899600005,01562501W,0.0009721009062607189,,,,,,,,,,,,,0.0015683227954339598,,,0.0010596775644824052,0.0013677233681110115,,,,,,,,,,,,,,0.0009926093641987087,0.0017687851076322854,-0.0006207082303828337,-0.0005286481332923461,,0.003222581086508136,0.0012064021503338151,,0.0009884387366180419,,,,,0.0013920024811544022,0.0011364657937927244,-0.00038884036250428754,-0.0006818794762756347,,,0.00027832529565420934
166,2026-08-31,8830,JP3409000001,10260501W,-0.0003294795788726806,,,,,,,,,,,,,,,,0.0010596775644824052,,,,,,,,,,,-0.00035970706317292654,,,,0.0009926093641987087,0.0017687851076322854,-0.0006207082303828337,0.0020635826255709995,,-0.0032673391571540825,-0.0012189037270212122,,,,,,,0.0013920024811544022,-0.0003894841379388973,-0.00038884036250428754,-0.0006818794762756347,,,-3.772376809129229e-05
167,2026-08-31,8951,JP3027670003,25211901W,,,,,,,,,,,,,,,,,0.0010596775644824052,-0.0013757217503806663,,,,,,,,,,-0.00035970706317292654,,,,-0.0005037439385762183,-0.0006032010751669076,-0.0006207082303828337,-0.0005286481332923461,,,-0.0012189037270212122,,-0.0009968153360809067,-0.0013290871147745421,,,,-0.0014002882102088926,0.0011364657937927244,0.0011364657937927244,0.0013366387461084884,,,-6.35644572944303e-05
168,2026-08-31,9020,JP3783600004,20172701W,-0.0003294795788726806,-0.00035970706317292654,,,-0.0004119937290982381,,,,-0.0017171417468255033,-0.0017425808838155109,,,-0.0008168347892885206,-0.0015683227954339598,-0.0021193551289648105,,,-0.0013757217503806663,,-0.00035482416186288687,,-0.0005970772063834871,,,-0.0007763974234821583,-0.0005181683244825858,,,,0.0012064021503338151,,,0.0017687851076322854,,0.0020635826255709995,-0.00043483996176542323,,,,0.0009884387366180419,0.0013142369794139329,,0.001417159152500566,0.001589516346723608,,0.0011364657937927244,-0.00038884036250428754,-0.0006818794762756347,-0.000505910579172245,,-6.630990838527399e-05
169,2026-08-31,9021,JP3659000008,22237601W,-0.0003294795788726806,-0.00035970706317292654,0.0013290871147745421,,-0.0004119937290982381,-0.0006290064687569357,,,-0.0017171417468255033,-0.0017425808838155109,,,-0.0008168347892885206,,-0.0021193551289648105,,,,,-0.00035482416186288687,,-0.0005970772063834871,,,,-0.0005181683244825858,,-0.00035970706317292654,,0.0012064021503338151,0.001109662355259877,0.0009926093641987087,,,-0.0005286481332923461,0.0012785240180168149,,0.0012064021503338151,,,0.0013142369794139329,-0.0006323882239653064,0.001417159152500566,0.001589516346723608,0.0013920024811544022,0.0011364657937927244,-0.00038884036250428754,-0.0006818794762756347,-0.000505910579172245,,1.6379684561371104e-05
170,2026-08-31,9022,JP3566800003,21290101W,-0.0003294795788726806,-0.00035970706317292654,0.0013290871147745421,,-0.0004119937290982381,-0.0006290064687569357,,,,-0.0017425808838155109,,,-0.0008168347892885206,-0.0015683227954339598,-0.0021193551289648105,,,-0.0013757217503806663,,-0.00035482416186288687,,,,,,-0.0005181683244825858,,0.0014002882102088926,,0.0012064021503338151,0.001109662355259877,0.0009926093641987087,-0.0006032010751669076,,-0.0005286481332923461,0.0012785240180168149,,0.0012064021503338151,,0.0009884387366180419,,-0.0006323882239653064,0.001417159152500566,0.001589516346723608,,0.0011364657937927244,0.0011364657937927244,,0.001488914046298063,,0.00011111382286839379
171,2026-08-31,9042,JP3774200004,10107001W,-0.0003294795788726806,-0.00035970706317292654,-0.0004506674699522873,,-0.0004119937290982381,,,,,-0.0017425808838155109,,,-0.0008168347892885206,,-0.0021193551289648105,,,-0.0013757217503806663,,-0.00035482416186288687,,-0.0005970772063834871,,,-0.0007763974234821583,-0.0005181683244825858,,,,0.0012064021503338151,0.001109662355259877,0.0009926093641987087,0.0017687851076322854,,0.0020635826255709995,-0.00043483996176542323,,-0.0012189037270212122,,,0.0013142369794139329,,0.001417159152500566,0.001589516346723608,0.0013920024811544022,-0.0003894841379388973,-0.00038884036250428754,-0.0006818794762756347,,,-1.2182255743934982e-05
172,2026-08-31,9101,JP3753000003,10015301W,-0.0003294795788726806,0.0010644724855886605,-0.0004506674699522873,,0.0012189037270212122,-0.0006290064687569357,,,-0.0017171417468255033,,,,-0.0008168347892885206,-0.0015683227954339598,-0.0021193551289648105,,,-0.0013757217503806663,,-0.00035482416186288687,,-0.0005970772063834871,,,-0.0007763974234821583,-0.0005181683244825858,,-0.00035970706317292654,,-0.0004098404517684564,-0.00037760580949453286,-0.0005037439385762183,0.0017687851076322854,,0.0020635826255709995,-0.00043483996176542323,,,,,,-0.0006323882239653064,0.001417159152500566,0.001589516346723608,0.0013920024811544022,0.0011364657937927244,-0.00038884036250428754,-0.0006818794762756347,0.001488914046298063,-0.00117624209657547,2.506370758698961e-05
173,2026-08-31,9104,JP3362700001,10057401W,,0.0010644724855886605,0.0013290871147745421,,0.0012189037270212122,-0.0006290064687569357,,,-0.0017171417468255033,,,,-0.0008168347892885206,-0.0015683227954339598,-0.0021193551289648105,,,-0.0013757217503806663,,-0.00035482416186288687,,-0.0005970772063834871,,,-0.0007763974234821583,-0.0005181683244825858,,,,-0.0004098404517684564,-0.00037760580949453286,,-0.0006032010751669076,,-0.0005286481332923461,,,0.0012064021503338151,,,,-0.0006323882239653064,0.001417159152500566,0.001589516346723608,,0.0011364657937927244,-0.00038884036250428754,-0.0006818794762756347,0.001488914046298063,,-2.166886497709063e-05
174,2026-08-31,9107,JP3223800008,10104201W,,0.0010644724855886605,0.0013290871147745421,,0.0012189037270212122,,,,,0.0017171417468255033,,,-0.0008168347892885206,-0.0015683227954339598,-0.0021193551289648105,,,-0.0013757217503806663,,-0.00035482416186288687,,-0.0005970772063834871,,,-0.0007763974234821583,-0.0005181683244825858,,-0.00035970706317292654,,-0.0004098404517684564,-0.00037760580949453286,-0.0005037439385762183,-0.0006032010751669076,,-0.0005286481332923461,0.0012785240180168149,,,,,,,0.001417159152500566,0.001589516346723608,,0.0011364657937927244,0.0011364657937927244,0.0013366387461084884,0.001488914046298063,-0.00117624209657547,0.0001767066102832507
175,2026-08-31,9202,JP3429800000,10024701W,-0.0003294795788726806,-0.00035970706317292654,0.0013290871147745421,,,,,,-0.0017171417468255033,,,,-0.0008168347892885206,,-0.0021193551289648105,,,,,-0.00035482416186288687,,-0.0005970772063834871,,,,-0.0005181683244825858,,0.0014002882102088926,,0.0012064021503338151,,0.0009926093641987087,,,-0.0005286481332923461,0.0012785240180168149,,0.0012064021503338151,,,0.0013142369794139329,,0.001417159152500566,0.001589516346723608,0.0013920024811544022,0.0011364657937927244,0.0011364657937927244,0.0013366387461084884,-0.000505910579172245,,0.00019968813603125395
176,2026-08-31,9432,JP3735400008,00790801W,-0.0003294795788726806,-0.00035970706317292654,-0.0004506674699522873,,-0.0004119937290982381,,,-0.0006047517206043547,,,,-0.0016684285057808083,,,,,,,,,0.001755585218769358,,,,,-0.0005181683244825858,,,,,-0.00037760580949453286,0.0009926093641987087,,,,,,,,0.0009884387366180419,0.0013142369794139329,,,,,-0.0003894841379388973,-0.00038884036250428754,-0.0006818794762756347,,,3.6908757623510114e-06
177,2026-08-31,9433,JP3496400007,20158401W,-0.0003294795788726806,-0.00035970706317292654,-0.0004506674699522873,,-0.0004119937290982381,,,-0.0006047517206043547,,0.0017171417468255033,,-0.0016684285057808083,,,,,,,,,,,,,,0.0020280036147852926,,,,,-0.00037760580949453286,,,,,,,,,,0.0013142369794139329,,,,,,0.0011364657937927244,,,,1.1936862051080862e-06
178,2026-08-31,9434,JP3732000009,22315002W,-0.0003294795788726806,-0.00035970706317292654,-0.0004506674699522873,,-0.0004119937290982381,-0.0006290064687569357,,,,,,-0.0016684285057808083,,,,,,,,,,,,,,-0.0005181683244825858,,,,,-0.00037760580949453286,,,,,,,,,,0.0013142369794139329,,,,,-0.0003894841379388973,-0.00038884036250428754,-0.0006818794762756347,,,-0.00015419821481167718
179,2026-08-31,9435,JP3783420007,21220001W,-0.0003294795788726806,-0.00035970706317292654,0.0013290871147745421,,-0.0004119937290982381,,,,0.0005794296042243693,,,,,-0.0015683227954339598,0.0007194141263458531,,,-0.0013757217503806663,,-0.00035482416186288687,,-0.0005970772063834871,,,,-0.0005181683244825858,,-0.00035970706317292654,,0.0012064021503338151,0.001109662355259877,,-0.0006032010751669076,,-0.0005286481332923461,-0.00043483996176542323,,-0.0012189037270212122,,,,,0.001417159152500566,0.001589516346723608,,-0.0003894841379388973,-0.00038884036250428754,-0.0006818794762756347,0.001488914046298063,,-1.2501410666242072e-05
180,2026-08-31,9502,JP3526600006,10045001W,0.0009721009062607189,-0.00035970706317292654,,,-0.0004119937290982381,-0.0006290064687569357,,,0.0005794296042243693,,-0.002450504367865562,0.0016566790092612251,,,0.0007194141263458531,,,,,-0.00035482416186288687,,-0.0005970772063834871,,,,,,,,,,-0.0005037439385762183,,0.002425241436238082,-0.0005286481332923461,,,,,,0.0013142369794139329,-0.0006323882239653064,0.001417159152500566,0.001589516346723608,0.0013920024811544022,-0.0003894841379388973,,,0.001488914046298063,-0.00117624209657547,0.0001221041096281404
181,2026-08-31,9503,JP3228600007,10030201W,-0.0003294795788726806,0.0010644724855886605,,,0.0012189037270212122,-0.0006290064687569357,,,0.0005794296042243693,,,,,,0.0007194141263458531,,,,-0.00045590778937033713,0.0013920024811544022,,-0.0005970772063834871,,,,,,,,-0.0004098404517684564,,-0.0005037439385762183,0.0017687851076322854,0.002425241436238082,0.0020635826255709995,,,,,,0.0013142369794139329,-0.0006323882239653064,0.001417159152500566,0.001589516346723608,0.0013920024811544022,0.0011364657937927244,0.0011364657937927244,0.0013366387461084884,0.001488914046298063,,0.00043455311727583207
182,2026-08-31,9531,JP3573000001,10084801W,0.0009721009062607189,-0.00035970706317292654,,,-0.0004119937290982381,-0.0006290064687569357,,,0.0005794296042243693,,0.002450504367865562,,,0.0015683227954339598,0.0007194141263458531,,,0.0013677233681110115,0.0013366387461084884,0.0013920024811544022,,0.0017425808838155109,,,,,,,,0.0012064021503338151,,0.0009926093641987087,0.0017687851076322854,0.002425241436238082,0.0020635826255709995,,,,,,,-0.0006323882239653064,0.001417159152500566,0.001589516346723608,0.0013920024811544022,0.0011364657937927244,0.0011364657937927244,0.0013366387461084884,0.001488914046298063,-0.00117624209657547,0.0006889340997111746
183,2026-08-31,9532,JP3180400008,10084601W,0.0009721009062607189,-0.00035970706317292654,,,-0.0004119937290982381,-0.0006290064687569357,,,0.0005794296042243693,0.0017171417468255033,,,,,0.0007194141263458531,,,0.0013677233681110115,,0.0013920024811544022,,0.0017425808838155109,,,,,,,,0.0012064021503338151,,,0.0017687851076322854,0.002425241436238082,-0.0005286481332923461,,,,,-0.0009968153360809067,,,0.001417159152500566,0.001589516346723608,0.0013920024811544022,0.0011364657937927244,0.0011364657937927244,0.0013366387461084884,,-0.00117624209657547,0.00043371348105159245
184,2026-08-31,9602,JP3598600009,10274401W,-0.0003294795788726806,-0.00035970706317292654,-0.0004506674699522873,,-0.0004119937290982381,-0.0006290064687569357,,,,0.0017171417468255033,,-0.0016684285057808083,,,,,,,,,-0.0009013349399045746,,,,,-0.0005181683244825858,,,,,-0.00037760580949453286,,,,,,,,,-0.0009968153360809067,,,,,,-0.0003894841379388973,-0.00038884036250428754,,,,-0.00016145819191339561
185,2026-08-31,9697,JP3218900003,20109901W,,,-0.0004506674699522873,,,,,,,0.0017171417468255033,-0.002450504367865562,,,,,,,,,,-0.0009013349399045746,,,,,0.0020280036147852926,,,,,-0.00037760580949453286,-0.0005037439385762183,,,,,,,,-0.0009968153360809067,-0.0013290871147745421,,,,,-0.0003894841379388973,-0.00038884036250428754,-0.0006818794762756347,,,-0.00022457390605525664
186,2026-08-31,9735,JP3421800008,01974101W,0.0009721009062607189,-0.00035970706317292654,,,-0.0004119937290982381,,,,,0.0017171417468255033,,,-0.0008168347892885206,-0.0015683227954339598,,,,,,-0.00035482416186288687,,,,,-0.0007763974234821583,0.0020280036147852926,,0.0014002882102088926,,-0.0004098404517684564,-0.00037760580949453286,,-0.0006032010751669076,,-0.0005286481332923461,,,,,,,,,,,0.0011364657937927244,,,-0.000505910579172245,-0.00117624209657547,6.183044743749337e-06
187,2026-08-31,9766,JP3300200007,20059501W,0.0009721009062607189,0.0010644724855886605,,,0.0012189037270212122,,,,,0.0017171417468255033,,,,,,,,,,,-0.0009013349399045746,,,,,0.0020280036147852926,,,,,-0.00037760580949453286,,,,,,,,,-0.0009968153360809067,-0.0013290871147745421,,,,,-0.0003894841379388973,-0.00038884036250428754,-0.0006818794762756347,,,-4.4401921245202435e-05
188,2026-08-31,9843,JP3756100008,22181201W,,-0.00035970706317292654,0.0013290871147745421,,-0.0004119937290982381,,,-0.0006047517206043547,,,-0.002450504367865562,,-0.0008168347892885206,-0.0015683227954339598,,-0.0007351513103596687,,,0.0013366387461084884,-0.00035482416186288687,-0.0009013349399045746,-0.0005970772063834871,,,,-0.0005181683244825858,,0.0014002882102088926,,,,-0.0005037439385762183,-0.0006032010751669076,0.002425241436238082,,0.0012785240180168149,0.003222581086508136,,,,,,,,,,,0.0013366387461084884,,-0.00117624209657547,-2.7886668370448427e-05
189,2026-08-31,9983,JP3802300008,21294801W,,0.0010644724855886605,,,,,,,,,,,,,,-0.0007351513103596687,,,,-0.00035482416186288687,-0.0009013349399045746,,,,,0.0020280036147852926,,-0.00035970706317292654,,-0.0004098404517684564,-0.00037760580949453286,-0.0005037439385762183,0.0017687851076322854,-0.0006207082303828337,,-0.00043483996176542323,,,,,-0.0013290871147745421,,,,,-0.0003894841379388973,-0.00038884036250428754,-0.0006818794762756347,,,-0.00017552412589507972
190,2026-08-31,9984,JP3436100006,20422201W,0.0009721009062607189,-0.00035970706317292654,0.0013290871147745421,,-0.0004119937290982381,-0.0006290064687569357,,0.001782184994811318,,,-0.002450504367865562,-0.0016684285057808083,,,,,,,,,-0.0009013349399045746,,,,,-0.0005181683244825858,,,,,0.001109662355259877,,,,,,,,,0.0009884387366180419,,,,,,-0.0003894841379388973,-0.00038884036250428754,-0.0006818794762756347,,,-0.0002809337213495692
191,2026-08-31,9CI,SGXE62145532,35029801W,-0.0003294795788726806,,,,,,,,,,,,,,,,0.0010596775644824052,,,,,,,,,,,-0.00035970706317292654,,,,-0.0005037439385762183,-0.0006032010751669076,-0.0006207082303828337,-0.0005286481332923461,,-0.0032673391571540825,,,,,,,,,-0.0003894841379388973,-0.00038884036250428754,-0.0006818794762756347,,,-0.00017019043199176554
192,2026-08-31,A,US00846U1016,12655401,-0.0003294795788726806,,,,,,,,,,,,,,,,,,,-0.00035482416186288687,,-0.0005970772063834871,,,,,,-0.00035970706317292654,,,-0.00037760580949453286,,,-0.0006207082303828337,,-0.00043483996176542323,,,,,,,,-0.0008084138120793607,,-0.0003894841379388973,-0.00038884036250428754,-0.0006818794762756347,-0.000505910579172245,,-0.0001445011823201799
193,2026-08-31,A17U,SG1M77906915,25607801W,-0.0003294795788726806,,,,,,,,,,,,,,,,0.0010596775644824052,,,,,,,,,,,0.0014002882102088926,,,,-0.0005037439385762183,-0.0006032010751669076,-0.0006207082303828337,-0.0005286481332923461,,,0.0012064021503338151,,-0.0009968153360809067,,-0.0006323882239653064,,,,0.0011364657937927244,0.0011364657937927244,0.0013366387461084884,,,0.00011892985466953599
194,2026-08-31,A5G,IE00BF0L3536,01550501W,-0.0003294795788726806,-0.00035970706317292654,0.0013290871147745421,,-0.0004119937290982381,-0.0006290064687569357,,-0.0006047517206043547,0.0005794296042243693,,-0.002450504367865562,0.0016566790092612251,,,,0.002219324710519754,0.0010596775644824052,,,,0.001755585218769358,,,,,,,,,,-0.00037760580949453286,-0.0005037439385762183,0.0017687851076322854,,0.0020635826255709995,,,,,,,,0.001417159152500566,0.001589516346723608,,,,,,,0.00025832542273323845
195,2026-08-31,A6I,KYG4124C1096,03696501W,,,,,,,,,0.0005794296042243693,0.0017171417468255033,,,-0.0008168347892885206,-0.0015683227954339598,0.0007194141263458531,,,-0.0013757217503806663,,-0.00035482416186288687,,,,,0.0015275871384097012,,,-0.00035970706317292654,,0.0012064021503338151,0.001109662355259877,,,,,-0.00043483996176542323,,-0.0012189037270212122,,,,,-0.0007216209181444601,-0.0008084138120793607,,-0.0003894841379388973,-0.00038884036250428754,-0.0006818794762756347,-0.000505910579172245,-0.00117624209657547,-7.449397815056473e-05
196,2026-08-31,AAF,GB00BKDRYJ47,33273901W,-0.0003294795788726806,-0.00035970706317292654,,,-0.0004119937290982381,0.0012316671168329527,,,,0.0017171417468255033,,0.0016566790092612251,,,,,,,,,0.001755585218769358,,,,,-0.0005181683244825858,,,,,,0.0009926093641987087,,,,,,,,-0.0009968153360809067,,,,,,0.0011364657937927244,0.0011364657937927244,0.0013366387461084884,,,0.0003964288163878086
197,2026-08-31,AAL,GB00BTK05J60,01550802W,,-0.00035970706317292654,-0.0004506674699522873,,-0.0004119937290982381,,,-0.0006047517206043547,,,,,,,,0.002219324710519754,,,,-0.00035482416186288687,0.001755585218769358,0.0017425808838155109,,,,-0.0005181683244825858,,-0.00035970706317292654,,-0.0004098404517684564,-0.00037760580949453286,,,,,-0.00043483996176542323,,,,0.0009884387366180419,,-0.0006323882239653064,-0.0007216209181444601,,,,,,,,8.83305320308286e-05
198,2026-08-31,AAPL,US0378331005,00169001,-0.0003294795788726806,-0.00035970706317292654,-0.0004506674699522873,-0.001408673169551461,-0.0004119937290982381,-0.0006290064687569357,-0.002800576420417785,-0.0006047517206043547,,,,0.0016566790092612251,,0.0015683227954339598,,,,0.0013677233681110115,-0.00045590778937033713,0.0013920024811544022,,,,,0.0015275871384097012,-0.0005181683244825858,0.0034595355781631464,-0.00035970706317292654,,-0.0004098404517684564,,-0.0005037439385762183,,,,,,,,0.0009884387366180419,,-0.0006323882239653064,,,,,,,,0.0011588592084487387,6.635974806171795e-05
199,2026-08-31,ABBN,CH0012221716,21041801W,,,,,,,,,0.0005794296042243693,,,,,,0.0007194141263458531,,,,,-0.00035482416186288687,,0.0017425808838155109,,,0.0015275871384097012,,,-0.00035970706317292654,,,,,-0.0006032010751669076,,-0.0005286481332923461,-0.00043483996176542323,,,,,,,-0.0007216209181444601,-0.0008084138120793607,,-0.0003894841379388973,-0.00038884036250428754,,-0.000505910579172245,,-6.615110786305917e-05
200,2026-08-31,ABBV,US00287Y1091,01610101,-0.0003294795788726806,-0.00035970706317292654,,,,0.0012316671168329527,0.0026732774922169768,,0.0005794296042243693,,,,,,0.0007194141263458531,,,,-0.00045590778937033713,-0.00035482416186288687,0.001755585218769358,-0.0005970772063834871,,,-0.0007763974234821583,,,0.0014002882102088926,0.0036192064510014456,-0.0004098404517684564,-0.00037760580949453286,-0.0005037439385762183,,-0.0006207082303828337,,,-0.0032673391571540825,,,0.0009884387366180419,,-0.0006323882239653064,-0.0007216209181444601,,,-0.0003894841379388973,-0.00038884036250428754,-0.0006818794762756347,-0.000505910579172245,,4.914107101894873e-05
201,2026-08-31,ABF,GB0006731235,01740401W,-0.0003294795788726806,-0.00035970706317292654,,,,-0.0006290064687569357,,,,,,,-0.0008168347892885206,,,,0.0010596775644824052,,-0.00045590778937033713,-0.00035482416186288687,-0.0009013349399045746,,,,-0.0007763974234821583,,,-0.00035970706317292654,,-0.0004098404517684564,-0.00037760580949453286,,,,,-0.00043483996176542323,0.003222581086508136,,,,,-0.0006323882239653064,0.001417159152500566,,,0.0011364657937927244,,,0.001488914046298063,-0.00117624209657547,8.007956795185497e-05
202,2026-08-31,ABI,BE0974293251,24163701W,0.0009721009062607189,0.0010644724855886605,,,,0.0012316671168329527,,,,,,,-0.0008168347892885206,-0.0015683227954339598,-0.0021193551289648105,,0.0010596775644824052,-0.0013757217503806663,,-0.00035482416186288687,-0.0009013349399045746,,,,,,,-0.00035970706317292654,,-0.0004098404517684564,,-0.0005037439385762183,,,,-0.00043483996176542323,,,,0.0009884387366180419,,,-0.0007216209181444601,-0.0008084138120793607,-0.0014002882102088926,-0.0003894841379388973,,,-0.000505910579172245,,-0.00024398812276872373
203,2026-08-31,ABN,NL0011540547,32076490W,0.0009721009062607189,0.0010644724855886605,-0.0004506674699522873,,0.0012189037270212122,0.0012316671168329527,,0.001782184994811318,0.0005794296042243693,,-0.002450504367865562,,,,,0.002219324710519754,0.0010596775644824052,,-0.00045590778937033713,,0.001755585218769358,,,,,,,,,,-0.00037760580949453286,-0.0005037439385762183,-0.0006032010751669076,,-0.0005286481332923461,,,,,,0.0013142369794139329,0.0012447006312967933,,,,,,,,,0.0001858936481523003
204,2026-08-31,ABNB,US0090661010,03746001,0.0009721009062607189,,-0.0004506674699522873,,-0.0004119937290982381,,,-0.0006047517206043547,,,,,,,,0.002219324710519754,,,-0.00045590778937033713,-0.00035482416186288687,-0.0009013349399045746,-0.0005970772063834871,-0.00560115284083557,,,-0.0005181683244825858,,-0.00035970706317292654,,,-0.00037760580949453286,,,,,-0.00043483996176542323,,,,,,,,,,-0.0003894841379388973,,0.0013366387461084884,,,-9.269717952882006e-05
205,2026-08-31,ABT,US0028241000,00107801,-0.0003294795788726806,-0.00035970706317292654,,,,,,,0.0005794296042243693,,,,,,0.0007194141263458531,,,,-0.00045590778937033713,-0.00035482416186288687,0.001755585218769358,,,,-0.0007763974234821583,,,-0.00035970706317292654,-0.003675756551798343,-0.0004098404517684564,-0.00037760580949453286,,,-0.0006207082303828337,,-0.00043483996176542323,,,,0.0009884387366180419,,-0.0006323882239653064,,,,-0.0003894841379388973,-0.00038884036250428754,-0.0006818794762756347,,,-3.160890298728658e-05
206,2026-08-31,ABVX,FR0012333284,31991901W,0.0009721009062607189,-0.00035970706317292654,,,,,,,0.0005794296042243693,,,,,,,,,-0.0013757217503806663,-0.00045590778937033713,-0.00035482416186288687,-0.0009013349399045746,,,,-0.0007763974234821583,,,,,-0.0004098404517684564,-0.00037760580949453286,-0.0005037439385762183,,-0.0006207082303828337,,-0.00043483996176542323,-0.0032673391571540825,,,-0.0009968153360809067,-0.0013290871147745421,,-0.0007216209181444601,-0.0008084138120793607,-0.0014002882102088926,-0.0003894841379388973,-0.00038884036250428754,-0.0006818794762756347,-0.000505910579172245,-0.00117624209657547,-0.0004627522283787194
207,2026-08-31,ABX,CA06849F1080,00205501C,-0.0003294795788726806,,0.0013290871147745421,,-0.0004119937290982381,0.0012316671168329527,,,,,,0.0016566790092612251,0.0014611703063049314,,,0.002219324710519754,,,0.0013366387461084884,-0.00035482416186288687,0.001755585218769358,-0.0005970772063834871,,,0.0015275871384097012,0.0020280036147852926,,0.0014002882102088926,,0.0012064021503338151,0.001109662355259877,0.0009926093641987087,,,,0.0012785240180168149,,0.0012064021503338151,,0.0009884387366180419,,0.0012447006312967933,0.001417159152500566,,,0.0011364657937927244,0.0011364657937927244,0.0013366387461084884,,,0.0006197103197998464
208,2026-08-31,AC,FR0000120404,10000101W,-0.0003294795788726806,-0.00035970706317292654,-0.0004506674699522873,,-0.0004119937290982381,,,-0.0006047517206043547,,,-0.002450504367865562,,,,,-0.0007351513103596687,,-0.0013757217503806663,-0.00045590778937033713,-0.00035482416186288687,-0.0009013349399045746,,,,-0.0007763974234821583,,,-0.00035970706317292654,,-0.0004098404517684564,-0.00037760580949453286,-0.0005037439385762183,,-0.0006207082303828337,,-0.00043483996176542323,,,,,,,,,,-0.0003894841379388973,-0.00038884036250428754,,,,-0.00042932866253261084
209,2026-08-31,ACA,FR0000045072,02456302W,,-0.00035970706317292654,-0.0004506674699522873,,,,,-0.0006047517206043547,0.0005794296042243693,,,,-0.0008168347892885206,,,0.002219324710519754,0.0010596775644824052,,-0.00045590778937033713,,,,,,,,,,,,-0.00037760580949453286,-0.0005037439385762183,-0.0006032010751669076,,-0.0005286481332923461,,,,,0.0009884387366180419,0.0013142369794139329,0.0012447006312967933,0.001417159152500566,0.001589516346723608,,,,,0.001488914046298063,0.0011588592084487387,0.00018169396541056925
210,2026-08-31,ACGL,BMG0450A1053,06130201,-0.0003294795788726806,-0.00035970706317292654,-0.0004506674699522873,,-0.0004119937290982381,-0.0006290064687569357,-0.002800576420417785,-0.0006047517206043547,0.0005794296042243693,,0.002450504367865562,,,,,-0.0007351513103596687,,,0.0013366387461084884,,-0.0009013349399045746,,,,,,,,,0.0012064021503338151,0.001109662355259877,,-0.0006032010751669076,0.002425241436238082,-0.0005286481332923461,0.0012785240180168149,,,-0.0014611703063049314,,,-0.0006323882239653064,0.001417159152500566,0.001589516346723608,,0.0011364657937927244,0.0011364657937927244,,0.001488914046298063,-0.00117624209657547,0.0002480493618794809
211,2026-08-31,ACS,ES0167050915,22218601W,,-0.00035970706317292654,0.0013290871147745421,,-0.0004119937290982381,,,,0.0005794296042243693,,,,0.0014611703063049314,0.0015683227954339598,0.0007194141263458531,,,0.0013677233681110115,,-0.00035482416186288687,,0.0017425808838155109,,,-0.0007763974234821583,,,-0.00035970706317292654,,,,0.0009926093641987087,,,-0.0005286481332923461,-0.00043483996176542323,,,,0.0009884387366180419,0.0013142369794139329,,,-0.0008084138120793607,0.0013920024811544022,0.0011364657937927244,0.0011364657937927244,0.0013366387461084884,-0.000505910579172245,0.0011588592084487387,0.0001846136032834603
212,2026-08-31,AD,NL0011794037,02366702W,-0.0003294795788726806,-0.00035970706317292654,,,,,,,,,,0.0016566790092612251,,0.0015683227954339598,0.0007194141263458531,,0.0010596775644824052,0.0013677233681110115,,0.0013920024811544022,-0.0009013349399045746,,,,,,,-0.00035970706317292654,,0.0012064021503338151,0.001109662355259877,0.0009926093641987087,,,,-0.00043483996176542323,,,,,0.0013142369794139329,0.0012447006312967933,0.001417159152500566,0.001589516346723608,0.0013920024811544022,0.0011364657937927244,0.0011364657937927244,0.0013366387461084884,0.001488914046298063,,0.0004976711823883323
213,2026-08-31,ADBE,US00724F1012,01254001,,-0.00035970706317292654,-0.0004506674699522873,0.002735446736222023,0.0012189037270212122,0.0012316671168329527,0.0026732774922169768,-0.0006047517206043547,,,,0.0016566790092612251,,0.0015683227954339598,,,,,-0.00045590778937033713,0.0013920024811544022,,,,,,-0.0005181683244825858,,-0.00035970706317292654,0.0036192064510014456,0.0012064021503338151,0.001109662355259877,,,,,0.0012785240180168149,,0.0012064021503338151,,,,0.0012447006312967933,,,,,,,,,0.0004326511457159804
214,2026-08-31,ADDT B,SE0014781795,24731801W,-0.0003294795788726806,-0.00035970706317292654,-0.0004506674699522873,,-0.0004119937290982381,-0.0006290064687569357,,,0.0005794296042243693,,,,-0.0008168347892885206,,0.0007194141263458531,,,,,-0.00035482416186288687,,,,,,0.0020280036147852926,,-0.00035970706317292654,,-0.0004098404517684564,-0.00037760580949453286,-0.0005037439385762183,,,-0.0005286481332923461,-0.00043483996176542323,,,,-0.0009968153360809067,-0.0013290871147745421,-0.0006323882239653064,-0.0007216209181444601,-0.0008084138120793607,,-0.0003894841379388973,-0.00038884036250428754,,-0.000505910579172245,,-0.00012176724460237929
215,2026-08-31,ADI,US0326541051,00163201,,,-0.0004506674699522873,,,,,,,,0.002450504367865562,0.0016566790092612251,,-0.0015683227954339598,,,,-0.0013757217503806663,0.0013366387461084884,-0.00035482416186288687,,,,,,-0.0005181683244825858,,0.0014002882102088926,,,-0.00037760580949453286,,,,,-0.00043483996176542323,,,,0.0009884387366180419,,,,,,,,,,,0.00017198623930132385
216,2026-08-31,ADM,GB00B02J6398,27097901W,-0.0003294795788726806,-0.00035970706317292654,-0.0004506674699522873,,-0.0004119937290982381,-0.0006290064687569357,,-0.0006047517206043547,-0.0017171417468255033,,,0.0016566790092612251,,,,-0.0007351513103596687,-0.0031366455908679197,,-0.00045590778937033713,,,,,,,,,,,-0.0004098404517684564,-0.00037760580949453286,,0.0017687851076322854,-0.0006207082303828337,0.0020635826255709995,-0.00043483996176542323,,,,-0.0009968153360809067,,,,,,-0.0003894841379388973,-0.00038884036250428754,,-0.000505910579172245,,-9.849798476807786e-05
217,2026-08-31,ADM,US0394831020,00172201,0.0009721009062607189,0.0010644724855886605,,0.002735446736222023,,,,,,,,,-0.0008168347892885206,,0.0007194141263458531,,,,-0.00045590778937033713,-0.00035482416186288687,0.001755585218769358,,,,-0.0007763974234821583,,,-0.00035970706317292654,,-0.0004098404517684564,-0.00037760580949453286,-0.0005037439385762183,,,,0.0012785240180168149,0.003222581086508136,0.0012064021503338151,-0.0014611703063049314,,0.0013142369794139329,,-0.0007216209181444601,-0.0008084138120793607,0.0013920024811544022,0.0011364657937927244,0.0011364657937927244,0.0013366387461084884,0.001488914046298063,,0.0004550645597545735
218,2026-08-31,ADP,FR0010340141,27814201W,-0.0003294795788726806,-0.00035970706317292654,-0.0004506674699522873,,-0.0004119937290982381,0.0012316671168329527,,,-0.0017171417468255033,-0.0017425808838155109,,,,,-0.0021193551289648105,,,-0.0013757217503806663,,-0.00035482416186288687,,-0.0005970772063834871,,,0.0015275871384097012,-0.0005181683244825858,,-0.00035970706317292654,,0.0012064021503338151,0.001109662355259877,,0.0017687851076322854,,0.0020635826255709995,-0.00043483996176542323,,-0.0012189037270212122,,,,0.0012447006312967933,,,,,-0.00038884036250428754,-0.0006818794762756347,-0.000505910579172245,0.0011588592084487387,-0.00010658762086443164
219,2026-08-31,ADP,US0530151036,00189101,-0.0003294795788726806,-0.00035970706317292654,-0.0004506674699522873,,-0.0004119937290982381,,,,0.0005794296042243693,0.0017171417468255033,,,,0.0015683227954339598,0.0007194141263458531,,,,,0.0013920024811544022,,-0.0005970772063834871,,,,0.0020280036147852926,-0.001755585218769358,-0.00035970706317292654,,-0.0004098404517684564,-0.00037760580949453286,-0.0005037439385762183,-0.0006032010751669076,,-0.0005286481332923461,-0.00043483996176542323,,,-0.0014611703063049314,0.0009884387366180419,0.0013142369794139329,,,,,-0.0003894841379388973,-0.00038884036250428754,,-0.000505910579172245,0.0011588592084487387,6.214139235408951e-05
220,2026-08-31,ADS,DE000A1EWWW0,22124401W,,-0.00035970706317292654,-0.0004506674699522873,,-0.0004119937290982381,,,-0.0006047517206043547,,,,,-0.0008168347892885206,,,-0.0007351513103596687,,0.0013677233681110115,,-0.00035482416186288687,-0.0009013349399045746,0.0017425808838155109,,,,-0.0005181683244825858,,-0.00035970706317292654,,-0.0004098404517684564,,,0.0017687851076322854,0.002425241436238082,,-0.00043483996176542323,,-0.0012189037270212122,,,,,,,,-0.0003894841379388973,-0.00038884036250428754,-0.0006818794762756347,,,-0.00011369124937590104
221,2026-08-31,ADSK,US0527691069,00187801,-0.0003294795788726806,-0.00035970706317292654,-0.0004506674699522873,-0.001408673169551461,-0.0004119937290982381,,,0.001782184994811318,,,,0.0016566790092612251,,0.0015683227954339598,,,,,,-0.00035482416186288687,,,,,,0.0020280036147852926,0.0034595355781631464,-0.00035970706317292654,,0.0012064021503338151,-0.00037760580949453286,,,,,0.0012785240180168149,,0.0012064021503338151,-0.0014611703063049314,,,,,,,,,,,0.0011588592084487387,0.0002327485428533194
222,2026-08-31,ADYEN,NL0012969182,32740101W,-0.0003294795788726806,-0.00035970706317292654,-0.0004506674699522873,,-0.0004119937290982381,,,-0.0006047517206043547,-0.0017171417468255033,,,,0.0014611703063049314,,,-0.0007351513103596687,,,-0.00045590778937033713,,-0.0009013349399045746,,,,,,,,,-0.0004098404517684564,-0.00037760580949453286,-0.0005037439385762183,,-0.0006207082303828337,,-0.00043483996176542323,,-0.0012189037270212122,,-0.0009968153360809067,,,-0.0007216209181444601,-0.0008084138120793607,-0.0014002882102088926,-0.0003894841379388973,-0.00038884036250428754,,-0.000505910579172245,-0.00117624209657547,-0.0002769313637887824
223,2026-08-31,AEE,US0236081024,01086001,-0.0003294795788726806,-0.00035970706317292654,,,-0.0004119937290982381,,,0.001782184994811318,-0.0017171417468255033,,,0.0016566790092612251,,,,,,,,-0.00035482416186288687,,,0.006190747876712999,,,,0.0034595355781631464,,,,,,,-0.0006207082303828337,-0.0005286481332923461,,,,,,,,,,,,-0.00038884036250428754,-0.0006818794762756347,-0.000505910579172245,,4.2261009942550697e-05
224,2026-08-31,AEM,CA0084741085,00118601C,-0.0003294795788726806,-0.00035970706317292654,,,-0.0004119937290982381,,,,,0.0017171417468255033,,0.0016566790092612251,0.0014611703063049314,,,0.002219324710519754,,,0.0013366387461084884,0.0013920024811544022,0.001755585218769358,,0.006190747876712999,0.005227742651446533,0.0015275871384097012,0.0020280036147852926,,0.0014002882102088926,,0.0012064021503338151,0.001109662355259877,,,,,0.0012785240180168149,,0.0012064021503338151,,0.0009884387366180419,,,0.001417159152500566,,,-0.0003894841379388973,0.0011364657937927244,,,,0.0006460571474714928
225,2026-08-31,AENA,ES0105046017,31921901W,-0.0003294795788726806,-0.00035970706317292654,,,-0.0004119937290982381,-0.0006290064687569357,,,,-0.0017425808838155109,,,,-0.0015683227954339598,-0.0021193551289648105,,,-0.0013757217503806663,,-0.00035482416186288687,,-0.0005970772063834871,,,,,,-0.00035970706317292654,,-0.0004098404517684564,,-0.0005037439385762183,0.0017687851076322854,,0.0020635826255709995,-0.00043483996176542323,,,,,-0.0013290871147745421,,,,-0.0014002882102088926,,-0.00038884036250428754,-0.0006818794762756347,-0.000505910579172245,,-0.00018300017681393036
226,2026-08-31,AEP,US0255371017,00144001,-0.0003294795788726806,-0.00035970706317292654,,,-0.0004119937290982381,,,-0.0006047517206043547,,,,,,,,,,,0.0013366387461084884,-0.00035482416186288687,,-0.0005970772063834871,-0.00560115284083557,0.005227742651446533,,,,,,,,,-0.0006032010751669076,-0.0006207082303828337,-0.0005286481332923461,,,,,0.0009884387366180419,,,,,,-0.0003894841379388973,-0.00038884036250428754,,-0.000505910579172245,,-8.344082146817534e-05
227,2026-08-31,AER,NL0000687663,17609201,0.0009721009062607189,0.0010644724855886605,0.0013290871147745421,0.002735446736222023,0.0012189037270212122,0.0012316671168329527,0.0026732774922169768,,-0.0017171417468255033,-0.0017425808838155109,,,,-0.0015683227954339598,-0.0021193551289648105,,,-0.0013757217503806663,,-0.00035482416186288687,,-0.0005970772063834871,,,,-0.0005181683244825858,-0.001755585218769358,-0.00035970706317292654,,0.0012064021503338151,0.001109662355259877,0.0009926093641987087,0.0017687851076322854,,-0.0005286481332923461,0.0012785240180168149,,0.0012064021503338151,,0.0009884387366180419,,0.0012447006312967933,0.001417159152500566,0.001589516346723608,,0.0011364657937927244,-0.00038884036250428754,-0.0006818794762756347,0.001488914046298063,0.0011588592084487387,0.00022707589152273737
228,2026-08-31,AFL,US0010551028,00144901,-0.0003294795788726806,-0.00035970706317292654,-0.0004506674699522873,-0.001408673169551461,-0.0004119937290982381,-0.0006290064687569357,,-0.0006047517206043547,0.0005794296042243693,,,,,,,-0.0007351513103596687,,,0.0013366387461084884,,,,,,,,,,,,,-0.0005037439385762183,,-0.0006207082303828337,-0.0005286481332923461,-0.00043483996176542323,,,,,,,,,,-0.0003894841379388973,-0.00038884036250428754,,,,-6.099986127806881e-05
229,2026-08-31,AFRM,US00827B1061,03741301,-0.0003294795788726806,-0.00035970706317292654,-0.0004506674699522873,-0.001408673169551461,-0.0004119937290982381,0.0012316671168329527,,-0.0006047517206043547,-0.0017171417468255033,-0.0017425808838155109,-0.002450504367865562,,,,,-0.0007351513103596687,-0.0031366455908679197,,0.0013366387461084884,,-0.0009013349399045746,,,,,,,,,,,,,0.002425241436238082,,-0.00043483996176542323,,,-0.0014611703063049314,-0.0009968153360809067,,-0.0006323882239653064,-0.0007216209181444601,-0.0008084138120793607,-0.0014002882102088926,-0.0003894841379388973,-0.00038884036250428754,,-0.000505910579172245,-0.00117624209657547,-0.0003606780146334932
230,2026-08-31,AGI,CA0115321089,12345501C,-0.0003294795788726806,-0.00035970706317292654,,,-0.0004119937290982381,0.0012316671168329527,,0.001782184994811318,,0.0017171417468255033,,0.0016566790092612251,0.0014611703063049314,,,0.002219324710519754,,,0.0013366387461084884,0.0013920024811544022,,0.0017425808838155109,,0.005227742651446533,0.0015275871384097012,-0.0005181683244825858,,-0.00035970706317292654,,0.0012064021503338151,0.001109662355259877,,,,,,,0.0012064021503338151,,-0.0009968153360809067,,0.0012447006312967933,0.001417159152500566,,,,-0.00038884036250428754,,,,0.0005117712136921842
231,2026-08-31,AGN,BMG0112X1056,01559801W,-0.0003294795788726806,,-0.0004506674699522873,,,,,-0.0006047517206043547,0.0005794296042243693,0.0017171417468255033,-0.002450504367865562,,,,,-0.0007351513103596687,0.0010596775644824052,,,,-0.0009013349399045746,,,,,,,,,,0.001109662355259877,-0.0005037439385762183,,-0.0006207082303828337,-0.0005286481332923461,-0.00043483996176542323,,,,,,,,,0.0013920024811544022,-0.0003894841379388973,-0.00038884036250428754,,-0.000505910579172245,0.0011588592084487387,-0.0001189517764955486
232,2026-08-31,AGS,BE0974264930,01644701W,-0.0003294795788726806,-0.00035970706317292654,0.0013290871147745421,,-0.0004119937290982381,-0.0006290064687569357,,-0.0006047517206043547,,,,,,,,-0.0007351513103596687,0.0010596775644824052,,0.0013366387461084884,,-0.0009013349399045746,,,,,,,,,0.0012064021503338151,0.001109662355259877,,-0.0006032010751669076,-0.0006207082303828337,-0.0005286481332923461,0.0012785240180168149,,0.0012064021503338151,,,,-0.0006323882239653064,0.001417159152500566,0.001589516346723608,0.0013920024811544022,-0.0003894841379388973,0.0011364657937927244,,0.001488914046298063,,0.00019156773469871836
233,2026-08-31,AI,FR0000120073,10120201W,-0.0003294795788726806,-0.00035970706317292654,-0.0004506674699522873,,-0.0004119937290982381,-0.0006290064687569357,,-0.0006047517206043547,,,,,,,,0.002219324710519754,,,-0.00045590778937033713,-0.00035482416186288687,,-0.0005970772063834871,,,-0.0007763974234821583,-0.0005181683244825858,,-0.00035970706317292654,,-0.0004098404517684564,-0.00037760580949453286,-0.0005037439385762183,,,,-0.00043483996176542323,,,,0.0009884387366180419,,,-0.0007216209181444601,,,-0.0003894841379388973,-0.00038884036250428754,-0.0006818794762756347,,,-0.00013232108200225112
234,2026-08-31,AIA,NZAIAE0002S6,22276101W,-0.0003294795788726806,-0.00035970706317292654,0.0013290871147745421,,-0.0004119937290982381,,,,-0.0017171417468255033,,,,,-0.0015683227954339598,-0.0021193551289648105,,,-0.0013757217503806663,,-0.00035482416186288687,,-0.0005970772063834871,,,0.0015275871384097012,-0.0005181683244825858,,,,0.0012064021503338151,0.001109662355259877,-0.0005037439385762183,-0.0006032010751669076,,-0.0005286481332923461,,,,,-0.0009968153360809067,-0.0013290871147745421,,-0.0007216209181444601,-0.0008084138120793607,-0.0014002882102088926,-0.0003894841379388973,-0.00038884036250428754,-0.0006818794762756347,-0.000505910579172245,-0.00117624209657547,-0.00022117160185821687
235,2026-08-31,AIG,US0268747849,00148701,-0.0003294795788726806,-0.00035970706317292654,0.0013290871147745421,,,-0.0006290064687569357,,,0.0005794296042243693,,-0.002450504367865562,,,,,-0.0007351513103596687,,,,,,,,,,,,,,0.0012064021503338151,,0.0009926093641987087,-0.0006032010751669076,-0.0006207082303828337,-0.0005286481332923461,,,,0.002834318305001132,,,-0.0006323882239653064,,,,,,,0.001488914046298063,,-4.36772889300395e-05
236,2026-08-31,AIR,NL0000235190,22083302W,-0.0003294795788726806,-0.00035970706317292654,0.0013290871147745421,,-0.0004119937290982381,,,,,0.0017171417468255033,,,-0.0008168347892885206,,,,,0.0013677233681110115,,0.0013920024811544022,,0.0017425808838155109,,,,0.0020280036147852926,,-0.00035970706317292654,,,,,-0.0006032010751669076,,-0.0005286481332923461,-0.00043483996176542323,,0.0012064021503338151,,0.0009884387366180419,0.0013142369794139329,,,,,-0.0003894841379388973,-0.00038884036250428754,,-0.000505910579172245,0.0011588592084487387,0.00016144577681487525
237,2026-08-31,AJG,US3635761097,00497301,-0.0003294795788726806,-0.00035970706317292654,-0.0004506674699522873,-0.001408673169551461,-0.0004119937290982381,,,-0.0006047517206043547,,,,,,,,-0.0007351513103596687,,,-0.00045590778937033713,,-0.0009013349399045746,,,,,,-0.001755585218769358,,,-0.0004098404517684564,-0.00037760580949453286,,-0.0006032010751669076,-0.0006207082303828337,-0.0005286481332923461,-0.00043483996176542323,,,-0.0014611703063049314,,,-0.0006323882239653064,-0.0007216209181444601,-0.0008084138120793607,,-0.0003894841379388973,-0.00038884036250428754,,-0.000505910579172245,-0.00117624209657547,-0.00023796888110997887
238,2026-08-31,AKRBP,NO0010345853,27569602W,,,-0.0004506674699522873,,0.0012189037270212122,0.0012316671168329527,,-0.0006047517206043547,-0.0017171417468255033,,,,-0.0008168347892885206,,-0.0021193551289648105,,0.0010596775644824052,,0.0013366387461084884,,,-0.0005970772063834871,,,,,,-0.00035970706317292654,,,,,,,,,,,,,,0.0012447006312967933,,,,0.0011364657937927244,-0.00038884036250428754,-0.0006818794762756347,-0.000505910579172245,0.0011588592084487387,1.750159320780012e-05
239,2026-08-31,AKZA,NL0013267909,01533401W,-0.0003294795788726806,-0.00035970706317292654,0.0013290871147745421,,-0.0004119937290982381,,,,,-0.0017425808838155109,,-0.0016684285057808083,-0.0008168347892885206,,,-0.0007351513103596687,,,,-0.00035482416186288687,,-0.0005970772063834871,,,,-0.0005181683244825858,,-0.00035970706317292654,,,,-0.0005037439385762183,,,,,,,,,,,,,,-0.0003894841379388973,-0.00038884036250428754,,,,-0.0002493029573789447
240,2026-08-31,ALA,CA0213611001,12219401C,0.0009721009062607189,0.0010644724855886605,,,0.0012189037270212122,,,0.001782184994811318,0.0005794296042243693,,,,,0.0015683227954339598,0.0007194141263458531,,,0.0013677233681110115,-0.00045590778937033713,-0.00035482416186288687,,-0.0005970772063834871,-0.00560115284083557,-0.00588121048287735,,,,,,-0.0004098404517684564,,,-0.0006032010751669076,-0.0006207082303828337,-0.0005286481332923461,,,,,,,,-0.0007216209181444601,-0.0008084138120793607,0.0013920024811544022,-0.0003894841379388973,-0.00038884036250428754,,-0.000505910579172245,,6.873028685838247e-06
241,2026-08-31,ALAB,US04626A1034,04509401,,0.0010644724855886605,-0.0004506674699522873,,,-0.0006290064687569357,,0.001782184994811318,,,-0.002450504367865562,0.0016566790092612251,0.0014611703063049314,,,,,,0.0013366387461084884,-0.00035482416186288687,,,,,0.0015275871384097012,-0.0005181683244825858,0.0034595355781631464,0.0014002882102088926,0.0036192064510014456,-0.0004098404517684564,-0.00037760580949453286,-0.0005037439385762183,,,,-0.00043483996176542323,,,0.002834318305001132,-0.0009968153360809067,,-0.0006323882239653064,,,,,,,,-0.00117624209657547,9.939449182127905e-05
242,2026-08-31,ALC,CH0432492467,03505601W,-0.0003294795788726806,-0.00035970706317292654,,,,,,,0.0005794296042243693,,,,,,,,,-0.0013757217503806663,-0.00045590778937033713,-0.00035482416186288687,-0.0009013349399045746,-0.0005970772063834871,,,-0.0007763974234821583,,,-0.00035970706317292654,,-0.0004098404517684564,-0.00037760580949453286,,,-0.0006207082303828337,,-0.00043483996176542323,,,,,,-0.0006323882239653064,-0.0007216209181444601,-0.0008084138120793607,,,,0.0013366387461084884,-0.000505910579172245,-0.00117624209657547,-0.00021668875910902587
243,2026-08-31,ALFA,SE0000695876,25192101W,0.0009721009062607189,-0.00035970706317292654,-0.0004506674699522873,,-0.0004119937290982381,-0.0006290064687569357,,,0.0005794296042243693,,,,-0.0008168347892885206,,,,,,,-0.00035482416186288687,,-0.0005970772063834871,,,-0.0007763974234821583,-0.0005181683244825858,,-0.00035970706317292654,,-0.0004098404517684564,-0.00037760580949453286,-0.0005037439385762183,,,-0.0005286481332923461,-0.00043483996176542323,,-0.0012189037270212122,,,,-0.0006323882239653064,,,,-0.0003894841379388973,-0.00038884036250428754,,-0.000505910579172245,,-0.00013346209132722155
244,2026-08-31,ALL,AU000000ALL7,21262801W,-0.0003294795788726806,-0.00035970706317292654,-0.0004506674699522873,,-0.0004119937290982381,,,-0.0006047517206043547,,,0.002450504367865562,,,-0.0015683227954339598,,0.002219324710519754,,-0.0013757217503806663,0.0013366387461084884,-0.00035482416186288687,-0.0009013349399045746,-0.0005970772063834871,,,0.0015275871384097012,-0.0005181683244825858,,-0.00035970706317292654,,0.0012064021503338151,0.001109662355259877,-0.0005037439385762183,0.0017687851076322854,-0.0006207082303828337,,-0.00043483996176542323,,,,-0.0009968153360809067,-0.0013290871147745421,,,,,-0.0003894841379388973,-0.00038884036250428754,,,-0.00117624209657547,4.481497499853103e-05
245,2026-08-31,ALL,US0200021014,02834901,,0.0010644724855886605,0.0013290871147745421,0.002735446736222023,0.0012189037270212122,-0.0006290064687569357,-0.002800576420417785,0.001782184994811318,0.0005794296042243693,,0.002450504367865562,,,,,-0.0007351513103596687,,,0.0013366387461084884,,,,,,,,0.0034595355781631464,,,,0.001109662355259877,,-0.0006032010751669076,,-0.0005286481332923461,0.0012785240180168149,,0.0012064021503338151,-0.0014611703063049314,,,-0.0006323882239653064,0.001417159152500566,0.001589516346723608,0.0013920024811544022,0.0011364657937927244,0.0011364657937927244,,-0.000505910579172245,,0.0004009607628090019
246,2026-08-31,ALNY,US02043Q1076,26426501,-0.0003294795788726806,-0.00035970706317292654,,,,,,,0.0005794296042243693,,,,,,0.0007194141263458531,,,0.0013677233681110115,0.0013366387461084884,-0.00035482416186288687,-0.0009013349399045746,-0.0005970772063834871,,,0.0015275871384097012,,,-0.00035970706317292654,0.0036192064510014456,0.0012064021503338151,0.001109662355259877,0.0009926093641987087,,0.002425241436238082,,0.0012785240180168149,0.003222581086508136,0.0012064021503338151,,-0.0009968153360809067,,,-0.0007216209181444601,-0.0008084138120793607,,-0.0003894841379388973,-0.00038884036250428754,-0.0006818794762756347,-0.000505910579172245,0.0011588592084487387,0.00026598436906720386
247,2026-08-31,ALO,FR0010220475,21839901W,-0.0003294795788726806,-0.00035970706317292654,-0.0004506674699522873,,-0.0004119937290982381,0.0012316671168329527,,,0.0005794296042243693,0.0017171417468255033,,,,,0.0007194141263458531,,,,,-0.00035482416186288687,,-0.0005970772063834871,,,,,,-0.00035970706317292654,,-0.0004098404517684564,0.001109662355259877,0.0009926093641987087,0.0017687851076322854,,0.0020635826255709995,-0.00043483996176542323,,-0.0012189037270212122,,,0.0013142369794139329,0.0012447006312967933,,,0.0013920024811544022,0.0011364657937927244,,,-0.000505910579172245,,0.00020943443958377489
248,2026-08-31,ALV,DE0008404005,01572401W,-0.0003294795788726806,-0.00035970706317292654,-0.0004506674699522873,,-0.0004119937290982381,-0.0006290064687569357,,,,,,,,,,-0.0007351513103596687,0.0010596775644824052,,-0.00045590778937033713,,-0.0009013349399045746,,,,,,,,,-0.0004098404517684564,-0.00037760580949453286,,-0.0006032010751669076,-0.0006207082303828337,-0.0005286481332923461,-0.00043483996176542323,,,,0.0009884387366180419,,,,,0.0013920024811544022,0.0011364657937927244,0.0011364657937927244,,-0.000505910579172245,,-6.405683020778697e-05
249,2026-08-31,AM,FR0014004L86,10051701W,-0.0003294795788726806,-0.00035970706317292654,0.0013290871147745421,,-0.0004119937290982381,,,,0.0005794296042243693,0.0017171417468255033,,,0.0014611703063049314,,0.0007194141263458531,,,,,-0.00035482416186288687,,,,,,-0.0005181683244825858,,-0.00035970706317292654,,,0.001109662355259877,0.0009926093641987087,-0.0006032010751669076,,-0.0005286481332923461,,,,,,0.0013142369794139329,,,,,0.0011364657937927244,,0.0013366387461084884,-0.000505910579172245,0.0011588592084487387,0.00015466413498305405
250,2026-08-31,AMAT,US0382221051,00170401,,,-0.0004506674699522873,,,,,-0.0006047517206043547,,,-0.002450504367865562,,-0.0008168347892885206,,,,,,,0.0013920024811544022,,,,,,-0.0005181683244825858,-0.001755585218769358,-0.00035970706317292654,-0.003675756551798343,-0.0004098404517684564,-0.00037760580949453286,-0.0005037439385762183,,,,-0.00043483996176542323,,,,,,,,,,,,,,,-0.00022602138185284012
251,2026-08-31,AMD,US0079031078,00116101,0.0009721009062607189,,-0.0004506674699522873,,-0.0004119937290982381,,,-0.0006047517206043547,,,-0.002450504367865562,,,-0.0015683227954339598,,,,,,-0.00035482416186288687,,,,,,-0.0005181683244825858,,0.0014002882102088926,,-0.0004098404517684564,-0.00037760580949453286,-0.0005037439385762183,,,,,,,0.002834318305001132,0.0009884387366180419,,-0.0006323882239653064,,,,,,,,-0.00117624209657547,-0.00021639923071325507
252,2026-08-31,AME,US0311001004,00159801,-0.0003294795788726806,-0.00035970706317292654,-0.0004506674699522873,-0.001408673169551461,-0.0004119937290982381,-0.0006290064687569357,-0.002800576420417785,,0.0005794296042243693,0.0017171417468255033,,,,-0.0015683227954339598,0.0007194141263458531,,,-0.0013757217503806663,,-0.00035482416186288687,,-0.0005970772063834871,,,,0.0020280036147852926,-0.001755585218769358,-0.00035970706317292654,,-0.0004098404517684564,-0.00037760580949453286,-0.0005037439385762183,-0.0006032010751669076,,-0.0005286481332923461,-0.00043483996176542323,,,0.002834318305001132,,-0.0013290871147745421,-0.0006323882239653064,-0.0007216209181444601,-0.0008084138120793607,-0.0014002882102088926,-0.0003894841379388973,-0.00038884036250428754,,-0.000505910579172245,-0.00117624209657547,-0.0002140679264106643
253,2026-08-31,AMGN,US0311621009,00160201,-0.0003294795788726806,-0.00035970706317292654,,,,-0.0006290064687569357,-0.002800576420417785,,,,,,,,,,,,,-0.00035482416186288687,0.001755585218769358,-0.0005970772063834871,,,,,,-0.00035970706317292654,,,,-0.0005037439385762183,,,,-0.00043483996176542323,,-0.0012189037270212122,-0.0014611703063049314,0.0009884387366180419,,-0.0006323882239653064,,,,-0.0003894841379388973,-0.00038884036250428754,-0.0006818794762756347,-0.000505910579172245,0.0011588592084487387,-0.0001186652085078586
254,2026-08-31,AMP,US03076C1062,16470801,0.0009721009062607189,,-0.0004506674699522873,0.002735446736222023,0.0012189037270212122,0.0012316671168329527,0.0026732774922169768,-0.0006047517206043547,0.0005794296042243693,,,,,,,-0.0007351513103596687,,,,,-0.0009013349399045746,,,,,,,,,,0.001109662355259877,,-0.0006032010751669076,,-0.0005286481332923461,,,,,,,0.0012447006312967933,,,,0.0011364657937927244,0.0011364657937927244,,,0.0011588592084487387,0.00013046689317033002
255,2026-08-31,AMRZ,CH1430134226,36691101W,-0.0003294795788726806,,-0.0004506674699522873,,,,,,,,,,,,,-0.0007351513103596687,,,-0.00045590778937033713,-0.00035482416186288687,,-0.0005970772063834871,,,-0.0007763974234821583,,,-0.00035970706317292654,,-0.0004098404517684564,-0.00037760580949453286,-0.0005037439385762183,,,,-0.00043483996176542323,,,,,,,,,,-0.0003894841379388973,0.0011364657937927244,0.0013366387461084884,,,-3.43697450561117e-05
256,2026-08-31,AMS,ES0109067019,29450801W,,-0.00035970706317292654,-0.0004506674699522873,,-0.0004119937290982381,,,-0.0006047517206043547,,,0.002450504367865562,,,,,-0.0007351513103596687,,-0.0013757217503806663,,-0.00035482416186288687,,,,,,-0.0005181683244825858,,-0.00035970706317292654,,-0.0004098404517684564,,-0.0005037439385762183,,-0.0006207082303828337,,-0.00043483996176542323,,,,,,,,,,,0.0011364657937927244,0.0013366387461084884,,,4.6860868010637856e-05
257,2026-08-31,AMT,US03027X1000,10536501,0.0009721009062607189,,,,,,,,,,,,,0.0015683227954339598,,,0.0010596775644824052,,,,,,,,,,,-0.00035970706317292654,,,,,,-0.0006207082303828337,-0.0005286481332923461,,0.003222581086508136,0.0012064021503338151,,0.0009884387366180419,,,,,,,-0.00038884036250428754,-0.0006818794762756347,,,0.00012311277982174712
258,2026-08-31,AMUN,FR0004125920,32072301W,-0.0003294795788726806,0.0010644724855886605,0.0013290871147745421,,0.0012189037270212122,,,0.001782184994811318,,-0.0017425808838155109,,,,,,-0.0007351513103596687,,,0.0013366387461084884,,,,,,,,,,,,,-0.0005037439385762183,-0.0006032010751669076,-0.0006207082303828337,-0.0005286481332923461,,,,,,,,,,,,-0.00038884036250428754,,0.001488914046298063,-0.00117624209657547,5.716107318616182e-05
259,2026-08-31,AMZN,US0231351067,06476801,0.0009721009062607189,0.0010644724855886605,0.0013290871147745421,0.002735446736222023,0.0012189037270212122,,0.0026732774922169768,0.001782184994811318,,,,,0.0014611703063049314,,,-0.0007351513103596687,,,0.0013366387461084884,-0.00035482416186288687,0.001755585218769358,0.0017425808838155109,0.006190747876712999,0.005227742651446533,0.0015275871384097012,0.0020280036147852926,-0.001755585218769358,-0.00035970706317292654,-0.003675756551798343,,0.001109662355259877,,,,,-0.00043483996176542323,,,,0.0009884387366180419,,,,,,-0.0003894841379388973,-0.00038884036250428754,-0.0006818794762756347,,,0.0002971806486604544
260,2026-08-31,ANA,ES0125220311,10271201W,-0.0003294795788726806,0.0010644724855886605,,,0.0012189037270212122,-0.0006290064687569357,,-0.0006047517206043547,0.0005794296042243693,,,,,0.0015683227954339598,0.0007194141263458531,,,0.0013677233681110115,-0.00045590778937033713,-0.00035482416186288687,,-0.0005970772063834871,,,,,,,,-0.0004098404517684564,,,0.0017687851076322854,-0.0006207082303828337,0.0020635826255709995,,,,,,0.0013142369794139329,-0.0006323882239653064,-0.0007216209181444601,-0.0008084138120793607,0.0013920024811544022,,,,-0.000505910579172245,0.0011588592084487387,8.975058606857958e-05
261,2026-08-31,ANET,US0404132054,02074801,-0.0003294795788726806,-0.00035970706317292654,-0.0004506674699522873,-0.001408673169551461,-0.0004119937290982381,-0.0006290064687569357,-0.002800576420417785,,,,-0.002450504367865562,,,,,,,,-0.00045590778937033713,-0.00035482416186288687,,,,,,0.0020280036147852926,0.0034595355781631464,-0.00035970706317292654,-0.003675756551798343,-0.0004098404517684564,-0.00037760580949453286,-0.0005037439385762183,,,,,,,-0.0014611703063049314,,,-0.0006323882239653064,,,,,,,,,-0.0003606972808288995
262,2026-08-31,ANTO,GB0000456144,20018901W,0.0009721009062607189,0.0010644724855886605,-0.0004506674699522873,,,,,-0.0006047517206043547,,,,,0.0014611703063049314,,,-0.0007351513103596687,,,,-0.00035482416186288687,-0.0009013349399045746,0.0017425808838155109,,,,-0.0005181683244825858,,,,-0.0004098404517684564,-0.00037760580949453286,,,,,-0.00043483996176542323,,,,,,,-0.0007216209181444601,,,-0.0003894841379388973,-0.00038884036250428754,-0.0006818794762756347,,,-0.00020258766169346635
263,2026-08-31,ANZ,AU000000ANZ3,01588901W,-0.0003294795788726806,-0.00035970706317292654,,,-0.0004119937290982381,,,-0.0006047517206043547,,,-0.002450504367865562,0.0016566790092612251,,,,0.002219324710519754,0.0010596775644824052,,-0.00045590778937033713,,,,,,,,,,,,-0.00037760580949453286,-0.0005037439385762183,-0.0006032010751669076,,-0.0005286481332923461,,,,,0.0009884387366180419,,,,-0.0008084138120793607,,,,,,,-4.188751376226878e-05
264,2026-08-31,AON,IE00BLP1HW54,00322101,-0.0003294795788726806,-0.00035970706317292654,-0.0004506674699522873,-0.001408673169551461,-0.0004119937290982381,-0.0006290064687569357,,-0.0006047517206043547,-0.0017171417468255033,-0.0017425808838155109,,,,,,-0.0007351513103596687,,,0.0013366387461084884,,,,,,,,,,,,,-0.0005037439385762183,-0.0006032010751669076,-0.0006207082303828337,-0.0005286481332923461,-0.00043483996176542323,,,-0.0014611703063049314,,,-0.0006323882239653064,-0.0007216209181444601,,,-0.0003894841379388973,-0.00038884036250428754,,-0.000505910579172245,,-0.00020690681861502844
265,2026-08-31,APA,AU000000APA1,24253601W,-0.0003294795788726806,-0.00035970706317292654,,,-0.0004119937290982381,,,-0.0006047517206043547,0.0005794296042243693,-0.0017425808838155109,,,,,0.0007194141263458531,,,-0.0013757217503806663,0.0013366387461084884,-0.00035482416186288687,,-0.0005970772063834871,,,,,,,,0.0012064021503338151,,-0.0005037439385762183,-0.0006032010751669076,-0.0006207082303828337,-0.0005286481332923461,,,,,-0.0009968153360809067,-0.0013290871147745421,-0.0006323882239653064,-0.0007216209181444601,-0.0008084138120793607,-0.0014002882102088926,-0.0003894841379388973,,,-0.000505910579172245,0.0011588592084487387,-0.0002510301907310167
266,2026-08-31,APD,US0091581068,00120901,,,-0.0004506674699522873,,,-0.0006290064687569357,,0.001782184994811318,,-0.0017425808838155109,,,,,,-0.0007351513103596687,,,,-0.00035482416186288687,,-0.0005970772063834871,,,,-0.0005181683244825858,0.0034595355781631464,-0.00035970706317292654,,-0.0004098404517684564,-0.00037760580949453286,-0.0005037439385762183,,,,0.0012785240180168149,,,,,,,-0.0007216209181444601,,,-0.0003894841379388973,-0.00038884036250428754,-0.0006818794762756347,,,-8.408630664658747e-05
267,2026-08-31,APH,US0320951017,01428201,,,,,0.0012189037270212122,,,-0.0006047517206043547,,,,,0.0014611703063049314,,,,,,-0.00045590778937033713,-0.00035482416186288687,,,,,,-0.0005181683244825858,,0.0014002882102088926,-0.003675756551798343,,,0.0009926093641987087,,,,,,0.0012064021503338151,,,,,,,,,,,,,-1.5918803890306982e-05
268,2026-08-31,APO,US03769M1062,18425401,-0.0003294795788726806,-0.00035970706317292654,-0.0004506674699522873,-0.001408673169551461,-0.0004119937290982381,,,-0.0006047517206043547,0.0005794296042243693,,,-0.0016684285057808083,,,,-0.0007351513103596687,-0.0031366455908679197,,-0.00045590778937033713,,-0.0009013349399045746,,,,,,,,,-0.0004098404517684564,-0.00037760580949453286,0.0009926093641987087,-0.0006032010751669076,-0.0006207082303828337,-0.0005286481332923461,0.0012785240180168149,,0.0012064021503338151,-0.0014611703063049314,,,-0.0006323882239653064,-0.0007216209181444601,-0.0008084138120793607,,,,,-0.000505910579172245,0.0011588592084487387,-0.00024762395659339075
269,2026-08-31,APP,US03831W1080,03821201,-0.0003294795788726806,-0.00035970706317292654,-0.0004506674699522873,,-0.0004119937290982381,,0.0026732774922169768,,,,,-0.0016684285057808083,,0.0015683227954339598,,,,,0.0013366387461084884,0.0013920024811544022,,,,,0.0015275871384097012,0.0020280036147852926,0.0034595355781631464,-0.00035970706317292654,0.0036192064510014456,,0.001109662355259877,,,,,0.0012785240180168149,,0.0012064021503338151,,,,0.0012447006312967933,,,,,,,,0.0011588592084487387,0.0002920047968089897
270,2026-08-31,ARES,US03990B1017,02041201,-0.0003294795788726806,-0.00035970706317292654,-0.0004506674699522873,-0.001408673169551461,-0.0004119937290982381,,,-0.0006047517206043547,,-0.0017425808838155109,,,,,,-0.0007351513103596687,0.0010596775644824052,,-0.00045590778937033713,,,,,,,,-0.001755585218769358,,,-0.0004098404517684564,-0.00037760580949453286,,,-0.0006207082303828337,,-0.00043483996176542323,,-0.0012189037270212122,-0.0014611703063049314,-0.0009968153360809067,,-0.0006323882239653064,-0.0007216209181444601,-0.0008084138120793607,,-0.0003894841379388973,,,-0.000505910579172245,,-0.0002169940613555707
271,2026-08-31,ARGX,NL0010832176,31800501W,-0.0003294795788726806,-0.00035970706317292654,,,,0.0012316671168329527,,,0.0005794296042243693,,,,,,0.0007194141263458531,,,,-0.00045590778937033713,-0.00035482416186288687,-0.0009013349399045746,,,,0.0015275871384097012,,,,,,,,,0.002425241436238082,,0.0012785240180168149,,,,,-0.0013290871147745421,0.0012447006312967933,-0.0007216209181444601,-0.0008084138120793607,-0.0014002882102088926,-0.0003894841379388973,-0.00038884036250428754,-0.0006818794762756347,-0.000505910579172245,-0.00117624209657547,-9.916741714177298e-05
272,2026-08-31,ARX,CA00208D4084,10523901C,-0.0003294795788726806,,-0.0004506674699522873,,0.0012189037270212122,,,,-0.0017171417468255033,,,,,,-0.0021193551289648105,,-0.0031366455908679197,,-0.00045590778937033713,,,-0.0005970772063834871,-0.00560115284083557,,,,,-0.00035970706317292654,,,,,,,,,,,,,-0.0013290871147745421,,,,,0.0011364657937927244,-0.00038884036250428754,,,,-0.00020671354469457877
273,2026-08-31,ASM,NL0000334118,00116601W,,,,,,0.0012316671168329527,,-0.0006047517206043547,,,,-0.0016684285057808083,-0.0008168347892885206,,,,,,0.0013366387461084884,-0.00035482416186288687,,,,,0.0015275871384097012,-0.0005181683244825858,,-0.00035970706317292654,,,0.001109662355259877,-0.0005037439385762183,,,,-0.00043483996176542323,,-0.0012189037270212122,,,,0.0012447006312967933,,,,,,,,-0.00117624209657547,-9.174549042902218e-05
274,2026-08-31,ASML,NL0010273215,06121401W,0.0009721009062607189,0.0010644724855886605,-0.0004506674699522873,,0.0012189037270212122,,,-0.0006047517206043547,,,0.002450504367865562,,0.0014611703063049314,,,,,0.0013677233681110115,-0.00045590778937033713,0.0013920024811544022,,,,,,-0.0005181683244825858,,-0.00035970706317292654,,-0.0004098404517684564,-0.00037760580949453286,-0.0005037439385762183,,,,-0.00043483996176542323,,,,0.0009884387366180419,,,,,,,,,,,0.0001781994774446892
275,2026-08-31,ASRNL,NL0011872643,01551203W,-0.0003294795788726806,-0.00035970706317292654,-0.0004506674699522873,,-0.0004119937290982381,-0.0006290064687569357,,-0.0006047517206043547,0.0005794296042243693,,-0.002450504367865562,0.0016566790092612251,,,,-0.0007351513103596687,-0.0031366455908679197,,-0.00045590778937033713,,-0.0009013349399045746,,,,,,,,,-0.0004098404517684564,-0.00037760580949453286,0.0009926093641987087,-0.0006032010751669076,0.002425241436238082,-0.0005286481332923461,-0.00043483996176542323,,,,,,-0.0006323882239653064,-0.0007216209181444601,-0.0008084138120793607,0.0013920024811544022,-0.0003894841379388973,-0.00038884036250428754,,-0.000505910579172245,,-0.00021523168696713788
276,2026-08-31,ASSA B,SE0007100581,22349201W,,-0.00035970706317292654,-0.0004506674699522873,,-0.0004119937290982381,-0.0006290064687569357,,,0.0005794296042243693,,,,-0.0008168347892885206,,0.0007194141263458531,,,,,-0.00035482416186288687,,,,,,-0.0005181683244825858,,-0.00035970706317292654,,-0.0004098404517684564,,-0.0005037439385762183,-0.0006032010751669076,,-0.0005286481332923461,,,,,,,,,,,-0.0003894841379388973,0.0011364657937927244,0.0013366387461084884,-0.000505910579172245,,-1.8653365574692848e-05
277,2026-08-31,ASTS,US00217D1000,03859801,-0.0003294795788726806,-0.00035970706317292654,-0.0004506674699522873,-0.001408673169551461,-0.0004119937290982381,,,-0.0006047517206043547,,-0.0017425808838155109,0.002450504367865562,,,,,,,,,,-0.0009013349399045746,,,-0.00588121048287735,,-0.0005181683244825858,,,,,-0.00037760580949453286,-0.0005037439385762183,,,,,,,-0.0014611703063049314,-0.0009968153360809067,-0.0013290871147745421,,,,,-0.0003894841379388973,-0.00038884036250428754,-0.0006818794762756347,,,-0.0001860198446699443
278,2026-08-31,ASX,AU000000ASX7,22613601W,-0.0003294795788726806,-0.00035970706317292654,-0.0004506674699522873,,-0.0004119937290982381,-0.0006290064687569357,,-0.0006047517206043547,-0.0017171417468255033,0.0017171417468255033,,-0.0016684285057808083,,,,-0.0007351513103596687,0.0010596775644824052,,-0.00045590778937033713,,0.001755585218769358,,,,,,,,,-0.0004098404517684564,-0.00037760580949453286,-0.0005037439385762183,-0.0006032010751669076,-0.0006207082303828337,-0.0005286481332923461,0.0012785240180168149,,0.0012064021503338151,,-0.0009968153360809067,,-0.0006323882239653064,-0.0007216209181444601,-0.0008084138120793607,-0.0014002882102088926,,-0.00038884036250428754,,-0.000505910579172245,,-5.7738785643119505e-05
279,2026-08-31,ATCO A,SE0017486889,01742001W,0.0009721009062607189,,-0.0004506674699522873,,-0.0004119937290982381,-0.0006290064687569357,,,0.0005794296042243693,,,,-0.0008168347892885206,,0.0007194141263458531,,,,,0.0013920024811544022,,-0.0005970772063834871,,,-0.0007763974234821583,-0.0005181683244825858,,-0.00035970706317292654,,-0.0004098404517684564,-0.00037760580949453286,-0.0005037439385762183,-0.0006032010751669076,,-0.0005286481332923461,-0.00043483996176542323,,-0.0012189037270212122,,,,-0.0006323882239653064,-0.0007216209181444601,-0.0008084138120793607,-0.0014002882102088926,-0.0003894841379388973,-0.00038884036250428754,,-0.000505910579172245,,-0.00012450023243835978
280,2026-08-31,ATCO B,SE0017486897,01742002W,,,,,,,,,0.0005794296042243693,,,,-0.0008168347892885206,,0.0007194141263458531,,,,,0.0013920024811544022,,-0.0005970772063834871,,,-0.0007763974234821583,-0.0005181683244825858,,-0.00035970706317292654,,-0.0004098404517684564,-0.00037760580949453286,-0.0005037439385762183,-0.0006032010751669076,,-0.0005286481332923461,-0.00043483996176542323,,-0.0012189037270212122,,,,,-0.0007216209181444601,-0.0008084138120793607,-0.0014002882102088926,-0.0003894841379388973,-0.00038884036250428754,,-0.000505910579172245,,-0.00010350859633199244
281,2026-08-31,ATD,CA01626P1484,06465502C,-0.0003294795788726806,0.0010644724855886605,,,,,,,,,,,-0.0008168347892885206,,0.0007194141263458531,,0.0010596775644824052,,,-0.00035482416186288687,,,,,,,,-0.00035970706317292654,,,,,,,,,,,,,,-0.0006323882239653064,,,,,,,-0.000505910579172245,,-1.6277801963304606e-05
282,2026-08-31,ATO,US0495601058,00438301,,0.0010644724855886605,,0.002735446736222023,,,,-0.0006047517206043547,-0.0017171417468255033,,,,,-0.0015683227954339598,-0.0021193551289648105,,,-0.0013757217503806663,,-0.00035482416186288687,,,,0.005227742651446533,,,-0.001755585218769358,,,-0.0004098404517684564,,-0.0005037439385762183,0.0017687851076322854,-0.0006207082303828337,0.0020635826255709995,,,,,,-0.0013290871147745421,,,,-0.0014002882102088926,-0.0003894841379388973,-0.00038884036250428754,-0.0006818794762756347,-0.000505910579172245,-0.00117624209657547,-0.00020616078130731116
283,2026-08-31,ATRL,CA04764T1049,01435201C,-0.0003294795788726806,-0.00035970706317292654,-0.0004506674699522873,,-0.0004119937290982381,,,,0.0005794296042243693,0.0017171417468255033,,,0.0014611703063049314,,0.0007194141263458531,,,,,0.0013920024811544022,,0.0017425808838155109,,,0.0015275871384097012,-0.0005181683244825858,,-0.00035970706317292654,,0.0012064021503338151,0.001109662355259877,0.0009926093641987087,0.0017687851076322854,,0.0020635826255709995,-0.00043483996176542323,,,,,,,0.001417159152500566,,,-0.0003894841379388973,-0.00038884036250428754,,0.001488914046298063,,0.0003394106282373641
284,2026-08-31,AV.,GB00BPQY8M80,01554502W,0.0009721009062607189,-0.00035970706317292654,-0.0004506674699522873,,-0.0004119937290982381,,,-0.0006047517206043547,0.0005794296042243693,0.0017171417468255033,,,,,,-0.0007351513103596687,0.0010596775644824052,,-0.00045590778937033713,,-0.0009013349399045746,,,,,,,,,-0.0004098404517684564,-0.00037760580949453286,0.0009926093641987087,-0.0006032010751669076,0.002425241436238082,-0.0005286481332923461,-0.00043483996176542323,,-0.0012189037270212122,,,,-0.0006323882239653064,-0.0007216209181444601,-0.0008084138120793607,0.0013920024811544022,-0.0003894841379388973,-0.00038884036250428754,,-0.000505910579172245,0.0011588592084487387,-6.171669979624052e-05
285,2026-08-31,AVGO,US11135F1012,18071101,,-0.00035970706317292654,-0.0004506674699522873,-0.001408673169551461,-0.0004119937290982381,0.0012316671168329527,0.0026732774922169768,-0.0006047517206043547,,,,,-0.0008168347892885206,,,,,,0.0013366387461084884,-0.00035482416186288687,,,,,0.0015275871384097012,-0.0005181683244825858,,-0.00035970706317292654,0.0036192064510014456,,,-0.0005037439385762183,,,,-0.00043483996176542323,,,,0.0009884387366180419,,,,,,,,,,,9.998139733456178e-05
286,2026-08-31,AVOL,CH0023405456,27468901W,0.0009721009062607189,-0.00035970706317292654,0.0013290871147745421,,-0.0004119937290982381,,,-0.0006047517206043547,,,,,-0.0008168347892885206,0.0015683227954339598,,0.002219324710519754,,0.0013677233681110115,,0.0013920024811544022,0.001755585218769358,-0.0005970772063834871,,,,-0.0005181683244825858,,-0.00035970706317292654,,0.0012064021503338151,0.001109662355259877,-0.0005037439385762183,,0.002425241436238082,,,0.003222581086508136,0.0012064021503338151,,,0.0013142369794139329,,,,,0.0011364657937927244,0.0011364657937927244,0.0013366387461084884,,0.0011588592084487387,0.0005905313783713441
287,2026-08-31,AWK,US0304201033,17943701,-0.0003294795788726806,-0.00035970706317292654,,-0.001408673169551461,-0.0004119937290982381,-0.0006290064687569357,-0.002800576420417785,,,,,0.0016566790092612251,,-0.0015683227954339598,-0.0021193551289648105,,,,-0.00045590778937033713,-0.00035482416186288687,,-0.0005970772063834871,-0.00560115284083557,-0.00588121048287735,,,,,,-0.0004098404517684564,,,,-0.0006207082303828337,-0.0005286481332923461,,,,,,,-0.0006323882239653064,-0.0007216209181444601,-0.0008084138120793607,-0.0014002882102088926,-0.0003894841379388973,-0.00038884036250428754,-0.0006818794762756347,-0.000505910579172245,,-0.00032202999390073503
288,2026-08-31,AXON,US05464C1018,14391201,-0.0003294795788726806,-0.00035970706317292654,-0.0004506674699522873,-0.001408673169551461,-0.0004119937290982381,-0.0006290064687569357,,,0.0005794296042243693,,,,-0.0008168347892885206,-0.0015683227954339598,,,,-0.0013757217503806663,,-0.00035482416186288687,,-0.0005970772063834871,,,-0.0007763974234821583,-0.0005181683244825858,-0.001755585218769358,-0.00035970706317292654,,-0.0004098404517684564,-0.00037760580949453286,,,,,-0.00043483996176542323,,-0.0012189037270212122,-0.0014611703063049314,-0.0009968153360809067,-0.0013290871147745421,-0.0006323882239653064,-0.0007216209181444601,-0.0008084138120793607,-0.0014002882102088926,-0.0003894841379388973,-0.00038884036250428754,-0.0006818794762756347,-0.000505910579172245,,-0.0002759007938588542
289,2026-08-31,AXP,US0258161092,00144701,-0.0003294795788726806,-0.00035970706317292654,-0.0004506674699522873,-0.001408673169551461,-0.0004119937290982381,,,-0.0006047517206043547,-0.0017171417468255033,,,,0.0014611703063049314,,,-0.0007351513103596687,0.0010596775644824052,,-0.00045590778937033713,,-0.0009013349399045746,,,,,,,,,-0.0004098404517684564,-0.00037760580949453286,,,-0.0006207082303828337,-0.0005286481332923461,,,,,,,,-0.0007216209181444601,-0.0008084138120793607,,,,,-0.000505910579172245,,-0.0001858542107590103
290,2026-08-31,AYV,FR0013258662,21517902W,-0.0003294795788726806,0.0010644724855886605,-0.0004506674699522873,,0.0012189037270212122,,,,0.0005794296042243693,-0.0017425808838155109,,,,,0.0007194141263458531,,,,,-0.00035482416186288687,,0.0017425808838155109,,,,,,0.0014002882102088926,,0.0012064021503338151,0.001109662355259877,0.0009926093641987087,0.0017687851076322854,,0.0020635826255709995,0.0012785240180168149,,0.0012064021503338151,,0.0009884387366180419,0.0013142369794139329,0.0012447006312967933,0.001417159152500566,0.001589516346723608,0.0013920024811544022,-0.0003894841379388973,0.0011364657937927244,-0.0006818794762756347,0.001488914046298063,0.0011588592084487387,0.0003820822560923858
291,2026-08-31,AZN,GB0009895292,02827201W,-0.0003294795788726806,-0.00035970706317292654,,,,,,,,,,,,,,,,,,-0.00035482416186288687,-0.0009013349399045746,-0.0005970772063834871,,,,,,-0.00035970706317292654,,,,,,-0.0006207082303828337,,-0.00043483996176542323,,,,0.0009884387366180419,,,,,,-0.0003894841379388973,,,-0.000505910579172245,,-0.00015731188283540172
292,2026-08-31,AZO,US0533321024,02380901,-0.0003294795788726806,,-0.0004506674699522873,,,,,,,,,,-0.0008168347892885206,-0.0015683227954339598,,-0.0007351513103596687,,,-0.00045590778937033713,0.0013920024811544022,,-0.0005970772063834871,,,-0.0007763974234821583,-0.0005181683244825858,-0.001755585218769358,-0.00035970706317292654,,-0.0004098404517684564,-0.00037760580949453286,-0.0005037439385762183,,-0.0006207082303828337,,-0.00043483996176542323,,,,,,,,,,-0.0003894841379388973,,,,,-8.644156507924865e-05
293,2026-08-31,AZRG,IL0011194789,29478801W,0.0009721009062607189,,,,,,,,,,,,,,,,0.0010596775644824052,-0.0013757217503806663,,,,,,,,,,-0.00035970706317292654,,,,,-0.0006032010751669076,-0.0006207082303828337,-0.0005286481332923461,,,,,,,,,,-0.0014002882102088926,-0.0003894841379388973,,,,,-9.793107695555146e-05
294,2026-08-31,BA,US0970231058,00228501,-0.0003294795788726806,-0.00035970706317292654,-0.0004506674699522873,-0.001408673169551461,-0.0004119937290982381,,-0.002800576420417785,,0.0005794296042243693,,,,0.0014611703063049314,0.0015683227954339598,,,,,,-0.00035482416186288687,,-0.0005970772063834871,,,0.0015275871384097012,-0.0005181683244825858,0.0034595355781631464,-0.00035970706317292654,0.0036192064510014456,0.0012064021503338151,0.001109662355259877,0.0009926093641987087,0.0017687851076322854,,0.0020635826255709995,0.0012785240180168149,,0.0012064021503338151,,0.0009884387366180419,0.0013142369794139329,0.0012447006312967933,-0.0007216209181444601,-0.0008084138120793607,,-0.0003894841379388973,-0.00038884036250428754,-0.0006818794762756347,-0.000505910579172245,0.0011588592084487387,0.00017564386468863725
295,2026-08-31,BA.,GB0002634946,06347701W,-0.0003294795788726806,-0.00035970706317292654,-0.0004506674699522873,,-0.0004119937290982381,,,,0.0005794296042243693,,,,-0.0008168347892885206,,0.0007194141263458531,,,,,-0.00035482416186288687,,,,,,-0.0005181683244825858,,0.0014002882102088926,,-0.0004098404517684564,-0.00037760580949453286,,-0.0006032010751669076,,-0.0005286481332923461,0.0012785240180168149,,0.0012064021503338151,,0.0009884387366180419,,,-0.0007216209181444601,-0.0008084138120793607,,0.0011364657937927244,0.0011364657937927244,0.0013366387461084884,-0.000505910579172245,,8.969752513907821e-05
296,2026-08-31,BAC,US0605051046,00764701,0.0009721009062607189,,,0.002735446736222023,,,,0.001782184994811318,0.0005794296042243693,,,-0.0016684285057808083,,,,-0.0007351513103596687,0.0010596775644824052,,,,,,,,,,,,,,,,-0.0006032010751669076,,-0.0005286481332923461,,,,,0.0009884387366180419,,,,,,,,,,,2.1742753807033283e-05
297,2026-08-31,BAER,CH0102484968,29285401W,0.0009721009062607189,0.0010644724855886605,0.0013290871147745421,,0.0012189037270212122,0.0012316671168329527,,-0.0006047517206043547,,-0.0017425808838155109,,,,,,0.002219324710519754,0.0010596775644824052,,0.0013366387461084884,,0.001755585218769358,,,,,,,,,,,,-0.0006032010751669076,-0.0006207082303828337,-0.0005286481332923461,0.0012785240180168149,,0.0012064021503338151,,,,0.0012447006312967933,,,,0.0011364657937927244,0.0011364657937927244,,,,0.0003322234504237068
298,2026-08-31,BALL,US0584981064,00198801,-0.0003294795788726806,-0.00035970706317292654,,,,,,0.001782184994811318,,-0.0017425808838155109,,,-0.0008168347892885206,,,-0.0007351513103596687,,,,-0.00035482416186288687,,-0.0005970772063834871,,,,-0.0005181683244825858,,0.0014002882102088926,,,,0.0009926093641987087,,,,,,0.0012064021503338151,,,,,,,,-0.0003894841379388973,-0.00038884036250428754,,,,5.536411085657181e-06
299,2026-08-31,BAM,CA1130041058,04181701,-0.0003294795788726806,-0.00035970706317292654,-0.0004506674699522873,-0.001408673169551461,-0.0004119937290982381,-0.0006290064687569357,,-0.0006047517206043547,,,0.002450504367865562,,,,,-0.0007351513103596687,,,-0.00045590778937033713,,0.001755585218769358,,,,,,,,,-0.0004098404517684564,-0.00037760580949453286,-0.0005037439385762183,,-0.0006207082303828337,-0.0005286481332923461,,,,-0.0014611703063049314,-0.0009968153360809067,,-0.0006323882239653064,-0.0007216209181444601,-0.0008084138120793607,-0.0014002882102088926,-0.0003894841379388973,-0.00038884036250428754,,0.001488914046298063,-0.00117624209657547,7.875505282636646e-05
300,2026-08-31,BAMI,IT0005218380,22508101W,,-0.00035970706317292654,0.0013290871147745421,,,-0.0006290064687569357,,-0.0006047517206043547,0.0005794296042243693,,-0.002450504367865562,,,,,0.002219324710519754,0.0010596775644824052,,,,,,,,,,,,,,-0.00037760580949453286,-0.0005037439385762183,-0.0006032010751669076,,-0.0005286481332923461,,,,,,,,0.001417159152500566,0.001589516346723608,,,,,-0.000505910579172245,,-5.266814224486473e-05
301,2026-08-31,BARC,GB0031348658,01267301W,,-0.00035970706317292654,,,-0.0004119937290982381,0.0012316671168329527,,-0.0006047517206043547,0.0005794296042243693,-0.0017425808838155109,,0.0016566790092612251,,,,0.002219324710519754,0.0010596775644824052,,-0.00045590778937033713,,0.001755585218769358,,,,,,,,,,,,-0.0006032010751669076,,-0.0005286481332923461,,,,,0.0009884387366180419,0.0013142369794139329,0.0012447006312967933,0.001417159152500566,0.001589516346723608,,,,,0.001488914046298063,0.0011588592084487387,0.0003691442117749091
302,2026-08-31,BARN,CH0009002962,22415901W,-0.0003294795788726806,-0.00035970706317292654,,,,,,,,,,,0.0014611703063049314,,0.0007194141263458531,,,,,-0.00035482416186288687,0.001755585218769358,,,,,,,,,0.0012064021503338151,0.001109662355259877,0.0009926093641987087,,,,0.0012785240180168149,0.003222581086508136,0.0012064021503338151,,,0.0013142369794139329,,-0.0007216209181444601,-0.0008084138120793607,0.0013920024811544022,0.0011364657937927244,0.0011364657937927244,0.0013366387461084884,,0.0011588592084487387,0.00046929518340509113
303,2026-08-31,BAS,DE000BASF111,01743601W,-0.0003294795788726806,-0.00035970706317292654,-0.0004506674699522873,,-0.0004119937290982381,-0.0006290064687569357,,,,,,-0.0016684285057808083,0.0014611703063049314,,,0.002219324710519754,,,-0.00045590778937033713,-0.00035482416186288687,-0.0009013349399045746,-0.0005970772063834871,,,,,,,,-0.0004098404517684564,-0.00037760580949453286,-0.0005037439385762183,,,,0.0012785240180168149,,-0.0012189037270212122,,0.0009884387366180419,,,,,,,-0.00038884036250428754,-0.0006818794762756347,,,-0.0002345533441909205
304,2026-08-31,BATS,GB0002875804,00193201W,-0.0003294795788726806,-0.00035970706317292654,,,,,,,,,,-0.0016684285057808083,,-0.0015683227954339598,0.0007194141263458531,,-0.0031366455908679197,-0.0013757217503806663,0.0013366387461084884,-0.00035482416186288687,-0.0009013349399045746,,,,0.0015275871384097012,,,-0.00035970706317292654,,0.0012064021503338151,0.001109662355259877,-0.0005037439385762183,,,,-0.00043483996176542323,-0.0032673391571540825,-0.0012189037270212122,,0.0009884387366180419,,0.0012447006312967933,0.001417159152500566,,-0.0014002882102088926,-0.0003894841379388973,-0.00038884036250428754,-0.0006818794762756347,-0.000505910579172245,,-0.0004692629849605113
305,2026-08-31,BAYN,DE000BAY0017,10008001W,0.0009721009062607189,0.0010644724855886605,,,,-0.0006290064687569357,,,,,,,,,,,,,,-0.00035482416186288687,,0.0017425808838155109,,,,,,-0.00035970706317292654,,,0.001109662355259877,-0.0005037439385762183,,-0.0006207082303828337,,-0.00043483996176542323,,-0.0012189037270212122,,0.0009884387366180419,0.0013142369794139329,-0.0006323882239653064,-0.0007216209181444601,-0.0008084138120793607,0.0013920024811544022,,0.0011364657937927244,,-0.000505910579172245,0.0011588592084487387,-5.014794255301389e-05
306,2026-08-31,BBD.B,CA0977518616,01407801C,,0.0010644724855886605,0.0013290871147745421,,0.0012189037270212122,,,,0.0005794296042243693,,,,,-0.0015683227954339598,0.0007194141263458531,,,0.0013677233681110115,,0.0013920024811544022,,,,,0.0015275871384097012,-0.0005181683244825858,,0.0014002882102088926,,0.0012064021503338151,0.001109662355259877,,-0.0006032010751669076,,-0.0005286481332923461,0.0012785240180168149,,0.0012064021503338151,,,,,,,,0.0011364657937927244,0.0011364657937927244,0.0013366387461084884,-0.000505910579172245,,0.00030937296034287253
307,2026-08-31,BBVA,ES0113211835,01518103W,-0.0003294795788726806,,-0.0004506674699522873,,,,,-0.0006047517206043547,0.0005794296042243693,,,,0.0014611703063049314,,,0.002219324710519754,0.0010596775644824052,,-0.00045590778937033713,,0.001755585218769358,,,,,,,,,,-0.00037760580949453286,-0.0005037439385762183,-0.0006032010751669076,,-0.0005286481332923461,,,,,0.0009884387366180419,,,,,,,,,-0.000505910579172245,,0.00012976349736146004
308,2026-08-31,BBY,US0865161014,00218401,,-0.00035970706317292654,-0.0004506674699522873,,,,,,,,-0.002450504367865562,,-0.0008168347892885206,0.0015683227954339598,,-0.0007351513103596687,,0.0013677233681110115,,0.0013920024811544022,,-0.0005970772063834871,-0.00560115284083557,-0.00588121048287735,,-0.0005181683244825858,,0.0014002882102088926,,0.0012064021503338151,-0.00037760580949453286,,-0.0006032010751669076,-0.0006207082303828337,,,-0.0032673391571540825,0.0012064021503338151,,,,,,,,0.0011364657937927244,,,,0.0011588592084487387,-0.00011099902055747162
309,2026-08-31,BCE,CA05534B7604,00213701C,-0.0003294795788726806,-0.00035970706317292654,,,,-0.0006290064687569357,,0.001782184994811318,,-0.0017425808838155109,,,,,,,,,,,,,,-0.00588121048287735,,-0.0005181683244825858,,,,,0.001109662355259877,-0.0005037439385762183,,,,,,,,,,,,,,-0.0003894841379388973,-0.00038884036250428754,-0.0006818794762756347,,,-8.307452081411831e-05
310,2026-08-31,BCP,PTBCP0AM0015,02384802W,0.0009721009062607189,-0.00035970706317292654,-0.0004506674699522873,,-0.0004119937290982381,,,0.001782184994811318,0.0005794296042243693,,-0.002450504367865562,,0.0014611703063049314,,,0.002219324710519754,,,-0.00045590778937033713,,0.001755585218769358,,,,,,,,,,-0.00037760580949453286,,0.0017687851076322854,,0.0020635826255709995,,,,,,,,,,,,,,-0.000505910579172245,,0.00015814052484828015
311,2026-08-31,BCVN,CH0531751755,01553102W,,,,,,,,,0.0005794296042243693,,,,,,,0.002219324710519754,0.0010596775644824052,,-0.00045590778937033713,,,,,,,,,,,,-0.00037760580949453286,-0.0005037439385762183,-0.0006032010751669076,,-0.0005286481332923461,,,,,,,,-0.0007216209181444601,-0.0008084138120793607,-0.0014002882102088926,,,,-0.000505910579172245,,-2.9017676014015003e-05
312,2026-08-31,BDX,US0758871091,00211101,-0.0003294795788726806,-0.00035970706317292654,,,,-0.0006290064687569357,-0.002800576420417785,,0.0005794296042243693,,,,,,0.0007194141263458531,,,-0.0013757217503806663,-0.00045590778937033713,-0.00035482416186288687,0.001755585218769358,-0.0005970772063834871,,,,,,-0.00035970706317292654,,-0.0004098404517684564,-0.00037760580949453286,,,-0.0006207082303828337,,,0.003222581086508136,,-0.0014611703063049314,,,-0.0006323882239653064,-0.0007216209181444601,,,,-0.00038884036250428754,,-0.000505910579172245,,-5.1031641721836805e-06
313,2026-08-31,BE,US0937121079,03366801,0.0009721009062607189,0.0010644724855886605,,0.002735446736222023,0.0012189037270212122,,,,0.0005794296042243693,-0.0017425808838155109,,,0.0014611703063049314,,0.0007194141263458531,,,,,-0.00035482416186288687,,0.0017425808838155109,,,0.0015275871384097012,0.0020280036147852926,0.0034595355781631464,0.0014002882102088926,0.0036192064510014456,-0.0004098404517684564,-0.00037760580949453286,,-0.0006032010751669076,,-0.0005286481332923461,,,,0.002834318305001132,-0.0009968153360809067,-0.0013290871147745421,,-0.0007216209181444601,-0.0008084138120793607,-0.0014002882102088926,-0.0003894841379388973,-0.00038884036250428754,-0.0006818794762756347,-0.000505910579172245,,-3.007399775462624e-05
314,2026-08-31,BEAN,CH1101098163,21177301W,,0.0010644724855886605,-0.0004506674699522873,,,-0.0006290064687569357,,,-0.0017171417468255033,0.0017171417468255033,,,-0.0008168347892885206,,,,,,,0.0013920024811544022,,-0.0005970772063834871,,,0.0015275871384097012,0.0020280036147852926,,-0.00035970706317292654,,-0.0004098404517684564,-0.00037760580949453286,,-0.0006032010751669076,,-0.0005286481332923461,-0.00043483996176542323,,,,-0.0009968153360809067,-0.0013290871147745421,-0.0006323882239653064,-0.0007216209181444601,-0.0008084138120793607,-0.0014002882102088926,-0.0003894841379388973,-0.00038884036250428754,-0.0006818794762756347,-0.000505910579172245,-0.00117624209657547,-0.00010587773100309817
315,2026-08-31,BEI,DE0005200000,10008301W,-0.0003294795788726806,,,,,-0.0006290064687569357,,,,,,-0.0016684285057808083,,-0.0015683227954339598,,,0.0010596775644824052,,-0.00045590778937033713,-0.00035482416186288687,-0.0009013349399045746,,,,,,,-0.00035970706317292654,,-0.0004098404517684564,-0.00037760580949453286,-0.0005037439385762183,,,,-0.00043483996176542323,-0.0032673391571540825,-0.0012189037270212122,,,,-0.0006323882239653064,,,,-0.0003894841379388973,-0.00038884036250428754,-0.0006818794762756347,-0.000505910579172245,-0.00117624209657547,-0.0004812142039445165
316,2026-08-31,BEIJ B,SE0015949748,10321902W,-0.0003294795788726806,-0.00035970706317292654,-0.0004506674699522873,,-0.0004119937290982381,-0.0006290064687569357,,,0.0005794296042243693,,,,-0.0008168347892885206,,0.0007194141263458531,,,,,-0.00035482416186288687,,-0.0005970772063834871,,,-0.0007763974234821583,-0.0005181683244825858,,-0.00035970706317292654,,-0.0004098404517684564,-0.00037760580949453286,-0.0005037439385762183,,,-0.0005286481332923461,-0.00043483996176542323,,,,-0.0009968153360809067,,-0.0006323882239653064,,,,-0.0003894841379388973,0.0011364657937927244,0.0013366387461084884,-0.000505910579172245,,-3.84199844897574e-05
317,2026-08-31,BEPC,CA11285B1085,03679001,-0.0003294795788726806,-0.00035970706317292654,,-0.001408673169551461,-0.0004119937290982381,,,,0.0005794296042243693,,,,,-0.0015683227954339598,0.0007194141263458531,,,-0.0013757217503806663,,-0.00035482416186288687,,-0.0005970772063834871,-0.00560115284083557,-0.00588121048287735,,,,,,-0.0004098404517684564,,-0.0005037439385762183,,-0.0006207082303828337,,,,,,,0.0013142369794139329,,-0.0007216209181444601,,,-0.0003894841379388973,-0.00038884036250428754,,-0.000505910579172245,,-0.0002053699299326958
318,2026-08-31,BESI,NL0012866412,06181401W,,0.0010644724855886605,-0.0004506674699522873,,,0.0012316671168329527,,-0.0006047517206043547,,,,-0.0016684285057808083,-0.0008168347892885206,,,,,,-0.00045590778937033713,-0.00035482416186288687,,,,,-0.0007763974234821583,,,-0.00035970706317292654,,-0.0004098404517684564,-0.00037760580949453286,-0.0005037439385762183,,,,-0.00043483996176542323,,-0.0012189037270212122,,-0.0009968153360809067,,,,,,,,,,,-0.00022275629160392707
319,2026-08-31,BG,AT0000BAWAG2,32571101W,,-0.00035970706317292654,-0.0004506674699522873,,-0.0004119937290982381,0.0012316671168329527,,,0.0005794296042243693,-0.0017425808838155109,,,,,,0.002219324710519754,0.0010596775644824052,,-0.00045590778937033713,,,,,,,,,,,,-0.00037760580949453286,,,,-0.0005286481332923461,,,,,,,0.0012447006312967933,,,-0.0014002882102088926,,,,-0.000505910579172245,,-1.3118799462164045e-05
320,2026-08-31,BG,CH1300646267,14443501,0.0009721009062607189,0.0010644724855886605,,,,,,,,,,,-0.0008168347892885206,,0.0007194141263458531,,,0.0013677233681110115,-0.00045590778937033713,-0.00035482416186288687,-0.0009013349399045746,,,,-0.0007763974234821583,,,-0.00035970706317292654,,-0.0004098404517684564,-0.00037760580949453286,0.0009926093641987087,,,,-0.00043483996176542323,0.003222581086508136,-0.0012189037270212122,-0.0014611703063049314,,0.0013142369794139329,,,0.001589516346723608,0.0013920024811544022,-0.0003894841379388973,-0.00038884036250428754,-0.0006818794762756347,0.001488914046298063,,9.099091476238556e-05
321,2026-08-31,BHP,AU000000BHP4,01331201W,-0.0003294795788726806,-0.00035970706317292654,-0.0004506674699522873,,-0.0004119937290982381,-0.0006290064687569357,,-0.0006047517206043547,,,,,-0.0008168347892885206,,,0.002219324710519754,,,-0.00045590778937033713,-0.00035482416186288687,-0.0009013349399045746,-0.0005970772063834871,,,-0.0007763974234821583,-0.0005181683244825858,,-0.00035970706317292654,,-0.0004098404517684564,-0.00037760580949453286,-0.0005037439385762183,,,,-0.00043483996176542323,,,,0.0009884387366180419,,,,,,,-0.00038884036250428754,,,,-0.00016105754517991265
322,2026-08-31,BIIB,US09062X1037,02446801,,-0.00035970706317292654,,,,-0.0006290064687569357,-0.002800576420417785,,0.0005794296042243693,,,,,,0.0007194141263458531,,,-0.0013757217503806663,-0.00045590778937033713,-0.00035482416186288687,-0.0009013349399045746,-0.0005970772063834871,,,-0.0007763974234821583,,,-0.00035970706317292654,,-0.0004098404517684564,-0.00037760580949453286,-0.0005037439385762183,,-0.0006207082303828337,,0.0012785240180168149,0.003222581086508136,0.0012064021503338151,-0.0014611703063049314,,,-0.0006323882239653064,-0.0007216209181444601,0.001589516346723608,,0.0011364657937927244,0.0011364657937927244,0.0013366387461084884,0.001488914046298063,,9.091661551540624e-05
323,2026-08-31,BIM,FR0013280286,27057801W,-0.0003294795788726806,-0.00035970706317292654,,,,-0.0006290064687569357,,,-0.0017171417468255033,,,,,,-0.0021193551289648105,,,,-0.00045590778937033713,-0.00035482416186288687,,,,,-0.0007763974234821583,,,-0.00035970706317292654,,,-0.00037760580949453286,-0.0005037439385762183,,-0.0006207082303828337,,0.0012785240180168149,0.003222581086508136,0.0012064021503338151,,-0.0009968153360809067,,-0.0006323882239653064,,,,0.0011364657937927244,,,0.001488914046298063,-0.00117624209657547,9.360504354566517e-05
324,2026-08-31,BIRG,IE00BD1RP616,06359001W,,0.0010644724855886605,0.0013290871147745421,,0.0012189037270212122,,,,0.0005794296042243693,,-0.002450504367865562,,,,,0.002219324710519754,0.0010596775644824052,,,,,,,,,,,,,,-0.00037760580949453286,-0.0005037439385762183,-0.0006032010751669076,,-0.0005286481332923461,,,,,,,,,,,,,,,,-3.332723400996119e-05
325,2026-08-31,BK,US0640581007,00201901,0.0009721009062607189,,,,,,,0.001782184994811318,,,,,-0.0008168347892885206,,,-0.0007351513103596687,0.0010596775644824052,,,,0.001755585218769358,,,,,,-0.001755585218769358,,,,,,,-0.0006207082303828337,-0.0005286481332923461,-0.00043483996176542323,,,0.002834318305001132,,,,-0.0007216209181444601,-0.0008084138120793607,,-0.0003894841379388973,-0.00038884036250428754,,-0.000505910579172245,,9.807423028190028e-05
326,2026-08-31,BKNG,US09857L1089,11931401,-0.0003294795788726806,-0.00035970706317292654,-0.0004506674699522873,-0.001408673169551461,-0.0004119937290982381,,0.0026732774922169768,-0.0006047517206043547,,,,,,-0.0015683227954339598,,0.002219324710519754,,0.0013677233681110115,-0.00045590778937033713,0.0013920024811544022,,,,,0.0015275871384097012,0.0020280036147852926,,-0.00035970706317292654,0.0036192064510014456,,,,,-0.0006207082303828337,,-0.00043483996176542323,,,,,,,,,,-0.0003894841379388973,,,,,0.00016625950119042064
327,2026-08-31,BKR,US05722G1004,03210601,,,,,-0.0004119937290982381,-0.0006290064687569357,-0.002800576420417785,,0.0005794296042243693,,,-0.0016684285057808083,0.0014611703063049314,,0.0007194141263458531,,0.0010596775644824052,,-0.00045590778937033713,,,-0.0005970772063834871,,,,,,-0.00035970706317292654,,,,,,,,,,,,,,-0.0006323882239653064,,,,-0.0003894841379388973,-0.00038884036250428754,,-0.000505910579172245,,-0.00020316105899755737
328,2026-08-31,BKT,ES0113679I37,01584601W,,,-0.0004506674699522873,,,,,-0.0006047517206043547,0.0005794296042243693,,-0.002450504367865562,,,,,0.002219324710519754,0.0010596775644824052,,-0.00045590778937033713,,0.001755585218769358,,,,,,,,,,-0.00037760580949453286,-0.0005037439385762183,-0.0006032010751669076,,-0.0005286481332923461,,,,,,,,,,,,,,-0.000505910579172245,0.0011588592084487387,2.920844840338923e-06
329,2026-08-31,BKW,CH0130293662,10289002W,-0.0003294795788726806,-0.00035970706317292654,,,-0.0004119937290982381,-0.0006290064687569357,,-0.0006047517206043547,0.0005794296042243693,0.0017171417468255033,,-0.0016684285057808083,,,0.0007194141263458531,,,,-0.00045590778937033713,-0.00035482416186288687,,-0.0005970772063834871,,,,,,,,-0.0004098404517684564,,-0.0005037439385762183,,-0.0006207082303828337,-0.0005286481332923461,,,,,-0.0009968153360809067,,-0.0006323882239653064,,,,0.0011364657937927244,0.0011364657937927244,0.0013366387461084884,0.001488914046298063,-0.00117624209657547,3.414406760422196e-05
330,2026-08-31,BLK,US09290D1019,12443401,,0.0010644724855886605,,,,,,,,,,,-0.0008168347892885206,,,-0.0007351513103596687,0.0010596775644824052,,-0.00045590778937033713,,-0.0009013349399045746,,,,,,-0.001755585218769358,,,-0.0004098404517684564,-0.00037760580949453286,,-0.0006032010751669076,-0.0006207082303828337,-0.0005286481332923461,-0.00043483996176542323,,,0.002834318305001132,,,-0.0006323882239653064,-0.0007216209181444601,-0.0008084138120793607,-0.0014002882102088926,-0.0003894841379388973,-0.00038884036250428754,,-0.000505910579172245,-0.00117624209657547,-0.00018178896414670738
331,2026-08-31,BMED,IT0004776628,21295501W,,0.0010644724855886605,,,0.0012189037270212122,-0.0006290064687569357,,,0.0005794296042243693,0.0017171417468255033,,,,,,-0.0007351513103596687,0.0010596775644824052,,0.0013366387461084884,,0.001755585218769358,,,,,,,,,-0.0004098404517684564,-0.00037760580949453286,-0.0005037439385762183,0.0017687851076322854,-0.0006207082303828337,0.0020635826255709995,-0.00043483996176542323,,-0.0012189037270212122,,,,-0.0006323882239653064,,,-0.0014002882102088926,-0.0003894841379388973,-0.00038884036250428754,,-0.000505910579172245,0.0011588592084487387,0.00018315298347469191
332,2026-08-31,BMO,CA0636711016,01558001C,-0.0003294795788726806,,-0.0004506674699522873,,-0.0004119937290982381,,,,0.0005794296042243693,0.0017171417468255033,,-0.0016684285057808083,,,,-0.0007351513103596687,0.0010596775644824052,,,,,,,,,,,,,,-0.00037760580949453286,-0.0005037439385762183,-0.0006032010751669076,,-0.0005286481332923461,,,,,0.0009884387366180419,,,-0.0007216209181444601,-0.0008084138120793607,,,,,-0.000505910579172245,,-6.840088727194309e-05
333,2026-08-31,BMPS,IT0005508921,02458401W,-0.0003294795788726806,-0.00035970706317292654,0.0013290871147745421,,-0.0004119937290982381,,,,0.0005794296042243693,-0.0017425808838155109,,,,,,0.002219324710519754,,,0.0013366387461084884,,0.001755585218769358,,,,,,,,,,-0.00037760580949453286,-0.0005037439385762183,0.0017687851076322854,,0.0020635826255709995,,,,,,,,0.001417159152500566,0.001589516346723608,,,,,-0.000505910579172245,,0.00026042384130258074
334,2026-08-31,BMW,DE0005190003,10002201W,-0.0003294795788726806,-0.00035970706317292654,0.0013290871147745421,,-0.0004119937290982381,,,-0.0006047517206043547,,,,,-0.0008168347892885206,-0.0015683227954339598,,-0.0007351513103596687,,,,-0.00035482416186288687,-0.0009013349399045746,-0.0005970772063834871,,,,,,-0.00035970706317292654,,0.0012064021503338151,,-0.0005037439385762183,-0.0006032010751669076,-0.0006207082303828337,,-0.00043483996176542323,-0.0032673391571540825,-0.0012189037270212122,,0.0009884387366180419,0.0013142369794139329,,,,,-0.0003894841379388973,-0.00038884036250428754,-0.0006818794762756347,,,-0.0003554233356594793
335,2026-08-31,BMY,US1101221083,00240301,0.0009721009062607189,0.0010644724855886605,,,,-0.0006290064687569357,-0.002800576420417785,,0.0005794296042243693,,,,,,0.0007194141263458531,,,,0.0013366387461084884,-0.00035482416186288687,,-0.0005970772063834871,,,,,,-0.00035970706317292654,,-0.0004098404517684564,,-0.0005037439385762183,,-0.0006207082303828337,,-0.00043483996176542323,,-0.0012189037270212122,,0.0009884387366180419,,-0.0006323882239653064,0.001417159152500566,0.001589516346723608,,0.0011364657937927244,,,-0.000505910579172245,0.0011588592084487387,-5.262833288424198e-05
336,2026-08-31,BN,CA11271J1075,00236901C,,,,,,,,,-0.0017171417468255033,-0.0017425808838155109,,,-0.0008168347892885206,,,-0.0007351513103596687,-0.0031366455908679197,,-0.00045590778937033713,,0.001755585218769358,,,,,,,,,-0.0004098404517684564,-0.00037760580949453286,-0.0005037439385762183,-0.0006032010751669076,-0.0006207082303828337,-0.0005286481332923461,,,,,,,,-0.0007216209181444601,-0.0008084138120793607,0.0013920024811544022,-0.0003894841379388973,-0.00038884036250428754,,-0.000505910579172245,,-0.00015676983691086447
337,2026-08-31,BN,FR0000120644,01745202W,,-0.00035970706317292654,,,,-0.0006290064687569357,,,,,,,-0.0008168347892885206,,,,0.0010596775644824052,,-0.00045590778937033713,-0.00035482416186288687,-0.0009013349399045746,,,,,,,-0.00035970706317292654,,-0.0004098404517684564,-0.00037760580949453286,-0.0005037439385762183,,,,-0.00043483996176542323,,,,,,,,,,-0.0003894841379388973,-0.00038884036250428754,,-0.000505910579172245,,-0.00018127360222572103
338,2026-08-31,BN4,SG1U68934629,10007601W,-0.0003294795788726806,-0.00035970706317292654,-0.0004506674699522873,,-0.0004119937290982381,,,,0.0005794296042243693,-0.0017425808838155109,,,0.0014611703063049314,-0.0015683227954339598,-0.0021193551289648105,,,-0.0013757217503806663,,-0.00035482416186288687,,-0.0005970772063834871,,,,,,,,0.0012064021503338151,0.001109662355259877,-0.0005037439385762183,-0.0006032010751669076,,-0.0005286481332923461,0.0012785240180168149,,0.0012064021503338151,,,,0.0012447006312967933,,,,-0.0003894841379388973,-0.00038884036250428754,-0.0006818794762756347,,,-6.618073060645745e-05
339,2026-08-31,BNP,FR0000131104,01553204W,-0.0003294795788726806,-0.00035970706317292654,,,-0.0004119937290982381,,,-0.0006047517206043547,0.0005794296042243693,,,,,,,0.002219324710519754,0.0010596775644824052,,-0.00045590778937033713,,,,,,,,,,,,-0.00037760580949453286,,0.0017687851076322854,,0.0020635826255709995,,,,,0.0009884387366180419,0.0013142369794139329,0.0012447006312967933,0.001417159152500566,0.001589516346723608,,,,,0.001488914046298063,0.0011588592084487387,0.0002900146528034836
340,2026-08-31,BNR,DE000A1DAHH0,26983501W,-0.0003294795788726806,0.0010644724855886605,-0.0004506674699522873,,0.0012189037270212122,,,,0.0005794296042243693,,,,,0.0015683227954339598,0.0007194141263458531,,,0.0013677233681110115,,-0.00035482416186288687,,-0.0005970772063834871,,,-0.0007763974234821583,-0.0005181683244825858,,-0.00035970706317292654,,-0.0004098404517684564,-0.00037760580949453286,-0.0005037439385762183,-0.0006032010751669076,,-0.0005286481332923461,,,,,,,-0.0006323882239653064,-0.0007216209181444601,-0.0008084138120793607,0.0013920024811544022,0.0011364657937927244,0.0011364657937927244,0.0013366387461084884,0.001488914046298063,,0.00018358021937105683
341,2026-08-31,BNS,CA0641491075,01558201C,-0.0003294795788726806,-0.00035970706317292654,-0.0004506674699522873,,-0.0004119937290982381,,,-0.0006047517206043547,0.0005794296042243693,,0.002450504367865562,-0.0016684285057808083,,,,-0.0007351513103596687,0.0010596775644824052,,0.0013366387461084884,,,,,,,,,,,,-0.00037760580949453286,-0.0005037439385762183,-0.0006032010751669076,,-0.0005286481332923461,,,,,0.0009884387366180419,,,-0.0007216209181444601,,,,,,,,3.558942704499776e-05
342,2026-08-31,BNZL,GB00B0744B38,10009501W,-0.0003294795788726806,-0.00035970706317292654,0.0013290871147745421,,-0.0004119937290982381,-0.0006290064687569357,,,0.0005794296042243693,,,,0.0014611703063049314,0.0015683227954339598,0.0007194141263458531,,,0.0013677233681110115,,-0.00035482416186288687,,-0.0005970772063834871,,,-0.0007763974234821583,-0.0005181683244825858,,-0.00035970706317292654,,-0.0004098404517684564,-0.00037760580949453286,,-0.0006032010751669076,,-0.0005286481332923461,-0.00043483996176542323,,,,,,-0.0006323882239653064,,,0.0013920024811544022,0.0011364657937927244,0.0011364657937927244,0.0013366387461084884,0.001488914046298063,,0.0001821150440670824
343,2026-08-31,BOL,SE0020050417,06489402W,,,0.0013290871147745421,,0.0012189037270212122,,,-0.0006047517206043547,,,,0.0016566790092612251,-0.0008168347892885206,,,-0.0007351513103596687,,,,0.0013920024811544022,-0.0009013349399045746,0.0017425808838155109,,,,-0.0005181683244825858,,-0.00035970706317292654,,0.0012064021503338151,0.001109662355259877,0.0009926093641987087,,,,-0.00043483996176542323,,,,,,0.0012447006312967933,0.001417159152500566,,,0.0011364657937927244,,,,,0.00017657378098355768
344,2026-08-31,BP.,GB0007980591,00241001W,-0.0003294795788726806,,-0.0004506674699522873,,-0.0004119937290982381,-0.0006290064687569357,,0.001782184994811318,0.0005794296042243693,,,,-0.0008168347892885206,0.0015683227954339598,0.0007194141263458531,,,0.0013677233681110115,,,,0.0017425808838155109,,,,,,-0.00035970706317292654,,,,,,,,,,,,,0.0013142369794139329,-0.0006323882239653064,,,0.0013920024811544022,,0.0011364657937927244,0.0013366387461084884,-0.000505910579172245,0.0011588592084487387,0.00020890256359634674
345,2026-08-31,BPE,IT0000066123,20064701W,,-0.00035970706317292654,0.0013290871147745421,,,-0.0006290064687569357,,,,,,,,,,0.002219324710519754,0.0010596775644824052,,0.0013366387461084884,,0.001755585218769358,,,,,,,,,,-0.00037760580949453286,-0.0005037439385762183,0.0017687851076322854,,0.0020635826255709995,,,,,,,,,,,,,,0.001488914046298063,,0.00036979609115239963
346,2026-08-31,BR,US11133T1034,17692801,-0.0003294795788726806,-0.00035970706317292654,-0.0004506674699522873,-0.001408673169551461,-0.0004119937290982381,,,,0.0005794296042243693,,,,,,0.0007194141263458531,,,,,-0.00035482416186288687,,-0.0005970772063834871,,,0.0015275871384097012,-0.0005181683244825858,,-0.00035970706317292654,,0.0012064021503338151,0.001109662355259877,,-0.0006032010751669076,,-0.0005286481332923461,,,,,,,,0.001417159152500566,0.001589516346723608,,,0.0011364657937927244,,,,7.577868548410136e-05
347,2026-08-31,BRKB,US0846707026,00217602,-0.0003294795788726806,-0.00035970706317292654,,,-0.0004119937290982381,,,-0.0006047517206043547,-0.0017171417468255033,,-0.002450504367865562,,-0.0008168347892885206,,,-0.0007351513103596687,-0.0031366455908679197,,-0.00045590778937033713,,,,,,,,,,,-0.0004098404517684564,-0.00037760580949453286,-0.0005037439385762183,,0.002425241436238082,,,,,,0.0009884387366180419,,,,,,-0.0003894841379388973,-0.00038884036250428754,,,-0.00117624209657547,-0.0002451149700807472
348,2026-08-31,BRO,US1152361010,01541701,-0.0003294795788726806,-0.00035970706317292654,-0.0004506674699522873,-0.001408673169551461,-0.0004119937290982381,-0.0006290064687569357,-0.002800576420417785,-0.0006047517206043547,,-0.0017425808838155109,0.002450504367865562,,,,,-0.0007351513103596687,,,-0.00045590778937033713,,-0.0009013349399045746,,,,,,,,,-0.0004098404517684564,-0.00037760580949453286,,,-0.0006207082303828337,0.0020635826255709995,-0.00043483996176542323,,,-0.0014611703063049314,-0.0009968153360809067,,-0.0006323882239653064,-0.0007216209181444601,,,-0.0003894841379388973,,,-0.000505910579172245,-0.00117624209657547,-0.00017149363088618666
349,2026-08-31,BS6,SG1U76934819,28437501W,-0.0003294795788726806,-0.00035970706317292654,0.0013290871147745421,,-0.0004119937290982381,0.0012316671168329527,,,,0.0017171417468255033,,,-0.0008168347892885206,-0.0015683227954339598,,,,,,0.0013920024811544022,,0.0017425808838155109,,,0.0015275871384097012,0.0020280036147852926,,-0.00035970706317292654,,0.0012064021503338151,0.001109662355259877,,0.0017687851076322854,,0.0020635826255709995,-0.00043483996176542323,,-0.0012189037270212122,,,,0.0012447006312967933,0.001417159152500566,0.001589516346723608,,,-0.00038884036250428754,-0.0006818794762756347,0.001488914046298063,-0.00117624209657547,0.0003091504294623591
350,2026-08-31,BSX,US1011371077,02527901,-0.0003294795788726806,-0.00035970706317292654,,,,0.0012316671168329527,0.0026732774922169768,,0.0005794296042243693,,,,,,0.0007194141263458531,,,,0.0013366387461084884,-0.00035482416186288687,,-0.0005970772063834871,,,0.0015275871384097012,,,-0.00035970706317292654,,0.0012064021503338151,0.001109662355259877,,,0.002425241436238082,,,0.003222581086508136,,0.002834318305001132,,,0.0012447006312967933,0.001417159152500566,0.001589516346723608,,-0.0003894841379388973,,,-0.000505910579172245,,0.0003691317399108682
351,2026-08-31,BT.A,GB0030913577,00241101W,-0.0003294795788726806,-0.00035970706317292654,-0.0004506674699522873,,-0.0004119937290982381,-0.0006290064687569357,,-0.0006047517206043547,,,,,,,,,,,,,0.001755585218769358,,,,,-0.0005181683244825858,,,,,-0.00037760580949453286,-0.0005037439385762183,,,,,,,,,,,,,,0.0011364657937927244,-0.00038884036250428754,,,,8.33788095865777e-05
352,2026-08-31,BURL,US1220171060,01867501,,,-0.0004506674699522873,,,,,-0.0006047517206043547,,,,,,0.0015683227954339598,,-0.0007351513103596687,,,,-0.00035482416186288687,0.001755585218769358,0.0017425808838155109,,,,-0.0005181683244825858,0.0034595355781631464,-0.00035970706317292654,,,,,,-0.0006207082303828337,,0.0012785240180168149,,0.0012064021503338151,,,,,,,,-0.0003894841379388973,-0.00038884036250428754,-0.0006818794762756347,,0.0011588592084487387,0.00013735068746498788
353,2026-08-31,BVI,FR0006174348,28696101W,-0.0003294795788726806,-0.00035970706317292654,-0.0004506674699522873,,-0.0004119937290982381,-0.0006290064687569357,,,0.0005794296042243693,,,,,0.0015683227954339598,0.0007194141263458531,,,,,-0.00035482416186288687,,,,,-0.0007763974234821583,-0.0005181683244825858,,-0.00035970706317292654,,-0.0004098404517684564,-0.00037760580949453286,-0.0005037439385762183,0.0017687851076322854,,0.0020635826255709995,-0.00043483996176542323,,,,-0.0009968153360809067,,-0.0006323882239653064,,,,,-0.00038884036250428754,-0.0006818794762756347,,0.0011588592084487387,-2.120977569216745e-06
354,2026-08-31,BX,US09260D1072,17708801,-0.0003294795788726806,-0.00035970706317292654,,-0.001408673169551461,-0.0004119937290982381,,,0.001782184994811318,,-0.0017425808838155109,-0.002450504367865562,,,,,-0.0007351513103596687,,,-0.00045590778937033713,,-0.0009013349399045746,,,,,,-0.001755585218769358,,,-0.0004098404517684564,-0.00037760580949453286,-0.0005037439385762183,,-0.0006207082303828337,-0.0005286481332923461,-0.00043483996176542323,,,-0.0014611703063049314,,,-0.0006323882239653064,-0.0007216209181444601,-0.0008084138120793607,-0.0014002882102088926,-0.0003894841379388973,-0.00038884036250428754,,-0.000505910579172245,,-0.0003358117687597301
355,2026-08-31,BXB,AU000000BXB1,10046101W,-0.0003294795788726806,-0.00035970706317292654,0.0013290871147745421,,-0.0004119937290982381,,,,-0.0017171417468255033,,,,,,-0.0021193551289648105,,,,,0.0013920024811544022,,,,,,,,-0.00035970706317292654,,,,-0.0005037439385762183,0.0017687851076322854,,0.0020635826255709995,,,,,,,,,,,0.0011364657937927244,-0.00038884036250428754,-0.0006818794762756347,,,4.8862723579698065e-05
356,2026-08-31,BZU,IT0001347308,10231703W,-0.0003294795788726806,-0.00035970706317292654,0.0013290871147745421,,-0.0004119937290982381,-0.0006290064687569357,,,,0.0017171417468255033,,,-0.0008168347892885206,,,-0.0007351513103596687,,,-0.00045590778937033713,-0.00035482416186288687,,-0.0005970772063834871,,,-0.0007763974234821583,-0.0005181683244825858,,-0.00035970706317292654,,-0.0004098404517684564,-0.00037760580949453286,,,,,-0.00043483996176542323,,,,-0.0009968153360809067,,,0.001417159152500566,,,0.0011364657937927244,0.0011364657937927244,0.0013366387461084884,,,7.91530790562602e-05
357,2026-08-31,C,US1729674242,00324301,,,0.0013290871147745421,,,0.0012316671168329527,0.0026732774922169768,,,,,-0.0016684285057808083,,,,-0.0007351513103596687,0.0010596775644824052,,-0.00045590778937033713,,,,,,,,,,,,,,-0.0006032010751669076,,-0.0005286481332923461,,,,0.002834318305001132,0.0009884387366180419,,0.0012447006312967933,,,0.0013920024811544022,,,,-0.000505910579172245,,2.355237163903865e-05
358,2026-08-31,C38U,SG1M51904654,25511801W,,,,,,,,,,,,,,,,,0.0010596775644824052,-0.0013757217503806663,,,,,,,,,,-0.00035970706317292654,,,,-0.0005037439385762183,-0.0006032010751669076,-0.0006207082303828337,-0.0005286481332923461,,,,,,-0.0013290871147745421,,,,-0.0014002882102088926,-0.0003894841379388973,-0.00038884036250428754,,,,-0.0001468427348377614
359,2026-08-31,C6L,SG1V61937297,10071301W,0.0009721009062607189,-0.00035970706317292654,0.0013290871147745421,,-0.0004119937290982381,-0.0006290064687569357,,,-0.0017171417468255033,,,,,,-0.0021193551289648105,,,,,-0.00035482416186288687,,0.0017425808838155109,,,-0.0007763974234821583,-0.0005181683244825858,,-0.00035970706317292654,,-0.0004098404517684564,-0.00037760580949453286,-0.0005037439385762183,-0.0006032010751669076,,-0.0005286481332923461,-0.00043483996176542323,,,,,0.0013142369794139329,0.0012447006312967933,,,,0.0011364657937927244,0.0011364657937927244,0.0013366387461084884,,,-1.1189998990017381e-05
360,2026-08-31,CA,FR0000120172,10034601W,-0.0003294795788726806,-0.00035970706317292654,,,,,,,,,,,,0.0015683227954339598,0.0007194141263458531,,0.0010596775644824052,0.0013677233681110115,-0.00045590778937033713,-0.00035482416186288687,-0.0009013349399045746,,,,-0.0007763974234821583,,,-0.00035970706317292654,,-0.0004098404517684564,-0.00037760580949453286,-0.0005037439385762183,,,,-0.00043483996176542323,-0.0032673391571540825,-0.0012189037270212122,,0.0009884387366180419,0.0013142369794139329,0.0012447006312967933,0.001417159152500566,0.001589516346723608,0.0013920024811544022,0.0011364657937927244,0.0011364657937927244,0.0013366387461084884,0.001488914046298063,0.0011588592084487387,0.00011988318230000078
361,2026-08-31,CABK,ES0140609019,28687901W,0.0009721009062607189,,,,,,,-0.0006047517206043547,0.0005794296042243693,,-0.002450504367865562,,0.0014611703063049314,,,0.002219324710519754,0.0010596775644824052,,-0.00045590778937033713,,,,,,,,,,,,-0.00037760580949453286,-0.0005037439385762183,-0.0006032010751669076,,-0.0005286481332923461,,,,,0.0009884387366180419,,,,,,,,,-0.000505910579172245,,-8.846835338194238e-05
362,2026-08-31,CAE,CA1247651088,00252601C,-0.0003294795788726806,-0.00035970706317292654,-0.0004506674699522873,,-0.0004119937290982381,-0.0006290064687569357,,,0.0005794296042243693,,,,0.0014611703063049314,-0.0015683227954339598,,,,-0.0013757217503806663,,-0.00035482416186288687,,-0.0005970772063834871,,,-0.0007763974234821583,-0.0005181683244825858,,-0.00035970706317292654,,-0.0004098404517684564,-0.00037760580949453286,-0.0005037439385762183,,,,-0.00043483996176542323,,-0.0012189037270212122,,,,-0.0006323882239653064,-0.0007216209181444601,-0.0008084138120793607,,-0.0003894841379388973,,,-0.000505910579172245,,-0.00017855294829011346
363,2026-08-31,CAH,US14149Y1082,00275101,,-0.00035970706317292654,,,,0.0012316671168329527,0.0026732774922169768,,0.0005794296042243693,,,,,,0.0007194141263458531,,,0.0013677233681110115,-0.00045590778937033713,0.0013920024811544022,0.001755585218769358,0.0017425808838155109,,,-0.0007763974234821583,,,0.0014002882102088926,-0.003675756551798343,-0.0004098404517684564,-0.00037760580949453286,0.0009926093641987087,,0.002425241436238082,,0.0012785240180168149,,0.0012064021503338151,,,0.0013142369794139329,,-0.0007216209181444601,,0.0013920024811544022,0.0011364657937927244,0.0011364657937927244,0.0013366387461084884,-0.000505910579172245,,0.0005107439565908347
364,2026-08-31,CAP,FR0000125338,10194402W,-0.0003294795788726806,-0.00035970706317292654,-0.0004506674699522873,,-0.0004119937290982381,,,-0.0006047517206043547,,,,-0.0016684285057808083,,,,,,,-0.00045590778937033713,-0.00035482416186288687,,,,,-0.0007763974234821583,-0.0005181683244825858,,-0.00035970706317292654,,-0.0004098404517684564,-0.00037760580949453286,,,,,-0.00043483996176542323,,-0.0012189037270212122,,,,0.0012447006312967933,,,,,,,,,-0.00022531764145412275
365,2026-08-31,CARL B,DK0010181759,10113005W,,,,,,,,,,,,,-0.0008168347892885206,,-0.0021193551289648105,,0.0010596775644824052,,-0.00045590778937033713,-0.00035482416186288687,-0.0009013349399045746,,,,-0.0007763974234821583,,,-0.00035970706317292654,,-0.0004098404517684564,-0.00037760580949453286,0.0009926093641987087,,,,-0.00043483996176542323,-0.0032673391571540825,,,,,,,,,-0.0003894841379388973,-0.00038884036250428754,,,0.0011588592084487387,-0.00023201976940787753
366,2026-08-31,CARR,US14448C1045,03619101,,,-0.0004506674699522873,,,,,,0.0005794296042243693,,,,,,0.0007194141263458531,,,,,-0.00035482416186288687,,-0.0005970772063834871,,,-0.0007763974234821583,-0.0005181683244825858,,-0.00035970706317292654,,-0.0004098404517684564,-0.00037760580949453286,-0.0005037439385762183,,,-0.0005286481332923461,0.0012785240180168149,,0.0012064021503338151,,,,-0.0006323882239653064,-0.0007216209181444601,-0.0008084138120793607,,-0.0003894841379388973,-0.00038884036250428754,-0.0006818794762756347,,,-3.391914066942283e-05
367,2026-08-31,CASY,US1475281036,00280701,0.0009721009062607189,0.0010644724855886605,,,,-0.0006290064687569357,,,,,,0.0016566790092612251,-0.0008168347892885206,,0.0007194141263458531,,0.0010596775644824052,,,-0.00035482416186288687,0.001755585218769358,,0.006190747876712999,0.005227742651446533,0.0015275871384097012,,,-0.00035970706317292654,,-0.0004098404517684564,,,,,,-0.00043483996176542323,,,-0.0014611703063049314,-0.0009968153360809067,-0.0013290871147745421,-0.0006323882239653064,-0.0007216209181444601,-0.0008084138120793607,,-0.0003894841379388973,-0.00038884036250428754,,-0.000505910579172245,,0.00014031373921081263
368,2026-08-31,CAT,US1491231015,00281701,,,,,,,,,,,,,,0.0015683227954339598,,,,,,-0.00035482416186288687,,-0.0005970772063834871,,,-0.0007763974234821583,-0.0005181683244825858,-0.001755585218769358,-0.00035970706317292654,,-0.0004098404517684564,-0.00037760580949453286,,-0.0006032010751669076,,-0.0005286481332923461,-0.00043483996176542323,,,,0.0009884387366180419,,,-0.0007216209181444601,-0.0008084138120793607,-0.0014002882102088926,-0.0003894841379388973,-0.00038884036250428754,-0.0006818794762756347,-0.000505910579172245,0.0011588592084487387,-0.00014272003441490508
369,2026-08-31,CB,CH0044328745,02803401,-0.0003294795788726806,-0.00035970706317292654,,,-0.0004119937290982381,,,,0.0005794296042243693,,,,,,,-0.0007351513103596687,,,,,-0.0009013349399045746,,,,,,,,,,,,-0.0006032010751669076,-0.0006207082303828337,-0.0005286481332923461,,,,,,,,,,,,,,,,-8.367519811695302e-05
370,2026-08-31,CBA,AU000000CBA7,02451201W,-0.0003294795788726806,-0.00035970706317292654,-0.0004506674699522873,,-0.0004119937290982381,-0.0006290064687569357,,-0.0006047517206043547,0.0005794296042243693,,-0.002450504367865562,,,,,0.002219324710519754,0.0010596775644824052,,-0.00045590778937033713,,0.001755585218769358,,,,,,,,,,-0.00037760580949453286,-0.0005037439385762183,-0.0006032010751669076,,-0.0005286481332923461,,,,,0.0009884387366180419,,-0.0006323882239653064,-0.0007216209181444601,-0.0008084138120793607,-0.0014002882102088926,,,,-0.000505910579172245,,-6.529566969490743e-05
371,2026-08-31,CBK,DE000CBK1001,01557501W,-0.0003294795788726806,-0.00035970706317292654,-0.0004506674699522873,,-0.0004119937290982381,0.0012316671168329527,,-0.0006047517206043547,,,,0.0016566790092612251,,,,0.002219324710519754,0.0010596775644824052,,-0.00045590778937033713,,-0.0009013349399045746,,,,,,,,,,-0.00037760580949453286,,0.0017687851076322854,,0.0020635826255709995,,,,,,,0.0012447006312967933,,,,,,,-0.000505910579172245,,0.00014493671196898545
372,2026-08-31,CBOE,US12503M1080,18450001,0.0009721009062607189,0.0010644724855886605,-0.0004506674699522873,0.002735446736222023,0.0012189037270212122,,,-0.0006047517206043547,-0.0017171417468255033,,,,,,,-0.0007351513103596687,-0.0031366455908679197,,0.0013366387461084884,,0.001755585218769358,,,,,,0.0034595355781631464,,,,,-0.0005037439385762183,,-0.0006207082303828337,-0.0005286481332923461,0.0012785240180168149,,0.0012064021503338151,,-0.0009968153360809067,,,-0.0007216209181444601,-0.0008084138120793607,-0.0014002882102088926,-0.0003894841379388973,-0.00038884036250428754,,-0.000505910579172245,-0.00117624209657547,1.55282594431656e-05
373,2026-08-31,CBRE,US12504L1098,26077401,0.0009721009062607189,,,,,,,,,,,,,0.0015683227954339598,,,0.0010596775644824052,0.0013677233681110115,,,,,,,,,,-0.00035970706317292654,-0.003675756551798343,,,0.0009926093641987087,,-0.0006207082303828337,,,0.003222581086508136,,,,,,,,0.0013920024811544022,-0.0003894841379388973,-0.00038884036250428754,,,,0.00013844323787560526
374,2026-08-31,CCEP,GB00BDCPN049,01275602W,,-0.00035970706317292654,,,,,,,,,,,,,0.0007194141263458531,,0.0010596775644824052,,,-0.00035482416186288687,-0.0009013349399045746,,,,0.0015275871384097012,,,-0.00035970706317292654,,,,,,,,-0.00043483996176542323,,,,,,,,,,-0.0003894841379388973,-0.00038884036250428754,,-0.000505910579172245,,-0.00010454063958210906
375,2026-08-31,CCH,CH0198251305,22126104W,-0.0003294795788726806,-0.00035970706317292654,,,,,,,,,,,0.0014611703063049314,,-0.0021193551289648105,,,,,-0.00035482416186288687,,,,,,,,-0.00035970706317292654,,,,,,,,-0.00043483996176542323,,,,,,,,-0.0008084138120793607,,-0.0003894841379388973,-0.00038884036250428754,,-0.000505910579172245,,-0.00011366928095622093
376,2026-08-31,CCI,US22822V1017,11349001,-0.0003294795788726806,,,,,,,,,,,,,-0.0015683227954339598,,,0.0010596775644824052,,,,,,,,,,,-0.00035970706317292654,,,,-0.0005037439385762183,-0.0006032010751669076,-0.0006207082303828337,-0.0005286481332923461,,,,,,,0.0012447006312967933,,,,,,,,,-1.5690517759349098e-05
377,2026-08-31,CCL.B,CA1249003098,01406201C,-0.0003294795788726806,-0.00035970706317292654,-0.0004506674699522873,,-0.0004119937290982381,,,-0.0006047517206043547,,,,,,,,-0.0007351513103596687,,,-0.00045590778937033713,-0.00035482416186288687,0.001755585218769358,-0.0005970772063834871,-0.00560115284083557,,-0.0007763974234821583,-0.0005181683244825858,,-0.00035970706317292654,,-0.0004098404517684564,-0.00037760580949453286,,,,,,,,,-0.0009968153360809067,,,,,,-0.0003894841379388973,,,,,-6.709890714175198e-06
378,2026-08-31,CCO,CA13321L1085,02437001C,-0.0003294795788726806,,-0.0004506674699522873,,-0.0004119937290982381,,,-0.0006047517206043547,0.0005794296042243693,,,0.0016566790092612251,0.0014611703063049314,-0.0015683227954339598,0.0007194141263458531,,0.0010596775644824052,,0.0013366387461084884,,,-0.0005970772063834871,,,,,,-0.00035970706317292654,,,,,,,,,,,,,-0.0013290871147745421,-0.0006323882239653064,,,-0.0014002882102088926,-0.0003894841379388973,-0.00038884036250428754,-0.0006818794762756347,-0.000505910579172245,-0.00117624209657547,1.0750351865011171e-05
379,2026-08-31,CDE,US1921085049,00315301,-0.0003294795788726806,-0.00035970706317292654,-0.0004506674699522873,-0.001408673169551461,-0.0004119937290982381,,,-0.0006047517206043547,,0.0017171417468255033,,0.0016566790092612251,,,,0.002219324710519754,,,0.0013366387461084884,-0.00035482416186288687,,0.0017425808838155109,,,0.0015275871384097012,0.0020280036147852926,0.0034595355781631464,0.0014002882102088926,-0.003675756551798343,0.0012064021503338151,0.001109662355259877,,,,,0.0012785240180168149,,0.0012064021503338151,,-0.0009968153360809067,,,0.001417159152500566,,,-0.0003894841379388973,0.0011364657937927244,0.0013366387461084884,,,0.0003747243368554744
380,2026-08-31,CDNS,US1273871087,01342101,-0.0003294795788726806,-0.00035970706317292654,-0.0004506674699522873,-0.001408673169551461,-0.0004119937290982381,-0.0006290064687569357,-0.002800576420417785,,,,,,-0.0008168347892885206,,,,,,,-0.00035482416186288687,,,,,,0.0020280036147852926,-0.001755585218769358,-0.00035970706317292654,-0.003675756551798343,-0.0004098404517684564,-0.00037760580949453286,-0.0005037439385762183,,,,-0.00043483996176542323,,,,,,-0.0006323882239653064,,,,,,,,,-0.0002510551267106594
381,2026-08-31,CDW,US12514G1085,02832002,,-0.00035970706317292654,-0.0004506674699522873,,-0.0004119937290982381,-0.0006290064687569357,,-0.0006047517206043547,,,,-0.0016684285057808083,-0.0008168347892885206,0.0015683227954339598,,,,0.0013677233681110115,-0.00045590778937033713,-0.00035482416186288687,,,,,-0.0007763974234821583,-0.0005181683244825858,-0.001755585218769358,-0.00035970706317292654,-0.003675756551798343,-0.0004098404517684564,-0.00037760580949453286,0.0009926093641987087,,,,-0.00043483996176542323,,,-0.0014611703063049314,,,,,,,,,,,0.0011588592084487387,-0.00021014285571006647
382,2026-08-31,CEG,US21037T1097,04061401,-0.0003294795788726806,,,0.002735446736222023,,0.0012316671168329527,0.0026732774922169768,,0.0005794296042243693,0.0017171417468255033,,,,0.0015683227954339598,0.0007194141263458531,,,0.0013677233681110115,-0.00045590778937033713,0.0013920024811544022,,,-0.00560115284083557,,,,0.0034595355781631464,,,0.0012064021503338151,,0.0009926093641987087,,0.002425241436238082,0.0020635826255709995,,,,,,,0.0012447006312967933,-0.0007216209181444601,,,-0.0003894841379388973,0.0011364657937927244,0.0013366387461084884,-0.000505910579172245,,0.00048018716489757956
383,2026-08-31,CEN,NZCENE0001S6,22791601W,,0.0010644724855886605,,,0.0012189037270212122,-0.0006290064687569357,,0.001782184994811318,0.0005794296042243693,,,0.0016566790092612251,,,0.0007194141263458531,,,,0.0013366387461084884,0.0013920024811544022,,0.0017425808838155109,,,,,,,,0.0012064021503338151,,-0.0005037439385762183,-0.0006032010751669076,0.002425241436238082,-0.0005286481332923461,,,,,-0.0009968153360809067,-0.0013290871147745421,-0.0006323882239653064,,,,-0.0003894841379388973,,,-0.000505910579172245,-0.00117624209657547,0.00024474693487495295
384,2026-08-31,CF,US1252691001,16394601,0.0009721009062607189,0.0010644724855886605,,0.002735446736222023,0.0012189037270212122,-0.0006290064687569357,,,,,,,,,,-0.0007351513103596687,,,-0.00045590778937033713,0.0013920024811544022,,-0.0005970772063834871,-0.00560115284083557,,,0.0020280036147852926,-0.001755585218769358,-0.00035970706317292654,,,,0.0009926093641987087,,,,-0.00043483996176542323,,,-0.0014611703063049314,,,-0.0006323882239653064,0.001417159152500566,,,0.0011364657937927244,0.0011364657937927244,0.0013366387461084884,,,0.00015910959329548126
385,2026-08-31,CFG,US1746101054,02182501,,-0.00035970706317292654,-0.0004506674699522873,,-0.0004119937290982381,0.0012316671168329527,0.0026732774922169768,,0.0005794296042243693,,,-0.0016684285057808083,,,,-0.0007351513103596687,0.0010596775644824052,,,,,,,,,,,,,,,-0.0005037439385762183,-0.0006032010751669076,,-0.0005286481332923461,,,,,,,0.0012447006312967933,,,,,,,,,6.689189725778511e-06
386,2026-08-31,CFR,CH0210483332,10290201W,0.0009721009062607189,0.0010644724855886605,-0.0004506674699522873,,0.0012189037270212122,,,-0.0006047517206043547,,,0.002450504367865562,,-0.0008168347892885206,-0.0015683227954339598,,0.002219324710519754,,-0.0013757217503806663,-0.00045590778937033713,-0.00035482416186288687,-0.0009013349399045746,-0.0005970772063834871,,,-0.0007763974234821583,-0.0005181683244825858,,-0.00035970706317292654,,-0.0004098404517684564,-0.00037760580949453286,-0.0005037439385762183,,-0.0006207082303828337,,-0.00043483996176542323,,,,,,,,,,-0.0003894841379388973,-0.00038884036250428754,-0.0006818794762756347,,,-8.861075822629446e-05
387,2026-08-31,CG,US14316J1088,18945901,-0.0003294795788726806,-0.00035970706317292654,-0.0004506674699522873,-0.001408673169551461,-0.0004119937290982381,,,-0.0006047517206043547,,-0.0017425808838155109,,-0.0016684285057808083,,,,-0.0007351513103596687,-0.0031366455908679197,,-0.00045590778937033713,,-0.0009013349399045746,,,,,,-0.001755585218769358,,,-0.0004098404517684564,-0.00037760580949453286,-0.0005037439385762183,-0.0006032010751669076,-0.0006207082303828337,-0.0005286481332923461,-0.00043483996176542323,,-0.0012189037270212122,-0.0014611703063049314,-0.0009968153360809067,,-0.0006323882239653064,-0.0007216209181444601,-0.0008084138120793607,,-0.0003894841379388973,-0.00038884036250428754,,,,-0.0004379367053708619
388,2026-08-31,CHD,US1713401024,00302601,,,,,,-0.0006290064687569357,,,,,,,0.0014611703063049314,,0.0007194141263458531,,0.0010596775644824052,,0.0013366387461084884,-0.00035482416186288687,0.001755585218769358,,,,0.0015275871384097012,,,-0.00035970706317292654,,,,-0.0005037439385762183,,,,-0.00043483996176542323,,,,-0.0009968153360809067,-0.0013290871147745421,-0.0006323882239653064,-0.0007216209181444601,-0.0008084138120793607,-0.0014002882102088926,-0.0003894841379388973,-0.00038884036250428754,,-0.000505910579172245,,3.975668972047137e-05
389,2026-08-31,CHRW,US12541W2098,06560901,,-0.00035970706317292654,-0.0004506674699522873,,-0.0004119937290982381,0.0012316671168329527,0.0026732774922169768,,0.0005794296042243693,,,,,0.0015683227954339598,0.0007194141263458531,,,0.0013677233681110115,,-0.00035482416186288687,,0.0017425808838155109,,,,-0.0005181683244825858,0.0034595355781631464,0.0014002882102088926,-0.003675756551798343,,,-0.0005037439385762183,-0.0006032010751669076,,-0.0005286481332923461,,,,-0.0014611703063049314,-0.0009968153360809067,,,,,,-0.0003894841379388973,-0.00038884036250428754,,-0.000505910579172245,,3.770574424875973e-05
390,2026-08-31,CHTR,US16119P1084,12613603,-0.0003294795788726806,,,,0.0012189037270212122,0.0012316671168329527,0.0026732774922169768,-0.0006047517206043547,,-0.0017425808838155109,,0.0016566790092612251,,,,,,,,,,,,,,0.0020280036147852926,,,,,-0.00037760580949453286,0.0009926093641987087,,,,,,,-0.0014611703063049314,0.0009884387366180419,0.0013142369794139329,,,,,0.0011364657937927244,0.0011364657937927244,,,,0.00019859216974728365
391,2026-08-31,CI,US1255231003,00254701,-0.0003294795788726806,-0.00035970706317292654,,,,0.0012316671168329527,0.0026732774922169768,,0.0005794296042243693,,,,,,0.0007194141263458531,,,0.0013677233681110115,-0.00045590778937033713,-0.00035482416186288687,,,,,,,,-0.00035970706317292654,0.0036192064510014456,0.0012064021503338151,0.001109662355259877,0.0009926093641987087,,-0.0006207082303828337,,0.0012785240180168149,-0.0032673391571540825,0.0012064021503338151,,0.0009884387366180419,0.0013142369794139329,0.0012447006312967933,0.001417159152500566,0.001589516346723608,0.0013920024811544022,0.0011364657937927244,0.0011364657937927244,0.0013366387461084884,0.001488914046298063,0.0011588592084487387,0.0004886779367489772
392,2026-08-31,CIEN,US1717793095,06435601,,,-0.0004506674699522873,,-0.0004119937290982381,,,,,,,,0.0014611703063049314,,,,,,,-0.00035482416186288687,,,,,,0.0020280036147852926,0.0034595355781631464,0.0014002882102088926,0.0036192064510014456,-0.0004098404517684564,-0.00037760580949453286,,,,,,,,0.002834318305001132,,,,,,,,,,,,8.664149317207466e-05
393,2026-08-31,CINF,US1720621010,01482401,-0.0003294795788726806,-0.00035970706317292654,-0.0004506674699522873,-0.001408673169551461,-0.0004119937290982381,-0.0006290064687569357,-0.002800576420417785,-0.0006047517206043547,0.0005794296042243693,0.0017171417468255033,0.002450504367865562,,,,,-0.0007351513103596687,,,0.0013366387461084884,,-0.0009013349399045746,,,,,,0.0034595355781631464,,,,0.001109662355259877,0.0009926093641987087,-0.0006032010751669076,,-0.0005286481332923461,,,,-0.0014611703063049314,-0.0009968153360809067,,,0.001417159152500566,0.001589516346723608,,0.0011364657937927244,,,0.001488914046298063,-0.00117624209657547,0.00021062004160150703
394,2026-08-31,CL,US1941621039,00317001,-0.0003294795788726806,,,,,-0.0006290064687569357,-0.002800576420417785,,,,,,0.0014611703063049314,0.0015683227954339598,0.0007194141263458531,,-0.0031366455908679197,,-0.00045590778937033713,0.0013920024811544022,0.001755585218769358,,,0.005227742651446533,-0.0007763974234821583,,,-0.00035970706317292654,,-0.0004098404517684564,-0.00037760580949453286,,,,,-0.00043483996176542323,,,,,-0.0013290871147745421,-0.0006323882239653064,-0.0007216209181444601,-0.0008084138120793607,-0.0014002882102088926,-0.0003894841379388973,-0.00038884036250428754,,-0.000505910579172245,0.0011588592084487387,-0.0001170015638502662
395,2026-08-31,CLNX,ES0105066007,31965901W,-0.0003294795788726806,,-0.0004506674699522873,,-0.0004119937290982381,-0.0006290064687569357,,,,-0.0017425808838155109,,,,,,,,,,,-0.0009013349399045746,,,,,,,,,,-0.00037760580949453286,-0.0005037439385762183,,,,,,,,,,,,,,-0.0003894841379388973,-0.00038884036250428754,-0.0006818794762756347,,,-0.00023046011133158982
396,2026-08-31,CLS,CA15101Q2071,11215801C,0.0009721009062607189,0.0010644724855886605,,,0.0012189037270212122,0.0012316671168329527,,,,,-0.002450504367865562,,-0.0008168347892885206,0.0015683227954339598,,,,0.0013677233681110115,-0.00045590778937033713,0.0013920024811544022,,,,,0.0015275871384097012,0.0020280036147852926,,-0.00035970706317292654,,0.0012064021503338151,0.001109662355259877,0.0009926093641987087,,,,-0.00043483996176542323,,0.0012064021503338151,,,,0.0012447006312967933,,,,,,,,0.0011588592084487387,0.00014681211805740808
397,2026-08-31,CM,CA1360691010,01558101C,-0.0003294795788726806,-0.00035970706317292654,-0.0004506674699522873,,-0.0004119937290982381,,,-0.0006047517206043547,0.0005794296042243693,,,-0.0016684285057808083,,,,-0.0007351513103596687,0.0010596775644824052,,,,,,,,,,,,,,-0.00037760580949453286,-0.0005037439385762183,,,-0.0005286481332923461,,,,,0.0009884387366180419,,,-0.0007216209181444601,-0.0008084138120793607,,,,,-0.000505910579172245,0.0011588592084487387,-0.00011802367033808638
398,2026-08-31,CMCSA,US20030N1019,00322601,-0.0003294795788726806,-0.00035970706317292654,0.0013290871147745421,-0.001408673169551461,-0.0004119937290982381,-0.0006290064687569357,-0.002800576420417785,,,,,,,,,,,,,,,,,,,-0.0005181683244825858,,,,,-0.00037760580949453286,0.0009926093641987087,,,,,,,,0.0009884387366180419,,,,,,0.0011364657937927244,0.0011364657937927244,0.0013366387461084884,,,1.3245337873407118e-05
399,2026-08-31,CME,US12572Q1058,14907001,-0.0003294795788726806,-0.00035970706317292654,-0.0004506674699522873,-0.001408673169551461,-0.0004119937290982381,-0.0006290064687569357,-0.002800576420417785,,0.0005794296042243693,0.0017171417468255033,0.002450504367865562,,,,,-0.0007351513103596687,0.0010596775644824052,,0.0013366387461084884,,-0.0009013349399045746,,,,,,,,,-0.0004098404517684564,-0.00037760580949453286,-0.0005037439385762183,-0.0006032010751669076,-0.0006207082303828337,-0.0005286481332923461,-0.00043483996176542323,,,,,,-0.0006323882239653064,-0.0007216209181444601,-0.0008084138120793607,-0.0014002882102088926,-0.0003894841379388973,-0.00038884036250428754,,-0.000505910579172245,,-6.623499994239819e-05
400,2026-08-31,CMG,US1696561059,16591401,-0.0003294795788726806,,-0.0004506674699522873,,-0.0004119937290982381,,,-0.0006047517206043547,,,,,,,,-0.0007351513103596687,,,-0.00045590778937033713,-0.00035482416186288687,,-0.0005970772063834871,-0.00560115284083557,,-0.0007763974234821583,-0.0005181683244825858,,-0.00035970706317292654,0.0036192064510014456,-0.0004098404517684564,-0.00037760580949453286,,,-0.0006207082303828337,,-0.00043483996176542323,,,,,-0.0013290871147745421,,,,,-0.0003894841379388973,-0.00038884036250428754,,,,-0.00014613574187081544
401,2026-08-31,CMI,US2310211063,00365001,0.0009721009062607189,0.0010644724855886605,-0.0004506674699522873,0.002735446736222023,0.0012189037270212122,,,,,,,,,,0.0007194141263458531,,,,,-0.00035482416186288687,,,,,-0.0007763974234821583,-0.0005181683244825858,0.0034595355781631464,-0.00035970706317292654,-0.003675756551798343,-0.0004098404517684564,-0.00037760580949453286,-0.0005037439385762183,-0.0006032010751669076,,-0.0005286481332923461,0.0012785240180168149,,0.0012064021503338151,,,,-0.0006323882239653064,-0.0007216209181444601,,,-0.0003894841379388973,-0.00038884036250428754,-0.0006818794762756347,-0.000505910579172245,,-3.770088817108466e-05
402,2026-08-31,CMS,US1258961002,00343901,-0.0003294795788726806,-0.00035970706317292654,,-0.001408673169551461,-0.0004119937290982381,,,-0.0006047517206043547,-0.0017171417468255033,,,0.0016566790092612251,,,,,,,-0.00045590778937033713,-0.00035482416186288687,,-0.0005970772063834871,-0.00560115284083557,-0.00588121048287735,,,-0.001755585218769358,,,-0.0004098404517684564,,0.0009926093641987087,-0.0006032010751669076,-0.0006207082303828337,-0.0005286481332923461,,,,,,,,,,,-0.0003894841379388973,-0.00038884036250428754,-0.0006818794762756347,,,-0.00017892011228904105
403,2026-08-31,CNA,GB00B033F229,21342301W,-0.0003294795788726806,-0.00035970706317292654,,,-0.0004119937290982381,0.0012316671168329527,,-0.0006047517206043547,0.0005794296042243693,0.0017171417468255033,,,,0.0015683227954339598,0.0007194141263458531,,,0.0013677233681110115,0.0013366387461084884,0.0013920024811544022,,-0.0005970772063834871,,,,,,,,0.0012064021503338151,,0.0009926093641987087,-0.0006032010751669076,-0.0006207082303828337,-0.0005286481332923461,,,,,-0.0009968153360809067,0.0013142369794139329,0.0012447006312967933,0.001417159152500566,0.001589516346723608,0.0013920024811544022,-0.0003894841379388973,-0.00038884036250428754,-0.0006818794762756347,0.001488914046298063,,0.0003830026292232058
404,2026-08-31,CNC,US15135B1017,14555201,0.0009721009062607189,0.0010644724855886605,,,,0.0012316671168329527,0.0026732774922169768,,0.0005794296042243693,,,,,,0.0007194141263458531,,,0.0013677233681110115,-0.00045590778937033713,-0.00035482416186288687,0.001755585218769358,-0.0005970772063834871,,,-0.0007763974234821583,,,0.0014002882102088926,0.0036192064510014456,-0.0004098404517684564,-0.00037760580949453286,0.0009926093641987087,,-0.0006207082303828337,,0.0012785240180168149,0.003222581086508136,0.0012064021503338151,0.002834318305001132,,0.0013142369794139329,-0.0006323882239653064,-0.0007216209181444601,0.001589516346723608,0.0013920024811544022,0.0011364657937927244,0.0011364657937927244,0.0013366387461084884,-0.000505910579172245,0.0011588592084487387,0.0006143903315171006
405,2026-08-31,CNP,US15189T1079,00574201,-0.0003294795788726806,-0.00035970706317292654,,,-0.0004119937290982381,,,,-0.0017171417468255033,-0.0017425808838155109,,0.0016566790092612251,,,,,,,,-0.00035482416186288687,,,,-0.00588121048287735,,,0.0034595355781631464,,,,,,,-0.0006207082303828337,-0.0005286481332923461,,,,,,,-0.0006323882239653064,-0.0007216209181444601,-0.0008084138120793607,,-0.0003894841379388973,-0.00038884036250428754,-0.0006818794762756347,-0.000505910579172245,,-0.0001892980360606664
406,2026-08-31,CNQ,CA1363851017,01505501C,0.0009721009062607189,,,,-0.0004119937290982381,,,-0.0006047517206043547,,,,,-0.0008168347892885206,,,,0.0010596775644824052,,0.0013366387461084884,,,-0.0005970772063834871,,,,,,-0.00035970706317292654,,,,,,,,,,,,,-0.0013290871147745421,,,,-0.0014002882102088926,-0.0003894841379388973,-0.00038884036250428754,-0.0006818794762756347,-0.000505910579172245,,-7.922324205205879e-05
407,2026-08-31,CNR,CA1363751027,00269601C,-0.0003294795788726806,,-0.0004506674699522873,,,-0.0006290064687569357,,,-0.0017171417468255033,-0.0017425808838155109,,,,-0.0015683227954339598,-0.0021193551289648105,,,-0.0013757217503806663,,-0.00035482416186288687,,-0.0005970772063834871,,,,-0.0005181683244825858,,-0.00035970706317292654,,-0.0004098404517684564,-0.00037760580949453286,-0.0005037439385762183,-0.0006032010751669076,,-0.0005286481332923461,-0.00043483996176542323,,,,0.0009884387366180419,-0.0013290871147745421,,,,-0.0014002882102088926,-0.0003894841379388973,-0.00038884036250428754,-0.0006818794762756347,,,-0.00029002672333681376
408,2026-08-31,COF,US14040H1059,03099001,-0.0003294795788726806,,0.0013290871147745421,,,,,,,,0.002450504367865562,-0.0016684285057808083,,,,-0.0007351513103596687,,,0.0013366387461084884,,-0.0009013349399045746,,,,,,0.0034595355781631464,,,0.0012064021503338151,0.001109662355259877,-0.0005037439385762183,,-0.0006207082303828337,0.0020635826255709995,,,,0.002834318305001132,,,,,,,0.0011364657937927244,0.0011364657937927244,,0.001488914046298063,,0.00023084828791620896
409,2026-08-31,COHR,US19247G1076,01456101,-0.0003294795788726806,-0.00035970706317292654,-0.0004506674699522873,-0.001408673169551461,-0.0004119937290982381,0.0012316671168329527,,-0.0006047517206043547,,,,,-0.0008168347892885206,,,,,-0.0013757217503806663,0.0013366387461084884,-0.00035482416186288687,,,,,,-0.0005181683244825858,-0.001755585218769358,-0.00035970706317292654,,-0.0004098404517684564,,,,,,-0.00043483996176542323,,-0.0012189037270212122,,,,,,,,,,,,,-0.00013269462783742865
410,2026-08-31,COIN,US19260Q1076,03474901,-0.0003294795788726806,-0.00035970706317292654,-0.0004506674699522873,-0.001408673169551461,-0.0004119937290982381,-0.0006290064687569357,-0.002800576420417785,-0.0006047517206043547,0.0005794296042243693,-0.0017425808838155109,0.002450504367865562,,,,,-0.0007351513103596687,-0.0031366455908679197,,-0.00045590778937033713,,-0.0009013349399045746,,,,,,0.0034595355781631464,,,-0.0004098404517684564,-0.00037760580949453286,-0.0005037439385762183,,-0.0006207082303828337,,,,,-0.0014611703063049314,-0.0009968153360809067,,-0.0006323882239653064,-0.0007216209181444601,-0.0008084138120793607,-0.0014002882102088926,,,,-0.000505910579172245,-0.00117624209657547,-0.0002660584984568321
411,2026-08-31,COL,AU0000030678,32949801W,-0.0003294795788726806,-0.00035970706317292654,,,,-0.0006290064687569357,,,,,,0.0016566790092612251,,0.0015683227954339598,0.0007194141263458531,,0.0010596775644824052,0.0013677233681110115,-0.00045590778937033713,0.0013920024811544022,,,,,-0.0007763974234821583,,,0.0014002882102088926,,-0.0004098404517684564,-0.00037760580949453286,,,,,0.0012785240180168149,,0.0012064021503338151,,-0.0009968153360809067,,-0.0006323882239653064,-0.0007216209181444601,-0.0008084138120793607,,-0.0003894841379388973,-0.00038884036250428754,-0.0006818794762756347,-0.000505910579172245,0.0011588592084487387,0.0001728402483428848
412,2026-08-31,COLO B,DK0060448595,10153801W,-0.0003294795788726806,-0.00035970706317292654,,,,-0.0006290064687569357,,,,,,,,,,,,,-0.00045590778937033713,-0.00035482416186288687,,-0.0005970772063834871,,,-0.0007763974234821583,,,0.0014002882102088926,,-0.0004098404517684564,-0.00037760580949453286,-0.0005037439385762183,,-0.0006207082303828337,,,,,,,,,-0.0007216209181444601,-0.0008084138120793607,,,-0.00038884036250428754,-0.0006818794762756347,0.001488914046298063,0.0011588592084487387,-6.643692037172017e-05
413,2026-08-31,CON,DE0005439004,10060901W,0.0009721009062607189,-0.00035970706317292654,0.0013290871147745421,,-0.0004119937290982381,,,-0.0006047517206043547,,,,,0.0014611703063049314,,,-0.0007351513103596687,,,-0.00045590778937033713,-0.00035482416186288687,0.001755585218769358,-0.0005970772063834871,,,-0.0007763974234821583,-0.0005181683244825858,,-0.00035970706317292654,,-0.0004098404517684564,-0.00037760580949453286,-0.0005037439385762183,,-0.0006207082303828337,,-0.00043483996176542323,-0.0032673391571540825,-0.0012189037270212122,,,,,,,,-0.0003894841379388973,-0.00038884036250428754,-0.0006818794762756347,,,-0.00018387293828332323
414,2026-08-31,COO,US2166485019,00350401,-0.0003294795788726806,-0.00035970706317292654,,,,,,,,,,,,,-0.0021193551289648105,,,-0.0013757217503806663,-0.00045590778937033713,-0.00035482416186288687,0.001755585218769358,,,,-0.0007763974234821583,,,-0.00035970706317292654,,-0.0004098404517684564,-0.00037760580949453286,,,-0.0006207082303828337,,0.0012785240180168149,,,-0.0014611703063049314,,,-0.0006323882239653064,-0.0007216209181444601,,,-0.0003894841379388973,-0.00038884036250428754,,,,-2.0291342117042072e-05
415,2026-08-31,COP,US20825C1045,00854901,,,,,-0.0004119937290982381,,,0.001782184994811318,,,,,,,,,,,-0.00045590778937033713,,,-0.0005970772063834871,-0.00560115284083557,,,,,-0.00035970706317292654,,,,,,,,,,,,,,,,,,-0.0003894841379388973,-0.00038884036250428754,-0.0006818794762756347,,,-3.02467171021782e-05
416,2026-08-31,COR,US03073E1055,03167301,,,,,,,,,0.0005794296042243693,,,,,,0.0007194141263458531,,,0.0013677233681110115,-0.00045590778937033713,0.0013920024811544022,-0.0009013349399045746,0.0017425808838155109,,,,,,-0.00035970706317292654,-0.003675756551798343,,0.001109662355259877,0.0009926093641987087,,-0.0006207082303828337,,-0.00043483996176542323,-0.0032673391571540825,-0.0012189037270212122,,,0.0013142369794139329,,,,0.0013920024811544022,-0.0003894841379388973,-0.00038884036250428754,-0.0006818794762756347,-0.000505910579172245,0.0011588592084487387,-0.0001532135774007133
417,2026-08-31,COST,US22160K1051,02902801,,,,,,-0.0006290064687569357,,,,,,0.0016566790092612251,0.0014611703063049314,0.0015683227954339598,0.0007194141263458531,,,0.0013677233681110115,-0.00045590778937033713,0.0013920024811544022,0.001755585218769358,,,,,,,-0.00035970706317292654,,-0.0004098404517684564,-0.00037760580949453286,,,,,,,,0.002834318305001132,0.0009884387366180419,-0.0013290871147745421,-0.0006323882239653064,-0.0007216209181444601,-0.0008084138120793607,,-0.0003894841379388973,-0.00038884036250428754,-0.0006818794762756347,-0.000505910579172245,,0.00019099994331746347
418,2026-08-31,COV,FR0000064578,22228401W,-0.0003294795788726806,,,,,,,,,,,,,,,,-0.0031366455908679197,,,,,,,,,,,-0.00035970706317292654,,,,,0.0017687851076322854,-0.0006207082303828337,0.0020635826255709995,,,-0.0012189037270212122,,,0.0013142369794139329,0.0012447006312967933,,,,-0.0003894841379388973,-0.00038884036250428754,-0.0006818794762756347,,,-7.602723002676369e-05
419,2026-08-31,CP,CA13646K1084,00269801C,-0.0003294795788726806,-0.00035970706317292654,-0.0004506674699522873,,-0.0004119937290982381,,,,,,,,,-0.0015683227954339598,-0.0021193551289648105,,,-0.0013757217503806663,,-0.00035482416186288687,,-0.0005970772063834871,,,,-0.0005181683244825858,,-0.00035970706317292654,,-0.0004098404517684564,-0.00037760580949453286,-0.0005037439385762183,,,-0.0005286481332923461,-0.00043483996176542323,,,,0.0009884387366180419,-0.0013290871147745421,,,-0.0008084138120793607,-0.0014002882102088926,-0.0003894841379388973,-0.00038884036250428754,-0.0006818794762756347,-0.000505910579172245,-0.00117624209657547,-0.0002247118301518164
420,2026-08-31,CPAY,US2199481068,18470001,,,-0.0004506674699522873,,,,,0.001782184994811318,-0.0017171417468255033,-0.0017425808838155109,,,,,,-0.0007351513103596687,,,-0.00045590778937033713,,0.001755585218769358,,,,,,-0.001755585218769358,,,-0.0004098404517684564,-0.00037760580949453286,,,-0.0006207082303828337,,-0.00043483996176542323,,,-0.0014611703063049314,-0.0009968153360809067,,-0.0006323882239653064,-0.0007216209181444601,-0.0008084138120793607,,-0.0003894841379388973,-0.00038884036250428754,,-0.000505910579172245,,-7.387562712814381e-05
421,2026-08-31,CPG,GB00BD6K4575,24309001W,-0.0003294795788726806,-0.00035970706317292654,-0.0004506674699522873,,-0.0004119937290982381,,,-0.0006047517206043547,,,-0.002450504367865562,,,0.0015683227954339598,,0.002219324710519754,,0.0013677233681110115,0.0013366387461084884,-0.00035482416186288687,,-0.0005970772063834871,,,0.0015275871384097012,-0.0005181683244825858,,-0.00035970706317292654,,0.0012064021503338151,0.001109662355259877,0.0009926093641987087,-0.0006032010751669076,-0.0006207082303828337,,-0.00043483996176542323,,,,,,,,,,-0.0003894841379388973,,,,,-4.927335880179471e-06
422,2026-08-31,CPR,NL0015435975,24693901W,,-0.00035970706317292654,,,,,,,,,,,-0.0008168347892885206,-0.0015683227954339598,-0.0021193551289648105,,,-0.0013757217503806663,0.0013366387461084884,-0.00035482416186288687,-0.0009013349399045746,,,,0.0015275871384097012,,,0.0014002882102088926,,0.0012064021503338151,0.001109662355259877,-0.0005037439385762183,,,,0.0012785240180168149,,,,-0.0009968153360809067,,,,,,-0.0003894841379388973,,,-0.000505910579172245,,-8.199012916297271e-05
423,2026-08-31,CPRT,US2172041061,02990101,-0.0003294795788726806,-0.00035970706317292654,-0.0004506674699522873,-0.001408673169551461,-0.0004119937290982381,,,,,0.0017171417468255033,,,,-0.0015683227954339598,-0.0021193551289648105,,,-0.0013757217503806663,,-0.00035482416186288687,,-0.0005970772063834871,,,,-0.0005181683244825858,,-0.00035970706317292654,-0.003675756551798343,-0.0004098404517684564,,-0.0005037439385762183,,,,,,,0.002834318305001132,,-0.0013290871147745421,,,,-0.0014002882102088926,0.0011364657937927244,,0.0013366387461084884,,-0.00117624209657547,-8.490532276148319e-05
424,2026-08-31,CPU,AU000000CPU5,22309601W,,-0.00035970706317292654,-0.0004506674699522873,,-0.0004119937290982381,-0.0006290064687569357,,,0.0005794296042243693,-0.0017425808838155109,,,,,0.0007194141263458531,,,,,-0.00035482416186288687,,,,,0.0015275871384097012,,,-0.00035970706317292654,,,,-0.0005037439385762183,-0.0006032010751669076,,-0.0005286481332923461,,,,,-0.0009968153360809067,-0.0013290871147745421,-0.0006323882239653064,,,-0.0014002882102088926,-0.0003894841379388973,-0.00038884036250428754,,-0.000505910579172245,,-0.0001635799169113173
425,2026-08-31,CPW,IL0010824113,06318501W,,,,,,,,,,,,-0.0016684285057808083,,,,,,,,-0.00035482416186288687,,,,,,,,-0.00035970706317292654,,0.0012064021503338151,0.001109662355259877,,,,,,,,,,,,,,,,,,,,-7.032789718969471e-05
426,2026-08-31,CRBG,US21871X1090,04108401,-0.0003294795788726806,-0.00035970706317292654,-0.0004506674699522873,-0.001408673169551461,-0.0004119937290982381,0.0012316671168329527,0.0026732774922169768,-0.0006047517206043547,0.0005794296042243693,,,-0.0016684285057808083,,,,-0.0007351513103596687,,,-0.00045590778937033713,,-0.0009013349399045746,,,,,,,,,-0.0004098404517684564,-0.00037760580949453286,0.0009926093641987087,-0.0006032010751669076,-0.0006207082303828337,-0.0005286481332923461,-0.00043483996176542323,,,-0.0014611703063049314,,,-0.0006323882239653064,-0.0007216209181444601,-0.0008084138120793607,0.0013920024811544022,-0.0003894841379388973,,,0.001488914046298063,0.0011588592084487387,-9.484325390895525e-05
427,2026-08-31,CRCL,US1725731079,05146101,-0.0003294795788726806,0.0010644724855886605,0.0013290871147745421,,,,,-0.0006047517206043547,,,,0.0016566790092612251,,,,,,,-0.00045590778937033713,-0.00035482416186288687,,,,,-0.0007763974234821583,-0.0005181683244825858,-0.001755585218769358,-0.00035970706317292654,,,,,,,,,,,-0.0014611703063049314,0.0009884387366180419,,,,,,,,,,0.0011588592084487387,2.1043946351884465e-05
428,2026-08-31,CRDO,KYG254571055,04053201,0.0009721009062607189,0.0010644724855886605,-0.0004506674699522873,,,,0.0026732774922169768,,,,,,0.0014611703063049314,,,,,,0.0013366387461084884,0.0013920024811544022,,,,,0.0015275871384097012,0.0020280036147852926,0.0034595355781631464,0.0014002882102088926,0.0036192064510014456,,0.001109662355259877,,,,,,,,0.002834318305001132,-0.0009968153360809067,,,,,,,,,,-0.00117624209657547,0.0003050976898312629
429,2026-08-31,CRM,US79466L3024,15785501,,,0.0013290871147745421,0.002735446736222023,0.0012189037270212122,,,0.001782184994811318,,,0.002450504367865562,,,,,,,,-0.00045590778937033713,-0.00035482416186288687,,,,,,0.0020280036147852926,,-0.00035970706317292654,,,,,,,,,,,-0.0014611703063049314,0.0009884387366180419,,,,,,,,,,0.0011588592084487387,0.00022120615855803204
430,2026-08-31,CRWD,US22788C1053,03518201,-0.0003294795788726806,-0.00035970706317292654,-0.0004506674699522873,-0.001408673169551461,-0.0004119937290982381,-0.0006290064687569357,-0.002800576420417785,,,,,,,,,,,,,-0.00035482416186288687,,,,,-0.0007763974234821583,-0.0005181683244825858,,-0.00035970706317292654,,-0.0004098404517684564,-0.00037760580949453286,-0.0005037439385762183,,,,-0.00043483996176542323,,,,,,-0.0006323882239653064,,,,,,,,,-0.0001939531181533577
431,2026-08-31,CRWV,US21873S1087,05113901,-0.0003294795788726806,-0.00035970706317292654,-0.0004506674699522873,-0.001408673169551461,-0.0004119937290982381,,,-0.0006047517206043547,,,0.002450504367865562,-0.0016684285057808083,,,,,,-0.0013757217503806663,0.0013366387461084884,-0.00035482416186288687,,,,,-0.0007763974234821583,-0.0005181683244825858,-0.001755585218769358,-0.00035970706317292654,,,,0.0009926093641987087,,,,,,,-0.0014611703063049314,0.0009884387366180419,,,,,,,,,,0.0011588592084487387,-2.6813025133456005e-05
432,2026-08-31,CS,FR0000120628,06312001W,-0.0003294795788726806,-0.00035970706317292654,-0.0004506674699522873,,-0.0004119937290982381,,,-0.0006047517206043547,0.0005794296042243693,,,,,,,-0.0007351513103596687,0.0010596775644824052,,-0.00045590778937033713,,-0.0009013349399045746,,,,,,,,,-0.0004098404517684564,-0.00037760580949453286,0.0009926093641987087,-0.0006032010751669076,-0.0006207082303828337,-0.0005286481332923461,-0.00043483996176542323,,-0.0012189037270212122,,0.0009884387366180419,,,,,0.0013920024811544022,0.0011364657937927244,,,,,-7.893995166120634e-05
433,2026-08-31,CSA,IE00B4BNMY34,14335702W,,,,,,,,,,,,,,0.0015683227954339598,,,,0.0013677233681110115,-0.00045590778937033713,-0.00035482416186288687,,,,,-0.0007763974234821583,-0.0005181683244825858,,-0.00035970706317292654,,-0.0004098404517684564,-0.00037760580949453286,0.0009926093641987087,,,,0.0012785240180168149,,0.0012064021503338151,,0.0009884387366180419,,,,,,,,,,,9.858749296991941e-05
434,2026-08-31,CSCO,US17275R1023,02077901,-0.0003294795788726806,-0.00035970706317292654,-0.0004506674699522873,,-0.0004119937290982381,-0.0006290064687569357,,-0.0006047517206043547,,,,,-0.0008168347892885206,,,,,,-0.00045590778937033713,-0.00035482416186288687,,,,,,-0.0005181683244825858,-0.001755585218769358,-0.00035970706317292654,,-0.0004098404517684564,-0.00037760580949453286,-0.0005037439385762183,,,,-0.00043483996176542323,,-0.0012189037270212122,,0.0009884387366180419,,,,,,,,,,,-0.00018637552169573277
435,2026-08-31,CSL,AU000000CSL8,22300301W,-0.0003294795788726806,-0.00035970706317292654,,,,-0.0006290064687569357,,,0.0005794296042243693,,,,,,0.0007194141263458531,,,,-0.00045590778937033713,-0.00035482416186288687,-0.0009013349399045746,-0.0005970772063834871,,,-0.0007763974234821583,,,0.0014002882102088926,,-0.0004098404517684564,-0.00037760580949453286,-0.0005037439385762183,,-0.0006207082303828337,,0.0012785240180168149,0.003222581086508136,0.0012064021503338151,,,,-0.0006323882239653064,,-0.0008084138120793607,,,-0.00038884036250428754,,0.001488914046298063,,7.895946301986701e-05
436,2026-08-31,CSU,CA21037X1006,17430201C,-0.0003294795788726806,-0.00035970706317292654,,,-0.0004119937290982381,,,-0.0006047517206043547,,,,,-0.0008168347892885206,0.0015683227954339598,,,,0.0013677233681110115,-0.00045590778937033713,-0.00035482416186288687,,,,,-0.0007763974234821583,-0.0005181683244825858,,-0.00035970706317292654,,-0.0004098404517684564,-0.00037760580949453286,,,,,,,,,,,-0.0006323882239653064,,,,,,,,0.0011588592084487387,-3.5382975522642586e-05
437,2026-08-31,CSX,US1264081035,00257401,,,-0.0004506674699522873,0.002735446736222023,,,,,-0.0017171417468255033,-0.0017425808838155109,,,,,-0.0021193551289648105,,,-0.0013757217503806663,,-0.00035482416186288687,,-0.0005970772063834871,,,,-0.0005181683244825858,,0.0014002882102088926,,-0.0004098404517684564,-0.00037760580949453286,-0.0005037439385762183,-0.0006032010751669076,,-0.0005286481332923461,,,,0.002834318305001132,,-0.0013290871147745421,,,,-0.0014002882102088926,-0.0003894841379388973,-0.00038884036250428754,-0.0006818794762756347,,,-0.000210549818986914
438,2026-08-31,CTAS,US1729081059,00306201,-0.0003294795788726806,-0.00035970706317292654,-0.0004506674699522873,-0.001408673169551461,-0.0004119937290982381,-0.0006290064687569357,-0.002800576420417785,,,,,,-0.0008168347892885206,,0.0007194141263458531,,,,,0.0013920024811544022,,-0.0005970772063834871,,,,0.0020280036147852926,-0.001755585218769358,-0.00035970706317292654,,-0.0004098404517684564,-0.00037760580949453286,-0.0005037439385762183,,,-0.0005286481332923461,-0.00043483996176542323,,,,,-0.0013290871147745421,-0.0006323882239653064,-0.0007216209181444601,-0.0008084138120793607,-0.0014002882102088926,-0.0003894841379388973,-0.00038884036250428754,-0.0006818794762756347,-0.000505910579172245,,-0.00019184799361369548
439,2026-08-31,CTC.A,CA1366812024,00270301C,-0.0003294795788726806,-0.00035970706317292654,,,,,,-0.0006047517206043547,,,0.002450504367865562,,,,,-0.0007351513103596687,,,-0.00045590778937033713,-0.00035482416186288687,0.001755585218769358,,,-0.00588121048287735,-0.0007763974234821583,-0.0005181683244825858,,-0.00035970706317292654,,-0.0004098404517684564,-0.00037760580949453286,0.0009926093641987087,-0.0006032010751669076,-0.0006207082303828337,,-0.00043483996176542323,,-0.0012189037270212122,,,0.0013142369794139329,,,,,,-0.00038884036250428754,,,,9.106441861683893e-05
440,2026-08-31,CTSH,US1924461023,11186401,-0.0003294795788726806,-0.00035970706317292654,-0.0004506674699522873,-0.001408673169551461,-0.0004119937290982381,,,-0.0006047517206043547,,,,,,,,,,,-0.00045590778937033713,-0.00035482416186288687,,,,,-0.0007763974234821583,-0.0005181683244825858,-0.001755585218769358,-0.00035970706317292654,,-0.0004098404517684564,-0.00037760580949453286,0.0009926093641987087,,,,0.0012785240180168149,,0.0012064021503338151,-0.0014611703063049314,,,0.0012447006312967933,,,,,,,,-0.00117624209657547,-1.7586895362044093e-05
441,2026-08-31,CTVA,US22052L1044,03516801,,,,,,,,,,0.0017171417468255033,,-0.0016684285057808083,,,,-0.0007351513103596687,,,-0.00045590778937033713,-0.00035482416186288687,,,,,-0.0007763974234821583,-0.0005181683244825858,-0.001755585218769358,-0.00035970706317292654,,-0.0004098404517684564,-0.00037760580949453286,,,,,-0.00043483996176542323,,,-0.0014611703063049314,,,-0.0006323882239653064,-0.0007216209181444601,,,-0.0003894841379388973,,,,,-0.00017686993875118965
442,2026-08-31,CU,CA1367178326,01443301C,0.0009721009062607189,0.0010644724855886605,,,0.0012189037270212122,-0.0006290064687569357,,0.001782184994811318,0.0005794296042243693,-0.0017425808838155109,,,,,0.0007194141263458531,,,-0.0013757217503806663,-0.00045590778937033713,-0.00035482416186288687,,-0.0005970772063834871,,,,,,,,,,-0.0005037439385762183,-0.0006032010751669076,,-0.0005286481332923461,,,,,,-0.0013290871147745421,-0.0006323882239653064,-0.0007216209181444601,-0.0008084138120793607,-0.0014002882102088926,,0.0011364657937927244,0.0013366387461084884,-0.000505910579172245,0.0011588592084487387,-0.0001238324054315564
443,2026-08-31,CVC,JE00BRX98089,36139901W,-0.0003294795788726806,-0.00035970706317292654,-0.0004506674699522873,,-0.0004119937290982381,,,-0.0006047517206043547,,-0.0017425808838155109,,,,,,-0.0007351513103596687,-0.0031366455908679197,,0.0013366387461084884,,,,,,,,,,,,,-0.0005037439385762183,,,,-0.00043483996176542323,,,,-0.0009968153360809067,-0.0013290871147745421,,,,-0.0014002882102088926,-0.0003894841379388973,-0.00038884036250428754,,-0.000505910579172245,-0.00117624209657547,-0.00020974049153785058
444,2026-08-31,CVE,CA15135U1093,18379101C,0.0009721009062607189,,-0.0004506674699522873,,,,,-0.0006047517206043547,,,,0.0016566790092612251,-0.0008168347892885206,,0.0007194141263458531,,0.0010596775644824052,,0.0013366387461084884,,,0.0017425808838155109,0.006190747876712999,,,,,0.0014002882102088926,,,,,,,,,,,,,,,,,,0.0011364657937927244,0.0011364657937927244,0.0013366387461084884,-0.000505910579172245,,0.00025484500217648443
445,2026-08-31,CVNA,US1468691027,03099901,0.0009721009062607189,0.0010644724855886605,-0.0004506674699522873,,,,,-0.0006047517206043547,,,,,0.0014611703063049314,0.0015683227954339598,,-0.0007351513103596687,,0.0013677233681110115,0.0013366387461084884,-0.00035482416186288687,-0.0009013349399045746,-0.0005970772063834871,0.006190747876712999,,0.0015275871384097012,-0.0005181683244825858,,-0.00035970706317292654,0.0036192064510014456,0.0012064021503338151,0.001109662355259877,0.0009926093641987087,,,,-0.00043483996176542323,,,,,-0.0013290871147745421,,,,,-0.0003894841379388973,-0.00038884036250428754,,,,7.845653236980027e-05
446,2026-08-31,CVS,US1266501006,00724101,0.0009721009062607189,0.0010644724855886605,,,,0.0012316671168329527,0.0026732774922169768,,0.0005794296042243693,,,,,,0.0007194141263458531,,,0.0013677233681110115,-0.00045590778937033713,-0.00035482416186288687,,-0.0005970772063834871,,,-0.0007763974234821583,,,-0.00035970706317292654,0.0036192064510014456,-0.0004098404517684564,-0.00037760580949453286,0.0009926093641987087,,-0.0006207082303828337,,,-0.0032673391571540825,,0.002834318305001132,0.0009884387366180419,0.0013142369794139329,-0.0006323882239653064,-0.0007216209181444601,0.001589516346723608,0.0013920024811544022,-0.0003894841379388973,-0.00038884036250428754,-0.0006818794762756347,,0.0011588592084487387,0.00011116557681945822
447,2026-08-31,CVX,US1667641005,00299101,,,0.0013290871147745421,,0.0012189037270212122,,,-0.0006047517206043547,0.0005794296042243693,,,,-0.0008168347892885206,,0.0007194141263458531,,0.0010596775644824052,,-0.00045590778937033713,,,,-0.00560115284083557,,,,,-0.00035970706317292654,,,,,,,,,,,0.002834318305001132,,,-0.0006323882239653064,,,,-0.0003894841379388973,-0.00038884036250428754,-0.0006818794762756347,-0.000505910579172245,-0.00117624209657547,-5.589351978450503e-05
448,2026-08-31,CW,US2315611010,00366201,-0.0003294795788726806,-0.00035970706317292654,-0.0004506674699522873,-0.001408673169551461,-0.0004119937290982381,-0.0006290064687569357,-0.002800576420417785,,0.0005794296042243693,,,,,,0.0007194141263458531,,,,,-0.00035482416186288687,,-0.0005970772063834871,,,,0.0020280036147852926,,-0.00035970706317292654,,-0.0004098404517684564,-0.00037760580949453286,,,,-0.0005286481332923461,-0.00043483996176542323,,,,-0.0009968153360809067,-0.0013290871147745421,-0.0006323882239653064,-0.0007216209181444601,-0.0008084138120793607,-0.0014002882102088926,-0.0003894841379388973,-0.00038884036250428754,-0.0006818794762756347,-0.000505910579172245,,-0.00021728603123820898
449,2026-08-31,D,US25746U1097,00402901,-0.0003294795788726806,-0.00035970706317292654,,-0.001408673169551461,-0.0004119937290982381,,-0.002800576420417785,0.001782184994811318,-0.0017171417468255033,,-0.002450504367865562,,,,-0.0021193551289648105,,,,,-0.00035482416186288687,,-0.0005970772063834871,,,,,0.0034595355781631464,,,,,0.0009926093641987087,-0.0006032010751669076,-0.0006207082303828337,-0.0005286481332923461,,,,,0.0009884387366180419,,,,,,-0.0003894841379388973,-0.00038884036250428754,-0.0006818794762756347,-0.000505910579172245,,-0.0003303666516605276
450,2026-08-31,D05,SG1L01001701,01574301W,-0.0003294795788726806,-0.00035970706317292654,,,-0.0004119937290982381,-0.0006290064687569357,,,0.0005794296042243693,,0.002450504367865562,-0.0016684285057808083,-0.0008168347892885206,,,0.002219324710519754,0.0010596775644824052,,-0.00045590778937033713,,,,,,,,,,,,-0.00037760580949453286,-0.0005037439385762183,0.0017687851076322854,,0.0020635826255709995,,,,,,,-0.0006323882239653064,-0.0007216209181444601,-0.0008084138120793607,-0.0014002882102088926,,,,-0.000505910579172245,,6.867050450891261e-05
451,2026-08-31,DAL,US2473617023,00385103,0.0009721009062607189,0.0010644724855886605,-0.0004506674699522873,0.002735446736222023,0.0012189037270212122,0.0012316671168329527,0.0026732774922169768,,-0.0017171417468255033,,,,-0.0008168347892885206,0.0015683227954339598,,,,,,-0.00035482416186288687,,-0.0005970772063834871,,,-0.0007763974234821583,-0.0005181683244825858,,-0.00035970706317292654,,0.0012064021503338151,-0.00037760580949453286,0.0009926093641987087,0.0017687851076322854,,0.0020635826255709995,0.0012785240180168149,,,-0.0014611703063049314,0.0009884387366180419,0.0013142369794139329,0.0012447006312967933,0.001417159152500566,0.001589516346723608,0.0013920024811544022,0.0011364657937927244,0.0011364657937927244,,0.001488914046298063,0.0011588592084487387,0.00046679316087792845
452,2026-08-31,DANSKE,DK0010274414,01555201W,,,,,,-0.0006290064687569357,,-0.0006047517206043547,0.0005794296042243693,-0.0017425808838155109,,,,,,0.002219324710519754,0.0010596775644824052,,-0.00045590778937033713,,,,,,,,,,,,-0.00037760580949453286,-0.0005037439385762183,-0.0006032010751669076,,-0.0005286481332923461,,,,,,,,,,,,,,-0.000505910579172245,0.0011588592084487387,-5.4405296120650134e-05
453,2026-08-31,DASH,US25809K1051,03742001,,,-0.0004506674699522873,,,,0.0026732774922169768,-0.0006047517206043547,,,,,,,,-0.0007351513103596687,,,0.0013366387461084884,-0.00035482416186288687,0.001755585218769358,0.0017425808838155109,,,0.0015275871384097012,-0.0005181683244825858,-0.001755585218769358,-0.00035970706317292654,-0.003675756551798343,0.0012064021503338151,,,,0.002425241436238082,,-0.00043483996176542323,,,,,,,,,,-0.0003894841379388973,-0.00038884036250428754,,,,0.00015836825400177134
454,2026-08-31,DB1,DE0005810055,24377401W,-0.0003294795788726806,,-0.0004506674699522873,,-0.0004119937290982381,-0.0006290064687569357,,0.001782184994811318,0.0005794296042243693,0.0017171417468255033,,,,,,-0.0007351513103596687,0.0010596775644824052,,-0.00045590778937033713,,,,,,,,,,,-0.0004098404517684564,-0.00037760580949453286,-0.0005037439385762183,-0.0006032010751669076,-0.0006207082303828337,-0.0005286481332923461,,,,,,,-0.0006323882239653064,-0.0007216209181444601,-0.0008084138120793607,-0.0014002882102088926,-0.0003894841379388973,-0.00038884036250428754,,-0.000505910579172245,0.0011588592084487387,-3.6655332158201416e-05
455,2026-08-31,DBK,DE0005140008,01557601W,,,,,,0.0012316671168329527,,-0.0006047517206043547,0.0005794296042243693,,,,,,,0.002219324710519754,0.0010596775644824052,,-0.00045590778937033713,,,,,,,,,,,-0.0004098404517684564,-0.00037760580949453286,-0.0005037439385762183,0.0017687851076322854,-0.0006207082303828337,0.0020635826255709995,0.0012785240180168149,,0.0012064021503338151,,0.0009884387366180419,0.0013142369794139329,0.0012447006312967933,0.001417159152500566,0.001589516346723608,,-0.0003894841379388973,,,,0.0011588592084487387,0.00028761381618702583
456,2026-08-31,DDOG,US23804L1035,03562001,-0.0003294795788726806,,-0.0004506674699522873,-0.001408673169551461,-0.0004119937290982381,-0.0006290064687569357,-0.002800576420417785,,,,,,,,,,,,-0.00045590778937033713,-0.00035482416186288687,,,,,-0.0007763974234821583,-0.0005181683244825858,,-0.00035970706317292654,,-0.0004098404517684564,-0.00037760580949453286,-0.0005037439385762183,,,,-0.00043483996176542323,,,,,,-0.0006323882239653064,,,,,,,,,-0.0002098623471779075
457,2026-08-31,DE,US2441991054,00383501,-0.0003294795788726806,-0.00035970706317292654,,-0.001408673169551461,-0.0004119937290982381,-0.0006290064687569357,,,,-0.0017425808838155109,,,,,-0.0021193551289648105,,,-0.0013757217503806663,,-0.00035482416186288687,,-0.0005970772063834871,,,-0.0007763974234821583,-0.0005181683244825858,-0.001755585218769358,-0.00035970706317292654,,-0.0004098404517684564,-0.00037760580949453286,-0.0005037439385762183,-0.0006032010751669076,,-0.0005286481332923461,-0.00043483996176542323,,,-0.0014611703063049314,0.0009884387366180419,,-0.0006323882239653064,-0.0007216209181444601,-0.0008084138120793607,,-0.0003894841379388973,-0.00038884036250428754,-0.0006818794762756347,,0.0011588592084487387,-0.00026394907524063737
458,2026-08-31,DECK,US2435371073,02901501,0.0009721009062607189,,-0.0004506674699522873,0.002735446736222023,0.0012189037270212122,,,,,,0.002450504367865562,,0.0014611703063049314,,,-0.0007351513103596687,,,-0.00045590778937033713,0.0013920024811544022,,-0.0005970772063834871,,,0.0015275871384097012,-0.0005181683244825858,,-0.00035970706317292654,,,,,,0.002425241436238082,,,,,,-0.0009968153360809067,-0.0013290871147745421,,,,,0.0011364657937927244,0.0011364657937927244,0.0013366387461084884,,-0.00117624209657547,0.000325464549789699
459,2026-08-31,DELL,US24703L2025,01448908,0.0009721009062607189,0.0010644724855886605,0.0013290871147745421,0.002735446736222023,0.0012189037270212122,,,0.001782184994811318,,,,,-0.0008168347892885206,-0.0015683227954339598,,,,0.0013677233681110115,-0.00045590778937033713,0.0013920024811544022,,,,,,0.0020280036147852926,,0.0014002882102088926,0.0036192064510014456,0.0012064021503338151,-0.00037760580949453286,0.0009926093641987087,,,,0.0012785240180168149,,0.0012064021503338151,,0.0009884387366180419,,0.0012447006312967933,,,,,,,,,0.00039069271827397485
460,2026-08-31,DEMANT,DK0060738599,20454401W,0.0009721009062607189,,,,,,,,0.0005794296042243693,,,,,,0.0007194141263458531,,,,-0.00045590778937033713,-0.00035482416186288687,,-0.0005970772063834871,,,-0.0007763974234821583,,,-0.00035970706317292654,,-0.0004098404517684564,-0.00037760580949453286,-0.0005037439385762183,,-0.0006207082303828337,,-0.00043483996176542323,,,,-0.0009968153360809067,,,,,,-0.0003894841379388973,0.0011364657937927244,,,0.0011588592084487387,-4.252721192219197e-05
461,2026-08-31,DG,FR0000125486,10229602W,-0.0003294795788726806,-0.00035970706317292654,,,-0.0004119937290982381,,,,0.0005794296042243693,,,,,,,,,,,-0.00035482416186288687,,-0.0005970772063834871,,,-0.0007763974234821583,-0.0005181683244825858,,-0.00035970706317292654,,-0.0004098404517684564,-0.00037760580949453286,0.0009926093641987087,-0.0006032010751669076,,-0.0005286481332923461,-0.00043483996176542323,,,,0.0009884387366180419,0.0013142369794139329,0.0012447006312967933,0.001417159152500566,0.001589516346723608,0.0013920024811544022,0.0011364657937927244,0.0011364657937927244,0.0013366387461084884,0.001488914046298063,0.0011588592084487387,0.00024775373057350645
462,2026-08-31,DG,US2566771059,00401602,-0.0003294795788726806,,,,,,,,,,,0.0016566790092612251,0.0014611703063049314,,0.0007194141263458531,,-0.0031366455908679197,,,-0.00035482416186288687,,,,,,,,-0.00035970706317292654,,,-0.00037760580949453286,,,,,,0.003222581086508136,,,,,,,,,,,,0.001488914046298063,,0.00014200571121859837
463,2026-08-31,DGE,GB0002374006,01863601W,-0.0003294795788726806,,,,,-0.0006290064687569357,,,,,,-0.0016684285057808083,-0.0008168347892885206,,-0.0021193551289648105,,,-0.0013757217503806663,-0.00045590778937033713,-0.00035482416186288687,-0.0009013349399045746,,,,-0.0007763974234821583,,,-0.00035970706317292654,,-0.0004098404517684564,-0.00037760580949453286,-0.0005037439385762183,,,,-0.00043483996176542323,-0.0032673391571540825,,,,,-0.0006323882239653064,,,-0.0014002882102088926,-0.0003894841379388973,-0.00038884036250428754,-0.0006818794762756347,0.001488914046298063,,-0.00045493719238460574
464,2026-08-31,DGX,US74834L1008,06416601,0.0009721009062607189,,,,,,,,,,,,,,,,,,-0.00045590778937033713,-0.00035482416186288687,,-0.0005970772063834871,,,,,,-0.00035970706317292654,,-0.0004098404517684564,-0.00037760580949453286,,,-0.0006207082303828337,,-0.00043483996176542323,,,-0.0014611703063049314,,,,,,,,-0.00038884036250428754,,,,-9.741795614238328e-05
465,2026-08-31,DHER,DE000A2E4K43,32485901W,-0.0003294795788726806,-0.00035970706317292654,-0.0004506674699522873,,-0.0004119937290982381,,,-0.0006047517206043547,,,,,,0.0015683227954339598,,-0.0007351513103596687,,,0.0013366387461084884,-0.00035482416186288687,-0.0009013349399045746,,,,,-0.0005181683244825858,,-0.00035970706317292654,,,0.001109662355259877,0.0009926093641987087,,0.002425241436238082,,-0.00043483996176542323,0.003222581086508136,-0.0012189037270212122,,,,,,,,-0.0003894841379388973,-0.00038884036250428754,-0.0006818794762756347,,0.0011588592084487387,1.88114948621482e-05
466,2026-08-31,DHI,US23331A1097,02534001,-0.0003294795788726806,-0.00035970706317292654,,-0.001408673169551461,-0.0004119937290982381,,-0.002800576420417785,0.001782184994811318,,,,,-0.0008168347892885206,,,-0.0007351513103596687,,,-0.00045590778937033713,-0.00035482416186288687,-0.0009013349399045746,-0.0005970772063834871,,,-0.0007763974234821583,-0.0005181683244825858,,-0.00035970706317292654,,-0.0004098404517684564,-0.00037760580949453286,,,-0.0006207082303828337,,,,,,,,,,,,,0.0011364657937927244,0.0013366387461084884,,-0.00117624209657547,-0.00013383485775959433
467,2026-08-31,DHL,DE0005552004,24145601W,,,-0.0004506674699522873,,,,,,,,,,,0.0015683227954339598,0.0007194141263458531,,,0.0013677233681110115,,-0.00035482416186288687,,,,,,-0.0005181683244825858,,-0.00035970706317292654,,,-0.00037760580949453286,-0.0005037439385762183,-0.0006032010751669076,,-0.0005286481332923461,,,,,0.0009884387366180419,,,,,0.0013920024811544022,0.0011364657937927244,0.0011364657937927244,0.0013366387461084884,0.001488914046298063,,0.0001999417442803884
468,2026-08-31,DHR,US2358511028,00373501,,-0.00035970706317292654,,,,-0.0006290064687569357,,,0.0005794296042243693,,,,,,,,,-0.0013757217503806663,,-0.00035482416186288687,,-0.0005970772063834871,,,,,,-0.00035970706317292654,,-0.0004098404517684564,-0.00037760580949453286,-0.0005037439385762183,,-0.0006207082303828337,,-0.00043483996176542323,-0.0032673391571540825,,0.002834318305001132,0.0009884387366180419,,-0.0006323882239653064,-0.0007216209181444601,-0.0008084138120793607,,-0.0003894841379388973,-0.00038884036250428754,,,,-0.0002638262234670726
469,2026-08-31,DIE,BE0974259880,10178301W,-0.0003294795788726806,,-0.0004506674699522873,,,,,-0.0006047517206043547,,,0.002450504367865562,,0.0014611703063049314,0.0015683227954339598,,-0.0007351513103596687,,0.0013677233681110115,,0.0013920024811544022,,,,,,-0.0005181683244825858,,-0.00035970706317292654,,,,-0.0005037439385762183,-0.0006032010751669076,-0.0006207082303828337,,0.0012785240180168149,,-0.0012189037270212122,,-0.0009968153360809067,,,,,,-0.0003894841379388973,,,,0.0011588592084487387,0.00014927071696266397
470,2026-08-31,DIM,FR0013154002,21150901W,-0.0003294795788726806,-0.00035970706317292654,,,,-0.0006290064687569357,,,-0.0017171417468255033,,,,,,-0.0021193551289648105,,,,,-0.00035482416186288687,-0.0009013349399045746,0.0017425808838155109,,,,,,-0.00035970706317292654,,-0.0004098404517684564,-0.00037760580949453286,-0.0005037439385762183,,-0.0006207082303828337,,-0.00043483996176542323,,-0.0012189037270212122,,,,-0.0006323882239653064,-0.0007216209181444601,-0.0008084138120793607,,-0.0003894841379388973,-0.00038884036250428754,-0.0006818794762756347,-0.000505910579172245,,-0.0003897715765632429
471,2026-08-31,DIS,US2546871060,00398001,,,-0.0004506674699522873,,,-0.0006290064687569357,-0.002800576420417785,,,,,,,,,,,,,,-0.0009013349399045746,,,,,-0.0005181683244825858,,,,,,,,,,,,,,0.0009884387366180419,,,,,,-0.0003894841379388973,-0.00038884036250428754,-0.0006818794762756347,,,-0.00020669235404693274
472,2026-08-31,DKS,US2533931026,15013901,,-0.00035970706317292654,-0.0004506674699522873,-0.001408673169551461,-0.0004119937290982381,,,-0.0006047517206043547,,,-0.002450504367865562,,-0.0008168347892885206,,,-0.0007351513103596687,,,-0.00045590778937033713,-0.00035482416186288687,-0.0009013349399045746,-0.0005970772063834871,-0.00560115284083557,,-0.0007763974234821583,-0.0005181683244825858,-0.001755585218769358,-0.00035970706317292654,-0.003675756551798343,-0.0004098404517684564,-0.00037760580949453286,0.0009926093641987087,-0.0006032010751669076,-0.0006207082303828337,,-0.00043483996176542323,,,,,,,,,,,-0.00038884036250428754,-0.0006818794762756347,,,-0.0005025110540365418
473,2026-08-31,DLR,US2538681030,16099101,-0.0003294795788726806,,,,,,,,,,,,,,,,,,,,,,,,,,,0.0014002882102088926,,,,,-0.0006032010751669076,-0.0006207082303828337,-0.0005286481332923461,,,,,,,-0.0006323882239653064,,,,-0.0003894841379388973,-0.00038884036250428754,-0.0006818794762756347,,,-8.705576566972157e-05
474,2026-08-31,DLTR,US2567461080,03158701,0.0009721009062607189,0.0010644724855886605,,0.002735446736222023,,0.0012316671168329527,0.0026732774922169768,,,,,,0.0014611703063049314,,-0.0021193551289648105,,0.0010596775644824052,,-0.00045590778937033713,-0.00035482416186288687,0.001755585218769358,,0.006190747876712999,,,,,-0.00035970706317292654,,0.0012064021503338151,0.001109662355259877,0.0009926093641987087,,,,-0.00043483996176542323,,,,,-0.0013290871147745421,0.0012447006312967933,,-0.0008084138120793607,,,0.0011364657937927244,0.0013366387461084884,-0.000505910579172245,,0.0003357361636351709
475,2026-08-31,DNB,NO0010161896,20070503W,-0.0003294795788726806,-0.00035970706317292654,,,-0.0004119937290982381,-0.0006290064687569357,,-0.0006047517206043547,0.0005794296042243693,-0.0017425808838155109,-0.002450504367865562,,,,,0.002219324710519754,0.0010596775644824052,,-0.00045590778937033713,,-0.0009013349399045746,,,,,,,,,,-0.00037760580949453286,-0.0005037439385762183,-0.0006032010751669076,,-0.0005286481332923461,,,,,,,-0.0006323882239653064,0.001417159152500566,0.001589516346723608,,,,,0.001488914046298063,,-0.00010885104818449352
476,2026-08-31,DOL,CA25675T1075,18368301C,-0.0003294795788726806,-0.00035970706317292654,-0.0004506674699522873,,-0.0004119937290982381,,,,,,,,-0.0008168347892885206,0.0015683227954339598,,-0.0007351513103596687,,,-0.00045590778937033713,0.0013920024811544022,0.001755585218769358,-0.0005970772063834871,,0.005227742651446533,,0.0020280036147852926,,-0.00035970706317292654,,-0.0004098404517684564,,,,-0.0006207082303828337,,-0.00043483996176542323,,,,-0.0009968153360809067,-0.0013290871147745421,,,,,-0.0003894841379388973,-0.00038884036250428754,,,0.0011588592084487387,0.00011158138049518075
477,2026-08-31,DOV,US2600031080,00405801,-0.0003294795788726806,-0.00035970706317292654,-0.0004506674699522873,-0.001408673169551461,-0.0004119937290982381,,,,0.0005794296042243693,,,,-0.0008168347892885206,,0.0007194141263458531,,,,,-0.00035482416186288687,,,,,,-0.0005181683244825858,0.0034595355781631464,0.0014002882102088926,,-0.0004098404517684564,-0.00037760580949453286,,-0.0006032010751669076,,-0.0005286481332923461,0.0012785240180168149,,0.0012064021503338151,,,,,,,,-0.0003894841379388973,-0.00038884036250428754,,,-0.00117624209657547,1.9061192217714445e-05
478,2026-08-31,DOW,US2605571031,03444301,-0.0003294795788726806,-0.00035970706317292654,0.0013290871147745421,-0.001408673169551461,-0.0004119937290982381,,,,,-0.0017425808838155109,,,-0.0008168347892885206,,,-0.0007351513103596687,,,-0.00045590778937033713,-0.00035482416186288687,,0.0017425808838155109,-0.00560115284083557,-0.00588121048287735,-0.0007763974234821583,-0.0005181683244825858,0.0034595355781631464,-0.00035970706317292654,-0.003675756551798343,-0.0004098404517684564,-0.00037760580949453286,-0.0005037439385762183,,,,0.0012785240180168149,,0.0012064021503338151,0.002834318305001132,0.0009884387366180419,,,-0.0007216209181444601,,,0.0011364657937927244,,,,,-0.00013936139179805335
479,2026-08-31,DRI,US2371941053,03184601,-0.0003294795788726806,-0.00035970706317292654,-0.0004506674699522873,-0.001408673169551461,-0.0004119937290982381,,,-0.0006047517206043547,,,,,,0.0015683227954339598,,-0.0007351513103596687,,,,-0.00035482416186288687,,-0.0005970772063834871,-0.00560115284083557,,,0.0020280036147852926,,-0.00035970706317292654,,,-0.00037760580949453286,,-0.0006032010751669076,-0.0006207082303828337,,-0.00043483996176542323,,,,,,,,,,-0.0003894841379388973,-0.00038884036250428754,-0.0006818794762756347,,0.0011588592084487387,-0.0001724223210219164
480,2026-08-31,DSCT,IL0006912120,00620301W,,-0.00035970706317292654,-0.0004506674699522873,,-0.0004119937290982381,,,,,,0.002450504367865562,0.0016566790092612251,,,,0.002219324710519754,0.0010596775644824052,,-0.00045590778937033713,,0.001755585218769358,,,,,,,,,,-0.00037760580949453286,-0.0005037439385762183,0.0017687851076322854,,0.0020635826255709995,,,,,,0.0013142369794139329,0.0012447006312967933,0.001417159152500566,0.001589516346723608,,,,,0.001488914046298063,,0.0006096539147000057
481,2026-08-31,DSFIR,CH1216478797,10245411W,,-0.00035970706317292654,0.0013290871147745421,,-0.0004119937290982381,-0.0006290064687569357,,-0.0006047517206043547,,,,-0.0016684285057808083,0.0014611703063049314,,,-0.0007351513103596687,,,-0.00045590778937033713,-0.00035482416186288687,-0.0009013349399045746,,,,-0.0007763974234821583,,,-0.00035970706317292654,,-0.0004098404517684564,-0.00037760580949453286,,,,,-0.00043483996176542323,,,,,,-0.0006323882239653064,-0.0007216209181444601,,,-0.0003894841379388973,-0.00038884036250428754,-0.0006818794762756347,,,-0.00035821932241093666
482,2026-08-31,DSV,DK0060079531,21302901W,-0.0003294795788726806,-0.00035970706317292654,-0.0004506674699522873,,-0.0004119937290982381,0.0012316671168329527,,,0.0005794296042243693,,,,0.0014611703063049314,,0.0007194141263458531,,,,,-0.00035482416186288687,,-0.0005970772063834871,,,-0.0007763974234821583,-0.0005181683244825858,,-0.00035970706317292654,,-0.0004098404517684564,-0.00037760580949453286,0.0009926093641987087,-0.0006032010751669076,,-0.0005286481332923461,-0.00043483996176542323,,-0.0012189037270212122,,,,,-0.0007216209181444601,-0.0008084138120793607,,-0.0003894841379388973,-0.00038884036250428754,,,,-7.706970846114608e-05
483,2026-08-31,DSY,FR0014003TT8,06316901W,-0.0003294795788726806,-0.00035970706317292654,-0.0004506674699522873,,-0.0004119937290982381,-0.0006290064687569357,,,,,,-0.0016684285057808083,,,,,,,-0.00045590778937033713,-0.00035482416186288687,,,,,-0.0007763974234821583,,,-0.00035970706317292654,,-0.0004098404517684564,-0.00037760580949453286,-0.0005037439385762183,,,,-0.00043483996176542323,,-0.0012189037270212122,,,,-0.0006323882239653064,,,,,,,,,-0.0002574014103380907
484,2026-08-31,DTE,DE0005557508,22161601W,0.0009721009062607189,,0.0013290871147745421,,,,,,,,,,,,,,,,,,,,,,,-0.0005181683244825858,,,,,-0.00037760580949453286,,,,,,,,,0.0009884387366180419,,,,,,0.0011364657937927244,0.0011364657937927244,0.0013366387461084884,,,9.882865838585099e-05
485,2026-08-31,DTE,US2333311072,00389701,-0.0003294795788726806,-0.00035970706317292654,,-0.001408673169551461,-0.0004119937290982381,,,0.001782184994811318,-0.0017171417468255033,-0.0017425808838155109,,,,,0.0007194141263458531,,,,-0.00045590778937033713,-0.00035482416186288687,,-0.0005970772063834871,,,,,-0.001755585218769358,,,-0.0004098404517684564,,0.0009926093641987087,,-0.0006207082303828337,-0.0005286481332923461,,,,,,,,-0.0007216209181444601,-0.0008084138120793607,,-0.0003894841379388973,-0.00038884036250428754,-0.0006818794762756347,-0.000505910579172245,,-0.00024291273181439245
486,2026-08-31,DTG,DE000DTR0CK8,35159001W,0.0009721009062607189,-0.00035970706317292654,-0.0004506674699522873,,-0.0004119937290982381,0.0012316671168329527,,,0.0005794296042243693,,,,,,0.0007194141263458531,,,,,-0.00035482416186288687,,-0.0005970772063834871,,,-0.0007763974234821583,-0.0005181683244825858,,-0.00035970706317292654,,-0.0004098404517684564,-0.00037760580949453286,-0.0005037439385762183,-0.0006032010751669076,,-0.0005286481332923461,0.0012785240180168149,,0.0012064021503338151,,0.0009884387366180419,0.0013142369794139329,,-0.0007216209181444601,-0.0008084138120793607,0.0013920024811544022,,0.0011364657937927244,0.0013366387461084884,0.001488914046298063,,0.00020476727005145539
487,2026-08-31,DUK,US26441C2044,00409301,-0.0003294795788726806,-0.00035970706317292654,,,-0.0004119937290982381,-0.0006290064687569357,-0.002800576420417785,-0.0006047517206043547,0.0005794296042243693,,-0.002450504367865562,,,,,,,,-0.00045590778937033713,-0.00035482416186288687,,-0.0005970772063834871,-0.00560115284083557,-0.00588121048287735,,,,,,0.0012064021503338151,,,-0.0006032010751669076,-0.0006207082303828337,-0.0005286481332923461,,,,,0.0009884387366180419,,,,,,-0.0003894841379388973,-0.00038884036250428754,,,,-0.00035762292433948704
488,2026-08-31,DVN,US25179M1036,01493401,-0.0003294795788726806,,-0.0004506674699522873,-0.001408673169551461,-0.0004119937290982381,,,-0.0006047517206043547,-0.0017171417468255033,,,,,,,,-0.0031366455908679197,,-0.00045590778937033713,,,-0.0005970772063834871,-0.00560115284083557,,,,,-0.00035970706317292654,,,,,,,,,,,,,,,,,,-0.0003894841379388973,,,0.001488914046298063,,-0.00018421795911553735
489,2026-08-31,DXCM,US2521311074,16288701,,0.0010644724855886605,,,,,,,-0.0017171417468255033,,,,,,-0.0021193551289648105,,,0.0013677233681110115,0.0013366387461084884,0.0013920024811544022,0.001755585218769358,0.0017425808838155109,,,0.0015275871384097012,,,0.0014002882102088926,0.0036192064510014456,,,,,-0.0006207082303828337,,0.0012785240180168149,,0.0012064021503338151,-0.0014611703063049314,-0.0009968153360809067,,,-0.0007216209181444601,-0.0008084138120793607,,-0.0003894841379388973,,0.0013366387461084884,-0.000505910579172245,,0.0003127316302040679
490,2026-08-31,EBAY,US2786421030,11452401,-0.0003294795788726806,-0.00035970706317292654,-0.0004506674699522873,-0.001408673169551461,-0.0004119937290982381,,,0.001782184994811318,,,,,,,,0.002219324710519754,,,-0.00045590778937033713,-0.00035482416186288687,,,,,,-0.0005181683244825858,-0.001755585218769358,-0.00035970706317292654,0.0036192064510014456,-0.0004098404517684564,-0.00037760580949453286,,-0.0006032010751669076,-0.0006207082303828337,,-0.00043483996176542323,,,,,,,,,,-0.0003894841379388973,-0.00038884036250428754,,,,1.6642098335082872e-05
491,2026-08-31,EBS,AT0000652011,21465902W,,,,,,0.0012316671168329527,,,,,-0.002450504367865562,,-0.0008168347892885206,,,0.002219324710519754,0.0010596775644824052,,-0.00045590778937033713,,0.001755585218769358,,,,,,,,,,,,-0.0006032010751669076,,-0.0005286481332923461,,,,,,,0.0012447006312967933,,,,,,,,,8.197836789249928e-05
492,2026-08-31,ECL,US2788651006,00421301,-0.0003294795788726806,-0.00035970706317292654,-0.0004506674699522873,-0.001408673169551461,-0.0004119937290982381,-0.0006290064687569357,,-0.0006047517206043547,,-0.0017425808838155109,,-0.0016684285057808083,,,,-0.0007351513103596687,,,-0.00045590778937033713,-0.00035482416186288687,0.001755585218769358,-0.0005970772063834871,-0.00560115284083557,,-0.0007763974234821583,-0.0005181683244825858,,-0.00035970706317292654,-0.003675756551798343,-0.0004098404517684564,-0.00037760580949453286,-0.0005037439385762183,,,,-0.00043483996176542323,,,,,,-0.0006323882239653064,-0.0007216209181444601,,,-0.0003894841379388973,-0.00038884036250428754,-0.0006818794762756347,,,-0.0003485226870430003
493,2026-08-31,ED,US2091151041,00341301,-0.0003294795788726806,-0.00035970706317292654,,,-0.0004119937290982381,,-0.002800576420417785,-0.0006047517206043547,0.0005794296042243693,,,,,,0.0007194141263458531,,,,-0.00045590778937033713,-0.00035482416186288687,,-0.0005970772063834871,0.006190747876712999,0.005227742651446533,,,,,,-0.0004098404517684564,,,-0.0006032010751669076,-0.0006207082303828337,-0.0005286481332923461,,,,,,,,,,,-0.0003894841379388973,-0.00038884036250428754,,,,-0.00013640841669293265
494,2026-08-31,EDP,PTEDP0AM0009,06491001W,,0.0010644724855886605,,,0.0012189037270212122,-0.0006290064687569357,,-0.0006047517206043547,0.0005794296042243693,,,-0.0016684285057808083,,,0.0007194141263458531,,,,,-0.00035482416186288687,,0.0017425808838155109,,,,,,,,-0.0004098404517684564,,,-0.0006032010751669076,-0.0006207082303828337,-0.0005286481332923461,,,,,,0.0013142369794139329,-0.0006323882239653064,0.001417159152500566,,0.0013920024811544022,,-0.00038884036250428754,,0.001488914046298063,,-4.406796337574865e-06
495,2026-08-31,EDPR,ES0127797019,28897002W,0.0009721009062607189,0.0010644724855886605,,,0.0012189037270212122,0.0012316671168329527,,,,0.0017171417468255033,,-0.0016684285057808083,,-0.0015683227954339598,-0.0021193551289648105,,,-0.0013757217503806663,0.0013366387461084884,-0.00035482416186288687,,0.0017425808838155109,,,,,,,,0.0012064021503338151,,,-0.0006032010751669076,-0.0006207082303828337,-0.0005286481332923461,,,,,,,-0.0006323882239653064,-0.0007216209181444601,-0.0008084138120793607,-0.0014002882102088926,-0.0003894841379388973,-0.00038884036250428754,-0.0006818794762756347,-0.000505910579172245,,-0.00018433316994303947
496,2026-08-31,EDVM.F,GB00BL6K5J42,10880401,,,,,,,,,,,,0.0016566790092612251,,,,0.002219324710519754,,,0.0013366387461084884,0.0013920024811544022,0.001755585218769358,,,,0.0015275871384097012,-0.0005181683244825858,0.0034595355781631464,-0.00035970706317292654,0.0036192064510014456,0.0012064021503338151,0.001109662355259877,0.0009926093641987087,,,,0.0012785240180168149,,0.0012064021503338151,0.002834318305001132,-0.0009968153360809067,,,0.001417159152500566,,,0.0011364657937927244,0.0011364657937927244,0.0013366387461084884,,,0.0007028267574552419
497,2026-08-31,EFN,CA2861812014,17031101C,,-0.00035970706317292654,-0.0004506674699522873,,,,,,0.0005794296042243693,-0.0017425808838155109,,,,-0.0015683227954339598,0.0007194141263458531,,,-0.0013757217503806663,,-0.00035482416186288687,,-0.0005970772063834871,,,-0.0007763974234821583,-0.0005181683244825858,,-0.00035970706317292654,,-0.0004098404517684564,-0.00037760580949453286,,-0.0006032010751669076,,-0.0005286481332923461,,,,,,,,-0.0007216209181444601,,,-0.0003894841379388973,-0.00038884036250428754,-0.0006818794762756347,-0.000505910579172245,0.0011588592084487387,-0.00018273183907785667
498,2026-08-31,EFX,US2944291051,00442301,-0.0003294795788726806,-0.00035970706317292654,-0.0004506674699522873,-0.001408673169551461,-0.0004119937290982381,,,,,-0.0017425808838155109,,,,,-0.0021193551289648105,,,,,-0.00035482416186288687,,-0.0005970772063834871,,,,-0.0005181683244825858,,-0.00035970706317292654,0.0036192064510014456,,-0.00037760580949453286,,0.0017687851076322854,,0.0020635826255709995,,,,,,,,-0.0007216209181444601,,,,,,-0.000505910579172245,,-3.388155756547847e-05
499,2026-08-31,EG,BMG3223R1088,06138801,-0.0003294795788726806,-0.00035970706317292654,-0.0004506674699522873,-0.001408673169551461,-0.0004119937290982381,0.0012316671168329527,0.0026732774922169768,-0.0006047517206043547,0.0005794296042243693,,,,,,,-0.0007351513103596687,,,0.0013366387461084884,,-0.0009013349399045746,,,,,,-0.001755585218769358,,,0.0012064021503338151,0.001109662355259877,,-0.0006032010751669076,,-0.0005286481332923461,-0.00043483996176542323,,-0.0012189037270212122,,,,0.0012447006312967933,0.001417159152500566,0.001589516346723608,0.0013920024811544022,0.0011364657937927244,0.0011364657937927244,,0.001488914046298063,,0.0001913501215691033
500,2026-08-31,EIX,US2810201077,00984601,-0.0003294795788726806,-0.00035970706317292654,,,-0.0004119937290982381,,,0.001782184994811318,0.0005794296042243693,,0.002450504367865562,0.0016566790092612251,,,0.0007194141263458531,,,,,0.0013920024811544022,,,0.006190747876712999,,,,,,,0.0012064021503338151,,0.0009926093641987087,-0.0006032010751669076,0.002425241436238082,-0.0005286481332923461,,,,,0.0009884387366180419,0.0013142369794139329,0.0012447006312967933,0.001417159152500566,0.001589516346723608,,0.0011364657937927244,-0.00038884036250428754,,0.001488914046298063,0.0011588592084487387,0.0006098162495886729
501,2026-08-31,EL,FR0000121667,10124803W,-0.0003294795788726806,-0.00035970706317292654,,,,-0.0006290064687569357,,,0.0005794296042243693,,,,,,,,,,-0.00045590778937033713,-0.00035482416186288687,-0.0009013349399045746,-0.0005970772063834871,,,-0.0007763974234821583,,,-0.00035970706317292654,,-0.0004098404517684564,-0.00037760580949453286,,,-0.0006207082303828337,,-0.00043483996176542323,,,,,,,,-0.0008084138120793607,,,-0.00038884036250428754,-0.0006818794762756347,-0.000505910579172245,,-0.00023323253186049848
502,2026-08-31,EL,US5184391044,06156701,0.0009721009062607189,0.0010644724855886605,,0.002735446736222023,,0.0012316671168329527,0.0026732774922169768,,,,,,,,0.0007194141263458531,,-0.0031366455908679197,,0.0013366387461084884,-0.00035482416186288687,0.001755585218769358,,,,0.0015275871384097012,,,0.0014002882102088926,,0.0012064021503338151,0.001109662355259877,-0.0005037439385762183,,,,,-0.0032673391571540825,,,,,-0.0006323882239653064,-0.0007216209181444601,-0.0008084138120793607,,-0.0003894841379388973,-0.00038884036250428754,,-0.000505910579172245,0.0011588592084487387,8.501096523648643e-05
503,2026-08-31,ELE,ES0130670112,01532101W,,0.0010644724855886605,,,0.0012189037270212122,,,,0.0005794296042243693,0.0017171417468255033,,-0.0016684285057808083,,0.0015683227954339598,0.0007194141263458531,,,0.0013677233681110115,,0.0013920024811544022,,0.0017425808838155109,,,,,,,,,,-0.0005037439385762183,0.0017687851076322854,-0.0006207082303828337,0.0020635826255709995,,,,,,,0.0012447006312967933,,,,,0.0011364657937927244,0.0013366387461084884,-0.000505910579172245,0.0011588592084487387,0.0002647814239532024
504,2026-08-31,ELI,BE0003822393,26974401W,,,,,,0.0012316671168329527,,,-0.0017171417468255033,-0.0017425808838155109,-0.002450504367865562,-0.0016684285057808083,,,-0.0021193551289648105,,,-0.0013757217503806663,-0.00045590778937033713,-0.00035482416186288687,,0.0017425808838155109,,,,,,,,-0.0004098404517684564,,-0.0005037439385762183,0.0017687851076322854,-0.0006207082303828337,0.0020635826255709995,,,,,,,0.0012447006312967933,,-0.0008084138120793607,,-0.0003894841379388973,-0.00038884036250428754,-0.0006818794762756347,-0.000505910579172245,,-0.00044210891325348074
505,2026-08-31,ELISA,FI0009007884,23408701W,-0.0003294795788726806,-0.00035970706317292654,-0.0004506674699522873,,-0.0004119937290982381,-0.0006290064687569357,,-0.0006047517206043547,,-0.0017425808838155109,,-0.0016684285057808083,,,,,,,,,,,,,,-0.0005181683244825858,,,,,-0.00037760580949453286,-0.0005037439385762183,,,,,,,,-0.0009968153360809067,,,,,,-0.0003894841379388973,,,,,-0.00024921338383273624
506,2026-08-31,ELV,US0367521038,14504601,,,,,,-0.0006290064687569357,-0.002800576420417785,,0.0005794296042243693,,,,,,0.0007194141263458531,,,0.0013677233681110115,-0.00045590778937033713,-0.00035482416186288687,,-0.0005970772063834871,,,-0.0007763974234821583,,,-0.00035970706317292654,,-0.0004098404517684564,-0.00037760580949453286,0.0009926093641987087,,-0.0006207082303828337,,,-0.0032673391571540825,0.0012064021503338151,,0.0009884387366180419,0.0013142369794139329,-0.0006323882239653064,0.001417159152500566,0.001589516346723608,0.0013920024811544022,0.0011364657937927244,0.0011364657937927244,0.0013366387461084884,0.001488914046298063,,0.00015317407272418237
507,2026-08-31,EMA,CA2908761018,02579201C,-0.0003294795788726806,0.0010644724855886605,,,0.0012189037270212122,-0.0006290064687569357,,0.001782184994811318,0.0005794296042243693,-0.0017425808838155109,,,,,0.0007194141263458531,,,,-0.00045590778937033713,-0.00035482416186288687,,-0.0005970772063834871,,-0.00588121048287735,,,,,,,,0.0009926093641987087,-0.0006032010751669076,-0.0006207082303828337,-0.0005286481332923461,,,,,,,-0.0006323882239653064,-0.0007216209181444601,-0.0008084138120793607,,-0.0003894841379388973,-0.00038884036250428754,-0.0006818794762756347,-0.000505910579172245,,-0.00016194402883139001
508,2026-08-31,EME,US29084Q1004,00622301,0.0009721009062607189,0.0010644724855886605,0.0013290871147745421,0.002735446736222023,0.0012189037270212122,0.0012316671168329527,0.0026732774922169768,,0.0005794296042243693,0.0017171417468255033,,,-0.0008168347892885206,0.0015683227954339598,0.0007194141263458531,,,0.0013677233681110115,,0.0013920024811544022,,-0.0005970772063834871,,,0.0015275871384097012,0.0020280036147852926,-0.001755585218769358,-0.00035970706317292654,,,,0.0009926093641987087,,,-0.0005286481332923461,-0.00043483996176542323,,,,,,0.0012447006312967933,,,,-0.0003894841379388973,-0.00038884036250428754,,-0.000505910579172245,,0.0003179844171331686
509,2026-08-31,EMP.A,CA2918434077,01431201C,-0.0003294795788726806,0.0010644724855886605,,,,0.0012316671168329527,,,,,,0.0016566790092612251,-0.0008168347892885206,0.0015683227954339598,0.0007194141263458531,,0.0010596775644824052,,-0.00045590778937033713,-0.00035482416186288687,0.001755585218769358,,,,-0.0007763974234821583,,,-0.00035970706317292654,,-0.0004098404517684564,-0.00037760580949453286,0.0009926093641987087,,,,-0.00043483996176542323,0.003222581086508136,-0.0012189037270212122,,,,-0.0006323882239653064,-0.0007216209181444601,,0.0013920024811544022,0.0011364657937927244,0.0011364657937927244,0.0013366387461084884,,,0.00039562348819864417
510,2026-08-31,EMR,US2910111044,00432101,-0.0003294795788726806,-0.00035970706317292654,-0.0004506674699522873,-0.001408673169551461,-0.0004119937290982381,-0.0006290064687569357,,,0.0005794296042243693,,,,-0.0008168347892885206,-0.0015683227954339598,0.0007194141263458531,,,-0.0013757217503806663,,-0.00035482416186288687,,-0.0005970772063834871,,,,-0.0005181683244825858,-0.001755585218769358,-0.00035970706317292654,,-0.0004098404517684564,,-0.0005037439385762183,-0.0006032010751669076,,-0.0005286481332923461,-0.00043483996176542323,,,-0.0014611703063049314,,,-0.0006323882239653064,-0.0007216209181444601,-0.0008084138120793607,,-0.0003894841379388973,-0.00038884036250428754,-0.0006818794762756347,-0.000505910579172245,,-0.00021403731941808618
511,2026-08-31,EMSN,CH0016440353,10228301W,,,-0.0004506674699522873,,,-0.0006290064687569357,,-0.0006047517206043547,,0.0017171417468255033,,,-0.0008168347892885206,,,-0.0007351513103596687,,,-0.00045590778937033713,0.0013920024811544022,,,,,-0.0007763974234821583,0.0020280036147852926,,-0.00035970706317292654,,-0.0004098404517684564,-0.00037760580949453286,-0.0005037439385762183,,,,-0.00043483996176542323,,,,-0.0009968153360809067,,-0.0006323882239653064,-0.0007216209181444601,,,-0.0003894841379388973,-0.00038884036250428754,-0.0006818794762756347,,,-5.0900796575370536e-05
512,2026-08-31,EN,FR0000120503,10109701W,,,0.0013290871147745421,,,,,,0.0005794296042243693,,,,,0.0015683227954339598,0.0007194141263458531,,,0.0013677233681110115,,-0.00035482416186288687,,-0.0005970772063834871,,,-0.0007763974234821583,-0.0005181683244825858,,-0.00035970706317292654,,-0.0004098404517684564,,-0.0005037439385762183,-0.0006032010751669076,,-0.0005286481332923461,,,,,0.0009884387366180419,0.0013142369794139329,0.0012447006312967933,0.001417159152500566,0.001589516346723608,0.0013920024811544022,0.0011364657937927244,0.0011364657937927244,0.0013366387461084884,0.001488914046298063,0.0011588592084487387,0.00031379920802847825
513,2026-08-31,ENB,CA29250N1050,00613501C,-0.0003294795788726806,,-0.0004506674699522873,,-0.0004119937290982381,-0.0006290064687569357,,-0.0006047517206043547,0.0005794296042243693,,,,-0.0008168347892885206,,0.0007194141263458531,,0.0010596775644824052,,-0.00045590778937033713,,,-0.0005970772063834871,,,,,,0.0014002882102088926,,,,,,,,,,,,,,-0.0006323882239653064,,,,-0.0003894841379388973,-0.00038884036250428754,-0.0006818794762756347,-0.000505910579172245,0.0011588592084487387,-7.54120602955855e-05
514,2026-08-31,ENEL,IT0003128367,20179401W,,,,,,-0.0006290064687569357,,,0.0005794296042243693,,0.002450504367865562,-0.0016684285057808083,,0.0015683227954339598,0.0007194141263458531,,,0.0013677233681110115,-0.00045590778937033713,0.0013920024811544022,,0.0017425808838155109,,,,,,,,0.0012064021503338151,,-0.0005037439385762183,0.0017687851076322854,-0.0006207082303828337,0.0020635826255709995,,,,,0.0009884387366180419,0.0013142369794139329,,,,0.0013920024811544022,,,,,0.0011588592084487387,0.00028710887463903015
515,2026-08-31,ENGI,FR0010208488,22094203W,-0.0003294795788726806,,,,,-0.0006290064687569357,,-0.0006047517206043547,0.0005794296042243693,,,-0.0016684285057808083,,0.0015683227954339598,0.0007194141263458531,,,0.0013677233681110115,-0.00045590778937033713,-0.00035482416186288687,,-0.0005970772063834871,,,,,,,,-0.0004098404517684564,,-0.0005037439385762183,-0.0006032010751669076,0.002425241436238082,-0.0005286481332923461,,,,,0.0009884387366180419,0.0013142369794139329,,0.001417159152500566,0.001589516346723608,0.0013920024811544022,,,,-0.000505910579172245,0.0011588592084487387,2.6299793563884567e-05
516,2026-08-31,ENI,IT0003132476,06161601W,-0.0003294795788726806,,-0.0004506674699522873,,,0.0012316671168329527,,,0.0005794296042243693,,,-0.0016684285057808083,0.0014611703063049314,,0.0007194141263458531,,0.0010596775644824052,,-0.00045590778937033713,,,-0.0005970772063834871,,,,,,-0.00035970706317292654,,,,,,,,,,,,,0.0013142369794139329,0.0012447006312967933,,,0.0013920024811544022,,-0.00038884036250428754,,,,3.431459708855608e-05
517,2026-08-31,ENLT,IL0007200111,29241401W,,,,,,,,,-0.0017171417468255033,-0.0017425808838155109,,,,-0.0015683227954339598,-0.0021193551289648105,,,-0.0013757217503806663,0.0013366387461084884,-0.00035482416186288687,,0.0017425808838155109,,,,,,,,,,-0.0005037439385762183,,-0.0006207082303828337,,,,,,-0.0009968153360809067,,,-0.0007216209181444601,-0.0008084138120793607,-0.0014002882102088926,-0.0003894841379388973,-0.00038884036250428754,-0.0006818794762756347,-0.000505910579172245,0.0011588592084487387,-0.0003264358490118156
518,2026-08-31,ENR,DE000ENER6Y0,34015301W,,,-0.0004506674699522873,,,0.0012316671168329527,,,,0.0017171417468255033,,,,0.0015683227954339598,,,,0.0013677233681110115,,0.0013920024811544022,,0.0017425808838155109,,,0.0015275871384097012,-0.0005181683244825858,,-0.00035970706317292654,,0.0012064021503338151,0.001109662355259877,,,,,,,,,0.0009884387366180419,,0.0012447006312967933,-0.0007216209181444601,-0.0008084138120793607,,,,0.0013366387461084884,-0.000505910579172245,0.0011588592084487387,0.00026265129764974397
519,2026-08-31,ENTG,US29362U1043,13757301,-0.0003294795788726806,-0.00035970706317292654,,,-0.0004119937290982381,,,0.001782184994811318,,,,,,,,,,-0.0013757217503806663,-0.00045590778937033713,-0.00035482416186288687,,,,,-0.0007763974234821583,-0.0005181683244825858,,0.0014002882102088926,,-0.0004098404517684564,-0.00037760580949453286,-0.0005037439385762183,,,,0.0012785240180168149,,,-0.0014611703063049314,,,-0.0006323882239653064,,,,,,,,,-3.07520055840916e-05
520,2026-08-31,ENX,NL0006294274,24649804W,-0.0003294795788726806,-0.00035970706317292654,-0.0004506674699522873,,-0.0004119937290982381,-0.0006290064687569357,,,0.0005794296042243693,0.0017171417468255033,0.002450504367865562,,,,,0.002219324710519754,0.0010596775644824052,,-0.00045590778937033713,,-0.0009013349399045746,,,,,,,,,-0.0004098404517684564,-0.00037760580949453286,-0.0005037439385762183,,-0.0006207082303828337,-0.0005286481332923461,-0.00043483996176542323,,,,,0.0013142369794139329,-0.0006323882239653064,-0.0007216209181444601,-0.0008084138120793607,-0.0014002882102088926,-0.0003894841379388973,-0.00038884036250428754,,-0.000505910579172245,0.0011588592084487387,3.966789908794442e-05
521,2026-08-31,EOAN,DE000ENAG999,10059001W,-0.0003294795788726806,0.0010644724855886605,,,0.0012189037270212122,-0.0006290064687569357,,-0.0006047517206043547,0.0005794296042243693,,,,,0.0015683227954339598,0.0007194141263458531,,,0.0013677233681110115,-0.00045590778937033713,0.0013920024811544022,,-0.0005970772063834871,,,,,,,,-0.0004098404517684564,,-0.0005037439385762183,-0.0006032010751669076,0.002425241436238082,-0.0005286481332923461,,,,,0.0009884387366180419,0.0013142369794139329,,0.001417159152500566,0.001589516346723608,0.0013920024811544022,0.0011364657937927244,,,0.001488914046298063,0.0011588592084487387,0.0003200374139124461
522,2026-08-31,EOG,US26875P1012,01647801,,,,,,,0.0026732774922169768,-0.0006047517206043547,-0.0017171417468255033,,,,,,,,,,-0.00045590778937033713,,,-0.0005970772063834871,-0.00560115284083557,,,,,-0.00035970706317292654,,,,,,,,,,,-0.0014611703063049314,,-0.0013290871147745421,,,,,,-0.00038884036250428754,,,-0.00117624209657547,-0.00010162280218528726
523,2026-08-31,EPI A,SE0015658109,32746601W,,-0.00035970706317292654,-0.0004506674699522873,,-0.0004119937290982381,,,,0.0005794296042243693,,,,-0.0008168347892885206,,0.0007194141263458531,,,,,-0.00035482416186288687,,-0.0005970772063834871,,,-0.0007763974234821583,-0.0005181683244825858,,-0.00035970706317292654,,-0.0004098404517684564,-0.00037760580949453286,-0.0005037439385762183,-0.0006032010751669076,,-0.0005286481332923461,-0.00043483996176542323,,,,,,-0.0006323882239653064,-0.0007216209181444601,-0.0008084138120793607,,-0.0003894841379388973,-0.00038884036250428754,,-0.000505910579172245,-0.00117624209657547,-0.00012319600595272538
524,2026-08-31,EPI B,SE0015658117,32746602W,,,,,,,,,0.0005794296042243693,,,,-0.0008168347892885206,,0.0007194141263458531,,,,,-0.00035482416186288687,,-0.0005970772063834871,,,-0.0007763974234821583,-0.0005181683244825858,,-0.00035970706317292654,,-0.0004098404517684564,-0.00037760580949453286,-0.0005037439385762183,-0.0006032010751669076,,-0.0005286481332923461,-0.00043483996176542323,,-0.0012189037270212122,,,,,,,,-0.0003894841379388973,,,-0.000505910579172245,-0.00117624209657547,-0.00011234475806938631
525,2026-08-31,EQIX,US29444U7000,13874301,-0.0003294795788726806,,,,,,,,,,,,,0.0015683227954339598,,,,0.0013677233681110115,,,,,,,,,,0.0014002882102088926,-0.003675756551798343,,,,,-0.0006207082303828337,0.0020635826255709995,,,,,,-0.0013290871147745421,-0.0006323882239653064,,,,-0.0003894841379388973,-0.00038884036250428754,-0.0006818794762756347,,,-3.319738012504526e-05
526,2026-08-31,EQNR,NO0010096985,22054601W,-0.0003294795788726806,,-0.0004506674699522873,,0.0012189037270212122,-0.0006290064687569357,,0.001782184994811318,,,,,0.0014611703063049314,,0.0007194141263458531,,,0.0013677233681110115,-0.00045590778937033713,,,,,,,,,0.0014002882102088926,,,,,,,,,,,,,0.0013142369794139329,-0.0006323882239653064,,,,0.0011364657937927244,,0.0013366387461084884,0.001488914046298063,,0.00025862818886042015
527,2026-08-31,EQR,US29476L1070,02873301,0.0009721009062607189,,,,,,,,,,,,,,,,,,,,,,,,,,,-0.00035970706317292654,,,,,-0.0006032010751669076,-0.0006207082303828337,-0.0005286481332923461,,,,,,,,,,,,,,,,-3.975492026698043e-05
528,2026-08-31,EQT,SE0012853455,33386601W,-0.0003294795788726806,-0.00035970706317292654,-0.0004506674699522873,,-0.0004119937290982381,,,-0.0006047517206043547,,-0.0017425808838155109,,,,,,-0.0007351513103596687,-0.0031366455908679197,,0.0013366387461084884,,,,,,,,,,,-0.0004098404517684564,-0.00037760580949453286,-0.0005037439385762183,,-0.0006207082303828337,-0.0005286481332923461,,,0.0012064021503338151,,-0.0009968153360809067,-0.0013290871147745421,,-0.0007216209181444601,-0.0008084138120793607,-0.0014002882102088926,-0.0003894841379388973,-0.00038884036250428754,,-0.000505910579172245,-0.00117624209657547,-0.00021886863384530422
529,2026-08-31,EQT,US26884L1098,00443001,-0.0003294795788726806,,-0.0004506674699522873,-0.001408673169551461,-0.0004119937290982381,-0.0006290064687569357,,-0.0006047517206043547,0.0005794296042243693,,,,,-0.0015683227954339598,,,-0.0031366455908679197,-0.0013757217503806663,0.0013366387461084884,,,-0.0005970772063834871,,,,,,0.0014002882102088926,,,,,,,,,,,,,-0.0013290871147745421,,,,,,0.0011364657937927244,0.0013366387461084884,-0.000505910579172245,-0.00117624209657547,-0.00013067539326947137
530,2026-08-31,EQX,CA29446Y5020,01835101C,-0.0003294795788726806,-0.00035970706317292654,-0.0004506674699522873,,-0.0004119937290982381,,,-0.0006047517206043547,,0.0017171417468255033,,0.0016566790092612251,0.0014611703063049314,,,0.002219324710519754,,,-0.00045590778937033713,-0.00035482416186288687,0.001755585218769358,0.0017425808838155109,,0.005227742651446533,-0.0007763974234821583,-0.0005181683244825858,,0.0014002882102088926,,-0.0004098404517684564,-0.00037760580949453286,,,,,0.0012785240180168149,,0.0012064021503338151,,,,,,,,-0.0003894841379388973,,,,,0.00034482820195587557
531,2026-08-31,ERF,FR0014000MR3,22581601W,,0.0010644724855886605,,,,,,,-0.0017171417468255033,,,,,,-0.0021193551289648105,,,,-0.00045590778937033713,-0.00035482416186288687,0.001755585218769358,,,,,,,-0.00035970706317292654,,,,0.0009926093641987087,,-0.0006207082303828337,,-0.00043483996176542323,0.003222581086508136,0.0012064021503338151,,,,,,,0.0013920024811544022,0.0011364657937927244,,,,,0.00021205765316052844
532,2026-08-31,ERIC B,SE0000108656,00443906W,-0.0003294795788726806,-0.00035970706317292654,0.0013290871147745421,,-0.0004119937290982381,-0.0006290064687569357,,-0.0006047517206043547,,,,-0.0016684285057808083,-0.0008168347892885206,0.0015683227954339598,,,,0.0013677233681110115,,-0.00035482416186288687,,,,,,-0.0005181683244825858,,-0.00035970706317292654,,0.0012064021503338151,0.001109662355259877,-0.0005037439385762183,,,,-0.00043483996176542323,,-0.0012189037270212122,,,,-0.0006323882239653064,,,,,,,,,-0.0001331823176855423
533,2026-08-31,ES,US30040W1080,00797001,-0.0003294795788726806,-0.00035970706317292654,,-0.001408673169551461,-0.0004119937290982381,-0.0006290064687569357,-0.002800576420417785,-0.0006047517206043547,0.0005794296042243693,,,,,,0.0007194141263458531,,,,0.0013366387461084884,-0.00035482416186288687,,,,0.005227742651446533,,,0.0034595355781631464,,,0.0012064021503338151,,,-0.0006032010751669076,-0.0006207082303828337,-0.0005286481332923461,,,,,,,,0.001417159152500566,0.001589516346723608,,,,,-0.000505910579172245,,-1.2589327880197049e-05
534,2026-08-31,ESLT,IL0010811243,06538001W,-0.0003294795788726806,,,,-0.0004119937290982381,-0.0006290064687569357,,,0.0005794296042243693,0.0017171417468255033,,,0.0014611703063049314,,0.0007194141263458531,,,,,-0.00035482416186288687,,0.0017425808838155109,,,,,,0.0014002882102088926,,,,,,,0.0020635826255709995,,,,,,,-0.0006323882239653064,-0.0007216209181444601,-0.0008084138120793607,,-0.0003894841379388973,-0.00038884036250428754,-0.0006818794762756347,-0.000505910579172245,,1.5169634028162832e-05
535,2026-08-31,ESS,US2971781057,03029301,0.0009721009062607189,,,,,,,,,,,,,,,,,,,,,,,,,,,-0.00035970706317292654,,,,,,-0.0006207082303828337,-0.0005286481332923461,,,,,-0.0009968153360809067,,-0.0006323882239653064,,,,-0.0003894841379388973,,,,,-5.174940505526286e-05
536,2026-08-31,ESSITY B,SE0009922164,32477001W,,-0.00035970706317292654,,,,,,,,,,-0.0016684285057808083,-0.0008168347892885206,,,,0.0010596775644824052,,-0.00045590778937033713,-0.00035482416186288687,-0.0009013349399045746,,,,-0.0007763974234821583,,,0.0014002882102088926,,-0.0004098404517684564,-0.00037760580949453286,-0.0005037439385762183,,,,,-0.0032673391571540825,,,,,,0.001417159152500566,,,,,0.0013366387461084884,-0.000505910579172245,-0.00117624209657547,-0.0002548186000193447
537,2026-08-31,ETN,IE00B8KQN827,00419901,-0.0003294795788726806,-0.00035970706317292654,-0.0004506674699522873,-0.001408673169551461,-0.0004119937290982381,-0.0006290064687569357,-0.002800576420417785,,0.0005794296042243693,-0.0017425808838155109,,,-0.0008168347892885206,,0.0007194141263458531,,,,,-0.00035482416186288687,,-0.0005970772063834871,,,-0.0007763974234821583,-0.0005181683244825858,-0.001755585218769358,-0.00035970706317292654,,-0.0004098404517684564,-0.00037760580949453286,,-0.0006032010751669076,,-0.0005286481332923461,-0.00043483996176542323,,,-0.0014611703063049314,,,-0.0006323882239653064,-0.0007216209181444601,-0.0008084138120793607,-0.0014002882102088926,-0.0003894841379388973,-0.00038884036250428754,-0.0006818794762756347,-0.000505910579172245,,-0.00029070438885318286
538,2026-08-31,ETR,US29364G1031,00736601,,-0.00035970706317292654,,-0.001408673169551461,-0.0004119937290982381,,0.0026732774922169768,-0.0006047517206043547,-0.0017171417468255033,,,0.0016566790092612251,,,-0.0021193551289648105,,,,,-0.00035482416186288687,,-0.0005970772063834871,,0.005227742651446533,,,-0.001755585218769358,,,,,,-0.0006032010751669076,-0.0006207082303828337,-0.0005286481332923461,,,,,,,,-0.0007216209181444601,-0.0008084138120793607,,,-0.00038884036250428754,-0.0006818794762756347,-0.000505910579172245,,-0.00010401411766669217
539,2026-08-31,EVK,DE000EVNK013,29542101W,,0.0010644724855886605,-0.0004506674699522873,,0.0012189037270212122,-0.0006290064687569357,,,,,,,,,,-0.0007351513103596687,,,-0.00045590778937033713,-0.00035482416186288687,,-0.0005970772063834871,,,-0.0007763974234821583,-0.0005181683244825858,,-0.00035970706317292654,,-0.0004098404517684564,-0.00037760580949453286,-0.0005037439385762183,,,,-0.00043483996176542323,,-0.0012189037270212122,,,,-0.0006323882239653064,-0.0007216209181444601,,,0.0011364657937927244,0.0011364657937927244,0.0013366387461084884,,,-5.585724978113655e-05
540,2026-08-31,EVN,AU000000EVN4,25335001W,-0.0003294795788726806,-0.00035970706317292654,0.0013290871147745421,,-0.0004119937290982381,0.0012316671168329527,,-0.0006047517206043547,,,,0.0016566790092612251,0.0014611703063049314,,,-0.0007351513103596687,,,0.0013366387461084884,0.0013920024811544022,-0.0009013349399045746,0.0017425808838155109,,,0.0015275871384097012,0.0020280036147852926,,0.0014002882102088926,,,,,,,,,,0.0012064021503338151,,-0.0009968153360809067,,0.0012447006312967933,,,,0.0011364657937927244,,0.0013366387461084884,,,0.00027290550425448186
541,2026-08-31,EVO,SE0012673267,31943201W,0.0009721009062607189,,0.0013290871147745421,,,,,-0.0006047517206043547,,,,,,-0.0015683227954339598,,0.002219324710519754,,-0.0013757217503806663,-0.00045590778937033713,-0.00035482416186288687,,-0.0005970772063834871,,,-0.0007763974234821583,-0.0005181683244825858,,0.0014002882102088926,,-0.0004098404517684564,-0.00037760580949453286,-0.0005037439385762183,-0.0006032010751669076,-0.0006207082303828337,,0.0012785240180168149,,,,-0.0009968153360809067,,,,,,0.0011364657937927244,0.0011364657937927244,0.0013366387461084884,,-0.00117624209657547,2.584618419055098e-05
542,2026-08-31,EVRG,US30034W1062,00633801,,,,,,,,0.001782184994811318,,,,0.0016566790092612251,,,,,,,-0.00045590778937033713,-0.00035482416186288687,,,-0.00560115284083557,,,,-0.001755585218769358,,,-0.0004098404517684564,,-0.0005037439385762183,-0.0006032010751669076,-0.0006207082303828337,-0.0005286481332923461,,,,,,,,,,,-0.0003894841379388973,-0.00038884036250428754,-0.0006818794762756347,,,-1.1948124164386373e-05
543,2026-08-31,EW,US28176E1082,13336601,-0.0003294795788726806,-0.00035970706317292654,,,,,,,0.0005794296042243693,,,,,,0.0007194141263458531,,,,-0.00045590778937033713,-0.00035482416186288687,,-0.0005970772063834871,,,-0.0007763974234821583,,,0.0014002882102088926,,-0.0004098404517684564,-0.00037760580949453286,,,-0.0006207082303828337,,,,,0.002834318305001132,,-0.0013290871147745421,-0.0006323882239653064,-0.0007216209181444601,-0.0008084138120793607,-0.0014002882102088926,-0.0003894841379388973,-0.00038884036250428754,-0.0006818794762756347,-0.000505910579172245,-0.00117624209657547,-0.00019257255135239927
544,2026-08-31,EXC,US30161N1019,00853901,-0.0003294795788726806,-0.00035970706317292654,,,-0.0004119937290982381,,,-0.0006047517206043547,0.0005794296042243693,,,,,,0.0007194141263458531,,,,-0.00045590778937033713,-0.00035482416186288687,,,,,,,,,,-0.0004098404517684564,,,-0.0006032010751669076,-0.0006207082303828337,-0.0005286481332923461,,,,,0.0009884387366180419,,,,0.001589516346723608,,,-0.00038884036250428754,-0.0006818794762756347,,,-8.753340698658058e-05
545,2026-08-31,EXE,US1651677353,02778621,-0.0003294795788726806,,,-0.001408673169551461,-0.0004119937290982381,,,-0.0006047517206043547,-0.0017171417468255033,,,,,,,,-0.0031366455908679197,,0.0013366387461084884,,,,,,,,,0.0014002882102088926,,,,,,,,,,,,,,0.0012447006312967933,,,,0.0011364657937927244,0.0011364657937927244,0.0013366387461084884,0.001488914046298063,-0.00117624209657547,5.4568865023314815e-05
546,2026-08-31,EXO,NL0012059018,01633102W,0.0009721009062607189,0.0010644724855886605,0.0013290871147745421,,0.0012189037270212122,,,-0.0006047517206043547,,,0.002450504367865562,-0.0016684285057808083,,,,0.002219324710519754,-0.0031366455908679197,,,,,,,,,,,,,-0.0004098404517684564,-0.00037760580949453286,-0.0005037439385762183,-0.0006032010751669076,-0.0006207082303828337,-0.0005286481332923461,0.0012785240180168149,,0.0012064021503338151,,-0.0009968153360809067,-0.0013290871147745421,,-0.0007216209181444601,-0.0008084138120793607,-0.0014002882102088926,0.0011364657937927244,0.0011364657937927244,,0.001488914046298063,-0.00117624209657547,6.211451494802528e-05
547,2026-08-31,EXPD,US3021301094,00449401,0.0009721009062607189,0.0010644724855886605,0.0013290871147745421,0.002735446736222023,0.0012189037270212122,-0.0006290064687569357,,,0.0005794296042243693,,,,,0.0015683227954339598,0.0007194141263458531,,,0.0013677233681110115,,0.0013920024811544022,,-0.0005970772063834871,,,,-0.0005181683244825858,,-0.00035970706317292654,0.0036192064510014456,-0.0004098404517684564,-0.00037760580949453286,,-0.0006032010751669076,,-0.0005286481332923461,,,,-0.0014611703063049314,-0.0009968153360809067,,-0.0006323882239653064,,,,-0.0003894841379388973,-0.00038884036250428754,,,,0.00015659620726216482
548,2026-08-31,EXPE,US30212P3038,12629602,-0.0003294795788726806,,,0.002735446736222023,0.0012189037270212122,,0.0026732774922169768,0.001782184994811318,,,,,,0.0015683227954339598,,0.002219324710519754,,,0.0013366387461084884,0.0013920024811544022,0.001755585218769358,0.0017425808838155109,,-0.00588121048287735,,-0.0005181683244825858,0.0034595355781631464,0.0014002882102088926,,0.0012064021503338151,0.001109662355259877,,0.0017687851076322854,0.002425241436238082,,0.0012785240180168149,0.003222581086508136,0.0012064021503338151,,,,,,,,0.0011364657937927244,0.0011364657937927244,0.0013366387461084884,,0.0011588592084487387,0.0008638537002003706
549,2026-08-31,EXPN,GB00B19NLV48,27932701W,-0.0003294795788726806,-0.00035970706317292654,-0.0004506674699522873,,-0.0004119937290982381,,,,0.0005794296042243693,,,,,,0.0007194141263458531,,,,,-0.00035482416186288687,,-0.0005970772063834871,,,0.0015275871384097012,-0.0005181683244825858,,-0.00035970706317292654,,0.0012064021503338151,0.001109662355259877,,-0.0006032010751669076,,-0.0005286481332923461,,,,,,,,,,,,,,-0.000505910579172245,,-6.270865911245978e-06
550,2026-08-31,EXR,US30225T1025,16047901,-0.0003294795788726806,,,,,,,,,,,,,,,,,,,,,,,,,,,-0.00035970706317292654,,,,,-0.0006032010751669076,-0.0006207082303828337,-0.0005286481332923461,,,,,,,-0.0006323882239653064,,,,-0.0003894841379388973,-0.00038884036250428754,,,,-7.737804160582892e-05
551,2026-08-31,F,US3453708600,00483901,0.0009721009062607189,0.0010644724855886605,0.0013290871147745421,0.002735446736222023,0.0012189037270212122,,0.0026732774922169768,,,,0.002450504367865562,,,,,-0.0007351513103596687,,,-0.00045590778937033713,-0.00035482416186288687,,,0.006190747876712999,0.005227742651446533,-0.0007763974234821583,-0.0005181683244825858,-0.001755585218769358,-0.00035970706317292654,,-0.0004098404517684564,-0.00037760580949453286,,-0.0006032010751669076,-0.0006207082303828337,,-0.00043483996176542323,0.003222581086508136,-0.0012189037270212122,,0.0009884387366180419,0.0013142369794139329,,,,,,0.0011364657937927244,,,0.0011588592084487387,0.00027938314320788285
552,2026-08-31,F34,SG1T56930848,24611601W,0.0009721009062607189,-0.00035970706317292654,,,,,,,,,,,-0.0008168347892885206,,0.0007194141263458531,,0.0010596775644824052,0.0013677233681110115,-0.00045590778937033713,-0.00035482416186288687,-0.0009013349399045746,,,,,,,-0.00035970706317292654,,,,0.0009926093641987087,,,,0.0012785240180168149,,0.0012064021503338151,,0.0009884387366180419,0.0013142369794139329,0.0012447006312967933,0.001417159152500566,0.001589516346723608,0.0013920024811544022,-0.0003894841379388973,-0.00038884036250428754,-0.0006818794762756347,0.001488914046298063,,0.00022180506714878384
553,2026-08-31,FANG,US25278X1090,17075001,-0.0003294795788726806,,,,-0.0004119937290982381,,,-0.0006047517206043547,-0.0017171417468255033,,,,,-0.0015683227954339598,-0.0021193551289648105,,-0.0031366455908679197,-0.0013757217503806663,-0.00045590778937033713,,,-0.0005970772063834871,-0.00560115284083557,,,,,-0.00035970706317292654,,,,,,,,,,,-0.0014611703063049314,,,-0.0006323882239653064,,,-0.0014002882102088926,-0.0003894841379388973,-0.00038884036250428754,-0.0006818794762756347,,,-0.0004142628238760142
554,2026-08-31,FAST,US3119001044,01422501,-0.0003294795788726806,-0.00035970706317292654,-0.0004506674699522873,-0.001408673169551461,-0.0004119937290982381,-0.0006290064687569357,-0.002800576420417785,,,0.0017171417468255033,,,0.0014611703063049314,,0.0007194141263458531,,,0.0013677233681110115,,0.0013920024811544022,,-0.0005970772063834871,,,0.0015275871384097012,0.0020280036147852926,,-0.00035970706317292654,0.0036192064510014456,-0.0004098404517684564,-0.00037760580949453286,,,,-0.0005286481332923461,-0.00043483996176542323,,,-0.0014611703063049314,-0.0009968153360809067,-0.0013290871147745421,-0.0006323882239653064,-0.0007216209181444601,-0.0008084138120793607,-0.0014002882102088926,-0.0003894841379388973,-0.00038884036250428754,-0.0006818794762756347,-0.000505910579172245,-0.00117624209657547,-5.115758169844834e-05
555,2026-08-31,FBK,IT0000072170,31791101W,,,-0.0004506674699522873,,,-0.0006290064687569357,,-0.0006047517206043547,0.0005794296042243693,0.0017171417468255033,,,,,,-0.0007351513103596687,0.0010596775644824052,,-0.00045590778937033713,,0.001755585218769358,,,,,,,,,,-0.00037760580949453286,-0.0005037439385762183,-0.0006032010751669076,,-0.0005286481332923461,,,,,-0.0009968153360809067,,-0.0006323882239653064,-0.0007216209181444601,-0.0008084138120793607,-0.0014002882102088926,,,,-0.000505910579172245,,3.7037011795028324e-05
556,2026-08-31,FCNC.A,US31946M1036,00469001,-0.0003294795788726806,0.0010644724855886605,0.0013290871147745421,0.002735446736222023,0.0012189037270212122,,,0.001782184994811318,-0.0017171417468255033,,,-0.0016684285057808083,,,,-0.0007351513103596687,0.0010596775644824052,,-0.00045590778937033713,,,,,,,,,,,,-0.00037760580949453286,,,,-0.0005286481332923461,,,,-0.0014611703063049314,,,-0.0006323882239653064,,,,,,,0.001488914046298063,,1.7609793028961425e-05
557,2026-08-31,FCX,US35671D8570,01459002,0.0009721009062607189,0.0010644724855886605,,,0.0012189037270212122,,,,,,,0.0016566790092612251,,,,-0.0007351513103596687,,,,-0.00035482416186288687,,-0.0005970772063834871,0.006190747876712999,,,0.0020280036147852926,-0.001755585218769358,-0.00035970706317292654,,-0.0004098404517684564,-0.00037760580949453286,-0.0005037439385762183,,,,-0.00043483996176542323,,,,0.0009884387366180419,,0.0012447006312967933,-0.0007216209181444601,,,-0.0003894841379388973,-0.00038884036250428754,-0.0006818794762756347,,,3.026128451873164e-05
558,2026-08-31,FDX,US31428X1063,00459801,,,,,,,,,,-0.0017425808838155109,,,,0.0015683227954339598,,,,,,-0.00035482416186288687,,-0.0005970772063834871,,,,-0.0005181683244825858,,0.0014002882102088926,,-0.0004098404517684564,-0.00037760580949453286,,-0.0006032010751669076,,-0.0005286481332923461,-0.00043483996176542323,,-0.0012189037270212122,,0.0009884387366180419,,,,0.001589516346723608,0.0013920024811544022,0.0011364657937927244,-0.00038884036250428754,,0.001488914046298063,,1.3525375914873066e-06
559,2026-08-31,FE,US3379321074,00809901,,,,0.002735446736222023,,,,-0.0006047517206043547,,-0.0017425808838155109,,,,,0.0007194141263458531,,,,-0.00045590778937033713,-0.00035482416186288687,,-0.0005970772063834871,0.006190747876712999,,,,-0.001755585218769358,,,-0.0004098404517684564,,0.0009926093641987087,-0.0006032010751669076,-0.0006207082303828337,-0.0005286481332923461,,,,,,,-0.0006323882239653064,-0.0007216209181444601,,,-0.0003894841379388973,-0.00038884036250428754,-0.0006818794762756347,-0.000505910579172245,,-0.00019276815144507955
560,2026-08-31,FER,NL0015001FS8,27121701W,-0.0003294795788726806,,-0.0004506674699522873,,-0.0004119937290982381,-0.0006290064687569357,,,0.0005794296042243693,-0.0017425808838155109,,,-0.0008168347892885206,,,,,-0.0013757217503806663,,-0.00035482416186288687,,-0.0005970772063834871,,,-0.0007763974234821583,-0.0005181683244825858,,0.0014002882102088926,,-0.0004098404517684564,-0.00037760580949453286,-0.0005037439385762183,,,-0.0005286481332923461,0.0012785240180168149,,0.0012064021503338151,,,,-0.0006323882239653064,-0.0007216209181444601,-0.0008084138120793607,,-0.0003894841379388973,,,-0.000505910579172245,0.0011588592084487387,-0.00011843639195561098
561,2026-08-31,FERG,US31488V1070,10064401,-0.0003294795788726806,-0.00035970706317292654,-0.0004506674699522873,,-0.0004119937290982381,,,,0.0005794296042243693,,,,,0.0015683227954339598,0.0007194141263458531,,,0.0013677233681110115,,-0.00035482416186288687,,-0.0005970772063834871,,,0.0015275871384097012,-0.0005181683244825858,,-0.00035970706317292654,,,,,-0.0006032010751669076,,-0.0005286481332923461,,,,,,,,,,,-0.0003894841379388973,-0.00038884036250428754,,,,1.3034590360029762e-05
562,2026-08-31,FFH,CA3039011026,01642801C,0.0009721009062607189,-0.00035970706317292654,-0.0004506674699522873,,-0.0004119937290982381,,,,-0.0017171417468255033,,,,0.0014611703063049314,,,-0.0007351513103596687,,,-0.00045590778937033713,,-0.0009013349399045746,,,,,,,,,,,0.0009926093641987087,-0.0006032010751669076,,-0.0005286481332923461,-0.00043483996176542323,,-0.0012189037270212122,,,,,0.001417159152500566,0.001589516346723608,0.0013920024811544022,-0.0003894841379388973,-0.00038884036250428754,,0.001488914046298063,,-5.3628932132067634e-05
563,2026-08-31,FFIV,US3156161024,12107701,-0.0003294795788726806,-0.00035970706317292654,0.0013290871147745421,,,-0.0006290064687569357,-0.002800576420417785,0.001782184994811318,,,,-0.0016684285057808083,-0.0008168347892885206,,,,,,-0.00045590778937033713,-0.00035482416186288687,,,,,,-0.0005181683244825858,,-0.00035970706317292654,,-0.0004098404517684564,-0.00037760580949453286,,,,,-0.00043483996176542323,,,-0.0014611703063049314,,,-0.0006323882239653064,,,,,,,,,-0.00020423018455391267
564,2026-08-31,FGR,FR0000130452,22230701W,-0.0003294795788726806,-0.00035970706317292654,0.0013290871147745421,,-0.0004119937290982381,,,,0.0005794296042243693,,,,,0.0015683227954339598,0.0007194141263458531,,,,,-0.00035482416186288687,,-0.0005970772063834871,,,-0.0007763974234821583,-0.0005181683244825858,,-0.00035970706317292654,,-0.0004098404517684564,-0.00037760580949453286,0.0009926093641987087,-0.0006032010751669076,,-0.0005286481332923461,-0.00043483996176542323,,-0.0012189037270212122,,,0.0013142369794139329,0.0012447006312967933,0.001417159152500566,0.001589516346723608,0.0013920024811544022,0.0011364657937927244,0.0011364657937927244,0.0013366387461084884,0.001488914046298063,0.0011588592084487387,0.00023101783938422454
565,2026-08-31,FI,US3377381088,01263501,-0.0003294795788726806,-0.00035970706317292654,0.0013290871147745421,-0.001408673169551461,-0.0004119937290982381,,,,-0.0017171417468255033,-0.0017425808838155109,-0.002450504367865562,,,,,-0.0007351513103596687,,,-0.00045590778937033713,,,,,,,,-0.001755585218769358,,,,-0.00037760580949453286,,,-0.0006207082303828337,,-0.00043483996176542323,,,-0.0014611703063049314,,,-0.0006323882239653064,0.001417159152500566,0.001589516346723608,0.0013920024811544022,,0.0011364657937927244,,0.001488914046298063,-0.00117624209657547,-0.00013557222426842776
566,2026-08-31,FICO,US3032501047,01382401,-0.0003294795788726806,-0.00035970706317292654,-0.0004506674699522873,-0.001408673169551461,-0.0004119937290982381,,,-0.0006047517206043547,,,0.002450504367865562,,,-0.0015683227954339598,,,,0.0013677233681110115,-0.00045590778937033713,0.0013920024811544022,,,,,0.0015275871384097012,-0.0005181683244825858,0.0034595355781631464,-0.00035970706317292654,0.0036192064510014456,,,,,,,,,,-0.0014611703063049314,-0.0009968153360809067,,0.0012447006312967933,,,,,,,,,0.0002314027770713412
567,2026-08-31,FIS,US31620M1062,16599301,-0.0003294795788726806,-0.00035970706317292654,,-0.001408673169551461,-0.0004119937290982381,0.0012316671168329527,0.0026732774922169768,0.001782184994811318,-0.0017171417468255033,-0.0017425808838155109,-0.002450504367865562,,,,,-0.0007351513103596687,,,0.0013366387461084884,,0.001755585218769358,,,,,,-0.001755585218769358,,,0.0012064021503338151,0.001109662355259877,0.0009926093641987087,-0.0006032010751669076,-0.0006207082303828337,-0.0005286481332923461,-0.00043483996176542323,,,0.002834318305001132,-0.0009968153360809067,,0.0012447006312967933,0.001417159152500566,-0.0008084138120793607,,,,,-0.000505910579172245,-0.00117624209657547,5.0873850611491805e-05
568,2026-08-31,FITB,US3167731005,00464001,-0.0003294795788726806,-0.00035970706317292654,-0.0004506674699522873,-0.001408673169551461,-0.0004119937290982381,,,-0.0006047517206043547,,,,-0.0016684285057808083,,,,-0.0007351513103596687,0.0010596775644824052,,-0.00045590778937033713,,,,,,,,,,,,-0.00037760580949453286,-0.0005037439385762183,-0.0006032010751669076,,-0.0005286481332923461,,,,-0.0014611703063049314,,,,-0.0007216209181444601,,,,,,,,-0.0001495889143815981
569,2026-08-31,FIX,US1999081045,06499701,0.0009721009062607189,0.0010644724855886605,,0.002735446736222023,0.0012189037270212122,0.0012316671168329527,0.0026732774922169768,,-0.0017171417468255033,0.0017171417468255033,,,,0.0015683227954339598,0.0007194141263458531,,,0.0013677233681110115,,0.0013920024811544022,,0.0017425808838155109,,,0.0015275871384097012,0.0020280036147852926,0.0034595355781631464,0.0014002882102088926,,0.0012064021503338151,0.001109662355259877,0.0009926093641987087,0.0017687851076322854,,0.0020635826255709995,0.0012785240180168149,,0.0012064021503338151,0.002834318305001132,-0.0009968153360809067,,0.0012447006312967933,-0.0007216209181444601,-0.0008084138120793607,-0.0014002882102088926,-0.0003894841379388973,,,-0.000505910579172245,,0.0004897515213221971
570,2026-08-31,FLEX,SG9999000020,03017001,0.0009721009062607189,0.0010644724855886605,-0.0004506674699522873,0.002735446736222023,0.0012189037270212122,0.0012316671168329527,0.0026732774922169768,-0.0006047517206043547,,,,,-0.0008168347892885206,0.0015683227954339598,,,,0.0013677233681110115,-0.00045590778937033713,-0.00035482416186288687,,,,,-0.0007763974234821583,-0.0005181683244825858,-0.001755585218769358,-0.00035970706317292654,-0.003675756551798343,,-0.00037760580949453286,0.0009926093641987087,,,,-0.00043483996176542323,,,,,,0.0012447006312967933,,,,,,,,0.0011588592084487387,9.639548952168611e-05
571,2026-08-31,FLUT,IE00BWT6H894,24317401,-0.0003294795788726806,-0.00035970706317292654,,-0.001408673169551461,-0.0004119937290982381,,0.0026732774922169768,-0.0006047517206043547,,,0.002450504367865562,,,,,-0.0007351513103596687,,-0.0013757217503806663,-0.00045590778937033713,-0.00035482416186288687,0.001755585218769358,-0.0005970772063834871,-0.00560115284083557,-0.00588121048287735,-0.0007763974234821583,-0.0005181683244825858,-0.001755585218769358,-0.00035970706317292654,,-0.0004098404517684564,-0.00037760580949453286,0.0009926093641987087,,-0.0006207082303828337,,-0.00043483996176542323,,,,,,,,,,-0.0003894841379388973,0.0011364657937927244,,,,0.00011110626242300755
572,2026-08-31,FM,CA3359341052,10646401C,-0.0003294795788726806,-0.00035970706317292654,-0.0004506674699522873,,-0.0004119937290982381,0.0012316671168329527,,-0.0006047517206043547,,-0.0017425808838155109,,,,,,-0.0007351513103596687,,,-0.00045590778937033713,-0.00035482416186288687,,-0.0005970772063834871,,-0.00588121048287735,-0.0007763974234821583,-0.0005181683244825858,,-0.00035970706317292654,,-0.0004098404517684564,-0.00037760580949453286,,,,,-0.00043483996176542323,,,,,,-0.0006323882239653064,-0.0007216209181444601,,,-0.0003894841379388973,-0.00038884036250428754,,,,-0.00024103263197291017
573,2026-08-31,FME,DE0005785802,21278201W,-0.0003294795788726806,-0.00035970706317292654,,,,-0.0006290064687569357,,,,,,,,,,,,,,-0.00035482416186288687,,0.0017425808838155109,,,,,,-0.00035970706317292654,,0.0012064021503338151,0.001109662355259877,0.0009926093641987087,,-0.0006207082303828337,,-0.00043483996176542323,0.003222581086508136,0.0012064021503338151,,,0.0013142369794139329,,0.001417159152500566,0.001589516346723608,0.0013920024811544022,0.0011364657937927244,0.0011364657937927244,0.0013366387461084884,0.001488914046298063,,0.0004052603948318748
574,2026-08-31,FMG,AU000000FMG4,21242701W,-0.0003294795788726806,-0.00035970706317292654,-0.0004506674699522873,,-0.0004119937290982381,-0.0006290064687569357,,-0.0006047517206043547,,,,0.0016566790092612251,-0.0008168347892885206,,,-0.0007351513103596687,,,-0.00045590778937033713,0.0013920024811544022,-0.0009013349399045746,-0.0005970772063834871,,,-0.0007763974234821583,-0.0005181683244825858,,0.0014002882102088926,,-0.0004098404517684564,-0.00037760580949453286,-0.0005037439385762183,,,,0.0012785240180168149,,,,,,-0.0006323882239653064,0.001417159152500566,,,0.0011364657937927244,0.0011364657937927244,0.0013366387461084884,,,0.00012093457836293047
575,2026-08-31,FN,KYG3323L1005,17958301,-0.0003294795788726806,-0.00035970706317292654,-0.0004506674699522873,-0.001408673169551461,-0.0004119937290982381,,,-0.0006047517206043547,,,-0.002450504367865562,,-0.0008168347892885206,,,,,0.0013677233681110115,-0.00045590778937033713,-0.00035482416186288687,,,,,,0.0020280036147852926,-0.001755585218769358,-0.00035970706317292654,,-0.0004098404517684564,,0.0009926093641987087,,,,-0.00043483996176542323,,-0.0012189037270212122,-0.0014611703063049314,-0.0009968153360809067,,,,,,,,,,,-0.000245469821582527
576,2026-08-31,FNF,US31620R3030,16526401,-0.0003294795788726806,-0.00035970706317292654,-0.0004506674699522873,-0.001408673169551461,-0.0004119937290982381,,,-0.0006047517206043547,0.0005794296042243693,,0.002450504367865562,,,,,-0.0007351513103596687,,,-0.00045590778937033713,,-0.0009013349399045746,,,,,,-0.001755585218769358,,,-0.0004098404517684564,-0.00037760580949453286,0.0009926093641987087,-0.0006032010751669076,-0.0006207082303828337,-0.0005286481332923461,-0.00043483996176542323,,-0.0012189037270212122,,,,,,,0.0013920024811544022,0.0011364657937927244,0.0011364657937927244,,0.001488914046298063,,5.417461236805026e-05
577,2026-08-31,FNV,CA3518581051,17899701C,-0.0003294795788726806,-0.00035970706317292654,,,-0.0004119937290982381,,,0.001782184994811318,,0.0017171417468255033,,,,,,0.002219324710519754,,,0.0013366387461084884,0.0013920024811544022,,-0.0005970772063834871,-0.00560115284083557,0.005227742651446533,0.0015275871384097012,-0.0005181683244825858,,0.0014002882102088926,,,,,,,,-0.00043483996176542323,,,,,,-0.0006323882239653064,,,,-0.0003894841379388973,-0.00038884036250428754,-0.0006818794762756347,,,0.00021181941931468836
578,2026-08-31,FORTUM,FI0009007132,22559701W,0.0009721009062607189,-0.00035970706317292654,,,-0.0004119937290982381,-0.0006290064687569357,,-0.0006047517206043547,0.0005794296042243693,0.0017171417468255033,,,,,0.0007194141263458531,,,,-0.00045590778937033713,-0.00035482416186288687,,-0.0005970772063834871,,,,,,,,-0.0004098404517684564,,,-0.0006032010751669076,-0.0006207082303828337,-0.0005286481332923461,,,,,-0.0009968153360809067,-0.0013290871147745421,-0.0006323882239653064,,-0.0008084138120793607,,-0.0003894841379388973,0.0011364657937927244,0.0013366387461084884,0.001488914046298063,-0.00117624209657547,4.78045307724423e-05
579,2026-08-31,FOX,US35137L2043,03463602,0.0009721009062607189,0.0010644724855886605,0.0013290871147745421,0.002735446736222023,0.0012189037270212122,,,,,,,,,,,,,,,,-0.0009013349399045746,,,,,-0.0005181683244825858,,,,,-0.00037760580949453286,,,,,,,,,,,,,,,,0.0011364657937927244,0.0013366387461084884,,,5.98919353482562e-05
580,2026-08-31,FOXA,US35137L1052,03463601,0.0009721009062607189,0.0010644724855886605,0.0013290871147745421,0.002735446736222023,0.0012189037270212122,,,0.001782184994811318,,,,,,,,,,,,,-0.0009013349399045746,,,,,-0.0005181683244825858,,,,,-0.00037760580949453286,,,,,,,,-0.0014611703063049314,,,,,,,,,0.0013366387461084884,,,8.204068130053362e-05
581,2026-08-31,FPH,NZFAPE0001S2,10125601W,-0.0003294795788726806,-0.00035970706317292654,,,,-0.0006290064687569357,,,-0.0017171417468255033,,,,,,-0.0021193551289648105,,,,,0.0013920024811544022,,,,,0.0015275871384097012,,,-0.00035970706317292654,,-0.0004098404517684564,-0.00037760580949453286,-0.0005037439385762183,,-0.0006207082303828337,,-0.00043483996176542323,,,,-0.0009968153360809067,-0.0013290871147745421,,-0.0007216209181444601,-0.0008084138120793607,-0.0014002882102088926,-0.0003894841379388973,-0.00038884036250428754,-0.0006818794762756347,-0.000505910579172245,-0.00117624209657547,-0.00024377508543731806
582,2026-08-31,FRES,GB00B2QPKJ12,28879901W,-0.0003294795788726806,-0.00035970706317292654,0.0013290871147745421,,-0.0004119937290982381,-0.0006290064687569357,,,,,,,0.0014611703063049314,,,0.002219324710519754,,,0.0013366387461084884,0.0013920024811544022,-0.0009013349399045746,0.0017425808838155109,,,0.0015275871384097012,0.0020280036147852926,,-0.00035970706317292654,,0.0012064021503338151,0.001109662355259877,,,,,,,0.0012064021503338151,,-0.0009968153360809067,,-0.0006323882239653064,,,,,0.0011364657937927244,0.0013366387461084884,,,0.00023589409949391788
583,2026-08-31,FSLR,US3364331070,17540401,-0.0003294795788726806,-0.00035970706317292654,0.0013290871147745421,-0.001408673169551461,-0.0004119937290982381,0.0012316671168329527,0.0026732774922169768,,,,-0.002450504367865562,-0.0016684285057808083,0.0014611703063049314,-0.0015683227954339598,,,,,-0.00045590778937033713,-0.00035482416186288687,,,,,,-0.0005181683244825858,0.0034595355781631464,-0.00035970706317292654,,0.0012064021503338151,0.001109662355259877,0.0009926093641987087,,,,0.0012785240180168149,,0.0012064021503338151,-0.0014611703063049314,,,0.0012447006312967933,,,,,,,,-0.00117624209657547,-3.340656447372151e-05
584,2026-08-31,FTAI,KYG3730V1059,01948401,,-0.00035970706317292654,-0.0004506674699522873,-0.001408673169551461,-0.0004119937290982381,,0.0026732774922169768,,-0.0017171417468255033,-0.0017425808838155109,,,-0.0008168347892885206,0.0015683227954339598,-0.0021193551289648105,,,,,-0.00035482416186288687,,-0.0005970772063834871,,,0.0015275871384097012,-0.0005181683244825858,0.0034595355781631464,-0.00035970706317292654,0.0036192064510014456,0.0012064021503338151,0.001109662355259877,,-0.0006032010751669076,,-0.0005286481332923461,0.0012785240180168149,,-0.0012189037270212122,,-0.0009968153360809067,-0.0013290871147745421,0.0012447006312967933,-0.0007216209181444601,-0.0008084138120793607,-0.0014002882102088926,-0.0003894841379388973,-0.00038884036250428754,-0.0006818794762756347,-0.000505910579172245,0.0011588592084487387,-0.0001031185459870248
585,2026-08-31,FTI,GB00BDSFG982,03092301,-0.0003294795788726806,,-0.0004506674699522873,-0.001408673169551461,-0.0004119937290982381,,,,0.0005794296042243693,,,-0.0016684285057808083,0.0014611703063049314,0.0015683227954339598,0.0007194141263458531,,0.0010596775644824052,0.0013677233681110115,,,,,0.006190747876712999,,,,,-0.00035970706317292654,,,,,,,,,,,-0.0014611703063049314,,,,,,,-0.0003894841379388973,,,-0.000505910579172245,,-2.0837231627101123e-05
586,2026-08-31,FTNT,US34959E1091,18337701,-0.0003294795788726806,0.0010644724855886605,,,,-0.0006290064687569357,-0.002800576420417785,0.001782184994811318,,,0.002450504367865562,,,0.0015683227954339598,,,,0.0013677233681110115,-0.00045590778937033713,0.0013920024811544022,,,,,-0.0007763974234821583,-0.0005181683244825858,,-0.00035970706317292654,,-0.0004098404517684564,-0.00037760580949453286,-0.0005037439385762183,,,,-0.00043483996176542323,,,0.002834318305001132,,,-0.0006323882239653064,,,,,,,,0.0011588592084487387,0.00017575370884669337
587,2026-08-31,FTS,CA3495531079,01439001C,-0.0003294795788726806,-0.00035970706317292654,,,-0.0004119937290982381,-0.0006290064687569357,,,,,,,,,,,,,-0.00045590778937033713,-0.00035482416186288687,,-0.0005970772063834871,-0.00560115284083557,0.005227742651446533,,,,,,-0.0004098404517684564,,-0.0005037439385762183,,-0.0006207082303828337,-0.0005286481332923461,,,,,,,-0.0006323882239653064,-0.0007216209181444601,-0.0008084138120793607,,-0.0003894841379388973,-0.00038884036250428754,-0.0006818794762756347,-0.000505910579172245,,-0.0002158346101675319
588,2026-08-31,FTV,US34959J1088,02659001,-0.0003294795788726806,-0.00035970706317292654,-0.0004506674699522873,-0.001408673169551461,-0.0004119937290982381,,,,0.0005794296042243693,,,,0.0014611703063049314,-0.0015683227954339598,0.0007194141263458531,,,-0.0013757217503806663,,-0.00035482416186288687,,,,,,-0.0005181683244825858,-0.001755585218769358,-0.00035970706317292654,0.0036192064510014456,-0.0004098404517684564,,,-0.0006032010751669076,,-0.0005286481332923461,-0.00043483996176542323,,-0.0012189037270212122,-0.0014611703063049314,,,,-0.0007216209181444601,,,-0.0003894841379388973,0.0011364657937927244,0.0013366387461084884,,-0.00117624209657547,-6.549184371649874e-05
589,2026-08-31,FUTU,US36118L1061,03460390,-0.0003294795788726806,-0.00035970706317292654,-0.0004506674699522873,-0.001408673169551461,-0.0004119937290982381,,-0.002800576420417785,,0.0005794296042243693,0.0017171417468255033,,-0.0016684285057808083,,,,-0.0007351513103596687,,,-0.00045590778937033713,,0.001755585218769358,,,,,,0.0034595355781631464,,,0.0012064021503338151,0.001109662355259877,0.0009926093641987087,,0.002425241436238082,,0.0012785240180168149,,0.0012064021503338151,-0.0014611703063049314,-0.0009968153360809067,,-0.0006323882239653064,0.001417159152500566,0.001589516346723608,,-0.0003894841379388973,0.0011364657937927244,,-0.000505910579172245,,0.00022424107455787409
590,2026-08-31,FWONK,US5312297550,02718703,-0.0003294795788726806,0.0010644724855886605,-0.0004506674699522873,,,-0.0006290064687569357,-0.002800576420417785,-0.0006047517206043547,,,-0.002450504367865562,0.0016566790092612251,,,,,,,,,0.001755585218769358,,,,,0.0020280036147852926,,,,,0.001109662355259877,,,,,,,,-0.0014611703063049314,,-0.0013290871147745421,,,,,-0.0003894841379388973,-0.00038884036250428754,-0.0006818794762756347,,,-5.230742477483186e-05
591,2026-08-31,G,IT0000062072,01580401W,-0.0003294795788726806,,-0.0004506674699522873,,-0.0004119937290982381,,,,0.0005794296042243693,,,,,,,-0.0007351513103596687,0.0010596775644824052,,-0.00045590778937033713,,-0.0009013349399045746,,,,,,,,,-0.0004098404517684564,-0.00037760580949453286,,-0.0006032010751669076,-0.0006207082303828337,-0.0005286481332923461,0.0012785240180168149,,0.0012064021503338151,,,,,,,0.0013920024811544022,0.0011364657937927244,0.0011364657937927244,,-0.000505910579172245,,2.632009649977451e-05
592,2026-08-31,G1A,DE0006602006,10036801W,-0.0003294795788726806,-0.00035970706317292654,-0.0004506674699522873,,-0.0004119937290982381,,,,,0.0017171417468255033,,,-0.0008168347892885206,,,,,0.0013677233681110115,,-0.00035482416186288687,,-0.0005970772063834871,,,,-0.0005181683244825858,,-0.00035970706317292654,,-0.0004098404517684564,-0.00037760580949453286,,,,-0.0005286481332923461,-0.00043483996176542323,,-0.0012189037270212122,,-0.0009968153360809067,,,,,,,,,,,-8.832054594200042e-06
593,2026-08-31,GALD,CH1335392721,36083501W,-0.0003294795788726806,-0.00035970706317292654,,,,,,,0.0005794296042243693,,,,,,0.0007194141263458531,,,-0.0013757217503806663,0.0013366387461084884,-0.00035482416186288687,,0.0017425808838155109,,,,,,0.0014002882102088926,,,,,,-0.0006207082303828337,,,,,,,-0.0013290871147745421,-0.0006323882239653064,-0.0007216209181444601,-0.0008084138120793607,-0.0014002882102088926,-0.0003894841379388973,-0.00038884036250428754,-0.0006818794762756347,-0.000505910579172245,,-0.00015667024095527022
594,2026-08-31,GALP,PTGAL0AM0009,27944801W,,,0.0013290871147745421,,,-0.0006290064687569357,,0.001782184994811318,0.0005794296042243693,,,,-0.0008168347892885206,0.0015683227954339598,0.0007194141263458531,,0.0010596775644824052,0.0013677233681110115,-0.00045590778937033713,,,0.0017425808838155109,,,,,,0.0014002882102088926,,,,,,,,,,,,,,-0.0006323882239653064,,,0.0013920024811544022,,0.0011364657937927244,0.0013366387461084884,-0.000505910579172245,0.0011588592084487387,0.00022884715262019276
595,2026-08-31,GBLB,BE0003797140,02140803W,-0.0003294795788726806,-0.00035970706317292654,-0.0004506674699522873,,-0.0004119937290982381,,,-0.0006047517206043547,-0.0017171417468255033,-0.0017425808838155109,,,0.0014611703063049314,,,-0.0007351513103596687,-0.0031366455908679197,,-0.00045590778937033713,,-0.0009013349399045746,,,,,,,,,-0.0004098404517684564,-0.00037760580949453286,,0.0017687851076322854,-0.0006207082303828337,0.0020635826255709995,-0.00043483996176542323,,-0.0012189037270212122,,-0.0009968153360809067,,,-0.0007216209181444601,-0.0008084138120793607,0.0013920024811544022,-0.0003894841379388973,-0.00038884036250428754,,-0.000505910579172245,-0.00117624209657547,-0.00028054132399885307
596,2026-08-31,GD,US3695501086,00504601,-0.0003294795788726806,-0.00035970706317292654,-0.0004506674699522873,,-0.0004119937290982381,-0.0006290064687569357,,,0.0005794296042243693,,,,0.0014611703063049314,,0.0007194141263458531,,,,,-0.00035482416186288687,,-0.0005970772063834871,,,,0.0020280036147852926,,0.0014002882102088926,0.0036192064510014456,-0.0004098404517684564,,,-0.0006032010751669076,,-0.0005286481332923461,0.0012785240180168149,,0.0012064021503338151,0.002834318305001132,0.0009884387366180419,,,,,,,,0.0013366387461084884,-0.000505910579172245,,0.00014663843832805497
597,2026-08-31,GE,US3696043013,00504701,-0.0003294795788726806,,-0.0004506674699522873,,-0.0004119937290982381,-0.0006290064687569357,,,0.0005794296042243693,,,,0.0014611703063049314,,0.0007194141263458531,,,,,0.0013920024811544022,,-0.0005970772063834871,,,,-0.0005181683244825858,,0.0014002882102088926,0.0036192064510014456,-0.0004098404517684564,,,0.0017687851076322854,,0.0020635826255709995,,,,,0.0009884387366180419,,-0.0006323882239653064,-0.0007216209181444601,-0.0008084138120793607,-0.0014002882102088926,-0.0003894841379388973,-0.00038884036250428754,-0.0006818794762756347,-0.000505910579172245,0.0011588592084487387,7.281570756037845e-05
598,2026-08-31,GEBN,CH0030170408,22891801W,-0.0003294795788726806,-0.00035970706317292654,-0.0004506674699522873,,-0.0004119937290982381,-0.0006290064687569357,,,,,,,,,,,,,,0.0013920024811544022,,-0.0005970772063834871,,,-0.0007763974234821583,,,-0.00035970706317292654,,-0.0004098404517684564,-0.00037760580949453286,-0.0005037439385762183,-0.0006032010751669076,,-0.0005286481332923461,-0.00043483996176542323,,,,-0.0009968153360809067,-0.0013290871147745421,-0.0006323882239653064,,-0.0008084138120793607,-0.0014002882102088926,-0.0003894841379388973,-0.00038884036250428754,-0.0006818794762756347,,,-0.00011709132025430975
599,2026-08-31,GEHC,US36266G1076,04181801,-0.0003294795788726806,-0.00035970706317292654,,,,,,,0.0005794296042243693,,,,,,0.0007194141263458531,,,,-0.00045590778937033713,-0.00035482416186288687,,-0.0005970772063834871,,,-0.0007763974234821583,,,-0.00035970706317292654,,-0.0004098404517684564,-0.00037760580949453286,0.0009926093641987087,,-0.0006207082303828337,,-0.00043483996176542323,-0.0032673391571540825,,-0.0014611703063049314,,0.0013142369794139329,,0.001417159152500566,0.001589516346723608,0.0013920024811544022,-0.0003894841379388973,,,0.001488914046298063,0.0011588592084487387,2.9890152590805e-05
600,2026-08-31,GEN,US6687711084,01585501,,-0.00035970706317292654,,,-0.0004119937290982381,0.0012316671168329527,0.0026732774922169768,-0.0006047517206043547,,,,0.0016566790092612251,,,,,,-0.0013757217503806663,,-0.00035482416186288687,,,,,,0.0020280036147852926,,-0.00035970706317292654,,0.0012064021503338151,0.001109662355259877,0.0009926093641987087,,,,0.0012785240180168149,,0.0012064021503338151,-0.0014611703063049314,,,0.0012447006312967933,,,,,,,,0.0011588592084487387,0.00024220973345844655
601,2026-08-31,GET,FR0010533075,20208603W,-0.0003294795788726806,-0.00035970706317292654,0.0013290871147745421,,-0.0004119937290982381,-0.0006290064687569357,,,0.0005794296042243693,-0.0017425808838155109,,,,-0.0015683227954339598,-0.0021193551289648105,,,-0.0013757217503806663,,-0.00035482416186288687,,,,,,-0.0005181683244825858,,-0.00035970706317292654,,,,,0.0017687851076322854,,0.0020635826255709995,-0.00043483996176542323,,,,,-0.0013290871147745421,-0.0006323882239653064,-0.0007216209181444601,-0.0008084138120793607,-0.0014002882102088926,,-0.00038884036250428754,-0.0006818794762756347,-0.000505910579172245,,-0.00018307482137670586
602,2026-08-31,GEV,US36828A1016,04516901,-0.0003294795788726806,-0.00035970706317292654,-0.0004506674699522873,-0.001408673169551461,-0.0004119937290982381,,,,0.0005794296042243693,0.0017171417468255033,,,-0.0008168347892885206,0.0015683227954339598,,,,0.0013677233681110115,,0.0013920024811544022,,0.0017425808838155109,,,0.0015275871384097012,-0.0005181683244825858,0.0034595355781631464,0.0014002882102088926,-0.003675756551798343,0.0012064021503338151,0.001109662355259877,,0.0017687851076322854,,0.0020635826255709995,0.0012785240180168149,,0.0012064021503338151,,0.0009884387366180419,,0.0012447006312967933,,-0.0008084138120793607,-0.0014002882102088926,-0.0003894841379388973,,0.0013366387461084884,-0.000505910579172245,0.0011588592084487387,0.00033145207538778714
603,2026-08-31,GFC,FR0010040865,22188401W,-0.0003294795788726806,,,,,,,,,,,,,-0.0015683227954339598,,,-0.0031366455908679197,-0.0013757217503806663,,,,,,,,,,-0.00035970706317292654,,,,-0.0005037439385762183,-0.0006032010751669076,0.002425241436238082,-0.0005286481332923461,,,0.0012064021503338151,,,0.0013142369794139329,,,,,,,,,,-8.077139878107301e-05
604,2026-08-31,GFL,CA36168Q1046,03561201C,-0.0003294795788726806,-0.00035970706317292654,-0.0004506674699522873,,-0.0004119937290982381,,,,-0.0017171417468255033,-0.0017425808838155109,,,,-0.0015683227954339598,-0.0021193551289648105,,,-0.0013757217503806663,,-0.00035482416186288687,,,,,0.0015275871384097012,-0.0005181683244825858,,-0.00035970706317292654,,0.0012064021503338151,0.001109662355259877,,,,-0.0005286481332923461,-0.00043483996176542323,,,,,,,-0.0007216209181444601,-0.0008084138120793607,,-0.0003894841379388973,-0.00038884036250428754,-0.0006818794762756347,-0.000505910579172245,,-0.00022124800903538464
605,2026-08-31,GIB.A,CA12532H1047,02186401C,-0.0003294795788726806,-0.00035970706317292654,-0.0004506674699522873,,-0.0004119937290982381,,,-0.0006047517206043547,,,,0.0016566790092612251,,,,,,,-0.00045590778937033713,-0.00035482416186288687,,,,,-0.0007763974234821583,-0.0005181683244825858,,-0.00035970706317292654,,-0.0004098404517684564,-0.00037760580949453286,0.0009926093641987087,,,,,,0.0012064021503338151,,,,,,,,,,,,,6.140478038947187e-05
606,2026-08-31,GIL,CA3759161035,11148601C,0.0009721009062607189,0.0010644724855886605,0.0013290871147745421,,0.0012189037270212122,,,0.001782184994811318,,,-0.002450504367865562,,-0.0008168347892885206,,,-0.0007351513103596687,,-0.0013757217503806663,-0.00045590778937033713,-0.00035482416186288687,-0.0009013349399045746,-0.0005970772063834871,,,-0.0007763974234821583,-0.0005181683244825858,,0.0014002882102088926,,-0.0004098404517684564,-0.00037760580949453286,,-0.0006032010751669076,-0.0006207082303828337,,,,,,,,,,,,-0.0003894841379388973,-0.00038884036250428754,-0.0006818794762756347,,,-0.0003071480952354778
607,2026-08-31,GILD,US3755581036,02485601,-0.0003294795788726806,-0.00035970706317292654,,,,-0.0006290064687569357,-0.002800576420417785,,0.0005794296042243693,,,,,,0.0007194141263458531,,,,0.0013366387461084884,0.0013920024811544022,,,,,0.0015275871384097012,,,-0.00035970706317292654,,0.0012064021503338151,0.001109662355259877,-0.0005037439385762183,,0.002425241436238082,,-0.00043483996176542323,,,,,,,0.001417159152500566,0.001589516346723608,,,-0.00038884036250428754,,-0.000505910579172245,,0.00013722423034950152
608,2026-08-31,GIS,US3703341046,00507101,-0.0003294795788726806,-0.00035970706317292654,,-0.001408673169551461,,-0.0006290064687569357,-0.002800576420417785,,,,,,-0.0008168347892885206,,0.0007194141263458531,,0.0010596775644824052,-0.0013757217503806663,-0.00045590778937033713,-0.00035482416186288687,,,-0.00560115284083557,,-0.0007763974234821583,,,-0.00035970706317292654,,-0.0004098404517684564,-0.00037760580949453286,-0.0005037439385762183,,,,-0.00043483996176542323,-0.0032673391571540825,-0.0012189037270212122,-0.0014611703063049314,,,-0.0006323882239653064,0.001417159152500566,0.001589516346723608,,-0.0003894841379388973,,-0.0006818794762756347,0.001488914046298063,,-0.00029022868663953046
609,2026-08-31,GIVN,CH0010645932,23741901W,-0.0003294795788726806,-0.00035970706317292654,-0.0004506674699522873,,-0.0004119937290982381,-0.0006290064687569357,,-0.0006047517206043547,,,,-0.0016684285057808083,-0.0008168347892885206,,,-0.0007351513103596687,,,-0.00045590778937033713,-0.00035482416186288687,-0.0009013349399045746,-0.0005970772063834871,,,-0.0007763974234821583,-0.0005181683244825858,,-0.00035970706317292654,,-0.0004098404517684564,-0.00037760580949453286,-0.0005037439385762183,,,,-0.00043483996176542323,,,,,,-0.0006323882239653064,-0.0007216209181444601,,,-0.0003894841379388973,-0.00038884036250428754,,,,-0.000370640949425317
610,2026-08-31,GJF,NO0010582521,29609101W,-0.0003294795788726806,-0.00035970706317292654,-0.0004506674699522873,,-0.0004119937290982381,,,-0.0006047517206043547,,0.0017171417468255033,,,-0.0008168347892885206,,,-0.0007351513103596687,,,-0.00045590778937033713,,,,,,,,,,,-0.0004098404517684564,-0.00037760580949453286,,0.0017687851076322854,-0.0006207082303828337,0.0020635826255709995,-0.00043483996176542323,,,,-0.0009968153360809067,-0.0013290871147745421,,-0.0007216209181444601,-0.0008084138120793607,,,-0.00038884036250428754,,-0.000505910579172245,,-3.53743225627759e-05
611,2026-08-31,GLE,FR0000130809,01578401W,-0.0003294795788726806,,0.0013290871147745421,,,0.0012316671168329527,,0.001782184994811318,-0.0017171417468255033,,,,,,,0.002219324710519754,0.0010596775644824052,,,,-0.0009013349399045746,,,,,,,,,,,,0.0017687851076322854,,0.0020635826255709995,,,,,0.0009884387366180419,0.0013142369794139329,0.0012447006312967933,0.001417159152500566,0.001589516346723608,,,,,-0.000505910579172245,0.0011588592084487387,0.000208177299667666
612,2026-08-31,GLEN,JE00B4T3BW64,26740701W,0.0009721009062607189,0.0010644724855886605,-0.0004506674699522873,,0.0012189037270212122,0.0012316671168329527,,-0.0006047517206043547,,,,0.0016566790092612251,-0.0008168347892885206,,,-0.0007351513103596687,,,-0.00045590778937033713,-0.00035482416186288687,,-0.0005970772063834871,,,,-0.0005181683244825858,,-0.00035970706317292654,,,,0.0009926093641987087,,,,-0.00043483996176542323,,-0.0012189037270212122,,0.0009884387366180419,,-0.0006323882239653064,-0.0007216209181444601,,,-0.0003894841379388973,-0.00038884036250428754,-0.0006818794762756347,,,-4.5303933436832315e-05
613,2026-08-31,GLW,US2193501051,00353201,-0.0003294795788726806,-0.00035970706317292654,-0.0004506674699522873,-0.001408673169551461,-0.0004119937290982381,,,-0.0006047517206043547,,,,,,,,,,,,-0.00035482416186288687,,,,,,-0.0005181683244825858,,0.0014002882102088926,,,,,,,,,,0.0012064021503338151,,,,,,,,,,,,,-1.7152661566965514e-05
614,2026-08-31,GM,US37045V1008,00507319,0.0009721009062607189,0.0010644724855886605,0.0013290871147745421,0.002735446736222023,0.0012189037270212122,,0.0026732774922169768,-0.0006047517206043547,,,,,-0.0008168347892885206,,,-0.0007351513103596687,,,-0.00045590778937033713,-0.00035482416186288687,0.001755585218769358,0.0017425808838155109,,,-0.0007763974234821583,-0.0005181683244825858,,-0.00035970706317292654,,0.0012064021503338151,-0.00037760580949453286,0.0009926093641987087,0.0017687851076322854,0.002425241436238082,,,0.003222581086508136,0.0012064021503338151,,0.0009884387366180419,0.0013142369794139329,,,,,0.0011364657937927244,-0.00038884036250428754,-0.0006818794762756347,,,0.0004444291051790472
615,2026-08-31,GMAB,DK0010272202,24520701W,-0.0003294795788726806,,,,,0.0012316671168329527,,,0.0005794296042243693,,,,,,0.0007194141263458531,,,-0.0013757217503806663,-0.00045590778937033713,-0.00035482416186288687,,,,,-0.0007763974234821583,,,-0.00035970706317292654,,-0.0004098404517684564,-0.00037760580949453286,,,-0.0006207082303828337,,-0.00043483996176542323,0.003222581086508136,,,,,0.0012447006312967933,0.001417159152500566,,,-0.0003894841379388973,0.0011364657937927244,0.0013366387461084884,,,0.00012281942376110369
616,2026-08-31,GMG,AU000000GMG2,27181001W,0.0009721009062607189,,,,,,,,,,,,,-0.0015683227954339598,,,-0.0031366455908679197,,,,,,,,,,,-0.00035970706317292654,,,,-0.0005037439385762183,-0.0006032010751669076,-0.0006207082303828337,-0.0005286481332923461,,,,,,-0.0013290871147745421,,,,-0.0014002882102088926,-0.0003894841379388973,-0.00038884036250428754,,,,-0.0002456375667300074
617,2026-08-31,GOOG,US02079K1079,16032903,,0.0010644724855886605,0.0013290871147745421,0.002735446736222023,0.0012189037270212122,,,0.001782184994811318,,0.0017171417468255033,-0.002450504367865562,,,,,,,,,,,,,0.005227742651446533,,0.0020280036147852926,,,,,0.001109662355259877,-0.0005037439385762183,,,,,,,,0.0009884387366180419,-0.0013290871147745421,,,,,-0.0003894841379388973,-0.00038884036250428754,-0.0006818794762756347,,,3.974010801619834e-05
618,2026-08-31,GOOGL,US02079K3059,16032901,,0.0010644724855886605,0.0013290871147745421,0.002735446736222023,0.0012189037270212122,,,0.001782184994811318,,0.0017171417468255033,-0.002450504367865562,,,,,,,,,,,,,0.005227742651446533,,0.0020280036147852926,,,,,0.001109662355259877,,,,,,,,0.002834318305001132,0.0009884387366180419,-0.0013290871147745421,,,,,-0.0003894841379388973,-0.00038884036250428754,-0.0006818794762756347,,,6.507620726356811e-05
619,2026-08-31,GPC,US3724601055,00512501,-0.0003294795788726806,-0.00035970706317292654,-0.0004506674699522873,,-0.0004119937290982381,,,-0.0006047517206043547,,,-0.002450504367865562,,-0.0008168347892885206,0.0015683227954339598,,-0.0007351513103596687,,,-0.00045590778937033713,-0.00035482416186288687,,,,,-0.0007763974234821583,-0.0005181683244825858,,-0.00035970706317292654,,-0.0004098404517684564,-0.00037760580949453286,0.0009926093641987087,-0.0006032010751669076,-0.0006207082303828337,,0.0012785240180168149,,0.0012064021503338151,,,,,,,,-0.0003894841379388973,-0.00038884036250428754,-0.0006818794762756347,,0.0011588592084487387,-0.00020351429705593835
620,2026-08-31,GPN,US37940X1028,14191301,-0.0003294795788726806,-0.00035970706317292654,,,-0.0004119937290982381,0.0012316671168329527,0.0026732774922169768,,-0.0017171417468255033,-0.0017425808838155109,,,,,,-0.0007351513103596687,,,-0.00045590778937033713,,,,,,,,-0.001755585218769358,,,-0.0004098404517684564,-0.00037760580949453286,0.0009926093641987087,-0.0006032010751669076,-0.0006207082303828337,-0.0005286481332923461,-0.00043483996176542323,,-0.0012189037270212122,-0.0014611703063049314,,,,-0.0007216209181444601,,,-0.0003894841379388973,-0.00038884036250428754,,-0.000505910579172245,-0.00117624209657547,-0.0001742620355405532
621,2026-08-31,GRMN,CH0114405324,14145901,0.0009721009062607189,0.0010644724855886605,,0.002735446736222023,0.0012189037270212122,,-0.002800576420417785,0.001782184994811318,,,,,0.0014611703063049314,-0.0015683227954339598,,0.002219324710519754,,-0.0013757217503806663,0.0013366387461084884,-0.00035482416186288687,-0.0009013349399045746,,0.006190747876712999,0.005227742651446533,0.0015275871384097012,0.0020280036147852926,,0.0014002882102088926,,,,-0.0005037439385762183,0.0017687851076322854,-0.0006207082303828337,,-0.00043483996176542323,,,,,-0.0013290871147745421,,,,,-0.0003894841379388973,-0.00038884036250428754,-0.0006818794762756347,,-0.00117624209657547,2.4183196349911633e-05
622,2026-08-31,GS,US38141G1040,11462801,0.0009721009062607189,0.0010644724855886605,0.0013290871147745421,0.002735446736222023,0.0012189037270212122,,,0.001782184994811318,0.0005794296042243693,,,-0.0016684285057808083,-0.0008168347892885206,,,-0.0007351513103596687,,,,,-0.0009013349399045746,,,,,,-0.001755585218769358,,,-0.0004098404517684564,,,0.0017687851076322854,-0.0006207082303828337,-0.0005286481332923461,-0.00043483996176542323,,-0.0012189037270212122,,0.0009884387366180419,,,,-0.0008084138120793607,,-0.0003894841379388973,-0.00038884036250428754,,-0.000505910579172245,0.0011588592084487387,-0.0001063421046716798
623,2026-08-31,GSK,GB00BN7SWP63,00518002W,-0.0003294795788726806,-0.00035970706317292654,,,,,,,,,,,,,0.0007194141263458531,,,,,-0.00035482416186288687,-0.0009013349399045746,0.0017425808838155109,,,,,,-0.00035970706317292654,,-0.0004098404517684564,0.001109662355259877,,,-0.0006207082303828337,,-0.00043483996176542323,0.003222581086508136,,,,0.0013142369794139329,,0.001417159152500566,0.001589516346723608,,0.0011364657937927244,0.0011364657937927244,,0.001488914046298063,0.0011588592084487387,0.0002081201314863014
624,2026-08-31,GWO,CA39138C1068,01643101C,0.0009721009062607189,,-0.0004506674699522873,,,,,,0.0005794296042243693,0.0017171417468255033,0.002450504367865562,,,,,-0.0007351513103596687,,,-0.00045590778937033713,,-0.0009013349399045746,,,,,,,,,,-0.00037760580949453286,,-0.0006032010751669076,,-0.0005286481332923461,-0.00043483996176542323,,,,0.0009884387366180419,,,-0.0007216209181444601,-0.0008084138120793607,,-0.0003894841379388973,-0.00038884036250428754,,-0.000505910579172245,0.0011588592084487387,5.514364427499136e-06
625,2026-08-31,GWW,US3848021040,00525601,,,,,,-0.0006290064687569357,,,-0.0017171417468255033,,,,0.0014611703063049314,0.0015683227954339598,0.0007194141263458531,,,0.0013677233681110115,,0.0013920024811544022,,-0.0005970772063834871,,,-0.0007763974234821583,-0.0005181683244825858,-0.001755585218769358,-0.00035970706317292654,0.0036192064510014456,-0.0004098404517684564,-0.00037760580949453286,,-0.0006032010751669076,,-0.0005286481332923461,-0.00043483996176542323,,,-0.0014611703063049314,,-0.0013290871147745421,-0.0006323882239653064,-0.0007216209181444601,-0.0008084138120793607,,-0.0003894841379388973,-0.00038884036250428754,-0.0006818794762756347,-0.000505910579172245,,-6.254072881280795e-05
626,2026-08-31,H,CA4488112083,02494401C,,,,,-0.0004119937290982381,-0.0006290064687569357,,-0.0006047517206043547,0.0005794296042243693,-0.0017425808838155109,,,,,0.0007194141263458531,,,,-0.00045590778937033713,-0.00035482416186288687,,,,,,,,,,-0.0004098404517684564,,,,-0.0006207082303828337,-0.0005286481332923461,,,,,,-0.0013290871147745421,-0.0006323882239653064,-0.0007216209181444601,-0.0008084138120793607,,-0.0003894841379388973,-0.00038884036250428754,,-0.000505910579172245,,-0.00026738734391343355
627,2026-08-31,H,US4485791028,18336601,,0.0010644724855886605,,,,,0.0026732774922169768,,,,-0.002450504367865562,,,,,-0.0007351513103596687,,-0.0013757217503806663,-0.00045590778937033713,-0.00035482416186288687,,-0.0005970772063834871,,,-0.0007763974234821583,-0.0005181683244825858,-0.001755585218769358,-0.00035970706317292654,,-0.0004098404517684564,-0.00037760580949453286,,-0.0006032010751669076,-0.0006207082303828337,,-0.00043483996176542323,-0.0032673391571540825,-0.0012189037270212122,,,,,,,,-0.0003894841379388973,-0.00038884036250428754,-0.0006818794762756347,,,-0.0004461153159823863
628,2026-08-31,H78,BMG4587L1090,21057604W,,,,,,,,,,,,,,-0.0015683227954339598,,,,-0.0013757217503806663,,,,,,,,,,-0.00035970706317292654,,,,-0.0005037439385762183,0.0017687851076322854,0.002425241436238082,-0.0005286481332923461,,-0.0032673391571540825,,,,,0.0012447006312967933,,,-0.0014002882102088926,-0.0003894841379388973,-0.00038884036250428754,-0.0006818794762756347,,,-0.00015512316054452595
629,2026-08-31,HAG,DE000HAG0005,34011501W,-0.0003294795788726806,,-0.0004506674699522873,,-0.0004119937290982381,,,,0.0005794296042243693,,,,-0.0008168347892885206,,,,,,,-0.00035482416186288687,,0.0017425808838155109,,,,-0.0005181683244825858,,0.0014002882102088926,,-0.0004098404517684564,-0.00037760580949453286,,0.0017687851076322854,,0.0020635826255709995,0.0012785240180168149,,0.0012064021503338151,,-0.0009968153360809067,,-0.0006323882239653064,-0.0007216209181444601,-0.0008084138120793607,,-0.0003894841379388973,,,-0.000505910579172245,0.0011588592084487387,7.226158803295134e-05
630,2026-08-31,HAL,US4062161017,00543901,-0.0003294795788726806,,-0.0004506674699522873,-0.001408673169551461,-0.0004119937290982381,-0.0006290064687569357,-0.002800576420417785,-0.0006047517206043547,0.0005794296042243693,,,-0.0016684285057808083,,,0.0007194141263458531,,0.0010596775644824052,,-0.00045590778937033713,,,-0.0005970772063834871,,,,,,-0.00035970706317292654,,,,,,,,,,,0.002834318305001132,,,-0.0006323882239653064,,,,-0.0003894841379388973,,,,,-0.00020201164555387472
631,2026-08-31,HARL,IL0005850180,22488802W,,,-0.0004506674699522873,,,,,,0.0005794296042243693,,0.002450504367865562,,,,,-0.0007351513103596687,0.0010596775644824052,,0.0013366387461084884,,-0.0009013349399045746,,,,,,,,,0.0012064021503338151,0.001109662355259877,0.0009926093641987087,,-0.0006207082303828337,-0.0005286481332923461,0.0012785240180168149,,0.0012064021503338151,,,,,,,,-0.0003894841379388973,,,-0.000505910579172245,,0.00020649999209990883
632,2026-08-31,HBAN,US4461501045,00578601,-0.0003294795788726806,-0.00035970706317292654,-0.0004506674699522873,-0.001408673169551461,-0.0004119937290982381,0.0012316671168329527,,-0.0006047517206043547,0.0005794296042243693,,-0.002450504367865562,-0.0016684285057808083,,,,-0.0007351513103596687,0.0010596775644824052,,-0.00045590778937033713,,,,,,,,,,,,-0.00037760580949453286,-0.0005037439385762183,-0.0006032010751669076,,-0.0005286481332923461,,,,,,,0.0012447006312967933,,0.001589516346723608,,,,,0.001488914046298063,,-0.00011088574537417606
633,2026-08-31,HCA,US40412C1018,02226004,-0.0003294795788726806,-0.00035970706317292654,,,,0.0012316671168329527,,,-0.0017171417468255033,,,,,,-0.0021193551289648105,,,0.0013677233681110115,-0.00045590778937033713,0.0013920024811544022,0.001755585218769358,-0.0005970772063834871,,,,,,-0.00035970706317292654,0.0036192064510014456,0.0012064021503338151,0.001109662355259877,0.0009926093641987087,,0.002425241436238082,,-0.00043483996176542323,0.003222581086508136,,-0.0014611703063049314,,,0.0012447006312967933,0.001417159152500566,0.001589516346723608,0.0013920024811544022,0.0011364657937927244,0.0011364657937927244,,0.001488914046298063,,0.0006125569045749396
634,2026-08-31,HD,US4370761029,00568001,-0.0003294795788726806,-0.00035970706317292654,-0.0004506674699522873,-0.001408673169551461,-0.0004119937290982381,,-0.002800576420417785,-0.0006047517206043547,,,-0.002450504367865562,,-0.0008168347892885206,0.0015683227954339598,,-0.0007351513103596687,,,-0.00045590778937033713,-0.00035482416186288687,,-0.0005970772063834871,,,-0.0007763974234821583,-0.0005181683244825858,-0.001755585218769358,-0.00035970706317292654,-0.003675756551798343,-0.0004098404517684564,-0.00037760580949453286,-0.0005037439385762183,-0.0006032010751669076,-0.0006207082303828337,,-0.00043483996176542323,,,,0.0009884387366180419,,,,,,-0.0003894841379388973,-0.00038884036250428754,-0.0006818794762756347,,0.0011588592084487387,-0.0004967146512776991
635,2026-08-31,HEI,DE0006047004,10037301W,-0.0003294795788726806,-0.00035970706317292654,,,-0.0004119937290982381,,,-0.0006047517206043547,,,,,-0.0008168347892885206,,,0.002219324710519754,,,-0.00045590778937033713,-0.00035482416186288687,,-0.0005970772063834871,,,,-0.0005181683244825858,,-0.00035970706317292654,,-0.0004098404517684564,-0.00037760580949453286,-0.0005037439385762183,,,,-0.00043483996176542323,,,,,,0.0012447006312967933,0.001417159152500566,,,,,,,,-1.1430572090288478e-05
636,2026-08-31,HEI,US4228061093,00556701,,0.0010644724855886605,,,,-0.0006290064687569357,-0.002800576420417785,,0.0005794296042243693,,,,0.0014611703063049314,,0.0007194141263458531,,,-0.0013757217503806663,,-0.00035482416186288687,,,,,0.0015275871384097012,0.0020280036147852926,,-0.00035970706317292654,,,,,-0.0006032010751669076,,-0.0005286481332923461,-0.00043483996176542323,,,-0.0014611703063049314,,-0.0013290871147745421,-0.0006323882239653064,-0.0007216209181444601,-0.0008084138120793607,-0.0014002882102088926,-0.0003894841379388973,-0.00038884036250428754,-0.0006818794762756347,-0.000505910579172245,,-0.00021666677689048946
637,2026-08-31,HEIA,NL0000009165,10483302W,,-0.00035970706317292654,,,,,,,,,,,,,-0.0021193551289648105,,-0.0031366455908679197,,0.0013366387461084884,-0.00035482416186288687,,,,,,,,-0.00035970706317292654,,0.0012064021503338151,0.001109662355259877,-0.0005037439385762183,,,,-0.00043483996176542323,,-0.0012189037270212122,,0.0009884387366180419,,,,-0.0008084138120793607,,,,,,,-0.00012949819461715673
638,2026-08-31,HEIA,US4228062083,00556702,,,,,,,,,0.0005794296042243693,,,,0.0014611703063049314,,0.0007194141263458531,,,-0.0013757217503806663,,-0.00035482416186288687,,,,,0.0015275871384097012,0.0020280036147852926,,-0.00035970706317292654,,,,,-0.0006032010751669076,,-0.0005286481332923461,-0.00043483996176542323,,,,,-0.0013290871147745421,,-0.0007216209181444601,-0.0008084138120793607,-0.0014002882102088926,-0.0003894841379388973,-0.00038884036250428754,-0.0006818794762756347,-0.000505910579172245,,-0.00014565959736695088
639,2026-08-31,HEIO,NL0000008977,20649301W,,,,,,,,,,,,,,,-0.0021193551289648105,,,,,-0.00035482416186288687,,,,,,,,-0.00035970706317292654,,0.0012064021503338151,0.001109662355259877,-0.0005037439385762183,,,,-0.00043483996176542323,,-0.0012189037270212122,,0.0009884387366180419,0.0013142369794139329,,,,,0.0011364657937927244,0.0011364657937927244,,,0.0011588592084487387,2.6835939852451988e-05
640,2026-08-31,HELN,CH0466642201,01634902W,-0.0003294795788726806,-0.00035970706317292654,-0.0004506674699522873,,-0.0004119937290982381,-0.0006290064687569357,,-0.0006047517206043547,0.0005794296042243693,,,0.0016566790092612251,,,,-0.0007351513103596687,0.0010596775644824052,,0.0013366387461084884,,0.001755585218769358,,,,,,,,,-0.0004098404517684564,-0.00037760580949453286,-0.0005037439385762183,-0.0006032010751669076,-0.0006207082303828337,-0.0005286481332923461,0.0012785240180168149,,,,,,,-0.0007216209181444601,-0.0008084138120793607,,-0.0003894841379388973,-0.00038884036250428754,,-0.000505910579172245,,0.0001478374678445309
641,2026-08-31,HEN,DE0006048408,10194202W,0.0009721009062607189,,,,,,,,,,,-0.0016684285057808083,,-0.0015683227954339598,0.0007194141263458531,,0.0010596775644824052,,,-0.00035482416186288687,-0.0009013349399045746,,,,,,,-0.00035970706317292654,,-0.0004098404517684564,-0.00037760580949453286,-0.0005037439385762183,,,,-0.00043483996176542323,0.003222581086508136,-0.0012189037270212122,,,,,0.001417159152500566,0.001589516346723608,,,-0.00038884036250428754,,,-0.00117624209657547,-0.00010306806299810006
642,2026-08-31,HEN3,DE0006048432,10194201W,,,,,,-0.0006290064687569357,,,,,,-0.0016684285057808083,,-0.0015683227954339598,0.0007194141263458531,,0.0010596775644824052,,,-0.00035482416186288687,-0.0009013349399045746,,,,,,,-0.00035970706317292654,,-0.0004098404517684564,-0.00037760580949453286,-0.0005037439385762183,,,,-0.00043483996176542323,0.003222581086508136,-0.0012189037270212122,,,,,0.001417159152500566,0.001589516346723608,,,-0.00038884036250428754,,,-0.00117624209657547,-0.0001199445194745941
643,2026-08-31,HEXA B,SE0015961909,10306502W,-0.0003294795788726806,-0.00035970706317292654,-0.0004506674699522873,,-0.0004119937290982381,-0.0006290064687569357,,-0.0006047517206043547,,,,-0.0016684285057808083,-0.0008168347892885206,-0.0015683227954339598,,,,-0.0013757217503806663,0.0013366387461084884,-0.00035482416186288687,,,,,0.0015275871384097012,-0.0005181683244825858,,-0.00035970706317292654,,0.0012064021503338151,0.001109662355259877,-0.0005037439385762183,,,,-0.00043483996176542323,,-0.0012189037270212122,,,,-0.0006323882239653064,,,,,,,,,-0.00021209686926793777
644,2026-08-31,HIG,US4165151048,06173901,-0.0003294795788726806,-0.00035970706317292654,,-0.001408673169551461,-0.0004119937290982381,-0.0006290064687569357,-0.002800576420417785,-0.0006047517206043547,,,,,,,,-0.0007351513103596687,,,,,-0.0009013349399045746,,,,,,,,,0.0012064021503338151,0.001109662355259877,,-0.0006032010751669076,0.002425241436238082,-0.0005286481332923461,-0.00043483996176542323,,,,,,-0.0006323882239653064,0.001417159152500566,0.001589516346723608,0.0013920024811544022,0.0011364657937927244,0.0011364657937927244,,,,-1.6389406769443353e-05
645,2026-08-31,HLMA,GB0004052071,10017401W,-0.0003294795788726806,-0.00035970706317292654,-0.0004506674699522873,,-0.0004119937290982381,-0.0006290064687569357,,-0.0006047517206043547,,,0.002450504367865562,,,,,,,,-0.00045590778937033713,-0.00035482416186288687,,,,,,-0.0005181683244825858,,-0.00035970706317292654,,-0.0004098404517684564,-0.00037760580949453286,,,,,-0.00043483996176542323,,-0.0012189037270212122,,-0.0009968153360809067,,-0.0006323882239653064,,,,,,,,,-3.465578929567185e-05
646,2026-08-31,HLN,GB00BMX86B70,35344401W,,-0.00035970706317292654,,,,-0.0006290064687569357,,,0.0005794296042243693,,,,,,0.0007194141263458531,,,-0.0013757217503806663,,-0.00035482416186288687,,-0.0005970772063834871,,,,,,-0.00035970706317292654,,,,-0.0005037439385762183,,-0.0006207082303828337,,,,,,,,,,,,,0.0011364657937927244,,,,-5.183637458470221e-05
647,2026-08-31,HLT,US43300A2033,00564304,-0.0003294795788726806,-0.00035970706317292654,-0.0004506674699522873,,-0.0004119937290982381,,,-0.0006047517206043547,,,,,,-0.0015683227954339598,,-0.0007351513103596687,,,-0.00045590778937033713,-0.00035482416186288687,-0.0009013349399045746,0.0017425808838155109,0.006190747876712999,0.005227742651446533,,-0.0005181683244825858,-0.001755585218769358,-0.00035970706317292654,0.0036192064510014456,-0.0004098404517684564,-0.00037760580949453286,,-0.0006032010751669076,-0.0006207082303828337,,-0.00043483996176542323,,,,,,,,,,-0.0003894841379388973,-0.00038884036250428754,,,,-0.00016042061495488347
648,2026-08-31,HM B,SE0000106270,10227601W,-0.0003294795788726806,-0.00035970706317292654,,,-0.0004119937290982381,,,-0.0006047517206043547,,,-0.002450504367865562,,0.0014611703063049314,0.0015683227954339598,,-0.0007351513103596687,,0.0013677233681110115,0.0013366387461084884,0.0013920024811544022,,0.0017425808838155109,,,,-0.0005181683244825858,,0.0014002882102088926,,-0.0004098404517684564,0.001109662355259877,-0.0005037439385762183,-0.0006032010751669076,-0.0006207082303828337,,,,0.0012064021503338151,,,,,,,,0.0011364657937927244,0.0011364657937927244,0.0013366387461084884,,0.0011588592084487387,0.00012988661807869427
649,2026-08-31,HNR1,DE0008402215,20482501W,-0.0003294795788726806,-0.00035970706317292654,-0.0004506674699522873,,-0.0004119937290982381,-0.0006290064687569357,,-0.0006047517206043547,,,,0.0016566790092612251,,,,-0.0007351513103596687,,,,,,,,,,,,,,,0.001109662355259877,-0.0005037439385762183,,0.002425241436238082,-0.0005286481332923461,-0.00043483996176542323,,,,,,,0.001417159152500566,0.001589516346723608,0.0013920024811544022,0.0011364657937927244,0.0011364657937927244,,,,0.00019943252635519815
650,2026-08-31,HO,FR0000121329,01355601W,-0.0003294795788726806,-0.00035970706317292654,,,-0.0004119937290982381,,,,0.0005794296042243693,0.0017171417468255033,,,,,0.0007194141263458531,,,0.0013677233681110115,,-0.00035482416186288687,,0.0017425808838155109,,,,-0.0005181683244825858,,0.0014002882102088926,,,,,-0.0006032010751669076,,-0.0005286481332923461,0.0012785240180168149,,0.0012064021503338151,,,0.0013142369794139329,,-0.0007216209181444601,-0.0008084138120793607,,0.0011364657937927244,0.0011364657937927244,0.0013366387461084884,-0.000505910579172245,0.0011588592084487387,0.00024016080792321014
651,2026-08-31,HOLN,CH0012214059,10130401W,,-0.00035970706317292654,0.0013290871147745421,,-0.0004119937290982381,,,0.001782184994811318,,,,,-0.0008168347892885206,,,-0.0007351513103596687,,,-0.00045590778937033713,-0.00035482416186288687,-0.0009013349399045746,-0.0005970772063834871,,,-0.0007763974234821583,-0.0005181683244825858,,-0.00035970706317292654,,-0.0004098404517684564,-0.00037760580949453286,-0.0005037439385762183,,,,-0.00043483996176542323,,-0.0012189037270212122,,,,-0.0006323882239653064,-0.0007216209181444601,,,-0.0003894841379388973,-0.00038884036250428754,,,,-0.00020912559456622793
652,2026-08-31,HOOD,US7707001027,03929301,0.0009721009062607189,0.0010644724855886605,-0.0004506674699522873,0.002735446736222023,0.0012189037270212122,-0.0006290064687569357,,,0.0005794296042243693,,,-0.0016684285057808083,-0.0008168347892885206,,,-0.0007351513103596687,-0.0031366455908679197,,-0.00045590778937033713,,-0.0009013349399045746,,,,,,-0.001755585218769358,,,-0.0004098404517684564,-0.00037760580949453286,,,-0.0006207082303828337,,-0.00043483996176542323,,-0.0012189037270212122,,,,-0.0006323882239653064,-0.0007216209181444601,-0.0008084138120793607,-0.0014002882102088926,-0.0003894841379388973,-0.00038884036250428754,,-0.000505910579172245,,-0.00031513943614917557
653,2026-08-31,HOT,DE0006070006,10005401W,0.0009721009062607189,0.0010644724855886605,,,,,,,0.0005794296042243693,,,,0.0014611703063049314,0.0015683227954339598,0.0007194141263458531,,,0.0013677233681110115,,-0.00035482416186288687,,0.0017425808838155109,,,-0.0007763974234821583,-0.0005181683244825858,,-0.00035970706317292654,,-0.0004098404517684564,-0.00037760580949453286,0.0009926093641987087,,,-0.0005286481332923461,,,,,,0.0013142369794139329,,-0.0007216209181444601,-0.0008084138120793607,0.0013920024811544022,,0.0011364657937927244,0.0013366387461084884,-0.000505910579172245,0.0011588592084487387,0.00014427216246490593
654,2026-08-31,HPE,US42824C1099,02615601,0.0009721009062607189,0.0010644724855886605,0.0013290871147745421,0.002735446736222023,0.0012189037270212122,0.0012316671168329527,0.0026732774922169768,0.001782184994811318,,,,,0.0014611703063049314,,,,,,-0.00045590778937033713,-0.00035482416186288687,,,,,-0.0007763974234821583,-0.0005181683244825858,,-0.00035970706317292654,,0.0012064021503338151,-0.00037760580949453286,0.0009926093641987087,,,,0.0012785240180168149,,0.0012064021503338151,,0.0009884387366180419,,,,,,,,,,0.0011588592084487387,0.0002871665102748365
655,2026-08-31,HPQ,US40434L1052,00560601,-0.0003294795788726806,-0.00035970706317292654,0.0013290871147745421,0.002735446736222023,0.0012189037270212122,-0.0006290064687569357,,0.001782184994811318,,,,,-0.0008168347892885206,-0.0015683227954339598,,,,0.0013677233681110115,-0.00045590778937033713,0.0013920024811544022,,,,,-0.0007763974234821583,-0.0005181683244825858,,-0.00035970706317292654,,-0.0004098404517684564,-0.00037760580949453286,0.0009926093641987087,,,,0.0012785240180168149,,0.0012064021503338151,-0.0014611703063049314,0.0009884387366180419,,0.0012447006312967933,,,,,,,,,0.0002496178567999348
656,2026-08-31,HSBA,GB0005405286,01550902W,,-0.00035970706317292654,-0.0004506674699522873,,-0.0004119937290982381,,,-0.0006047517206043547,0.0005794296042243693,,,0.0016566790092612251,,,,0.002219324710519754,0.0010596775644824052,,-0.00045590778937033713,,,,,,,,,,,,-0.00037760580949453286,,-0.0006032010751669076,,-0.0005286481332923461,,,,,0.0009884387366180419,,,,,,,,,-0.000505910579172245,,8.562638552399932e-05
657,2026-08-31,HSY,US4278661081,00559701,-0.0003294795788726806,,,,,0.0012316671168329527,0.0026732774922169768,,,,,,0.0014611703063049314,,0.0007194141263458531,,-0.0031366455908679197,,-0.00045590778937033713,-0.00035482416186288687,0.001755585218769358,,,0.005227742651446533,-0.0007763974234821583,,,-0.00035970706317292654,,-0.0004098404517684564,-0.00037760580949453286,,,,,-0.00043483996176542323,-0.0032673391571540825,,-0.0014611703063049314,,-0.0013290871147745421,0.0012447006312967933,-0.0007216209181444601,-0.0008084138120793607,-0.0014002882102088926,-0.0003894841379388973,-0.00038884036250428754,,-0.000505910579172245,,-0.0001181445076090981
658,2026-08-31,HUBB,US4435106079,00576401,,,-0.0004506674699522873,,,-0.0006290064687569357,,,0.0005794296042243693,-0.0017425808838155109,,,-0.0008168347892885206,,0.0007194141263458531,,,,,-0.00035482416186288687,,-0.0005970772063834871,,,,-0.0005181683244825858,,-0.00035970706317292654,-0.003675756551798343,-0.0004098404517684564,-0.00037760580949453286,,-0.0006032010751669076,,-0.0005286481332923461,-0.00043483996176542323,,,-0.0014611703063049314,,,-0.0006323882239653064,,,,-0.0003894841379388973,-0.00038884036250428754,,-0.000505910579172245,,-0.00018953955434877626
659,2026-08-31,HUM,US4448591028,02791401,0.0009721009062607189,,,,,,,,0.0005794296042243693,,,,,,0.0007194141263458531,,,0.0013677233681110115,-0.00045590778937033713,-0.00035482416186288687,-0.0009013349399045746,-0.0005970772063834871,,,-0.0007763974234821583,,,-0.00035970706317292654,0.0036192064510014456,-0.0004098404517684564,-0.00037760580949453286,0.0009926093641987087,,-0.0006207082303828337,,-0.00043483996176542323,-0.0032673391571540825,-0.0012189037270212122,0.002834318305001132,,0.0013142369794139329,,-0.0007216209181444601,,0.0013920024811544022,,-0.00038884036250428754,,0.001488914046298063,0.0011588592084487387,-1.6274413090963068e-05
660,2026-08-31,HWM,US4432011082,02819201,,0.0010644724855886605,-0.0004506674699522873,,,,,,,,,,0.0014611703063049314,,,,,,,-0.00035482416186288687,,0.0017425808838155109,,,0.0015275871384097012,0.0020280036147852926,0.0034595355781631464,0.0014002882102088926,,-0.0004098404517684564,,-0.0005037439385762183,0.0017687851076322854,,0.0020635826255709995,,,,,,-0.0013290871147745421,-0.0006323882239653064,-0.0007216209181444601,-0.0008084138120793607,-0.0014002882102088926,-0.0003894841379388973,-0.00038884036250428754,-0.0006818794762756347,-0.000505910579172245,,-2.7857902086673715e-05
661,2026-08-31,IAG,AU000000IAG3,23911601W,-0.0003294795788726806,,0.0013290871147745421,,-0.0004119937290982381,-0.0006290064687569357,,-0.0006047517206043547,,,-0.002450504367865562,0.0016566790092612251,,,,-0.0007351513103596687,-0.0031366455908679197,,-0.00045590778937033713,,-0.0009013349399045746,,,,,,,,,-0.0004098404517684564,-0.00037760580949453286,0.0009926093641987087,,-0.0006207082303828337,-0.0005286481332923461,-0.00043483996176542323,,,,-0.0009968153360809067,-0.0013290871147745421,-0.0006323882239653064,,-0.0008084138120793607,0.0013920024811544022,-0.0003894841379388973,-0.00038884036250428754,,-0.000505910579172245,,-0.0002686322956421558
662,2026-08-31,IAG,CA45075E1043,12947201C,-0.0003294795788726806,-0.00035970706317292654,-0.0004506674699522873,,-0.0004119937290982381,,,-0.0006047517206043547,,0.0017171417468255033,,,,,,-0.0007351513103596687,0.0010596775644824052,,-0.00045590778937033713,,,,,,,,,,,-0.0004098404517684564,-0.00037760580949453286,-0.0005037439385762183,,-0.0006207082303828337,-0.0005286481332923461,,,,,,,,-0.0007216209181444601,-0.0008084138120793607,,,,,-0.000505910579172245,,-5.09807282757864e-05
663,2026-08-31,IAG,ES0177542018,01314501W,-0.0003294795788726806,-0.00035970706317292654,0.0013290871147745421,,-0.0004119937290982381,0.0012316671168329527,,,-0.0017171417468255033,,,,-0.0008168347892885206,,-0.0021193551289648105,,,,,0.0013920024811544022,,,,,-0.0007763974234821583,-0.0005181683244825858,,-0.00035970706317292654,,-0.0004098404517684564,-0.00037760580949453286,0.0009926093641987087,0.0017687851076322854,,0.0020635826255709995,-0.00043483996176542323,,0.0012064021503338151,,,0.0013142369794139329,0.0012447006312967933,0.001417159152500566,0.001589516346723608,0.0013920024811544022,0.0011364657937927244,0.0011364657937927244,-0.0006818794762756347,0.001488914046298063,,0.00033173175729982293
664,2026-08-31,IBE,ES0144580Y14,10095701W,-0.0003294795788726806,,,,,-0.0006290064687569357,,,0.0005794296042243693,,,,,,0.0007194141263458531,,,,0.0013366387461084884,-0.00035482416186288687,,,,,,,,,,,,-0.0005037439385762183,-0.0006032010751669076,-0.0006207082303828337,-0.0005286481332923461,,,,,0.0009884387366180419,,-0.0006323882239653064,-0.0007216209181444601,-0.0008084138120793607,,-0.0003894841379388973,0.0011364657937927244,0.0013366387461084884,-0.000505910579172245,,-1.0085837663794624e-06
665,2026-08-31,IBKR,US45841N1072,17670101,0.0009721009062607189,0.0010644724855886605,-0.0004506674699522873,,,,,,0.0005794296042243693,0.0017171417468255033,,-0.0016684285057808083,0.0014611703063049314,,,-0.0007351513103596687,-0.0031366455908679197,,-0.00045590778937033713,,0.001755585218769358,,,,,,0.0034595355781631464,,,-0.0004098404517684564,-0.00037760580949453286,,0.0017687851076322854,-0.0006207082303828337,0.0020635826255709995,0.0012785240180168149,,0.0012064021503338151,,,,-0.0006323882239653064,-0.0007216209181444601,-0.0008084138120793607,,-0.0003894841379388973,0.0011364657937927244,,-0.000505910579172245,0.0011588592084487387,0.00012185409241667124
666,2026-08-31,IBM,US4592001014,00606601,-0.0003294795788726806,-0.00035970706317292654,-0.0004506674699522873,-0.001408673169551461,-0.0004119937290982381,-0.0006290064687569357,-0.002800576420417785,-0.0006047517206043547,,,,,-0.0008168347892885206,0.0015683227954339598,,,,,0.0013366387461084884,-0.00035482416186288687,,,,,,-0.0005181683244825858,-0.001755585218769358,-0.00035970706317292654,,0.0012064021503338151,0.001109662355259877,,,,,-0.00043483996176542323,,,-0.0014611703063049314,0.0009884387366180419,,,,,,,,,,0.0011588592084487387,-7.999175229525344e-05
667,2026-08-31,ICE,US45866F1049,16361001,-0.0003294795788726806,-0.00035970706317292654,-0.0004506674699522873,-0.001408673169551461,-0.0004119937290982381,,,,-0.0017171417468255033,,0.002450504367865562,,,,,-0.0007351513103596687,,,0.0013366387461084884,,,,,,,,,,,,,-0.0005037439385762183,-0.0006032010751669076,-0.0006207082303828337,-0.0005286481332923461,-0.00043483996176542323,,,0.002834318305001132,,,-0.0006323882239653064,-0.0007216209181444601,-0.0008084138120793607,-0.0014002882102088926,-0.0003894841379388973,-0.00038884036250428754,,-0.000505910579172245,,-5.362117348324326e-05
668,2026-08-31,ICL,IL0002810146,22021102W,,,,,,,,,,,,-0.0016684285057808083,-0.0008168347892885206,,,-0.0007351513103596687,,,-0.00045590778937033713,-0.00035482416186288687,-0.0009013349399045746,-0.0005970772063834871,,,-0.0007763974234821583,-0.0005181683244825858,,-0.00035970706317292654,,-0.0004098404517684564,-0.00037760580949453286,0.0009926093641987087,,,,-0.00043483996176542323,,-0.0012189037270212122,,,,,,,,0.0011364657937927244,-0.00038884036250428754,-0.0006818794762756347,,,-0.0002943407381455434
669,2026-08-31,IDR,ES0118594417,21686101W,,,0.0013290871147745421,,0.0012189037270212122,,,,,,0.002450504367865562,-0.0016684285057808083,0.0014611703063049314,0.0015683227954339598,,,,0.0013677233681110115,-0.00045590778937033713,-0.00035482416186288687,,,,,,,,-0.00035970706317292654,,0.0012064021503338151,0.001109662355259877,0.0009926093641987087,,,,-0.00043483996176542323,,,,,,0.0012447006312967933,,,,,,,,0.0011588592084487387,0.00016529819304383613
670,2026-08-31,IDXX,US45168D1046,02419701,-0.0003294795788726806,,,,,-0.0006290064687569357,-0.002800576420417785,,-0.0017171417468255033,,,,,,0.0007194141263458531,,,0.0013677233681110115,,0.0013920024811544022,,-0.0005970772063834871,,,0.0015275871384097012,,,-0.00035970706317292654,0.0036192064510014456,-0.0004098404517684564,-0.00037760580949453286,-0.0005037439385762183,,-0.0006207082303828337,,,,,-0.0014611703063049314,-0.0009968153360809067,-0.0013290871147745421,-0.0006323882239653064,-0.0007216209181444601,-0.0008084138120793607,-0.0014002882102088926,-0.0003894841379388973,-0.00038884036250428754,-0.0006818794762756347,-0.000505910579172245,,-0.00017952198561933707
671,2026-08-31,IEX,US45167R1041,01526701,-0.0003294795788726806,,,,,,,,0.0005794296042243693,,,,,-0.0015683227954339598,0.0007194141263458531,,,-0.0013757217503806663,,-0.00035482416186288687,,-0.0005970772063834871,,,,-0.0005181683244825858,-0.001755585218769358,-0.00035970706317292654,,-0.0004098404517684564,-0.00037760580949453286,,-0.0006032010751669076,,-0.0005286481332923461,-0.00043483996176542323,,,0.002834318305001132,-0.0009968153360809067,-0.0013290871147745421,-0.0006323882239653064,-0.0007216209181444601,-0.0008084138120793607,,-0.0003894841379388973,-0.00038884036250428754,,-0.000505910579172245,-0.00117624209657547,-0.0001654803512337118
672,2026-08-31,IFC,CA45823T1066,16249101C,-0.0003294795788726806,-0.00035970706317292654,0.0013290871147745421,,-0.0004119937290982381,,,,-0.0017171417468255033,,,,,,,-0.0007351513103596687,-0.0031366455908679197,,,,,,,,,,,,,0.0012064021503338151,0.001109662355259877,-0.0005037439385762183,-0.0006032010751669076,-0.0006207082303828337,-0.0005286481332923461,-0.00043483996176542323,,,,,,,,,,,,,-0.000505910579172245,-0.00117624209657547,-0.00015288129901961547
673,2026-08-31,IFF,US4595061015,00607801,-0.0003294795788726806,,,,,-0.0006290064687569357,,0.001782184994811318,,,,,-0.0008168347892885206,,,-0.0007351513103596687,,,0.0013366387461084884,-0.00035482416186288687,0.001755585218769358,-0.0005970772063834871,,,0.0015275871384097012,-0.0005181683244825858,-0.001755585218769358,-0.00035970706317292654,,0.0012064021503338151,0.001109662355259877,-0.0005037439385762183,,,,-0.00043483996176542323,,,-0.0014611703063049314,,,,,,,-0.0003894841379388973,-0.00038884036250428754,-0.0006818794762756347,,,0.00013954259226887442
674,2026-08-31,IFT,NZIFTE0003S3,20982801W,,-0.00035970706317292654,0.0013290871147745421,,-0.0004119937290982381,,,,-0.0017171417468255033,-0.0017425808838155109,,,,,,-0.0007351513103596687,-0.0031366455908679197,,0.0013366387461084884,,,,,,,,,,,0.0012064021503338151,0.001109662355259877,-0.0005037439385762183,-0.0006032010751669076,-0.0006207082303828337,-0.0005286481332923461,-0.00043483996176542323,,,,-0.0009968153360809067,,,-0.0007216209181444601,-0.0008084138120793607,,-0.0003894841379388973,-0.00038884036250428754,,-0.000505910579172245,-0.00117624209657547,-0.00020246090493472883
675,2026-08-31,IFX,DE0006231004,13274001W,0.0009721009062607189,-0.00035970706317292654,-0.0004506674699522873,,-0.0004119937290982381,,,-0.0006047517206043547,,,-0.002450504367865562,,-0.0008168347892885206,,,,,,-0.00045590778937033713,-0.00035482416186288687,,,,,-0.0007763974234821583,,,-0.00035970706317292654,,-0.0004098404517684564,-0.00037760580949453286,-0.0005037439385762183,,,,0.0012785240180168149,,,,,,,,,,,,,,,-0.0002041004630827072
676,2026-08-31,IG,IT0005211237,32281101W,0.0009721009062607189,,,,0.0012189037270212122,0.0012316671168329527,,,0.0005794296042243693,-0.0017425808838155109,,-0.0016684285057808083,,,0.0007194141263458531,,,,,-0.00035482416186288687,,0.0017425808838155109,,,,,,,,,,0.0009926093641987087,-0.0006032010751669076,-0.0006207082303828337,0.0020635826255709995,,,,,,,0.0012447006312967933,0.001417159152500566,0.001589516346723608,,0.0011364657937927244,0.0011364657937927244,0.0013366387461084884,0.001488914046298063,0.0011588592084487387,0.00018900834149599595
677,2026-08-31,IGM,CA4495861060,01433301C,0.0009721009062607189,0.0010644724855886605,,,0.0012189037270212122,,,0.001782184994811318,,-0.0017425808838155109,,,-0.0008168347892885206,,,-0.0007351513103596687,0.0010596775644824052,,,,,,,,,,,,,-0.0004098404517684564,-0.00037760580949453286,,-0.0006032010751669076,-0.0006207082303828337,-0.0005286481332923461,-0.00043483996176542323,,,,-0.0009968153360809067,,,,,,-0.0003894841379388973,-0.00038884036250428754,,-0.000505910579172245,-0.00117624209657547,-6.196423468267034e-05
678,2026-08-31,IHG,GB00BHJYC057,02006701W,-0.0003294795788726806,-0.00035970706317292654,-0.0004506674699522873,,-0.0004119937290982381,,,-0.0006047517206043547,,,,,,-0.0015683227954339598,,0.002219324710519754,,0.0013677233681110115,0.0013366387461084884,0.0013920024811544022,,0.0017425808838155109,,,0.0015275871384097012,-0.0005181683244825858,,0.0014002882102088926,,,,,-0.0006032010751669076,-0.0006207082303828337,,,,,,-0.0009968153360809067,,,,,,-0.0003894841379388973,-0.00038884036250428754,,,,0.00012047866303307234
679,2026-08-31,III,GB00B1YW4409,21083501W,,-0.00035970706317292654,-0.0004506674699522873,,-0.0004119937290982381,0.0012316671168329527,,-0.0006047517206043547,0.0005794296042243693,,,0.0016566790092612251,,,,0.002219324710519754,-0.0031366455908679197,,-0.00045590778937033713,,-0.0009013349399045746,,,,,,,,,-0.0004098404517684564,-0.00037760580949453286,-0.0005037439385762183,,-0.0006207082303828337,-0.0005286481332923461,-0.00043483996176542323,,,,-0.0009968153360809067,-0.0013290871147745421,0.0012447006312967933,0.001417159152500566,0.001589516346723608,,-0.0003894841379388973,-0.00038884036250428754,,0.001488914046298063,-0.00117624209657547,8.887814205721792e-06
680,2026-08-31,ILMN,US4523271090,13820501,,0.0010644724855886605,,,,-0.0006290064687569357,-0.002800576420417785,,,,,,,,0.0007194141263458531,,,,0.0013366387461084884,0.0013920024811544022,0.001755585218769358,0.0017425808838155109,,,0.0015275871384097012,,,-0.00035970706317292654,,0.0012064021503338151,0.001109662355259877,-0.0005037439385762183,,0.002425241436238082,,-0.00043483996176542323,,,-0.0014611703063049314,-0.0009968153360809067,,-0.0006323882239653064,-0.0007216209181444601,-0.0008084138120793607,-0.0014002882102088926,-0.0003894841379388973,-0.00038884036250428754,,-0.000505910579172245,,0.0001215970792138699
681,2026-08-31,IMB,GB0004544929,21277301W,0.0009721009062607189,-0.00035970706317292654,,,,0.0012316671168329527,,,,,,,,,0.0007194141263458531,,,,-0.00045590778937033713,-0.00035482416186288687,,,,,-0.0007763974234821583,,,-0.00035970706317292654,,-0.0004098404517684564,-0.00037760580949453286,,,,,,0.003222581086508136,,,,0.0013142369794139329,0.0012447006312967933,0.001417159152500566,0.001589516346723608,,0.0011364657937927244,0.0011364657937927244,0.0013366387461084884,0.001488914046298063,0.0011588592084487387,0.00033461417287186976
682,2026-08-31,IMO,CA4530384086,00590303C,,,,,,,,-0.0006047517206043547,0.0005794296042243693,,,,-0.0008168347892885206,,0.0007194141263458531,,,,-0.00045590778937033713,,,-0.0005970772063834871,0.006190747876712999,,,,,-0.00035970706317292654,,,,,,,,,,,,,,-0.0006323882239653064,,,,-0.0003894841379388973,-0.00038884036250428754,,-0.000505910579172245,,-5.8349207873303796e-05
683,2026-08-31,INCY,US45337C1027,02912701,-0.0003294795788726806,-0.00035970706317292654,,,,-0.0006290064687569357,,,0.0005794296042243693,,,,,,0.0007194141263458531,,,,0.0013366387461084884,0.0013920024811544022,-0.0009013349399045746,0.0017425808838155109,,,0.0015275871384097012,,,0.0014002882102088926,-0.003675756551798343,0.0012064021503338151,0.001109662355259877,,,0.002425241436238082,,0.0012785240180168149,0.003222581086508136,0.0012064021503338151,-0.0014611703063049314,,,0.0012447006312967933,0.001417159152500566,0.001589516346723608,,0.0011364657937927244,0.0011364657937927244,0.0013366387461084884,-0.000505910579172245,-0.00117624209657547,0.00039583877555587644
684,2026-08-31,INDT,SE0001515552,27419601W,,,-0.0004506674699522873,,,-0.0006290064687569357,,,0.0005794296042243693,,,,-0.0008168347892885206,,0.0007194141263458531,,,,,-0.00035482416186288687,,-0.0005970772063834871,,,-0.0007763974234821583,0.0020280036147852926,,-0.00035970706317292654,,-0.0004098404517684564,-0.00037760580949453286,-0.0005037439385762183,-0.0006032010751669076,,-0.0005286481332923461,-0.00043483996176542323,,,,-0.0009968153360809067,,-0.0006323882239653064,-0.0007216209181444601,-0.0008084138120793607,,-0.0003894841379388973,,,-0.000505910579172245,,-0.0001050959563709138
685,2026-08-31,INDU A,SE0000190126,10303601W,,,,,,,,,,0.0017171417468255033,,0.0016566790092612251,,,,0.002219324710519754,-0.0031366455908679197,,-0.00045590778937033713,,-0.0009013349399045746,,,,,,,,,0.0012064021503338151,0.001109662355259877,0.0009926093641987087,-0.0006032010751669076,0.002425241436238082,-0.0005286481332923461,-0.00043483996176542323,,,,-0.0009968153360809067,-0.0013290871147745421,,0.001417159152500566,0.001589516346723608,,-0.0003894841379388973,-0.00038884036250428754,,0.001488914046298063,-0.00117624209657547,0.0001699883741144171
686,2026-08-31,INDU C,SE0000107203,10303603W,,,,,,,,,,0.0017171417468255033,,0.0016566790092612251,,,,0.002219324710519754,-0.0031366455908679197,,-0.00045590778937033713,,-0.0009013349399045746,,,,,,,,,0.0012064021503338151,0.001109662355259877,0.0009926093641987087,-0.0006032010751669076,0.002425241436238082,-0.0005286481332923461,-0.00043483996176542323,,,,-0.0009968153360809067,-0.0013290871147745421,,0.001417159152500566,0.001589516346723608,,-0.0003894841379388973,-0.00038884036250428754,,0.001488914046298063,-0.00117624209657547,0.0001699883741144171
687,2026-08-31,INF,GB00BMJ6DW54,22060101W,-0.0003294795788726806,,-0.0004506674699522873,,,-0.0006290064687569357,,-0.0006047517206043547,,,,,,,,,,,,,-0.0009013349399045746,,,,,-0.0005181683244825858,,,,,,,,,,,,,,,,,,,,-0.0003894841379388973,,,,,-0.00012696443145062292
688,2026-08-31,INGA,NL0011821202,01561704W,,0.0010644724855886605,0.0013290871147745421,,0.0012189037270212122,,,-0.0006047517206043547,0.0005794296042243693,-0.0017425808838155109,,0.0016566790092612251,,,,0.002219324710519754,0.0010596775644824052,,0.0013366387461084884,,,,,,,,,,,,0.001109662355259877,0.0009926093641987087,-0.0006032010751669076,,-0.0005286481332923461,,,,,0.0009884387366180419,0.0013142369794139329,0.0012447006312967933,0.001417159152500566,0.001589516346723608,,,,,0.001488914046298063,0.0011588592084487387,0.00035008619063397523
689,2026-08-31,INPST,LU2290522684,34636101W,,0.0010644724855886605,-0.0004506674699522873,,0.0012189037270212122,0.0012316671168329527,,,-0.0017171417468255033,,,,,0.0015683227954339598,-0.0021193551289648105,,,,,0.0013920024811544022,,-0.0005970772063834871,,,-0.0007763974234821583,,,-0.00035970706317292654,,-0.0004098404517684564,-0.00037760580949453286,0.0009926093641987087,,,,-0.00043483996176542323,,,,-0.0009968153360809067,,-0.0006323882239653064,-0.0007216209181444601,-0.0008084138120793607,,,,,-0.000505910579172245,0.0011588592084487387,-1.9143524715642978e-05
690,2026-08-31,INSM,US4576693075,13618601,-0.0003294795788726806,0.0010644724855886605,,,,,,,0.0005794296042243693,,,,,,0.0007194141263458531,,,,0.0013366387461084884,-0.00035482416186288687,-0.0009013349399045746,-0.0005970772063834871,,,,,,-0.00035970706317292654,0.0036192064510014456,-0.0004098404517684564,-0.00037760580949453286,,,-0.0006207082303828337,,-0.00043483996176542323,-0.0032673391571540825,,,-0.0009968153360809067,-0.0013290871147745421,,-0.0007216209181444601,-0.0008084138120793607,-0.0014002882102088926,-0.0003894841379388973,-0.00038884036250428754,-0.0006818794762756347,-0.000505910579172245,,-0.0002620187477440668
691,2026-08-31,INTC,US4581401001,00600801,0.0009721009062607189,0.0010644724855886605,0.0013290871147745421,0.002735446736222023,0.0012189037270212122,0.0012316671168329527,,0.001782184994811318,,,,,-0.0008168347892885206,-0.0015683227954339598,,,,-0.0013757217503806663,0.0013366387461084884,-0.00035482416186288687,,,,,,-0.0005181683244825858,,-0.00035970706317292654,,0.0012064021503338151,0.001109662355259877,-0.0005037439385762183,,,,0.0012785240180168149,,,0.002834318305001132,0.0009884387366180419,,-0.0006323882239653064,,,,,,,,,0.00018100570510995047
692,2026-08-31,INTU,US4612021034,02792801,-0.0003294795788726806,-0.00035970706317292654,-0.0004506674699522873,,,,,-0.0006047517206043547,,,,0.0016566790092612251,,,,,,,-0.00045590778937033713,-0.00035482416186288687,,,,,,-0.0005181683244825858,,-0.00035970706317292654,,,,,,,,0.0012785240180168149,,0.0012064021503338151,,,,0.0012447006312967933,,,,,,,,,0.00011737184107985692
693,2026-08-31,INVH,US46187W1071,03000401,,,,,,,,,,,,,,,,,0.0010596775644824052,,,,,,,,,,,-0.00035970706317292654,0.0036192064510014456,,,,-0.0006032010751669076,-0.0006207082303828337,-0.0005286481332923461,,,,,,,-0.0006323882239653064,,,,,0.0011364657937927244,0.0013366387461084884,,,0.00010442619566002259
694,2026-08-31,IOT,US79589L1061,04029201,-0.0003294795788726806,-0.00035970706317292654,,-0.001408673169551461,-0.0004119937290982381,-0.0006290064687569357,,0.001782184994811318,,,0.002450504367865562,,-0.0008168347892885206,,,,,,0.0013366387461084884,-0.00035482416186288687,,,,,0.0015275871384097012,-0.0005181683244825858,,-0.00035970706317292654,,,,,,,,-0.00043483996176542323,,,-0.0014611703063049314,-0.0009968153360809067,,-0.0006323882239653064,,,,,,,,,0.00014017760809308517
695,2026-08-31,IP,US4601461035,00610401,0.0009721009062607189,-0.00035970706317292654,,-0.001408673169551461,-0.0004119937290982381,0.0012316671168329527,,0.001782184994811318,,-0.0017425808838155109,,,0.0014611703063049314,,,-0.0007351513103596687,,,-0.00045590778937033713,-0.00035482416186288687,0.001755585218769358,-0.0005970772063834871,-0.00560115284083557,-0.00588121048287735,-0.0007763974234821583,-0.0005181683244825858,,-0.00035970706317292654,,-0.0004098404517684564,-0.00037760580949453286,0.0009926093641987087,,,,,,0.0012064021503338151,-0.0014611703063049314,,,-0.0006323882239653064,-0.0007216209181444601,,,-0.0003894841379388973,-0.00038884036250428754,-0.0006818794762756347,,,6.317470234598022e-06
696,2026-08-31,IPN,FR0010259150,27472201W,0.0009721009062607189,0.0010644724855886605,,,,,,,0.0005794296042243693,,,,,,0.0007194141263458531,,,,-0.00045590778937033713,-0.00035482416186288687,,-0.0005970772063834871,,,,,,0.0014002882102088926,,-0.0004098404517684564,-0.00037760580949453286,,,-0.0006207082303828337,,0.0012785240180168149,,0.0012064021503338151,,,,-0.0006323882239653064,,,,0.0011364657937927244,0.0011364657937927244,0.0013366387461084884,,,0.00014165392487567195
697,2026-08-31,IQV,US46266C1053,01792801,,,,,,,,,0.0005794296042243693,,,,,,0.0007194141263458531,,,,-0.00045590778937033713,-0.00035482416186288687,0.001755585218769358,-0.0005970772063834871,,,,,,-0.00035970706317292654,,,-0.00037760580949453286,0.0009926093641987087,,-0.0006207082303828337,,,,,-0.0014611703063049314,,,,,,,-0.0003894841379388973,0.0011364657937927244,,-0.000505910579172245,0.0011588592084487387,0.00010692068491453085
698,2026-08-31,IR,US45687V1061,03009802,-0.0003294795788726806,-0.00035970706317292654,-0.0004506674699522873,-0.001408673169551461,-0.0004119937290982381,,,,0.0005794296042243693,,,,-0.0008168347892885206,-0.0015683227954339598,0.0007194141263458531,,,-0.0013757217503806663,,-0.00035482416186288687,,-0.0005970772063834871,,,-0.0007763974234821583,-0.0005181683244825858,-0.001755585218769358,-0.00035970706317292654,,-0.0004098404517684564,-0.00037760580949453286,,-0.0006032010751669076,,-0.0005286481332923461,-0.00043483996176542323,,,-0.0014611703063049314,,-0.0013290871147745421,,-0.0007216209181444601,-0.0008084138120793607,,-0.0003894841379388973,,,-0.000505910579172245,-0.00117624209657547,-0.00019371658205506024
699,2026-08-31,IREN,AU0000185993,03996001,-0.0003294795788726806,-0.00035970706317292654,0.0013290871147745421,-0.001408673169551461,-0.0004119937290982381,,,,,,,0.0016566790092612251,,-0.0015683227954339598,,,,-0.0013757217503806663,0.0013366387461084884,-0.00035482416186288687,,,,,,-0.0005181683244825858,-0.001755585218769358,-0.00035970706317292654,-0.003675756551798343,0.0012064021503338151,0.001109662355259877,,,,,-0.00043483996176542323,,0.0012064021503338151,-0.0014611703063049314,,,,,,,,,,,,2.496914459068665e-05
700,2026-08-31,IRM,US46284V1017,06237401,,,,,,,,,,,,,,-0.0015683227954339598,,,0.0010596775644824052,0.0013677233681110115,,,,,,,,,,-0.00035970706317292654,0.0036192064510014456,,,0.0009926093641987087,0.0017687851076322854,-0.0006207082303828337,0.0020635826255709995,,0.003222581086508136,0.0012064021503338151,,,-0.0013290871147745421,-0.0006323882239653064,,,,-0.0003894841379388973,-0.00038884036250428754,-0.0006818794762756347,,,0.0002491802235809333
701,2026-08-31,ISP,IT0000072618,01634803W,,,-0.0004506674699522873,,,,,,0.0005794296042243693,,,,,,,0.002219324710519754,0.0010596775644824052,,,,0.001755585218769358,,,,,,,,,,-0.00037760580949453286,-0.0005037439385762183,-0.0006032010751669076,,-0.0005286481332923461,,,,,0.0009884387366180419,,,,,,,,,,,0.00018242827936800567
702,2026-08-31,ISRG,US46120E6023,13672501,,,,,,,,,,,,,,,0.0007194141263458531,,,,-0.00045590778937033713,-0.00035482416186288687,-0.0009013349399045746,,,,,,,0.0014002882102088926,0.0036192064510014456,,-0.00037760580949453286,,,,,,,,0.002834318305001132,,-0.0013290871147745421,,-0.0007216209181444601,-0.0008084138120793607,-0.0014002882102088926,-0.0003894841379388973,-0.00038884036250428754,,-0.000505910579172245,-0.00117624209657547,-0.00015725039972174046
703,2026-08-31,ITRK,GB0031638363,25238401W,-0.0003294795788726806,-0.00035970706317292654,-0.0004506674699522873,,-0.0004119937290982381,-0.0006290064687569357,,,,,,,,0.0015683227954339598,,,,,,-0.00035482416186288687,,,,,-0.0007763974234821583,-0.0005181683244825858,,-0.00035970706317292654,,-0.0004098404517684564,-0.00037760580949453286,,-0.0006032010751669076,,-0.0005286481332923461,-0.00043483996176542323,,,,-0.0009968153360809067,,-0.0006323882239653064,,,,,-0.00038884036250428754,-0.0006818794762756347,-0.000505910579172245,,-0.00011428140490291343
704,2026-08-31,ITW,US4523081093,00587801,-0.0003294795788726806,-0.00035970706317292654,-0.0004506674699522873,-0.001408673169551461,-0.0004119937290982381,-0.0006290064687569357,,,0.0005794296042243693,-0.0017425808838155109,,,-0.0008168347892885206,0.0015683227954339598,0.0007194141263458531,,,,,0.0013920024811544022,,-0.0005970772063834871,,,-0.0007763974234821583,-0.0005181683244825858,-0.001755585218769358,-0.00035970706317292654,,-0.0004098404517684564,-0.00037760580949453286,-0.0005037439385762183,-0.0006032010751669076,,-0.0005286481332923461,-0.00043483996176542323,,,-0.0014611703063049314,,-0.0013290871147745421,-0.0006323882239653064,,,-0.0014002882102088926,-0.0003894841379388973,-0.00038884036250428754,-0.0006818794762756347,,0.0011588592084487387,-0.00015455304042461587
705,2026-08-31,ITX,ES0148396007,24566301W,-0.0003294795788726806,-0.00035970706317292654,-0.0004506674699522873,,-0.0004119937290982381,,,,,,,,0.0014611703063049314,,,-0.0007351513103596687,,,,0.0013920024811544022,0.001755585218769358,,,,,,,-0.00035970706317292654,,-0.0004098404517684564,-0.00037760580949453286,-0.0005037439385762183,-0.0006032010751669076,-0.0006207082303828337,,-0.00043483996176542323,,,,,-0.0013290871147745421,,,,,-0.0003894841379388973,-0.00038884036250428754,-0.0006818794762756347,,,3.9640706257333927e-05
706,2026-08-31,IVN,CA46579R1047,01600501C,-0.0003294795788726806,-0.00035970706317292654,-0.0004506674699522873,,-0.0004119937290982381,0.0012316671168329527,,-0.0006047517206043547,,,,-0.0016684285057808083,,,,-0.0007351513103596687,,,-0.00045590778937033713,-0.00035482416186288687,-0.0009013349399045746,-0.0005970772063834871,-0.00560115284083557,-0.00588121048287735,-0.0007763974234821583,-0.0005181683244825858,,-0.00035970706317292654,,-0.0004098404517684564,-0.00037760580949453286,,,,,,,,,-0.0009968153360809067,,,-0.0007216209181444601,,,-0.0003894841379388973,-0.00038884036250428754,-0.0006818794762756347,,,-0.000366281834262055
707,2026-08-31,IVSB.F,SE0015811963,01569902,,,,,,,,,,,,,,,,,,,,,,,,,,,,,,,,,,,,,,,0.002834318305001132,,,,,,,,,,,,1.5826493424884614e-05
708,2026-08-31,J,US46982L1089,00621601,,-0.00035970706317292654,,,-0.0004119937290982381,0.0012316671168329527,,,0.0005794296042243693,-0.0017425808838155109,,,,0.0015683227954339598,0.0007194141263458531,,,,,-0.00035482416186288687,,-0.0005970772063834871,,,,-0.0005181683244825858,-0.001755585218769358,-0.00035970706317292654,0.0036192064510014456,-0.0004098404517684564,-0.00037760580949453286,0.0009926093641987087,-0.0006032010751669076,,-0.0005286481332923461,-0.00043483996176542323,,-0.0012189037270212122,-0.0014611703063049314,,,-0.0006323882239653064,-0.0007216209181444601,-0.0008084138120793607,,-0.0003894841379388973,-0.00038884036250428754,-0.0006818794762756347,-0.000505910579172245,,-0.00013116508399059845
709,2026-08-31,J36,BMG507361001,10042403W,-0.0003294795788726806,-0.00035970706317292654,-0.0004506674699522873,,-0.0004119937290982381,,,,0.0005794296042243693,,,,,,0.0007194141263458531,,,0.0013677233681110115,,-0.00035482416186288687,,-0.0005970772063834871,,,,-0.0005181683244825858,,-0.00035970706317292654,,0.0012064021503338151,0.001109662355259877,-0.0005037439385762183,-0.0006032010751669076,,-0.0005286481332923461,,,,,0.0009884387366180419,0.0013142369794139329,,,,0.0013920024811544022,0.0011364657937927244,0.0011364657937927244,0.0013366387461084884,,,0.00019070068384336532
710,2026-08-31,JBHT,US4456581077,00578301,0.0009721009062607189,0.0010644724855886605,-0.0004506674699522873,,,,,,-0.0017171417468255033,,,,,0.0015683227954339598,0.0007194141263458531,,,0.0013677233681110115,,0.0013920024811544022,,-0.0005970772063834871,,,0.0015275871384097012,0.0020280036147852926,0.0034595355781631464,0.0014002882102088926,0.0036192064510014456,,,,-0.0006032010751669076,,-0.0005286481332923461,0.0012785240180168149,,,,-0.0009968153360809067,-0.0013290871147745421,,-0.0007216209181444601,-0.0008084138120793607,,,,,-0.000505910579172245,,0.00011921810737916593
711,2026-08-31,JBL,US4663131039,02819501,0.0009721009062607189,-0.00035970706317292654,-0.0004506674699522873,,-0.0004119937290982381,0.0012316671168329527,,-0.0006047517206043547,,,-0.002450504367865562,,-0.0008168347892885206,0.0015683227954339598,,,,0.0013677233681110115,-0.00045590778937033713,0.0013920024811544022,,,,,,-0.0005181683244825858,-0.001755585218769358,-0.00035970706317292654,,-0.0004098404517684564,-0.00037760580949453286,0.0009926093641987087,,,,,,,-0.0014611703063049314,,,,,,,,,,,0.0011588592084487387,-5.401225174206715e-05
712,2026-08-31,JCI,IE00BY7QL619,00626801,0.0009721009062607189,0.0010644724855886605,-0.0004506674699522873,0.002735446736222023,,,,,0.0005794296042243693,,,,,,0.0007194141263458531,,,,,-0.00035482416186288687,,-0.0005970772063834871,,,,-0.0005181683244825858,-0.001755585218769358,-0.00035970706317292654,0.0036192064510014456,-0.0004098404517684564,-0.00037760580949453286,,-0.0006032010751669076,,-0.0005286481332923461,-0.00043483996176542323,,-0.0012189037270212122,0.002834318305001132,,,,-0.0007216209181444601,-0.0008084138120793607,,-0.0003894841379388973,-0.00038884036250428754,-0.0006818794762756347,-0.000505910579172245,,-6.297572136222955e-05
713,2026-08-31,JMT,PTJMT0AE0001,22110201W,-0.0003294795788726806,-0.00035970706317292654,,,,,,,,,,0.0016566790092612251,-0.0008168347892885206,0.0015683227954339598,0.0007194141263458531,,0.0010596775644824052,0.0013677233681110115,-0.00045590778937033713,0.0013920024811544022,-0.0009013349399045746,,,,-0.0007763974234821583,,,0.0014002882102088926,,,-0.00037760580949453286,0.0009926093641987087,,,,0.0012785240180168149,,0.0012064021503338151,,,0.0013142369794139329,0.0012447006312967933,,,0.0013920024811544022,0.0011364657937927244,0.0011364657937927244,0.0013366387461084884,,0.0011588592084487387,0.00041181323029471377
714,2026-08-31,JNJ,US4781601046,00626601,-0.0003294795788726806,-0.00035970706317292654,,,,-0.0006290064687569357,,,,,,,,,,,,,-0.00045590778937033713,0.0013920024811544022,,,,,-0.0007763974234821583,,,-0.00035970706317292654,,-0.0004098404517684564,-0.00037760580949453286,-0.0005037439385762183,,-0.0006207082303828337,,-0.00043483996176542323,,,,0.0009884387366180419,,-0.0006323882239653064,,,,-0.0003894841379388973,-0.00038884036250428754,-0.0006818794762756347,-0.000505910579172245,,-0.00010957405406563506
715,2026-08-31,JPM,US46625H1005,00296801,,0.0010644724855886605,-0.0004506674699522873,0.002735446736222023,0.0012189037270212122,,,-0.0006047517206043547,0.0005794296042243693,,,-0.0016684285057808083,,,,-0.0007351513103596687,0.0010596775644824052,,-0.00045590778937033713,,,,,,,,,,,,-0.00037760580949453286,-0.0005037439385762183,,,-0.0005286481332923461,,,,0.002834318305001132,0.0009884387366180419,,,,,,,,,-0.000505910579172245,,-5.192132811972822e-05
716,2026-08-31,K,CA4969024047,00864401C,-0.0003294795788726806,-0.00035970706317292654,,,-0.0004119937290982381,,,,,0.0017171417468255033,,0.0016566790092612251,0.0014611703063049314,,,0.002219324710519754,,,0.0013366387461084884,0.0013920024811544022,,,0.006190747876712999,0.005227742651446533,0.0015275871384097012,0.0020280036147852926,,-0.00035970706317292654,,0.0012064021503338151,0.001109662355259877,,,,,0.0012785240180168149,,0.0012064021503338151,,,,,0.001417159152500566,,,0.0011364657937927244,0.0011364657937927244,0.0013366387461084884,,,0.0005838423719288203
717,2026-08-31,KBC,BE0003565737,01570301W,,-0.00035970706317292654,-0.0004506674699522873,,-0.0004119937290982381,,,-0.0006047517206043547,,,-0.002450504367865562,0.0016566790092612251,,,,0.002219324710519754,0.0010596775644824052,,-0.00045590778937033713,,0.001755585218769358,,,,,,,,,,-0.00037760580949453286,,-0.0006032010751669076,,-0.0005286481332923461,,,,,,,,,,,,,,,,9.154671611338451e-05
718,2026-08-31,KBX,DE000KBX1006,32874501W,-0.0003294795788726806,-0.00035970706317292654,-0.0004506674699522873,,-0.0004119937290982381,,,,0.0005794296042243693,,,,,,0.0007194141263458531,,,,,-0.00035482416186288687,,0.0017425808838155109,,,0.0015275871384097012,-0.0005181683244825858,,-0.00035970706317292654,,0.0012064021503338151,0.001109662355259877,-0.0005037439385762183,-0.0006032010751669076,,-0.0005286481332923461,-0.00043483996176542323,,,,,,,,,,,0.0011364657937927244,0.0013366387461084884,-0.000505910579172245,,4.892922660489511e-05
719,2026-08-31,KDP,US49271V1008,02887702,-0.0003294795788726806,-0.00035970706317292654,,,,0.0012316671168329527,0.0026732774922169768,,,,,,,-0.0015683227954339598,0.0007194141263458531,,0.0010596775644824052,-0.0013757217503806663,,-0.00035482416186288687,-0.0009013349399045746,,,0.005227742651446533,,,,-0.00035970706317292654,,,,,,,,-0.00043483996176542323,-0.0032673391571540825,,-0.0014611703063049314,,,,,,-0.0014002882102088926,-0.0003894841379388973,-0.00038884036250428754,-0.0006818794762756347,-0.000505910579172245,,-0.00023070006742917717
720,2026-08-31,KER,FR0000121485,22237901W,-0.0003294795788726806,-0.00035970706317292654,-0.0004506674699522873,,-0.0004119937290982381,,,-0.0006047517206043547,,,,,-0.0008168347892885206,,,0.002219324710519754,,-0.0013757217503806663,-0.00045590778937033713,-0.00035482416186288687,,-0.0005970772063834871,,,-0.0007763974234821583,,,-0.00035970706317292654,,-0.0004098404517684564,-0.00037760580949453286,-0.0005037439385762183,-0.0006032010751669076,-0.0006207082303828337,,0.0012785240180168149,-0.0032673391571540825,-0.0012189037270212122,,,,,,,,,,,,,-0.00023907919102474475
721,2026-08-31,KESKOB,FI0009000202,10197101W,-0.0003294795788726806,,,,,-0.0006290064687569357,,,,,,,,,0.0007194141263458531,,,0.0013677233681110115,-0.00045590778937033713,0.0013920024811544022,0.001755585218769358,,,,,,,0.0014002882102088926,,,,,,,,,,,,-0.0009968153360809067,0.0013142369794139329,,,,,,-0.00038884036250428754,-0.0006818794762756347,,,0.00019972843812831017
722,2026-08-31,KEY,CA4932711001,15413501C,-0.0003294795788726806,,-0.0004506674699522873,,-0.0004119937290982381,-0.0006290064687569357,,,0.0005794296042243693,,,,0.0014611703063049314,,0.0007194141263458531,,0.0010596775644824052,,-0.00045590778937033713,,,-0.0005970772063834871,,,,,,-0.00035970706317292654,,,,,,,,,,,,,,-0.0006323882239653064,,,,-0.0003894841379388973,-0.00038884036250428754,-0.0006818794762756347,-0.000505910579172245,0.0011588592084487387,-5.627388687487027e-05
723,2026-08-31,KEY,US4932671088,00978301,-0.0003294795788726806,-0.00035970706317292654,-0.0004506674699522873,,-0.0004119937290982381,0.0012316671168329527,0.0026732774922169768,-0.0006047517206043547,0.0005794296042243693,,0.002450504367865562,-0.0016684285057808083,,,,-0.0007351513103596687,0.0010596775644824052,,0.0013366387461084884,,,,,,,,,,,,0.001109662355259877,,-0.0006032010751669076,,-0.0005286481332923461,,,,0.002834318305001132,,,0.0012447006312967933,,,,,,,,,0.00019914329498576863
724,2026-08-31,KEYS,US49338L1035,02023201,,0.0010644724855886605,,0.002735446736222023,0.0012189037270212122,,,0.001782184994811318,,,,,0.0014611703063049314,,,,,,,-0.00035482416186288687,,,,,,-0.0005181683244825858,-0.001755585218769358,-0.00035970706317292654,,,-0.00037760580949453286,,,,,-0.00043483996176542323,,-0.0012189037270212122,0.002834318305001132,,,,,,,,,,,,4.6450620284452725e-05
725,2026-08-31,KGF,GB0033195214,10076001W,-0.0003294795788726806,-0.00035970706317292654,-0.0004506674699522873,,-0.0004119937290982381,,,-0.0006047517206043547,,,,,,,,-0.0007351513103596687,,,,-0.00035482416186288687,,-0.0005970772063834871,,,,-0.0005181683244825858,,-0.00035970706317292654,,0.0012064021503338151,0.001109662355259877,0.0009926093641987087,-0.0006032010751669076,-0.0006207082303828337,,,0.003222581086508136,0.0012064021503338151,,,0.0013142369794139329,,,,,0.0011364657937927244,0.0011364657937927244,0.0013366387461084884,,,0.00021453916500846013
726,2026-08-31,KHC,US5007541064,00556804,-0.0003294795788726806,,,,,-0.0006290064687569357,-0.002800576420417785,,,,,,,-0.0015683227954339598,0.0007194141263458531,,-0.0031366455908679197,-0.0013757217503806663,-0.00045590778937033713,-0.00035482416186288687,,,0.006190747876712999,,-0.0007763974234821583,,,-0.00035970706317292654,,-0.0004098404517684564,-0.00037760580949453286,-0.0005037439385762183,,,,0.0012785240180168149,0.003222581086508136,0.0012064021503338151,-0.0014611703063049314,0.0009884387366180419,,-0.0006323882239653064,-0.0007216209181444601,0.001589516346723608,,0.0011364657937927244,0.0011364657937927244,,-0.000505910579172245,,-6.383039831963771e-05
727,2026-08-31,KIM,US49446R1095,02473101,,,,,,,,,,,,,,,,,,,,,,,,,,,,-0.00035970706317292654,,,,,-0.0006032010751669076,-0.0006207082303828337,-0.0005286481332923461,,,,,,,,,,,,,,,,-4.306203343790411e-05
728,2026-08-31,KKR,US48251W1045,17974101,-0.0003294795788726806,-0.00035970706317292654,,,-0.0004119937290982381,0.0012316671168329527,0.0026732774922169768,,0.0005794296042243693,,,-0.0016684285057808083,,,,-0.0007351513103596687,-0.0031366455908679197,,-0.00045590778937033713,,-0.0009013349399045746,,,,,,-0.001755585218769358,,,,-0.00037760580949453286,,0.0017687851076322854,,0.0020635826255709995,-0.00043483996176542323,,-0.0012189037270212122,,,,-0.0006323882239653064,-0.0007216209181444601,-0.0008084138120793607,,-0.0003894841379388973,-0.00038884036250428754,,-0.000505910579172245,,-0.0001919544799492329
729,2026-08-31,KLAC,US4824801009,00630401,,,-0.0004506674699522873,,,-0.0006290064687569357,,,,,,,,0.0015683227954339598,,,,,,0.0013920024811544022,,,,,0.0015275871384097012,-0.0005181683244825858,,-0.00035970706317292654,,-0.0004098404517684564,-0.00037760580949453286,-0.0005037439385762183,,,,-0.00043483996176542323,,,,,,,,,,,,,,,2.4446272411098866e-05
730,2026-08-31,KMB,US4943681035,00643501,-0.0003294795788726806,-0.00035970706317292654,,-0.001408673169551461,,-0.0006290064687569357,-0.002800576420417785,,,,,,0.0014611703063049314,0.0015683227954339598,-0.0021193551289648105,,,,-0.00045590778937033713,0.0013920024811544022,,,,,-0.0007763974234821583,,,-0.00035970706317292654,,-0.0004098404517684564,-0.00037760580949453286,-0.0005037439385762183,,,,-0.00043483996176542323,,,-0.0014611703063049314,,,-0.0006323882239653064,,,,-0.0003894841379388973,-0.00038884036250428754,-0.0006818794762756347,,0.0011588592084487387,-0.00016729415354407417
731,2026-08-31,KMI,US49456B1017,00631004,-0.0003294795788726806,,,,-0.0004119937290982381,-0.0006290064687569357,,,0.0005794296042243693,,,0.0016566790092612251,,-0.0015683227954339598,,,0.0010596775644824052,-0.0013757217503806663,,,,-0.0005970772063834871,,,,,,0.0014002882102088926,,,,,,,,,,,,,-0.0013290871147745421,,,,-0.0014002882102088926,-0.0003894841379388973,-0.00038884036250428754,-0.0006818794762756347,-0.000505910579172245,,-5.833229308063019e-05
732,2026-08-31,KNEBV,FI0009013403,10102301W,-0.0003294795788726806,-0.00035970706317292654,-0.0004506674699522873,,-0.0004119937290982381,,,,0.0005794296042243693,0.0017171417468255033,,,-0.0008168347892885206,0.0015683227954339598,0.0007194141263458531,,,0.0013677233681110115,,0.0013920024811544022,,-0.0005970772063834871,,,-0.0007763974234821583,-0.0005181683244825858,,-0.00035970706317292654,,-0.0004098404517684564,-0.00037760580949453286,-0.0005037439385762183,-0.0006032010751669076,,-0.0005286481332923461,-0.00043483996176542323,,,,,,,,,,-0.0003894841379388973,-0.00038884036250428754,-0.0006818794762756347,,0.0011588592084487387,7.997420986174501e-05
733,2026-08-31,KNIN,CH0025238863,21144701W,,0.0010644724855886605,-0.0004506674699522873,,0.0012189037270212122,-0.0006290064687569357,,,0.0005794296042243693,0.0017171417468255033,,,,0.0015683227954339598,0.0007194141263458531,,,0.0013677233681110115,,0.0013920024811544022,,-0.0005970772063834871,,,-0.0007763974234821583,-0.0005181683244825858,,-0.00035970706317292654,,-0.0004098404517684564,-0.00037760580949453286,-0.0005037439385762183,-0.0006032010751669076,,-0.0005286481332923461,,,,,,,-0.0006323882239653064,,,0.0013920024811544022,,0.0011364657937927244,0.0013366387461084884,0.001488914046298063,0.0011588592084487387,0.00030706753197894647
734,2026-08-31,KO,US1912161007,00314401,,0.0010644724855886605,,,,-0.0006290064687569357,,,,,,,,,,,0.0010596775644824052,-0.0013757217503806663,0.0013366387461084884,0.0013920024811544022,-0.0009013349399045746,,,,0.0015275871384097012,,,-0.00035970706317292654,,-0.0004098404517684564,,-0.0005037439385762183,,,,0.0012785240180168149,,0.0012064021503338151,,0.0009884387366180419,-0.0013290871147745421,-0.0006323882239653064,-0.0007216209181444601,-0.0008084138120793607,-0.0014002882102088926,-0.0003894841379388973,-0.00038884036250428754,-0.0006818794762756347,-0.000505910579172245,,-8.118032959361713e-05
735,2026-08-31,KOG,NO0013536151,21178701W,0.0009721009062607189,0.0010644724855886605,0.0013290871147745421,,,0.0012316671168329527,,,0.0005794296042243693,0.0017171417468255033,,,0.0014611703063049314,,,,,0.0013677233681110115,,0.0013920024811544022,,0.0017425808838155109,,,0.0015275871384097012,,,-0.00035970706317292654,,,,,0.0017687851076322854,,0.0020635826255709995,-0.00043483996176542323,,,,-0.0009968153360809067,,0.0012447006312967933,-0.0007216209181444601,-0.0008084138120793607,-0.0014002882102088926,-0.0003894841379388973,-0.00038884036250428754,,-0.000505910579172245,0.0011588592084487387,0.0002174074558783592
736,2026-08-31,KPN,NL0000009082,06144001W,-0.0003294795788726806,-0.00035970706317292654,-0.0004506674699522873,,-0.0004119937290982381,,,-0.0006047517206043547,,-0.0017425808838155109,,0.0016566790092612251,,,,,,,,,-0.0009013349399045746,,,,,,,,,,-0.00037760580949453286,-0.0005037439385762183,,,,,,,,,,,,,,,-0.00038884036250428754,,,,-0.00011008486910375692
737,2026-08-31,KR,US5010441013,00650201,-0.0003294795788726806,-0.00035970706317292654,,-0.001408673169551461,,0.0012316671168329527,,,,,,0.0016566790092612251,-0.0008168347892885206,0.0015683227954339598,0.0007194141263458531,,0.0010596775644824052,0.0013677233681110115,-0.00045590778937033713,-0.00035482416186288687,0.001755585218769358,,,-0.00588121048287735,-0.0007763974234821583,,,0.0014002882102088926,,-0.0004098404517684564,-0.00037760580949453286,0.0009926093641987087,,,,0.0012785240180168149,,0.0012064021503338151,,,0.0013142369794139329,-0.0006323882239653064,-0.0007216209181444601,0.001589516346723608,0.0013920024811544022,0.0011364657937927244,,,-0.000505910579172245,0.0011588592084487387,0.000400965254273824
738,2026-08-31,KRX,IE0004927939,10257401W,-0.0003294795788726806,-0.00035970706317292654,-0.0004506674699522873,,-0.0004119937290982381,,,,,,,,0.0014611703063049314,,,,,,,-0.00035482416186288687,,-0.0005970772063834871,,,-0.0007763974234821583,-0.0005181683244825858,,-0.00035970706317292654,,-0.0004098404517684564,-0.00037760580949453286,0.0009926093641987087,-0.0006032010751669076,,-0.0005286481332923461,-0.00043483996176542323,,,,,,,,,,-0.0003894841379388973,-0.00038884036250428754,,,,-6.065262022412845e-05
739,2026-08-31,KRZ,IE0004906560,10080103W,-0.0003294795788726806,-0.00035970706317292654,,,,,,,,,,-0.0016684285057808083,,-0.0015683227954339598,,,0.0010596775644824052,-0.0013757217503806663,-0.00045590778937033713,-0.00035482416186288687,-0.0009013349399045746,,,,,,,-0.00035970706317292654,,-0.0004098404517684564,-0.00037760580949453286,-0.0005037439385762183,,,,-0.00043483996176542323,-0.0032673391571540825,-0.0012189037270212122,,-0.0009968153360809067,,,,,,-0.0003894841379388973,-0.00038884036250428754,-0.0006818794762756347,,-0.00117624209657547,-0.00048300189163889867
740,2026-08-31,KVUE,US49177J1025,04189701,0.0009721009062607189,0.0010644724855886605,,0.002735446736222023,,0.0012316671168329527,0.0026732774922169768,,,,,,,,0.0007194141263458531,,,-0.0013757217503806663,0.0013366387461084884,-0.00035482416186288687,,,,-0.00588121048287735,0.0015275871384097012,,,-0.00035970706317292654,,,,-0.0005037439385762183,,,,,,,0.002834318305001132,,,0.0012447006312967933,,,,-0.0003894841379388973,-0.00038884036250428754,-0.0006818794762756347,-0.000505910579172245,,6.575948861915645e-05
741,2026-08-31,L,CA5394811015,00677101C,-0.0003294795788726806,-0.00035970706317292654,,,,,,,,,,0.0016566790092612251,,0.0015683227954339598,0.0007194141263458531,,0.0010596775644824052,,-0.00045590778937033713,-0.00035482416186288687,0.001755585218769358,,,0.005227742651446533,,,,-0.00035970706317292654,,-0.0004098404517684564,-0.00037760580949453286,,,,,,,,,,,,-0.0007216209181444601,-0.0008084138120793607,,,0.0011364657937927244,0.0013366387461084884,-0.000505910579172245,,0.00025401969378917034
742,2026-08-31,L,US5404241086,00678101,,,,,,,,,-0.0017171417468255033,,-0.002450504367865562,,,,,-0.0007351513103596687,,,-0.00045590778937033713,,,,,,,,-0.001755585218769358,,,,,0.0009926093641987087,-0.0006032010751669076,-0.0006207082303828337,-0.0005286481332923461,-0.00043483996176542323,,-0.0012189037270212122,,,,,,,0.0013920024811544022,,,,-0.000505910579172245,,-0.0002138643668104835
743,2026-08-31,LAND,GB00BYW0PQ60,01560201W,,,,,,,,,,,,,,,,,-0.0031366455908679197,,,,,,,,,,,-0.00035970706317292654,,,,,-0.0006032010751669076,0.002425241436238082,-0.0005286481332923461,,-0.0032673391571540825,,,-0.0009968153360809067,,,,,,-0.0003894841379388973,-0.00038884036250428754,-0.0006818794762756347,,,-0.0002253245674179013
744,2026-08-31,LDO,IT0003856405,01626701W,-0.0003294795788726806,-0.00035970706317292654,0.0013290871147745421,,-0.0004119937290982381,0.0012316671168329527,,,0.0005794296042243693,0.0017171417468255033,,,,,,,,0.0013677233681110115,,-0.00035482416186288687,,0.0017425808838155109,,,,,,-0.00035970706317292654,,,,0.0009926093641987087,0.0017687851076322854,,0.0020635826255709995,-0.00043483996176542323,,,,,0.0013142369794139329,0.0012447006312967933,,,,,0.0011364657937927244,0.0013366387461084884,-0.000505910579172245,,0.0003005253395341559
745,2026-08-31,LDOS,US5253271028,16512301,-0.0003294795788726806,-0.00035970706317292654,,-0.001408673169551461,-0.0004119937290982381,,,,0.0005794296042243693,-0.0017425808838155109,,,,0.0015683227954339598,0.0007194141263458531,,,,,-0.00035482416186288687,,,,,,-0.0005181683244825858,0.0034595355781631464,0.0014002882102088926,,,,0.0009926093641987087,-0.0006032010751669076,,-0.0005286481332923461,0.0012785240180168149,,0.0012064021503338151,,,,,0.001417159152500566,0.001589516346723608,0.0013920024811544022,0.0011364657937927244,0.0011364657937927244,0.0013366387461084884,0.001488914046298063,,0.00027970923250214617
746,2026-08-31,LEN,US5260571048,00666901,-0.0003294795788726806,-0.00035970706317292654,-0.0004506674699522873,-0.001408673169551461,-0.0004119937290982381,,-0.002800576420417785,,,,-0.002450504367865562,,0.0014611703063049314,,,-0.0007351513103596687,,,-0.00045590778937033713,-0.00035482416186288687,,-0.0005970772063834871,-0.00560115284083557,-0.00588121048287735,-0.0007763974234821583,-0.0005181683244825858,,-0.00035970706317292654,,-0.0004098404517684564,-0.00037760580949453286,-0.0005037439385762183,-0.0006032010751669076,-0.0006207082303828337,,-0.00043483996176542323,-0.0032673391571540825,-0.0012189037270212122,,,,,,,,-0.0003894841379388973,-0.00038884036250428754,-0.0006818794762756347,,-0.00117624209657547,-0.0006167301977348399
747,2026-08-31,LGEN,GB0005603997,01560301W,-0.0003294795788726806,0.0010644724855886605,-0.0004506674699522873,,0.0012189037270212122,,,-0.0006047517206043547,0.0005794296042243693,0.0017171417468255033,,,0.0014611703063049314,,,-0.0007351513103596687,0.0010596775644824052,,,,,,,,,,,,,,0.001109662355259877,0.0009926093641987087,-0.0006032010751669076,-0.0006207082303828337,-0.0005286481332923461,0.0012785240180168149,,0.0012064021503338151,,0.0009884387366180419,,,-0.0007216209181444601,-0.0008084138120793607,,-0.0003894841379388973,0.0011364657937927244,,-0.000505910579172245,0.0011588592084487387,0.00014675094572300405
748,2026-08-31,LH,US5049221055,01496001,,,,,,,,,,,,,,,0.0007194141263458531,,,,-0.00045590778937033713,-0.00035482416186288687,0.001755585218769358,0.0017425808838155109,,,,,,-0.00035970706317292654,,,,0.0009926093641987087,,-0.0006207082303828337,,,,,-0.0014611703063049314,,,,,,0.0013920024811544022,-0.0003894841379388973,,,,,0.0001233768861969085
749,2026-08-31,LHA,DE0008232125,10010301W,0.0009721009062607189,,-0.0004506674699522873,,0.0012189037270212122,0.0012316671168329527,,,-0.0017171417468255033,,,,,,-0.0021193551289648105,,,,,-0.00035482416186288687,,,,,-0.0007763974234821583,,,-0.00035970706317292654,,-0.0004098404517684564,-0.00037760580949453286,0.0009926093641987087,-0.0006032010751669076,,-0.0005286481332923461,-0.00043483996176542323,,,,0.0009884387366180419,0.0013142369794139329,0.0012447006312967933,0.001417159152500566,0.001589516346723608,0.0013920024811544022,0.0011364657937927244,-0.00038884036250428754,-0.0006818794762756347,-0.000505910579172245,0.0011588592084487387,2.87261607737842e-05
750,2026-08-31,LHX,US5024311095,00549201,-0.0003294795788726806,-0.00035970706317292654,0.0013290871147745421,,-0.0004119937290982381,0.0012316671168329527,0.0026732774922169768,,0.0005794296042243693,,,,,,0.0007194141263458531,,,,,-0.00035482416186288687,,-0.0005970772063834871,,,,-0.0005181683244825858,-0.001755585218769358,-0.00035970706317292654,,-0.0004098404517684564,-0.00037760580949453286,,-0.0006032010751669076,,-0.0005286481332923461,,,,0.002834318305001132,,,0.0012447006312967933,,,,-0.0003894841379388973,,,-0.000505910579172245,,3.5848517497595516e-05
751,2026-08-31,LI,FR0000121964,01593601W,-0.0003294795788726806,,,,,,,,,,,,,,,,,,,,,,,,,,,-0.00035970706317292654,,,,-0.0005037439385762183,,0.002425241436238082,-0.0005286481332923461,,,,,,,0.0012447006312967933,,,,,0.0011364657937927244,0.0013366387461084884,,,0.00011442484182677032
752,2026-08-31,LIFCO B,SE0015949201,23422502W,-0.0003294795788726806,-0.00035970706317292654,-0.0004506674699522873,,-0.0004119937290982381,-0.0006290064687569357,,,0.0005794296042243693,,,,,,0.0007194141263458531,,,,,-0.00035482416186288687,,-0.0005970772063834871,,,,0.0020280036147852926,,-0.00035970706317292654,,-0.0004098404517684564,-0.00037760580949453286,-0.0005037439385762183,,,-0.0005286481332923461,-0.00043483996176542323,,,,-0.0009968153360809067,,-0.0006323882239653064,-0.0007216209181444601,-0.0008084138120793607,,-0.0003894841379388973,,,-0.000505910579172245,,-9.625450393203177e-05
753,2026-08-31,LII,US5261071071,12238001,-0.0003294795788726806,-0.00035970706317292654,-0.0004506674699522873,-0.001408673169551461,-0.0004119937290982381,0.0012316671168329527,0.0026732774922169768,,,,,,-0.0008168347892885206,0.0015683227954339598,0.0007194141263458531,,,0.0013677233681110115,,0.0013920024811544022,,,,,-0.0007763974234821583,-0.0005181683244825858,-0.001755585218769358,-0.00035970706317292654,-0.003675756551798343,-0.0004098404517684564,-0.00037760580949453286,-0.0005037439385762183,,,-0.0005286481332923461,-0.00043483996176542323,,,-0.0014611703063049314,-0.0009968153360809067,,0.0012447006312967933,,,,-0.0003894841379388973,,,,,5.0592310789797875e-05
754,2026-08-31,LIN,IE000S9YS762,02512401,-0.0003294795788726806,-0.00035970706317292654,-0.0004506674699522873,,-0.0004119937290982381,-0.0006290064687569357,,-0.0006047517206043547,,,,,,,,-0.0007351513103596687,,,-0.00045590778937033713,-0.00035482416186288687,0.001755585218769358,-0.0005970772063834871,0.006190747876712999,0.005227742651446533,,-0.0005181683244825858,-0.001755585218769358,-0.00035970706317292654,,-0.0004098404517684564,-0.00037760580949453286,-0.0005037439385762183,,,,-0.00043483996176542323,,,,0.0009884387366180419,,-0.0006323882239653064,-0.0007216209181444601,,,-0.0003894841379388973,-0.00038884036250428754,-0.0006818794762756347,,,-3.854223867214242e-05
755,2026-08-31,LISN,CH0010570759,10189502W,-0.0003294795788726806,-0.00035970706317292654,,,,-0.0006290064687569357,,,,,,-0.0016684285057808083,-0.0008168347892885206,,,,0.0010596775644824052,,,-0.00035482416186288687,,,,,,,,0.0014002882102088926,,-0.0004098404517684564,-0.00037760580949453286,,,,,,,,,-0.0009968153360809067,-0.0013290871147745421,-0.0006323882239653064,-0.0007216209181444601,-0.0008084138120793607,-0.0014002882102088926,-0.0003894841379388973,-0.00038884036250428754,-0.0006818794762756347,-0.000505910579172245,-0.00117624209657547,-0.00028196482859164115
756,2026-08-31,LISP,CH0010570767,10189503W,-0.0003294795788726806,,,,,,,,,,,-0.0016684285057808083,-0.0008168347892885206,,,,0.0010596775644824052,,,-0.00035482416186288687,,,,,,,,0.0014002882102088926,,0.0012064021503338151,0.001109662355259877,0.0009926093641987087,,,,0.0012785240180168149,0.003222581086508136,0.0012064021503338151,,-0.0009968153360809067,0.0013142369794139329,,0.001417159152500566,0.001589516346723608,0.0013920024811544022,0.0011364657937927244,0.0011364657937927244,0.0013366387461084884,0.001488914046298063,-0.00117624209657547,0.000413957534266801
757,2026-08-31,LITE,US55024U1097,02324901,-0.0003294795788726806,,-0.0004506674699522873,-0.001408673169551461,-0.0004119937290982381,0.0012316671168329527,,-0.0006047517206043547,,,0.002450504367865562,,0.0014611703063049314,,,,,,0.0013366387461084884,-0.00035482416186288687,,,,,0.0015275871384097012,-0.0005181683244825858,,-0.00035970706317292654,0.0036192064510014456,,0.001109662355259877,,,,,-0.00043483996176542323,,,,-0.0009968153360809067,,0.0012447006312967933,,,,,,,,,0.0002166611994716107
758,2026-08-31,LLOY,GB0008706128,01592901W,-0.0003294795788726806,-0.00035970706317292654,,,-0.0004119937290982381,0.0012316671168329527,,-0.0006047517206043547,-0.0017171417468255033,,,0.0016566790092612251,,,,0.002219324710519754,0.0010596775644824052,,-0.00045590778937033713,,,,,,,,,,,,,,-0.0006032010751669076,,-0.0005286481332923461,,,,,0.0009884387366180419,0.0013142369794139329,0.0012447006312967933,,,,,,,,0.0011588592084487387,0.00012296865820043517
759,2026-08-31,LLY,US5324571083,00673001,0.0009721009062607189,-0.00035970706317292654,,,,,,,-0.0017171417468255033,,,,,,-0.0021193551289648105,,,0.0013677233681110115,0.0013366387461084884,0.0013920024811544022,0.001755585218769358,0.0017425808838155109,,,0.0015275871384097012,,,-0.00035970706317292654,,0.0012064021503338151,,,,-0.0006207082303828337,,,,,,0.0009884387366180419,-0.0013290871147745421,,-0.0007216209181444601,-0.0008084138120793607,-0.0014002882102088926,-0.0003894841379388973,-0.00038884036250428754,-0.0006818794762756347,-0.000505910579172245,0.0011588592084487387,9.04022985564619e-05
760,2026-08-31,LMT,US5398301094,00677401,-0.0003294795788726806,-0.00035970706317292654,,,-0.0004119937290982381,0.0012316671168329527,0.0026732774922169768,,0.0005794296042243693,,,,-0.0008168347892885206,0.0015683227954339598,0.0007194141263458531,,,0.0013677233681110115,,0.0013920024811544022,,0.0017425808838155109,,,0.0015275871384097012,-0.0005181683244825858,0.0034595355781631464,0.0014002882102088926,,0.0012064021503338151,0.001109662355259877,0.0009926093641987087,-0.0006032010751669076,,-0.0005286481332923461,0.0012785240180168149,,0.0012064021503338151,,0.0009884387366180419,,0.0012447006312967933,,,,,,,,0.0011588592084487387,0.0003876551662932461
761,2026-08-31,LNT,US0188021085,01155401,-0.0003294795788726806,,,0.002735446736222023,,,,,,-0.0017425808838155109,,0.0016566790092612251,,,,,,,-0.00045590778937033713,-0.00035482416186288687,,-0.0005970772063834871,0.006190747876712999,0.005227742651446533,,,,,,-0.0004098404517684564,,,,-0.0006207082303828337,-0.0005286481332923461,,,,,,-0.0013290871147745421,,-0.0007216209181444601,-0.0008084138120793607,-0.0014002882102088926,-0.0003894841379388973,-0.00038884036250428754,-0.0006818794762756347,-0.000505910579172245,,-0.00011627813567227387
762,2026-08-31,LOGN,CH0025751329,10269601W,-0.0003294795788726806,-0.00035970706317292654,-0.0004506674699522873,,-0.0004119937290982381,-0.0006290064687569357,,0.001782184994811318,,,,0.0016566790092612251,,0.0015683227954339598,,,,0.0013677233681110115,-0.00045590778937033713,0.0013920024811544022,,,,,,0.0020280036147852926,,-0.00035970706317292654,,,0.001109662355259877,,,,,0.0012785240180168149,,0.0012064021503338151,,-0.0009968153360809067,,,,,,,,,,,0.0003175018313510269
763,2026-08-31,LONN,CH0013841017,23139701W,,0.0010644724855886605,,,,,,,-0.0017171417468255033,,,,,,-0.0021193551289648105,,,,,-0.00035482416186288687,,,,,,,,,,,,,,-0.0006207082303828337,,-0.00043483996176542323,,,,,,,-0.0007216209181444601,-0.0008084138120793607,,-0.0003894841379388973,-0.00038884036250428754,-0.0006818794762756347,-0.000505910579172245,,-0.00021617727630711864
764,2026-08-31,LOTB,BE0003604155,21188501W,,0.0010644724855886605,,,,-0.0006290064687569357,,,,,,,-0.0008168347892885206,,-0.0021193551289648105,,0.0010596775644824052,,-0.00045590778937033713,-0.00035482416186288687,-0.0009013349399045746,,,,,,,-0.00035970706317292654,,-0.0004098404517684564,-0.00037760580949453286,,,,,-0.00043483996176542323,,,,-0.0009968153360809067,-0.0013290871147745421,-0.0006323882239653064,-0.0007216209181444601,-0.0008084138120793607,-0.0014002882102088926,-0.0003894841379388973,-0.00038884036250428754,-0.0006818794762756347,-0.000505910579172245,-0.00117624209657547,-0.0003195168492833535
765,2026-08-31,LOW,US5486611073,00682901,-0.0003294795788726806,-0.00035970706317292654,-0.0004506674699522873,-0.001408673169551461,-0.0004119937290982381,,,-0.0006047517206043547,,,-0.002450504367865562,,0.0014611703063049314,-0.0015683227954339598,,-0.0007351513103596687,,0.0013677233681110115,-0.00045590778937033713,0.0013920024811544022,,-0.0005970772063834871,-0.00560115284083557,-0.00588121048287735,-0.0007763974234821583,-0.0005181683244825858,,-0.00035970706317292654,-0.003675756551798343,-0.0004098404517684564,-0.00037760580949453286,,-0.0006032010751669076,-0.0006207082303828337,,,,,,0.0009884387366180419,,,,,,-0.0003894841379388973,,,,,-0.0003010011273038704
766,2026-08-31,LPLA,US50212V1008,17851901,0.0009721009062607189,,,,,0.0012316671168329527,0.0026732774922169768,0.001782184994811318,-0.0017171417468255033,-0.0017425808838155109,-0.002450504367865562,,0.0014611703063049314,,,-0.0007351513103596687,-0.0031366455908679197,,-0.00045590778937033713,,-0.0009013349399045746,,,,,,-0.001755585218769358,,,-0.0004098404517684564,-0.00037760580949453286,0.0009926093641987087,-0.0006032010751669076,-0.0006207082303828337,-0.0005286481332923461,-0.00043483996176542323,,,,-0.0009968153360809067,,,-0.0007216209181444601,-0.0008084138120793607,,-0.0003894841379388973,-0.00038884036250428754,,-0.000505910579172245,-0.00117624209657547,-0.0003050817979304996
767,2026-08-31,LR,FR0010307819,27703901W,,-0.00035970706317292654,-0.0004506674699522873,,-0.0004119937290982381,-0.0006290064687569357,,,0.0005794296042243693,,,,-0.0008168347892885206,,0.0007194141263458531,,,,,-0.00035482416186288687,,-0.0005970772063834871,,,,-0.0005181683244825858,,-0.00035970706317292654,,-0.0004098404517684564,-0.00037760580949453286,,-0.0006032010751669076,,-0.0005286481332923461,-0.00043483996176542323,,,,,,,,,,-0.0003894841379388973,,,-0.000505910579172245,,-8.171376095540746e-05
768,2026-08-31,LRCX,US5128073062,00656501,0.0009721009062607189,0.0010644724855886605,-0.0004506674699522873,0.002735446736222023,0.0012189037270212122,,,-0.0006047517206043547,,,,,0.0014611703063049314,,,,,0.0013677233681110115,,0.0013920024811544022,,,,,0.0015275871384097012,0.0020280036147852926,0.0034595355781631464,0.0014002882102088926,0.0036192064510014456,-0.0004098404517684564,,-0.0005037439385762183,,,,-0.00043483996176542323,,,,,,,,,,,,,,,0.00022160929317796294
769,2026-08-31,LSEG,GB00B0SWJX34,24670601W,0.0009721009062607189,0.0010644724855886605,0.0013290871147745421,,0.0012189037270212122,-0.0006290064687569357,,-0.0006047517206043547,0.0005794296042243693,0.0017171417468255033,0.002450504367865562,,,,,-0.0007351513103596687,0.0010596775644824052,,0.0013366387461084884,,-0.0009013349399045746,,,,,,,,,-0.0004098404517684564,,,,-0.0006207082303828337,-0.0005286481332923461,-0.00043483996176542323,,,,0.0009884387366180419,0.0013142369794139329,-0.0006323882239653064,-0.0007216209181444601,-0.0008084138120793607,,,,,-0.000505910579172245,0.0011588592084487387,0.00011928930856461954
770,2026-08-31,LUG,CA5503711080,06574401C,-0.0003294795788726806,-0.00035970706317292654,-0.0004506674699522873,,-0.0004119937290982381,,,-0.0006047517206043547,,0.0017171417468255033,,,0.0014611703063049314,,,0.002219324710519754,,,,0.0013920024811544022,0.001755585218769358,,0.006190747876712999,0.005227742651446533,0.0015275871384097012,0.0020280036147852926,,-0.00035970706317292654,,,,,,,,-0.00043483996176542323,,0.0012064021503338151,,-0.0009968153360809067,,,,,,-0.0003894841379388973,-0.00038884036250428754,,,,0.000333240389713238
771,2026-08-31,LUMI,IL0006046119,00201805W,-0.0003294795788726806,-0.00035970706317292654,,,-0.0004119937290982381,,,,0.0005794296042243693,,,0.0016566790092612251,-0.0008168347892885206,,,-0.0007351513103596687,0.0010596775644824052,,,,0.001755585218769358,,,,,,,,,,-0.00037760580949453286,-0.0005037439385762183,0.0017687851076322854,,0.0020635826255709995,,,,,,,,0.001417159152500566,0.001589516346723608,,,,,0.001488914046298063,,0.0004078035267033377
772,2026-08-31,LUN,CA5503721063,10829701C,,0.0010644724855886605,-0.0004506674699522873,,0.0012189037270212122,0.0012316671168329527,,-0.0006047517206043547,,0.0017171417468255033,,,,,,-0.0007351513103596687,,,0.0013366387461084884,0.0013920024811544022,0.001755585218769358,0.0017425808838155109,,,0.0015275871384097012,-0.0005181683244825858,,-0.00035970706317292654,,0.0012064021503338151,0.001109662355259877,,,,,,,,,,,0.0012447006312967933,,,,-0.0003894841379388973,,,,,0.0003496327895976364
773,2026-08-31,LUND B,SE0000108847,10156302W,,,,,,,,,-0.0017171417468255033,,0.002450504367865562,0.0016566790092612251,,,,-0.0007351513103596687,,,0.0013366387461084884,,,,,,,,,,,0.0012064021503338151,0.001109662355259877,,-0.0006032010751669076,-0.0006207082303828337,-0.0005286481332923461,,,,,-0.0009968153360809067,-0.0013290871147745421,,0.001417159152500566,0.001589516346723608,,-0.0003894841379388973,-0.00038884036250428754,,,-0.00117624209657547,0.0001970998409005111
774,2026-08-31,LVS,US5178341070,16184401,-0.0003294795788726806,-0.00035970706317292654,-0.0004506674699522873,-0.001408673169551461,-0.0004119937290982381,,,-0.0006047517206043547,,,,,,0.0015683227954339598,,-0.0007351513103596687,,-0.0013757217503806663,,-0.00035482416186288687,0.001755585218769358,-0.0005970772063834871,0.006190747876712999,,0.0015275871384097012,-0.0005181683244825858,0.0034595355781631464,-0.00035970706317292654,0.0036192064510014456,0.0012064021503338151,0.001109662355259877,0.0009926093641987087,-0.0006032010751669076,0.002425241436238082,,0.0012785240180168149,0.003222581086508136,0.0012064021503338151,,,,,,,,,0.0011364657937927244,0.0013366387461084884,,0.0011588592084487387,0.0004498107589782882
775,2026-08-31,LYB,NL0009434992,29452401,0.0009721009062607189,0.0010644724855886605,0.0013290871147745421,0.002735446736222023,0.0012189037270212122,0.0012316671168329527,,0.001782184994811318,,-0.0017425808838155109,,,0.0014611703063049314,,,-0.0007351513103596687,,,-0.00045590778937033713,-0.00035482416186288687,0.001755585218769358,-0.0005970772063834871,-0.00560115284083557,-0.00588121048287735,-0.0007763974234821583,-0.0005181683244825858,-0.001755585218769358,0.0014002882102088926,-0.003675756551798343,-0.0004098404517684564,-0.00037760580949453286,-0.0005037439385762183,,,,-0.00043483996176542323,,-0.0012189037270212122,0.002834318305001132,,,-0.0006323882239653064,-0.0007216209181444601,,,,-0.00038884036250428754,-0.0006818794762756347,,,-5.284933440218854e-05
776,2026-08-31,LYC,AU000000LYC6,21265801W,-0.0003294795788726806,-0.00035970706317292654,-0.0004506674699522873,,-0.0004119937290982381,0.0012316671168329527,,-0.0006047517206043547,,0.0017171417468255033,,,,,,-0.0007351513103596687,,,-0.00045590778937033713,-0.00035482416186288687,-0.0009013349399045746,,,,,-0.0005181683244825858,,,,-0.0004098404517684564,-0.00037760580949453286,-0.0005037439385762183,,,,,,,,-0.0009968153360809067,,0.0012447006312967933,-0.0007216209181444601,,,-0.0003894841379388973,-0.00038884036250428754,-0.0006818794762756347,,,-0.0001333284810300108
777,2026-08-31,LYV,US5380341090,16574601,-0.0003294795788726806,-0.00035970706317292654,,-0.001408673169551461,-0.0004119937290982381,,,0.001782184994811318,,,,0.0016566790092612251,,,,,,,,,0.001755585218769358,,,,,-0.0005181683244825858,,,,,-0.00037760580949453286,0.0009926093641987087,,,,,,,-0.0014611703063049314,,,,,,,-0.0003894841379388973,-0.00038884036250428754,,,,0.0002236112524430614
778,2026-08-31,MA,US57636Q1040,16022501,-0.0003294795788726806,-0.00035970706317292654,-0.0004506674699522873,-0.001408673169551461,-0.0004119937290982381,,,0.001782184994811318,-0.0017171417468255033,-0.0017425808838155109,,,,,,-0.0007351513103596687,-0.0031366455908679197,,-0.00045590778937033713,,,,,,,,-0.001755585218769358,,,-0.0004098404517684564,-0.00037760580949453286,-0.0005037439385762183,,-0.0006207082303828337,-0.0005286481332923461,-0.00043483996176542323,,,0.002834318305001132,,,-0.0006323882239653064,-0.0007216209181444601,-0.0008084138120793607,-0.0014002882102088926,-0.0003894841379388973,-0.00038884036250428754,,-0.000505910579172245,,-0.0002766452202068417
779,2026-08-31,MAA,US59522J1034,02964901,,,,,,,,,,,,,,,,,,,,,,,,,,,,-0.00035970706317292654,-0.003675756551798343,,,-0.0005037439385762183,-0.0006032010751669076,-0.0006207082303828337,-0.0005286481332923461,,-0.0032673391571540825,,,-0.0009968153360809067,,-0.0006323882239653064,,,,,-0.00038884036250428754,,,,-0.0002435381261183287
780,2026-08-31,MAERSK A,DK0010244425,10329203W,,,,,,,,,-0.0017171417468255033,0.0017171417468255033,,,-0.0008168347892885206,-0.0015683227954339598,-0.0021193551289648105,,,,,-0.00035482416186288687,,-0.0005970772063834871,,,-0.0007763974234821583,-0.0005181683244825858,,-0.00035970706317292654,,-0.0004098404517684564,-0.00037760580949453286,-0.0005037439385762183,0.0017687851076322854,,0.0020635826255709995,-0.00043483996176542323,,-0.0012189037270212122,,0.0009884387366180419,0.0013142369794139329,,,,0.0013920024811544022,0.0011364657937927244,0.0011364657937927244,0.0013366387461084884,0.001488914046298063,-0.00117624209657547,0.00016489754862521812
781,2026-08-31,MAERSK B,DK0010244508,10329204W,-0.0003294795788726806,0.0010644724855886605,-0.0004506674699522873,,0.0012189037270212122,-0.0006290064687569357,,,-0.0017171417468255033,0.0017171417468255033,,,-0.0008168347892885206,-0.0015683227954339598,-0.0021193551289648105,,,,,-0.00035482416186288687,,-0.0005970772063834871,,,-0.0007763974234821583,-0.0005181683244825858,,-0.00035970706317292654,,-0.0004098404517684564,-0.00037760580949453286,-0.0005037439385762183,0.0017687851076322854,,0.0020635826255709995,-0.00043483996176542323,,-0.0012189037270212122,,0.0009884387366180419,,-0.0006323882239653064,,,0.0013920024811544022,0.0011364657937927244,0.0011364657937927244,0.0013366387461084884,0.001488914046298063,-0.00117624209657547,0.00013976394035201663
782,2026-08-31,MAP,ES0124244E34,01628101W,,-0.00035970706317292654,-0.0004506674699522873,,-0.0004119937290982381,-0.0006290064687569357,,-0.0006047517206043547,0.0005794296042243693,,,0.0016566790092612251,0.0014611703063049314,,,-0.0007351513103596687,,,-0.00045590778937033713,,-0.0009013349399045746,,,,,,,,,,,0.0009926093641987087,-0.0006032010751669076,-0.0006207082303828337,-0.0005286481332923461,-0.00043483996176542323,,,,,-0.0013290871147745421,,,,0.0013920024811544022,-0.0003894841379388973,,,,,-4.598610119156208e-05
783,2026-08-31,MAR,US5719032022,02893002,-0.0003294795788726806,-0.00035970706317292654,-0.0004506674699522873,,-0.0004119937290982381,,,0.001782184994811318,,,,,,-0.0015683227954339598,,-0.0007351513103596687,,,-0.00045590778937033713,-0.00035482416186288687,,,0.006190747876712999,0.005227742651446533,,-0.0005181683244825858,,0.0014002882102088926,,-0.0004098404517684564,-0.00037760580949453286,,-0.0006032010751669076,-0.0006207082303828337,,,,,,,,,,,,-0.0003894841379388973,-0.00038884036250428754,,,,-2.3900828446554164e-05
784,2026-08-31,MAS,US5745991068,00708501,-0.0003294795788726806,0.0010644724855886605,0.0013290871147745421,0.002735446736222023,0.0012189037270212122,,,,,-0.0017425808838155109,,,,-0.0015683227954339598,0.0007194141263458531,,,0.0013677233681110115,,0.0013920024811544022,,-0.0005970772063834871,,,0.0015275871384097012,-0.0005181683244825858,0.0034595355781631464,0.0014002882102088926,,-0.0004098404517684564,,,-0.0006032010751669076,,-0.0005286481332923461,0.0012785240180168149,,0.0012064021503338151,-0.0014611703063049314,-0.0009968153360809067,,,0.001417159152500566,0.001589516346723608,,,0.0011364657937927244,0.0013366387461084884,0.001488914046298063,,0.0003453929094591165
785,2026-08-31,MBG,DE0007100000,01782801W,-0.0003294795788726806,-0.00035970706317292654,0.0013290871147745421,,-0.0004119937290982381,,,-0.0006047517206043547,,,,,-0.0008168347892885206,,,-0.0007351513103596687,,,-0.00045590778937033713,-0.00035482416186288687,,-0.0005970772063834871,,,-0.0007763974234821583,-0.0005181683244825858,,-0.00035970706317292654,,-0.0004098404517684564,-0.00037760580949453286,-0.0005037439385762183,-0.0006032010751669076,-0.0006207082303828337,,-0.00043483996176542323,-0.0032673391571540825,-0.0012189037270212122,,0.0009884387366180419,0.0013142369794139329,,,,,0.0011364657937927244,0.0011364657937927244,0.0013366387461084884,,,-0.00017199576868381133
786,2026-08-31,MC,FR0000121014,01444702W,-0.0003294795788726806,,-0.0004506674699522873,,,,,-0.0006047517206043547,,,,,-0.0008168347892885206,,,0.002219324710519754,,,,-0.00035482416186288687,-0.0009013349399045746,-0.0005970772063834871,,,,-0.0005181683244825858,,-0.00035970706317292654,,-0.0004098404517684564,-0.00037760580949453286,-0.0005037439385762183,-0.0006032010751669076,-0.0006207082303828337,,-0.00043483996176542323,,,,0.0009884387366180419,,,,,,,,,,,-0.00013519282555357138
787,2026-08-31,MCD,US5801351017,00715401,-0.0003294795788726806,-0.00035970706317292654,-0.0004506674699522873,-0.001408673169551461,-0.0004119937290982381,,-0.002800576420417785,,,,,,,-0.0015683227954339598,,0.002219324710519754,,-0.0013757217503806663,-0.00045590778937033713,-0.00035482416186288687,,-0.0005970772063834871,0.006190747876712999,0.005227742651446533,,-0.0005181683244825858,-0.001755585218769358,-0.00035970706317292654,,-0.0004098404517684564,,-0.0005037439385762183,-0.0006032010751669076,-0.0006207082303828337,,-0.00043483996176542323,,,,0.0009884387366180419,-0.0013290871147745421,,,,,-0.0003894841379388973,-0.00038884036250428754,-0.0006818794762756347,,,-0.00024799348828110284
788,2026-08-31,MCHP,US5950171042,02796501,0.0009721009062607189,0.0010644724855886605,-0.0004506674699522873,0.002735446736222023,0.0012189037270212122,0.0012316671168329527,0.0026732774922169768,0.001782184994811318,,,-0.002450504367865562,,0.0014611703063049314,,,,,-0.0013757217503806663,-0.00045590778937033713,-0.00035482416186288687,,,,,-0.0007763974234821583,-0.0005181683244825858,-0.001755585218769358,-0.00035970706317292654,,-0.0004098404517684564,-0.00037760580949453286,-0.0005037439385762183,,,,-0.00043483996176542323,,,,,,-0.0006323882239653064,,,,,,,,,-6.340488510920147e-05
789,2026-08-31,MCK,US58155Q1031,00717101,,-0.00035970706317292654,,,,,,,0.0005794296042243693,,,,,,0.0007194141263458531,,,0.0013677233681110115,-0.00045590778937033713,0.0013920024811544022,,,,,,,,-0.00035970706317292654,-0.003675756551798343,0.0012064021503338151,0.001109662355259877,0.0009926093641987087,,-0.0006207082303828337,,-0.00043483996176542323,,,,0.0009884387366180419,0.0013142369794139329,,,,0.0013920024811544022,-0.0003894841379388973,,0.0013366387461084884,-0.000505910579172245,,0.00014464648466625479
790,2026-08-31,MCO,US6153691059,13966501,-0.0003294795788726806,-0.00035970706317292654,-0.0004506674699522873,,-0.0004119937290982381,-0.0006290064687569357,-0.002800576420417785,,-0.0017171417468255033,-0.0017425808838155109,,,,,,-0.0007351513103596687,-0.0031366455908679197,,0.0013366387461084884,,,,,,,,0.0034595355781631464,,,-0.0004098404517684564,-0.00037760580949453286,-0.0005037439385762183,-0.0006032010751669076,-0.0006207082303828337,-0.0005286481332923461,-0.00043483996176542323,,,,-0.0009968153360809067,,-0.0006323882239653064,-0.0007216209181444601,-0.0008084138120793607,-0.0014002882102088926,-0.0003894841379388973,-0.00038884036250428754,,-0.000505910579172245,,-0.00031476309806467045
791,2026-08-31,MDB,US60937P1066,03252601,-0.0003294795788726806,-0.00035970706317292654,-0.0004506674699522873,-0.001408673169551461,-0.0004119937290982381,-0.0006290064687569357,-0.002800576420417785,-0.0006047517206043547,,,,,,,,,,,,-0.00035482416186288687,,,,,,-0.0005181683244825858,0.0034595355781631464,0.0014002882102088926,,-0.0004098404517684564,-0.00037760580949453286,-0.0005037439385762183,,,,0.0012785240180168149,,0.0012064021503338151,,-0.0009968153360809067,,-0.0006323882239653064,,,,,,,,-0.00117624209657547,-8.546835660715565e-05
792,2026-08-31,MDLZ,US6092071058,14295301,-0.0003294795788726806,-0.00035970706317292654,,-0.001408673169551461,,,,,,,,,0.0014611703063049314,,0.0007194141263458531,,0.0010596775644824052,-0.0013757217503806663,-0.00045590778937033713,-0.00035482416186288687,,,-0.00560115284083557,-0.00588121048287735,-0.0007763974234821583,,,-0.00035970706317292654,,-0.0004098404517684564,-0.00037760580949453286,,,,,-0.00043483996176542323,,,0.002834318305001132,0.0009884387366180419,,,,,,-0.0003894841379388973,-0.00038884036250428754,-0.0006818794762756347,-0.000505910579172245,,-0.00018899741544617797
793,2026-08-31,MDT,IE00BTN1Y115,00722801,-0.0003294795788726806,-0.00035970706317292654,,,,-0.0006290064687569357,,,0.0005794296042243693,,,,,,,,,-0.0013757217503806663,-0.00045590778937033713,-0.00035482416186288687,,-0.0005970772063834871,,,-0.0007763974234821583,,,-0.00035970706317292654,,-0.0004098404517684564,-0.00037760580949453286,,,-0.0006207082303828337,,-0.00043483996176542323,,,0.002834318305001132,0.0009884387366180419,,,,,,-0.0003894841379388973,-0.00038884036250428754,-0.0006818794762756347,,,-0.0001556210018407883
794,2026-08-31,MEL,NZMELE0002S7,27004501W,-0.0003294795788726806,0.0010644724855886605,,,0.0012189037270212122,,,-0.0006047517206043547,0.0005794296042243693,0.0017171417468255033,,0.0016566790092612251,,-0.0015683227954339598,0.0007194141263458531,,,,-0.00045590778937033713,-0.00035482416186288687,,-0.0005970772063834871,,,,,,,,-0.0004098404517684564,,-0.0005037439385762183,-0.0006032010751669076,-0.0006207082303828337,-0.0005286481332923461,,,,,-0.0009968153360809067,-0.0013290871147745421,-0.0006323882239653064,-0.0007216209181444601,-0.0008084138120793607,,-0.0003894841379388973,0.0011364657937927244,0.0013366387461084884,-0.000505910579172245,-0.00117624209657547,4.06852090097044e-05
795,2026-08-31,MELI,US58733R1023,17808101,-0.0003294795788726806,-0.00035970706317292654,-0.0004506674699522873,-0.001408673169551461,-0.0004119937290982381,,,-0.0006047517206043547,,,,,-0.0008168347892885206,0.0015683227954339598,,-0.0007351513103596687,,0.0013677233681110115,-0.00045590778937033713,-0.00035482416186288687,0.001755585218769358,-0.0005970772063834871,,0.005227742651446533,-0.0007763974234821583,-0.0005181683244825858,0.0034595355781631464,0.0014002882102088926,-0.003675756551798343,,-0.00037760580949453286,0.0009926093641987087,,,,0.0012785240180168149,0.003222581086508136,0.0012064021503338151,,,,,,,,0.0011364657937927244,0.0011364657937927244,0.0013366387461084884,,0.0011588592084487387,0.00035414893563459095
796,2026-08-31,MET,US59156R1086,13376801,-0.0003294795788726806,-0.00035970706317292654,,-0.001408673169551461,-0.0004119937290982381,0.0012316671168329527,0.0026732774922169768,,0.0005794296042243693,,,,,,,-0.0007351513103596687,,,-0.00045590778937033713,,-0.0009013349399045746,,,,,,-0.001755585218769358,,,-0.0004098404517684564,-0.00037760580949453286,0.0009926093641987087,-0.0006032010751669076,-0.0006207082303828337,-0.0005286481332923461,-0.00043483996176542323,,,,0.0009884387366180419,,,,,0.0013920024811544022,0.0011364657937927244,0.0011364657937927244,,,0.0011588592084487387,1.6658105671543715e-05
797,2026-08-31,META,US30303M1027,17061701,-0.0003294795788726806,-0.00035970706317292654,-0.0004506674699522873,,-0.0004119937290982381,0.0012316671168329527,,-0.0006047517206043547,,,,0.0016566790092612251,,,,,,,,,,,,0.005227742651446533,,0.0020280036147852926,,,,,-0.00037760580949453286,,,,,,,,0.002834318305001132,0.0009884387366180419,-0.0013290871147745421,,,,,-0.0003894841379388973,-0.00038884036250428754,,,,8.228918212719719e-05
798,2026-08-31,MFC,CA56501R1064,12404201C,-0.0003294795788726806,-0.00035970706317292654,-0.0004506674699522873,,-0.0004119937290982381,,,-0.0006047517206043547,0.0005794296042243693,0.0017171417468255033,-0.002450504367865562,,,,,-0.0007351513103596687,,,-0.00045590778937033713,,-0.0009013349399045746,,,,,,,,,,,0.0009926093641987087,-0.0006032010751669076,-0.0006207082303828337,-0.0005286481332923461,,,,,0.0009884387366180419,,,,,0.0013920024811544022,0.0011364657937927244,0.0011364657937927244,,-0.000505910579172245,0.0011588592084487387,-9.244160518775321e-05
799,2026-08-31,MG,CA5592224011,00694601C,,,0.0013290871147745421,,0.0012189037270212122,,,0.001782184994811318,,,0.002450504367865562,,0.0014611703063049314,,,-0.0007351513103596687,,,-0.00045590778937033713,-0.00035482416186288687,0.001755585218769358,0.0017425808838155109,,,-0.0007763974234821583,-0.0005181683244825858,,0.0014002882102088926,,-0.0004098404517684564,-0.00037760580949453286,,-0.0006032010751669076,-0.0006207082303828337,,0.0012785240180168149,0.003222581086508136,0.0012064021503338151,,,0.0013142369794139329,,,,,0.0011364657937927244,0.0011364657937927244,0.0013366387461084884,,,0.000542046577415228
800,2026-08-31,MKC,US5797802064,00714601,-0.0003294795788726806,-0.00035970706317292654,,-0.001408673169551461,,,,,,,,,,-0.0015683227954339598,0.0007194141263458531,,0.0010596775644824052,-0.0013757217503806663,0.0013366387461084884,-0.00035482416186288687,,,,,0.0015275871384097012,,,0.0014002882102088926,,-0.0004098404517684564,-0.00037760580949453286,-0.0005037439385762183,,,,-0.00043483996176542323,,-0.0012189037270212122,-0.0014611703063049314,,,0.0012447006312967933,,,,-0.0003894841379388973,-0.00038884036250428754,,,,-8.651202429850704e-05
801,2026-08-31,MKL,US5705351048,01290901,-0.0003294795788726806,-0.00035970706317292654,-0.0004506674699522873,-0.001408673169551461,-0.0004119937290982381,,,-0.0006047517206043547,,,-0.002450504367865562,,-0.0008168347892885206,,,-0.0007351513103596687,-0.0031366455908679197,,-0.00045590778937033713,,-0.0009013349399045746,,,,,,,,,-0.0004098404517684564,-0.00037760580949453286,,-0.0006032010751669076,0.002425241436238082,-0.0005286481332923461,-0.00043483996176542323,,,,,,,0.001417159152500566,0.001589516346723608,0.0013920024811544022,,,,0.001488914046298063,,-0.00016261020165633176
802,2026-08-31,MKS,GB0031274896,01886001W,-0.0003294795788726806,-0.00035970706317292654,,,,0.0012316671168329527,,,,,,0.0016566790092612251,0.0014611703063049314,,0.0007194141263458531,,0.0010596775644824052,0.0013677233681110115,-0.00045590778937033713,0.0013920024811544022,0.001755585218769358,,,,-0.0007763974234821583,,,-0.00035970706317292654,,0.0012064021503338151,-0.00037760580949453286,0.0009926093641987087,,,,-0.00043483996176542323,,-0.0012189037270212122,,,,-0.0006323882239653064,-0.0007216209181444601,-0.0008084138120793607,0.0013920024811544022,0.0011364657937927244,0.0011364657937927244,0.0013366387461084884,-0.000505910579172245,,0.0003992626115503528
803,2026-08-31,ML,FR001400AJ45,10127703W,,-0.00035970706317292654,-0.0004506674699522873,,-0.0004119937290982381,,,-0.0006047517206043547,,,,,-0.0008168347892885206,,,-0.0007351513103596687,,,,-0.00035482416186288687,,-0.0005970772063834871,,,,-0.0005181683244825858,,0.0014002882102088926,,-0.0004098404517684564,-0.00037760580949453286,-0.0005037439385762183,-0.0006032010751669076,-0.0006207082303828337,,0.0012785240180168149,,0.0012064021503338151,,,,,,,,0.0011364657937927244,,,,,-5.319742745200869e-06
804,2026-08-31,MLM,US5732841060,02973301,-0.0003294795788726806,-0.00035970706317292654,-0.0004506674699522873,-0.001408673169551461,-0.0004119937290982381,-0.0006290064687569357,,-0.0006047517206043547,,-0.0017425808838155109,,,,,,-0.0007351513103596687,,,-0.00045590778937033713,-0.00035482416186288687,,-0.0005970772063834871,,,,-0.0005181683244825858,,0.0014002882102088926,,-0.0004098404517684564,-0.00037760580949453286,,,,,,,,-0.0014611703063049314,,,-0.0006323882239653064,-0.0007216209181444601,,,-0.0003894841379388973,,,,,-0.00024454797903043725
805,2026-08-31,MMC,US5717481023,00706501,-0.0003294795788726806,-0.00035970706317292654,-0.0004506674699522873,-0.001408673169551461,-0.0004119937290982381,-0.0006290064687569357,-0.002800576420417785,,-0.0017171417468255033,-0.0017425808838155109,0.002450504367865562,,,,,-0.0007351513103596687,,,-0.00045590778937033713,,,,,,,,,,,-0.0004098404517684564,-0.00037760580949453286,,-0.0006032010751669076,-0.0006207082303828337,-0.0005286481332923461,-0.00043483996176542323,,,,,,-0.0006323882239653064,-0.0007216209181444601,-0.0008084138120793607,,-0.0003894841379388973,-0.00038884036250428754,,-0.000505910579172245,,-0.00019821812365633648
806,2026-08-31,MMM,US88579Y1010,00743501,,,,,,-0.0006290064687569357,-0.002800576420417785,,0.0005794296042243693,,,,0.0014611703063049314,0.0015683227954339598,0.0007194141263458531,,,,,0.0013920024811544022,,0.0017425808838155109,,,-0.0007763974234821583,-0.0005181683244825858,0.0034595355781631464,-0.00035970706317292654,0.0036192064510014456,-0.0004098404517684564,-0.00037760580949453286,,-0.0006032010751669076,,-0.0005286481332923461,0.0012785240180168149,,0.0012064021503338151,0.002834318305001132,,,-0.0006323882239653064,-0.0007216209181444601,,,-0.0003894841379388973,-0.00038884036250428754,,-0.000505910579172245,0.0011588592084487387,9.119343707784602e-05
807,2026-08-31,MNG,GB00BKFB1C65,33375401W,,0.0010644724855886605,-0.0004506674699522873,,0.0012189037270212122,,,-0.0006047517206043547,0.0005794296042243693,,,,,,,-0.0007351513103596687,,,0.0013366387461084884,,-0.0009013349399045746,,,,,,,,,0.0012064021503338151,0.001109662355259877,0.0009926093641987087,-0.0006032010751669076,0.002425241436238082,-0.0005286481332923461,0.0012785240180168149,,,,,,,-0.0007216209181444601,-0.0008084138120793607,0.0013920024811544022,,-0.00038884036250428754,,-0.000505910579172245,0.0011588592084487387,7.048588931960275e-05
808,2026-08-31,MO,US02209S1033,00854301,,,,,,,,,,,,0.0016566790092612251,-0.0008168347892885206,-0.0015683227954339598,0.0007194141263458531,,-0.0031366455908679197,,-0.00045590778937033713,0.0013920024811544022,-0.0009013349399045746,,-0.00560115284083557,-0.00588121048287735,-0.0007763974234821583,,,-0.00035970706317292654,,-0.0004098404517684564,-0.00037760580949453286,-0.0005037439385762183,,,,-0.00043483996176542323,,,-0.0014611703063049314,,-0.0013290871147745421,0.0012447006312967933,0.001417159152500566,0.001589516346723608,-0.0014002882102088926,-0.0003894841379388973,-0.00038884036250428754,-0.0006818794762756347,,,-0.0001679127714147598
809,2026-08-31,MONC,IT0004965148,31689501W,-0.0003294795788726806,-0.00035970706317292654,,,-0.0004119937290982381,,,,,,,,-0.0008168347892885206,-0.0015683227954339598,,0.002219324710519754,,-0.0013757217503806663,,-0.00035482416186288687,-0.0009013349399045746,,,,,-0.0005181683244825858,,-0.00035970706317292654,,-0.0004098404517684564,-0.00037760580949453286,-0.0005037439385762183,-0.0006032010751669076,-0.0006207082303828337,,,,,,-0.0009968153360809067,-0.0013290871147745421,,,,,,-0.00038884036250428754,,,-0.00117624209657547,-0.0002166157264295945
810,2026-08-31,MOWI,NO0003054108,21542201W,-0.0003294795788726806,-0.00035970706317292654,,,,0.0012316671168329527,,,,,,-0.0016684285057808083,-0.0008168347892885206,,-0.0021193551289648105,,-0.0031366455908679197,,0.0013366387461084884,-0.00035482416186288687,,,,,0.0015275871384097012,,,-0.00035970706317292654,,0.0012064021503338151,0.001109662355259877,,,,,-0.00043483996176542323,,,,-0.0009968153360809067,,0.0012447006312967933,0.001417159152500566,0.001589516346723608,,-0.0003894841379388973,-0.00038884036250428754,-0.0006818794762756347,,,-9.523469847415493e-05
811,2026-08-31,MPC,US56585A1025,18698901,0.0009721009062607189,,0.0013290871147745421,0.002735446736222023,0.0012189037270212122,0.0012316671168329527,0.0026732774922169768,0.001782184994811318,0.0005794296042243693,,,0.0016566790092612251,-0.0008168347892885206,0.0015683227954339598,0.0007194141263458531,,,0.0013677233681110115,,,,0.0017425808838155109,,,,,,-0.00035970706317292654,,,,,,,,,,,-0.0014611703063049314,,,,,,0.0013920024811544022,-0.0003894841379388973,,,-0.000505910579172245,0.0011588592084487387,0.00035977025664750856
812,2026-08-31,MPL,AU000000MPL3,26723101W,-0.0003294795788726806,-0.00035970706317292654,-0.0004506674699522873,,-0.0004119937290982381,,,-0.0006047517206043547,,0.0017171417468255033,,0.0016566790092612251,,,,-0.0007351513103596687,-0.0031366455908679197,,-0.00045590778937033713,,-0.0009013349399045746,,,,,,,,,-0.0004098404517684564,-0.00037760580949453286,,-0.0006032010751669076,-0.0006207082303828337,-0.0005286481332923461,-0.00043483996176542323,,,,-0.0009968153360809067,-0.0013290871147745421,-0.0006323882239653064,-0.0007216209181444601,-0.0008084138120793607,,-0.0003894841379388973,-0.00038884036250428754,,-0.000505910579172245,-0.00117624209657547,-0.0001822428565415958
813,2026-08-31,MPWR,US6098391054,16088801,0.0009721009062607189,0.0010644724855886605,-0.0004506674699522873,,,,,0.001782184994811318,,,-0.002450504367865562,0.0016566790092612251,-0.0008168347892885206,,,,,,-0.00045590778937033713,-0.00035482416186288687,,,,,-0.0007763974234821583,-0.0005181683244825858,-0.001755585218769358,-0.00035970706317292654,-0.003675756551798343,-0.0004098404517684564,-0.00037760580949453286,-0.0005037439385762183,,,,-0.00043483996176542323,,,,-0.0009968153360809067,,-0.0006323882239653064,,,,,,,,-0.00117624209657547,-0.0001563047516413308
814,2026-08-31,MQG,AU000000MQG1,21285601W,,0.0010644724855886605,0.0013290871147745421,,,-0.0006290064687569357,,0.001782184994811318,0.0005794296042243693,-0.0017425808838155109,,,,,,0.002219324710519754,0.0010596775644824052,,,,0.001755585218769358,,,,,,,,,-0.0004098404517684564,,,-0.0006032010751669076,-0.0006207082303828337,-0.0005286481332923461,-0.00043483996176542323,,-0.0012189037270212122,,,,-0.0006323882239653064,-0.0007216209181444601,-0.0008084138120793607,,-0.0003894841379388973,-0.00038884036250428754,,-0.000505910579172245,,4.166623800772405e-05
815,2026-08-31,MRK,DE0006599905,22030101W,-0.0003294795788726806,-0.00035970706317292654,,,,-0.0006290064687569357,,,,,,,,,-0.0021193551289648105,,,,-0.00045590778937033713,-0.00035482416186288687,,-0.0005970772063834871,,,-0.0007763974234821583,,,-0.00035970706317292654,,-0.0004098404517684564,-0.00037760580949453286,-0.0005037439385762183,,-0.0006207082303828337,,-0.00043483996176542323,-0.0032673391571540825,,,,,,,,,,,,0.001488914046298063,,-0.00016069069314503676
816,2026-08-31,MRK,US58933Y1055,00725701,-0.0003294795788726806,-0.00035970706317292654,,,,-0.0006290064687569357,-0.002800576420417785,,,,,,,,,,,,-0.00045590778937033713,-0.00035482416186288687,,-0.0005970772063834871,,,-0.0007763974234821583,,,-0.00035970706317292654,-0.003675756551798343,-0.0004098404517684564,-0.00037760580949453286,-0.0005037439385762183,,-0.0006207082303828337,,-0.00043483996176542323,,-0.0012189037270212122,,0.0009884387366180419,,-0.0006323882239653064,-0.0007216209181444601,0.001589516346723608,,-0.0003894841379388973,-0.00038884036250428754,-0.0006818794762756347,,,-0.00032626866907113096
817,2026-08-31,MRO,GB00BNGDN821,27065401W,-0.0003294795788726806,-0.00035970706317292654,0.0013290871147745421,,-0.0004119937290982381,0.0012316671168329527,,,0.0005794296042243693,,,,,,0.0007194141263458531,,,,,-0.00035482416186288687,,-0.0005970772063834871,,,-0.0007763974234821583,-0.0005181683244825858,,,,-0.0004098404517684564,-0.00037760580949453286,0.0009926093641987087,,,-0.0005286481332923461,0.0012785240180168149,,0.0012064021503338151,,,,,-0.0007216209181444601,-0.0008084138120793607,,-0.0003894841379388973,-0.00038884036250428754,-0.0006818794762756347,-0.000505910579172245,,-1.9973122667906817e-06
818,2026-08-31,MRU,CA59162N1096,02189401C,-0.0003294795788726806,-0.00035970706317292654,,,,,,,,,,,,,0.0007194141263458531,,0.0010596775644824052,,-0.00045590778937033713,-0.00035482416186288687,,,0.006190747876712999,,,,,-0.00035970706317292654,,-0.0004098404517684564,-0.00037760580949453286,,,,,,,,,,-0.0013290871147745421,,,,,-0.0003894841379388973,,,-0.000505910579172245,,-4.940382969418189e-05
819,2026-08-31,MRVL,US5738741041,13731001,,,-0.0004506674699522873,,-0.0004119937290982381,,,-0.0006047517206043547,,,,,,-0.0015683227954339598,,,,-0.0013757217503806663,0.0013366387461084884,-0.00035482416186288687,,,,,0.0015275871384097012,-0.0005181683244825858,-0.001755585218769358,-0.00035970706317292654,,0.0012064021503338151,0.001109662355259877,,,,,-0.00043483996176542323,,,0.002834318305001132,,,,,,,,,,,,-2.3395007447365948e-05
820,2026-08-31,MS,US6174464486,01212401,0.0009721009062607189,0.0010644724855886605,,0.002735446736222023,0.0012189037270212122,,,0.001782184994811318,,-0.0017425808838155109,,-0.0016684285057808083,-0.0008168347892885206,,,-0.0007351513103596687,,,-0.00045590778937033713,,-0.0009013349399045746,,,,,,0.0034595355781631464,,,-0.0004098404517684564,,,-0.0006032010751669076,-0.0006207082303828337,-0.0005286481332923461,0.0012785240180168149,,0.0012064021503338151,,0.0009884387366180419,,,-0.0007216209181444601,-0.0008084138120793607,,-0.0003894841379388973,-0.00038884036250428754,,-0.000505910579172245,,-0.00010749330360392252
821,2026-08-31,MSCI,US55354G1004,17850701,-0.0003294795788726806,-0.00035970706317292654,-0.0004506674699522873,-0.001408673169551461,-0.0004119937290982381,-0.0006290064687569357,,-0.0006047517206043547,-0.0017171417468255033,-0.0017425808838155109,0.002450504367865562,,,,,-0.0007351513103596687,-0.0031366455908679197,,-0.00045590778937033713,,,,,,,,0.0034595355781631464,,,-0.0004098404517684564,-0.00037760580949453286,-0.0005037439385762183,,-0.0006207082303828337,-0.0005286481332923461,-0.00043483996176542323,,,0.002834318305001132,-0.0009968153360809067,,-0.0006323882239653064,-0.0007216209181444601,-0.0008084138120793607,-0.0014002882102088926,-0.0003894841379388973,-0.00038884036250428754,,-0.000505910579172245,,-0.00022445350231874321
822,2026-08-31,MSFT,US5949181045,01214101,-0.0003294795788726806,-0.00035970706317292654,,-0.001408673169551461,-0.0004119937290982381,,,-0.0006047517206043547,,,,,-0.0008168347892885206,,,,,,,0.0013920024811544022,,,,,,-0.0005181683244825858,-0.001755585218769358,-0.00035970706317292654,,,,,,,,-0.00043483996176542323,,0.0012064021503338151,,0.0009884387366180419,,,,,,,,,,,2.0311480895036956e-05
823,2026-08-31,MSI,US6200763075,00758501,-0.0003294795788726806,-0.00035970706317292654,-0.0004506674699522873,-0.001408673169551461,-0.0004119937290982381,-0.0006290064687569357,,,,,,,-0.0008168347892885206,0.0015683227954339598,,,,,-0.00045590778937033713,-0.00035482416186288687,,,,,-0.0007763974234821583,-0.0005181683244825858,-0.001755585218769358,-0.00035970706317292654,-0.003675756551798343,-0.0004098404517684564,-0.00037760580949453286,-0.0005037439385762183,,,,-0.00043483996176542323,,,-0.0014611703063049314,,,-0.0006323882239653064,,,,,,,,0.0011588592084487387,-0.00020484550433682284
824,2026-08-31,MSTR,US5949724083,11153401,-0.0003294795788726806,-0.00035970706317292654,,0.002735446736222023,0.0012189037270212122,,,,,,-0.002450504367865562,-0.0016684285057808083,,-0.0015683227954339598,,,,-0.0013757217503806663,-0.00045590778937033713,-0.00035482416186288687,,,,,-0.0007763974234821583,-0.0005181683244825858,-0.001755585218769358,0.0014002882102088926,,-0.0004098404517684564,-0.00037760580949453286,-0.0005037439385762183,,,,-0.00043483996176542323,,,-0.0014611703063049314,0.0009884387366180419,,,,,,,,,,,-0.0003328295196502191
825,2026-08-31,MT,LU1598757687,06524801W,0.0009721009062607189,-0.00035970706317292654,-0.0004506674699522873,,-0.0004119937290982381,0.0012316671168329527,,-0.0006047517206043547,,,,,-0.0008168347892885206,,,-0.0007351513103596687,,,,-0.00035482416186288687,-0.0009013349399045746,-0.0005970772063834871,,,,,,-0.00035970706317292654,,0.0012064021503338151,0.001109662355259877,-0.0005037439385762183,,,,-0.00043483996176542323,,,,0.0009884387366180419,,0.0012447006312967933,,,,-0.0003894841379388973,-0.00038884036250428754,-0.0006818794762756347,,,-0.00011771097158260194
826,2026-08-31,MTB,US55261F1049,00469901,-0.0003294795788726806,,,,,,,0.001782184994811318,0.0005794296042243693,,,-0.0016684285057808083,,,,-0.0007351513103596687,0.0010596775644824052,,,,,,,,,,,,,,,,-0.0006032010751669076,,-0.0005286481332923461,,,,-0.0014611703063049314,,,,,,,,,,,,-2.2593913835581224e-05
827,2026-08-31,MTD,US5926881054,06577201,-0.0003294795788726806,,,,,-0.0006290064687569357,,,,,,,,,0.0007194141263458531,,,0.0013677233681110115,-0.00045590778937033713,0.0013920024811544022,,-0.0005970772063834871,,,,,,-0.00035970706317292654,-0.003675756551798343,-0.0004098404517684564,-0.00037760580949453286,-0.0005037439385762183,,-0.0006207082303828337,,-0.00043483996176542323,,,-0.0014611703063049314,-0.0009968153360809067,-0.0013290871147745421,-0.0006323882239653064,,-0.0008084138120793607,,-0.0003894841379388973,-0.00038884036250428754,,-0.000505910579172245,0.0011588592084487387,-0.0001372045107678003
828,2026-08-31,MTX,DE000A0D9PT0,27309901W,-0.0003294795788726806,-0.00035970706317292654,0.0013290871147745421,,-0.0004119937290982381,-0.0006290064687569357,,,,,,,,,,,,,,-0.00035482416186288687,,0.0017425808838155109,,,0.0015275871384097012,,,0.0014002882102088926,,0.0012064021503338151,0.001109662355259877,0.0009926093641987087,-0.0006032010751669076,,-0.0005286481332923461,,,,,,,,,,,-0.0003894841379388973,-0.00038884036250428754,-0.0006818794762756347,-0.000505910579172245,,-2.6810563858323367e-05
829,2026-08-31,MTZ,US5763231090,00249701,0.0009721009062607189,0.0010644724855886605,-0.0004506674699522873,0.002735446736222023,0.0012189037270212122,0.0012316671168329527,0.0026732774922169768,,,,,,,0.0015683227954339598,0.0007194141263458531,,,0.0013677233681110115,,-0.00035482416186288687,,,,,0.0015275871384097012,0.0020280036147852926,-0.001755585218769358,-0.00035970706317292654,0.0036192064510014456,,0.001109662355259877,0.0009926093641987087,,,,-0.00043483996176542323,,-0.0012189037270212122,,,,0.0012447006312967933,-0.0007216209181444601,-0.0008084138120793607,,-0.0003894841379388973,-0.00038884036250428754,-0.0006818794762756347,-0.000505910579172245,,0.00016514456201362085
830,2026-08-31,MU,US5951121038,00734301,0.0009721009062607189,0.0010644724855886605,0.0013290871147745421,0.002735446736222023,0.0012189037270212122,0.0012316671168329527,0.0026732774922169768,-0.0006047517206043547,,,0.002450504367865562,,0.0014611703063049314,,,,,,0.0013366387461084884,0.0013920024811544022,,,,,0.0015275871384097012,0.0020280036147852926,0.0034595355781631464,0.0014002882102088926,0.0036192064510014456,,,-0.0005037439385762183,,,,-0.00043483996176542323,,,0.002834318305001132,0.0009884387366180419,,0.0012447006312967933,,,,,,,,-0.00117624209657547,0.00047841184975450806
831,2026-08-31,MUV2,DE0008430026,01567701W,-0.0003294795788726806,-0.00035970706317292654,-0.0004506674699522873,,-0.0004119937290982381,,,-0.0006047517206043547,0.0005794296042243693,0.0017171417468255033,,,,,,-0.0007351513103596687,0.0010596775644824052,,,,-0.0009013349399045746,,,,,,,,,0.0012064021503338151,0.001109662355259877,,0.0017687851076322854,-0.0006207082303828337,0.0020635826255709995,,,,,,,0.0012447006312967933,0.001417159152500566,0.001589516346723608,0.0013920024811544022,,-0.00038884036250428754,,0.001488914046298063,,0.00025807445852671243
832,2026-08-31,MZTF,IL0006954379,22276501W,-0.0003294795788726806,-0.00035970706317292654,-0.0004506674699522873,,-0.0004119937290982381,,,,0.0005794296042243693,,,,,,,0.002219324710519754,0.0010596775644824052,,-0.00045590778937033713,,0.001755585218769358,,,,,,,,,,-0.00037760580949453286,-0.0005037439385762183,,,-0.0005286481332923461,,,,,,,,0.001417159152500566,0.001589516346723608,,,,,0.001488914046298063,,0.00028711914537167467
833,2026-08-31,NA,CA6330671034,01562001C,-0.0003294795788726806,-0.00035970706317292654,-0.0004506674699522873,,-0.0004119937290982381,,,-0.0006047517206043547,0.0005794296042243693,0.0017171417468255033,0.002450504367865562,-0.0016684285057808083,,,,-0.0007351513103596687,0.0010596775644824052,,-0.00045590778937033713,,,,,,,,,,,,-0.00037760580949453286,-0.0005037439385762183,-0.0006032010751669076,,-0.0005286481332923461,,,,,,,,-0.0007216209181444601,-0.0008084138120793607,,,,,-0.000505910579172245,0.0011588592084487387,2.0030294815758607e-06
834,2026-08-31,NAB,AU000000NAB4,01480201W,-0.0003294795788726806,-0.00035970706317292654,-0.0004506674699522873,,-0.0004119937290982381,-0.0006290064687569357,,-0.0006047517206043547,0.0005794296042243693,-0.0017425808838155109,-0.002450504367865562,-0.0016684285057808083,,,,0.002219324710519754,0.0010596775644824052,,-0.00045590778937033713,,0.001755585218769358,,,,,,,,,,-0.00037760580949453286,-0.0005037439385762183,-0.0006032010751669076,,-0.0005286481332923461,,,,,0.0009884387366180419,,-0.0006323882239653064,,-0.0008084138120793607,-0.0014002882102088926,,,,,,-0.00015145556912582724
835,2026-08-31,NBIS,NL0009805522,18711801,-0.0003294795788726806,-0.00035970706317292654,0.0013290871147745421,-0.001408673169551461,-0.0004119937290982381,,,-0.0006047517206043547,,,0.002450504367865562,-0.0016684285057808083,,-0.0015683227954339598,,,,-0.0013757217503806663,0.0013366387461084884,-0.00035482416186288687,,,,,0.0015275871384097012,-0.0005181683244825858,-0.001755585218769358,0.0014002882102088926,,0.0012064021503338151,,,,,,-0.00043483996176542323,,,-0.0014611703063049314,,,,,,,,,,,,-2.921508689236246e-05
836,2026-08-31,NBIX,US64125C1099,06292101,-0.0003294795788726806,,,,,0.0012316671168329527,0.0026732774922169768,,0.0005794296042243693,,,,,,0.0007194141263458531,,,,0.0013366387461084884,-0.00035482416186288687,-0.0009013349399045746,0.0017425808838155109,,,0.0015275871384097012,,,0.0014002882102088926,,0.0012064021503338151,0.001109662355259877,0.0009926093641987087,,0.002425241436238082,,0.0012785240180168149,0.003222581086508136,0.0012064021503338151,,-0.0009968153360809067,,0.0012447006312967933,,,,-0.0003894841379388973,,0.0013366387461084884,-0.000505910579172245,-0.00117624209657547,0.00038323652277570875
837,2026-08-31,NDA SE,FI4000297767,21488101W,-0.0003294795788726806,-0.00035970706317292654,-0.0004506674699522873,,-0.0004119937290982381,-0.0006290064687569357,,-0.0006047517206043547,0.0005794296042243693,-0.0017425808838155109,,0.0016566790092612251,,,,0.002219324710519754,0.0010596775644824052,,-0.00045590778937033713,,0.001755585218769358,,,,,,,,,,-0.00037760580949453286,-0.0005037439385762183,-0.0006032010751669076,,-0.0005286481332923461,,,,,0.0009884387366180419,,,,,,,,,0.001488914046298063,0.0011588592084487387,0.00022323615881209748
838,2026-08-31,NDAQ,US6311031081,14933701,,,-0.0004506674699522873,,,,,0.001782184994811318,-0.0017171417468255033,-0.0017425808838155109,0.002450504367865562,,-0.0008168347892885206,,,-0.0007351513103596687,,,0.0013366387461084884,,-0.0009013349399045746,,,,,,-0.001755585218769358,,,-0.0004098404517684564,-0.00037760580949453286,-0.0005037439385762183,,-0.0006207082303828337,-0.0005286481332923461,-0.00043483996176542323,,,0.002834318305001132,-0.0009968153360809067,,,-0.0007216209181444601,-0.0008084138120793607,-0.0014002882102088926,-0.0003894841379388973,-0.00038884036250428754,,-0.000505910579172245,-0.00117624209657547,-9.76295152015463e-05
839,2026-08-31,NDSN,US6556631025,00792101,-0.0003294795788726806,-0.00035970706317292654,-0.0004506674699522873,-0.001408673169551461,-0.0004119937290982381,,,,0.0005794296042243693,,,,0.0014611703063049314,-0.0015683227954339598,0.0007194141263458531,,,-0.0013757217503806663,,-0.00035482416186288687,,,,,,-0.0005181683244825858,,0.0014002882102088926,,,-0.00037760580949453286,-0.0005037439385762183,-0.0006032010751669076,,-0.0005286481332923461,,,,-0.0014611703063049314,-0.0009968153360809067,-0.0013290871147745421,-0.0006323882239653064,-0.0007216209181444601,-0.0008084138120793607,-0.0014002882102088926,-0.0003894841379388973,-0.00038884036250428754,,-0.000505910579172245,-0.00117624209657547,-0.0001959661464262034
840,2026-08-31,NEE,US65339F1012,00451701,,,,0.002735446736222023,,,-0.002800576420417785,,0.0005794296042243693,,,,,-0.0015683227954339598,0.0007194141263458531,,,-0.0013757217503806663,0.0013366387461084884,-0.00035482416186288687,,-0.0005970772063834871,,-0.00588121048287735,,,,,,0.0012064021503338151,,,,-0.0006207082303828337,-0.0005286481332923461,,,,,0.0009884387366180419,,,,,-0.0014002882102088926,-0.0003894841379388973,,,-0.000505910579172245,,-0.00013268994363457176
841,2026-08-31,NEM,DE0006452907,22862301W,-0.0003294795788726806,-0.00035970706317292654,-0.0004506674699522873,,-0.0004119937290982381,,,-0.0006047517206043547,,,,0.0016566790092612251,-0.0008168347892885206,,,,,,-0.00045590778937033713,-0.00035482416186288687,,,,,,-0.0005181683244825858,,-0.00035970706317292654,,,,,,,,-0.00043483996176542323,,,,-0.0009968153360809067,,,,,,,,,,,2.2374051978930176e-06
842,2026-08-31,NEM,US6516391066,00788101,-0.0003294795788726806,-0.00035970706317292654,,-0.001408673169551461,-0.0004119937290982381,0.0012316671168329527,,,,,,0.0016566790092612251,,,,0.002219324710519754,,,,0.0013920024811544022,,,,,0.0015275871384097012,-0.0005181683244825858,0.0034595355781631464,0.0014002882102088926,,,,,,,,0.0012785240180168149,,0.0012064021503338151,0.002834318305001132,0.0009884387366180419,,0.0012447006312967933,0.001417159152500566,,,0.0011364657937927244,0.0011364657937927244,0.0013366387461084884,,,0.00045637134339633346
843,2026-08-31,NESN,CH0038863350,01660301W,0.0009721009062607189,-0.00035970706317292654,,,,-0.0006290064687569357,,,,,,,,,,,,,-0.00045590778937033713,-0.00035482416186288687,-0.0009013349399045746,,,,-0.0007763974234821583,,,0.0014002882102088926,,-0.0004098404517684564,-0.00037760580949453286,-0.0005037439385762183,,,,,,,,0.0009884387366180419,,-0.0006323882239653064,-0.0007216209181444601,-0.0008084138120793607,,-0.0003894841379388973,-0.00038884036250428754,,,0.0011588592084487387,-0.0001904174833552899
844,2026-08-31,NESTE,FI0009013296,27274601W,0.0009721009062607189,,-0.0004506674699522873,,,0.0012316671168329527,,-0.0006047517206043547,0.0005794296042243693,,,0.0016566790092612251,-0.0008168347892885206,,0.0007194141263458531,,,0.0013677233681110115,0.0013366387461084884,,,0.0017425808838155109,,,,,,,,,,,,,,,,,,,,0.0012447006312967933,,,,-0.0003894841379388973,,,-0.000505910579172245,,0.00018760265856758492
845,2026-08-31,NET,US18915M1071,03560401,-0.0003294795788726806,,-0.0004506674699522873,-0.001408673169551461,-0.0004119937290982381,-0.0006290064687569357,-0.002800576420417785,-0.0006047517206043547,,,0.002450504367865562,,,,,,,,-0.00045590778937033713,-0.00035482416186288687,,,,,-0.0007763974234821583,-0.0005181683244825858,,-0.00035970706317292654,-0.003675756551798343,-0.0004098404517684564,-0.00037760580949453286,-0.0005037439385762183,,,,-0.00043483996176542323,,,-0.0014611703063049314,,,-0.0006323882239653064,,,,,,,,0.0011588592084487387,-0.0001555536669020431
846,2026-08-31,NFLX,US64110L1061,14757901,-0.0003294795788726806,-0.00035970706317292654,-0.0004506674699522873,-0.001408673169551461,-0.0004119937290982381,,,-0.0006047517206043547,,,,0.0016566790092612251,,,,,,,,,-0.0009013349399045746,,,0.005227742651446533,,-0.0005181683244825858,,,,,,,,,,,,,0.002834318305001132,,-0.0013290871147745421,,,,,-0.0003894841379388973,-0.00038884036250428754,,,,-4.114330537630256e-05
847,2026-08-31,NG.,GB00BDR05C01,21181901W,-0.0003294795788726806,-0.00035970706317292654,,,-0.0004119937290982381,0.0012316671168329527,,-0.0006047517206043547,,,-0.002450504367865562,,,-0.0015683227954339598,,,,,,-0.00035482416186288687,,0.0017425808838155109,,,,,,,,-0.0004098404517684564,,-0.0005037439385762183,-0.0006032010751669076,-0.0006207082303828337,-0.0005286481332923461,,,,,0.0009884387366180419,,0.0012447006312967933,,,,,-0.00038884036250428754,-0.0006818794762756347,,,-0.00024071071653278145
848,2026-08-31,NHY,NO0005052605,01238301W,-0.0003294795788726806,,-0.0004506674699522873,,,0.0012316671168329527,,0.001782184994811318,,,,,-0.0008168347892885206,,,-0.0007351513103596687,,,-0.00045590778937033713,-0.00035482416186288687,,-0.0005970772063834871,,,-0.0007763974234821583,-0.0005181683244825858,,-0.00035970706317292654,,-0.0004098404517684564,-0.00037760580949453286,-0.0005037439385762183,,,,-0.00043483996176542323,,-0.0012189037270212122,,,,0.0012447006312967933,,,,,,,,,-4.1114686273196657e-05
849,2026-08-31,NI,US65473P1057,00797401,,-0.00035970706317292654,,,-0.0004119937290982381,,,,,,-0.002450504367865562,,,,,,,,-0.00045590778937033713,-0.00035482416186288687,,-0.0005970772063834871,,0.005227742651446533,,,,,,-0.0004098404517684564,,,,-0.0006207082303828337,-0.0005286481332923461,,,,,,,,-0.0007216209181444601,-0.0008084138120793607,,-0.0003894841379388973,-0.00038884036250428754,,-0.000505910579172245,,-0.0002739537356162347
850,2026-08-31,NIBE B,SE0015988019,23424601W,-0.0003294795788726806,-0.00035970706317292654,-0.0004506674699522873,,-0.0004119937290982381,,,,0.0005794296042243693,,,,0.0014611703063049314,,0.0007194141263458531,,,,,-0.00035482416186288687,,0.0017425808838155109,,,-0.0007763974234821583,-0.0005181683244825858,,0.0014002882102088926,,-0.0004098404517684564,-0.00037760580949453286,-0.0005037439385762183,-0.0006032010751669076,,-0.0005286481332923461,0.0012785240180168149,,,,-0.0009968153360809067,,,-0.0007216209181444601,-0.0008084138120793607,,-0.0003894841379388973,0.0011364657937927244,0.0013366387461084884,,,3.1385754758922996e-05
851,2026-08-31,NKE,US6541061031,00790601,-0.0003294795788726806,-0.00035970706317292654,,-0.001408673169551461,-0.0004119937290982381,,,,,,-0.002450504367865562,,,,,-0.0007351513103596687,,,-0.00045590778937033713,-0.00035482416186288687,-0.0009013349399045746,-0.0005970772063834871,-0.00560115284083557,,-0.0007763974234821583,0.0020280036147852926,-0.001755585218769358,-0.00035970706317292654,,-0.0004098404517684564,-0.00037760580949453286,-0.0005037439385762183,-0.0006032010751669076,-0.0006207082303828337,,-0.00043483996176542323,-0.0032673391571540825,-0.0012189037270212122,,,,,,,,-0.0003894841379388973,-0.00038884036250428754,-0.0006818794762756347,,,-0.0005883594917031194
852,2026-08-31,NLY,US0357108390,06555601,0.0009721009062607189,,,0.002735446736222023,,-0.0006290064687569357,-0.002800576420417785,,0.0005794296042243693,-0.0017425808838155109,,,,,,-0.0007351513103596687,,,0.0013366387461084884,,-0.0009013349399045746,,,,,,-0.001755585218769358,,,,0.001109662355259877,,-0.0006032010751669076,,0.0020635826255709995,-0.00043483996176542323,,-0.0012189037270212122,,,,0.0012447006312967933,0.001417159152500566,0.001589516346723608,,-0.0003894841379388973,-0.00038884036250428754,,0.001488914046298063,,-1.001169093283897e-05
853,2026-08-31,NN,NL0010773842,26084001W,-0.0003294795788726806,-0.00035970706317292654,-0.0004506674699522873,,-0.0004119937290982381,-0.0006290064687569357,,-0.0006047517206043547,,,-0.002450504367865562,0.0016566790092612251,,,,-0.0007351513103596687,0.0010596775644824052,,-0.00045590778937033713,,-0.0009013349399045746,,,,,,,,,-0.0004098404517684564,-0.00037760580949453286,0.0009926093641987087,0.0017687851076322854,-0.0006207082303828337,0.0020635826255709995,-0.00043483996176542323,,-0.0012189037270212122,,,,-0.0006323882239653064,-0.0007216209181444601,-0.0008084138120793607,0.0013920024811544022,,-0.00038884036250428754,,,,-0.00011278913421755635
854,2026-08-31,NOC,US6668071029,00798501,-0.0003294795788726806,,,,,-0.0006290064687569357,-0.002800576420417785,,0.0005794296042243693,,,,,,0.0007194141263458531,,,,,-0.00035482416186288687,,,,,,-0.0005181683244825858,0.0034595355781631464,0.0014002882102088926,,,,,-0.0006032010751669076,,-0.0005286481332923461,0.0012785240180168149,,0.0012064021503338151,0.002834318305001132,,,,0.001417159152500566,0.001589516346723608,,-0.0003894841379388973,-0.00038884036250428754,,0.001488914046298063,,0.00012830380932983716
855,2026-08-31,NOKIA,FI0009000681,02367102W,-0.0003294795788726806,-0.00035970706317292654,-0.0004506674699522873,,-0.0004119937290982381,,,-0.0006047517206043547,,,,-0.0016684285057808083,-0.0008168347892885206,,,,,,-0.00045590778937033713,-0.00035482416186288687,,,,,-0.0007763974234821583,-0.0005181683244825858,,-0.00035970706317292654,,-0.0004098404517684564,-0.00037760580949453286,,,,,-0.00043483996176542323,,-0.0012189037270212122,,0.0009884387366180419,,-0.0006323882239653064,,,,,,,,,-0.0002598731450667907
856,2026-08-31,NOVN,CH0012005267,10131001W,-0.0003294795788726806,-0.00035970706317292654,,,,-0.0006290064687569357,,,0.0005794296042243693,,,,,,0.0007194141263458531,,,,-0.00045590778937033713,0.0013920024811544022,-0.0009013349399045746,-0.0005970772063834871,,,-0.0007763974234821583,,,-0.00035970706317292654,,-0.0004098404517684564,-0.00037760580949453286,-0.0005037439385762183,,-0.0006207082303828337,,-0.00043483996176542323,,-0.0012189037270212122,,0.0009884387366180419,,,,,,-0.0003894841379388973,0.0011364657937927244,0.0013366387461084884,,,-5.384488896038357e-05
857,2026-08-31,NOVO B,DK0062498333,00802002W,,0.0010644724855886605,,,,-0.0006290064687569357,,,-0.0017171417468255033,,,,,,-0.0021193551289648105,,,0.0013677233681110115,,0.0013920024811544022,-0.0009013349399045746,-0.0005970772063834871,,,0.0015275871384097012,,,-0.00035970706317292654,,0.0012064021503338151,,,,0.002425241436238082,,-0.00043483996176542323,,-0.0012189037270212122,,,,0.0012447006312967933,0.001417159152500566,0.001589516346723608,,0.0011364657937927244,,,0.001488914046298063,,0.00014506742297962615
858,2026-08-31,NOW,US81762P1021,17100701,-0.0003294795788726806,-0.00035970706317292654,-0.0004506674699522873,-0.001408673169551461,-0.0004119937290982381,,,-0.0006047517206043547,,,,,,,,,,,-0.00045590778937033713,-0.00035482416186288687,,,,,-0.0007763974234821583,-0.0005181683244825858,,-0.00035970706317292654,-0.003675756551798343,-0.0004098404517684564,-0.00037760580949453286,,,,,-0.00043483996176542323,,,,,,-0.0006323882239653064,,,,,,,,,-0.00019883057646921567
859,2026-08-31,NRG,US6293775085,13599003,0.0009721009062607189,-0.00035970706317292654,,-0.001408673169551461,-0.0004119937290982381,0.0012316671168329527,0.0026732774922169768,-0.0006047517206043547,0.0005794296042243693,-0.0017425808838155109,,0.0016566790092612251,,0.0015683227954339598,0.0007194141263458531,,,0.0013677233681110115,-0.00045590778937033713,-0.00035482416186288687,,-0.0005970772063834871,,-0.00588121048287735,,,-0.001755585218769358,,,-0.0004098404517684564,,0.0009926093641987087,,0.002425241436238082,-0.0005286481332923461,,,,,,0.0013142369794139329,-0.0006323882239653064,-0.0007216209181444601,-0.0008084138120793607,0.0013920024811544022,-0.0003894841379388973,,,-0.000505910579172245,0.0011588592084487387,0.00011387494452434036
860,2026-08-31,NSC,US6558441084,00792301,,0.0010644724855886605,-0.0004506674699522873,0.002735446736222023,0.0012189037270212122,-0.0006290064687569357,-0.002800576420417785,,,-0.0017425808838155109,,,,-0.0015683227954339598,-0.0021193551289648105,,,-0.0013757217503806663,,-0.00035482416186288687,,-0.0005970772063834871,,,-0.0007763974234821583,-0.0005181683244825858,-0.001755585218769358,-0.00035970706317292654,,-0.0004098404517684564,-0.00037760580949453286,-0.0005037439385762183,-0.0006032010751669076,,-0.0005286481332923461,-0.00043483996176542323,,,0.002834318305001132,,-0.0013290871147745421,-0.0006323882239653064,,,-0.0014002882102088926,-0.0003894841379388973,-0.00038884036250428754,-0.0006818794762756347,-0.000505910579172245,,-0.00028604519439121516
861,2026-08-31,NSIS B,DK0060336014,24133601W,-0.0003294795788726806,,-0.0004506674699522873,,,-0.0006290064687569357,,,,,,-0.0016684285057808083,-0.0008168347892885206,,,-0.0007351513103596687,,,,-0.00035482416186288687,,-0.0005970772063834871,,,,-0.0005181683244825858,,-0.00035970706317292654,,-0.0004098404517684564,-0.00037760580949453286,-0.0005037439385762183,,,,-0.00043483996176542323,,,,,,-0.0006323882239653064,-0.0007216209181444601,,,-0.0003894841379388973,-0.00038884036250428754,-0.0006818794762756347,,,-0.00026981238326062465
862,2026-08-31,NST,AU000000NST8,25962501W,-0.0003294795788726806,-0.00035970706317292654,,,-0.0004119937290982381,,,-0.0006047517206043547,,0.0017171417468255033,,0.0016566790092612251,-0.0008168347892885206,,,-0.0007351513103596687,,,0.0013366387461084884,-0.00035482416186288687,-0.0009013349399045746,0.0017425808838155109,,,,-0.0005181683244825858,,-0.00035970706317292654,,,,-0.0005037439385762183,,,,-0.00043483996176542323,,-0.0012189037270212122,,,,0.0012447006312967933,,,,,-0.00038884036250428754,-0.0006818794762756347,,,-1.0528601533526364e-05
863,2026-08-31,NTAP,US64110D1046,06159101,-0.0003294795788726806,-0.00035970706317292654,,,,-0.0006290064687569357,-0.002800576420417785,0.001782184994811318,,,,,-0.0008168347892885206,0.0015683227954339598,,,,0.0013677233681110115,-0.00045590778937033713,0.0013920024811544022,,,,,-0.0007763974234821583,-0.0005181683244825858,,-0.00035970706317292654,,-0.0004098404517684564,-0.00037760580949453286,,,,,0.0012785240180168149,,0.0012064021503338151,-0.0014611703063049314,,,-0.0006323882239653064,,,,,,,,0.0011588592084487387,0.00011224254515246329
864,2026-08-31,NTGY,ES0116870314,22058601W,0.0009721009062607189,0.0010644724855886605,,,0.0012189037270212122,-0.0006290064687569357,,,0.0005794296042243693,,0.002450504367865562,,,0.0015683227954339598,0.0007194141263458531,,,0.0013677233681110115,-0.00045590778937033713,0.0013920024811544022,,,,,,,,,,,,0.0009926093641987087,0.0017687851076322854,-0.0006207082303828337,0.0020635826255709995,,,,,,,-0.0006323882239653064,0.001417159152500566,0.001589516346723608,0.0013920024811544022,0.0011364657937927244,0.0011364657937927244,0.0013366387461084884,0.001488914046298063,,0.0005745819426636312
865,2026-08-31,NTR,CA67077M1086,01658201C,-0.0003294795788726806,-0.00035970706317292654,-0.0004506674699522873,,-0.0004119937290982381,,,-0.0006047517206043547,,,,-0.0016684285057808083,,,,-0.0007351513103596687,,,,-0.00035482416186288687,,,-0.00560115284083557,,,-0.0005181683244825858,,-0.00035970706317292654,,0.0012064021503338151,0.001109662355259877,0.0009926093641987087,,,,0.0012785240180168149,,0.0012064021503338151,,0.0009884387366180419,,0.0012447006312967933,0.001417159152500566,,,,,,,,7.133210421486907e-06
866,2026-08-31,NTRA,US6323071042,02417601,0.0009721009062607189,0.0010644724855886605,,,,,,,-0.0017171417468255033,,,,,,0.0007194141263458531,,,0.0013677233681110115,-0.00045590778937033713,-0.00035482416186288687,0.001755585218769358,-0.0005970772063834871,,,-0.0007763974234821583,,,-0.00035970706317292654,,-0.0004098404517684564,-0.00037760580949453286,-0.0005037439385762183,,-0.0006207082303828337,,-0.00043483996176542323,,,,-0.0009968153360809067,-0.0013290871147745421,,-0.0007216209181444601,-0.0008084138120793607,-0.0014002882102088926,-0.0003894841379388973,-0.00038884036250428754,-0.0006818794762756347,-0.000505910579172245,,-0.00010417978327761105
867,2026-08-31,NTRS,US6658591044,00798201,0.0009721009062607189,0.0010644724855886605,,0.002735446736222023,,,,0.001782184994811318,0.0005794296042243693,,,-0.0016684285057808083,,,,-0.0007351513103596687,0.0010596775644824052,,-0.00045590778937033713,,,,,,,,-0.001755585218769358,,,-0.0004098404517684564,-0.00037760580949453286,-0.0005037439385762183,-0.0006032010751669076,-0.0006207082303828337,-0.0005286481332923461,-0.00043483996176542323,,-0.0012189037270212122,,,,,-0.0007216209181444601,-0.0008084138120793607,,-0.0003894841379388973,-0.00038884036250428754,,-0.000505910579172245,,-0.00012395589034255337
868,2026-08-31,NUE,US6703461052,00803001,0.0009721009062607189,0.0010644724855886605,,0.002735446736222023,0.0012189037270212122,,,0.001782184994811318,,,,,,,,-0.0007351513103596687,,,,-0.00035482416186288687,,0.0017425808838155109,,,,-0.0005181683244825858,-0.001755585218769358,0.0014002882102088926,0.0036192064510014456,,,0.0009926093641987087,,,,-0.00043483996176542323,,,,,,,,,,-0.0003894841379388973,-0.00038884036250428754,-0.0006818794762756347,,,0.00010778993795441941
869,2026-08-31,NVDA,US67066G1040,11776801,0.0009721009062607189,,-0.0004506674699522873,,,0.0012316671168329527,0.0026732774922169768,-0.0006047517206043547,,,,,-0.0008168347892885206,,,,,0.0013677233681110115,0.0013366387461084884,0.0013920024811544022,,,,,0.0015275871384097012,0.0020280036147852926,0.0034595355781631464,-0.00035970706317292654,-0.003675756551798343,0.0012064021503338151,,,,,,,,,0.002834318305001132,0.0009884387366180419,,0.0012447006312967933,,,,,,,,-0.00117624209657547,0.00024493081681561387
870,2026-08-31,NVMI,IL0010845571,13390501W,,,,,,,,,,,,,0.0014611703063049314,-0.0015683227954339598,,,,-0.0013757217503806663,,-0.00035482416186288687,,,,,,,,-0.00035970706317292654,,-0.0004098404517684564,-0.00037760580949453286,-0.0005037439385762183,,,,-0.00043483996176542323,,-0.0012189037270212122,,-0.0009968153360809067,,,,,,,,,,,-0.00016506502513047416
871,2026-08-31,NVR,US62944T1051,01245901,-0.0003294795788726806,-0.00035970706317292654,-0.0004506674699522873,-0.001408673169551461,-0.0004119937290982381,,-0.002800576420417785,-0.0006047517206043547,,,,,-0.0008168347892885206,,,-0.0007351513103596687,,,-0.00045590778937033713,-0.00035482416186288687,,-0.0005970772063834871,-0.00560115284083557,-0.00588121048287735,-0.0007763974234821583,-0.0005181683244825858,-0.001755585218769358,-0.00035970706317292654,,-0.0004098404517684564,-0.00037760580949453286,-0.0005037439385762183,,-0.0006207082303828337,,-0.00043483996176542323,-0.0032673391571540825,,,-0.0009968153360809067,,,,,,,0.0011364657937927244,0.0013366387461084884,,-0.00117624209657547,-0.0003417301791059412
872,2026-08-31,NWG,GB00BM8PJY71,01563402W,,,0.0013290871147745421,,0.0012189037270212122,,,0.001782184994811318,0.0005794296042243693,0.0017171417468255033,-0.002450504367865562,0.0016566790092612251,,,,0.002219324710519754,0.0010596775644824052,,,,,,,,,,,,,,0.001109662355259877,,0.0017687851076322854,,0.0020635826255709995,,,,,0.0009884387366180419,0.0013142369794139329,0.0012447006312967933,0.001417159152500566,0.001589516346723608,,,,,,,0.0003869591095144768
873,2026-08-31,NWSA,US65249B1098,01804301,,-0.00035970706317292654,-0.0004506674699522873,-0.001408673169551461,-0.0004119937290982381,,,-0.0006047517206043547,,,0.002450504367865562,,,,,,,,,,,,,,,-0.0005181683244825858,,,,,-0.00037760580949453286,-0.0005037439385762183,,,,,,,,,,,,,,-0.0003894841379388973,-0.00038884036250428754,-0.0006818794762756347,,,1.7437703873681043e-05
874,2026-08-31,NXPI,NL0009538784,18472501,-0.0003294795788726806,-0.00035970706317292654,-0.0004506674699522873,,-0.0004119937290982381,0.0012316671168329527,,-0.0006047517206043547,,,-0.002450504367865562,0.0016566790092612251,,,,,,,,-0.00035482416186288687,,,,,,-0.0005181683244825858,,0.0014002882102088926,,,0.001109662355259877,,,,,0.0012785240180168149,,,0.002834318305001132,,,0.0012447006312967933,,,,,,,,,3.372465461694795e-05
875,2026-08-31,NXT,GB0032089863,10014901W,,,,,,,,-0.0006047517206043547,,,,,0.0014611703063049314,,,-0.0007351513103596687,,0.0013677233681110115,0.0013366387461084884,0.0013920024811544022,-0.0009013349399045746,,,,0.0015275871384097012,0.0020280036147852926,,-0.00035970706317292654,,,0.001109662355259877,,,-0.0006207082303828337,,-0.00043483996176542323,,,,-0.0009968153360809067,,,,,,-0.0003894841379388973,,,,,4.862468922268251e-05
876,2026-08-31,O,US7561091049,03082201,-0.0003294795788726806,,,,,,,,,,,,,,,,,,,,,,,,,,,0.0014002882102088926,,,,,-0.0006032010751669076,-0.0006207082303828337,-0.0005286481332923461,,,,,0.0009884387366180419,,-0.0006323882239653064,,,,,-0.00038884036250428754,,,,-4.8788498372381843e-05
877,2026-08-31,O39,SG1S04926220,01575301W,-0.0003294795788726806,-0.00035970706317292654,-0.0004506674699522873,,-0.0004119937290982381,-0.0006290064687569357,,-0.0006047517206043547,0.0005794296042243693,0.0017171417468255033,,,,,,-0.0007351513103596687,0.0010596775644824052,,-0.00045590778937033713,,0.001755585218769358,,,,,,,,,,-0.00037760580949453286,-0.0005037439385762183,,,-0.0005286481332923461,,,,,,,-0.0006323882239653064,,,-0.0014002882102088926,,,,-0.000505910579172245,,7.00879600952972e-05
878,2026-08-31,ODFL,US6795801009,02461701,,0.0010644724855886605,-0.0004506674699522873,0.002735446736222023,,-0.0006290064687569357,,,-0.0017171417468255033,0.0017171417468255033,,,,,,,,,,0.0013920024811544022,,-0.0005970772063834871,,,-0.0007763974234821583,-0.0005181683244825858,,-0.00035970706317292654,-0.003675756551798343,-0.0004098404517684564,-0.00037760580949453286,-0.0005037439385762183,-0.0006032010751669076,,-0.0005286481332923461,-0.00043483996176542323,,,-0.0014611703063049314,-0.0009968153360809067,-0.0013290871147745421,-0.0006323882239653064,-0.0007216209181444601,-0.0008084138120793607,-0.0014002882102088926,-0.0003894841379388973,-0.00038884036250428754,-0.0006818794762756347,-0.000505910579172245,-0.00117624209657547,-0.0001519838122168337
879,2026-08-31,OKE,US6826801036,00815101,-0.0003294795788726806,,-0.0004506674699522873,-0.001408673169551461,-0.0004119937290982381,-0.0006290064687569357,-0.002800576420417785,-0.0006047517206043547,0.0005794296042243693,,,0.0016566790092612251,0.0014611703063049314,,0.0007194141263458531,,0.0010596775644824052,,-0.00045590778937033713,,,-0.0005970772063834871,,,,,,-0.00035970706317292654,,,,,,,,,,,-0.0014611703063049314,,,-0.0006323882239653064,,,,-0.0003894841379388973,-0.00038884036250428754,-0.0006818794762756347,-0.000505910579172245,,-9.123125615499444e-05
880,2026-08-31,OKTA,US6792951054,03073601,-0.0003294795788726806,-0.00035970706317292654,-0.0004506674699522873,-0.001408673169551461,-0.0004119937290982381,,,,,,0.002450504367865562,,,-0.0015683227954339598,,,,-0.0013757217503806663,,-0.00035482416186288687,,,,,-0.0007763974234821583,-0.0005181683244825858,-0.001755585218769358,-0.00035970706317292654,,-0.0004098404517684564,,-0.0005037439385762183,,,,-0.00043483996176542323,,,-0.0014611703063049314,,,-0.0006323882239653064,,,,,,,,-0.00117624209657547,-5.489119866474054e-05
881,2026-08-31,OMC,US6819191064,00406601,-0.0003294795788726806,-0.00035970706317292654,-0.0004506674699522873,-0.001408673169551461,-0.0004119937290982381,0.0012316671168329527,0.0026732774922169768,-0.0006047517206043547,,,0.002450504367865562,-0.0016684285057808083,,,,,,,,,,,,,,-0.0005181683244825858,,,,,-0.00037760580949453286,-0.0005037439385762183,,,,,,,-0.0014611703063049314,,0.0013142369794139329,,,,,-0.0003894841379388973,,,,,5.868294199430848e-05
882,2026-08-31,OMV,AT0000743059,10279802W,-0.0003294795788726806,,-0.0004506674699522873,,0.0012189037270212122,0.0012316671168329527,,-0.0006047517206043547,,,,0.0016566790092612251,0.0014611703063049314,,0.0007194141263458531,,0.0010596775644824052,,-0.00045590778937033713,,,-0.0005970772063834871,,,,,,-0.00035970706317292654,,,,,,,,,,,,,0.0013142369794139329,0.0012447006312967933,,,0.0013920024811544022,0.0011364657937927244,,,0.001488914046298063,,0.0002897278273941039
883,2026-08-31,ON,US6821891057,13493201,,,-0.0004506674699522873,,,,,-0.0006047517206043547,,,,,-0.0008168347892885206,,,,,,-0.00045590778937033713,-0.00035482416186288687,,,,,-0.0007763974234821583,-0.0005181683244825858,-0.001755585218769358,-0.00035970706317292654,,-0.0004098404517684564,-0.00037760580949453286,-0.0005037439385762183,,,,-0.00043483996176542323,,-0.0012189037270212122,,,,,,,,,,,,,-0.00017121756599282144
884,2026-08-31,OPCE,IL0011415713,32523701W,,,,,,,,,0.0005794296042243693,,,,,,0.0007194141263458531,,,,0.0013366387461084884,-0.00035482416186288687,,-0.0005970772063834871,,,,,,,,-0.0004098404517684564,,,,-0.0006207082303828337,,,,,,-0.0009968153360809067,-0.0013290871147745421,,-0.0007216209181444601,-0.0008084138120793607,-0.0014002882102088926,-0.0003894841379388973,,,-0.000505910579172245,-0.00117624209657547,-9.709971848679018e-05
885,2026-08-31,OR,FR0000120321,10058103W,,,,,,-0.0006290064687569357,,,,,,,,,0.0007194141263458531,,0.0010596775644824052,,-0.00045590778937033713,-0.00035482416186288687,-0.0009013349399045746,,,,-0.0007763974234821583,,,-0.00035970706317292654,,-0.0004098404517684564,-0.00037760580949453286,-0.0005037439385762183,,,,-0.00043483996176542323,,,,0.0009884387366180419,-0.0013290871147745421,-0.0006323882239653064,-0.0007216209181444601,-0.0008084138120793607,-0.0014002882102088926,-0.0003894841379388973,-0.00038884036250428754,-0.0006818794762756347,-0.000505910579172245,-0.00117624209657547,-0.00029713576433325735
886,2026-08-31,ORA,FR0000133308,22094001W,,0.0010644724855886605,-0.0004506674699522873,,0.0012189037270212122,0.0012316671168329527,,-0.0006047517206043547,,,0.002450504367865562,,,,,,,,,,,,,,,,,,,,-0.00037760580949453286,-0.0005037439385762183,,,,,,,,,0.0013142369794139329,,,,,0.0011364657937927244,,,,,0.0001789747529922931
887,2026-08-31,ORCL,US68389X1054,01214201,-0.0003294795788726806,-0.00035970706317292654,-0.0004506674699522873,-0.001408673169551461,-0.0004119937290982381,0.0012316671168329527,0.0026732774922169768,-0.0006047517206043547,,,-0.002450504367865562,,,0.0015683227954339598,,,,-0.0013757217503806663,,-0.00035482416186288687,,,,,,-0.0005181683244825858,-0.001755585218769358,0.0014002882102088926,-0.003675756551798343,-0.0004098404517684564,-0.00037760580949453286,-0.0005037439385762183,,,,-0.00043483996176542323,,,0.002834318305001132,0.0009884387366180419,,0.0012447006312967933,,,,,,,,0.0011588592084487387,-0.00020391104084810155
888,2026-08-31,ORG,AU000000ORG5,01752501W,-0.0003294795788726806,-0.00035970706317292654,,,-0.0004119937290982381,-0.0006290064687569357,,-0.0006047517206043547,0.0005794296042243693,0.0017171417468255033,,,,0.0015683227954339598,0.0007194141263458531,,,0.0013677233681110115,-0.00045590778937033713,-0.00035482416186288687,,-0.0005970772063834871,,,,,,,,-0.0004098404517684564,,-0.0005037439385762183,-0.0006032010751669076,0.002425241436238082,-0.0005286481332923461,,,,,-0.0009968153360809067,,-0.0006323882239653064,,,0.0013920024811544022,-0.0003894841379388973,-0.00038884036250428754,,-0.000505910579172245,-0.00117624209657547,4.6859989924976274e-05
889,2026-08-31,ORK,NO0003733800,10091303W,-0.0003294795788726806,-0.00035970706317292654,,,,,,,,,,,,,0.0007194141263458531,,0.0010596775644824052,,,-0.00035482416186288687,,,,,,,,-0.00035970706317292654,,,,,,,,-0.00043483996176542323,0.003222581086508136,,,-0.0009968153360809067,,,,,,,0.0011364657937927244,0.0013366387461084884,,-0.00117624209657547,0.00015733594050716294
890,2026-08-31,ORLY,US67103H1077,02818001,,,-0.0004506674699522873,,,,,-0.0006047517206043547,,,,,-0.0008168347892885206,-0.0015683227954339598,,-0.0007351513103596687,,0.0013677233681110115,,0.0013920024811544022,,,,,0.0015275871384097012,0.0020280036147852926,-0.001755585218769358,-0.00035970706317292654,,,,,,-0.0006207082303828337,,-0.00043483996176542323,,,,,,,,,,-0.0003894841379388973,-0.00038884036250428754,,,,4.054506619933528e-06
891,2026-08-31,ORNBV,FI0009014377,21145302W,0.0009721009062607189,0.0010644724855886605,,,,0.0012316671168329527,,,-0.0017171417468255033,,,,,,0.0007194141263458531,,,0.0013677233681110115,0.0013366387461084884,0.0013920024811544022,-0.0009013349399045746,0.0017425808838155109,,,0.0015275871384097012,,,0.0014002882102088926,,0.0012064021503338151,0.001109662355259877,,,0.002425241436238082,,,,,,-0.0009968153360809067,-0.0013290871147745421,0.0012447006312967933,0.001417159152500566,,,-0.0003894841379388973,-0.00038884036250428754,,-0.000505910579172245,,0.0001567115883128135
892,2026-08-31,ORSTED,DK0060094928,23264602W,0.0009721009062607189,-0.00035970706317292654,,,-0.0004119937290982381,0.0012316671168329527,,-0.0006047517206043547,-0.0017171417468255033,0.0017171417468255033,0.002450504367865562,,,,-0.0021193551289648105,,,,-0.00045590778937033713,-0.00035482416186288687,,-0.0005970772063834871,,,,,,,,-0.0004098404517684564,,-0.0005037439385762183,-0.0006032010751669076,-0.0006207082303828337,-0.0005286481332923461,,,,,,,-0.0006323882239653064,-0.0007216209181444601,-0.0008084138120793607,,0.0011364657937927244,-0.00038884036250428754,-0.0006818794762756347,,,-5.241737039132662e-06
893,2026-08-31,OTIS,US68902V1070,03619001,-0.0003294795788726806,-0.00035970706317292654,-0.0004506674699522873,-0.001408673169551461,-0.0004119937290982381,-0.0006290064687569357,-0.002800576420417785,,0.0005794296042243693,-0.0017425808838155109,,,-0.0008168347892885206,-0.0015683227954339598,0.0007194141263458531,,,0.0013677233681110115,,0.0013920024811544022,,-0.0005970772063834871,,,,-0.0005181683244825858,,-0.00035970706317292654,0.0036192064510014456,-0.0004098404517684564,-0.00037760580949453286,,-0.0006032010751669076,,-0.0005286481332923461,,,,,,,,,,,-0.0003894841379388973,,,,,-4.983384948074165e-05
894,2026-08-31,OXY,US6745991058,00806801,,,0.0013290871147745421,0.002735446736222023,0.0012189037270212122,,,,,,,-0.0016684285057808083,,,-0.0021193551289648105,,,-0.0013757217503806663,-0.00045590778937033713,,,-0.0005970772063834871,,,,,,-0.00035970706317292654,,,,,,,,,,,0.002834318305001132,,,-0.0006323882239653064,,,,-0.0003894841379388973,-0.00038884036250428754,,0.001488914046298063,,-6.247726142425187e-05
895,2026-08-31,P911,DE000PAG9113,35451901W,-0.0003294795788726806,,,,,,,,,,,,-0.0008168347892885206,,,-0.0007351513103596687,,,-0.00045590778937033713,-0.00035482416186288687,-0.0009013349399045746,-0.0005970772063834871,,,-0.0007763974234821583,,,0.0014002882102088926,,-0.0004098404517684564,-0.00037760580949453286,-0.0005037439385762183,-0.0006032010751669076,-0.0006207082303828337,,,-0.0032673391571540825,-0.0012189037270212122,,0.0009884387366180419,,,,,,,,,,,-0.0003248225981944133
896,2026-08-31,PAAS,CA6979001089,02067001C,-0.0003294795788726806,-0.00035970706317292654,-0.0004506674699522873,,-0.0004119937290982381,-0.0006290064687569357,,-0.0006047517206043547,,0.0017171417468255033,,0.0016566790092612251,0.0014611703063049314,,,-0.0007351513103596687,,,0.0013366387461084884,0.0013920024811544022,0.001755585218769358,0.0017425808838155109,0.006190747876712999,0.005227742651446533,0.0015275871384097012,0.0020280036147852926,,0.0014002882102088926,,0.0012064021503338151,0.001109662355259877,,,,,0.0012785240180168149,,0.0012064021503338151,,,,-0.0006323882239653064,0.001417159152500566,,,-0.0003894841379388973,0.0011364657937927244,0.0013366387461084884,,,0.00058157272328818
897,2026-08-31,PAH3,DE000PAH0038,10218701W,-0.0003294795788726806,0.0010644724855886605,-0.0004506674699522873,,0.0012189037270212122,,,-0.0006047517206043547,,,,,,,,,,,,-0.00035482416186288687,-0.0009013349399045746,,,,0.0015275871384097012,,,-0.00035970706317292654,,0.0012064021503338151,0.001109662355259877,,-0.0006032010751669076,-0.0006207082303828337,,-0.00043483996176542323,-0.0032673391571540825,-0.0012189037270212122,,0.0009884387366180419,-0.0013290871147745421,,,,,-0.0003894841379388973,0.0011364657937927244,,,-0.00117624209657547,-0.00023684377975038368
898,2026-08-31,PANW,US6974351057,17106701,-0.0003294795788726806,-0.00035970706317292654,-0.0004506674699522873,-0.001408673169551461,-0.0004119937290982381,-0.0006290064687569357,-0.002800576420417785,-0.0006047517206043547,,,0.002450504367865562,-0.0016684285057808083,,,,,,,-0.00045590778937033713,-0.00035482416186288687,,,,,-0.0007763974234821583,-0.0005181683244825858,,-0.00035970706317292654,-0.003675756551798343,-0.0004098404517684564,-0.00037760580949453286,-0.0005037439385762183,,,,-0.00043483996176542323,,,-0.0014611703063049314,,,-0.0006323882239653064,,,,,,,,,-0.0002594135751782796
899,2026-08-31,PAYX,US7043261079,00840201,-0.0003294795788726806,-0.00035970706317292654,-0.0004506674699522873,,-0.0004119937290982381,,,,0.0005794296042243693,,,,,,0.0007194141263458531,,,,,-0.00035482416186288687,,-0.0005970772063834871,,,,0.0020280036147852926,,0.0014002882102088926,-0.003675756551798343,-0.0004098404517684564,-0.00037760580949453286,-0.0005037439385762183,-0.0006032010751669076,,-0.0005286481332923461,-0.00043483996176542323,,,-0.0014611703063049314,,,,,,-0.0014002882102088926,,-0.00038884036250428754,-0.0006818794762756347,,0.0011588592084487387,-0.00012163100334835199
900,2026-08-31,PCAR,US6937181088,00825301,0.0009721009062607189,,-0.0004506674699522873,,,0.0012316671168329527,0.0026732774922169768,,,-0.0017425808838155109,,,-0.0008168347892885206,,,,,,,-0.00035482416186288687,,-0.0005970772063834871,,,-0.0007763974234821583,-0.0005181683244825858,,0.0014002882102088926,-0.003675756551798343,-0.0004098404517684564,-0.00037760580949453286,-0.0005037439385762183,-0.0006032010751669076,,-0.0005286481332923461,,,,-0.0014611703063049314,,,0.0012447006312967933,,,,,-0.00038884036250428754,-0.0006818794762756347,,,-8.864045609147618e-05
901,2026-08-31,PCG,US69331C1080,00826401,,-0.00035970706317292654,,,-0.0004119937290982381,0.0012316671168329527,0.0026732774922169768,,,,,-0.0016684285057808083,,,,,,,,-0.00035482416186288687,,,,,,,,,,0.0012064021503338151,,,0.0017687851076322854,-0.0006207082303828337,0.0020635826255709995,,,,,0.0009884387366180419,,0.0012447006312967933,0.001417159152500566,0.001589516346723608,,0.0011364657937927244,-0.00038884036250428754,-0.0006818794762756347,,,0.00013393795535371507
902,2026-08-31,PEG,US7445731067,00881001,-0.0003294795788726806,,,0.002735446736222023,,,,0.001782184994811318,0.0005794296042243693,,,,,,0.0007194141263458531,,,,-0.00045590778937033713,-0.00035482416186288687,,,,,,,0.0034595355781631464,,,,,0.0009926093641987087,-0.0006032010751669076,-0.0006207082303828337,-0.0005286481332923461,,,,,,-0.0013290871147745421,,,,,-0.0003894841379388973,,,-0.000505910579172245,,4.071373648709209e-05
903,2026-08-31,PEP,US7134481081,00847901,-0.0003294795788726806,-0.00035970706317292654,,-0.001408673169551461,,-0.0006290064687569357,,,,,,,,,,,0.0010596775644824052,,0.0013366387461084884,0.0013920024811544022,,,,,0.0015275871384097012,,,-0.00035970706317292654,,0.0012064021503338151,0.001109662355259877,,,,,,,,0.002834318305001132,0.0009884387366180419,,,,,,-0.0003894841379388973,-0.00038884036250428754,-0.0006818794762756347,-0.000505910579172245,0.0011588592084487387,0.00010252299803754332
904,2026-08-31,PFE,US7170811035,00853001,-0.0003294795788726806,-0.00035970706317292654,,,,-0.0006290064687569357,-0.002800576420417785,,0.0005794296042243693,,,,,,0.0007194141263458531,,,-0.0013757217503806663,-0.00045590778937033713,-0.00035482416186288687,,,,,-0.0007763974234821583,,,-0.00035970706317292654,,-0.0004098404517684564,-0.00037760580949453286,-0.0005037439385762183,,-0.0006207082303828337,,-0.00043483996176542323,-0.0032673391571540825,-0.0012189037270212122,,0.0009884387366180419,0.0013142369794139329,-0.0006323882239653064,0.001417159152500566,0.001589516346723608,,,-0.00038884036250428754,-0.0006818794762756347,0.001488914046298063,,-0.00023731110363132705
905,2026-08-31,PFG,US74251V1026,14570101,-0.0003294795788726806,,,,,,,,0.0005794296042243693,0.0017171417468255033,,-0.0016684285057808083,,,,-0.0007351513103596687,,,,,-0.0009013349399045746,,,,,,,,,-0.0004098404517684564,,,-0.0006032010751669076,-0.0006207082303828337,-0.0005286481332923461,,,,-0.0014611703063049314,,,,,,,0.0011364657937927244,0.0011364657937927244,,0.001488914046298063,0.0011588592084487387,-9.122553023279899e-06
906,2026-08-31,PG,US7427181091,00876201,-0.0003294795788726806,-0.00035970706317292654,,-0.001408673169551461,,-0.0006290064687569357,,,,,,,-0.0008168347892885206,,,,0.0010596775644824052,,,0.0013920024811544022,,,0.006190747876712999,0.005227742651446533,,,,-0.00035970706317292654,,-0.0004098404517684564,-0.00037760580949453286,-0.0005037439385762183,,,,-0.00043483996176542323,,,0.002834318305001132,0.0009884387366180419,-0.0013290871147745421,-0.0006323882239653064,,,-0.0014002882102088926,-0.0003894841379388973,-0.00038884036250428754,-0.0006818794762756347,-0.000505910579172245,,-5.773103157318989e-05
907,2026-08-31,PGHN,CH0024608827,27586301W,-0.0003294795788726806,-0.00035970706317292654,-0.0004506674699522873,,-0.0004119937290982381,-0.0006290064687569357,,-0.0006047517206043547,0.0005794296042243693,,-0.002450504367865562,,,,,-0.0007351513103596687,-0.0031366455908679197,,-0.00045590778937033713,,,,,,,,,,,-0.0004098404517684564,-0.00037760580949453286,,-0.0006032010751669076,-0.0006207082303828337,-0.0005286481332923461,0.0012785240180168149,,0.0012064021503338151,,-0.0009968153360809067,-0.0013290871147745421,,,,-0.0014002882102088926,,-0.00038884036250428754,,0.001488914046298063,-0.00117624209657547,-0.00019018916378722494
908,2026-08-31,PGR,US7433151039,01334101,-0.0003294795788726806,0.0010644724855886605,-0.0004506674699522873,0.002735446736222023,0.0012189037270212122,-0.0006290064687569357,-0.002800576420417785,-0.0006047517206043547,,,0.002450504367865562,,,,,-0.0007351513103596687,-0.0031366455908679197,,,,,,,,,,-0.001755585218769358,,,,0.001109662355259877,0.0009926093641987087,0.0017687851076322854,0.002425241436238082,0.0020635826255709995,-0.00043483996176542323,,,,,,-0.0006323882239653064,0.001417159152500566,0.001589516346723608,0.0013920024811544022,0.0011364657937927244,,,-0.000505910579172245,,0.00019497064191613959
909,2026-08-31,PH,US7010941042,00835801,-0.0003294795788726806,-0.00035970706317292654,-0.0004506674699522873,-0.001408673169551461,-0.0004119937290982381,-0.0006290064687569357,-0.002800576420417785,,0.0005794296042243693,,,,-0.0008168347892885206,,0.0007194141263458531,,,,,-0.00035482416186288687,,-0.0005970772063834871,,,,-0.0005181683244825858,,-0.00035970706317292654,,-0.0004098404517684564,-0.00037760580949453286,-0.0005037439385762183,-0.0006032010751669076,,-0.0005286481332923461,-0.00043483996176542323,,,,,-0.0013290871147745421,-0.0006323882239653064,-0.0007216209181444601,-0.0008084138120793607,-0.0014002882102088926,-0.0003894841379388973,-0.00038884036250428754,,-0.000505910579172245,,-0.00023034051612303333
910,2026-08-31,PHIA,NL0000009538,00854601W,-0.0003294795788726806,0.0010644724855886605,,,,-0.0006290064687569357,,,0.0005794296042243693,,,,,,0.0007194141263458531,,,,0.0013366387461084884,-0.00035482416186288687,-0.0009013349399045746,0.0017425808838155109,,,0.0015275871384097012,,,0.0014002882102088926,,0.0012064021503338151,0.001109662355259877,-0.0005037439385762183,,0.002425241436238082,,0.0012785240180168149,0.003222581086508136,0.0012064021503338151,,,0.0013142369794139329,,,,0.0013920024811544022,0.0011364657937927244,0.0011364657937927244,0.0013366387461084884,-0.000505910579172245,,0.0003667578409686625
911,2026-08-31,PHM,US7458671010,00882301,,,,,,,,-0.0006047517206043547,,,,,-0.0008168347892885206,,,-0.0007351513103596687,,,-0.00045590778937033713,-0.00035482416186288687,-0.0009013349399045746,-0.0005970772063834871,,,-0.0007763974234821583,-0.0005181683244825858,,-0.00035970706317292654,-0.003675756551798343,-0.0004098404517684564,-0.00037760580949453286,-0.0005037439385762183,,-0.0006207082303828337,,,-0.0032673391571540825,,,,,,,,,,,0.0013366387461084884,,-0.00117624209657547,-0.0003278906254760504
912,2026-08-31,PHNX,GB00BGXQNP29,28815303W,-0.0003294795788726806,0.0010644724855886605,-0.0004506674699522873,,0.0012189037270212122,-0.0006290064687569357,,-0.0006047517206043547,,0.0017171417468255033,,0.0016566790092612251,,,,-0.0007351513103596687,0.0010596775644824052,,,,0.001755585218769358,,,,,,,,,0.0012064021503338151,0.001109662355259877,0.0009926093641987087,-0.0006032010751669076,0.002425241436238082,-0.0005286481332923461,-0.00043483996176542323,,-0.0012189037270212122,,,0.0013142369794139329,-0.0006323882239653064,-0.0007216209181444601,-0.0008084138120793607,0.0013920024811544022,-0.0003894841379388973,-0.00038884036250428754,,-0.000505910579172245,0.0011588592084487387,0.0002796276229070175
913,2026-08-31,PHOE,IL0007670123,22489301W,-0.0003294795788726806,-0.00035970706317292654,,,-0.0004119937290982381,,,,0.0005794296042243693,0.0017171417468255033,,,,,,-0.0007351513103596687,,,-0.00045590778937033713,,,,,,,,,,,,0.001109662355259877,0.0009926093641987087,0.0017687851076322854,0.002425241436238082,0.0020635826255709995,0.0012785240180168149,,0.0012064021503338151,,,,,,,,-0.0003894841379388973,,,-0.000505910579172245,,0.00024117933964394614
914,2026-08-31,PKG,US6951561090,12897801,,,-0.0004506674699522873,,,-0.0006290064687569357,,0.001782184994811318,,-0.0017425808838155109,,,-0.0008168347892885206,,,-0.0007351513103596687,,,-0.00045590778937033713,-0.00035482416186288687,0.001755585218769358,-0.0005970772063834871,,,-0.0007763974234821583,-0.0005181683244825858,,0.0014002882102088926,-0.003675756551798343,-0.0004098404517684564,-0.00037760580949453286,,,,,,,,-0.0014611703063049314,-0.0009968153360809067,,,,,,-0.0003894841379388973,-0.00038884036250428754,-0.0006818794762756347,,,-6.539919978160737e-05
915,2026-08-31,PLD,US74340W1036,02998401,0.0009721009062607189,,,,,,,,,,,,,,,,,,,,,,,,,,,-0.00035970706317292654,,,,,,-0.0006207082303828337,-0.0005286481332923461,,,,,0.0009884387366180419,,,,,-0.0014002882102088926,-0.0003894841379388973,-0.00038884036250428754,-0.0006818794762756347,,,-0.00010167357439260488
916,2026-08-31,PLS,AU000000PLS0,28694501W,0.0009721009062607189,0.0010644724855886605,,,0.0012189037270212122,-0.0006290064687569357,,-0.0006047517206043547,,,,,,,,-0.0007351513103596687,,,-0.00045590778937033713,-0.00035482416186288687,-0.0009013349399045746,-0.0005970772063834871,,,-0.0007763974234821583,-0.0005181683244825858,,,,-0.0004098404517684564,-0.00037760580949453286,-0.0005037439385762183,,,,0.0012785240180168149,,,,-0.0009968153360809067,,-0.0006323882239653064,-0.0007216209181444601,,,-0.0003894841379388973,-0.00038884036250428754,-0.0006818794762756347,,,-0.00020859539451437386
917,2026-08-31,PLTR,US69608A1088,03691001,-0.0003294795788726806,0.0010644724855886605,-0.0004506674699522873,,-0.0004119937290982381,,,,,,-0.002450504367865562,,,,,,,,0.0013366387461084884,-0.00035482416186288687,,,,,0.0015275871384097012,0.0020280036147852926,0.0034595355781631464,0.0014002882102088926,,-0.0004098404517684564,,-0.0005037439385762183,,,,-0.00043483996176542323,,,,,,-0.0006323882239653064,,,,,,,,-0.00117624209657547,-9.981406405155942e-05
918,2026-08-31,PM,US7181721090,17962101,,-0.00035970706317292654,,-0.001408673169551461,,,,,,,,,,-0.0015683227954339598,0.0007194141263458531,,-0.0031366455908679197,,0.0013366387461084884,0.0013920024811544022,,,,,0.0015275871384097012,,,0.0014002882102088926,,,,-0.0005037439385762183,,,,,,,,0.0009884387366180419,-0.0013290871147745421,,-0.0007216209181444601,-0.0008084138120793607,-0.0014002882102088926,-0.0003894841379388973,-0.00038884036250428754,-0.0006818794762756347,-0.000505910579172245,,-0.00016336550117983015
919,2026-08-31,PME,AU000000PME8,24233301W,-0.0003294795788726806,-0.00035970706317292654,,,,-0.0006290064687569357,,,0.0005794296042243693,,,,,,0.0007194141263458531,,,,0.0013366387461084884,0.0013920024811544022,-0.0009013349399045746,-0.0005970772063834871,,,0.0015275871384097012,,,-0.00035970706317292654,,,,-0.0005037439385762183,,-0.0006207082303828337,,-0.00043483996176542323,,,,-0.0009968153360809067,-0.0013290871147745421,,-0.0007216209181444601,-0.0008084138120793607,-0.0014002882102088926,-0.0003894841379388973,-0.00038884036250428754,-0.0006818794762756347,-0.000505910579172245,-0.00117624209657547,-0.0001519491525692921
920,2026-08-31,PNC,US6934751057,00824501,,-0.00035970706317292654,-0.0004506674699522873,,-0.0004119937290982381,,,,0.0005794296042243693,,,-0.0016684285057808083,,,,-0.0007351513103596687,0.0010596775644824052,,,,,,,,,,,,,,,-0.0005037439385762183,-0.0006032010751669076,,-0.0005286481332923461,,,,,,,,,,,,,,,,-7.468714825414877e-05
921,2026-08-31,PNDORA,DK0060252690,29552601W,0.0009721009062607189,0.0010644724855886605,-0.0004506674699522873,,0.0012189037270212122,,,-0.0006047517206043547,,,,,-0.0008168347892885206,0.0015683227954339598,,0.002219324710519754,,0.0013677233681110115,-0.00045590778937033713,0.0013920024811544022,-0.0009013349399045746,-0.0005970772063834871,,,-0.0007763974234821583,-0.0005181683244825858,,-0.00035970706317292654,,,-0.00037760580949453286,,,-0.0006207082303828337,,-0.00043483996176542323,0.003222581086508136,,,-0.0009968153360809067,,,,,,0.0011364657937927244,0.0011364657937927244,0.0013366387461084884,,0.0011588592084487387,0.0002288915412335992
922,2026-08-31,POLI,IL0006625771,03057902W,-0.0003294795788726806,-0.00035970706317292654,-0.0004506674699522873,,-0.0004119937290982381,-0.0006290064687569357,,,0.0005794296042243693,,,0.0016566790092612251,,,,0.002219324710519754,0.0010596775644824052,,,,0.001755585218769358,,,,,,,,,,,,0.0017687851076322854,,0.0020635826255709995,,,,,,,,0.001417159152500566,0.001589516346723608,,,,,0.001488914046298063,,0.0004789893913431501
923,2026-08-31,POW,CA7392391016,00870201C,0.0009721009062607189,,-0.0004506674699522873,,,,,-0.0006047517206043547,0.0005794296042243693,0.0017171417468255033,0.002450504367865562,,,,,-0.0007351513103596687,,,-0.00045590778937033713,,-0.0009013349399045746,,,,,,,,,,-0.00037760580949453286,0.0009926093641987087,-0.0006032010751669076,,-0.0005286481332923461,-0.00043483996176542323,,,,0.0009884387366180419,,,-0.0007216209181444601,-0.0008084138120793607,0.0013920024811544022,-0.0003894841379388973,,,-0.000505910579172245,0.0011588592084487387,4.279967145425392e-05
924,2026-08-31,PPG,US6935061076,00824701,-0.0003294795788726806,-0.00035970706317292654,-0.0004506674699522873,-0.001408673169551461,-0.0004119937290982381,,,-0.0006047517206043547,,-0.0017425808838155109,,-0.0016684285057808083,,,,-0.0007351513103596687,,,-0.00045590778937033713,-0.00035482416186288687,,-0.0005970772063834871,,,,-0.0005181683244825858,,0.0014002882102088926,,,,,,,,,,,-0.0014611703063049314,,,,,,,-0.0003894841379388973,-0.00038884036250428754,,,,-0.000297934833496707
925,2026-08-31,PPL,CA7063271034,13061801C,-0.0003294795788726806,,-0.0004506674699522873,,-0.0004119937290982381,-0.0006290064687569357,,-0.0006047517206043547,0.0005794296042243693,,,,,-0.0015683227954339598,0.0007194141263458531,,-0.0031366455908679197,-0.0013757217503806663,-0.00045590778937033713,,,-0.0005970772063834871,,,,,,-0.00035970706317292654,,,,,,,,,,,,,-0.0013290871147745421,-0.0006323882239653064,,,-0.0014002882102088926,-0.0003894841379388973,-0.00038884036250428754,-0.0006818794762756347,-0.000505910579172245,,-0.00034722183424984357
926,2026-08-31,PPL,US69351T1060,00845501,-0.0003294795788726806,-0.00035970706317292654,,-0.001408673169551461,-0.0004119937290982381,,,-0.0006047517206043547,,,,,,,,,,,,-0.00035482416186288687,,-0.0005970772063834871,,-0.00588121048287735,,,-0.001755585218769358,,,,,,-0.0006032010751669076,-0.0006207082303828337,-0.0005286481332923461,,,,,,,,,,,-0.0003894841379388973,-0.00038884036250428754,-0.0006818794762756347,-0.000505910579172245,,-0.00022202974574640422
927,2026-08-31,PRU,GB0007099541,01578201W,-0.0003294795788726806,-0.00035970706317292654,0.0013290871147745421,,-0.0004119937290982381,0.0012316671168329527,,,0.0005794296042243693,0.0017171417468255033,,,,,,-0.0007351513103596687,,,0.0013366387461084884,,-0.0009013349399045746,,,,,,,,,0.0012064021503338151,0.001109662355259877,0.0009926093641987087,-0.0006032010751669076,0.002425241436238082,-0.0005286481332923461,-0.00043483996176542323,,-0.0012189037270212122,,,,0.0012447006312967933,0.001417159152500566,0.001589516346723608,,-0.0003894841379388973,-0.00038884036250428754,,-0.000505910579172245,,0.0001225242922867211
928,2026-08-31,PRU,US7443201022,14335601,-0.0003294795788726806,-0.00035970706317292654,0.0013290871147745421,,,-0.0006290064687569357,-0.002800576420417785,,0.0005794296042243693,,,,,,,-0.0007351513103596687,,,-0.00045590778937033713,,-0.0009013349399045746,,,,,,,,,,0.001109662355259877,0.0009926093641987087,-0.0006032010751669076,0.002425241436238082,-0.0005286481332923461,0.0012785240180168149,,0.0012064021503338151,-0.0014611703063049314,0.0009884387366180419,,-0.0006323882239653064,,,0.0013920024811544022,0.0011364657937927244,0.0011364657937927244,,,0.0011588592084487387,5.8963755467544856e-05
929,2026-08-31,PRX,NL0013654783,33364502W,-0.0003294795788726806,-0.00035970706317292654,0.0013290871147745421,,-0.0004119937290982381,,,-0.0006047517206043547,,,,,,-0.0015683227954339598,,-0.0007351513103596687,,-0.0013757217503806663,-0.00045590778937033713,-0.00035482416186288687,-0.0009013349399045746,0.0017425808838155109,,,,,,-0.00035970706317292654,,-0.0004098404517684564,-0.00037760580949453286,,0.0017687851076322854,0.002425241436238082,,-0.00043483996176542323,,,,0.0009884387366180419,,,,,,-0.0003894841379388973,-0.00038884036250428754,-0.0006818794762756347,,-0.00117624209657547,-0.00019389748810000746
930,2026-08-31,PRY,IT0004176001,28452101W,0.0009721009062607189,,,,,0.0012316671168329527,,,,,,,0.0014611703063049314,,0.0007194141263458531,,,,,-0.00035482416186288687,,0.0017425808838155109,,,0.0015275871384097012,-0.0005181683244825858,,-0.00035970706317292654,,0.0012064021503338151,0.001109662355259877,0.0009926093641987087,,,-0.0005286481332923461,,,,,,,,,,,-0.0003894841379388973,,,-0.000505910579172245,,4.71616098624967e-05
931,2026-08-31,PSA,US74460D1090,01009601,-0.0003294795788726806,,,,,,,,,,,,,0.0015683227954339598,,,,0.0013677233681110115,,,,,,,,,,-0.00035970706317292654,,,,-0.0005037439385762183,-0.0006032010751669076,-0.0006207082303828337,-0.0005286481332923461,,,,,,,-0.0006323882239653064,,,-0.0014002882102088926,-0.0003894841379388973,-0.00038884036250428754,,,,-5.629571060073908e-05
932,2026-08-31,PSON,GB0006776081,10057201W,-0.0003294795788726806,-0.00035970706317292654,-0.0004506674699522873,,-0.0004119937290982381,,,-0.0006047517206043547,,,0.002450504367865562,,,,,-0.0007351513103596687,,-0.0013757217503806663,-0.00045590778937033713,-0.00035482416186288687,,-0.0005970772063834871,,,-0.0007763974234821583,-0.0005181683244825858,,-0.00035970706317292654,,-0.0004098404517684564,-0.00037760580949453286,,-0.0006032010751669076,-0.0006207082303828337,,,0.003222581086508136,,,-0.0009968153360809067,,,,,,,0.0011364657937927244,0.0013366387461084884,,,0.00011363272411646286
933,2026-08-31,PST,IT0003796171,23332001W,,,-0.0004506674699522873,,,-0.0006290064687569357,,-0.0006047517206043547,,,,,,,,-0.0007351513103596687,0.0010596775644824052,,-0.00045590778937033713,,,,,,,,,,,-0.0004098404517684564,-0.00037760580949453286,,,-0.0006207082303828337,0.0020635826255709995,-0.00043483996176542323,,,,,,,,,,-0.0003894841379388973,,,,0.0011588592084487387,-2.6218543231401223e-05
934,2026-08-31,PSTG,US74624M1027,02575601,-0.0003294795788726806,,,,-0.0004119937290982381,-0.0006290064687569357,,-0.0006047517206043547,,,,,-0.0008168347892885206,0.0015683227954339598,,,,0.0013677233681110115,-0.00045590778937033713,-0.00035482416186288687,,,,,,-0.0005181683244825858,-0.001755585218769358,-0.00035970706317292654,,-0.0004098404517684564,-0.00037760580949453286,,,,,-0.00043483996176542323,,-0.0012189037270212122,,-0.0009968153360809067,,-0.0006323882239653064,,,,,,,,0.0011588592084487387,-0.00011934710680567025
935,2026-08-31,PSX,US7185461040,17084101,0.0009721009062607189,,0.0013290871147745421,0.002735446736222023,0.0012189037270212122,0.0012316671168329527,0.0026732774922169768,-0.0006047517206043547,0.0005794296042243693,,,0.0016566790092612251,-0.0008168347892885206,0.0015683227954339598,0.0007194141263458531,,,0.0013677233681110115,,,,0.0017425808838155109,,,,,,-0.00035970706317292654,,,,,,,,,,,0.002834318305001132,,,0.0012447006312967933,,,0.0013920024811544022,-0.0003894841379388973,-0.00038884036250428754,-0.0006818794762756347,-0.000505910579172245,,0.00028894979834047444
936,2026-08-31,PTC,US69370C1009,01869901,,,-0.0004506674699522873,0.002735446736222023,0.0012189037270212122,-0.0006290064687569357,,-0.0006047517206043547,,,0.002450504367865562,-0.0016684285057808083,,,,,,,0.0013366387461084884,-0.00035482416186288687,,,,,0.0015275871384097012,0.0020280036147852926,,-0.00035970706317292654,,0.0012064021503338151,0.001109662355259877,0.0009926093641987087,,,,,,,-0.0014611703063049314,,,,,,,,,,,,0.00015628607540175588
937,2026-08-31,PUB,FR0000130577,10129202W,,-0.00035970706317292654,-0.0004506674699522873,,-0.0004119937290982381,,,-0.0006047517206043547,,0.0017171417468255033,,-0.0016684285057808083,,,,,,,,,-0.0009013349399045746,,,,,-0.0005181683244825858,,,,,-0.00037760580949453286,,,,,,,,,,0.0013142369794139329,,,,,,0.0011364657937927244,0.0013366387461084884,,,-4.134166993483916e-05
938,2026-08-31,PWR,US74762E1029,06644601,0.0009721009062607189,0.0010644724855886605,,0.002735446736222023,0.0012189037270212122,-0.0006290064687569357,,,,,,,-0.0008168347892885206,0.0015683227954339598,0.0007194141263458531,,,0.0013677233681110115,,-0.00035482416186288687,,-0.0005970772063834871,,,,0.0020280036147852926,,-0.00035970706317292654,-0.003675756551798343,-0.0004098404517684564,-0.00037760580949453286,,-0.0006032010751669076,,-0.0005286481332923461,-0.00043483996176542323,,,,,,-0.0006323882239653064,-0.0007216209181444601,-0.0008084138120793607,,-0.0003894841379388973,-0.00038884036250428754,-0.0006818794762756347,-0.000505910579172245,,-7.842723032400615e-05
939,2026-08-31,PYPL,US70450Y1038,02461601,-0.0003294795788726806,-0.00035970706317292654,,,-0.0004119937290982381,,,0.001782184994811318,-0.0017171417468255033,,,,-0.0008168347892885206,,,-0.0007351513103596687,-0.0031366455908679197,,-0.00045590778937033713,,,,,,,,,,,-0.0004098404517684564,-0.00037760580949453286,0.0009926093641987087,,-0.0006207082303828337,,,,0.0012064021503338151,,,,,0.001417159152500566,,,0.0011364657937927244,0.0011364657937927244,,0.001488914046298063,,6.109647867196246e-05
940,2026-08-31,QAN,AU000000QAN2,22024401W,-0.0003294795788726806,,,,0.0012189037270212122,,,,-0.0017171417468255033,,,,-0.0008168347892885206,0.0015683227954339598,-0.0021193551289648105,,,0.0013677233681110115,,0.0013920024811544022,,,,,,-0.0005181683244825858,,-0.00035970706317292654,,0.0012064021503338151,0.001109662355259877,0.0009926093641987087,,,,-0.00043483996176542323,,-0.0012189037270212122,,,0.0013142369794139329,0.0012447006312967933,0.001417159152500566,0.001589516346723608,0.0013920024811544022,0.0011364657937927244,-0.00038884036250428754,-0.0006818794762756347,0.001488914046298063,0.0011588592084487387,0.00025028502752826715
941,2026-08-31,QBE,AU000000QBE9,01575601W,-0.0003294795788726806,,,,0.0012189037270212122,-0.0006290064687569357,,-0.0006047517206043547,0.0005794296042243693,,0.002450504367865562,0.0016566790092612251,,,,-0.0007351513103596687,,,,,,,,,,,,,,,,,,0.002425241436238082,-0.0005286481332923461,0.0012785240180168149,,0.0012064021503338151,,,-0.0013290871147745421,-0.0006323882239653064,,,0.0013920024811544022,0.0011364657937927244,0.0011364657937927244,,-0.000505910579172245,,0.00033306346027639385
942,2026-08-31,QCOM,US7475251036,02480001,-0.0003294795788726806,-0.00035970706317292654,-0.0004506674699522873,-0.001408673169551461,-0.0004119937290982381,-0.0006290064687569357,,-0.0006047517206043547,,,,0.0016566790092612251,-0.0008168347892885206,,,,,,-0.00045590778937033713,-0.00035482416186288687,,,,,-0.0007763974234821583,-0.0005181683244825858,-0.001755585218769358,-0.00035970706317292654,,-0.0004098404517684564,-0.00037760580949453286,,,,,-0.00043483996176542323,,,0.002834318305001132,0.0009884387366180419,,,,,,,,,,,-4.094909583404239e-05
943,2026-08-31,QSR,CA76131D1033,16447102C,,,-0.0004506674699522873,,,,,-0.0006047517206043547,,,-0.002450504367865562,,,,,-0.0007351513103596687,,-0.0013757217503806663,,-0.00035482416186288687,,,,-0.00588121048287735,,0.0020280036147852926,,-0.00035970706317292654,,-0.0004098404517684564,-0.00037760580949453286,-0.0005037439385762183,,-0.0006207082303828337,,,,,,,,,,,,-0.0003894841379388973,,,,0.0011588592084487387,-0.00030716196343855113
944,2026-08-31,RAA,DE0007010803,24441701W,-0.0003294795788726806,-0.00035970706317292654,-0.0004506674699522873,,-0.0004119937290982381,-0.0006290064687569357,,,,,,,-0.0008168347892885206,,0.0007194141263458531,,,,,0.0013920024811544022,,-0.0005970772063834871,,,,-0.0005181683244825858,,-0.00035970706317292654,,-0.0004098404517684564,-0.00037760580949453286,-0.0005037439385762183,-0.0006032010751669076,,-0.0005286481332923461,-0.00043483996176542323,,,,-0.0009968153360809067,-0.0013290871147745421,-0.0006323882239653064,,-0.0008084138120793607,-0.0014002882102088926,-0.0003894841379388973,-0.00038884036250428754,,-0.000505910579172245,-0.00117624209657547,-0.00011982801785680376
945,2026-08-31,RACE,NL0011585146,02546601W,,,-0.0004506674699522873,,,,,,,,,,-0.0008168347892885206,,,-0.0007351513103596687,,,-0.00045590778937033713,0.0013920024811544022,,,,,,0.0020280036147852926,,-0.00035970706317292654,,-0.0004098404517684564,-0.00037760580949453286,-0.0005037439385762183,0.0017687851076322854,-0.0006207082303828337,,-0.00043483996176542323,,,,,-0.0013290871147745421,,,,,-0.0003894841379388973,-0.00038884036250428754,,,,-2.5445601191659793e-05
946,2026-08-31,RBA,CA74935Q1072,06560501,-0.0003294795788726806,-0.00035970706317292654,-0.0004506674699522873,-0.001408673169551461,-0.0004119937290982381,,,,0.0005794296042243693,,,,,-0.0015683227954339598,,,,-0.0013757217503806663,,-0.00035482416186288687,,-0.0005970772063834871,,,-0.0007763974234821583,-0.0005181683244825858,-0.001755585218769358,-0.00035970706317292654,,-0.0004098404517684564,-0.00037760580949453286,,-0.0006032010751669076,,-0.0005286481332923461,-0.00043483996176542323,,,-0.0014611703063049314,,,-0.0006323882239653064,-0.0007216209181444601,-0.0008084138120793607,,-0.0003894841379388973,-0.00038884036250428754,,-0.000505910579172245,,-0.0001909123287742282
947,2026-08-31,RBI,AT0000606306,27281701W,0.0009721009062607189,,-0.0004506674699522873,,0.0012189037270212122,0.0012316671168329527,,-0.0006047517206043547,,,-0.002450504367865562,0.0016566790092612251,-0.0008168347892885206,,,0.002219324710519754,0.0010596775644824052,,-0.00045590778937033713,,,,,,,,,,,,-0.00037760580949453286,-0.0005037439385762183,-0.0006032010751669076,,-0.0005286481332923461,,,,,,,,-0.0007216209181444601,-0.0008084138120793607,,,,,0.001488914046298063,,4.4290308887843896e-05
948,2026-08-31,RBLX,US7710491033,03745301,0.0009721009062607189,,0.0013290871147745421,,,,,0.001782184994811318,,,,,,,,,,,,,0.001755585218769358,,,,,-0.0005181683244825858,,,,,-0.00037760580949453286,,,,,,,,,-0.0009968153360809067,,,,,,-0.0003894841379388973,,0.0013366387461084884,,,0.00021160646834615578
949,2026-08-31,RCI.B,CA7751092007,00921501C,-0.0003294795788726806,-0.00035970706317292654,-0.0004506674699522873,,-0.0004119937290982381,-0.0006290064687569357,,,,-0.0017425808838155109,,-0.0016684285057808083,,,,,,,,,0.001755585218769358,,,,,-0.0005181683244825858,,,,,0.001109662355259877,0.0009926093641987087,,,,,,,,,0.0013142369794139329,,,,,-0.0003894841379388973,,-0.0006818794762756347,,,-1.9712940361078495e-05
950,2026-08-31,RCL,LR0008862868,02819101,,,-0.0004506674699522873,,0.0012189037270212122,,0.0026732774922169768,,,,0.002450504367865562,,,,,-0.0007351513103596687,,-0.0013757217503806663,0.0013366387461084884,-0.00035482416186288687,0.001755585218769358,,0.006190747876712999,0.005227742651446533,0.0015275871384097012,-0.0005181683244825858,-0.001755585218769358,-0.00035970706317292654,,,0.001109662355259877,-0.0005037439385762183,0.0017687851076322854,0.002425241436238082,,-0.00043483996176542323,,,,,,,,,,-0.0003894841379388973,-0.00038884036250428754,-0.0006818794762756347,,,0.00036895846691382164
951,2026-08-31,RDDT,US75734B1008,04509701,0.0009721009062607189,0.0010644724855886605,,0.002735446736222023,0.0012189037270212122,0.0012316671168329527,0.0026732774922169768,0.001782184994811318,,0.0017171417468255033,,,,,,,,,,,-0.0009013349399045746,,,-0.00588121048287735,,-0.0005181683244825858,,,,,,,,,,,,,,-0.0009968153360809067,-0.0013290871147745421,,,,,-0.0003894841379388973,-0.00038884036250428754,,,,0.00012894811193186868
952,2026-08-31,REA,AU000000REA9,24801501W,-0.0003294795788726806,,,,-0.0004119937290982381,-0.0006290064687569357,,-0.0006047517206043547,,0.0017171417468255033,,-0.0016684285057808083,,,,,,,,,-0.0009013349399045746,,,,,,,,,,-0.00037760580949453286,-0.0005037439385762183,,,,,,,,-0.0009968153360809067,-0.0013290871147745421,,,,,-0.0003894841379388973,-0.00038884036250428754,-0.0006818794762756347,,,-0.0002358596598670909
953,2026-08-31,REC,IT0003828271,10242901W,,-0.00035970706317292654,,,,,,,0.0005794296042243693,,,,,,0.0007194141263458531,,,,,-0.00035482416186288687,-0.0009013349399045746,,,,,,,-0.00035970706317292654,,,,,,-0.0006207082303828337,,-0.00043483996176542323,,,,-0.0009968153360809067,,0.0012447006312967933,,,,-0.0003894841379388973,-0.00038884036250428754,,,,-9.741970527752723e-05
954,2026-08-31,RED,ES0173093024,23411701W,-0.0003294795788726806,-0.00035970706317292654,,,,-0.0006290064687569357,,-0.0006047517206043547,,,,-0.0016684285057808083,,-0.0015683227954339598,-0.0021193551289648105,,,-0.0013757217503806663,-0.00045590778937033713,-0.00035482416186288687,,-0.0005970772063834871,,,,,,,,-0.0004098404517684564,,,-0.0006032010751669076,-0.0006207082303828337,-0.0005286481332923461,,,,,-0.0009968153360809067,,,,,-0.0014002882102088926,,-0.00038884036250428754,-0.0006818794762756347,0.001488914046298063,,-0.0003010144475763169
955,2026-08-31,REG,US7588491032,02909901,-0.0003294795788726806,,,,,,,,,,,,,,,,,,,,,,,,,,,-0.00035970706317292654,,,,,0.0017687851076322854,-0.0006207082303828337,0.0020635826255709995,,,,,-0.0009968153360809067,,,,,,-0.0003894841379388973,-0.00038884036250428754,-0.0006818794762756347,,,1.8029647156217436e-05
956,2026-08-31,REGN,US75886F1075,02381201,0.0009721009062607189,0.0010644724855886605,,,,0.0012316671168329527,0.0026732774922169768,,0.0005794296042243693,,,,,,,,,-0.0013757217503806663,-0.00045590778937033713,-0.00035482416186288687,,-0.0005970772063834871,,,,,,-0.00035970706317292654,,-0.0004098404517684564,-0.00037760580949453286,,,-0.0006207082303828337,,-0.00043483996176542323,,,0.002834318305001132,,,0.0012447006312967933,0.001417159152500566,0.001589516346723608,,,,0.0013366387461084884,0.001488914046298063,-0.00117624209657547,0.00018274555485737015
957,2026-08-31,REL,GB00B2B0DG97,10033801W,-0.0003294795788726806,-0.00035970706317292654,-0.0004506674699522873,,-0.0004119937290982381,,,,0.0005794296042243693,-0.0017425808838155109,,,-0.0008168347892885206,0.0015683227954339598,0.0007194141263458531,,,,,0.0013920024811544022,,,,,0.0015275871384097012,0.0020280036147852926,,-0.00035970706317292654,,,,-0.0005037439385762183,-0.0006032010751669076,,-0.0005286481332923461,-0.00043483996176542323,,,,,,,,,,-0.0003894841379388973,,,,0.0011588592084487387,-9.218730188965543e-06
958,2026-08-31,REP,ES0173516115,01531901W,0.0009721009062607189,,-0.0004506674699522873,,0.0012189037270212122,0.0012316671168329527,,-0.0006047517206043547,,,,,0.0014611703063049314,,0.0007194141263458531,,0.0010596775644824052,,-0.00045590778937033713,,,-0.0005970772063834871,,,,,,-0.00035970706317292654,,,,,,,,,,,,,0.0013142369794139329,,,,0.0013920024811544022,0.0011364657937927244,-0.00038884036250428754,-0.0006818794762756347,-0.000505910579172245,,6.836335538292083e-05
959,2026-08-31,RF,US7591EP1005,00467401,-0.0003294795788726806,-0.00035970706317292654,,,-0.0004119937290982381,,,0.001782184994811318,,0.0017171417468255033,,-0.0016684285057808083,,,,-0.0007351513103596687,0.0010596775644824052,,-0.00045590778937033713,,,,,,,,,,,,,,-0.0006032010751669076,,-0.0005286481332923461,,,,-0.0014611703063049314,,,,,,,,,,0.001488914046298063,,6.104856704449381e-05
960,2026-08-31,RHM,DE0007030009,10031201W,-0.0003294795788726806,-0.00035970706317292654,-0.0004506674699522873,,-0.0004119937290982381,0.0012316671168329527,,,-0.0017171417468255033,0.0017171417468255033,,,0.0014611703063049314,,-0.0021193551289648105,,,,,-0.00035482416186288687,,-0.0005970772063834871,,,,,,-0.00035970706317292654,,,,,0.0017687851076322854,,0.0020635826255709995,-0.00043483996176542323,,,,,,0.0012447006312967933,-0.0007216209181444601,-0.0008084138120793607,-0.0014002882102088926,-0.0003894841379388973,-0.00038884036250428754,-0.0006818794762756347,-0.000505910579172245,,-2.9198425397872266e-05
961,2026-08-31,RI,FR0000120693,10139601W,-0.0003294795788726806,-0.00035970706317292654,,,,-0.0006290064687569357,,,,,,-0.0016684285057808083,-0.0008168347892885206,-0.0015683227954339598,,,0.0010596775644824052,-0.0013757217503806663,0.0013366387461084884,-0.00035482416186288687,,,,,,,,-0.00035970706317292654,,,0.001109662355259877,-0.0005037439385762183,,,,-0.00043483996176542323,-0.0032673391571540825,,,,,-0.0006323882239653064,0.001417159152500566,0.001589516346723608,,-0.0003894841379388973,-0.00038884036250428754,-0.0006818794762756347,0.001488914046298063,,-0.0001431021070733485
962,2026-08-31,RIO,AU000000RIO1,01956515W,-0.0003294795788726806,-0.00035970706317292654,-0.0004506674699522873,,-0.0004119937290982381,,,-0.0006047517206043547,,,,0.0016566790092612251,,,,-0.0007351513103596687,,,-0.00045590778937033713,-0.00035482416186288687,-0.0009013349399045746,,,,,-0.0005181683244825858,,-0.00035970706317292654,,,-0.00037760580949453286,,,,,-0.00043483996176542323,,,,0.0009884387366180419,,,,,,,-0.00038884036250428754,-0.0006818794762756347,,,-0.00012117944831097545
963,2026-08-31,RIO,GB0007188757,01956501W,-0.0003294795788726806,-0.00035970706317292654,-0.0004506674699522873,,-0.0004119937290982381,,,-0.0006047517206043547,,,,0.0016566790092612251,,,,-0.0007351513103596687,,,-0.00045590778937033713,-0.00035482416186288687,-0.0009013349399045746,,,,,-0.0005181683244825858,,-0.00035970706317292654,,,,,,,,-0.00043483996176542323,,,,0.0009884387366180419,,0.0012447006312967933,0.001417159152500566,,,0.0011364657937927244,-0.00038884036250428754,-0.0006818794762756347,,,-3.298016284576497e-05
964,2026-08-31,RIVN,US76954A1034,03981101,0.0009721009062607189,-0.00035970706317292654,0.0013290871147745421,-0.001408673169551461,-0.0004119937290982381,,,,,,,,0.0014611703063049314,,,-0.0007351513103596687,,-0.0013757217503806663,0.0013366387461084884,-0.00035482416186288687,0.001755585218769358,-0.0005970772063834871,0.006190747876712999,,0.0015275871384097012,-0.0005181683244825858,-0.001755585218769358,0.0014002882102088926,,0.0012064021503338151,0.001109662355259877,-0.0005037439385762183,,0.002425241436238082,,-0.00043483996176542323,0.003222581086508136,-0.0012189037270212122,,,,,,,,-0.0003894841379388973,-0.00038884036250428754,-0.0006818794762756347,,,0.00018373689228472407
965,2026-08-31,RJF,US7547301090,00889801,0.0009721009062607189,-0.00035970706317292654,,,-0.0004119937290982381,0.0012316671168329527,0.0026732774922169768,,,,,-0.0016684285057808083,0.0014611703063049314,,,-0.0007351513103596687,0.0010596775644824052,,-0.00045590778937033713,,-0.0009013349399045746,,,,,,,,,-0.0004098404517684564,-0.00037760580949453286,,-0.0006032010751669076,-0.0006207082303828337,-0.0005286481332923461,,,,-0.0014611703063049314,,,0.0012447006312967933,,,,,,,-0.000505910579172245,,-9.69565394092817e-05
966,2026-08-31,RKLB,US7731211089,03950301,-0.0003294795788726806,-0.00035970706317292654,-0.0004506674699522873,-0.001408673169551461,-0.0004119937290982381,,,,-0.0017171417468255033,0.0017171417468255033,,,,-0.0015683227954339598,-0.0021193551289648105,,,-0.0013757217503806663,,-0.00035482416186288687,,-0.0005970772063834871,,,0.0015275871384097012,-0.0005181683244825858,-0.001755585218769358,0.0014002882102088926,-0.003675756551798343,-0.0004098404517684564,-0.00037760580949453286,-0.0005037439385762183,,,,-0.00043483996176542323,,,-0.0014611703063049314,-0.0009968153360809067,-0.0013290871147745421,,-0.0007216209181444601,-0.0008084138120793607,-0.0014002882102088926,-0.0003894841379388973,-0.00038884036250428754,-0.0006818794762756347,-0.000505910579172245,-0.00117624209657547,-0.00027680353624757434
967,2026-08-31,RKT,US77311W1018,03672201,-0.0003294795788726806,-0.00035970706317292654,,-0.001408673169551461,-0.0004119937290982381,0.0012316671168329527,0.0026732774922169768,-0.0006047517206043547,,-0.0017425808838155109,,,0.0014611703063049314,,,-0.0007351513103596687,-0.0031366455908679197,,-0.00045590778937033713,,-0.0009013349399045746,,,,,,-0.001755585218769358,,,-0.0004098404517684564,-0.00037760580949453286,-0.0005037439385762183,,-0.0006207082303828337,,0.0012785240180168149,,0.0012064021503338151,-0.0014611703063049314,,,-0.0006323882239653064,-0.0007216209181444601,0.001589516346723608,0.0013920024811544022,-0.0003894841379388973,-0.00038884036250428754,,-0.000505910579172245,-0.00117624209657547,-0.00015337651794431232
968,2026-08-31,RMD,US7611521078,03188701,-0.0003294795788726806,,,,,0.0012316671168329527,0.0026732774922169768,,0.0005794296042243693,,,,,,0.0007194141263458531,,,,-0.00045590778937033713,0.0013920024811544022,,,,,,,,-0.00035970706317292654,-0.003675756551798343,,,,,-0.0006207082303828337,,-0.00043483996176542323,0.003222581086508136,,-0.0014611703063049314,,,0.0012447006312967933,,,,,,0.0013366387461084884,-0.000505910579172245,-0.00117624209657547,0.00018038126321599985
969,2026-08-31,RMS,FR0000052292,20305301W,-0.0003294795788726806,-0.00035970706317292654,-0.0004506674699522873,,-0.0004119937290982381,,,-0.0006047517206043547,,,0.002450504367865562,,0.0014611703063049314,-0.0015683227954339598,,0.002219324710519754,,-0.0013757217503806663,-0.00045590778937033713,-0.00035482416186288687,,,,,,-0.0005181683244825858,,-0.00035970706317292654,,-0.0004098404517684564,-0.00037760580949453286,-0.0005037439385762183,-0.0006032010751669076,-0.0006207082303828337,,-0.00043483996176542323,,,,,-0.0013290871147745421,,,,,-0.0003894841379388973,-0.00038884036250428754,,,-0.00117624209657547,-5.2949203804603454e-05
970,2026-08-31,RNO,FR0000131906,21047901W,-0.0003294795788726806,-0.00035970706317292654,-0.0004506674699522873,,-0.0004119937290982381,,,-0.0006047517206043547,,,-0.002450504367865562,,,,,-0.0007351513103596687,,0.0013677233681110115,0.0013366387461084884,-0.00035482416186288687,,-0.0005970772063834871,,,0.0015275871384097012,-0.0005181683244825858,,0.0014002882102088926,,0.0012064021503338151,0.001109662355259877,0.0009926093641987087,0.0017687851076322854,-0.0006207082303828337,,0.0012785240180168149,0.003222581086508136,0.0012064021503338151,,0.0009884387366180419,0.0013142369794139329,,,,,,0.0011364657937927244,0.0013366387461084884,,0.0011588592084487387,0.00025641185506616323
971,2026-08-31,RO,CH0012032113,02564804W,-0.0003294795788726806,-0.00035970706317292654,,,,-0.0006290064687569357,,,-0.0017171417468255033,,,,,,,,,0.0013677233681110115,0.0013366387461084884,0.0013920024811544022,-0.0009013349399045746,,,,0.0015275871384097012,,,-0.00035970706317292654,,,,-0.0005037439385762183,,-0.0006207082303828337,,-0.00043483996176542323,,,,0.0009884387366180419,,,,,,,-0.00038884036250428754,,,0.0011588592084487387,-1.4019181958962323e-05
972,2026-08-31,ROK,US7739031091,00920301,,0.0010644724855886605,,,,-0.0006290064687569357,,,0.0005794296042243693,,,,0.0014611703063049314,,0.0007194141263458531,,,,,-0.00035482416186288687,,0.0017425808838155109,,,,-0.0005181683244825858,,0.0014002882102088926,0.0036192064510014456,-0.0004098404517684564,-0.00037760580949453286,,-0.0006032010751669076,,-0.0005286481332923461,-0.00043483996176542323,,,-0.0014611703063049314,,,-0.0006323882239653064,-0.0007216209181444601,-0.0008084138120793607,-0.0014002882102088926,-0.0003894841379388973,-0.00038884036250428754,-0.0006818794762756347,-0.000505910579172245,,-8.886688169495896e-05
973,2026-08-31,ROL,US7757111049,00922501,-0.0003294795788726806,-0.00035970706317292654,-0.0004506674699522873,-0.001408673169551461,-0.0004119937290982381,-0.0006290064687569357,-0.002800576420417785,,0.0005794296042243693,,,,,,0.0007194141263458531,,,,,0.0013920024811544022,,-0.0005970772063834871,,,,-0.0005181683244825858,-0.001755585218769358,-0.00035970706317292654,,-0.0004098404517684564,-0.00037760580949453286,,-0.0006032010751669076,,-0.0005286481332923461,-0.00043483996176542323,,,,-0.0009968153360809067,-0.0013290871147745421,-0.0006323882239653064,-0.0007216209181444601,-0.0008084138120793607,,-0.0003894841379388973,-0.00038884036250428754,-0.0006818794762756347,-0.000505910579172245,,-0.00017039974370970212
974,2026-08-31,ROP,US7766961061,02492501,-0.0003294795788726806,-0.00035970706317292654,-0.0004506674699522873,-0.001408673169551461,-0.0004119937290982381,-0.0006290064687569357,,-0.0006047517206043547,,,,,-0.0008168347892885206,-0.0015683227954339598,,,,-0.0013757217503806663,-0.00045590778937033713,-0.00035482416186288687,,,,,-0.0007763974234821583,0.0020280036147852926,-0.001755585218769358,-0.00035970706317292654,,,-0.00037760580949453286,,,,,-0.00043483996176542323,,,-0.0014611703063049314,,,,,,,,,,,,-0.0002064064554462684
975,2026-08-31,ROST,US7782961038,00924801,0.0009721009062607189,0.0010644724855886605,,0.002735446736222023,0.0012189037270212122,,-0.002800576420417785,0.001782184994811318,,,,,,,,-0.0007351513103596687,,,-0.00045590778937033713,-0.00035482416186288687,0.001755585218769358,,,,,0.0020280036147852926,0.0034595355781631464,0.0014002882102088926,0.0036192064510014456,,-0.00037760580949453286,,-0.0006032010751669076,-0.0006207082303828337,,,,,,,-0.0013290871147745421,,,,,-0.0003894841379388973,-0.00038884036250428754,,,,0.00016331140615801886
976,2026-08-31,RR.,GB00B63H8491,10049901W,-0.0003294795788726806,,0.0013290871147745421,,,,,,0.0005794296042243693,0.0017171417468255033,,,0.0014611703063049314,0.0015683227954339598,0.0007194141263458531,,,0.0013677233681110115,,0.0013920024811544022,,0.0017425808838155109,,,-0.0007763974234821583,-0.0005181683244825858,,-0.00035970706317292654,,-0.0004098404517684564,-0.00037760580949453286,,,,,,,,,,,,-0.0007216209181444601,-0.0008084138120793607,-0.0014002882102088926,-0.0003894841379388973,-0.00038884036250428754,,-0.000505910579172245,0.0011588592084487387,9.754028646162434e-05
977,2026-08-31,RS,US7595091023,03067101,0.0009721009062607189,0.0010644724855886605,,0.002735446736222023,0.0012189037270212122,,,0.001782184994811318,,,,,0.0014611703063049314,,,-0.0007351513103596687,,,-0.00045590778937033713,-0.00035482416186288687,-0.0009013349399045746,-0.0005970772063834871,,-0.00588121048287735,,-0.0005181683244825858,-0.001755585218769358,-0.00035970706317292654,0.0036192064510014456,-0.0004098404517684564,-0.00037760580949453286,0.0009926093641987087,,,,-0.00043483996176542323,,-0.0012189037270212122,,,,,,,,-0.0003894841379388973,-0.00038884036250428754,-0.0006818794762756347,,,-7.061980775404048e-05
978,2026-08-31,RSG,US7607591002,11216801,-0.0003294795788726806,-0.00035970706317292654,-0.0004506674699522873,-0.001408673169551461,-0.0004119937290982381,-0.0006290064687569357,-0.002800576420417785,,-0.0017171417468255033,-0.0017425808838155109,,,,,-0.0021193551289648105,,,-0.0013757217503806663,,-0.00035482416186288687,,-0.0005970772063834871,,,-0.0007763974234821583,-0.0005181683244825858,-0.001755585218769358,-0.00035970706317292654,,-0.0004098404517684564,-0.00037760580949453286,-0.0005037439385762183,-0.0006032010751669076,,-0.0005286481332923461,-0.00043483996176542323,,,0.002834318305001132,,-0.0013290871147745421,-0.0006323882239653064,-0.0007216209181444601,-0.0008084138120793607,,,-0.00038884036250428754,,-0.000505910579172245,,-0.00035007749497293917
979,2026-08-31,RTO,GB00B082RF11,10009102W,-0.0003294795788726806,-0.00035970706317292654,0.0013290871147745421,,-0.0004119937290982381,-0.0006290064687569357,,,0.0005794296042243693,,,,-0.0008168347892885206,,0.0007194141263458531,,,,,-0.00035482416186288687,,0.0017425808838155109,,,-0.0007763974234821583,,,-0.00035970706317292654,,-0.0004098404517684564,-0.00037760580949453286,,-0.0006032010751669076,,-0.0005286481332923461,-0.00043483996176542323,,,,,,-0.0006323882239653064,-0.0007216209181444601,-0.0008084138120793607,,,,,-0.000505910579172245,,-9.247122323691195e-05
980,2026-08-31,RTX,US75513E1010,01098301,-0.0003294795788726806,,,,,-0.0006290064687569357,,,0.0005794296042243693,,,,0.0014611703063049314,,0.0007194141263458531,,,,,-0.00035482416186288687,,,,,,-0.0005181683244825858,0.0034595355781631464,-0.00035970706317292654,,,,,-0.0006032010751669076,,-0.0005286481332923461,0.0012785240180168149,,0.0012064021503338151,0.002834318305001132,0.0009884387366180419,,-0.0006323882239653064,-0.0007216209181444601,-0.0008084138120793607,,-0.0003894841379388973,-0.00038884036250428754,,-0.000505910579172245,,1.0041736609806567e-05
981,2026-08-31,RVMD,US76155X1000,03608301,-0.0003294795788726806,-0.00035970706317292654,,,,,,,0.0005794296042243693,,,,,,,,,-0.0013757217503806663,,-0.00035482416186288687,0.001755585218769358,,,,-0.0007763974234821583,,,0.0014002882102088926,,-0.0004098404517684564,-0.00037760580949453286,-0.0005037439385762183,,-0.0006207082303828337,,-0.00043483996176542323,-0.0032673391571540825,-0.0012189037270212122,,-0.0009968153360809067,-0.0013290871147745421,,-0.0007216209181444601,-0.0008084138120793607,-0.0014002882102088926,-0.0003894841379388973,-0.00038884036250428754,-0.0006818794762756347,-0.000505910579172245,,-0.0002622127694818553
982,2026-08-31,RWE,DE0007037129,10095301W,-0.0003294795788726806,-0.00035970706317292654,,,-0.0004119937290982381,0.0012316671168329527,,,,0.0017171417468255033,0.002450504367865562,-0.0016684285057808083,,-0.0015683227954339598,-0.0021193551289648105,,,,-0.00045590778937033713,-0.00035482416186288687,,-0.0005970772063834871,,,,,,,,-0.0004098404517684564,,-0.0005037439385762183,0.0017687851076322854,-0.0006207082303828337,-0.0005286481332923461,,,,,0.0009884387366180419,0.0013142369794139329,0.0012447006312967933,,,,0.0011364657937927244,-0.00038884036250428754,-0.0006818794762756347,0.001488914046298063,,0.00015222678071478984
983,2026-08-31,RXL,FR0010451203,10326003W,0.0009721009062607189,-0.00035970706317292654,-0.0004506674699522873,,,0.0012316671168329527,,,0.0005794296042243693,,,,-0.0008168347892885206,0.0015683227954339598,0.0007194141263458531,,,0.0013677233681110115,,-0.00035482416186288687,,,,,0.0015275871384097012,-0.0005181683244825858,,0.0014002882102088926,,0.0012064021503338151,0.001109662355259877,,-0.0006032010751669076,,-0.0005286481332923461,0.0012785240180168149,,0.0012064021503338151,,,0.0013142369794139329,0.0012447006312967933,0.001417159152500566,0.001589516346723608,0.0013920024811544022,,,,0.001488914046298063,,0.00037646737776665965
984,2026-08-31,RY,CA7800871021,01563301C,-0.0003294795788726806,-0.00035970706317292654,-0.0004506674699522873,,-0.0004119937290982381,,,-0.0006047517206043547,0.0005794296042243693,0.0017171417468255033,,-0.0016684285057808083,,,,-0.0007351513103596687,0.0010596775644824052,,,,,,,,,,,,,,-0.00037760580949453286,-0.0005037439385762183,-0.0006032010751669076,,-0.0005286481332923461,,,,,0.0009884387366180419,,,-0.0007216209181444601,-0.0008084138120793607,,,,,-0.000505910579172245,,-8.463184850113038e-05
985,2026-08-31,RYA,IE00BYTBXV33,06483501W,-0.0003294795788726806,-0.00035970706317292654,-0.0004506674699522873,,-0.0004119937290982381,-0.0006290064687569357,,,-0.0017171417468255033,0.0017171417468255033,,,,,-0.0021193551289648105,,,,,0.0013920024811544022,,-0.0005970772063834871,,,-0.0007763974234821583,-0.0005181683244825858,,-0.00035970706317292654,,-0.0004098404517684564,-0.00037760580949453286,0.0009926093641987087,-0.0006032010751669076,,-0.0005286481332923461,-0.00043483996176542323,,-0.0012189037270212122,,,,,0.001417159152500566,0.001589516346723608,,0.0011364657937927244,0.0011364657937927244,0.0013366387461084884,0.001488914046298063,-0.00117624209657547,0.00015868123323019702
986,2026-08-31,S32,AU000000S320,31968701W,-0.0003294795788726806,-0.00035970706317292654,-0.0004506674699522873,,-0.0004119937290982381,-0.0006290064687569357,,-0.0006047517206043547,,0.0017171417468255033,,,,,,-0.0007351513103596687,,,0.0013366387461084884,-0.00035482416186288687,,0.0017425808838155109,,,,-0.0005181683244825858,,-0.00035970706317292654,,,0.001109662355259877,,,,,-0.00043483996176542323,,,,,,-0.0006323882239653064,-0.0007216209181444601,,,,-0.00038884036250428754,-0.0006818794762756347,,,-1.3016999136948719e-05
987,2026-08-31,S63,SG1F60858221,21488201W,-0.0003294795788726806,-0.00035970706317292654,-0.0004506674699522873,,-0.0004119937290982381,,,,,,,,-0.0008168347892885206,0.0015683227954339598,,,,0.0013677233681110115,,-0.00035482416186288687,,-0.0005970772063834871,,,-0.0007763974234821583,-0.0005181683244825858,,-0.00035970706317292654,,-0.0004098404517684564,-0.00037760580949453286,,-0.0006032010751669076,,-0.0005286481332923461,-0.00043483996176542323,,,,,,-0.0006323882239653064,-0.0007216209181444601,-0.0008084138120793607,,-0.0003894841379388973,-0.00038884036250428754,-0.0006818794762756347,-0.000505910579172245,0.0011588592084487387,-9.732362357528187e-05
988,2026-08-31,S68,SG1J26887955,24190401W,-0.0003294795788726806,-0.00035970706317292654,-0.0004506674699522873,,-0.0004119937290982381,-0.0006290064687569357,,-0.0006047517206043547,-0.0017171417468255033,,,,,,,-0.0007351513103596687,,,-0.00045590778937033713,,,,,,,,,,,-0.0004098404517684564,-0.00037760580949453286,-0.0005037439385762183,-0.0006032010751669076,-0.0006207082303828337,-0.0005286481332923461,-0.00043483996176542323,,,,-0.0009968153360809067,-0.0013290871147745421,-0.0006323882239653064,-0.0007216209181444601,-0.0008084138120793607,-0.0014002882102088926,-0.0003894841379388973,-0.00038884036250428754,,-0.000505910579172245,-0.00117624209657547,-0.0002513584581936155
989,2026-08-31,SAAB B,SE0021921269,22250501W,,0.0010644724855886605,,,,,,,-0.0017171417468255033,0.0017171417468255033,,,0.0014611703063049314,,-0.0021193551289648105,,,,,-0.00035482416186288687,,0.0017425808838155109,,,,0.0020280036147852926,,-0.00035970706317292654,,,,0.0009926093641987087,0.0017687851076322854,,0.0020635826255709995,-0.00043483996176542323,,,,,,,-0.0007216209181444601,-0.0008084138120793607,,-0.0003894841379388973,-0.00038884036250428754,,-0.000505910579172245,,2.193735104757391e-05
990,2026-08-31,SAB,ES0113860A34,24543601W,-0.0003294795788726806,-0.00035970706317292654,-0.0004506674699522873,,-0.0004119937290982381,-0.0006290064687569357,,0.001782184994811318,0.0005794296042243693,,0.002450504367865562,,0.0014611703063049314,,,0.002219324710519754,0.0010596775644824052,,-0.00045590778937033713,,-0.0009013349399045746,,,,,,,,,,-0.00037760580949453286,,0.0017687851076322854,,0.0020635826255709995,,,,,,0.0013142369794139329,,,,,,,,,,0.00027366159257023054
991,2026-08-31,SAF,FR0000073272,10130501W,-0.0003294795788726806,,0.0013290871147745421,,-0.0004119937290982381,,,,0.0005794296042243693,0.0017171417468255033,,,0.0014611703063049314,,,,,0.0013677233681110115,,0.0013920024811544022,,-0.0005970772063834871,,,-0.0007763974234821583,-0.0005181683244825858,,-0.00035970706317292654,,-0.0004098404517684564,-0.00037760580949453286,,,,-0.0005286481332923461,,,,,0.0009884387366180419,,,-0.0007216209181444601,-0.0008084138120793607,,-0.0003894841379388973,-0.00038884036250428754,,-0.000505910579172245,0.0011588592084487387,8.358873936048696e-05
992,2026-08-31,SALM,NO0010310956,28452301W,-0.0003294795788726806,-0.00035970706317292654,,,,0.0012316671168329527,,,,,,,0.0014611703063049314,,-0.0021193551289648105,,-0.0031366455908679197,-0.0013757217503806663,-0.00045590778937033713,-0.00035482416186288687,,,,,,,,-0.00035970706317292654,,-0.0004098404517684564,-0.00037760580949453286,,,,,0.0012785240180168149,-0.0032673391571540825,0.0012064021503338151,,-0.0009968153360809067,,,-0.0007216209181444601,-0.0008084138120793607,-0.0014002882102088926,-0.0003894841379388973,0.0011364657937927244,0.0013366387461084884,-0.000505910579172245,,-0.00023554250695592582
993,2026-08-31,SAMPO,FI4000552500,01577301W,-0.0003294795788726806,-0.00035970706317292654,,,-0.0004119937290982381,-0.0006290064687569357,,-0.0006047517206043547,-0.0017171417468255033,,-0.002450504367865562,0.0016566790092612251,,,,-0.0007351513103596687,-0.0031366455908679197,,,,,,,,,,,,,,0.001109662355259877,,-0.0006032010751669076,-0.0006207082303828337,-0.0005286481332923461,-0.00043483996176542323,,-0.0012189037270212122,,-0.0009968153360809067,,-0.0006323882239653064,,,,,-0.00038884036250428754,,,-0.00117624209657547,-0.0002518378560070853
994,2026-08-31,SAN,ES0113900J37,01414001W,-0.0003294795788726806,-0.00035970706317292654,-0.0004506674699522873,,-0.0004119937290982381,-0.0006290064687569357,,,,,,,-0.0008168347892885206,,,0.002219324710519754,0.0010596775644824052,,-0.00045590778937033713,,0.001755585218769358,,,,,,,,,,-0.00037760580949453286,,0.0017687851076322854,,-0.0005286481332923461,,,,,,,,-0.0007216209181444601,-0.0008084138120793607,,,,,-0.000505910579172245,,0.00013286010109810908
995,2026-08-31,SAN,FR0000120578,10120401W,-0.0003294795788726806,-0.00035970706317292654,,,,,,,0.0005794296042243693,,,,,,0.0007194141263458531,,,,-0.00045590778937033713,-0.00035482416186288687,0.001755585218769358,-0.0005970772063834871,,,-0.0007763974234821583,,,0.0014002882102088926,,-0.0004098404517684564,-0.00037760580949453286,0.0009926093641987087,,-0.0006207082303828337,,0.0012785240180168149,,0.0012064021503338151,,0.0009884387366180419,0.0013142369794139329,,0.001417159152500566,,0.0013920024811544022,0.0011364657937927244,,,0.001488914046298063,,0.0003575641916091616
996,2026-08-31,SAND,SE0000667891,01959102W,0.0009721009062607189,,-0.0004506674699522873,,0.0012189037270212122,0.0012316671168329527,,,0.0005794296042243693,,,,-0.0008168347892885206,,0.0007194141263458531,,,,,-0.00035482416186288687,,,,,,0.0020280036147852926,,-0.00035970706317292654,,,,,-0.0006032010751669076,,-0.0005286481332923461,-0.00043483996176542323,,,,,,0.0012447006312967933,,,,-0.0003894841379388973,,,-0.000505910579172245,-0.00117624209657547,4.171321812794358e-06
997,2026-08-31,SAP,CA8029121057,06561301C,-0.0003294795788726806,-0.00035970706317292654,,,,0.0012316671168329527,,,,,,,0.0014611703063049314,,0.0007194141263458531,,-0.0031366455908679197,,0.0013366387461084884,-0.00035482416186288687,,,,0.005227742651446533,0.0015275871384097012,,,0.0014002882102088926,,0.0012064021503338151,0.001109662355259877,,,,,0.0012785240180168149,,0.0012064021503338151,,,,0.0012447006312967933,,-0.0008084138120793607,,-0.0003894841379388973,,,-0.000505910579172245,,9.886744194939975e-05
998,2026-08-31,SAP,DE0007164600,10348702W,-0.0003294795788726806,-0.00035970706317292654,,,-0.0004119937290982381,,,,,,,,,,,,,,-0.00045590778937033713,-0.00035482416186288687,,,,,,-0.0005181683244825858,,-0.00035970706317292654,,-0.0004098404517684564,,-0.0005037439385762183,,,,,,,,0.0009884387366180419,,,,,,,,,,,-6.439968849390827e-05
999,2026-08-31,SATS,US2787681061,17920201,-0.0003294795788726806,-0.00035970706317292654,0.0013290871147745421,-0.001408673169551461,-0.0004119937290982381,,,-0.0006047517206043547,,-0.0017425808838155109,,0.0016566790092612251,,,,,,,,,,,,,,-0.0005181683244825858,,,,,-0.00037760580949453286,-0.0005037439385762183,,,,,,,-0.0014611703063049314,,,,,,,-0.0003894841379388973,-0.00038884036250428754,-0.0006818794762756347,,,-9.798257026819212e-05
1000,2026-08-31,SBAC,US78410G1040,12138201,-0.0003294795788726806,,,,,,,,,,,,,-0.0015683227954339598,,,,0.0013677233681110115,,,,,,,,,,-0.00035970706317292654,-0.003675756551798343,,,,0.0017687851076322854,-0.0006207082303828337,0.0020635826255709995,,,,,-0.0009968153360809067,,-0.0006323882239653064,,,,-0.0003894841379388973,0.0011364657937927244,,,,4.0531983157256286e-05
1001,2026-08-31,SBRY,GB00B019KW72,01957901W,-0.0003294795788726806,-0.00035970706317292654,,,,,,,,,,0.0016566790092612251,,,0.0007194141263458531,,0.0010596775644824052,0.0013677233681110115,-0.00045590778937033713,0.0013920024811544022,-0.0009013349399045746,,,,-0.0007763974234821583,,,-0.00035970706317292654,,-0.0004098404517684564,-0.00037760580949453286,0.0009926093641987087,,,,-0.00043483996176542323,-0.0032673391571540825,-0.0012189037270212122,,,0.0013142369794139329,0.0012447006312967933,,,0.0013920024811544022,-0.0003894841379388973,-0.00038884036250428754,-0.0006818794762756347,-0.000505910579172245,,-3.098603047113041e-07
1002,2026-08-31,SBUX,US8552441094,02543401,,0.0010644724855886605,,0.002735446736222023,0.0012189037270212122,,,0.001782184994811318,,,,,,-0.0015683227954339598,,-0.0007351513103596687,,0.0013677233681110115,-0.00045590778937033713,-0.00035482416186288687,,-0.0005970772063834871,,-0.00588121048287735,-0.0007763974234821583,-0.0005181683244825858,0.0034595355781631464,-0.00035970706317292654,0.0036192064510014456,-0.0004098404517684564,-0.00037760580949453286,-0.0005037439385762183,-0.0006032010751669076,-0.0006207082303828337,,,-0.0032673391571540825,,,,,,,,,-0.0003894841379388973,-0.00038884036250428754,-0.0006818794762756347,,,-4.3587325878316344e-05
1003,2026-08-31,SCA B,SE0000112724,01236807W,-0.0003294795788726806,-0.00035970706317292654,-0.0004506674699522873,,-0.0004119937290982381,-0.0006290064687569357,,-0.0006047517206043547,,,,,-0.0008168347892885206,,,0.002219324710519754,,,-0.00045590778937033713,-0.00035482416186288687,,-0.0005970772063834871,,,-0.0007763974234821583,-0.0005181683244825858,,,,-0.0004098404517684564,-0.00037760580949453286,-0.0005037439385762183,,,,-0.00043483996176542323,,,,,,-0.0006323882239653064,-0.0007216209181444601,,,-0.0003894841379388973,-0.00038884036250428754,,,,-0.00012388616972702405
1004,2026-08-31,SCG,AU000000SCG8,29610801W,-0.0003294795788726806,,,,,,,,,,,,,,,,,,,,,,,,,,,,,,,-0.0005037439385762183,-0.0006032010751669076,0.002425241436238082,-0.0005286481332923461,,,,,,,,,,,-0.0003894841379388973,-0.00038884036250428754,-0.0006818794762756347,,,-2.829048384664097e-05
1005,2026-08-31,SCHN,CH0024638212,10134301W,-0.0003294795788726806,-0.00035970706317292654,-0.0004506674699522873,,-0.0004119937290982381,-0.0006290064687569357,,,0.0005794296042243693,0.0017171417468255033,,,0.0014611703063049314,,0.0007194141263458531,,,0.0013677233681110115,,-0.00035482416186288687,,0.0017425808838155109,,,,,,-0.00035970706317292654,,-0.0004098404517684564,-0.00037760580949453286,-0.0005037439385762183,,,-0.0005286481332923461,-0.00043483996176542323,,,,,,-0.0006323882239653064,,,,,-0.00038884036250428754,,-0.000505910579172245,,1.1343606133072714e-05
1006,2026-08-31,SCHP,CH0024638196,10134303W,-0.0003294795788726806,-0.00035970706317292654,-0.0004506674699522873,,-0.0004119937290982381,,,,0.0005794296042243693,0.0017171417468255033,,,0.0014611703063049314,,0.0007194141263458531,,,0.0013677233681110115,,-0.00035482416186288687,,0.0017425808838155109,,,,,,-0.00035970706317292654,,-0.0004098404517684564,-0.00037760580949453286,-0.0005037439385762183,,,-0.0005286481332923461,-0.00043483996176542323,,,,,,,,,,,-0.00038884036250428754,,-0.000505910579172245,,3.333670190604337e-05
1007,2026-08-31,SCHW,US8085131055,01398801,0.0009721009062607189,0.0010644724855886605,-0.0004506674699522873,0.002735446736222023,0.0012189037270212122,0.0012316671168329527,,,0.0005794296042243693,,0.002450504367865562,-0.0016684285057808083,0.0014611703063049314,,,-0.0007351513103596687,0.0010596775644824052,,0.0013366387461084884,,,,,,,,,,,,,-0.0005037439385762183,-0.0006032010751669076,-0.0006207082303828337,-0.0005286481332923461,-0.00043483996176542323,,,0.002834318305001132,,,,-0.0007216209181444601,-0.0008084138120793607,-0.0014002882102088926,,-0.00038884036250428754,,-0.000505910579172245,,7.274208713031783e-05
1008,2026-08-31,SCMN,CH0008742519,11492701W,-0.0003294795788726806,-0.00035970706317292654,-0.0004506674699522873,,-0.0004119937290982381,-0.0006290064687569357,,-0.0006047517206043547,,,,,,,,,,,,,0.001755585218769358,,,,,-0.0005181683244825858,,,,,-0.00037760580949453286,0.0009926093641987087,,,,,,,,,,,,,,0.0011364657937927244,-0.00038884036250428754,,,,0.00011162675262045766
1009,2026-08-31,SDR,GB00BP9LHF23,01563801W,-0.0003294795788726806,-0.00035970706317292654,0.0013290871147745421,,-0.0004119937290982381,,,-0.0006047517206043547,0.0005794296042243693,0.0017171417468255033,-0.002450504367865562,,,,,-0.0007351513103596687,0.0010596775644824052,,0.0013366387461084884,,-0.0009013349399045746,,,,,,,,,0.0012064021503338151,0.001109662355259877,,-0.0006032010751669076,-0.0006207082303828337,-0.0005286481332923461,-0.00043483996176542323,,-0.0012189037270212122,,-0.0009968153360809067,,0.0012447006312967933,,,,-0.0003894841379388973,-0.00038884036250428754,,-0.000505910579172245,,-0.00011543437072291154
1010,2026-08-31,SDZ,CH1243598427,04336201W,-0.0003294795788726806,-0.00035970706317292654,,,,,,,0.0005794296042243693,,,,,,0.0007194141263458531,,,,0.0013366387461084884,-0.00035482416186288687,,0.0017425808838155109,,,0.0015275871384097012,,,0.0014002882102088926,,0.0012064021503338151,0.001109662355259877,,,-0.0006207082303828337,,0.0012785240180168149,,0.0012064021503338151,,,,-0.0006323882239653064,-0.0007216209181444601,-0.0008084138120793607,,-0.0003894841379388973,-0.00038884036250428754,-0.0006818794762756347,-0.000505910579172245,,7.35657115829939e-05
1011,2026-08-31,SE,US81141R1005,03254690,0.0009721009062607189,,-0.0004506674699522873,,,,,-0.0006047517206043547,,0.0017171417468255033,,0.0016566790092612251,,,,,,,,,-0.0009013349399045746,,,0.005227742651446533,,-0.0005181683244825858,,,,,,0.0009926093641987087,,,,,,,-0.0014611703063049314,,,,,,,,0.0011364657937927244,0.0013366387461084884,,,0.0001584634749802455
1012,2026-08-31,SEB A,SE0000148884,01567101W,,,-0.0004506674699522873,,,-0.0006290064687569357,,0.001782184994811318,0.0005794296042243693,-0.0017425808838155109,,,,,,0.002219324710519754,0.0010596775644824052,,-0.00045590778937033713,,,,,,,,,,,,-0.00037760580949453286,-0.0005037439385762183,-0.0006032010751669076,,-0.0005286481332923461,,,,,,,-0.0006323882239653064,,,,,,,0.001488914046298063,0.0011588592084487387,8.64676620964725e-05
1013,2026-08-31,SECU B,SE0000163594,10498101W,-0.0003294795788726806,-0.00035970706317292654,-0.0004506674699522873,,-0.0004119937290982381,,,,0.0005794296042243693,,,,,0.0015683227954339598,0.0007194141263458531,,,0.0013677233681110115,,-0.00035482416186288687,,,,,-0.0007763974234821583,-0.0005181683244825858,,-0.00035970706317292654,,-0.0004098404517684564,-0.00037760580949453286,-0.0005037439385762183,,,-0.0005286481332923461,-0.00043483996176542323,,,,,0.0013142369794139329,,0.001417159152500566,0.001589516346723608,0.0013920024811544022,0.0011364657937927244,0.0011364657937927244,0.0013366387461084884,0.001488914046298063,,0.00026738720918492893
1014,2026-08-31,SGE,GB00B8C3BL03,10464301W,-0.0003294795788726806,-0.00035970706317292654,-0.0004506674699522873,,-0.0004119937290982381,-0.0006290064687569357,,-0.0006047517206043547,,,,,,0.0015683227954339598,,,,,-0.00045590778937033713,-0.00035482416186288687,,,,,-0.0007763974234821583,-0.0005181683244825858,,-0.00035970706317292654,,-0.0004098404517684564,-0.00037760580949453286,0.0009926093641987087,,,,-0.00043483996176542323,,,,-0.0009968153360809067,,,,,,,,,,0.0011588592084487387,-7.784167419196533e-05
1015,2026-08-31,SGH,AU0000364754,20832601W,-0.0003294795788726806,-0.00035970706317292654,-0.0004506674699522873,,-0.0004119937290982381,-0.0006290064687569357,,,-0.0017171417468255033,,,,0.0014611703063049314,,-0.0021193551289648105,,,,,-0.00035482416186288687,,-0.0005970772063834871,,,-0.0007763974234821583,-0.0005181683244825858,,-0.00035970706317292654,,-0.0004098404517684564,-0.00037760580949453286,-0.0005037439385762183,,,0.0020635826255709995,0.0012785240180168149,,0.0012064021503338151,,,,-0.0006323882239653064,-0.0007216209181444601,-0.0008084138120793607,,,-0.00038884036250428754,,-0.000505910579172245,,-6.691258697476625e-05
1016,2026-08-31,SGO,FR0000125007,10181101W,-0.0003294795788726806,-0.00035970706317292654,-0.0004506674699522873,,-0.0004119937290982381,-0.0006290064687569357,,,,,,,,,,,,,,-0.00035482416186288687,,-0.0005970772063834871,,,-0.0007763974234821583,-0.0005181683244825858,,-0.00035970706317292654,,-0.0004098404517684564,-0.00037760580949453286,-0.0005037439385762183,-0.0006032010751669076,,-0.0005286481332923461,-0.00043483996176542323,,,,0.0009884387366180419,0.0013142369794139329,,0.001417159152500566,0.001589516346723608,0.0013920024811544022,0.0011364657937927244,0.0011364657937927244,0.0013366387461084884,0.001488914046298063,,0.0001648973797915091
1017,2026-08-31,SGRO,GB00B5ZN1N88,01564401W,-0.0003294795788726806,,,,,,,,,,,,,-0.0015683227954339598,,,-0.0031366455908679197,-0.0013757217503806663,,,,,,,,,,-0.00035970706317292654,,,,-0.0005037439385762183,,0.002425241436238082,-0.0005286481332923461,,0.003222581086508136,0.0012064021503338151,,,-0.0013290871147745421,-0.0006323882239653064,,,-0.0014002882102088926,-0.0003894841379388973,-0.00038884036250428754,-0.0006818794762756347,,,-0.00010329302291103464
1018,2026-08-31,SGSN,CH1256740924,10134001W,-0.0003294795788726806,-0.00035970706317292654,-0.0004506674699522873,,-0.0004119937290982381,-0.0006290064687569357,,,,-0.0017425808838155109,,,,0.0015683227954339598,0.0007194141263458531,,,,,-0.00035482416186288687,,-0.0005970772063834871,,,-0.0007763974234821583,-0.0005181683244825858,,-0.00035970706317292654,,-0.0004098404517684564,-0.00037760580949453286,-0.0005037439385762183,-0.0006032010751669076,,-0.0005286481332923461,-0.00043483996176542323,,,,,,-0.0006323882239653064,,,,-0.0003894841379388973,,,-0.000505910579172245,0.0011588592084487387,-0.00014311614660072339
1019,2026-08-31,SHB A,SE0007100599,01565401W,-0.0003294795788726806,-0.00035970706317292654,,,-0.0004119937290982381,-0.0006290064687569357,,-0.0006047517206043547,0.0005794296042243693,-0.0017425808838155109,,0.0016566790092612251,-0.0008168347892885206,,,0.002219324710519754,0.0010596775644824052,,-0.00045590778937033713,,,,,,,,,,,,-0.00037760580949453286,-0.0005037439385762183,,,-0.0005286481332923461,,,,,,,-0.0006323882239653064,,,,,,,0.001488914046298063,0.0011588592084487387,9.476312556266054e-05
1020,2026-08-31,SHEL,GB00BP6MXD84,01238401W,-0.0003294795788726806,,-0.0004506674699522873,,-0.0004119937290982381,,,0.001782184994811318,0.0005794296042243693,,,,-0.0008168347892885206,,0.0007194141263458531,,0.0010596775644824052,,0.0013366387461084884,,,,,,,,,-0.00035970706317292654,,,,,,,,,,,,,0.0013142369794139329,0.0012447006312967933,,,,0.0011364657937927244,0.0011364657937927244,0.0013366387461084884,,,0.0002788955208933858
1021,2026-08-31,SHL,DE000SHL1006,32676501W,-0.0003294795788726806,-0.00035970706317292654,,,,-0.0006290064687569357,,,0.0005794296042243693,,,,,,0.0007194141263458531,,,,-0.00045590778937033713,-0.00035482416186288687,,-0.0005970772063834871,,,-0.0007763974234821583,,,0.0014002882102088926,,-0.0004098404517684564,-0.00037760580949453286,-0.0005037439385762183,,-0.0006207082303828337,,0.0012785240180168149,,-0.0012189037270212122,,,0.0013142369794139329,,,,0.0013920024811544022,-0.0003894841379388973,0.0011364657937927244,,0.001488914046298063,,7.512526870992192e-05
1022,2026-08-31,SHOP,CA82509L1076,02365001C,-0.0003294795788726806,-0.00035970706317292654,-0.0004506674699522873,,-0.0004119937290982381,-0.0006290064687569357,,-0.0006047517206043547,,,,,,,,,,,-0.00045590778937033713,-0.00035482416186288687,,,,,-0.0007763974234821583,-0.0005181683244825858,,-0.00035970706317292654,,-0.0004098404517684564,-0.00037760580949453286,,,,,-0.00043483996176542323,,,,,,-0.0006323882239653064,,,,,,,,-0.00117624209657547,-0.0001365360875686536
1023,2026-08-31,SHW,US8243481061,00966701,-0.0003294795788726806,,-0.0004506674699522873,,,-0.0006290064687569357,,0.001782184994811318,,-0.0017425808838155109,,,,,,-0.0007351513103596687,,,-0.00045590778937033713,-0.00035482416186288687,,-0.0005970772063834871,0.006190747876712999,,,-0.0005181683244825858,,-0.00035970706317292654,,-0.0004098404517684564,-0.00037760580949453286,,,,,,,,0.002834318305001132,,,,-0.0007216209181444601,,,-0.0003894841379388973,,,,,-7.847225839035213e-05
1024,2026-08-31,SIE,DE0007236101,01934901W,-0.0003294795788726806,-0.00035970706317292654,-0.0004506674699522873,,-0.0004119937290982381,-0.0006290064687569357,,,0.0005794296042243693,,,,,,0.0007194141263458531,,,,,-0.00035482416186288687,,-0.0005970772063834871,,,-0.0007763974234821583,-0.0005181683244825858,,-0.00035970706317292654,,-0.0004098404517684564,-0.00037760580949453286,-0.0005037439385762183,-0.0006032010751669076,,-0.0005286481332923461,-0.00043483996176542323,,,,0.0009884387366180419,,-0.0006323882239653064,,,,-0.0003894841379388973,0.0011364657937927244,,-0.000505910579172245,,-7.350375570538758e-05
1025,2026-08-31,SIG,AU000000SIG5,25438001W,-0.0003294795788726806,,,,,,,,0.0005794296042243693,,,,,,0.0007194141263458531,,,0.0013677233681110115,0.0013366387461084884,-0.00035482416186288687,-0.0009013349399045746,-0.0005970772063834871,,,-0.0007763974234821583,,,-0.00035970706317292654,,-0.0004098404517684564,-0.00037760580949453286,-0.0005037439385762183,,-0.0006207082303828337,,-0.00043483996176542323,-0.0032673391571540825,-0.0012189037270212122,,-0.0009968153360809067,,,-0.0007216209181444601,-0.0008084138120793607,,-0.0003894841379388973,-0.00038884036250428754,-0.0006818794762756347,-0.000505910579172245,,-0.0002825106941634118
1026,2026-08-31,SIKA,CH0418792922,10135001W,,,-0.0004506674699522873,,,-0.0006290064687569357,,-0.0006047517206043547,,,,,,,,-0.0007351513103596687,,,-0.00045590778937033713,-0.00035482416186288687,-0.0009013349399045746,-0.0005970772063834871,,,-0.0007763974234821583,,,-0.00035970706317292654,,-0.0004098404517684564,-0.00037760580949453286,-0.0005037439385762183,,,,-0.00043483996176542323,,,,,,-0.0006323882239653064,,,,-0.0003894841379388973,,,,,-0.00023328857914343165
1027,2026-08-31,SKA B,SE0000113250,10098002W,-0.0003294795788726806,-0.00035970706317292654,-0.0004506674699522873,,-0.0004119937290982381,,,,0.0005794296042243693,0.0017171417468255033,,,-0.0008168347892885206,,0.0007194141263458531,,,0.0013677233681110115,,-0.00035482416186288687,,-0.0005970772063834871,,,-0.0007763974234821583,0.0020280036147852926,,-0.00035970706317292654,,,-0.00037760580949453286,-0.0005037439385762183,0.0017687851076322854,,0.0020635826255709995,-0.00043483996176542323,,-0.0012189037270212122,,,0.0013142369794139329,,0.001417159152500566,0.001589516346723608,0.0013920024811544022,0.0011364657937927244,0.0011364657937927244,0.0013366387461084884,0.001488914046298063,,0.0003780912215969296
1028,2026-08-31,SKF B,SE0000108227,01174905W,0.0009721009062607189,0.0010644724855886605,-0.0004506674699522873,,0.0012189037270212122,-0.0006290064687569357,,,0.0005794296042243693,,,,-0.0008168347892885206,,0.0007194141263458531,,,,,-0.00035482416186288687,,-0.0005970772063834871,,,-0.0007763974234821583,-0.0005181683244825858,,-0.00035970706317292654,,-0.0004098404517684564,-0.00037760580949453286,-0.0005037439385762183,-0.0006032010751669076,,-0.0005286481332923461,-0.00043483996176542323,,-0.0012189037270212122,,,,-0.0006323882239653064,,,,-0.0003894841379388973,-0.00038884036250428754,,0.001488914046298063,,-4.439288075243985e-05
1029,2026-08-31,SLB,AN8068571086,00946501,-0.0003294795788726806,,-0.0004506674699522873,-0.001408673169551461,-0.0004119937290982381,-0.0006290064687569357,-0.002800576420417785,-0.0006047517206043547,0.0005794296042243693,,,-0.0016684285057808083,-0.0008168347892885206,,0.0007194141263458531,,0.0010596775644824052,,-0.00045590778937033713,,,-0.0005970772063834871,-0.00560115284083557,,,,,-0.00035970706317292654,,,,,,,,,,,-0.0014611703063049314,,,-0.0006323882239653064,,,,-0.0003894841379388973,-0.00038884036250428754,,-0.000505910579172245,,-0.00029200391701389016
1030,2026-08-31,SLF,CA8667961053,13328901C,-0.0003294795788726806,-0.00035970706317292654,-0.0004506674699522873,,-0.0004119937290982381,,,-0.0006047517206043547,0.0005794296042243693,,,,,,,-0.0007351513103596687,,,-0.00045590778937033713,,-0.0009013349399045746,,,,,,,,,,-0.00037760580949453286,,-0.0006032010751669076,,-0.0005286481332923461,,,,,,,,-0.0007216209181444601,-0.0008084138120793607,,,-0.00038884036250428754,,-0.000505910579172245,,-0.0001527700730466602
1031,2026-08-31,SLHN,CH0014852781,20569901W,-0.0003294795788726806,-0.00035970706317292654,-0.0004506674699522873,,-0.0004119937290982381,-0.0006290064687569357,,-0.0006047517206043547,0.0005794296042243693,,,,0.0014611703063049314,,,-0.0007351513103596687,0.0010596775644824052,,-0.00045590778937033713,,,,,,,,,,,-0.0004098404517684564,-0.00037760580949453286,-0.0005037439385762183,-0.0006032010751669076,-0.0006207082303828337,-0.0005286481332923461,0.0012785240180168149,,0.0012064021503338151,,,,-0.0006323882239653064,-0.0007216209181444601,-0.0008084138120793607,,-0.0003894841379388973,-0.00038884036250428754,,-0.000505910579172245,0.0011588592084487387,-6.179573368643283e-05
1032,2026-08-31,SMCI,US86800U3023,17656701,0.0009721009062607189,0.0010644724855886605,0.0013290871147745421,0.002735446736222023,0.0012189037270212122,0.0012316671168329527,0.0026732774922169768,0.001782184994811318,,,,,-0.0008168347892885206,0.0015683227954339598,,,,0.0013677233681110115,-0.00045590778937033713,-0.00035482416186288687,,,,,-0.0007763974234821583,-0.0005181683244825858,-0.001755585218769358,-0.00035970706317292654,-0.003675756551798343,,-0.00037760580949453286,0.0009926093641987087,,,,-0.00043483996176542323,,-0.0012189037270212122,-0.0014611703063049314,,,0.0012447006312967933,,,,,,,,0.0011588592084487387,0.00013269139014314898
1033,2026-08-31,SMIN,GB00B1WY2338,10004501W,-0.0003294795788726806,-0.00035970706317292654,-0.0004506674699522873,,-0.0004119937290982381,-0.0006290064687569357,,,0.0005794296042243693,,,,0.0014611703063049314,,0.0007194141263458531,,,,,-0.00035482416186288687,,-0.0005970772063834871,,,,,,-0.00035970706317292654,,,,,-0.0006032010751669076,,-0.0005286481332923461,-0.00043483996176542323,,,,-0.0009968153360809067,,-0.0006323882239653064,-0.0007216209181444601,-0.0008084138120793607,,-0.0003894841379388973,-0.00038884036250428754,,-0.000505910579172245,,-0.00010003967539513937
1034,2026-08-31,SN,KYG8068L1086,04311301,,,-0.0004506674699522873,,,,,,,,,,0.0014611703063049314,,,-0.0007351513103596687,,,0.0013366387461084884,-0.00035482416186288687,-0.0009013349399045746,0.0017425808838155109,-0.00560115284083557,-0.00588121048287735,0.0015275871384097012,-0.0005181683244825858,0.0034595355781631464,0.0014002882102088926,,0.0012064021503338151,0.001109662355259877,,-0.0006032010751669076,,,,,,,-0.0009968153360809067,-0.0013290871147745421,,,,,-0.0003894841379388973,-0.00038884036250428754,-0.0006818794762756347,,,-9.094770054178784e-05
1035,2026-08-31,SN.,GB0009223206,10131701W,-0.0003294795788726806,-0.00035970706317292654,,,,,,,-0.0017171417468255033,,,,,,-0.0021193551289648105,,,,,-0.00035482416186288687,,-0.0005970772063834871,,,,,,0.0014002882102088926,,0.0012064021503338151,0.001109662355259877,,,0.002425241436238082,,0.0012785240180168149,0.003222581086508136,0.0012064021503338151,,,,0.0012447006312967933,,,,0.0011364657937927244,-0.00038884036250428754,,-0.000505910579172245,,0.00019056951156659767
1036,2026-08-31,SNA,US8330341012,00977801,-0.0003294795788726806,-0.00035970706317292654,-0.0004506674699522873,-0.001408673169551461,-0.0004119937290982381,-0.0006290064687569357,-0.002800576420417785,,0.0005794296042243693,,,,-0.0008168347892885206,-0.0015683227954339598,0.0007194141263458531,,,,,-0.00035482416186288687,,-0.0005970772063834871,,,,-0.0005181683244825858,-0.001755585218769358,-0.00035970706317292654,,-0.0004098404517684564,-0.00037760580949453286,-0.0005037439385762183,,,-0.0005286481332923461,-0.00043483996176542323,,,-0.0014611703063049314,,-0.0013290871147745421,,,,,-0.0003894841379388973,-0.00038884036250428754,,,-0.00117624209657547,-0.00018356648317049713
1037,2026-08-31,SNOW,US8334451098,33996501,-0.0003294795788726806,,-0.0004506674699522873,-0.001408673169551461,-0.0004119937290982381,-0.0006290064687569357,-0.002800576420417785,-0.0006047517206043547,,,-0.002450504367865562,,,0.0015683227954339598,,,,,0.0013366387461084884,-0.00035482416186288687,,,,,,-0.0005181683244825858,,-0.00035970706317292654,0.0036192064510014456,-0.0004098404517684564,-0.00037760580949453286,-0.0005037439385762183,,,,-0.00043483996176542323,,,-0.0014611703063049314,,,-0.0006323882239653064,,,,,,,,0.0011588592084487387,-0.00022758088543020584
1038,2026-08-31,SNPS,US8716071076,02497501,-0.0003294795788726806,-0.00035970706317292654,-0.0004506674699522873,-0.001408673169551461,-0.0004119937290982381,,,-0.0006047517206043547,,,,-0.0016684285057808083,,-0.0015683227954339598,,,,-0.0013757217503806663,-0.00045590778937033713,-0.00035482416186288687,,,,,-0.0007763974234821583,-0.0005181683244825858,,0.0014002882102088926,-0.003675756551798343,-0.0004098404517684564,-0.00037760580949453286,,,,,0.0012785240180168149,,0.0012064021503338151,0.002834318305001132,0.0009884387366180419,,-0.0006323882239653064,,,,,,,,,-0.00022993640461056763
1039,2026-08-31,SO,US8425871071,00985001,-0.0003294795788726806,,,,,,,0.001782184994811318,,,,,,,,,,,-0.00045590778937033713,-0.00035482416186288687,,-0.0005970772063834871,0.006190747876712999,0.005227742651446533,,,-0.001755585218769358,,,-0.0004098404517684564,,,-0.0006032010751669076,-0.0006207082303828337,-0.0005286481332923461,,,,,0.0009884387366180419,,,-0.0007216209181444601,-0.0008084138120793607,,-0.0003894841379388973,-0.00038884036250428754,,-0.000505910579172245,,-6.006862173435699e-05
1040,2026-08-31,SOBI,SE0000872095,27914301W,0.0009721009062607189,0.0010644724855886605,,,,0.0012316671168329527,,,0.0005794296042243693,,,,,,0.0007194141263458531,,,,-0.00045590778937033713,-0.00035482416186288687,-0.0009013349399045746,0.0017425808838155109,,,-0.0007763974234821583,,,-0.00035970706317292654,,-0.0004098404517684564,-0.00037760580949453286,,,-0.0006207082303828337,,,,,,,,-0.0006323882239653064,-0.0007216209181444601,-0.0008084138120793607,,-0.0003894841379388973,,,-0.000505910579172245,,-0.0001554410636252367
1041,2026-08-31,SOF,BE0003717312,02405601W,,,,,,,,,0.0005794296042243693,,,,,,,0.002219324710519754,-0.0031366455908679197,,-0.00045590778937033713,,-0.0009013349399045746,,,,,,,,,-0.0004098404517684564,-0.00037760580949453286,-0.0005037439385762183,-0.0006032010751669076,0.002425241436238082,-0.0005286481332923461,-0.00043483996176542323,,-0.0012189037270212122,,-0.0009968153360809067,-0.0013290871147745421,,-0.0007216209181444601,-0.0008084138120793607,-0.0014002882102088926,-0.0003894841379388973,-0.00038884036250428754,,-0.000505910579172245,-0.00117624209657547,-0.00021476859048633314
1042,2026-08-31,SOFI,US83406F1021,03891601,-0.0003294795788726806,-0.00035970706317292654,-0.0004506674699522873,,-0.0004119937290982381,0.0012316671168329527,0.0026732774922169768,0.001782184994811318,-0.0017171417468255033,,-0.002450504367865562,,-0.0008168347892885206,,,-0.0007351513103596687,,,-0.00045590778937033713,,,,,,,,-0.001755585218769358,,,-0.0004098404517684564,-0.00037760580949453286,,-0.0006032010751669076,-0.0006207082303828337,-0.0005286481332923461,-0.00043483996176542323,,-0.0012189037270212122,,,,,-0.0007216209181444601,-0.0008084138120793607,,-0.0003894841379388973,-0.00038884036250428754,,-0.000505910579172245,,-0.00019637335525117585
1043,2026-08-31,SOL,AU000000SOL3,10456601W,,,-0.0004506674699522873,,0.0012189037270212122,0.0012316671168329527,,-0.0006047517206043547,-0.0017171417468255033,,,,-0.0008168347892885206,,,-0.0007351513103596687,-0.0031366455908679197,,0.0013366387461084884,,,,,,,,,,,0.0012064021503338151,0.001109662355259877,0.0009926093641987087,-0.0006032010751669076,0.002425241436238082,-0.0005286481332923461,-0.00043483996176542323,,-0.0012189037270212122,,-0.0009968153360809067,-0.0013290871147745421,0.0012447006312967933,0.001417159152500566,0.001589516346723608,-0.0014002882102088926,-0.0003894841379388973,-0.00038884036250428754,,,-0.00117624209657547,-4.9835233548203956e-05
1044,2026-08-31,SOON,CH0012549785,21179501W,0.0009721009062607189,-0.00035970706317292654,,,,-0.0006290064687569357,,,0.0005794296042243693,,,,,,0.0007194141263458531,,,,-0.00045590778937033713,-0.00035482416186288687,-0.0009013349399045746,-0.0005970772063834871,,,-0.0007763974234821583,,,-0.00035970706317292654,,-0.0004098404517684564,-0.00037760580949453286,-0.0005037439385762183,,-0.0006207082303828337,,-0.00043483996176542323,-0.0032673391571540825,-0.0012189037270212122,,-0.0009968153360809067,,,,,,-0.0003894841379388973,-0.00038884036250428754,,0.001488914046298063,,-0.0002522960060335546
1045,2026-08-31,SPG,US8288061091,02938901,-0.0003294795788726806,,,,,,,,,,,,,0.0015683227954339598,,,,,,,,,,,,,,-0.00035970706317292654,,,,,-0.0006032010751669076,0.002425241436238082,-0.0005286481332923461,,,,,,,-0.0006323882239653064,,,-0.0014002882102088926,-0.0003894841379388973,-0.00038884036250428754,,,,-2.3716523831233674e-05
1046,2026-08-31,SPGI,US78409V1044,00716301,-0.0003294795788726806,-0.00035970706317292654,-0.0004506674699522873,-0.001408673169551461,-0.0004119937290982381,-0.0006290064687569357,,-0.0006047517206043547,,,,,,,,-0.0007351513103596687,-0.0031366455908679197,,,,,,,,,,,,,-0.0004098404517684564,-0.00037760580949453286,-0.0005037439385762183,-0.0006032010751669076,-0.0006207082303828337,-0.0005286481332923461,-0.00043483996176542323,,,,,,-0.0006323882239653064,-0.0007216209181444601,-0.0008084138120793607,-0.0014002882102088926,-0.0003894841379388973,-0.00038884036250428754,,-0.000505910579172245,-0.00117624209657547,-0.00026734168636133315
1047,2026-08-31,SPOT,LU1778762911,03317501,-0.0003294795788726806,-0.00035970706317292654,,-0.001408673169551461,-0.0004119937290982381,,,,,0.0017171417468255033,0.002450504367865562,0.0016566790092612251,,,,,,,,,,,,,,-0.0005181683244825858,,,,,,,,,,,,,,,-0.0013290871147745421,,,,,-0.0003894841379388973,-0.00038884036250428754,,,,0.0001991466205842721
1048,2026-08-31,SPSN,CH0008038389,24351501W,,,,,,,,,,,,,,-0.0015683227954339598,,,0.0010596775644824052,-0.0013757217503806663,,,,,,,,,,-0.00035970706317292654,,,,-0.0005037439385762183,-0.0006032010751669076,-0.0006207082303828337,-0.0005286481332923461,,,,,,,-0.0006323882239653064,,,-0.0014002882102088926,-0.0003894841379388973,-0.00038884036250428754,-0.0006818794762756347,,,-0.00017535203912226368
1049,2026-08-31,SPX,GB00BWFGQN14,10061901W,-0.0003294795788726806,-0.00035970706317292654,,,-0.0004119937290982381,-0.0006290064687569357,,,0.0005794296042243693,,,,,,0.0007194141263458531,,,,,-0.00035482416186288687,,-0.0005970772063834871,,,-0.0007763974234821583,-0.0005181683244825858,,-0.00035970706317292654,,-0.0004098404517684564,-0.00037760580949453286,-0.0005037439385762183,-0.0006032010751669076,,-0.0005286481332923461,-0.00043483996176542323,,,,-0.0009968153360809067,,-0.0006323882239653064,-0.0007216209181444601,-0.0008084138120793607,,-0.0003894841379388973,-0.00038884036250428754,,,,-0.00010907970813789551
1050,2026-08-31,SRE,US8168511090,00827201,-0.0003294795788726806,-0.00035970706317292654,,-0.001408673169551461,-0.0004119937290982381,,0.0026732774922169768,-0.0006047517206043547,-0.0017171417468255033,,,,,-0.0015683227954339598,-0.0021193551289648105,,,-0.0013757217503806663,-0.00045590778937033713,-0.00035482416186288687,,-0.0005970772063834871,,,,,-0.001755585218769358,,,-0.0004098404517684564,,-0.0005037439385762183,0.0017687851076322854,-0.0006207082303828337,0.0020635826255709995,,,,,0.0009884387366180419,0.0013142369794139329,-0.0006323882239653064,-0.0007216209181444601,-0.0008084138120793607,-0.0014002882102088926,-0.0003894841379388973,-0.00038884036250428754,-0.0006818794762756347,-0.000505910579172245,,-0.00023842038302362948
1051,2026-08-31,SREN,CH0126881561,06354608W,-0.0003294795788726806,-0.00035970706317292654,-0.0004506674699522873,,-0.0004119937290982381,-0.0006290064687569357,,0.001782184994811318,,,,,,,,-0.0007351513103596687,,,,,-0.0009013349399045746,,,,,,,,,0.0012064021503338151,0.001109662355259877,-0.0005037439385762183,-0.0006032010751669076,0.002425241436238082,-0.0005286481332923461,-0.00043483996176542323,,,,,-0.0013290871147745421,-0.0006323882239653064,0.001417159152500566,0.001589516346723608,0.0013920024811544022,-0.0003894841379388973,-0.00038884036250428754,,-0.000505910579172245,,8.234394095294375e-06
1052,2026-08-31,SRG,IT0003153415,24945701W,-0.0003294795788726806,,,,,-0.0006290064687569357,,-0.0006047517206043547,0.0005794296042243693,,,-0.0016684285057808083,,-0.0015683227954339598,-0.0021193551289648105,,,-0.0013757217503806663,-0.00045590778937033713,-0.00035482416186288687,,-0.0005970772063834871,,,,,,,,-0.0004098404517684564,,,-0.0006032010751669076,-0.0006207082303828337,-0.0005286481332923461,,,,,,0.0013142369794139329,,0.001417159152500566,0.001589516346723608,-0.0014002882102088926,,-0.00038884036250428754,,0.001488914046298063,,-0.000172628646647691
1053,2026-08-31,SRT3,DE0007165631,20882102W,-0.0003294795788726806,-0.00035970706317292654,,,,-0.0006290064687569357,,,-0.0017171417468255033,,,,,,-0.0021193551289648105,,,,,-0.00035482416186288687,,0.0017425808838155109,,,,,,-0.00035970706317292654,,-0.0004098404517684564,-0.00037760580949453286,-0.0005037439385762183,,-0.0006207082303828337,,-0.00043483996176542323,,-0.0012189037270212122,,,,-0.0006323882239653064,-0.0007216209181444601,-0.0008084138120793607,,-0.0003894841379388973,-0.00038884036250428754,-0.0006818794762756347,-0.000505910579172245,0.0011588592084487387,-0.0003102811273985113
1054,2026-08-31,SSE,GB0007908733,10334201W,,-0.00035970706317292654,,,-0.0004119937290982381,0.0012316671168329527,,-0.0006047517206043547,-0.0017171417468255033,,,,,,0.0007194141263458531,,,,-0.00045590778937033713,-0.00035482416186288687,,-0.0005970772063834871,,,,,,,,-0.0004098404517684564,,-0.0005037439385762183,0.0017687851076322854,0.002425241436238082,0.0020635826255709995,,,,,,,0.0012447006312967933,-0.0007216209181444601,-0.0008084138120793607,,0.0011364657937927244,-0.00038884036250428754,-0.0006818794762756347,,-0.00117624209657547,2.0633424577727753e-05
1055,2026-08-31,SSNC,US78467J1007,06296502,0.0009721009062607189,-0.00035970706317292654,,0.002735446736222023,,,,,0.0005794296042243693,-0.0017425808838155109,,,,-0.0015683227954339598,0.0007194141263458531,,,-0.0013757217503806663,,-0.00035482416186288687,,-0.0005970772063834871,,,-0.0007763974234821583,-0.0005181683244825858,,-0.00035970706317292654,,-0.0004098404517684564,-0.00037760580949453286,,-0.0006032010751669076,,-0.0005286481332923461,,,,0.002834318305001132,,,,,,,,0.0011364657937927244,0.0013366387461084884,,,-2.7484422384630036e-05
1056,2026-08-31,STAN,GB0004082847,01564501W,,0.0010644724855886605,-0.0004506674699522873,,0.0012189037270212122,,,-0.0006047517206043547,0.0005794296042243693,,,0.0016566790092612251,,,,0.002219324710519754,0.0010596775644824052,,,,0.001755585218769358,,,,,,,,,,0.001109662355259877,,,,-0.0005286481332923461,,,,,0.0009884387366180419,0.0013142369794139329,,,,,,,,-0.000505910579172245,,0.00031237746260180026
1057,2026-08-31,STE,IE00BFY8C754,02531301,-0.0003294795788726806,-0.00035970706317292654,,,,,,,,,,,,,-0.0021193551289648105,,,,,-0.00035482416186288687,0.001755585218769358,-0.0005970772063834871,,,,,,-0.00035970706317292654,,,,,,0.002425241436238082,,,,,-0.0014611703063049314,,,,,-0.0008084138120793607,,-0.0003894841379388973,-0.00038884036250428754,,-0.000505910579172245,,6.906873014975232e-05
1058,2026-08-31,STERV,FI0009005961,10102005W,-0.0003294795788726806,-0.00035970706317292654,0.0013290871147745421,,-0.0004119937290982381,-0.0006290064687569357,,-0.0006047517206043547,,,,,-0.0008168347892885206,,,-0.0007351513103596687,,,0.0013366387461084884,-0.00035482416186288687,,-0.0005970772063834871,,,,-0.0005181683244825858,,,,0.0012064021503338151,0.001109662355259877,-0.0005037439385762183,,,,,,-0.0012189037270212122,,,,-0.0006323882239653064,0.001417159152500566,,,-0.0003894841379388973,-0.00038884036250428754,-0.0006818794762756347,,,-7.559599531585408e-05
1059,2026-08-31,STLAM,NL00150001Q9,10127610W,-0.0003294795788726806,-0.00035970706317292654,-0.0004506674699522873,,-0.0004119937290982381,,,-0.0006047517206043547,,,,,,,,-0.0007351513103596687,,,-0.00045590778937033713,-0.00035482416186288687,-0.0009013349399045746,-0.0005970772063834871,,,-0.0007763974234821583,-0.0005181683244825858,,-0.00035970706317292654,,-0.0004098404517684564,-0.00037760580949453286,0.0009926093641987087,-0.0006032010751669076,-0.0006207082303828337,,0.0012785240180168149,-0.0032673391571540825,-0.0012189037270212122,,0.0009884387366180419,0.0013142369794139329,,,,,-0.0003894841379388973,-0.00038884036250428754,-0.0006818794762756347,,,-0.00032499120241451744
1060,2026-08-31,STLD,US8581191009,06403001,0.0009721009062607189,0.0010644724855886605,-0.0004506674699522873,0.002735446736222023,0.0012189037270212122,,,-0.0006047517206043547,,,,,-0.0008168347892885206,,,-0.0007351513103596687,,,-0.00045590778937033713,-0.00035482416186288687,-0.0009013349399045746,,,,,-0.0005181683244825858,,-0.00035970706317292654,0.0036192064510014456,,,0.0009926093641987087,,,,0.0012785240180168149,,,,,,,,,,-0.0003894841379388973,-0.00038884036250428754,,,,2.8276698968526404e-06
1061,2026-08-31,STMMI,NL0000226223,03114203W,,,,,,,,,,,,,0.0014611703063049314,,,,,,-0.00045590778937033713,-0.00035482416186288687,,,,,-0.0007763974234821583,-0.0005181683244825858,,-0.00035970706317292654,,-0.0004098404517684564,-0.00037760580949453286,,,,,,,-0.0012189037270212122,,,,,,,,,,,,,-9.850008593384356e-05
1062,2026-08-31,STMN,CH1175448666,22821801W,,,,,,-0.0006290064687569357,,,-0.0017171417468255033,,,,,,-0.0021193551289648105,,,0.0013677233681110115,-0.00045590778937033713,-0.00035482416186288687,-0.0009013349399045746,-0.0005970772063834871,,,-0.0007763974234821583,,,-0.00035970706317292654,,-0.0004098404517684564,-0.00037760580949453286,-0.0005037439385762183,,-0.0006207082303828337,,-0.00043483996176542323,,,,-0.0009968153360809067,,-0.0006323882239653064,-0.0007216209181444601,-0.0008084138120793607,,-0.0003894841379388973,-0.00038884036250428754,-0.0006818794762756347,-0.000505910579172245,,-0.0003264384391152065
1063,2026-08-31,STN,CA85472N1096,02998501C,-0.0003294795788726806,-0.00035970706317292654,-0.0004506674699522873,,-0.0004119937290982381,,,,0.0005794296042243693,,,,0.0014611703063049314,,0.0007194141263458531,,,,,-0.00035482416186288687,,,,,,-0.0005181683244825858,,-0.00035970706317292654,,0.0012064021503338151,,0.0009926093641987087,-0.0006032010751669076,,-0.0005286481332923461,,,,,-0.0009968153360809067,,,,,,-0.0003894841379388973,0.0011364657937927244,,-0.000505910579172245,,8.298459823637055e-06
1064,2026-08-31,STO,AU000000STO6,10016501W,-0.0003294795788726806,,-0.0004506674699522873,,-0.0004119937290982381,,,-0.0006047517206043547,,,,,,-0.0015683227954339598,-0.0021193551289648105,,0.0010596775644824052,-0.0013757217503806663,-0.00045590778937033713,,,-0.0005970772063834871,,,,,,-0.00035970706317292654,,,,,,,,,,,,,,,,,-0.0014002882102088926,,-0.00038884036250428754,-0.0006818794762756347,,,-0.00017657015358557722
1065,2026-08-31,STT,US8574771031,01003501,0.0009721009062607189,0.0010644724855886605,,0.002735446736222023,0.0012189037270212122,0.0012316671168329527,0.0026732774922169768,0.001782184994811318,,,,,,,,-0.0007351513103596687,0.0010596775644824052,,-0.00045590778937033713,,,,,,,,0.0034595355781631464,,,,-0.00037760580949453286,,,,-0.0005286481332923461,0.0012785240180168149,,0.0012064021503338151,,,,,,,,-0.0003894841379388973,-0.00038884036250428754,,-0.000505910579172245,,0.00023656283418285395
1066,2026-08-31,STX,IE00BKVD2N49,15093701,0.0009721009062607189,0.0010644724855886605,-0.0004506674699522873,0.002735446736222023,0.0012189037270212122,0.0012316671168329527,0.0026732774922169768,,,,0.002450504367865562,0.0016566790092612251,0.0014611703063049314,0.0015683227954339598,,,,0.0013677233681110115,,0.0013920024811544022,,,,,0.0015275871384097012,-0.0005181683244825858,0.0034595355781631464,0.0014002882102088926,0.0036192064510014456,-0.0004098404517684564,-0.00037760580949453286,-0.0005037439385762183,,,,,,,0.002834318305001132,,,,,,,,,,,0.0011588592084487387,0.0005581568844595494
1067,2026-08-31,STZ,US21036P1084,00271002,-0.0003294795788726806,-0.00035970706317292654,,-0.001408673169551461,,-0.0006290064687569357,,,,,,,-0.0008168347892885206,-0.0015683227954339598,-0.0021193551289648105,,,-0.0013757217503806663,0.0013366387461084884,-0.00035482416186288687,0.001755585218769358,,,-0.00588121048287735,0.0015275871384097012,,,-0.00035970706317292654,,0.0012064021503338151,0.001109662355259877,-0.0005037439385762183,,,,,,,,,,,,0.001589516346723608,,,,,-0.000505910579172245,,5.990060785923675e-05
1068,2026-08-31,SU,CA8672241079,01507001C,0.0009721009062607189,,-0.0004506674699522873,,,0.0012316671168329527,,-0.0006047517206043547,0.0005794296042243693,,,,-0.0008168347892885206,,0.0007194141263458531,,0.0010596775644824052,,-0.00045590778937033713,,,-0.0005970772063834871,,,,,,-0.00035970706317292654,,,,,,,,,,,,,,,,,,-0.0003894841379388973,-0.00038884036250428754,,-0.000505910579172245,,-9.461139334034083e-06
1069,2026-08-31,SU,FR0000121972,10133602W,,-0.00035970706317292654,-0.0004506674699522873,,-0.0004119937290982381,,,,0.0005794296042243693,,,,,,0.0007194141263458531,,,,,-0.00035482416186288687,,-0.0005970772063834871,,,,0.0020280036147852926,,0.0014002882102088926,,-0.0004098404517684564,-0.00037760580949453286,,-0.0006032010751669076,,-0.0005286481332923461,,,,,0.0009884387366180419,,,-0.0007216209181444601,-0.0008084138120793607,,-0.0003894841379388973,-0.00038884036250428754,,-0.000505910579172245,,-6.431193444758616e-05
1070,2026-08-31,SUI,US8666741041,02935901,-0.0003294795788726806,,,,,,,,,,,,,,,,,,,,,,,,,,,-0.00035970706317292654,0.0036192064510014456,,,,,-0.0006207082303828337,,,0.003222581086508136,0.0012064021503338151,,-0.0009968153360809067,,-0.0006323882239653064,,,,,,,,,0.0001535591083680647
1071,2026-08-31,SUN,AU000000SUN6,20514501W,-0.0003294795788726806,0.0010644724855886605,0.0013290871147745421,,,-0.0006290064687569357,,-0.0006047517206043547,0.0005794296042243693,,,0.0016566790092612251,,,,-0.0007351513103596687,,,-0.00045590778937033713,,0.001755585218769358,,,,,,,,,-0.0004098404517684564,-0.00037760580949453286,0.0009926093641987087,0.0017687851076322854,-0.0006207082303828337,0.0020635826255709995,-0.00043483996176542323,,,,-0.0009968153360809067,,-0.0006323882239653064,-0.0007216209181444601,-0.0008084138120793607,0.0013920024811544022,0.0011364657937927244,0.0011364657937927244,,,-0.00117624209657547,0.000269565889064428
1072,2026-08-31,SVT,GB00B1FH8J72,10260303W,0.0009721009062607189,-0.00035970706317292654,,,-0.0004119937290982381,0.0012316671168329527,,-0.0006047517206043547,-0.0017171417468255033,-0.0017425808838155109,,-0.0016684285057808083,,0.0015683227954339598,-0.0021193551289648105,,,,0.0013366387461084884,-0.00035482416186288687,,0.0017425808838155109,,,,,,,,0.0012064021503338151,,0.0009926093641987087,-0.0006032010751669076,-0.0006207082303828337,-0.0005286481332923461,,,,,,,0.0012447006312967933,-0.0007216209181444601,-0.0008084138120793607,,-0.0003894841379388973,-0.00038884036250428754,-0.0006818794762756347,-0.000505910579172245,0.0011588592084487387,-0.00025333482193528396
1073,2026-08-31,SW,FR0000121220,10208901W,-0.0003294795788726806,-0.00035970706317292654,,,-0.0004119937290982381,,,-0.0006047517206043547,,,,,,0.0015683227954339598,,-0.0007351513103596687,,0.0013677233681110115,-0.00045590778937033713,-0.00035482416186288687,-0.0009013349399045746,-0.0005970772063834871,,,-0.0007763974234821583,-0.0005181683244825858,,-0.00035970706317292654,,-0.0004098404517684564,-0.00037760580949453286,-0.0005037439385762183,-0.0006032010751669076,-0.0006207082303828337,,0.0012785240180168149,-0.0032673391571540825,,,,0.0013142369794139329,,,,,,-0.00038884036250428754,,,,-0.00021251467068287593
1074,2026-08-31,SW,IE00028FXN24,28318401,0.0009721009062607189,-0.00035970706317292654,-0.0004506674699522873,-0.001408673169551461,-0.0004119937290982381,0.0012316671168329527,,-0.0006047517206043547,,-0.0017425808838155109,,,0.0014611703063049314,,,-0.0007351513103596687,,,-0.00045590778937033713,-0.00035482416186288687,0.001755585218769358,-0.0005970772063834871,-0.00560115284083557,-0.00588121048287735,-0.0007763974234821583,-0.0005181683244825858,,-0.00035970706317292654,0.0036192064510014456,0.0012064021503338151,-0.00037760580949453286,0.0009926093641987087,,,,0.0012785240180168149,,0.0012064021503338151,-0.0014611703063049314,0.0009884387366180419,,,-0.0007216209181444601,,,,-0.00038884036250428754,-0.0006818794762756347,,,6.134285664242439e-05
1075,2026-08-31,SWED A,SE0000242455,02457801W,,-0.00035970706317292654,,,-0.0004119937290982381,-0.0006290064687569357,,-0.0006047517206043547,0.0005794296042243693,-0.0017425808838155109,,0.0016566790092612251,,,,0.002219324710519754,0.0010596775644824052,,-0.00045590778937033713,,,,,,,,,,,,-0.00037760580949453286,-0.0005037439385762183,0.0017687851076322854,,0.0020635826255709995,,,,,,,,,,-0.0014002882102088926,,,,0.001488914046298063,,0.0001632495386884802
1076,2026-08-31,SY1,DE000SYM9999,28177201W,-0.0003294795788726806,-0.00035970706317292654,-0.0004506674699522873,,-0.0004119937290982381,-0.0006290064687569357,,-0.0006047517206043547,,,,-0.0016684285057808083,0.0014611703063049314,,,-0.0007351513103596687,,,-0.00045590778937033713,-0.00035482416186288687,-0.0009013349399045746,-0.0005970772063834871,,,-0.0007763974234821583,-0.0005181683244825858,,-0.00035970706317292654,,-0.0004098404517684564,-0.00037760580949453286,-0.0005037439385762183,,,,,,,,-0.0009968153360809067,,-0.0006323882239653064,-0.0007216209181444601,,,-0.0003894841379388973,,0.0013366387461084884,,,-0.0002922304750255662
1077,2026-08-31,SYENS,BE0974464977,35964501W,,0.0010644724855886605,-0.0004506674699522873,,0.0012189037270212122,-0.0006290064687569357,,-0.0006047517206043547,,,,,,,,-0.0007351513103596687,,,-0.00045590778937033713,-0.00035482416186288687,-0.0009013349399045746,-0.0005970772063834871,,,-0.0007763974234821583,,,-0.00035970706317292654,,-0.0004098404517684564,-0.00037760580949453286,-0.0005037439385762183,,,,-0.00043483996176542323,,,,,,-0.0006323882239653064,-0.0007216209181444601,,,,0.0011364657937927244,0.0013366387461084884,,,-0.00013360360879412044
1078,2026-08-31,SYF,US87165B1035,02068601,-0.0003294795788726806,-0.00035970706317292654,0.0013290871147745421,,-0.0004119937290982381,,,0.001782184994811318,0.0005794296042243693,,,-0.0016684285057808083,0.0014611703063049314,,,-0.0007351513103596687,,,-0.00045590778937033713,,-0.0009013349399045746,,,,,,-0.001755585218769358,,,0.0012064021503338151,,0.0009926093641987087,,0.002425241436238082,-0.0005286481332923461,,,,-0.0014611703063049314,,,0.0012447006312967933,0.001417159152500566,0.001589516346723608,0.0013920024811544022,0.0011364657937927244,0.0011364657937927244,,0.001488914046298063,,0.00017680079121664983
1079,2026-08-31,SYK,US8636671013,01011501,-0.0003294795788726806,-0.00035970706317292654,,,,,,,0.0005794296042243693,,,,,,0.0007194141263458531,,,,-0.00045590778937033713,-0.00035482416186288687,0.001755585218769358,-0.0005970772063834871,,,,,,-0.00035970706317292654,,-0.0004098404517684564,-0.00037760580949453286,,,-0.0006207082303828337,,,,,-0.0014611703063049314,,,-0.0006323882239653064,-0.0007216209181444601,-0.0008084138120793607,,-0.0003894841379388973,-0.00038884036250428754,-0.0006818794762756347,-0.000505910579172245,,-2.4404619068627994e-05
1080,2026-08-31,SYY,US8718291078,01024701,-0.0003294795788726806,-0.00035970706317292654,,-0.001408673169551461,,-0.0006290064687569357,,,,,,,-0.0008168347892885206,0.0015683227954339598,0.0007194141263458531,,0.0010596775644824052,0.0013677233681110115,-0.00045590778937033713,-0.00035482416186288687,,,,,-0.0007763974234821583,,,-0.00035970706317292654,,-0.0004098404517684564,-0.00037760580949453286,0.0009926093641987087,,,,-0.00043483996176542323,,,0.002834318305001132,,,-0.0006323882239653064,,,0.0013920024811544022,-0.0003894841379388973,-0.00038884036250428754,-0.0006818794762756347,-0.000505910579172245,0.0011588592084487387,-8.394108874384224e-06
1081,2026-08-31,T,CA87971M1032,00240801C,-0.0003294795788726806,-0.00035970706317292654,-0.0004506674699522873,,-0.0004119937290982381,-0.0006290064687569357,,-0.0006047517206043547,,-0.0017425808838155109,,,,,,,,,,,,,,-0.00588121048287735,,-0.0005181683244825858,,,,,-0.00037760580949453286,-0.0005037439385762183,,,,,,,,,0.0013142369794139329,,,,,-0.0003894841379388973,-0.00038884036250428754,-0.0006818794762756347,,,-0.00018612258925493257
1082,2026-08-31,T,US00206R1023,00989901,-0.0003294795788726806,-0.00035970706317292654,0.0013290871147745421,,,0.0012316671168329527,,0.001782184994811318,,,0.002450504367865562,,,,,,,,,,,,,,,-0.0005181683244825858,,,,,0.001109662355259877,,,,,,,,0.002834318305001132,0.0009884387366180419,,,,,,0.0011364657937927244,,,,,0.000271604142216696
1083,2026-08-31,TCL,AU000000TCL6,21265001W,-0.0003294795788726806,-0.00035970706317292654,-0.0004506674699522873,,-0.0004119937290982381,0.0012316671168329527,,,0.0005794296042243693,-0.0017425808838155109,,,,-0.0015683227954339598,0.0007194141263458531,,,-0.0013757217503806663,,-0.00035482416186288687,,0.0017425808838155109,,,,-0.0005181683244825858,,,,,,-0.0005037439385762183,-0.0006032010751669076,,-0.0005286481332923461,-0.00043483996176542323,,,,,-0.0013290871147745421,0.0012447006312967933,-0.0007216209181444601,-0.0008084138120793607,-0.0014002882102088926,-0.0003894841379388973,-0.00038884036250428754,-0.0006818794762756347,-0.000505910579172245,0.0011588592084487387,-0.0001992139537504053
1084,2026-08-31,TD,CA8911605092,01570601C,,,-0.0004506674699522873,,,,,,0.0005794296042243693,0.0017171417468255033,,-0.0016684285057808083,,,,-0.0007351513103596687,0.0010596775644824052,,-0.00045590778937033713,,,,,,,,,,,,0.001109662355259877,-0.0005037439385762183,-0.0006032010751669076,,-0.0005286481332923461,,,,,0.0009884387366180419,,,,,,,,,-0.000505910579172245,,-3.4852881817968836e-05
1085,2026-08-31,TDG,US8936411003,14834901,-0.0003294795788726806,-0.00035970706317292654,-0.0004506674699522873,,-0.0004119937290982381,,,,0.0005794296042243693,-0.0017425808838155109,,,-0.0008168347892885206,-0.0015683227954339598,0.0007194141263458531,,,-0.0013757217503806663,,-0.00035482416186288687,,-0.0005970772063834871,,,,-0.0005181683244825858,-0.001755585218769358,-0.00035970706317292654,,-0.0004098404517684564,-0.00037760580949453286,-0.0005037439385762183,,,-0.0005286481332923461,-0.00043483996176542323,,,,,-0.0013290871147745421,-0.0006323882239653064,-0.0007216209181444601,-0.0008084138120793607,-0.0014002882102088926,-0.0003894841379388973,-0.00038884036250428754,-0.0006818794762756347,-0.000505910579172245,,-0.0002673846537949494
1086,2026-08-31,TDY,US8793601050,12672101,-0.0003294795788726806,-0.00035970706317292654,,,-0.0004119937290982381,-0.0006290064687569357,-0.002800576420417785,0.001782184994811318,,,,,-0.0008168347892885206,-0.0015683227954339598,,,,-0.0013757217503806663,-0.00045590778937033713,-0.00035482416186288687,,,,,-0.0007763974234821583,-0.0005181683244825858,-0.001755585218769358,-0.00035970706317292654,,-0.0004098404517684564,-0.00037760580949453286,,,,,-0.00043483996176542323,,,-0.0014611703063049314,,,-0.0006323882239653064,,,,,,,,-0.00117624209657547,-0.00020948301922848138
1087,2026-08-31,TEAM,US0494681010,02649401,,0.0010644724855886605,0.0013290871147745421,0.002735446736222023,0.0012189037270212122,,,,,,0.002450504367865562,0.0016566790092612251,,0.0015683227954339598,,,,0.0013677233681110115,,-0.00035482416186288687,,,,,,-0.0005181683244825858,-0.001755585218769358,-0.00035970706317292654,0.0036192064510014456,,,0.0009926093641987087,,,,-0.00043483996176542323,,-0.0012189037270212122,-0.0014611703063049314,,,-0.0006323882239653064,,,,,,,,0.0011588592084487387,0.0003018963748039315
1088,2026-08-31,TECK.B,CA8787422044,01038501C,0.0009721009062607189,0.0010644724855886605,0.0013290871147745421,,0.0012189037270212122,,,0.001782184994811318,,,,,0.0014611703063049314,,,-0.0007351513103596687,,,0.0013366387461084884,-0.00035482416186288687,0.001755585218769358,0.0017425808838155109,,,0.0015275871384097012,-0.0005181683244825858,,-0.00035970706317292654,,0.0012064021503338151,0.001109662355259877,0.0009926093641987087,,,,0.0012785240180168149,,0.0012064021503338151,,0.0009884387366180419,,0.0012447006312967933,,,,0.0011364657937927244,,,,,0.00042106455632875245
1089,2026-08-31,TEF,ES0178430E18,01368301W,0.0009721009062607189,0.0010644724855886605,-0.0004506674699522873,,0.0012189037270212122,0.0012316671168329527,,,,,-0.002450504367865562,,,,,,,,,,-0.0009013349399045746,,,,,,,,,,-0.00037760580949453286,-0.0005037439385762183,,,,,,,,,0.0013142369794139329,,,,,0.0011364657937927244,0.0011364657937927244,,,,-9.424272258131647e-05
1090,2026-08-31,TEL,IE000IVNQZ81,17726702,-0.0003294795788726806,-0.00035970706317292654,-0.0004506674699522873,,-0.0004119937290982381,,,0.001782184994811318,,,,,,,,,,,0.0013366387461084884,-0.00035482416186288687,,,,,,-0.0005181683244825858,-0.001755585218769358,-0.00035970706317292654,,0.0012064021503338151,0.001109662355259877,0.0009926093641987087,,,,,,,,,,,,,,,,,,,0.00011950933528685176
1091,2026-08-31,TEL,NO0010063308,22161201W,-0.0003294795788726806,-0.00035970706317292654,-0.0004506674699522873,,-0.0004119937290982381,,,-0.0006047517206043547,,,-0.002450504367865562,,,,,,,,,,,,,,,-0.0005181683244825858,,,,,0.001109662355259877,-0.0005037439385762183,,,,,,,,,,,,,,,0.0011364657937927244,0.0013366387461084884,,,-8.768227333669298e-05
1092,2026-08-31,TEL2 B,SE0005190238,22228601W,-0.0003294795788726806,0.0010644724855886605,-0.0004506674699522873,,0.0012189037270212122,-0.0006290064687569357,,-0.0006047517206043547,,,,,,,,,,,,,-0.0009013349399045746,,,,,,,,,,-0.00037760580949453286,-0.0005037439385762183,,,,,,,,-0.0009968153360809067,,,,,,-0.0003894841379388973,,,,,-0.0001217586883242562
1093,2026-08-31,TELIA,SE0000667925,22057901W,,-0.00035970706317292654,-0.0004506674699522873,,-0.0004119937290982381,,,-0.0006047517206043547,,,,,,,,,,,,,0.001755585218769358,,,,,-0.0005181683244825858,,,,,-0.00037760580949453286,-0.0005037439385762183,,,,,,,,,,,,,,,-0.00038884036250428754,-0.0006818794762756347,,,4.7156345848444874e-05
1094,2026-08-31,TEN,LU2598331598,15193303W,,,,,-0.0004119937290982381,,,,0.0005794296042243693,,,-0.0016684285057808083,,,0.0007194141263458531,,,,,,,,,,,,,-0.00035970706317292654,,,,,,,,,,,,,,,,,,-0.0003894841379388973,,0.0013366387461084884,,-0.00117624209657547,-4.999598206256419e-05
1095,2026-08-31,TER,US8807701029,01045301,0.0009721009062607189,0.0010644724855886605,,0.002735446736222023,0.0012189037270212122,,,0.001782184994811318,,,,,0.0014611703063049314,,,,,,-0.00045590778937033713,0.0013920024811544022,,,,,0.0015275871384097012,0.0020280036147852926,-0.001755585218769358,-0.00035970706317292654,0.0036192064510014456,-0.0004098404517684564,-0.00037760580949453286,,,,,-0.00043483996176542323,,-0.0012189037270212122,,-0.0009968153360809067,,,,,,,,,,-0.00117624209657547,0.00014889355936341435
1096,2026-08-31,TEVA,US8816242098,01453890,-0.0003294795788726806,-0.00035970706317292654,,,,,,,0.0005794296042243693,,,,,,0.0007194141263458531,,,,0.0013366387461084884,-0.00035482416186288687,,,,,0.0015275871384097012,,,-0.00035970706317292654,,0.0012064021503338151,0.001109662355259877,,,0.002425241436238082,,,,,-0.0014611703063049314,,0.0013142369794139329,-0.0006323882239653064,,0.001589516346723608,,-0.0003894841379388973,-0.00038884036250428754,-0.0006818794762756347,-0.000505910579172245,0.0011588592084487387,0.00011618333329895356
1097,2026-08-31,TFC,US89832Q1094,01185601,-0.0003294795788726806,-0.00035970706317292654,0.0013290871147745421,,-0.0004119937290982381,,,0.001782184994811318,0.0005794296042243693,,,-0.0016684285057808083,,,,-0.0007351513103596687,0.0010596775644824052,,0.0013366387461084884,,,,,,,,,,,,0.001109662355259877,0.0009926093641987087,-0.0006032010751669076,,-0.0005286481332923461,,,,-0.0014611703063049314,,,0.0012447006312967933,,,,,,,-0.000505910579172245,,4.836216327280318e-05
1098,2026-08-31,TFII,CA87241L1094,15076401C,0.0009721009062607189,0.0010644724855886605,,,0.0012189037270212122,0.0012316671168329527,,,,-0.0017425808838155109,,,,,0.0007194141263458531,,,,,-0.00035482416186288687,,-0.0005970772063834871,,,-0.0007763974234821583,0.0020280036147852926,,-0.00035970706317292654,,-0.0004098404517684564,-0.00037760580949453286,-0.0005037439385762183,-0.0006032010751669076,,-0.0005286481332923461,-0.00043483996176542323,,-0.0012189037270212122,,,,-0.0006323882239653064,-0.0007216209181444601,-0.0008084138120793607,,,,,,,-0.00011982417039974862
1099,2026-08-31,TGT,US87612E1064,00381301,0.0009721009062607189,0.0010644724855886605,,0.002735446736222023,,-0.0006290064687569357,-0.002800576420417785,,,,,0.0016566790092612251,0.0014611703063049314,0.0015683227954339598,0.0007194141263458531,,-0.0031366455908679197,0.0013677233681110115,-0.00045590778937033713,-0.00035482416186288687,0.001755585218769358,,,,-0.0007763974234821583,,,-0.00035970706317292654,,-0.0004098404517684564,-0.00037760580949453286,,,,,-0.00043483996176542323,,,,,,-0.0006323882239653064,,,,,-0.00038884036250428754,-0.0006818794762756347,0.001488914046298063,,0.00012615646710300592
1100,2026-08-31,TIGO,LU0038705702,03002401,0.0009721009062607189,0.0010644724855886605,-0.0004506674699522873,,0.0012189037270212122,,0.0026732774922169768,,,-0.0017425808838155109,-0.002450504367865562,,,,,,,,,,0.001755585218769358,,,,,-0.0005181683244825858,,,,,0.001109662355259877,,,,,,,,-0.0014611703063049314,,,,,,,-0.0003894841379388973,-0.00038884036250428754,,,,1.0545790673128861e-05
1101,2026-08-31,TIH,CA8911021050,01502001C,0.0009721009062607189,,-0.0004506674699522873,,,,,,-0.0017171417468255033,,,,0.0014611703063049314,,,,,,,-0.00035482416186288687,,0.0017425808838155109,,,,-0.0005181683244825858,,-0.00035970706317292654,,,-0.00037760580949453286,,-0.0006032010751669076,,-0.0005286481332923461,0.0012785240180168149,,0.0012064021503338151,,-0.0009968153360809067,-0.0013290871147745421,,-0.0007216209181444601,-0.0008084138120793607,,-0.0003894841379388973,-0.00038884036250428754,-0.0006818794762756347,-0.000505910579172245,-0.00117624209657547,-0.00010253483151382626
1102,2026-08-31,TJX,US8725401090,01167201,,,,,,,-0.002800576420417785,0.001782184994811318,,,,,,0.0015683227954339598,,-0.0007351513103596687,,0.0013677233681110115,0.0013366387461084884,0.0013920024811544022,,,,,0.0015275871384097012,0.0020280036147852926,0.0034595355781631464,0.0014002882102088926,,,-0.00037760580949453286,,,-0.0006207082303828337,,,,,,,,,,,,-0.0003894841379388973,-0.00038884036250428754,,,,0.0001523024173618501
1103,2026-08-31,TLC,AU0000219529,35307001W,-0.0003294795788726806,-0.00035970706317292654,-0.0004506674699522873,,-0.0004119937290982381,,,-0.0006047517206043547,,,0.002450504367865562,,,0.0015683227954339598,,0.002219324710519754,,,-0.00045590778937033713,-0.00035482416186288687,0.001755585218769358,-0.0005970772063834871,,,-0.0007763974234821583,-0.0005181683244825858,,-0.00035970706317292654,,-0.0004098404517684564,-0.00037760580949453286,-0.0005037439385762183,-0.0006032010751669076,-0.0006207082303828337,,0.0012785240180168149,-0.0032673391571540825,0.0012064021503338151,,-0.0009968153360809067,,,,,,-0.0003894841379388973,-0.00038884036250428754,-0.0006818794762756347,,0.0011588592084487387,0.00013983992822594712
1104,2026-08-31,TLS,AU000000TLS2,21021602W,-0.0003294795788726806,-0.00035970706317292654,-0.0004506674699522873,,-0.0004119937290982381,-0.0006290064687569357,,-0.0006047517206043547,,,0.002450504367865562,,,,,,,,,,0.001755585218769358,,,,,-0.0005181683244825858,,,,,,-0.0005037439385762183,,,,,,,,,,,,,,,-0.00038884036250428754,,,,0.00018616711383728234
1105,2026-08-31,TLX,DE000TLX1005,26980901W,0.0009721009062607189,,0.0013290871147745421,,,,,,,,,0.0016566790092612251,,,,-0.0007351513103596687,0.0010596775644824052,,-0.00045590778937033713,,,,,,,,,,,,0.001109662355259877,0.0009926093641987087,,-0.0006207082303828337,-0.0005286481332923461,-0.00043483996176542323,,,,,-0.0013290871147745421,,0.001417159152500566,0.001589516346723608,0.0013920024811544022,0.0011364657937927244,0.0011364657937927244,,,,0.00020918565679227128
1106,2026-08-31,TMO,US8835561023,01053001,-0.0003294795788726806,,,,,,,,0.0005794296042243693,,,,,,0.0007194141263458531,,,,-0.00045590778937033713,-0.00035482416186288687,,-0.0005970772063834871,,,,,,-0.00035970706317292654,,-0.0004098404517684564,-0.00037760580949453286,-0.0005037439385762183,,-0.0006207082303828337,,-0.00043483996176542323,,,0.002834318305001132,0.0009884387366180419,,-0.0006323882239653064,,-0.0008084138120793607,,-0.0003894841379388973,-0.00038884036250428754,-0.0006818794762756347,-0.000505910579172245,,-0.00014499653134391892
1107,2026-08-31,TMUS,US8725901040,01787401,,,0.0013290871147745421,,,0.0012316671168329527,,,,-0.0017425808838155109,,,,,,,,,,,,,,0.005227742651446533,,-0.0005181683244825858,,,,,-0.00037760580949453286,0.0009926093641987087,,,,,,,,0.0009884387366180419,,,,,,,,,,,-1.6917129649597271e-06
1108,2026-08-31,TOST,US8887871080,03952401,-0.0003294795788726806,,-0.0004506674699522873,,-0.0004119937290982381,0.0012316671168329527,0.0026732774922169768,-0.0006047517206043547,-0.0017171417468255033,0.0017171417468255033,0.002450504367865562,0.0016566790092612251,0.0014611703063049314,,,-0.0007351513103596687,-0.0031366455908679197,,,,,,,,,,0.0034595355781631464,,,,,,,-0.0006207082303828337,,,,,-0.0014611703063049314,-0.0009968153360809067,,,-0.0007216209181444601,-0.0008084138120793607,,-0.0003894841379388973,-0.00038884036250428754,,-0.000505910579172245,-0.00117624209657547,0.00010687470803078142
1109,2026-08-31,TOU,CA89156V1067,18595601C,-0.0003294795788726806,,-0.0004506674699522873,,,,,-0.0006047517206043547,-0.0017171417468255033,,,,,-0.0015683227954339598,-0.0021193551289648105,,-0.0031366455908679197,-0.0013757217503806663,-0.00045590778937033713,,,-0.0005970772063834871,-0.00560115284083557,,,,,-0.00035970706317292654,,,,,,,,,,,,,,,,,-0.0014002882102088926,-0.0003894841379388973,-0.00038884036250428754,-0.0006818794762756347,0.001488914046298063,-0.00117624209657547,-0.0003187388502923911
1110,2026-08-31,TPL,US88262P1021,01050401,,,,,,,,,0.0005794296042243693,,,-0.0016684285057808083,,,0.0007194141263458531,,-0.0031366455908679197,,-0.00045590778937033713,,,-0.0005970772063834871,0.006190747876712999,,,,,0.0014002882102088926,,,,,,,,,,,-0.0014611703063049314,,-0.0013290871147745421,,,,-0.0014002882102088926,-0.0003894841379388973,-0.00038884036250428754,-0.0006818794762756347,-0.000505910579172245,-0.00117624209657547,-0.0002984619336593527
1111,2026-08-31,TPR,US8760301072,14054101,0.0009721009062607189,0.0010644724855886605,0.0013290871147745421,0.002735446736222023,0.0012189037270212122,,,0.001782184994811318,,,,,0.0014611703063049314,0.0015683227954339598,,0.002219324710519754,,,-0.00045590778937033713,-0.00035482416186288687,0.001755585218769358,0.0017425808838155109,0.006190747876712999,,-0.0007763974234821583,-0.0005181683244825858,0.0034595355781631464,0.0014002882102088926,0.0036192064510014456,-0.0004098404517684564,-0.00037760580949453286,,,-0.0006207082303828337,,0.0012785240180168149,,0.0012064021503338151,,-0.0009968153360809067,-0.0013290871147745421,,,,,-0.0003894841379388973,,,,0.0011588592084487387,0.0004148653844554071
1112,2026-08-31,TREL B,SE0000114837,10104802W,0.0009721009062607189,,-0.0004506674699522873,,,-0.0006290064687569357,,,0.0005794296042243693,,,,-0.0008168347892885206,-0.0015683227954339598,0.0007194141263458531,,,,,-0.00035482416186288687,,,,,,0.0020280036147852926,,-0.00035970706317292654,,-0.0004098404517684564,-0.00037760580949453286,-0.0005037439385762183,-0.0006032010751669076,,-0.0005286481332923461,,,,,-0.0009968153360809067,,-0.0006323882239653064,,,,-0.0003894841379388973,,,-0.000505910579172245,-0.00117624209657547,-8.52775945974313e-05
1113,2026-08-31,TRGP,US87612G1013,18553201,-0.0003294795788726806,,-0.0004506674699522873,,-0.0004119937290982381,,,-0.0006047517206043547,-0.0017171417468255033,,,0.0016566790092612251,-0.0008168347892885206,0.0015683227954339598,,,0.0010596775644824052,,0.0013366387461084884,,,0.0017425808838155109,,,,,,0.0014002882102088926,,,,,,,,,,,,,-0.0013290871147745421,,,,,-0.0003894841379388973,-0.00038884036250428754,-0.0006818794762756347,-0.000505910579172245,0.0011588592084487387,3.171505552053956e-05
1114,2026-08-31,TRN,IT0003242622,27045101W,-0.0003294795788726806,-0.00035970706317292654,,,-0.0004119937290982381,-0.0006290064687569357,,-0.0006047517206043547,-0.0017171417468255033,-0.0017425808838155109,,-0.0016684285057808083,,-0.0015683227954339598,-0.0021193551289648105,,,-0.0013757217503806663,-0.00045590778937033713,-0.00035482416186288687,,-0.0005970772063834871,,,,,,,,-0.0004098404517684564,,,0.0017687851076322854,-0.0006207082303828337,0.0020635826255709995,,,,,,,-0.0006323882239653064,,,-0.0014002882102088926,0.0011364657937927244,-0.00038884036250428754,,,,-0.0003452413839293465
1115,2026-08-31,TROW,US74144T1088,01213801,0.0009721009062607189,,-0.0004506674699522873,0.002735446736222023,0.0012189037270212122,-0.0006290064687569357,-0.002800576420417785,-0.0006047517206043547,-0.0017171417468255033,,,,0.0014611703063049314,,,-0.0007351513103596687,-0.0031366455908679197,,-0.00045590778937033713,,,,,,,,0.0034595355781631464,,,,-0.00037760580949453286,-0.0005037439385762183,-0.0006032010751669076,,-0.0005286481332923461,,,,-0.0014611703063049314,-0.0009968153360809067,,-0.0006323882239653064,0.001417159152500566,0.001589516346723608,,,-0.00038884036250428754,,0.001488914046298063,-0.00117624209657547,-0.00010240312420557196
1116,2026-08-31,TRP,CA87807B1076,01067101C,-0.0003294795788726806,,-0.0004506674699522873,,-0.0004119937290982381,-0.0006290064687569357,,,0.0005794296042243693,,,-0.0016684285057808083,,,-0.0021193551289648105,,0.0010596775644824052,-0.0013757217503806663,-0.00045590778937033713,,,,0.006190747876712999,,,,,-0.00035970706317292654,,,,,,,,,,,,,,-0.0006323882239653064,,,-0.0014002882102088926,-0.0003894841379388973,-0.00038884036250428754,-0.0006818794762756347,-0.000505910579172245,0.0011588592084487387,-0.0002450879493235126
1117,2026-08-31,TRU,US89400J1079,02463801,-0.0003294795788726806,-0.00035970706317292654,,,-0.0004119937290982381,0.0012316671168329527,0.0026732774922169768,,0.0005794296042243693,-0.0017425808838155109,,,,,,,,-0.0013757217503806663,,-0.00035482416186288687,,-0.0005970772063834871,,,0.0015275871384097012,-0.0005181683244825858,,0.0014002882102088926,,0.0012064021503338151,0.001109662355259877,,0.0017687851076322854,,0.0020635826255709995,,,0.0012064021503338151,-0.0014611703063049314,,,0.0012447006312967933,,,,-0.0003894841379388973,,,-0.000505910579172245,,0.00012188640007919933
1118,2026-08-31,TRV,US89417E1091,06268905,0.0009721009062607189,0.0010644724855886605,0.0013290871147745421,0.002735446736222023,0.0012189037270212122,-0.0006290064687569357,-0.002800576420417785,0.001782184994811318,0.0005794296042243693,,0.002450504367865562,,,,,-0.0007351513103596687,,,0.0013366387461084884,,-0.0009013349399045746,,,,,,,,,0.0012064021503338151,0.001109662355259877,,-0.0006032010751669076,0.002425241436238082,-0.0005286481332923461,,,,-0.0014611703063049314,,,-0.0006323882239653064,0.001417159152500566,0.001589516346723608,,0.0011364657937927244,0.0011364657937927244,,-0.000505910579172245,,0.0002833569363648687
1119,2026-08-31,TRYG,DK0060636678,27428201W,-0.0003294795788726806,-0.00035970706317292654,,,-0.0004119937290982381,,,-0.0006047517206043547,0.0005794296042243693,0.0017171417468255033,-0.002450504367865562,0.0016566790092612251,,,,-0.0007351513103596687,,,-0.00045590778937033713,,,,,,,,,,,-0.0004098404517684564,-0.00037760580949453286,,-0.0006032010751669076,-0.0006207082303828337,-0.0005286481332923461,-0.00043483996176542323,,,,-0.0009968153360809067,-0.0013290871147745421,,-0.0007216209181444601,-0.0008084138120793607,,,-0.00038884036250428754,,-0.000505910579172245,-0.00117624209657547,-0.00013179249189803686
1120,2026-08-31,TSCO,GB00BLGZ9862,10013101W,-0.0003294795788726806,-0.00035970706317292654,,,,,,,,,,0.0016566790092612251,,0.0015683227954339598,0.0007194141263458531,,0.0010596775644824052,0.0013677233681110115,-0.00045590778937033713,0.0013920024811544022,,,,,,,,0.0014002882102088926,,,,0.0009926093641987087,,,,0.0012785240180168149,,0.0012064021503338151,,,0.0013142369794139329,,,,0.0013920024811544022,,,,-0.000505910579172245,,0.0003441890135391821
1121,2026-08-31,TSCO,US8923561067,02973601,-0.0003294795788726806,-0.00035970706317292654,-0.0004506674699522873,-0.001408673169551461,-0.0004119937290982381,,,-0.0006047517206043547,,,,,-0.0008168347892885206,0.0015683227954339598,,-0.0007351513103596687,,,-0.00045590778937033713,-0.00035482416186288687,,-0.0005970772063834871,-0.00560115284083557,-0.00588121048287735,,-0.0005181683244825858,-0.001755585218769358,-0.00035970706317292654,-0.003675756551798343,-0.0004098404517684564,-0.00037760580949453286,,-0.0006032010751669076,-0.0006207082303828337,,-0.00043483996176542323,,,,,,,,,,,-0.00038884036250428754,-0.0006818794762756347,,,-0.0003148118247031828
1122,2026-08-31,TSEM,IL0010823792,03125501W,,,,,,,,,,,,,,-0.0015683227954339598,,,,-0.0013757217503806663,-0.00045590778937033713,-0.00035482416186288687,,,,,-0.0007763974234821583,,,-0.00035970706317292654,,-0.0004098404517684564,-0.00037760580949453286,-0.0005037439385762183,,,,-0.00043483996176542323,,-0.0012189037270212122,,-0.0009968153360809067,,,,,,,,,,-0.00117624209657547,-0.00019976692040441342
1123,2026-08-31,TSLA,US88160R1014,18499601,-0.0003294795788726806,-0.00035970706317292654,-0.0004506674699522873,-0.001408673169551461,-0.0004119937290982381,,-0.002800576420417785,-0.0006047517206043547,,,,,0.0014611703063049314,,,-0.0007351513103596687,,,-0.00045590778937033713,-0.00035482416186288687,0.001755585218769358,-0.0005970772063834871,,0.005227742651446533,-0.0007763974234821583,-0.0005181683244825858,-0.001755585218769358,-0.00035970706317292654,,-0.0004098404517684564,-0.00037760580949453286,-0.0005037439385762183,,-0.0006207082303828337,,-0.00043483996176542323,,,,0.0009884387366180419,-0.0013290871147745421,,,,,-0.0003894841379388973,-0.00038884036250428754,-0.0006818794762756347,,,-0.00015183982376786576
1124,2026-08-31,TSN,US9024941034,01079301,0.0009721009062607189,0.0010644724855886605,,0.002735446736222023,,0.0012316671168329527,0.0026732774922169768,,,,,,,,0.0007194141263458531,,-0.0031366455908679197,,-0.00045590778937033713,-0.00035482416186288687,,,,-0.00588121048287735,-0.0007763974234821583,,,-0.00035970706317292654,,-0.0004098404517684564,-0.00037760580949453286,0.0009926093641987087,,,,-0.00043483996176542323,-0.0032673391571540825,,-0.0014611703063049314,,,-0.0006323882239653064,-0.0007216209181444601,0.001589516346723608,0.0013920024811544022,-0.0003894841379388973,-0.00038884036250428754,,0.001488914046298063,-0.00117624209657547,-4.538384496121446e-05
1125,2026-08-31,TT,IE00BK9ZQ967,00595901,-0.0003294795788726806,-0.00035970706317292654,-0.0004506674699522873,,-0.0004119937290982381,,,,0.0005794296042243693,,,,-0.0008168347892885206,,0.0007194141263458531,,,,,0.0013920024811544022,,-0.0005970772063834871,,,,-0.0005181683244825858,-0.001755585218769358,-0.00035970706317292654,,-0.0004098404517684564,-0.00037760580949453286,-0.0005037439385762183,,,-0.0005286481332923461,-0.00043483996176542323,,,0.002834318305001132,,,,-0.0007216209181444601,-0.0008084138120793607,,-0.0003894841379388973,-0.00038884036250428754,,-0.000505910579172245,,-4.094819019787629e-05
1126,2026-08-31,TTE,FR0000120271,02462502W,-0.0003294795788726806,,-0.0004506674699522873,,-0.0004119937290982381,,,,0.0005794296042243693,,,,-0.0008168347892885206,,0.0007194141263458531,,0.0010596775644824052,,,,,,,,,,,-0.00035970706317292654,,,,,,,,,,,,,0.0013142369794139329,0.0012447006312967933,,,,,,,0.001488914046298063,,0.00014572152382555126
1127,2026-08-31,TTWO,US8740541094,06463001,-0.0003294795788726806,-0.00035970706317292654,,-0.001408673169551461,-0.0004119937290982381,0.0012316671168329527,0.0026732774922169768,,,,-0.002450504367865562,,,,,,,,,,0.001755585218769358,,,,,0.0020280036147852926,,,,,0.001109662355259877,-0.0005037439385762183,,,,,,,,-0.0009968153360809067,-0.0013290871147745421,,,,,-0.0003894841379388973,-0.00038884036250428754,-0.0006818794762756347,,,1.662246239907982e-05
1128,2026-08-31,TUB,BE0003823409,10148302W,,,,,,,,,,,,,,,,,,-0.0013757217503806663,,-0.00035482416186288687,-0.0009013349399045746,,,,-0.0007763974234821583,,,,,-0.0004098404517684564,-0.00037760580949453286,,,-0.0006207082303828337,,-0.00043483996176542323,,,,-0.0009968153360809067,-0.0013290871147745421,,-0.0007216209181444601,-0.0008084138120793607,-0.0014002882102088926,-0.0003894841379388973,-0.00038884036250428754,-0.0006818794762756347,-0.000505910579172245,-0.00117624209657547,-0.0003515506891108661
1129,2026-08-31,TW,US8926721064,03491901,-0.0003294795788726806,-0.00035970706317292654,-0.0004506674699522873,-0.001408673169551461,-0.0004119937290982381,,,-0.0006047517206043547,-0.0017171417468255033,0.0017171417468255033,0.002450504367865562,,,,,-0.0007351513103596687,,,0.0013366387461084884,,,,,,,,,,,,,-0.0005037439385762183,,-0.0006207082303828337,-0.0005286481332923461,-0.00043483996176542323,,,0.002834318305001132,-0.0009968153360809067,,-0.0006323882239653064,-0.0007216209181444601,-0.0008084138120793607,-0.0014002882102088926,-0.0003894841379388973,-0.00038884036250428754,,-0.000505910579172245,-0.00117624209657547,-1.9385997004985282e-05
1130,2026-08-31,TWLO,US90138F1021,02736401,-0.0003294795788726806,-0.00035970706317292654,,,-0.0004119937290982381,,,-0.0006047517206043547,,,-0.002450504367865562,0.0016566790092612251,,,,,,,-0.00045590778937033713,-0.00035482416186288687,,,,,-0.0007763974234821583,-0.0005181683244825858,,-0.00035970706317292654,0.0036192064510014456,-0.0004098404517684564,-0.00037760580949453286,,,,,,,,-0.0014611703063049314,,,-0.0006323882239653064,,,,,,,,-0.00117624209657547,-0.00010304786696924664
1131,2026-08-31,TXN,US8825081040,01049901,,,,,,,,-0.0006047517206043547,,,-0.002450504367865562,,0.0014611703063049314,,,,,,-0.00045590778937033713,-0.00035482416186288687,,,,,,-0.0005181683244825858,0.0034595355781631464,-0.00035970706317292654,,-0.0004098404517684564,-0.00037760580949453286,-0.0005037439385762183,,,,0.0012785240180168149,,,0.002834318305001132,,,,,,,,,,,,-0.00014062009098529142
1132,2026-08-31,TXT,US8832031012,01051901,-0.0003294795788726806,-0.00035970706317292654,,-0.001408673169551461,-0.0004119937290982381,0.0012316671168329527,,,0.0005794296042243693,,,,,,0.0007194141263458531,,,,,-0.00035482416186288687,,,,,,-0.0005181683244825858,,-0.00035970706317292654,,0.0012064021503338151,0.001109662355259877,0.0009926093641987087,0.0017687851076322854,,0.0020635826255709995,,,0.0012064021503338151,-0.0014611703063049314,,,,0.001417159152500566,0.001589516346723608,0.0013920024811544022,,0.0011364657937927244,0.0013366387461084884,0.001488914046298063,,0.00038470169406596165
1133,2026-08-31,U11,SG1M31001969,01567901W,-0.0003294795788726806,-0.00035970706317292654,-0.0004506674699522873,,-0.0004119937290982381,,,-0.0006047517206043547,,,0.002450504367865562,,0.0014611703063049314,,,0.002219324710519754,0.0010596775644824052,,-0.00045590778937033713,,0.001755585218769358,,,,,,,,,,-0.00037760580949453286,-0.0005037439385762183,0.0017687851076322854,,0.0020635826255709995,,,,,,,,,,-0.0014002882102088926,,,,0.001488914046298063,,0.00039015818962054386
1134,2026-08-31,UAL,US9100471096,01079504,0.0009721009062607189,0.0010644724855886605,,0.002735446736222023,0.0012189037270212122,0.0012316671168329527,0.0026732774922169768,,-0.0017171417468255033,-0.0017425808838155109,,,-0.0008168347892885206,0.0015683227954339598,-0.0021193551289648105,,,,,-0.00035482416186288687,,-0.0005970772063834871,,,-0.0007763974234821583,-0.0005181683244825858,-0.001755585218769358,-0.00035970706317292654,,,,0.0009926093641987087,,,,-0.00043483996176542323,,-0.0012189037270212122,,0.0009884387366180419,0.0013142369794139329,0.0012447006312967933,0.001417159152500566,0.001589516346723608,0.0013920024811544022,0.0011364657937927244,0.0011364657937927244,0.0013366387461084884,,0.0011588592084487387,0.0001818542379390019
1135,2026-08-31,UBER,US90353T1007,03507701,,-0.00035970706317292654,-0.0004506674699522873,-0.001408673169551461,-0.0004119937290982381,0.0012316671168329527,0.0026732774922169768,,0.0005794296042243693,,,,,,0.0007194141263458531,,,,,-0.00035482416186288687,,0.0017425808838155109,,,-0.0007763974234821583,-0.0005181683244825858,,-0.00035970706317292654,-0.003675756551798343,-0.0004098404517684564,-0.00037760580949453286,0.0009926093641987087,,,,,,,,0.0009884387366180419,,0.0012447006312967933,0.001417159152500566,0.001589516346723608,,,0.0011364657937927244,0.0013366387461084884,-0.000505910579172245,,0.0001330503567446152
1136,2026-08-31,UBSG,CH0244767585,14449609W,0.0009721009062607189,0.0010644724855886605,-0.0004506674699522873,,0.0012189037270212122,0.0012316671168329527,,-0.0006047517206043547,0.0005794296042243693,,,,,,,0.002219324710519754,,,0.0013366387461084884,,,,,,,,,,,-0.0004098404517684564,,,0.0017687851076322854,-0.0006207082303828337,-0.0005286481332923461,0.0012785240180168149,,0.0012064021503338151,,0.0009884387366180419,,0.0012447006312967933,,,,0.0011364657937927244,0.0011364657937927244,,,0.0011588592084487387,0.0002955844813430034
1137,2026-08-31,UCB,BE0003739530,10075101W,-0.0003294795788726806,0.0010644724855886605,,,,0.0012316671168329527,,,0.0005794296042243693,,,,,,,,,,0.0013366387461084884,-0.00035482416186288687,-0.0009013349399045746,0.0017425808838155109,,,0.0015275871384097012,,,-0.00035970706317292654,,0.0012064021503338151,0.001109662355259877,,,0.002425241436238082,,-0.00043483996176542323,,,,,,0.0012447006312967933,,,,-0.0003894841379388973,-0.00038884036250428754,,-0.000505910579172245,,7.270731118867702e-05
1138,2026-08-31,UCG,IT0005239360,01554901W,,-0.00035970706317292654,-0.0004506674699522873,,,-0.0006290064687569357,,-0.0006047517206043547,0.0005794296042243693,,-0.002450504367865562,,0.0014611703063049314,,,0.002219324710519754,0.0010596775644824052,,0.0013366387461084884,,,,,,,,,,,,,-0.0005037439385762183,-0.0006032010751669076,,-0.0005286481332923461,,,,,0.0009884387366180419,,0.0012447006312967933,0.001417159152500566,0.001589516346723608,,,,,-0.000505910579172245,,5.005058061883916e-06
1139,2026-08-31,UHR,CH0012255151,10134703W,0.0009721009062607189,,-0.0004506674699522873,,-0.0004119937290982381,,,-0.0006047517206043547,,,,,0.0014611703063049314,-0.0015683227954339598,,0.002219324710519754,,-0.0013757217503806663,-0.00045590778937033713,-0.00035482416186288687,,-0.0005970772063834871,,,-0.0007763974234821583,,,,,-0.0004098404517684564,-0.00037760580949453286,-0.0005037439385762183,-0.0006032010751669076,-0.0006207082303828337,,0.0012785240180168149,-0.0032673391571540825,,,,,,,,,,-0.00038884036250428754,-0.0006818794762756347,,-0.00117624209657547,-0.00023132728845995392
1140,2026-08-31,ULTA,US90384S3031,17870401,,-0.00035970706317292654,,,-0.0004119937290982381,,,0.001782184994811318,,,,,-0.0008168347892885206,,,-0.0007351513103596687,,0.0013677233681110115,-0.00045590778937033713,0.0013920024811544022,,-0.0005970772063834871,,,,0.0020280036147852926,,-0.00035970706317292654,-0.003675756551798343,-0.0004098404517684564,-0.00037760580949453286,0.0009926093641987087,,-0.0006207082303828337,,-0.00043483996176542323,,,,-0.0009968153360809067,,,,,,-0.0003894841379388973,,,,,3.8279901456303176e-05
1141,2026-08-31,UMG,NL0015000IY2,35036601W,0.0009721009062607189,-0.00035970706317292654,-0.0004506674699522873,,-0.0004119937290982381,,,-0.0006047517206043547,,,,,,,,,,,,,-0.0009013349399045746,,,,,-0.0005181683244825858,,,,,-0.00037760580949453286,,,,,,,,,,,,,,,-0.0003894841379388973,-0.00038884036250428754,-0.0006818794762756347,,,-0.00015929365142884521
1142,2026-08-31,UNH,US91324P1021,01090301,0.0009721009062607189,0.0010644724855886605,,,,,,,0.0005794296042243693,,,,,,0.0007194141263458531,,,0.0013677233681110115,-0.00045590778937033713,-0.00035482416186288687,0.001755585218769358,-0.0005970772063834871,,,-0.0007763974234821583,,,-0.00035970706317292654,0.0036192064510014456,-0.0004098404517684564,-0.00037760580949453286,0.0009926093641987087,,-0.0006207082303828337,,-0.00043483996176542323,-0.0032673391571540825,-0.0012189037270212122,0.002834318305001132,0.0009884387366180419,0.0013142369794139329,,,,0.0013920024811544022,-0.0003894841379388973,-0.00038884036250428754,,0.001488914046298063,0.0011588592084487387,0.00018467894583066525
1143,2026-08-31,UNI,IT0004810054,01586202W,,,,,,,,-0.0006047517206043547,-0.0017171417468255033,,0.002450504367865562,,,,,-0.0007351513103596687,0.0010596775644824052,,,,-0.0009013349399045746,,,,,,,,,0.0012064021503338151,0.001109662355259877,,0.0017687851076322854,0.002425241436238082,0.0020635826255709995,0.0012785240180168149,,0.0012064021503338151,,,-0.0013290871147745421,,,,,0.0011364657937927244,0.0011364657937927244,,-0.000505910579172245,,0.0002570939148668666
1144,2026-08-31,UNP,US9078181081,01086701,,,-0.0004506674699522873,,,-0.0006290064687569357,,,-0.0017171417468255033,-0.0017425808838155109,,,-0.0008168347892885206,,-0.0021193551289648105,,,-0.0013757217503806663,,-0.00035482416186288687,,-0.0005970772063834871,,,,0.0020280036147852926,-0.001755585218769358,-0.00035970706317292654,,-0.0004098404517684564,-0.00037760580949453286,-0.0005037439385762183,-0.0006032010751669076,,-0.0005286481332923461,-0.00043483996176542323,,,-0.0014611703063049314,0.0009884387366180419,-0.0013290871147745421,,,,-0.0014002882102088926,-0.0003894841379388973,-0.00038884036250428754,-0.0006818794762756347,,,-0.00028403869034236326
1145,2026-08-31,UPM,FI0009005987,10171803W,-0.0003294795788726806,-0.00035970706317292654,,,-0.0004119937290982381,,,,,,,,,,,-0.0007351513103596687,,,,-0.00035482416186288687,,,,,,-0.0005181683244825858,,-0.00035970706317292654,,-0.0004098404517684564,,-0.0005037439385762183,,,,-0.00043483996176542323,,,,,,0.0012447006312967933,,,,-0.0003894841379388973,0.0011364657937927244,0.0013366387461084884,,,8.40654614057067e-06
1146,2026-08-31,UPS,US9113121068,01092001,,-0.00035970706317292654,-0.0004506674699522873,,-0.0004119937290982381,,,,-0.0017171417468255033,-0.0017425808838155109,,,,0.0015683227954339598,,,,0.0013677233681110115,,-0.00035482416186288687,,-0.0005970772063834871,,,-0.0007763974234821583,-0.0005181683244825858,-0.001755585218769358,0.0014002882102088926,-0.003675756551798343,-0.0004098404517684564,-0.00037760580949453286,-0.0005037439385762183,-0.0006032010751669076,,-0.0005286481332923461,-0.00043483996176542323,,-0.0012189037270212122,-0.0014611703063049314,0.0009884387366180419,,0.0012447006312967933,0.001417159152500566,0.001589516346723608,0.0013920024811544022,,-0.00038884036250428754,-0.0006818794762756347,0.001488914046298063,0.0011588592084487387,-7.876692947123118e-05
1147,2026-08-31,URI,US9113631090,06606501,,,,,,,,,-0.0017171417468255033,-0.0017425808838155109,,,-0.0008168347892885206,,-0.0021193551289648105,,,,,-0.00035482416186288687,,-0.0005970772063834871,,,,0.0020280036147852926,-0.001755585218769358,-0.00035970706317292654,,,-0.00037760580949453286,,-0.0006032010751669076,,-0.0005286481332923461,-0.00043483996176542323,,,,,,,,,,,-0.00038884036250428754,-0.0006818794762756347,-0.000505910579172245,,-0.00019346195045480662
1148,2026-08-31,URW,FR0013326246,01638302W,-0.0003294795788726806,,,,,,,,,,,,,,,,,,,,,,,,,,,-0.00035970706317292654,,,,-0.0005037439385762183,,0.002425241436238082,-0.0005286481332923461,,-0.0032673391571540825,-0.0012189037270212122,,0.0009884387366180419,0.0013142369794139329,,,,,0.0011364657937927244,0.0011364657937927244,0.0013366387461084884,,,1.4925221750782298e-05
1149,2026-08-31,USB,US9029733048,00472301,,,-0.0004506674699522873,,,,,,0.0005794296042243693,,,-0.0016684285057808083,,,,-0.0007351513103596687,0.0010596775644824052,,,,,,,,,,,,,,,-0.0005037439385762183,-0.0006032010751669076,,-0.0005286481332923461,,,,0.002834318305001132,,,,,,,,,,0.001488914046298063,,-5.001742032224336e-06
1150,2026-08-31,UTHR,US91307C1027,12144001,-0.0003294795788726806,-0.00035970706317292654,,,,,,,-0.0017171417468255033,,,,,,-0.0021193551289648105,,,-0.0013757217503806663,-0.00045590778937033713,-0.00035482416186288687,,-0.0005970772063834871,,,,,,-0.00035970706317292654,,-0.0004098404517684564,-0.00037760580949453286,-0.0005037439385762183,,0.002425241436238082,,-0.00043483996176542323,,,,,-0.0013290871147745421,,0.001417159152500566,,-0.0014002882102088926,0.0011364657937927244,,0.0013366387461084884,,-0.00117624209657547,-0.0001054618848557314
1151,2026-08-31,UU.,GB00B39J2M42,10270403W,0.0009721009062607189,-0.00035970706317292654,,,-0.0004119937290982381,0.0012316671168329527,,-0.0006047517206043547,0.0005794296042243693,-0.0017425808838155109,,,,,,,,-0.0013757217503806663,0.0013366387461084884,-0.00035482416186288687,,0.0017425808838155109,,,,,,,,0.0012064021503338151,,0.0009926093641987087,-0.0006032010751669076,0.002425241436238082,-0.0005286481332923461,,,,,,-0.0013290871147745421,0.0012447006312967933,0.001417159152500566,0.001589516346723608,,,-0.00038884036250428754,,-0.000505910579172245,0.0011588592084487387,3.5357927304395956e-05
1152,2026-08-31,V,US92826C8394,17953401,-0.0003294795788726806,-0.00035970706317292654,-0.0004506674699522873,-0.001408673169551461,-0.0004119937290982381,-0.0006290064687569357,,,-0.0017171417468255033,-0.0017425808838155109,,,,,,-0.0007351513103596687,-0.0031366455908679197,,-0.00045590778937033713,,,,,,,,-0.001755585218769358,,,-0.0004098404517684564,-0.00037760580949453286,-0.0005037439385762183,,-0.0006207082303828337,-0.0005286481332923461,-0.00043483996176542323,,,-0.0014611703063049314,,,-0.0006323882239653064,-0.0007216209181444601,-0.0008084138120793607,-0.0014002882102088926,-0.0003894841379388973,-0.00038884036250428754,,-0.000505910579172245,-0.00117624209657547,-0.00035384268190369046
1153,2026-08-31,VACN,CH0311864901,32150201W,0.0009721009062607189,,-0.0004506674699522873,,-0.0004119937290982381,,,,0.0005794296042243693,,,,-0.0008168347892885206,,0.0007194141263458531,,,,,0.0013920024811544022,,-0.0005970772063834871,,,-0.0007763974234821583,-0.0005181683244825858,,-0.00035970706317292654,,-0.0004098404517684564,-0.00037760580949453286,-0.0005037439385762183,,,-0.0005286481332923461,-0.00043483996176542323,,,,-0.0009968153360809067,-0.0013290871147745421,-0.0006323882239653064,-0.0007216209181444601,-0.0008084138120793607,-0.0014002882102088926,-0.0003894841379388973,-0.00038884036250428754,-0.0006818794762756347,-0.000505910579172245,,-0.00010918234198510992
1154,2026-08-31,VAR,NO0011202772,35234101W,-0.0003294795788726806,,-0.0004506674699522873,,-0.0004119937290982381,-0.0006290064687569357,,0.001782184994811318,,,,0.0016566790092612251,0.0014611703063049314,0.0015683227954339598,,,0.0010596775644824052,,0.0013366387461084884,,,,,,,,,,,,,,,,,,,,,,0.0013142369794139329,0.0012447006312967933,,,,0.0011364657937927244,0.0011364657937927244,0.0013366387461084884,-0.000505910579172245,0.0011588592084487387,0.000338343230167267
1155,2026-08-31,VCX,AU000000VCX7,27340701W,-0.0003294795788726806,,,,,,,,,,,,,,,,,,,,,,,,,,,0.0014002882102088926,,,,-0.0005037439385762183,-0.0006032010751669076,0.002425241436238082,-0.0005286481332923461,,,,,-0.0009968153360809067,,0.0012447006312967933,,,,-0.0003894841379388973,-0.00038884036250428754,,,,2.3327982883417266e-05
1156,2026-08-31,VEEV,US9224751084,01868901,,,,,,0.0012316671168329527,0.0026732774922169768,,,,,,,,,,,-0.0013757217503806663,-0.00045590778937033713,-0.00035482416186288687,,,,,,,,-0.00035970706317292654,-0.003675756551798343,-0.0004098404517684564,,-0.0005037439385762183,,-0.0006207082303828337,,0.0012785240180168149,,,-0.0014611703063049314,,,,-0.0007216209181444601,-0.0008084138120793607,-0.0014002882102088926,,,0.0013366387461084884,-0.000505910579172245,-0.00117624209657547,-0.0001038732562936266
1157,2026-08-31,VER,AT0000746409,10279701W,0.0009721009062607189,-0.00035970706317292654,,,-0.0004119937290982381,-0.0006290064687569357,,,0.0005794296042243693,0.0017171417468255033,,,,,0.0007194141263458531,,,,-0.00045590778937033713,0.0013920024811544022,,-0.0005970772063834871,,,,,,,,-0.0004098404517684564,,-0.0005037439385762183,-0.0006032010751669076,-0.0006207082303828337,-0.0005286481332923461,,,,,-0.0009968153360809067,-0.0013290871147745421,-0.0006323882239653064,,,,-0.0003894841379388973,,,0.001488914046298063,-0.00117624209657547,7.271852853625722e-05
1158,2026-08-31,VICI,US9256521090,03258001,-0.0003294795788726806,,,,,,,,,,,,,,,,0.0010596775644824052,,,,,,,,,,,-0.00035970706317292654,,,,-0.0005037439385762183,-0.0006032010751669076,-0.0006207082303828337,-0.0005286481332923461,,0.003222581086508136,,,,,0.0012447006312967933,,,,0.0011364657937927244,,,,,0.00011836517350419323
1159,2026-08-31,VIE,FR0000124141,23861601W,0.0009721009062607189,0.0010644724855886605,,,0.0012189037270212122,,,-0.0006047517206043547,0.0005794296042243693,,0.002450504367865562,-0.0016684285057808083,,0.0015683227954339598,0.0007194141263458531,,,0.0013677233681110115,-0.00045590778937033713,0.0013920024811544022,,0.0017425808838155109,,,,,,,,-0.0004098404517684564,,-0.0005037439385762183,0.0017687851076322854,-0.0006207082303828337,0.0020635826255709995,,,,,,0.0013142369794139329,0.0012447006312967933,,,0.0013920024811544022,0.0011364657937927244,0.0011364657937927244,0.0013366387461084884,-0.000505910579172245,0.0011588592084487387,0.0003666988141993013
1160,2026-08-31,VLO,US91913Y1001,01524701,0.0009721009062607189,,0.0013290871147745421,0.002735446736222023,0.0012189037270212122,0.0012316671168329527,0.0026732774922169768,0.001782184994811318,0.0005794296042243693,,,,-0.0008168347892885206,0.0015683227954339598,0.0007194141263458531,,-0.0031366455908679197,0.0013677233681110115,,,,0.0017425808838155109,,,,,,-0.00035970706317292654,,,,,,,,,,,-0.0014611703063049314,,,,,,0.0013920024811544022,-0.0003894841379388973,,,-0.000505910579172245,,0.00018227340089069355
1161,2026-08-31,VLTO,US92338C1036,04319701,-0.0003294795788726806,,,,,,,,0.0005794296042243693,,,,,,0.0007194141263458531,,,,,-0.00035482416186288687,,-0.0005970772063834871,,,,0.0020280036147852926,,-0.00035970706317292654,-0.003675756551798343,,-0.00037760580949453286,-0.0005037439385762183,,,-0.0005286481332923461,-0.00043483996176542323,,,,-0.0009968153360809067,,,,,,-0.0003894841379388973,,,,,-7.030573293869374e-05
1162,2026-08-31,VMC,US9291601097,01122801,-0.0003294795788726806,-0.00035970706317292654,-0.0004506674699522873,-0.001408673169551461,-0.0004119937290982381,,,,,-0.0017425808838155109,,,,,,-0.0007351513103596687,,,-0.00045590778937033713,-0.00035482416186288687,0.001755585218769358,-0.0005970772063834871,,,,-0.0005181683244825858,-0.001755585218769358,-0.00035970706317292654,,-0.0004098404517684564,-0.00037760580949453286,-0.0005037439385762183,,,,-0.00043483996176542323,,,-0.0014611703063049314,,,,-0.0007216209181444601,,,-0.0003894841379388973,-0.00038884036250428754,,,,-0.0001168147677534459
1163,2026-08-31,VNA,DE000A1ML7J1,31568201W,-0.0003294795788726806,,,,,,,,,,,,,,,,-0.0031366455908679197,,,,,,,,,,,-0.00035970706317292654,,,,-0.0005037439385762183,0.0017687851076322854,0.002425241436238082,0.0020635826255709995,,0.003222581086508136,-0.0012189037270212122,,0.0009884387366180419,0.0013142369794139329,0.0012447006312967933,,,0.0013920024811544022,-0.0003894841379388973,0.0011364657937927244,0.0013366387461084884,,,0.0002066044610696433
1164,2026-08-31,VOD,GB00BH4HKS39,01489401W,0.0009721009062607189,0.0010644724855886605,-0.0004506674699522873,,0.0012189037270212122,0.0012316671168329527,,-0.0006047517206043547,,,,,,,,,,,,,-0.0009013349399045746,,,,,,,,,,0.001109662355259877,0.0009926093641987087,,,,,,,,,0.0013142369794139329,,,,,0.0011364657937927244,0.0011364657937927244,0.0013366387461084884,,,0.00011706199627378628
1165,2026-08-31,VOLV B,SE0000115446,01121704W,,-0.00035970706317292654,-0.0004506674699522873,,-0.0004119937290982381,,,,0.0005794296042243693,,,,-0.0008168347892885206,,0.0007194141263458531,,,,,-0.00035482416186288687,,-0.0005970772063834871,,,-0.0007763974234821583,-0.0005181683244825858,,-0.00035970706317292654,,-0.0004098404517684564,-0.00037760580949453286,-0.0005037439385762183,-0.0006032010751669076,,-0.0005286481332923461,0.0012785240180168149,,,,0.0009884387366180419,,,,,,-0.0003894841379388973,,,0.001488914046298063,,3.191948306028426e-05
1166,2026-08-31,VOW3,DE0007664039,10073702W,-0.0003294795788726806,-0.00035970706317292654,0.0013290871147745421,,-0.0004119937290982381,,,-0.0006047517206043547,,,,,,,,-0.0007351513103596687,,,-0.00045590778937033713,-0.00035482416186288687,,-0.0005970772063834871,,,-0.0007763974234821583,-0.0005181683244825858,,,,-0.0004098404517684564,-0.00037760580949453286,-0.0005037439385762183,-0.0006032010751669076,-0.0006207082303828337,,0.0012785240180168149,-0.0032673391571540825,0.0012064021503338151,,0.0009884387366180419,0.0013142369794139329,,,,,-0.0003894841379388973,0.0011364657937927244,-0.0006818794762756347,,,-0.00013837571335974702
1167,2026-08-31,VRSK,US92345Y1064,18065201,-0.0003294795788726806,-0.00035970706317292654,-0.0004506674699522873,-0.001408673169551461,-0.0004119937290982381,,,,-0.0017171417468255033,-0.0017425808838155109,,,,-0.0015683227954339598,-0.0021193551289648105,,,,,0.0013920024811544022,,-0.0005970772063834871,,,-0.0007763974234821583,-0.0005181683244825858,,-0.00035970706317292654,-0.003675756551798343,-0.0004098404517684564,-0.00037760580949453286,-0.0005037439385762183,,,-0.0005286481332923461,,,,,-0.0009968153360809067,-0.0013290871147745421,-0.0006323882239653064,-0.0007216209181444601,,-0.0014002882102088926,-0.0003894841379388973,,,-0.000505910579172245,0.0011588592084487387,-0.00025020968919358994
1168,2026-08-31,VRSN,US92343E1029,06636801,-0.0003294795788726806,-0.00035970706317292654,-0.0004506674699522873,-0.001408673169551461,-0.0004119937290982381,,,-0.0006047517206043547,,,,0.0016566790092612251,,-0.0015683227954339598,,,,-0.0013757217503806663,-0.00045590778937033713,-0.00035482416186288687,,,,,,-0.0005181683244825858,-0.001755585218769358,-0.00035970706317292654,,-0.0004098404517684564,-0.00037760580949453286,-0.0005037439385762183,,,,-0.00043483996176542323,,,,-0.0009968153360809067,,,,,,,,,,,-0.00011968546240451643
1169,2026-08-31,VRT,US92537N1081,03617501,,,-0.0004506674699522873,,-0.0004119937290982381,0.0012316671168329527,0.0026732774922169768,,,,,,-0.0008168347892885206,,0.0007194141263458531,,,,,0.0013920024811544022,,0.0017425808838155109,,,0.0015275871384097012,-0.0005181683244825858,0.0034595355781631464,0.0014002882102088926,-0.003675756551798343,,0.001109662355259877,,0.0017687851076322854,,0.0020635826255709995,0.0012785240180168149,,0.0012064021503338151,,,,,-0.0007216209181444601,-0.0008084138120793607,-0.0014002882102088926,-0.0003894841379388973,-0.00038884036250428754,,-0.000505910579172245,,0.00019745457811464525
1170,2026-08-31,VRTX,US92532F1003,02434401,-0.0003294795788726806,-0.00035970706317292654,,,,,,,0.0005794296042243693,,,,,,0.0007194141263458531,,,,0.0013366387461084884,-0.00035482416186288687,-0.0009013349399045746,-0.0005970772063834871,,,0.0015275871384097012,,,-0.00035970706317292654,-0.003675756551798343,0.0012064021503338151,0.001109662355259877,-0.0005037439385762183,,-0.0006207082303828337,,0.0012785240180168149,,0.0012064021503338151,0.002834318305001132,,-0.0013290871147745421,,,-0.0008084138120793607,-0.0014002882102088926,-0.0003894841379388973,-0.00038884036250428754,,-0.000505910579172245,-0.00117624209657547,-8.054698458040074e-05
1171,2026-08-31,VST,US92840M1027,15737302,-0.0003294795788726806,-0.00035970706317292654,,-0.001408673169551461,-0.0004119937290982381,0.0012316671168329527,0.0026732774922169768,-0.0006047517206043547,0.0005794296042243693,,,0.0016566790092612251,,0.0015683227954339598,0.0007194141263458531,,,0.0013677233681110115,-0.00045590778937033713,0.0013920024811544022,,-0.0005970772063834871,0.006190747876712999,0.005227742651446533,,,,,,-0.0004098404517684564,,,-0.0006032010751669076,0.002425241436238082,-0.0005286481332923461,,,,,,,0.0012447006312967933,-0.0007216209181444601,-0.0008084138120793607,,,0.0011364657937927244,0.0013366387461084884,-0.000505910579172245,0.0011588592084487387,0.0003459319333709193
1172,2026-08-31,VTR,US92276F1003,11017901,-0.0003294795788726806,,,,,,,,,,,,,,,,,,,,,,,,,,,-0.00035970706317292654,0.0036192064510014456,,,,,-0.0006207082303828337,0.0020635826255709995,,0.003222581086508136,,,,,-0.0006323882239653064,,,,-0.0003894841379388973,-0.00038884036250428754,,,,0.00013947325801392848
1173,2026-08-31,VWS,DK0061539921,22509401W,0.0009721009062607189,-0.00035970706317292654,,,-0.0004119937290982381,0.0012316671168329527,,,0.0005794296042243693,,,,0.0014611703063049314,0.0015683227954339598,0.0007194141263458531,,,0.0013677233681110115,,-0.00035482416186288687,,0.0017425808838155109,,,,-0.0005181683244825858,,-0.00035970706317292654,,0.0012064021503338151,0.001109662355259877,,,,,-0.00043483996176542323,,-0.0012189037270212122,,,0.0013142369794139329,0.0012447006312967933,,,,0.0011364657937927244,0.0011364657937927244,0.0013366387461084884,-0.000505910579172245,0.0011588592084487387,0.00019975569741168342
1174,2026-08-31,VZ,US92343V1044,00213601,-0.0003294795788726806,,-0.0004506674699522873,,,-0.0006290064687569357,-0.002800576420417785,-0.0006047517206043547,,,,,,,,,,,,,,,,-0.00588121048287735,,-0.0005181683244825858,,,,,-0.00037760580949453286,,,,,,,,-0.0014611703063049314,0.0009884387366180419,,,,,,,-0.00038884036250428754,,,,-0.0001638479408012085
1175,2026-08-31,WAB,US9297401088,06097901,-0.0003294795788726806,-0.00035970706317292654,-0.0004506674699522873,,-0.0004119937290982381,,,,0.0005794296042243693,,,,,,0.0007194141263458531,,,,,-0.00035482416186288687,,-0.0005970772063834871,,,,0.0020280036147852926,-0.001755585218769358,-0.00035970706317292654,,-0.0004098404517684564,-0.00037760580949453286,,,,0.0020635826255709995,-0.00043483996176542323,,,0.002834318305001132,,,-0.0006323882239653064,-0.0007216209181444601,-0.0008084138120793607,,-0.0003894841379388973,-0.00038884036250428754,,-0.000505910579172245,,-3.961575402160566e-05
1176,2026-08-31,WAT,US9418481035,06157401,,-0.00035970706317292654,,,,,,,0.0005794296042243693,,,,,,0.0007194141263458531,,,-0.0013757217503806663,-0.00045590778937033713,-0.00035482416186288687,-0.0009013349399045746,-0.0005970772063834871,,,-0.0007763974234821583,,,-0.00035970706317292654,-0.003675756551798343,-0.0004098404517684564,-0.00037760580949453286,-0.0005037439385762183,,-0.0006207082303828337,,-0.00043483996176542323,-0.0032673391571540825,-0.0012189037270212122,-0.0014611703063049314,,,-0.0006323882239653064,-0.0007216209181444601,-0.0008084138120793607,,-0.0003894841379388973,-0.00038884036250428754,-0.0006818794762756347,-0.000505910579172245,,-0.0005249971617393718
1177,2026-08-31,WBC,AU000000WBC1,01536201W,-0.0003294795788726806,-0.00035970706317292654,,,-0.0004119937290982381,-0.0006290064687569357,,-0.0006047517206043547,0.0005794296042243693,,-0.002450504367865562,0.0016566790092612251,,,,0.002219324710519754,0.0010596775644824052,,-0.00045590778937033713,,,,,,,,,,,,-0.00037760580949453286,-0.0005037439385762183,-0.0006032010751669076,,-0.0005286481332923461,,,,,0.0009884387366180419,,-0.0006323882239653064,-0.0007216209181444601,-0.0008084138120793607,-0.0014002882102088926,,,,-0.000505910579172245,,-9.602561270967086e-05
1178,2026-08-31,WBD,US9344231041,16429601,,-0.00035970706317292654,-0.0004506674699522873,-0.001408673169551461,-0.0004119937290982381,-0.0006290064687569357,,-0.0006047517206043547,,,,,,,,,,,,,,,,-0.00588121048287735,,-0.0005181683244825858,,,,,0.001109662355259877,-0.0005037439385762183,,,,,,,0.002834318305001132,,,,,,,-0.0003894841379388973,-0.00038884036250428754,-0.0006818794762756347,,,-0.00011252769089216011
1179,2026-08-31,WCN,CA94106B1013,11073201C,-0.0003294795788726806,-0.00035970706317292654,,,-0.0004119937290982381,-0.0006290064687569357,,,-0.0017171417468255033,-0.0017425808838155109,,,,,-0.0021193551289648105,,,-0.0013757217503806663,,-0.00035482416186288687,,-0.0005970772063834871,,,0.0015275871384097012,-0.0005181683244825858,,-0.00035970706317292654,,,0.001109662355259877,-0.0005037439385762183,-0.0006032010751669076,,-0.0005286481332923461,-0.00043483996176542323,,,,,-0.0013290871147745421,-0.0006323882239653064,-0.0007216209181444601,-0.0008084138120793607,,-0.0003894841379388973,-0.00038884036250428754,-0.0006818794762756347,-0.000505910579172245,,-0.00027691906667527276
1180,2026-08-31,WCP,CA96467A2002,18523001C,0.0009721009062607189,,0.0013290871147745421,,-0.0004119937290982381,,,0.001782184994811318,-0.0017171417468255033,,,,,-0.0015683227954339598,-0.0021193551289648105,,-0.0031366455908679197,,-0.00045590778937033713,,,-0.0005970772063834871,,,,,,-0.00035970706317292654,,,,,,,,,,,,,,,,,,0.0011364657937927244,-0.00038884036250428754,,0.001488914046298063,-0.00117624209657547,-5.465130398576718e-05
1181,2026-08-31,WDAY,US98138H1014,01504401,-0.0003294795788726806,-0.00035970706317292654,,,-0.0004119937290982381,0.0012316671168329527,0.0026732774922169768,-0.0006047517206043547,,,0.002450504367865562,,,,,,,,-0.00045590778937033713,-0.00035482416186288687,,,,,,-0.0005181683244825858,,-0.00035970706317292654,,,-0.00037760580949453286,,,,,0.0012785240180168149,,0.0012064021503338151,-0.0014611703063049314,,,,,,,,,,,,0.00020236498089006287
1182,2026-08-31,WDC,US9581021055,01139901,0.0009721009062607189,,,,,0.0012316671168329527,0.0026732774922169768,,,,0.002450504367865562,0.0016566790092612251,0.0014611703063049314,,,,,,0.0013366387461084884,0.0013920024811544022,,,,,0.0015275871384097012,0.0020280036147852926,0.0034595355781631464,0.0014002882102088926,0.0036192064510014456,0.0012064021503338151,0.001109662355259877,,,,,,,,,,,0.0012447006312967933,,,,,,,,,0.0005679974685639128
1183,2026-08-31,WDS,AU0000224040,10071201W,-0.0003294795788726806,,0.0013290871147745421,,-0.0004119937290982381,-0.0006290064687569357,,-0.0006047517206043547,-0.0017171417468255033,,,,,-0.0015683227954339598,-0.0021193551289648105,,0.0010596775644824052,-0.0013757217503806663,-0.00045590778937033713,,,-0.0005970772063834871,,,,,,,,,,,,,,,,,,,,-0.0006323882239653064,,,,,-0.00038884036250428754,-0.0006818794762756347,0.001488914046298063,,-0.00013426699069145166
1184,2026-08-31,WEC,US92939U1060,01155001,-0.0003294795788726806,-0.00035970706317292654,,-0.001408673169551461,-0.0004119937290982381,,,0.001782184994811318,,,,,,,,,,,-0.00045590778937033713,-0.00035482416186288687,,-0.0005970772063834871,,,,,-0.001755585218769358,,,-0.0004098404517684564,,,,-0.0006207082303828337,-0.0005286481332923461,,,,,,-0.0013290871147745421,,,-0.0008084138120793607,,-0.0003894841379388973,-0.00038884036250428754,-0.0006818794762756347,,,-0.0001335281179822823
1185,2026-08-31,WELL,US95040Q1040,00554301,,,,,,,,,,,,,,,,,,,,,,,,,,,,-0.00035970706317292654,0.0036192064510014456,,,0.0009926093641987087,0.0017687851076322854,-0.0006207082303828337,0.0020635826255709995,,,,,0.0009884387366180419,,-0.0006323882239653064,,,-0.0014002882102088926,-0.0003894841379388973,-0.00038884036250428754,-0.0006818794762756347,,,5.752219859357798e-05
1186,2026-08-31,WES,AU000000WES1,10160101W,-0.0003294795788726806,-0.00035970706317292654,,,-0.0004119937290982381,,,,,,,,,0.0015683227954339598,,-0.0007351513103596687,,0.0013677233681110115,0.0013366387461084884,0.0013920024811544022,0.001755585218769358,-0.0005970772063834871,,,,-0.0005181683244825858,,-0.00035970706317292654,,,,-0.0005037439385762183,0.0017687851076322854,-0.0006207082303828337,,-0.00043483996176542323,,,,,,,,,,-0.0003894841379388973,-0.00038884036250428754,-0.0006818794762756347,,,0.0002130775524262981
1187,2026-08-31,WFC,US9497461015,00800701,-0.0003294795788726806,,0.0013290871147745421,,,,,0.001782184994811318,0.0005794296042243693,,,-0.0016684285057808083,,,,-0.0007351513103596687,0.0010596775644824052,,-0.00045590778937033713,,,,,,,,,,,,-0.00037760580949453286,,-0.0006032010751669076,,-0.0005286481332923461,,,,0.002834318305001132,0.0009884387366180419,,0.0012447006312967933,,,,,,,,,7.576404408356022e-07
1188,2026-08-31,WKL,NL0000395903,10136102W,-0.0003294795788726806,-0.00035970706317292654,0.0013290871147745421,,-0.0004119937290982381,,,,,-0.0017425808838155109,,,,0.0015683227954339598,,,,,,0.0013920024811544022,,-0.0005970772063834871,,,0.0015275871384097012,0.0020280036147852926,,-0.00035970706317292654,,0.0012064021503338151,0.001109662355259877,,,,-0.0005286481332923461,-0.00043483996176542323,,,,,,0.0012447006312967933,0.001417159152500566,0.001589516346723608,,0.0011364657937927244,0.0011364657937927244,,0.001488914046298063,0.0011588592084487387,0.00023948864497119792
1189,2026-08-31,WM,US94106L1098,01447701,-0.0003294795788726806,-0.00035970706317292654,-0.0004506674699522873,-0.001408673169551461,-0.0004119937290982381,-0.0006290064687569357,,,-0.0017171417468255033,-0.0017425808838155109,,,,,-0.0021193551289648105,,,,,-0.00035482416186288687,,-0.0005970772063834871,,,-0.0007763974234821583,-0.0005181683244825858,,0.0014002882102088926,,,-0.00037760580949453286,,,,-0.0005286481332923461,,,,-0.0014611703063049314,,,-0.0006323882239653064,-0.0007216209181444601,,,,-0.00038884036250428754,-0.0006818794762756347,-0.000505910579172245,0.0011588592084487387,-0.00021933144050574561
1190,2026-08-31,WMB,US9694571004,01150601,-0.0003294795788726806,,-0.0004506674699522873,-0.001408673169551461,-0.0004119937290982381,,,,,,,,,,-0.0021193551289648105,,0.0010596775644824052,-0.0013757217503806663,,,,,,,,,,0.0014002882102088926,,,,,,,,,,,,,-0.0013290871147745421,,,,-0.0014002882102088926,-0.0003894841379388973,-0.00038884036250428754,-0.0006818794762756347,-0.000505910579172245,0.0011588592084487387,-0.00017899386204787618
1191,2026-08-31,WMT,US9311421039,01125901,-0.0003294795788726806,-0.00035970706317292654,,-0.001408673169551461,,-0.0006290064687569357,,,,,,0.0016566790092612251,-0.0008168347892885206,0.0015683227954339598,,,0.0010596775644824052,0.0013677233681110115,-0.00045590778937033713,0.0013920024811544022,,,0.006190747876712999,0.005227742651446533,,,,-0.00035970706317292654,,-0.0004098404517684564,-0.00037760580949453286,,,,,-0.00043483996176542323,,,,0.0009884387366180419,-0.0013290871147745421,-0.0006323882239653064,-0.0007216209181444601,-0.0008084138120793607,,-0.0003894841379388973,-0.00038884036250428754,-0.0006818794762756347,-0.000505910579172245,,7.175964719836717e-05
1192,2026-08-31,WN,CA9611485090,01144301C,0.0009721009062607189,-0.00035970706317292654,,,,,,,,,,,,0.0015683227954339598,0.0007194141263458531,,0.0010596775644824052,,-0.00045590778937033713,-0.00035482416186288687,0.001755585218769358,,0.006190747876712999,0.005227742651446533,-0.0007763974234821583,,,-0.00035970706317292654,,-0.0004098404517684564,-0.00037760580949453286,0.0009926093641987087,,,,0.0012785240180168149,0.003222581086508136,0.0012064021503338151,,,,,-0.0007216209181444601,-0.0008084138120793607,,0.0011364657937927244,0.0011364657937927244,0.0013366387461084884,-0.000505910579172245,0.0011588592084487387,0.0004051899969682027
1193,2026-08-31,WOW,AU000000WOW2,10089402W,,-0.00035970706317292654,,,,-0.0006290064687569357,,,,,,0.0016566790092612251,,0.0015683227954339598,0.0007194141263458531,,,0.0013677233681110115,-0.00045590778937033713,0.0013920024811544022,-0.0009013349399045746,,,,-0.0007763974234821583,,,0.0014002882102088926,,-0.0004098404517684564,-0.00037760580949453286,,,,,,,0.0012064021503338151,,,,-0.0006323882239653064,-0.0007216209181444601,-0.0008084138120793607,,-0.0003894841379388973,-0.00038884036250428754,-0.0006818794762756347,-0.000505910579172245,0.0011588592084487387,5.040222057739407e-05
1194,2026-08-31,WPC,US92936U1097,06635401,0.0009721009062607189,,,,,,,,,,,,,,,,,,,,,,,,,,,0.0014002882102088926,,,,,-0.0006032010751669076,-0.0006207082303828337,-0.0005286481332923461,,,0.0012064021503338151,,,,,,,,0.0011364657937927244,0.0011364657937927244,0.0013366387461084884,,,0.00011562330627117943
1195,2026-08-31,WPM,CA9628791027,10586101C,-0.0003294795788726806,-0.00035970706317292654,-0.0004506674699522873,,-0.0004119937290982381,,,,,0.0017171417468255033,,0.0016566790092612251,,,,0.002219324710519754,,,0.0013366387461084884,0.0013920024811544022,,,0.006190747876712999,0.005227742651446533,0.0015275871384097012,0.0020280036147852926,,-0.00035970706317292654,,,,,,,,-0.00043483996176542323,,,,,,-0.0006323882239653064,,,,-0.0003894841379388973,-0.00038884036250428754,-0.0006818794762756347,,,0.0002812325409374777
1196,2026-08-31,WRB,US0844231029,01482201,-0.0003294795788726806,,,,,-0.0006290064687569357,-0.002800576420417785,0.001782184994811318,,,,,,,,-0.0007351513103596687,,,-0.00045590778937033713,,,,,,,,-0.001755585218769358,,,,-0.00037760580949453286,,0.0017687851076322854,,0.0020635826255709995,-0.00043483996176542323,,,-0.0014611703063049314,-0.0009968153360809067,,-0.0006323882239653064,,,,0.0011364657937927244,,,,,5.517814915339342e-06
1197,2026-08-31,WRT1V,FI0009003727,10155702W,-0.0003294795788726806,-0.00035970706317292654,,,-0.0004119937290982381,,,,0.0005794296042243693,0.0017171417468255033,,,-0.0008168347892885206,,0.0007194141263458531,,,0.0013677233681110115,,0.0013920024811544022,,,,,,-0.0005181683244825858,,-0.00035970706317292654,,-0.0004098404517684564,,-0.0005037439385762183,0.0017687851076322854,,0.0020635826255709995,-0.00043483996176542323,,,,,,,,,,0.0011364657937927244,,0.0013366387461084884,-0.000505910579172245,,0.00026084477441033153
1198,2026-08-31,WSM,US9699041011,01151101,,,-0.0004506674699522873,,,,,,,,,,-0.0008168347892885206,,,-0.0007351513103596687,,,-0.00045590778937033713,0.0013920024811544022,,-0.0005970772063834871,,,,-0.0005181683244825858,,-0.00035970706317292654,,-0.0004098404517684564,,-0.0005037439385762183,,-0.0006207082303828337,,-0.00043483996176542323,,,,-0.0009968153360809067,-0.0013290871147745421,,,,,-0.0003894841379388973,-0.00038884036250428754,,,,-8.109398047166248e-05
1199,2026-08-31,WSO,US9426222009,01131302,-0.0003294795788726806,-0.00035970706317292654,-0.0004506674699522873,-0.001408673169551461,-0.0004119937290982381,,,,0.0005794296042243693,,,,-0.0008168347892885206,,0.0007194141263458531,,,,,-0.00035482416186288687,,-0.0005970772063834871,,,-0.0007763974234821583,-0.0005181683244825858,,0.0014002882102088926,-0.003675756551798343,-0.0004098404517684564,-0.00037760580949453286,-0.0005037439385762183,-0.0006032010751669076,,-0.0005286481332923461,,,0.0012064021503338151,-0.0014611703063049314,-0.0009968153360809067,,,,,,-0.0003894841379388973,-0.00038884036250428754,-0.0006818794762756347,,-0.00117624209657547,-0.00010953348098842491
1200,2026-08-31,WSP,CA92938W2022,27784601C,-0.0003294795788726806,-0.00035970706317292654,-0.0004506674699522873,,-0.0004119937290982381,,,,0.0005794296042243693,,,,,,0.0007194141263458531,,,,,-0.00035482416186288687,,,,,,-0.0005181683244825858,,-0.00035970706317292654,,,0.001109662355259877,,-0.0006032010751669076,,-0.0005286481332923461,0.0012785240180168149,,0.0012064021503338151,,,,,,,,,0.0011364657937927244,0.0013366387461084884,-0.000505910579172245,,0.00010853906816024515
1201,2026-08-31,WST,US9553061055,01137601,,,,,,-0.0006290064687569357,,,-0.0017171417468255033,,,,,,-0.0021193551289648105,,,,-0.00045590778937033713,-0.00035482416186288687,-0.0009013349399045746,-0.0005970772063834871,,,,,,-0.00035970706317292654,,-0.0004098404517684564,-0.00037760580949453286,,,-0.0006207082303828337,,-0.00043483996176542323,-0.0032673391571540825,,-0.0014611703063049314,-0.0009968153360809067,-0.0013290871147745421,-0.0006323882239653064,-0.0007216209181444601,-0.0008084138120793607,-0.0014002882102088926,-0.0003894841379388973,-0.00038884036250428754,-0.0006818794762756347,-0.000505910579172245,-0.00117624209657547,-0.0005346844422522978
1202,2026-08-31,WTC,AU000000WTC3,32150101W,-0.0003294795788726806,-0.00035970706317292654,-0.0004506674699522873,,-0.0004119937290982381,-0.0006290064687569357,,-0.0006047517206043547,,,,,,-0.0015683227954339598,,,,-0.0013757217503806663,-0.00045590778937033713,-0.00035482416186288687,,,,,-0.0007763974234821583,-0.0005181683244825858,,-0.00035970706317292654,,-0.0004098404517684564,-0.00037760580949453286,0.0009926093641987087,,,,,,,,-0.0009968153360809067,,-0.0006323882239653064,,,,,,,,,-0.00016488492257421908
1203,2026-08-31,WTW,IE00BDB6Q211,14400901,-0.0003294795788726806,-0.00035970706317292654,-0.0004506674699522873,,-0.0004119937290982381,,,,-0.0017171417468255033,-0.0017425808838155109,,,,,,-0.0007351513103596687,-0.0031366455908679197,,0.0013366387461084884,,,,,,,,,,,0.0012064021503338151,0.001109662355259877,-0.0005037439385762183,-0.0006032010751669076,-0.0006207082303828337,-0.0005286481332923461,,,,-0.0014611703063049314,-0.0009968153360809067,,,-0.0007216209181444601,-0.0008084138120793607,,-0.0003894841379388973,-0.00038884036250428754,,-0.000505910579172245,-0.00117624209657547,-0.000206366720872163
1204,2026-08-31,WY,US9621661043,01145601,-0.0003294795788726806,,,,,,,,,,,,,0.0015683227954339598,,,-0.0031366455908679197,0.0013677233681110115,,,,,,,,,,0.0014002882102088926,-0.003675756551798343,,,-0.0005037439385762183,-0.0006032010751669076,-0.0006207082303828337,-0.0005286481332923461,,-0.0032673391571540825,-0.0012189037270212122,,-0.0009968153360809067,-0.0013290871147745421,0.0012447006312967933,,,0.0013920024811544022,-0.0003894841379388973,-0.00038884036250428754,-0.0006818794762756347,,,-0.0003037058960010346
1205,2026-08-31,X,CA87262K1057,01451701C,,,-0.0004506674699522873,,-0.0004119937290982381,,,,,,-0.002450504367865562,-0.0016684285057808083,,,,-0.0007351513103596687,0.0010596775644824052,,-0.00045590778937033713,,-0.0009013349399045746,,,,,,,,,-0.0004098404517684564,-0.00037760580949453286,,,-0.0006207082303828337,-0.0005286481332923461,-0.00043483996176542323,,,,,,,-0.0007216209181444601,-0.0008084138120793607,-0.0014002882102088926,-0.0003894841379388973,-0.00038884036250428754,,-0.000505910579172245,,-0.0003304788801536056
1206,2026-08-31,XEL,US98389B1008,00797701,-0.0003294795788726806,-0.00035970706317292654,,,-0.0004119937290982381,,,0.001782184994811318,-0.0017171417468255033,,,0.0016566790092612251,,,-0.0021193551289648105,,,,-0.00045590778937033713,-0.00035482416186288687,,,,,,,-0.001755585218769358,,,-0.0004098404517684564,,,-0.0006032010751669076,-0.0006207082303828337,-0.0005286481332923461,,,,,,,,-0.0007216209181444601,,,-0.0003894841379388973,-0.00038884036250428754,-0.0006818794762756347,-0.000505910579172245,,-0.00010361935639578991
1207,2026-08-31,XPO,US9837931008,14499801,,0.0010644724855886605,,0.002735446736222023,0.0012189037270212122,-0.0006290064687569357,,,-0.0017171417468255033,-0.0017425808838155109,,,,0.0015683227954339598,,,,,,-0.00035482416186288687,,,,,-0.0007763974234821583,-0.0005181683244825858,,0.0014002882102088926,,-0.0004098404517684564,-0.00037760580949453286,-0.0005037439385762183,,,,,,,-0.0014611703063049314,-0.0009968153360809067,,-0.0006323882239653064,-0.0007216209181444601,-0.0008084138120793607,,-0.0003894841379388973,-0.00038884036250428754,-0.0006818794762756347,-0.000505910579172245,0.0011588592084487387,-0.0001486753447452814
1208,2026-08-31,XRO,NZXROE0001S2,28484402W,-0.0003294795788726806,-0.00035970706317292654,,,-0.0004119937290982381,-0.0006290064687569357,,,,,,0.0016566790092612251,,-0.0015683227954339598,,,,-0.0013757217503806663,-0.00045590778937033713,-0.00035482416186288687,,,,,-0.0007763974234821583,-0.0005181683244825858,,-0.00035970706317292654,,-0.0004098404517684564,-0.00037760580949453286,,,,,-0.00043483996176542323,,,,,,-0.0006323882239653064,,,,,,,,,-7.512361090161692e-05
1209,2026-08-31,XYL,US98419M1009,18949101,-0.0003294795788726806,-0.00035970706317292654,,,-0.0004119937290982381,,,,0.0005794296042243693,,,,0.0014611703063049314,-0.0015683227954339598,0.0007194141263458531,,,-0.0013757217503806663,,-0.00035482416186288687,,,,,,0.0020280036147852926,-0.001755585218769358,-0.00035970706317292654,,-0.0004098404517684564,-0.00037760580949453286,-0.0005037439385762183,-0.0006032010751669076,,-0.0005286481332923461,-0.00043483996176542323,,,-0.0014611703063049314,,,,,,,-0.0003894841379388973,-0.00038884036250428754,-0.0006818794762756347,-0.000505910579172245,-0.00117624209657547,-0.0001478522247544889
1210,2026-08-31,XYZ,US8522341036,02636701,,0.0010644724855886605,,0.002735446736222023,,0.0012316671168329527,,0.001782184994811318,,,,,-0.0008168347892885206,,,-0.0007351513103596687,-0.0031366455908679197,,-0.00045590778937033713,,,,,,,,0.0034595355781631464,,,-0.0004098404517684564,-0.00037760580949453286,,,-0.0006207082303828337,,0.0012785240180168149,,0.0012064021503338151,,-0.0009968153360809067,,-0.0006323882239653064,-0.0007216209181444601,-0.0008084138120793607,,,,,-0.000505910579172245,-0.00117624209657547,1.6657482077984224e-06
1211,2026-08-31,YAR,NO0010208051,26435101W,-0.0003294795788726806,-0.00035970706317292654,-0.0004506674699522873,,-0.0004119937290982381,-0.0006290064687569357,,-0.0006047517206043547,,,,,-0.0008168347892885206,,,-0.0007351513103596687,,,,0.0013920024811544022,,0.0017425808838155109,,,0.0015275871384097012,,,-0.00035970706317292654,,0.0012064021503338151,0.001109662355259877,0.0009926093641987087,,,,-0.00043483996176542323,,,,,,-0.0006323882239653064,0.001417159152500566,,,0.0011364657937927244,0.0011364657937927244,0.0013366387461084884,,,0.00016356728089830322
1212,2026-08-31,YUM,US9884981013,06541701,-0.0003294795788726806,-0.00035970706317292654,-0.0004506674699522873,-0.001408673169551461,-0.0004119937290982381,,,-0.0006047517206043547,,,,,,-0.0015683227954339598,,-0.0007351513103596687,,,0.0013366387461084884,0.0013920024811544022,,-0.0005970772063834871,,0.005227742651446533,0.0015275871384097012,0.0020280036147852926,,-0.00035970706317292654,,,,,-0.0006032010751669076,-0.0006207082303828337,,-0.00043483996176542323,,,,-0.0009968153360809067,,,,,,-0.0003894841379388973,-0.00038884036250428754,-0.0006818794762756347,,,-2.5671163751742545e-05
1213,2026-08-31,Z74,SG1T75931496,20809501W,-0.0003294795788726806,-0.00035970706317292654,0.0013290871147745421,,-0.0004119937290982381,,,,,,0.002450504367865562,-0.0016684285057808083,,,,,,,,,,,,,,,,,,,,-0.0005037439385762183,,,,,,,,,,,,,,-0.0003894841379388973,-0.00038884036250428754,-0.0006818794762756347,,,-1.5236208502150466e-05
1214,2026-08-31,ZAL,DE000ZAL1111,31843401W,-0.0003294795788726806,-0.00035970706317292654,-0.0004506674699522873,,-0.0004119937290982381,,,-0.0006047517206043547,,,,,-0.0008168347892885206,,,-0.0007351513103596687,,0.0013677233681110115,-0.00045590778937033713,-0.00035482416186288687,0.001755585218769358,-0.0005970772063834871,,,-0.0007763974234821583,-0.0005181683244825858,,-0.00035970706317292654,,-0.0004098404517684564,-0.00037760580949453286,0.0009926093641987087,,-0.0006207082303828337,,,,0.0012064021503338151,,,0.0013142369794139329,,,,,0.0011364657937927244,0.0011364657937927244,0.0013366387461084884,,,0.00022937651929667917
1215,2026-08-31,ZBH,US98956P1021,14455901,-0.0003294795788726806,-0.00035970706317292654,,,,,,,0.0005794296042243693,,,,,,-0.0021193551289648105,,,-0.0013757217503806663,-0.00045590778937033713,-0.00035482416186288687,0.001755585218769358,-0.0005970772063834871,,,-0.0007763974234821583,,,-0.00035970706317292654,,-0.0004098404517684564,-0.00037760580949453286,0.0009926093641987087,,0.002425241436238082,,-0.00043483996176542323,,,-0.0014611703063049314,,,-0.0006323882239653064,,,,,,,,,6.409068132221747e-05
1216,2026-08-31,ZM,US98980L1017,03500501,-0.0003294795788726806,-0.00035970706317292654,,,,-0.0006290064687569357,-0.002800576420417785,,,,,0.0016566790092612251,,-0.0015683227954339598,,,,-0.0013757217503806663,0.0013366387461084884,-0.00035482416186288687,,,,,0.0015275871384097012,-0.0005181683244825858,,-0.00035970706317292654,,0.0012064021503338151,0.001109662355259877,,,,,,,,,,,-0.0006323882239653064,,,,,,,,-0.00117624209657547,5.5763841692812295e-06
1217,2026-08-31,ZS,US98980G1022,03303701,-0.0003294795788726806,-0.00035970706317292654,-0.0004506674699522873,-0.001408673169551461,-0.0004119937290982381,,,,,,,,,,,,,,-0.00045590778937033713,-0.00035482416186288687,,,,,-0.0007763974234821583,-0.0005181683244825858,,-0.00035970706317292654,-0.003675756551798343,-0.0004098404517684564,-0.00037760580949453286,,,,,,,,0.002834318305001132,,,-0.0006323882239653064,,,,,,,,,-0.00014593814564430434
1218,2026-08-31,ZTS,US98978V1035,01372101,-0.0003294795788726806,-0.00035970706317292654,,,,,,,-0.0017171417468255033,,,,,,,,,,-0.00045590778937033713,0.0013920024811544022,,-0.0005970772063834871,,,,,,-0.00035970706317292654,,,,,,-0.0006207082303828337,,-0.00043483996176542323,,-0.0012189037270212122,,,,0.0012447006312967933,0.001417159152500566,0.001589516346723608,,,-0.00038884036250428754,,0.001488914046298063,0.0011588592084487387,5.7753326214920766e-05
1219,2026-08-31,ZURN,CH0011075394,22042601W,-0.0003294795788726806,-0.00035970706317292654,-0.0004506674699522873,,-0.0004119937290982381,-0.0006290064687569357,,-0.0006047517206043547,0.0005794296042243693,,-0.002450504367865562,0.0016566790092612251,,,,-0.0007351513103596687,0.0010596775644824052,,-0.00045590778937033713,,-0.0009013349399045746,,,,,,,,,-0.0004098404517684564,-0.00037760580949453286,,-0.0006032010751669076,-0.0006207082303828337,-0.0005286481332923461,-0.00043483996176542323,,,,,-0.0013290871147745421,-0.0006323882239653064,,,0.0013920024811544022,-0.0003894841379388973,-0.00038884036250428754,,-0.000505910579172245,,-0.0001824364975728858
