style,ddt,ticker,isin,gvkeyiid,Analyst Expectations,Analyst Expectations,Analyst Expectations,Analyst Expectations,Analyst Expectations,Analyst Expectations,Analyst Expectations,Analyst Expectations,Capital Efficiency,Capital Efficiency,Capital Efficiency,Capital Efficiency,Capital Efficiency,Earnings Quality,Earnings Quality,Earnings Quality,Earnings Quality,Earnings Quality,Earnings Quality,Earnings Quality,Earnings Quality,Earnings Quality,Earnings Quality,Earnings Quality,Earnings Quality,Earnings Quality,Earnings Quality,Earnings Quality,Earnings Quality,Historical Growth,Historical Growth,Historical Growth,Historical Growth,Historical Growth,Historical Growth,Historical Growth,Historical Growth,Historical Growth,Historical Growth,Historical Growth,Historical Growth,Historical Growth,Historical Growth,Historical Growth,Historical Growth,Historical Growth,Price Momentum,Valuation,Valuation,Volatility,MP
factor_weight,,,,,0.020609782043,0.027404781375,0.028144268362,0.029170595289,0.029432190797,0.031140262705,0.036857777553,0.048933017099,0.00631116322,0.008897551595,0.010133920663,0.012025423095,0.045326998938,0.001549117475,0.002249695662,0.003888905569,0.008569136478,0.009596906956,0.011229155226,0.011520361207,0.013367353865,0.013637465388,0.014180060512,0.017454598573,0.020029884651,0.021600104035,0.027198273605,0.033323493591,0.042298158706,0.002695242071,0.003232523766,0.0106057483,0.012185742847,0.012245349363,0.012328412172,0.013256264763,0.013824551354,0.015196133577,0.015254646719,0.016765762502,0.017953450401,0.018333951603,0.019333823378,0.021183467512,0.021551088521,0.025746516605,0.043028747836,0.028289260405,0.057338897365,0.033570014709,1.0
factor,,,,,AdjRev3MFY1C,Rev3MFY2C,RevMagFY1C,Rev3MFY1C,AdjRevMagC,AdjInvPEGC,InvPEGC,EPSSurpC,CFROIC,OCFRatio,AdjIntCov,IntCovRatio,ROA,OCFIC,FCFSales,TotalAccruals,SGAToSalesChg1Y,AssetTurn,SalesToInvCap,ETO,OPM,UnexpectedInvChg,CACL,WCapToAst,CashRatio,WCAccruals,GPMargin,AdjAccruals,UnexpectedRecChg,ConsQPosChginTTMCF,PAdjChg3YOCF,ConsQPosChgTTMEPS,PAdjChg1YSales,CQPTTMCFtoSales,PAdjChg1YEPS,Chg3YAstTo,CQDOHtoSales,AstAdjChg1YOCF,Chg1YOPM,AstAdjChg1YFCF,Chg1YFCF,PAdjChg3YFCF,Chg3YFCF,PAdjChg1YOCF,PAdjChg3YSales,PAdjChg1YFCF,ShortIntTrdVol,CashAdjEV,FCFEV,BookLev,AGG
0,2025-11-30,,FI0009014575,33901501W,,,,,0.0019800816830307846,,0.002042516691054278,-0.0006891165735775831,,,,,,,,,-0.0034613641634660282,,,,,0.002386519502179209,,,,,,,,,,,-0.0009627148734905514,,-0.0006590678857762351,,,0.0025763562807616463,-0.0035150287241399202,0.0024510200292651337,,-0.0005843282286263527,,0.002079994061532338,-0.0007927250094651219,0.0012288311799838747,,,0.001954477178508835,,0.0002694621289417321
1,2025-11-30,,GB00BMVP7Y09,03647401,0.004359987552058171,-0.0009466361282130473,,0.0019800816830307846,0.0019800816830307846,0.004626925565449486,0.002042516691054278,0.0020152831351735543,,,,,,,0.002764870154963718,-0.002561800595559603,,-0.004445477504059311,-0.0030432127880137567,-0.0024643407902937486,0.004875685004452148,,,,,,0.0034093135745417273,0.003716710700115162,,,0.0032621489598133077,,-0.0009627148734905514,,0.0019460888644379816,,,,,-0.002437842502226074,,0.00229009447178813,,-0.0007040973686553567,-0.0007927250094651219,-0.0024510200292651337,-0.002267193527070249,,0.001954477178508835,,0.0006140511261875331
2,2025-11-30,,JP3435350008,28647201W,,,,,,,0.002042516691054278,,,,,,,,,,-0.0034613641634660282,,,,,,,,,,-0.0010694309089954003,,,,0.0032621489598133077,,-0.0009627148734905514,,0.0019460888644379816,,,,,,,,,0.002079994061532338,0.0023253266944310244,,,,0.001954477178508835,0.002089579287622349,0.00031573039508984594
3,2025-11-30,,NL0014332678,33855701W,,,0.0019800816830307846,0.0019800816830307846,0.0019800816830307846,,0.002042516691054278,,-0.003285787720391665,,,,,,0.002764870154963718,0.002547408457382302,,,-0.0030432127880137567,-0.0024643407902937486,,-0.002386519502179209,,,,,,,0.0016428938601958324,,-0.0011141000133023334,,,,,0.000987883889790958,,0.0025763562807616463,,0.0024510200292651337,0.00458018894357626,-0.0005843282286263527,,0.002079994061532338,,0.0012288311799838747,,,0.001954477178508835,,0.0005658434818598666
4,2025-11-30,1,KYG217651051,10108801W,,-0.0009466361282130473,,-0.000670767315701257,,,0.002042516691054278,-0.0006891165735775831,,,,,,,,,,,-0.0030432127880137567,-0.0024643407902937486,,,,,,,,,,,,,,,-0.0006590678857762351,,,,-0.0035150287241399202,,,0.00229009447178813,,0.002079994061532338,-0.0007927250094651219,0.0012288311799838747,,,0.001954477178508835,,8.441401767836739e-05
5,2025-11-30,1038,BMG2178K1009,21292801W,,-0.0009466361282130473,,,,,,-0.0006891165735775831,,,,,,,-0.0027818325485524523,,,-0.004445477504059311,-0.0030432127880137567,-0.0024643407902937486,,,,,0.008244340098437268,,,,,,,,-0.0009627148734905514,,,-0.00196293811867554,,,-0.0035150287241399202,,,,,,-0.0007927250094651219,,,,,-0.0021188724552058395,-0.00018661408648421103
6,2025-11-30,11,HK0011000095,01549801W,,-0.0009466361282130473,,-0.000670767315701257,0.0019800816830307846,,,,,,,,,,,0.002547408457382302,-0.0034613641634660282,,,,,,,,,0.0030029053338678792,0.0034093135745417273,,,,,,-0.0009627148734905514,,-0.0006590678857762351,0.000987883889790958,,,,,,,,,-0.0007927250094651219,,,,,,0.00012676025101410803
7,2025-11-30,1113,KYG2177B1014,31975901W,,,,,,,,,,,-0.003627509643312398,-0.003627509643312398,,,,,,,,,,,,0.009647632030086164,,,,,,,,,0.001897233077046233,,,-0.00196293811867554,,0.0025763562807616463,,0.0024510200292651337,,-0.0005843282286263527,,0.002079994061532338,-0.0007927250094651219,0.0012288311799838747,,,0.001954477178508835,-0.0021188724552058395,0.00025419361550603795
8,2025-11-30,12,HK0012000102,01569701W,,,,,,,,,-0.003285787720391665,,-0.003627509643312398,,,,0.002764870154963718,,,-0.004445477504059311,-0.0030432127880137567,-0.0024643407902937486,,,,,,,,,,,,,-0.0009627148734905514,,,,,,,,,0.00229009447178813,,,-0.0007927250094651219,0.0012288311799838747,,,,,-0.000112303838219706
9,2025-11-30,1299,HK0000069689,29573501W,,-0.0009466361282130473,-0.00199752733662577,-0.000670767315701257,-0.00199752733662577,,-0.0010352481858768258,0.0020152831351735543,,,,,,,,,,,,,,,,,,,-0.0010694309089954003,,,,-0.0011141000133023334,,,,,-0.00196293811867554,,,,,,,,-0.0007040973686553567,-0.0007927250094651219,,,,,,-0.00019181205760087302
10,2025-11-30,1308,KYG8187G1055,29553601W,,0.001858355350057581,0.0019800816830307846,0.0019800816830307846,0.0019800816830307846,,-0.0010352481858768258,0.0020152831351735543,,,,,,,,,0.003435141707682195,,,,,,,,,,,,,,,,0.001897233077046233,,0.0019460888644379816,-0.00196293811867554,,0.0025763562807616463,0.0035150287241399202,0.0024510200292651337,,-0.0005843282286263527,,0.002079994061532338,-0.0007927250094651219,0.0012288311799838747,,,0.001954477178508835,-0.0021188724552058395,0.0005563812219844389
11,2025-11-30,16,HK0016000132,01942101W,,,,,,,,,,,0.003570383507197242,0.003570383507197242,,,0.002764870154963718,,,,,,,,,0.009647632030086164,,,,,,,,,0.001897233077046233,,,,,0.0025763562807616463,,0.0024510200292651337,0.00458018894357626,0.00229009447178813,,0.002079994061532338,-0.0007927250094651219,0.0012288311799838747,,,0.001954477178508835,-0.0021188724552058395,0.0005808652696714926
12,2025-11-30,1605,JP3294460005,27119601W,,0.001858355350057581,0.0019800816830307846,0.0019800816830307846,0.0019800816830307846,,-0.0010352481858768258,0.0020152831351735543,,,,,,,0.002764870154963718,-0.002561800595559603,,,,-0.0024643407902937486,,,,,,-0.003022924702760332,,-0.003716710700115162,0.0016428938601958324,,,,,,0.0019460888644379816,0.000987883889790958,,,,,,-0.0005843282286263527,,-0.0007040973686553567,0.0023253266944310244,-0.0024510200292651337,,,0.001954477178508835,,0.00024189577087310426
13,2025-11-30,1801,JP3443600006,10094901W,,0.001858355350057581,0.0019800816830307846,0.0019800816830307846,0.0019800816830307846,,-0.0010352481858768258,0.0020152831351735543,,,,,,,,,,,0.003022924702760332,,,0.002386519502179209,,,,,,,,,,,0.001897233077046233,,0.0019460888644379816,0.000987883889790958,,-0.002591078316651713,0.0035150287241399202,,,-0.0005843282286263527,,-0.0007040973686553567,0.0023253266944310244,0.0012288311799838747,,,-0.000987883889790958,,0.0004235741615290583
14,2025-11-30,1802,JP3190000004,10091901W,,0.001858355350057581,,,,,-0.0010352481858768258,0.0020152831351735543,,,,,,,,,,,,,,,,,,,,,,,,,0.001897233077046233,,0.0019460888644379816,0.000987883889790958,,,0.0035150287241399202,,,-0.0005843282286263527,,,0.0023253266944310244,0.0012288311799838747,,,-0.000987883889790958,,0.00023960653606915942
15,2025-11-30,1812,JP3210200006,01870901W,,0.001858355350057581,0.0019800816830307846,0.0019800816830307846,0.0019800816830307846,,,0.0020152831351735543,,,,,,,,,,,,,,,,,,,,,,,,,0.001897233077046233,,,,,-0.002591078316651713,,-0.002437842502226074,,-0.0005843282286263527,,-0.0007040973686553567,0.0023253266944310244,-0.0024510200292651337,,,-0.000987883889790958,,0.00016891614493477883
16,2025-11-30,1878,JP3486800000,20154301W,,,,,,,,,0.0016428938601958324,,-0.003627509643312398,-0.003627509643312398,,,,,,0.004402317528291745,0.003022924702760332,0.0024510200292651337,,,,0.009647632030086164,,,,-0.003716710700115162,,,,,0.001897233077046233,,,,,-0.002591078316651713,,,-0.0023494233441142473,-0.0005843282286263527,,-0.0007040973686553567,0.0023253266944310244,,,,0.001954477178508835,,0.00015707444098659408
17,2025-11-30,19,HK0019000162,10056201W,,-0.0009466361282130473,-0.00199752733662577,-0.000670767315701257,-0.00199752733662577,,0.002042516691054278,-0.0006891165735775831,,,,,,,,,-0.0034613641634660282,,-0.0030432127880137567,-0.0024643407902937486,,-0.002386519502179209,,,,,,,,,,,0.001897233077046233,,-0.0006590678857762351,-0.00196293811867554,,,,0.0024510200292651337,,-0.0005843282286263527,,0.002079994061532338,-0.0007927250094651219,0.0012288311799838747,,,-0.000987883889790958,-0.0021188724552058395,-0.00028477696437786667
18,2025-11-30,1925,JP3505000004,01783001W,,,,,,,,,0.0016428938601958324,,0.003570383507197242,0.003570383507197242,,,-0.0027818325485524523,,,0.004402317528291745,0.003022924702760332,0.0024510200292651337,,,,0.009647632030086164,,,,,,,,,0.001897233077046233,,,,,0.0025763562807616463,,0.0024510200292651337,,0.00229009447178813,,0.002079994061532338,0.0023253266944310244,0.0012288311799838747,,,-0.000987883889790958,,0.0005705716599044503
19,2025-11-30,1928,JP3420600003,10092601W,,-0.0009466361282130473,,0.0019800816830307846,,,,0.0020152831351735543,-0.003285787720391665,-0.005598008708815429,,,-0.0014486859597892961,,-0.0027818325485524523,-0.002561800595559603,,,,,-0.002477807133410108,-0.002386519502179209,,,,-0.003022924702760332,-0.0010694309089954003,-0.003716710700115162,0.0016428938601958324,,-0.0011141000133023334,,0.001897233077046233,,,,,,,,,-0.0005843282286263527,-0.0028518157573210676,0.002079994061532338,,0.0012288311799838747,,,-0.000987883889790958,,-0.0002651267939038098
20,2025-11-30,1928,KYG7800X1079,29342501W,,,,-0.000670767315701257,,,,0.0020152831351735543,0.0016428938601958324,0.005529740309927436,,,-0.0014486859597892961,,0.002764870154963718,0.002547408457382302,,,,0.0024510200292651337,,,,,,0.0030029053338678792,0.0034093135745417273,,0.0016428938601958324,,0.0032621489598133077,,-0.0009627148734905514,,-0.0006590678857762351,,,-0.002591078316651713,,-0.002437842502226074,-0.0023494233441142473,0.00229009447178813,,-0.0007040973686553567,,-0.0024510200292651337,,,,0.002089579287622349,0.0002467722544565285
21,2025-11-30,1997,KYG9593A1040,32596601W,,,,,,,,,-0.003285787720391665,,,,,,,,,-0.004445477504059311,-0.0030432127880137567,-0.0024643407902937486,,,,,,,,0.003716710700115162,,,,,-0.0009627148734905514,,,,,,,,,-0.0005843282286263527,,,-0.0007927250094651219,0.0012288311799838747,,,0.001954477178508835,-0.0021188724552058395,3.093758481192827e-05
22,2025-11-30,1CNHI,NL0010545661,29578601W,,,,,,,,,,,,,,,,,-0.0034613641634660282,,,,,-0.002386519502179209,,,,,,,,,,,-0.0009627148734905514,,-0.0006590678857762351,-0.00196293811867554,,0.0025763562807616463,-0.0035150287241399202,0.0024510200292651337,,0.00229009447178813,,0.002079994061532338,-0.0007927250094651219,0.0012288311799838747,,,0.001954477178508835,0.002089579287622349,0.00020135526675128
23,2025-11-30,2,HK0002007356,10066501W,,-0.0009466361282130473,,,,,-0.0010352481858768258,-0.0006891165735775831,,,,,,,,,,,,,,,,-0.009647632030086164,,,,,,,,,,,,0.000987883889790958,,,-0.0035150287241399202,,,,,,-0.0007927250094651219,,,,,-0.0021188724552058395,-0.00039710979203441807
24,2025-11-30,2388,HK2388011192,03164801W,,,,,,,-0.0010352481858768258,,,,,,,,,0.002547408457382302,,,,,,,,,,0.0030029053338678792,0.0034093135745417273,,,,,,-0.0009627148734905514,,,0.000987883889790958,,,,,,,,,-0.0007927250094651219,,,,,,0.00011362036227381452
25,2025-11-30,2413,JP3435750009,27093901W,,,,-0.000670767315701257,,,,-0.0006891165735775831,,,-0.003627509643312398,-0.003627509643312398,-0.0014486859597892961,,,,,,,,,,,,,,-0.0010694309089954003,,,,-0.0011141000133023334,,,,-0.0006590678857762351,-0.00196293811867554,,,,-0.002437842502226074,,-0.0005843282286263527,,-0.0007040973686553567,,-0.0024510200292651337,,,-0.000987883889790958,,-0.00045488790849750033
26,2025-11-30,2502,JP3116000005,10295001W,,-0.0009466361282130473,,-0.000670767315701257,,,0.002042516691054278,,,,0.003570383507197242,0.003570383507197242,,,0.002764870154963718,0.002547408457382302,,,-0.0030432127880137567,-0.0024643407902937486,,,,,,-0.003022924702760332,,,0.0016428938601958324,,,,,,0.0019460888644379816,0.000987883889790958,,,,,,-0.0005843282286263527,,0.002079994061532338,0.0023253266944310244,0.0012288311799838747,,,0.001954477178508835,,0.0003309060703251718
27,2025-11-30,2503,JP3258000003,01872901W,,0.001858355350057581,,0.0019800816830307846,,,0.002042516691054278,,,,-0.003627509643312398,-0.003627509643312398,,,-0.0027818325485524523,,,,,,,,,,,-0.003022924702760332,,0.003716710700115162,-0.006386460639634503,,-0.0011141000133023334,,0.001897233077046233,,-0.0006590678857762351,,,,,,-0.0023494233441142473,-0.0005843282286263527,-0.0028518157573210676,0.002079994061532338,0.0023253266944310244,,,,-0.000987883889790958,,-0.0001743005323865412
28,2025-11-30,2587,JP3336560002,31564801W,,-0.0009466361282130473,,-0.000670767315701257,,,-0.0010352481858768258,,,,0.003570383507197242,0.003570383507197242,,,,-0.002561800595559603,,,,,,,,,,,,,-0.006386460639634503,,,,,,,0.000987883889790958,,0.0025763562807616463,,,,-0.0005843282286263527,,0.002079994061532338,0.0023253266944310244,,,,,-0.0021188724552058395,-0.00022126995514631386
29,2025-11-30,27,HK0027032686,10711401W,,0.001858355350057581,0.0019800816830307846,0.0019800816830307846,,,,-0.0006891165735775831,,0.005529740309927436,-0.003627509643312398,-0.003627509643312398,,,,0.002547408457382302,,,,-0.0024643407902937486,,,,,,,0.0034093135745417273,,0.0016428938601958324,,0.0032621489598133077,,,,,,,,,,,0.00229009447178813,,-0.0007040973686553567,,,,,,-0.0021188724552058395,0.0002097343127948182
30,2025-11-30,2801,JP3240400006,10193201W,,,,,,,,,,,-0.003627509643312398,-0.003627509643312398,,,,-0.002561800595559603,,,,,,,,,,,,-0.003716710700115162,0.0016428938601958324,,,,,,,,,,,-0.002437842502226074,-0.0023494233441142473,-0.0005843282286263527,,-0.0007040973686553567,,-0.0024510200292651337,,,-0.000987883889790958,-0.0021188724552058395,-0.00044669293616665564
31,2025-11-30,2802,JP3119600009,10025301W,,,0.0019800816830307846,0.0019800816830307846,,,,,,,0.003570383507197242,0.003570383507197242,,,,-0.002561800595559603,,,,,,0.002386519502179209,,,,,,0.003716710700115162,0.0016428938601958324,,-0.0011141000133023334,,,,-0.0006590678857762351,0.000987883889790958,,0.0025763562807616463,,,,-0.0005843282286263527,,,-0.0007927250094651219,,,,,,0.00042125667104977587
32,2025-11-30,288,KYG960071028,31747801W,,0.001858355350057581,0.0019800816830307846,0.0019800816830307846,,,,,0.0016428938601958324,,0.003570383507197242,0.003570383507197242,,,,-0.002561800595559603,,,,,,0.002386519502179209,,,,-0.003022924702760332,,,-0.006386460639634503,,0.0032621489598133077,,0.001897233077046233,,0.0019460888644379816,,,,,,,0.00229009447178813,,0.002079994061532338,-0.0007927250094651219,,,,0.001954477178508835,-0.0021188724552058395,0.00010861154521127991
33,2025-11-30,2914,JP3726800000,22352801W,,0.001858355350057581,0.0019800816830307846,0.0019800816830307846,0.0019800816830307846,,0.002042516691054278,,,,-0.003627509643312398,-0.003627509643312398,,,,-0.002561800595559603,,,-0.0030432127880137567,-0.0024643407902937486,,,,,,-0.003022924702760332,,0.003716710700115162,0.0016428938601958324,,-0.0011141000133023334,,,,-0.0006590678857762351,,,,,,0.00458018894357626,-0.0005843282286263527,,,-0.0007927250094651219,,,,,,0.0003158241926571076
34,2025-11-30,3,HK0003000038,01852602W,,-0.0009466361282130473,,,,,-0.0010352481858768258,-0.0006891165735775831,,,,,,,,,,,,,,,,-0.009647632030086164,,,,,,,,,-0.0009627148734905514,,,,,,,,,,,,-0.0007927250094651219,,,,,,-0.00029664055691955727
35,2025-11-30,3003,JP3360800001,20801901W,,,,,,,,,0.0016428938601958324,,0.003570383507197242,0.003570383507197242,,,-0.0027818325485524523,,,,0.003022924702760332,0.0024510200292651337,,,,,,,,,,,,,0.001897233077046233,,,,,0.0025763562807616463,,-0.002437842502226074,,-0.0005843282286263527,,0.002079994061532338,0.0023253266944310244,-0.0024510200292651337,,,-0.000987883889790958,0.002089579287622349,0.0002006663063015697
36,2025-11-30,3038,JP3291200008,27811401W,,,0.0019800816830307846,0.0019800816830307846,0.0019800816830307846,,0.002042516691054278,,0.0016428938601958324,,-0.003627509643312398,-0.003627509643312398,,,,,,,0.003022924702760332,,,,,,,,,,0.0016428938601958324,,-0.0011141000133023334,,,,-0.0006590678857762351,,,,,,,-0.0005843282286263527,0.002833991908837811,-0.0007040973686553567,,,,,,-0.0021188724552058395,0.00022677692852699985
37,2025-11-30,3064,JP3922950005,28172601W,,-0.0009466361282130473,,-0.000670767315701257,,,,-0.0006891165735775831,,,,,,,,,0.003435141707682195,,0.003022924702760332,,,,,,,,,,,,,,,,-0.0006590678857762351,,,-0.002591078316651713,,,,-0.0005843282286263527,,-0.0007040973686553567,,,,,-0.000987883889790958,-0.0021188724552058395,-0.00021028504382920556
38,2025-11-30,3088,JP3869010003,22119201W,,,,,,,,,,,-0.003627509643312398,-0.003627509643312398,,,,,,,,,,,,,,,,,0.0016428938601958324,,0.0032621489598133077,,,,,0.000987883889790958,,0.0025763562807616463,,0.0024510200292651337,0.00458018894357626,0.00229009447178813,0.002833991908837811,0.002079994061532338,0.0023253266944310244,0.0012288311799838747,,,0.001954477178508835,-0.0021188724552058395,0.00043875114293718187
39,2025-11-30,3092,JP3399310006,28762201W,,,,-0.000670767315701257,,,-0.0010352481858768258,-0.0006891165735775831,0.0016428938601958324,0.005529740309927436,0.003570383507197242,0.003570383507197242,0.004237744910411679,,,,,,,,0.004875685004452148,0.002386519502179209,,,,,0.0034093135745417273,,0.0016428938601958324,,-0.0011141000133023334,,-0.0009627148734905514,,-0.0006590678857762351,,,0.0025763562807616463,,0.0024510200292651337,0.00458018894357626,-0.0005843282286263527,,,,0.0012288311799838747,,,,,0.0006592082003962964
40,2025-11-30,3382,JP3422950000,27396101W,,-0.0009466361282130473,0.0019800816830307846,0.0019800816830307846,0.0019800816830307846,,0.002042516691054278,,,,0.003570383507197242,,,,,0.002547408457382302,,,,,,,,,,-0.003022924702760332,,0.003716710700115162,0.0016428938601958324,,,,0.001897233077046233,,-0.0006590678857762351,,,0.0025763562807616463,,,0.00458018894357626,-0.0005843282286263527,,0.002079994061532338,0.0023253266944310244,0.0012288311799838747,,,,,0.0006467194878160787
41,2025-11-30,3391,JP3536150000,27436701W,,-0.0009466361282130473,-0.00199752733662577,-0.000670767315701257,-0.00199752733662577,,,,0.0016428938601958324,,0.003570383507197242,0.003570383507197242,,,,,,,0.003022924702760332,,,,,,,-0.003022924702760332,,,-0.006386460639634503,,0.0032621489598133077,,,,-0.0006590678857762351,-0.00196293811867554,,0.0025763562807616463,,0.0024510200292651337,,0.00229009447178813,0.002833991908837811,0.002079994061532338,0.0023253266944310244,0.0012288311799838747,,,0.001954477178508835,-0.0021188724552058395,-5.2634742073499015e-05
42,2025-11-30,3402,JP3621000003,10072401W,,-0.0009466361282130473,,-0.000670767315701257,,,,-0.0006891165735775831,,-0.005598008708815429,0.003570383507197242,0.003570383507197242,-0.0014486859597892961,,,-0.002561800595559603,,,,,-0.002477807133410108,,,,,,-0.0010694309089954003,,0.0016428938601958324,,,,0.001897233077046233,,0.0019460888644379816,0.000987883889790958,,,0.0035150287241399202,,0.00458018894357626,-0.0005843282286263527,,0.002079994061532338,0.0023253266944310244,0.0012288311799838747,,,,,0.00019289262333621902
43,2025-11-30,3407,JP3111200006,10025801W,,,,,,,,0.0020152831351735543,,,-0.003627509643312398,-0.003627509643312398,-0.0014486859597892961,,,-0.002561800595559603,0.003435141707682195,,,,-0.002477807133410108,,,,,,-0.0010694309089954003,,0.0016428938601958324,,,,0.001897233077046233,,0.0019460888644379816,0.000987883889790958,,,0.0035150287241399202,,,-0.0005843282286263527,,,0.0023253266944310244,-0.0024510200292651337,,,,,6.944524742119862e-05
44,2025-11-30,3626,JP3104890003,20918301W,,,,,,,-0.0010352481858768258,0.0020152831351735543,,,-0.003627509643312398,-0.003627509643312398,-0.0014486859597892961,,,,,0.004402317528291745,0.003022924702760332,,-0.002477807133410108,,,,,,,,,,-0.0011141000133023334,,,,-0.0006590678857762351,,,,,-0.002437842502226074,-0.0023494233441142473,-0.0005843282286263527,,-0.0007040973686553567,,-0.0024510200292651337,,,,,-0.00022726495956504228
45,2025-11-30,3659,JP3758190007,31130501W,,0.001858355350057581,,,,,-0.0010352481858768258,0.0020152831351735543,-0.003285787720391665,,-0.003627509643312398,-0.003627509643312398,0.004237744910411679,,,-0.002561800595559603,,,,,,,0.008244340098437268,0.009647632030086164,0.008244340098437268,,,-0.003716710700115162,,,-0.0011141000133023334,,,,,0.000987883889790958,,-0.002591078316651713,,,,-0.0005843282286263527,,,,,,,,,0.0004783731012153189
46,2025-11-30,388,HK0388045442,24063701W,,,0.0019800816830307846,,0.0019800816830307846,,-0.0010352481858768258,-0.0006891165735775831,,,,,,,,,0.003435141707682195,,,,,,,,,0.0030029053338678792,-0.0010694309089954003,,,,-0.0011141000133023334,,-0.0009627148734905514,,-0.0006590678857762351,,,,,,,,,-0.0007040973686553567,-0.0007927250094651219,,,,-0.000987883889790958,,-4.786283770213506e-06
47,2025-11-30,4,HK0004000045,01662101W,,,,,,,,,-0.003285787720391665,,,,,,0.002764870154963718,,,-0.004445477504059311,-0.0030432127880137567,,,,,,,,,0.003716710700115162,,,,,-0.0009627148734905514,,,-0.00196293811867554,,0.0025763562807616463,,0.0024510200292651337,0.00458018894357626,-0.0005843282286263527,,0.002079994061532338,-0.0007927250094651219,0.0012288311799838747,,,0.001954477178508835,-0.0021188724552058395,0.0002460621253711646
48,2025-11-30,4063,JP3371200001,10069701W,,-0.0009466361282130473,-0.00199752733662577,-0.000670767315701257,-0.00199752733662577,,-0.0010352481858768258,-0.0006891165735775831,0.0016428938601958324,0.005529740309927436,-0.003627509643312398,-0.003627509643312398,0.004237744910411679,,,-0.002561800595559603,,,,,,,0.008244340098437268,,0.008244340098437268,-0.003022924702760332,-0.0010694309089954003,,0.0016428938601958324,,,,,,-0.0006590678857762351,,,,,,,-0.0005843282286263527,,,,0.0012288311799838747,,,,,0.00019885851846341838
49,2025-11-30,4091,JP3711600001,10104401W,,-0.0009466361282130473,,-0.000670767315701257,,,,-0.0006891165735775831,,,,,-0.0014486859597892961,,,,,,,,-0.002477807133410108,,,,,-0.003022924702760332,-0.0010694309089954003,,0.0016428938601958324,,,,,,-0.0006590678857762351,0.000987883889790958,,,,,,-0.0005843282286263527,,,0.0023253266944310244,,,,,,-0.000159400978669621
50,2025-11-30,4151,JP3256000005,10051601W,,,,-0.000670767315701257,,,,-0.0006891165735775831,-0.003285787720391665,,-0.003627509643312398,-0.003627509643312398,-0.0014486859597892961,,-0.0027818325485524523,,,,,-0.0024643407902937486,-0.002477807133410108,,,,,,-0.0010694309089954003,,,,-0.0011141000133023334,,0.001897233077046233,,-0.0006590678857762351,0.000987883889790958,,,,-0.002437842502226074,,-0.0005843282286263527,-0.0028518157573210676,-0.0007040973686553567,0.0023253266944310244,-0.0024510200292651337,,,-0.000987883889790958,-0.0021188724552058395,-0.0005578716616842437
51,2025-11-30,4188,JP3897700005,01904502W,,,-0.00199752733662577,-0.000670767315701257,-0.00199752733662577,,0.002042516691054278,-0.0006891165735775831,,,,,-0.0014486859597892961,,,,-0.0034613641634660282,,,,-0.002477807133410108,,-0.008244340098437268,,,,-0.0010694309089954003,0.003716710700115162,0.0016428938601958324,,,,,,-0.0006590678857762351,0.000987883889790958,,,0.0035150287241399202,,,0.00229009447178813,0.002833991908837811,0.002079994061532338,0.0023253266944310244,0.0012288311799838747,,,0.001954477178508835,,0.00021914066886547924
52,2025-11-30,4204,JP3419400001,10064001W,,,-0.00199752733662577,-0.000670767315701257,,,,-0.0006891165735775831,,,,,,,,,,,,,,-0.002386519502179209,,,,,,,,,,,,,-0.0006590678857762351,,,,,,,-0.0005843282286263527,,,0.0023253266944310244,,,,,-0.0021188724552058395,-0.00017648115386471964
53,2025-11-30,4307,JP3762800005,24960401W,,,,-0.000670767315701257,,,-0.0010352481858768258,-0.0006891165735775831,,,0.003570383507197242,0.003570383507197242,,,,,,,,,-0.002477807133410108,,,,,,,,,,-0.0011141000133023334,,-0.0009627148734905514,,,0.000987883889790958,,-0.002591078316651713,,-0.002437842502226074,-0.0023494233441142473,-0.0005843282286263527,,-0.0007040973686553567,,-0.0024510200292651337,,,,,-0.0002602583158839827
54,2025-11-30,4452,JP3205800000,01871501W,,0.001858355350057581,0.0019800816830307846,,0.0019800816830307846,,,,,,-0.003627509643312398,-0.003627509643312398,,,,-0.002561800595559603,,,,,,0.002386519502179209,,,,,,,0.0016428938601958324,,-0.0011141000133023334,,,,0.0019460888644379816,,,,,,,-0.0005843282286263527,,-0.0007040973686553567,-0.0007927250094651219,,,,,-0.0021188724552058395,8.317343814170229e-05
55,2025-11-30,4502,JP3463000004,10071801W,,,-0.00199752733662577,-0.000670767315701257,-0.00199752733662577,,0.002042516691054278,-0.0006891165735775831,,,,,-0.0014486859597892961,,,,,-0.004445477504059311,-0.0030432127880137567,-0.0024643407902937486,-0.002477807133410108,-0.002386519502179209,,,,,-0.0010694309089954003,0.003716710700115162,,,0.0032621489598133077,,-0.0009627148734905514,,-0.0006590678857762351,0.000987883889790958,,,,,,-0.0005843282286263527,,0.002079994061532338,,0.0012288311799838747,,,0.001954477178508835,,-5.426242578395217e-05
56,2025-11-30,4503,JP3942400007,10066801W,,0.001858355350057581,,0.0019800816830307846,0.0019800816830307846,,0.002042516691054278,,,,0.003570383507197242,0.003570383507197242,-0.0014486859597892961,,-0.0027818325485524523,,,,,,-0.002477807133410108,,,,,,0.0034093135745417273,0.003716710700115162,,,-0.0011141000133023334,,0.001897233077046233,,,,,,,,,-0.0005843282286263527,-0.0028518157573210676,-0.0007040973686553567,0.0023253266944310244,,,,-0.000987883889790958,,0.0003651249637161087
57,2025-11-30,4507,JP3347200002,10070701W,,-0.0009466361282130473,0.0019800816830307846,0.0019800816830307846,0.0019800816830307846,,-0.0010352481858768258,-0.0006891165735775831,,,-0.003627509643312398,-0.003627509643312398,,,0.002764870154963718,-0.002561800595559603,,-0.004445477504059311,-0.0030432127880137567,-0.0024643407902937486,0.004875685004452148,,,,,-0.003022924702760332,0.0034093135745417273,,,,0.0032621489598133077,,-0.0009627148734905514,,,,,,,,,0.00229009447178813,0.002833991908837811,,,0.0012288311799838747,,,0.001954477178508835,-0.0021188724552058395,0.00014536907057134874
58,2025-11-30,4519,JP3519400000,10044101W,,,,-0.000670767315701257,,,-0.0010352481858768258,-0.0006891165735775831,0.0016428938601958324,,-0.003627509643312398,-0.003627509643312398,0.004237744910411679,,0.002764870154963718,-0.002561800595559603,,,,-0.0024643407902937486,0.004875685004452148,0.002386519502179209,,,,,-0.0010694309089954003,,,,,,-0.0009627148734905514,,-0.0006590678857762351,-0.00196293811867554,,,,,,-0.0005843282286263527,0.002833991908837811,-0.0007040973686553567,-0.0007927250094651219,,,,,-0.0021188724552058395,-3.8007920321884196e-05
59,2025-11-30,4523,JP3160400002,10041801W,,0.001858355350057581,0.0019800816830307846,0.0019800816830307846,0.0019800816830307846,,-0.0010352481858768258,,-0.003285787720391665,,-0.003627509643312398,-0.003627509643312398,-0.0014486859597892961,,-0.0027818325485524523,,,,,,-0.002477807133410108,-0.002386519502179209,,,,-0.003022924702760332,0.0034093135745417273,-0.003716710700115162,,,-0.0011141000133023334,,0.001897233077046233,,-0.0006590678857762351,,,,,-0.002437842502226074,,-0.0005843282286263527,-0.0028518157573210676,-0.0007040973686553567,-0.0007927250094651219,-0.0024510200292651337,,,-0.000987883889790958,,-0.00039984339852269996
60,2025-11-30,4543,JP3546800008,10214601W,,,,,,,,-0.0006891165735775831,,,-0.003627509643312398,-0.003627509643312398,-0.0014486859597892961,,,-0.002561800595559603,,,,,-0.002477807133410108,0.002386519502179209,,,,,-0.0010694309089954003,,,,,,,,-0.0006590678857762351,0.000987883889790958,,,,,,-0.0005843282286263527,,,,0.0012288311799838747,,,,-0.0021188724552058395,-0.0002660722076652088
61,2025-11-30,4568,JP3475350009,10033601W,,-0.0009466361282130473,,-0.000670767315701257,,,0.002042516691054278,0.0020152831351735543,-0.003285787720391665,,-0.003627509643312398,-0.003627509643312398,-0.0014486859597892961,,-0.0027818325485524523,-0.002561800595559603,,,,,-0.002477807133410108,,,,,0.0030029053338678792,0.0034093135745417273,-0.003716710700115162,,,-0.0011141000133023334,,0.001897233077046233,,,0.000987883889790958,,,,-0.002437842502226074,,-0.0005843282286263527,-0.0028518157573210676,-0.0007040973686553567,0.0023253266944310244,-0.0024510200292651337,,,-0.000987883889790958,,-0.0002138232946275137
62,2025-11-30,4578,JP3188220002,29628801W,,0.001858355350057581,,0.0019800816830307846,,,-0.0010352481858768258,0.0020152831351735543,,,-0.003627509643312398,-0.003627509643312398,,,,,,,,,-0.002477807133410108,,,,,,-0.0010694309089954003,-0.003716710700115162,,,0.0032621489598133077,,0.001897233077046233,,0.0019460888644379816,0.000987883889790958,,,,,,-0.0005843282286263527,,,0.0023253266944310244,,,,,-0.0021188724552058395,-5.8596762486897656e-05
63,2025-11-30,4612,JP3749400002,10189201W,,-0.0009466361282130473,,-0.000670767315701257,,,,-0.0006891165735775831,-0.003285787720391665,-0.005598008708815429,0.003570383507197242,0.003570383507197242,-0.0014486859597892961,,,-0.002561800595559603,,,,,-0.002477807133410108,,-0.008244340098437268,,,-0.003022924702760332,-0.0010694309089954003,-0.003716710700115162,-0.006386460639634503,,,,0.001897233077046233,,-0.0006590678857762351,0.000987883889790958,,,,,,-0.0005843282286263527,0.002833991908837811,-0.0007040973686553567,0.0023253266944310244,,,,,,-0.0006810124482911494
64,2025-11-30,4661,JP3198900007,21319301W,,,,,,,-0.0010352481858768258,,,0.005529740309927436,-0.003627509643312398,-0.003627509643312398,-0.0014486859597892961,,,0.002547408457382302,,,,-0.0024643407902937486,0.004875685004452148,,,,,,-0.0010694309089954003,,0.0016428938601958324,,-0.0011141000133023334,,-0.0009627148734905514,,-0.0006590678857762351,,,,,-0.002437842502226074,-0.0023494233441142473,-0.0005843282286263527,,-0.0007040973686553567,,,,,-0.000987883889790958,-0.0021188724552058395,-0.0003095003973084139
65,2025-11-30,4684,JP3173400007,22545601W,,-0.0009466361282130473,-0.00199752733662577,-0.000670767315701257,,,,-0.0006891165735775831,,0.005529740309927436,,,,,,,,-0.004445477504059311,-0.0030432127880137567,-0.0024643407902937486,0.004875685004452148,,,,,,,,,,-0.0011141000133023334,,-0.0009627148734905514,,-0.0006590678857762351,,,,,,,-0.0005843282286263527,,-0.0007040973686553567,,,,,-0.000987883889790958,-0.0021188724552058395,-0.0003048130719090663
66,2025-11-30,4689,JP3933800009,21450901W,,-0.0009466361282130473,,-0.000670767315701257,,,0.002042516691054278,-0.0006891165735775831,,-0.005598008708815429,0.003570383507197242,0.003570383507197242,-0.0014486859597892961,,,-0.002561800595559603,,-0.004445477504059311,,,,,,,,-0.003022924702760332,,,,,0.0032621489598133077,,,,,,,,0.0035150287241399202,,,0.00229009447178813,,,,,,,0.001954477178508835,,5.999585227591011e-05
67,2025-11-30,4704,JP3637300009,22373201W,,-0.0009466361282130473,-0.00199752733662577,-0.000670767315701257,-0.00199752733662577,,,-0.0006891165735775831,0.0016428938601958324,-0.005598008708815429,,,-0.0014486859597892961,,-0.0027818325485524523,-0.002561800595559603,0.003435141707682195,,0.003022924702760332,0.0024510200292651337,-0.002477807133410108,-0.002386519502179209,,,,,,,,,-0.0011141000133023334,,0.001897233077046233,,0.0019460888644379816,0.000987883889790958,,-0.002591078316651713,,-0.002437842502226074,-0.0023494233441142473,-0.0005843282286263527,-0.0028518157573210676,-0.0007040973686553567,,-0.0024510200292651337,,,-0.000987883889790958,0.002089579287622349,-0.0004884544096848538
68,2025-11-30,4716,JP3689500001,22665901W,,,,-0.000670767315701257,,,,-0.0006891165735775831,0.0016428938601958324,,,,0.004237744910411679,,-0.0027818325485524523,,,,0.003022924702760332,,,,,,,,,,,,-0.0011141000133023334,,-0.0009627148734905514,,-0.0006590678857762351,,,-0.002591078316651713,,-0.002437842502226074,-0.0023494233441142473,0.00229009447178813,,-0.0007040973686553567,,-0.0024510200292651337,,,-0.000987883889790958,,-6.204755247214741e-05
69,2025-11-30,4755,JP3967200001,23625901W,,-0.0009466361282130473,-0.00199752733662577,-0.000670767315701257,-0.00199752733662577,,,-0.0006891165735775831,0.0016428938601958324,-0.005598008708815429,,,-0.0014486859597892961,,0.002764870154963718,0.002547408457382302,,,,,-0.002477807133410108,,,,,-0.003022924702760332,-0.0010694309089954003,0.003716710700115162,0.0016428938601958324,,0.0032621489598133077,,0.001897233077046233,,0.0019460888644379816,,,,,,0.00458018894357626,0.00229009447178813,0.002833991908837811,0.002079994061532338,,0.0012288311799838747,,,0.001954477178508835,0.002089579287622349,0.00027720261337370127
70,2025-11-30,4768,JP3188200004,23949801W,,,,,,,,0.0020152831351735543,-0.003285787720391665,-0.005598008708815429,-0.003627509643312398,-0.003627509643312398,-0.0014486859597892961,,-0.0027818325485524523,,,0.004402317528291745,0.003022924702760332,0.0024510200292651337,-0.002477807133410108,-0.002386519502179209,,,,,,,,,-0.0011141000133023334,,0.001897233077046233,,,,,-0.002591078316651713,,-0.002437842502226074,-0.0023494233441142473,-0.0005843282286263527,-0.0028518157573210676,-0.0007040973686553567,,-0.0024510200292651337,,,-0.000987883889790958,,-0.00039102063060495314
71,2025-11-30,4901,JP3814000000,00492501W,,,,,,,,0.0020152831351735543,-0.003285787720391665,,-0.003627509643312398,-0.003627509643312398,-0.0014486859597892961,,-0.0027818325485524523,-0.002561800595559603,,,,,-0.002477807133410108,0.002386519502179209,,,,,,,,,0.0032621489598133077,,0.001897233077046233,,-0.0006590678857762351,,,,,-0.002437842502226074,,-0.0005843282286263527,-0.0028518157573210676,-0.0007040973686553567,,-0.0024510200292651337,,,-0.000987883889790958,,-0.0003024563882745828
72,2025-11-30,4911,JP3351600006,01934401W,,-0.0009466361282130473,-0.00199752733662577,-0.000670767315701257,-0.00199752733662577,,,,-0.003285787720391665,,-0.003627509643312398,-0.003627509643312398,,,-0.0027818325485524523,-0.002561800595559603,,,,,,,,,,-0.003022924702760332,,0.003716710700115162,0.0016428938601958324,,-0.0011141000133023334,,,,-0.0006590678857762351,-0.00196293811867554,,-0.002591078316651713,,,-0.0023494233441142473,-0.0005843282286263527,-0.0028518157573210676,-0.0007040973686553567,-0.0007927250094651219,-0.0024510200292651337,,,-0.000987883889790958,,-0.0004893673643505239
73,2025-11-30,5019,JP3142500002,27944901W,,,0.0019800816830307846,0.0019800816830307846,,,,-0.0006891165735775831,,,,,,,,-0.002561800595559603,,0.004402317528291745,,0.0024510200292651337,,0.002386519502179209,,,-0.008244340098437268,,,0.003716710700115162,0.0016428938601958324,,,,,,-0.0006590678857762351,0.000987883889790958,,,-0.0035150287241399202,0.0024510200292651337,,0.00229009447178813,0.002833991908837811,0.002079994061532338,0.0023253266944310244,0.0012288311799838747,,,0.001954477178508835,,0.0005281502572897585
74,2025-11-30,5020,JP3386450005,10015801W,,,0.0019800816830307846,0.0019800816830307846,0.0019800816830307846,,0.002042516691054278,0.0020152831351735543,,,,,,,,-0.002561800595559603,,0.004402317528291745,,0.0024510200292651337,,0.002386519502179209,,0.009647632030086164,,-0.003022924702760332,,,0.0016428938601958324,,,,,,-0.0006590678857762351,0.000987883889790958,,-0.002591078316651713,-0.0035150287241399202,-0.002437842502226074,,0.00229009447178813,0.002833991908837811,-0.0007040973686553567,0.0023253266944310244,-0.0024510200292651337,,,,,0.0005512974071305571
75,2025-11-30,5108,JP3830800003,10036901W,,0.001858355350057581,,0.0019800816830307846,,,0.002042516691054278,-0.0006891165735775831,,,0.003570383507197242,0.003570383507197242,-0.0014486859597892961,,,-0.002561800595559603,,,,,-0.002477807133410108,,,,,,-0.0010694309089954003,,-0.006386460639634503,,,,,,-0.0006590678857762351,,,,,,-0.0023494233441142473,-0.0005843282286263527,0.002833991908837811,-0.0007040973686553567,,-0.0024510200292651337,,,,-0.0021188724552058395,-0.00033580357965591644
76,2025-11-30,5201,JP3112000009,10025901W,,-0.0009466361282130473,-0.00199752733662577,-0.000670767315701257,-0.00199752733662577,,,-0.0006891165735775831,,,,,,,,,-0.0034613641634660282,,,,,,,,,,,,,,,,,,-0.0006590678857762351,0.000987883889790958,,,-0.0035150287241399202,,,-0.0005843282286263527,,0.002079994061532338,0.0023253266944310244,0.0012288311799838747,,,-0.000987883889790958,,-0.00020770857536464416
77,2025-11-30,5401,JP3381000003,10015501W,,-0.0009466361282130473,-0.00199752733662577,-0.000670767315701257,-0.00199752733662577,,,0.0020152831351735543,,,0.003570383507197242,0.003570383507197242,-0.0014486859597892961,,,-0.002561800595559603,-0.0034613641634660282,,,,-0.002477807133410108,,,,,,-0.0010694309089954003,,0.0016428938601958324,,,,-0.0009627148734905514,,-0.0006590678857762351,0.000987883889790958,,,,,-0.0023494233441142473,0.00229009447178813,0.002833991908837811,-0.0007040973686553567,0.0023253266944310244,-0.0024510200292651337,,,,,-6.119553242335685e-05
78,2025-11-30,5411,JP3386030005,25373801W,,-0.0009466361282130473,,-0.000670767315701257,,,0.002042516691054278,-0.0006891165735775831,,-0.005598008708815429,,,-0.0014486859597892961,,,,,,,,-0.002477807133410108,,,,-0.008244340098437268,,-0.0010694309089954003,,0.0016428938601958324,,,,-0.0009627148734905514,,-0.0006590678857762351,0.000987883889790958,,,-0.0035150287241399202,,-0.0023494233441142473,0.00229009447178813,,-0.0007040973686553567,-0.0007927250094651219,-0.0024510200292651337,,,-0.000987883889790958,,-0.0004922655333988647
79,2025-11-30,5713,JP3402600005,10014501W,,,,,,,0.002042516691054278,-0.0006891165735775831,-0.003285787720391665,-0.005598008708815429,-0.003627509643312398,-0.003627509643312398,-0.0014486859597892961,,,-0.002561800595559603,,,,,-0.002477807133410108,,,,,-0.003022924702760332,-0.0010694309089954003,0.003716710700115162,0.0016428938601958324,,,,0.001897233077046233,,-0.0006590678857762351,,,-0.002591078316651713,-0.0035150287241399202,,-0.0023494233441142473,-0.0005843282286263527,,-0.0007040973686553567,0.0023253266944310244,-0.0024510200292651337,,,-0.000987883889790958,,-0.0003364238939843398
80,2025-11-30,5802,JP3407400005,01941301W,,0.001858355350057581,0.0019800816830307846,0.0019800816830307846,0.0019800816830307846,,,0.0020152831351735543,,,,,-0.0014486859597892961,,,-0.002561800595559603,,,,,-0.002477807133410108,,,,,,-0.0010694309089954003,,0.0016428938601958324,,,,,,,,,,0.0035150287241399202,,-0.0023494233441142473,0.00229009447178813,,-0.0007040973686553567,,,,,,,0.0002914752816064506
81,2025-11-30,5803,JP3811000003,10271701W,,0.001858355350057581,0.0019800816830307846,0.0019800816830307846,0.0019800816830307846,,,0.0020152831351735543,,,,,,,,,,,0.003022924702760332,,,0.002386519502179209,,,,,,,,,,,,,,0.000987883889790958,,,0.0035150287241399202,,,-0.0005843282286263527,,-0.0007040973686553567,-0.0007927250094651219,,,,-0.000987883889790958,,0.00035515857037747843
82,2025-11-30,6,HK0006000050,01659001W,,-0.0009466361282130473,,,,,,-0.0006891165735775831,,,,,,,-0.0027818325485524523,,-0.0034613641634660282,-0.004445477504059311,-0.0030432127880137567,-0.0024643407902937486,,,-0.008244340098437268,-0.009647632030086164,,,,,,,,,-0.0009627148734905514,,,-0.00196293811867554,,,-0.0035150287241399202,,,,,,-0.0007927250094651219,,,,,-0.0021188724552058395,-0.0006693283282966979
83,2025-11-30,6098,JP3970300004,31851001W,,,,,,,,-0.0006891165735775831,,,,,,,,,0.003435141707682195,,0.003022924702760332,,,,,,,,,,,,,,,,,0.000987883889790958,,,0.0035150287241399202,0.0024510200292651337,,-0.0005843282286263527,,,-0.0007927250094651219,0.0012288311799838747,,,0.001954477178508835,-0.0021188724552058395,0.00018224790416664994
84,2025-11-30,6146,JP3548600000,20149101W,,,-0.00199752733662577,-0.000670767315701257,-0.00199752733662577,,,,,,,,0.004237744910411679,,-0.0027818325485524523,-0.002561800595559603,,,,,0.004875685004452148,0.002386519502179209,,,,,,,,,-0.0011141000133023334,,,,,,,,,-0.002437842502226074,-0.0023494233441142473,-0.0005843282286263527,,-0.0007040973686553567,,-0.0024510200292651337,,,-0.000987883889790958,-0.0021188724552058395,-0.00016505053627110378
85,2025-11-30,6178,JP3752900005,32061101W,,,,-0.000670767315701257,,,,0.0020152831351735543,,,,,,,,,,,,,,,,,,-0.003022924702760332,0.0034093135745417273,,,,0.0032621489598133077,,0.001897233077046233,,0.0019460888644379816,,,,,,,,0.002833991908837811,0.002079994061532338,0.0023253266944310244,,,,-0.000987883889790958,0.002089579287622349,0.0003266052531698338
86,2025-11-30,6201,JP3634600005,10175901W,,-0.0009466361282130473,-0.00199752733662577,-0.000670767315701257,,,-0.0010352481858768258,-0.0006891165735775831,,,,,,,,,-0.0034613641634660282,,-0.0030432127880137567,-0.0024643407902937486,,,,,,,,,,,,,0.001897233077046233,,,0.000987883889790958,,-0.002591078316651713,,-0.002437842502226074,,-0.0005843282286263527,,-0.0007040973686553567,0.0023253266944310244,-0.0024510200292651337,,,-0.000987883889790958,-0.0021188724552058395,-0.0004620482843274231
87,2025-11-30,6273,JP3162600005,20812401W,,-0.0009466361282130473,-0.00199752733662577,-0.000670767315701257,-0.00199752733662577,,-0.0010352481858768258,-0.0006891165735775831,,,,,,,,,,,-0.0030432127880137567,-0.0024643407902937486,,0.002386519502179209,,,,,,,,,,,-0.0009627148734905514,,-0.0006590678857762351,,,0.0025763562807616463,-0.0035150287241399202,0.0024510200292651337,,-0.0005843282286263527,,0.002079994061532338,-0.0007927250094651219,0.0012288311799838747,,,-0.000987883889790958,-0.0021188724552058395,-0.0003255101941923523
88,2025-11-30,6301,JP3304200003,00649401W,,-0.0009466361282130473,,-0.000670767315701257,,,-0.0010352481858768258,0.0020152831351735543,,,,,,,,,-0.0034613641634660282,,,,,0.002386519502179209,,,,,,,,,,,0.001897233077046233,,,0.000987883889790958,,,,,,-0.0005843282286263527,,,0.0023253266944310244,0.0012288311799838747,,,,-0.0021188724552058395,5.395573758043296e-05
89,2025-11-30,6326,JP3266400005,00650601W,,0.001858355350057581,-0.00199752733662577,-0.000670767315701257,-0.00199752733662577,,-0.0010352481858768258,0.0020152831351735543,,,,,,,,,-0.0034613641634660282,,,,,-0.002386519502179209,,,,,,,,,,,,,-0.0006590678857762351,-0.00196293811867554,,0.0025763562807616463,,0.0024510200292651337,,0.00229009447178813,,0.002079994061532338,0.0023253266944310244,0.0012288311799838747,,,-0.000987883889790958,,7.18531714230284e-05
90,2025-11-30,6367,JP3481800005,10113801W,,,,,,,,0.0020152831351735543,,,,,,,,,,,,,,0.002386519502179209,,,,,,,,,,,,,-0.0006590678857762351,0.000987883889790958,,,-0.0035150287241399202,,,-0.0005843282286263527,,0.002079994061532338,0.0023253266944310244,0.0012288311799838747,,,,-0.0021188724552058395,0.00012647913516812236
91,2025-11-30,6383,JP3497400006,10224501W,,0.001858355350057581,0.0019800816830307846,0.0019800816830307846,0.0019800816830307846,,,0.0020152831351735543,,,,,,,,,,,,,,,,,,,,,,,,,-0.0009627148734905514,,-0.0006590678857762351,,,,,,,-0.0005843282286263527,,,-0.0007927250094651219,,,,0.001954477178508835,-0.0021188724552058395,0.00031459115787502634
92,2025-11-30,6479,JP3906000009,01900201W,,0.001858355350057581,,,,,0.002042516691054278,,,,,,,,,,,,,,,-0.002386519502179209,,,,,,,,,,,0.001897233077046233,,-0.0006590678857762351,,,,0.0035150287241399202,,,0.00229009447178813,,0.002079994061532338,0.0023253266944310244,0.0012288311799838747,,,,,0.0003300782377243386
93,2025-11-30,6501,JP3788600009,00565001W,,,0.0019800816830307846,0.0019800816830307846,,,,-0.0006891165735775831,,,,,,,,,,,,,,-0.002386519502179209,,,,,,,,,,,-0.0009627148734905514,,-0.0006590678857762351,,,,0.0035150287241399202,,,-0.0005843282286263527,,,-0.0007927250094651219,0.0012288311799838747,,,,,8.482633652444135e-05
94,2025-11-30,6503,JP3902400005,01904301W,,0.001858355350057581,0.0019800816830307846,0.0019800816830307846,0.0019800816830307846,,,-0.0006891165735775831,,,,,,,,,,,,,,0.002386519502179209,,,,,,,,,,,,,-0.0006590678857762351,,,,0.0035150287241399202,,,-0.0005843282286263527,,-0.0007040973686553567,,,,,-0.000987883889790958,-0.0021188724552058395,0.00011361183888305637
95,2025-11-30,6504,JP3820000002,10185101W,,0.001858355350057581,0.0019800816830307846,0.0019800816830307846,0.0019800816830307846,,-0.0010352481858768258,0.0020152831351735543,,,,,,,,,,,,,,-0.002386519502179209,,,,,,,,,,,-0.0009627148734905514,,,,,0.0025763562807616463,,0.0024510200292651337,,-0.0005843282286263527,,0.002079994061532338,,0.0012288311799838747,,,,-0.0021188724552058395,0.0003129733973671937
96,2025-11-30,6586,JP3862400003,00697201W,,0.001858355350057581,0.0019800816830307846,0.0019800816830307846,0.0019800816830307846,,-0.0010352481858768258,0.0020152831351735543,,,,,,,,,,,,-0.0024643407902937486,,0.002386519502179209,,,,,,,,,,,-0.0009627148734905514,,0.0019460888644379816,,,-0.002591078316651713,0.0035150287241399202,-0.002437842502226074,,0.00229009447178813,,-0.0007040973686553567,-0.0007927250094651219,-0.0024510200292651337,,,0.001954477178508835,-0.0021188724552058395,0.0002607605736186505
97,2025-11-30,6594,JP3734800000,22182101W,,,,,,,0.002042516691054278,-0.0006891165735775831,,,,,,,,,0.003435141707682195,,,,,0.002386519502179209,,,,,,,,,,,0.001897233077046233,,0.0019460888644379816,0.000987883889790958,,-0.002591078316651713,,-0.002437842502226074,,0.00229009447178813,,-0.0007040973686553567,0.0023253266944310244,-0.0024510200292651337,,,0.001954477178508835,-0.0021188724552058395,0.0001385210556921671
98,2025-11-30,66,HK0066009694,24301101W,,-0.0009466361282130473,-0.00199752733662577,-0.000670767315701257,-0.00199752733662577,,-0.0010352481858768258,0.0020152831351735543,,,,,,,,,,,-0.0030432127880137567,-0.0024643407902937486,,,,,,,,,,,,,-0.0009627148734905514,,0.0019460888644379816,,,,0.0035150287241399202,-0.002437842502226074,,-0.0005843282286263527,,-0.0007040973686553567,-0.0007927250094651219,-0.0024510200292651337,,,-0.000987883889790958,-0.0021188724552058395,-0.00036013488390890887
99,2025-11-30,669,HK0669013440,10340901W,,-0.0009466361282130473,,-0.000670767315701257,,,,-0.0006891165735775831,,,,,,,,,,,,,,,,,,,,,,,,,,,,0.000987883889790958,,,,,,0.00229009447178813,,-0.0007040973686553567,-0.0007927250094651219,,,,0.001954477178508835,,5.592079625097752e-05
100,2025-11-30,6701,JP3733000008,00765201W,,,0.0019800816830307846,0.0019800816830307846,0.0019800816830307846,,,0.0020152831351735543,,-0.005598008708815429,-0.003627509643312398,-0.003627509643312398,-0.0014486859597892961,,,,,,0.003022924702760332,,-0.002477807133410108,0.002386519502179209,,,,,,,,,0.0032621489598133077,,-0.0009627148734905514,,-0.0006590678857762351,,,,,,,-0.0005843282286263527,0.002833991908837811,,,,,,,,0.00014266016047292753
101,2025-11-30,6702,JP3818000006,01846701W,,-0.0009466361282130473,0.0019800816830307846,0.0019800816830307846,,,,0.0020152831351735543,,-0.005598008708815429,-0.003627509643312398,-0.003627509643312398,-0.0014486859597892961,,-0.0027818325485524523,-0.002561800595559603,-0.0034613641634660282,0.004402317528291745,0.003022924702760332,0.0024510200292651337,-0.002477807133410108,0.002386519502179209,,,,,,,,,-0.0011141000133023334,,-0.0009627148734905514,,-0.0006590678857762351,,,,,,,-0.0005843282286263527,,-0.0007040973686553567,,,,,-0.000987883889790958,,-5.776794210359733e-05
102,2025-11-30,6723,JP3164720009,25766401W,,0.001858355350057581,0.0019800816830307846,0.0019800816830307846,0.0019800816830307846,,,-0.0006891165735775831,-0.003285787720391665,,-0.003627509643312398,-0.003627509643312398,-0.0014486859597892961,,,,-0.0034613641634660282,-0.004445477504059311,-0.0030432127880137567,-0.0024643407902937486,,-0.002386519502179209,,,,,,,,,,,-0.0009627148734905514,,-0.0006590678857762351,-0.00196293811867554,,-0.002591078316651713,,-0.002437842502226074,-0.0023494233441142473,-0.0005843282286263527,-0.0028518157573210676,-0.0007040973686553567,,-0.0024510200292651337,,,,,-0.0004599145109822887
103,2025-11-30,6752,JP3866800000,00711401W,,-0.0009466361282130473,,-0.000670767315701257,,,,0.0020152831351735543,,,-0.003627509643312398,-0.003627509643312398,-0.0014486859597892961,,-0.0027818325485524523,,,,,,-0.002477807133410108,0.002386519502179209,,,,,-0.0010694309089954003,,0.0016428938601958324,,0.0032621489598133077,,-0.0009627148734905514,,-0.0006590678857762351,,,,0.0035150287241399202,-0.002437842502226074,-0.0023494233441142473,-0.0005843282286263527,,-0.0007040973686553567,,-0.0024510200292651337,,,-0.000987883889790958,,-0.00024482205086023216
104,2025-11-30,6758,JP3435000009,00981801W,,,0.0019800816830307846,0.0019800816830307846,0.0019800816830307846,,-0.0010352481858768258,0.0020152831351735543,0.0016428938601958324,-0.005598008708815429,0.003570383507197242,0.003570383507197242,-0.0014486859597892961,,0.002764870154963718,,,,,,,,,,,-0.003022924702760332,-0.0010694309089954003,,0.0016428938601958324,,0.0032621489598133077,,-0.0009627148734905514,,,,,0.0025763562807616463,0.0035150287241399202,0.0024510200292651337,0.00458018894357626,0.00229009447178813,0.002833991908837811,0.002079994061532338,,0.0012288311799838747,,,0.001954477178508835,,0.0006870190219855314
105,2025-11-30,6762,JP3538800008,01027501W,,,,,,,-0.0010352481858768258,-0.0006891165735775831,,,-0.003627509643312398,-0.003627509643312398,-0.0014486859597892961,,,-0.002561800595559603,-0.0034613641634660282,,,,-0.002477807133410108,,,,,,,,,,0.0032621489598133077,,,,,,,,,,-0.0023494233441142473,0.00229009447178813,,-0.0007040973686553567,,,,,,,-0.00029684535646963333
106,2025-11-30,6823,HK0000093390,30958701W,,,,-0.000670767315701257,,,-0.0010352481858768258,-0.0006891165735775831,,,,,-0.0014486859597892961,,0.002764870154963718,0.002547408457382302,,-0.004445477504059311,,,,,-0.008244340098437268,-0.009647632030086164,-0.008244340098437268,,,,,,-0.0011141000133023334,,,,-0.0006590678857762351,,,,,,,-0.0005843282286263527,,,,,,,0.001954477178508835,,-0.0005474214135697738
107,2025-11-30,6841,JP3955000009,10067101W,,,,0.0019800816830307846,,,,-0.0006891165735775831,,,-0.003627509643312398,-0.003627509643312398,-0.0014486859597892961,,,-0.002561800595559603,,,,,-0.002477807133410108,,,,,,,,,,0.0032621489598133077,,,,-0.0006590678857762351,0.000987883889790958,,,,,0.00458018894357626,0.00229009447178813,,0.002079994061532338,,0.0012288311799838747,,,0.001954477178508835,,0.00016240667832051193
108,2025-11-30,6857,JP3122400009,10024501W,,0.001858355350057581,0.0019800816830307846,0.0019800816830307846,0.0019800816830307846,,-0.0010352481858768258,-0.0006891165735775831,0.0016428938601958324,,0.003570383507197242,0.003570383507197242,0.004237744910411679,,0.002764870154963718,,0.003435141707682195,0.004402317528291745,0.003022924702760332,,,0.002386519502179209,,,,,,,,,-0.0011141000133023334,,,,,0.000987883889790958,,0.0025763562807616463,,0.0024510200292651337,-0.0023494233441142473,-0.0005843282286263527,0.002833991908837811,0.002079994061532338,,0.0012288311799838747,,,-0.000987883889790958,,0.0006874748787486722
109,2025-11-30,6861,JP3236200006,10322801W,,-0.0009466361282130473,,-0.000670767315701257,,,-0.0010352481858768258,-0.0006891165735775831,,0.005529740309927436,,,,,0.002764870154963718,-0.002561800595559603,,-0.004445477504059311,-0.0030432127880137567,-0.0024643407902937486,0.004875685004452148,,,,,,,,,,-0.0011141000133023334,,-0.0009627148734905514,,-0.0006590678857762351,,,,,,,-0.0005843282286263527,,-0.0007040973686553567,,,,,,-0.0021188724552058395,-0.00023346221084639339
110,2025-11-30,6869,JP3351100007,21271201W,,-0.0009466361282130473,-0.00199752733662577,-0.000670767315701257,-0.00199752733662577,,,-0.0006891165735775831,0.0016428938601958324,,0.003570383507197242,0.003570383507197242,-0.0014486859597892961,,,-0.002561800595559603,,0.004402317528291745,,,-0.002477807133410108,,,,,,-0.0010694309089954003,,,,0.0032621489598133077,,0.001897233077046233,,-0.0006590678857762351,,,,,,,-0.0005843282286263527,,0.002079994061532338,0.0023253266944310244,0.0012288311799838747,,,,,-6.0028110757815756e-05
111,2025-11-30,6902,JP3551500006,01911201W,,,,-0.000670767315701257,,,0.002042516691054278,-0.0006891165735775831,,,-0.003627509643312398,-0.003627509643312398,-0.0014486859597892961,,,,,,,,-0.002477807133410108,,,,,,-0.0010694309089954003,,0.0016428938601958324,,,,,,0.0019460888644379816,,,-0.002591078316651713,0.0035150287241399202,,-0.0023494233441142473,-0.0005843282286263527,,-0.0007040973686553567,,-0.0024510200292651337,,,,-0.0021188724552058395,-0.0002821062456747108
112,2025-11-30,6920,JP3979200007,20197401W,,-0.0009466361282130473,-0.00199752733662577,-0.000670767315701257,-0.00199752733662577,,-0.0010352481858768258,0.0020152831351735543,0.0016428938601958324,,-0.003627509643312398,-0.003627509643312398,0.004237744910411679,,,-0.002561800595559603,,,,,0.004875685004452148,0.002386519502179209,,,,,,,,,0.0032621489598133077,,,,0.0019460888644379816,0.000987883889790958,,0.0025763562807616463,,0.0024510200292651337,0.00458018894357626,0.00229009447178813,,0.002079994061532338,,0.0012288311799838747,,,,,0.0004375583973099036
113,2025-11-30,6954,JP3802400006,10004801W,,,0.0019800816830307846,,,,-0.0010352481858768258,0.0020152831351735543,,,,,,,,,,,-0.0030432127880137567,-0.0024643407902937486,,0.002386519502179209,,,,,,,,,,,-0.0009627148734905514,,-0.0006590678857762351,,,0.0025763562807616463,0.0035150287241399202,0.0024510200292651337,,-0.0005843282286263527,,,-0.0007927250094651219,0.0012288311799838747,,,,-0.0021188724552058395,0.00013288630874084021
114,2025-11-30,6971,JP3249600002,00651201W,,,0.0019800816830307846,0.0019800816830307846,0.0019800816830307846,,0.002042516691054278,-0.0006891165735775831,-0.003285787720391665,,,,-0.0014486859597892961,,-0.0027818325485524523,-0.002561800595559603,-0.0034613641634660282,,,-0.0024643407902937486,-0.002477807133410108,,,,,,,,,,-0.0011141000133023334,,-0.0009627148734905514,,-0.0006590678857762351,,,-0.002591078316651713,,,-0.0023494233441142473,-0.0005843282286263527,0.002833991908837811,-0.0007040973686553567,,-0.0024510200292651337,,,-0.000987883889790958,-0.0021188724552058395,-0.00024854468121832785
115,2025-11-30,6981,JP3914400001,10022601W,,0.001858355350057581,0.0019800816830307846,0.0019800816830307846,0.0019800816830307846,,,-0.0006891165735775831,,0.005529740309927436,-0.003627509643312398,-0.003627509643312398,-0.0014486859597892961,,,-0.002561800595559603,-0.0034613641634660282,,,,-0.002477807133410108,0.002386519502179209,,,,,,,,,-0.0011141000133023334,,,,,,,-0.002591078316651713,,,-0.0023494233441142473,-0.0005843282286263527,,-0.0007040973686553567,,,,,,-0.0021188724552058395,-0.00013069633226266727
116,2025-11-30,6988,JP3684000007,10068301W,,,,,,,-0.0010352481858768258,,0.0016428938601958324,,-0.003627509643312398,-0.003627509643312398,0.004237744910411679,,,,0.003435141707682195,,,,,,0.008244340098437268,,0.008244340098437268,-0.003022924702760332,-0.0010694309089954003,,0.0016428938601958324,,,,,,,0.000987883889790958,,0.0025763562807616463,,,0.00458018894357626,-0.0005843282286263527,,0.002079994061532338,,0.0012288311799838747,,,,,0.0005699595564735177
117,2025-11-30,7011,JP3900000005,10001201W,,,,-0.000670767315701257,,,-0.0010352481858768258,-0.0006891165735775831,,,,,,,,,,,,,,,,,,,,,,,,,,,-0.0006590678857762351,,,0.0025763562807616463,0.0035150287241399202,,,-0.0005843282286263527,,,-0.0007927250094651219,0.0012288311799838747,,,-0.000987883889790958,,-5.782342183509142e-05
118,2025-11-30,7012,JP3224200000,10028801W,,,,-0.000670767315701257,0.0019800816830307846,,,0.0020152831351735543,,,,,,,,,,,,,,0.002386519502179209,,,,,,,,,,,0.001897233077046233,,0.0019460888644379816,,,0.0025763562807616463,0.0035150287241399202,0.0024510200292651337,,-0.0005843282286263527,,0.002079994061532338,0.0023253266944310244,0.0012288311799838747,,,-0.000987883889790958,0.002089579287622349,0.0004794501159645628
119,2025-11-30,7013,JP3134800006,10036201W,,0.001858355350057581,0.0019800816830307846,0.0019800816830307846,,,-0.0010352481858768258,0.0020152831351735543,,,,,,,,,0.003435141707682195,,0.003022924702760332,0.0024510200292651337,,0.002386519502179209,,,,,,,,,,,0.001897233077046233,,0.0019460888644379816,0.000987883889790958,,0.0025763562807616463,-0.0035150287241399202,0.0024510200292651337,,-0.0005843282286263527,,0.002079994061532338,,0.0012288311799838747,,,,0.002089579287622349,0.0005710008264350284
120,2025-11-30,7181,JP3233250004,32061001W,,,,,,,-0.0010352481858768258,-0.0006891165735775831,,,,,,,,,0.003435141707682195,,,,,,,,,,-0.0010694309089954003,,,,0.0032621489598133077,,0.001897233077046233,,0.0019460888644379816,,,,,,,,,0.002079994061532338,0.0023253266944310244,,,,-0.000987883889790958,,2.3659012402574476e-05
121,2025-11-30,7182,JP3946750001,32060901W,,,,-0.000670767315701257,,,0.002042516691054278,,,,,,,,,0.002547408457382302,,,,,,,,,,-0.003022924702760332,0.0034093135745417273,,,,,,-0.0009627148734905514,,-0.0006590678857762351,,,,,,,,,,-0.0007927250094651219,,,,,0.002089579287622349,0.00012626099435967365
122,2025-11-30,7186,JP3305990008,01557901W,,,,-0.000670767315701257,,,0.002042516691054278,,,,,,,,,0.002547408457382302,0.003435141707682195,,,,,,,,,,0.0034093135745417273,,,,,,,,,,,,,,,,,,-0.0007927250094651219,,,,,0.002089579287622349,0.00024084933697138155
123,2025-11-30,7201,JP3672400003,01911301W,,-0.0009466361282130473,-0.00199752733662577,-0.000670767315701257,-0.00199752733662577,,,-0.0006891165735775831,-0.003285787720391665,-0.005598008708815429,0.003570383507197242,,-0.0014486859597892961,,-0.0027818325485524523,-0.002561800595559603,,,,,-0.002477807133410108,0.002386519502179209,,,,-0.003022924702760332,-0.0010694309089954003,0.003716710700115162,-0.006386460639634503,,-0.0011141000133023334,,0.001897233077046233,,-0.0006590678857762351,,,,-0.0035150287241399202,,-0.0023494233441142473,-0.0005843282286263527,-0.0028518157573210676,-0.0007040973686553567,,-0.0024510200292651337,,,-0.000987883889790958,,-0.0008412159841483151
124,2025-11-30,7202,JP3137200006,01893101W,,-0.0009466361282130473,,-0.000670767315701257,,,0.002042516691054278,-0.0006891165735775831,,-0.005598008708815429,-0.003627509643312398,-0.003627509643312398,-0.0014486859597892961,,-0.0027818325485524523,,,,,,-0.002477807133410108,,,,,,-0.0010694309089954003,,-0.006386460639634503,,,,-0.0009627148734905514,,-0.0006590678857762351,,,,-0.0035150287241399202,,-0.0023494233441142473,-0.0005843282286263527,,-0.0007040973686553567,,-0.0024510200292651337,,,-0.000987883889790958,,-0.0008038023688250335
125,2025-11-30,7203,JP3633400001,01966101W,,0.001858355350057581,0.0019800816830307846,0.0019800816830307846,0.0019800816830307846,,,0.0020152831351735543,-0.003285787720391665,-0.005598008708815429,-0.003627509643312398,-0.003627509643312398,-0.0014486859597892961,,-0.0027818325485524523,,,,,,-0.002477807133410108,,,,,,-0.0010694309089954003,-0.003716710700115162,0.0016428938601958324,,,,0.001897233077046233,,-0.0006590678857762351,,,,-0.0035150287241399202,,,-0.0005843282286263527,,0.002079994061532338,,0.0012288311799838747,,,-0.000987883889790958,,-4.86629086806317e-05
126,2025-11-30,7259,JP3102000001,10224001W,,0.001858355350057581,0.0019800816830307846,0.0019800816830307846,0.0019800816830307846,,0.002042516691054278,-0.0006891165735775831,,,-0.003627509643312398,-0.003627509643312398,-0.0014486859597892961,,,,,,,,-0.002477807133410108,,,,,,-0.0010694309089954003,0.003716710700115162,0.0016428938601958324,,0.0032621489598133077,,0.001897233077046233,,,,,-0.002591078316651713,0.0035150287241399202,-0.002437842502226074,-0.0023494233441142473,0.00229009447178813,,-0.0007040973686553567,,-0.0024510200292651337,,,,,0.00017816890282533522
127,2025-11-30,7267,JP3854600008,00569101W,,,,0.0019800816830307846,0.0019800816830307846,,0.002042516691054278,-0.0006891165735775831,-0.003285787720391665,-0.005598008708815429,-0.003627509643312398,-0.003627509643312398,-0.0014486859597892961,,-0.0027818325485524523,,,,,,-0.002477807133410108,,,,,,-0.0010694309089954003,-0.003716710700115162,0.0016428938601958324,,-0.0011141000133023334,,0.001897233077046233,,-0.0006590678857762351,,,,-0.0035150287241399202,,-0.0023494233441142473,-0.0005843282286263527,-0.0028518157573210676,-0.0007040973686553567,,-0.0024510200292651337,,,-0.000987883889790958,,-0.000469291138385901
128,2025-11-30,7269,JP3397200001,10115501W,,0.001858355350057581,,0.0019800816830307846,0.0019800816830307846,,-0.0010352481858768258,0.0020152831351735543,,,,,-0.0014486859597892961,,,,,,,,,0.002386519502179209,,,,,-0.0010694309089954003,,0.0016428938601958324,,0.0032621489598133077,,0.001897233077046233,,0.0019460888644379816,,,0.0025763562807616463,0.0035150287241399202,0.0024510200292651337,0.00458018894357626,0.00229009447178813,,0.002079994061532338,,0.0012288311799838747,,,,,0.0006261462976825134
129,2025-11-30,7270,JP3814800003,01846601W,,0.001858355350057581,0.0019800816830307846,0.0019800816830307846,0.0019800816830307846,,-0.0010352481858768258,-0.0006891165735775831,,,-0.003627509643312398,,-0.0014486859597892961,,,-0.002561800595559603,,,,,-0.002477807133410108,-0.002386519502179209,,,,-0.003022924702760332,-0.0010694309089954003,,-0.006386460639634503,,0.0032621489598133077,,,,-0.0006590678857762351,,,-0.002591078316651713,,-0.002437842502226074,-0.0023494233441142473,0.00229009447178813,0.002833991908837811,-0.0007040973686553567,,-0.0024510200292651337,,,0.001954477178508835,,-0.000383017087036161
130,2025-11-30,7272,JP3942800008,10066701W,,-0.0009466361282130473,-0.00199752733662577,-0.000670767315701257,-0.00199752733662577,,-0.0010352481858768258,-0.0006891165735775831,,-0.005598008708815429,-0.003627509643312398,-0.003627509643312398,-0.0014486859597892961,,-0.0027818325485524523,-0.002561800595559603,,,,,-0.002477807133410108,0.002386519502179209,,,,,-0.0010694309089954003,,0.0016428938601958324,,,,0.001897233077046233,,-0.0006590678857762351,,,0.0025763562807616463,-0.0035150287241399202,0.0024510200292651337,,-0.0005843282286263527,,0.002079994061532338,,0.0012288311799838747,,,-0.000987883889790958,,-0.0003566207647343429
131,2025-11-30,7309,JP3358000002,10485801W,,-0.0009466361282130473,-0.00199752733662577,-0.000670767315701257,-0.00199752733662577,,-0.0010352481858768258,0.0020152831351735543,-0.003285787720391665,0.005529740309927436,,,-0.0014486859597892961,,,-0.002561800595559603,,,,-0.0024643407902937486,,-0.002386519502179209,,,,-0.003022924702760332,-0.0010694309089954003,-0.003716710700115162,-0.006386460639634503,,-0.0011141000133023334,,-0.0009627148734905514,,0.0019460888644379816,,,-0.002591078316651713,-0.0035150287241399202,-0.002437842502226074,-0.0023494233441142473,-0.0005843282286263527,,-0.0007040973686553567,,-0.0024510200292651337,,,,-0.0021188724552058395,-0.001029371279951529
132,2025-11-30,7453,JP3976300008,20675501W,,,,-0.000670767315701257,,,,,,,0.003570383507197242,0.003570383507197242,-0.0014486859597892961,,,-0.002561800595559603,,,,,-0.002477807133410108,,,,,-0.003022924702760332,-0.0010694309089954003,,0.0016428938601958324,,-0.0011141000133023334,,,,0.0019460888644379816,,,,0.0035150287241399202,,,-0.0005843282286263527,,-0.0007040973686553567,,,,,-0.000987883889790958,-0.0021188724552058395,-0.0001543180681653803
133,2025-11-30,7532,JP3639650005,21318601W,,,,-0.000670767315701257,,,,-0.0006891165735775831,,,0.003570383507197242,0.003570383507197242,-0.0014486859597892961,,,,,,,,-0.002477807133410108,,,,,,-0.0010694309089954003,,0.0016428938601958324,,-0.0011141000133023334,,,,-0.0006590678857762351,,,,,,,-0.0005843282286263527,,-0.0007040973686553567,,0.0012288311799838747,,,,,-3.847703214712108e-05
134,2025-11-30,7550,JP3429300001,20750101W,,,0.0019800816830307846,0.0019800816830307846,0.0019800816830307846,,,-0.0006891165735775831,,,0.003570383507197242,,-0.0014486859597892961,,-0.0027818325485524523,,,,,0.0024510200292651337,-0.002477807133410108,-0.002386519502179209,,,,-0.003022924702760332,-0.0010694309089954003,,0.0016428938601958324,,-0.0011141000133023334,,0.001897233077046233,,,,,,0.0035150287241399202,-0.002437842502226074,-0.0023494233441142473,-0.0005843282286263527,,-0.0007040973686553567,,-0.0024510200292651337,,,-0.000987883889790958,,-0.00011593809576072892
135,2025-11-30,7701,JP3357200009,10189101W,,,,-0.000670767315701257,,,-0.0010352481858768258,-0.0006891165735775831,-0.003285787720391665,-0.005598008708815429,-0.003627509643312398,-0.003627509643312398,-0.0014486859597892961,,-0.0027818325485524523,-0.002561800595559603,,,,,-0.002477807133410108,,,,,,,,,,-0.0011141000133023334,,0.001897233077046233,,-0.0006590678857762351,0.000987883889790958,,,,,-0.0023494233441142473,-0.0005843282286263527,-0.0028518157573210676,0.002079994061532338,,0.0012288311799838747,,,-0.000987883889790958,-0.0021188724552058395,-0.0004956868019545462
136,2025-11-30,7733,JP3201200007,10068601W,,-0.0009466361282130473,-0.00199752733662577,-0.000670767315701257,-0.00199752733662577,,-0.0010352481858768258,0.0020152831351735543,0.0016428938601958324,,0.003570383507197242,0.003570383507197242,-0.0014486859597892961,,,,,,0.003022924702760332,,-0.002477807133410108,0.002386519502179209,,,,,-0.0010694309089954003,,,,,,0.001897233077046233,,0.0019460888644379816,0.000987883889790958,,,,0.0024510200292651337,,-0.0005843282286263527,,0.002079994061532338,0.0023253266944310244,0.0012288311799838747,,,0.001954477178508835,,0.00025650895750497414
137,2025-11-30,7735,JP3494600004,10038801W,,-0.0009466361282130473,-0.00199752733662577,-0.000670767315701257,-0.00199752733662577,,-0.0010352481858768258,0.0020152831351735543,,-0.005598008708815429,-0.003627509643312398,-0.003627509643312398,0.004237744910411679,,,,,0.004402317528291745,,,,0.002386519502179209,,,,,,,,,-0.0011141000133023334,,0.001897233077046233,,0.0019460888644379816,0.000987883889790958,,-0.002591078316651713,,-0.002437842502226074,-0.0023494233441142473,-0.0005843282286263527,-0.0028518157573210676,-0.0007040973686553567,,-0.0024510200292651337,,,,,-0.000174010971861363
138,2025-11-30,7741,JP3837800006,10043301W,,,,-0.000670767315701257,,,-0.0010352481858768258,-0.0006891165735775831,0.0016428938601958324,,-0.003627509643312398,-0.003627509643312398,0.004237744910411679,,,-0.002561800595559603,,,,,,,,,,,-0.0010694309089954003,,,,-0.0011141000133023334,,,,-0.0006590678857762351,,,,,,,-0.0005843282286263527,,-0.0007040973686553567,-0.0007927250094651219,,,,-0.000987883889790958,-0.0021188724552058395,-0.00019167769289941928
139,2025-11-30,7751,JP3242800005,00272101W,,,-0.00199752733662577,-0.000670767315701257,-0.00199752733662577,,0.002042516691054278,-0.0006891165735775831,,,-0.003627509643312398,-0.003627509643312398,-0.0014486859597892961,,,,,,,,-0.002477807133410108,,,,,,,,,,0.0032621489598133077,,0.001897233077046233,,-0.0006590678857762351,0.000987883889790958,,,,,0.00458018894357626,-0.0005843282286263527,,0.002079994061532338,,0.0012288311799838747,,,0.001954477178508835,,2.5734178061017023e-05
140,2025-11-30,7832,JP3778630008,20400902W,,,0.0019800816830307846,0.0019800816830307846,0.0019800816830307846,,-0.0010352481858768258,-0.0006891165735775831,0.0016428938601958324,,-0.003627509643312398,-0.003627509643312398,,,,,,,,,,0.002386519502179209,,,,,-0.0010694309089954003,,0.0016428938601958324,,-0.0011141000133023334,,,,,,,0.0025763562807616463,0.0035150287241399202,0.0024510200292651337,0.00458018894357626,-0.0005843282286263527,,0.002079994061532338,,0.0012288311799838747,,,,-0.0021188724552058395,0.00030917409874592843
141,2025-11-30,7911,JP3629000005,10072901W,,-0.0009466361282130473,-0.00199752733662577,-0.000670767315701257,-0.00199752733662577,,0.002042516691054278,,,,,,,,,,-0.0034613641634660282,,,,,,,,,,,,,,,,0.001897233077046233,,0.0019460888644379816,,,-0.002591078316651713,,-0.002437842502226074,,-0.0005843282286263527,,-0.0007040973686553567,0.0023253266944310244,-0.0024510200292651337,,,-0.000987883889790958,-0.0021188724552058395,-0.0003050480667022605
142,2025-11-30,7912,JP3493800001,01782701W,,,0.0019800816830307846,0.0019800816830307846,,,,-0.0006891165735775831,,,,,,,,,,,,,,,,,,,,,,,,,0.001897233077046233,,,,,0.0025763562807616463,0.0035150287241399202,0.0024510200292651337,,0.00229009447178813,,0.002079994061532338,0.0023253266944310244,0.0012288311799838747,,,0.001954477178508835,-0.0021188724552058395,0.00044548754678345965
143,2025-11-30,7936,JP3118000003,10084001W,,0.001858355350057581,0.0019800816830307846,0.0019800816830307846,0.0019800816830307846,,,-0.0006891165735775831,0.0016428938601958324,,0.003570383507197242,0.003570383507197242,,,,-0.002561800595559603,,,,,,0.002386519502179209,,,,,-0.0010694309089954003,,0.0016428938601958324,,-0.0011141000133023334,,,,,,,0.0025763562807616463,0.0035150287241399202,,,-0.0005843282286263527,0.002833991908837811,,,,,,,,0.00047469631100680796
144,2025-11-30,7974,JP3756600007,10245001W,,,0.0019800816830307846,0.0019800816830307846,0.0019800816830307846,,,-0.0006891165735775831,-0.003285787720391665,-0.005598008708815429,-0.003627509643312398,-0.003627509643312398,,,-0.0027818325485524523,-0.002561800595559603,,,,,,,0.008244340098437268,0.009647632030086164,0.008244340098437268,-0.003022924702760332,,-0.003716710700115162,,,-0.0011141000133023334,,,,-0.0006590678857762351,-0.00196293811867554,,-0.002591078316651713,-0.0035150287241399202,,,-0.0005843282286263527,-0.0028518157573210676,,,,,,-0.000987883889790958,,-2.1170766914683298e-05
145,2025-11-30,8001,JP3143600009,10043501W,,,,-0.000670767315701257,,,,-0.0006891165735775831,,,,,,,,,,,,,,,,,,,,,,,,,0.001897233077046233,,,,,,-0.0035150287241399202,,,-0.0005843282286263527,,-0.0007040973686553567,0.0023253266944310244,,,,,,-5.753436953239122e-05
146,2025-11-30,8002,JP3877600001,10054501W,,0.001858355350057581,,,,,,-0.0006891165735775831,,,,,,,,,,,,,,0.002386519502179209,,,,,,,,,,,0.001897233077046233,,,-0.00196293811867554,,,,,,-0.0005843282286263527,,0.002079994061532338,-0.0007927250094651219,0.0012288311799838747,,,,,9.475378979157878e-05
147,2025-11-30,8015,JP3635000007,10194001W,,0.001858355350057581,,0.0019800816830307846,0.0019800816830307846,,,-0.0006891165735775831,,,,,,,,,,,0.003022924702760332,0.0024510200292651337,,,,,,,,,,,,,,,,0.000987883889790958,,,,,,0.00229009447178813,,-0.0007040973686553567,0.0023253266944310244,-0.0024510200292651337,,,,,0.0002226021005239755
148,2025-11-30,8031,JP3893600001,00747101W,,0.001858355350057581,,0.0019800816830307846,,,-0.0010352481858768258,-0.0006891165735775831,,,,,,,,,,,,,,,,,,,,,,,,,0.001897233077046233,,-0.0006590678857762351,0.000987883889790958,,,-0.0035150287241399202,,,-0.0005843282286263527,,,0.0023253266944310244,0.0012288311799838747,,,,,8.231794427966305e-05
149,2025-11-30,8035,JP3571400005,10065801W,,-0.0009466361282130473,-0.00199752733662577,-0.000670767315701257,-0.00199752733662577,,-0.0010352481858768258,0.0020152831351735543,0.0016428938601958324,,,,0.004237744910411679,,,-0.002561800595559603,,0.004402317528291745,,,,0.002386519502179209,,,,,,,,,,,0.001897233077046233,,0.0019460888644379816,,,0.0025763562807616463,,,0.00458018894357626,-0.0005843282286263527,0.002833991908837811,,,0.0012288311799838747,,,-0.000987883889790958,-0.0021188724552058395,0.00028365673892387366
150,2025-11-30,8053,JP3404600003,10184601W,,0.001858355350057581,,-0.000670767315701257,,,,,,,,,,,,,,,,,,-0.002386519502179209,,,,,,,,,,,0.001897233077046233,,0.0019460888644379816,0.000987883889790958,,,-0.0035150287241399202,,,0.00229009447178813,,-0.0007040973686553567,0.0023253266944310244,,,,,,8.258615103143264e-05
151,2025-11-30,8058,JP3898400001,10055501W,,,,-0.000670767315701257,,,-0.0010352481858768258,-0.0006891165735775831,,,,,,,,,0.003435141707682195,,,,,-0.002386519502179209,,,,,,,,,,,-0.0009627148734905514,,-0.0006590678857762351,0.000987883889790958,,,-0.0035150287241399202,,,0.00229009447178813,,0.002079994061532338,0.0023253266944310244,0.0012288311799838747,,,0.001954477178508835,,0.00012493138924718486
152,2025-11-30,8113,JP3951600000,10485401W,,-0.0009466361282130473,-0.00199752733662577,-0.000670767315701257,,,,,,,-0.003627509643312398,-0.003627509643312398,,,0.002764870154963718,-0.002561800595559603,,,,,,-0.002386519502179209,,,,0.0030029053338678792,,,-0.006386460639634503,,,,,,-0.0006590678857762351,,,-0.002591078316651713,,-0.002437842502226074,-0.0023494233441142473,-0.0005843282286263527,,-0.0007040973686553567,-0.0007927250094651219,,,,0.001954477178508835,-0.0021188724552058395,-0.0005590332881425214
153,2025-11-30,8136,JP3343200006,10136001W,,0.001858355350057581,0.0019800816830307846,0.0019800816830307846,0.0019800816830307846,,,,0.0016428938601958324,0.005529740309927436,-0.003627509643312398,-0.003627509643312398,0.004237744910411679,,0.002764870154963718,,,,,,0.004875685004452148,0.002386519502179209,,,,-0.003022924702760332,0.0034093135745417273,-0.003716710700115162,-0.006386460639634503,,-0.0011141000133023334,,,,0.0019460888644379816,,,0.0025763562807616463,0.0035150287241399202,0.0024510200292651337,0.00458018894357626,-0.0005843282286263527,0.002833991908837811,,,0.0012288311799838747,,,-0.000987883889790958,,0.00038690689143615727
154,2025-11-30,823,HK0823032773,27457801W,,,,,,,,,,,,,,,0.002764870154963718,,,-0.004445477504059311,-0.0030432127880137567,-0.0024643407902937486,,,,,,,,,,,,,,,,0.000987883889790958,,,,,,-0.0005843282286263527,,,-0.0007927250094651219,0.0012288311799838747,,,,-0.0021188724552058395,-0.00015403530983663577
155,2025-11-30,8267,JP3388200002,22239801W,,0.001858355350057581,0.0019800816830307846,,0.0019800816830307846,,-0.0010352481858768258,,,,0.003570383507197242,,,,-0.0027818325485524523,0.002547408457382302,,,0.003022924702760332,0.0024510200292651337,,,,,,,,0.003716710700115162,0.0016428938601958324,,0.0032621489598133077,,0.001897233077046233,,-0.0006590678857762351,,,,,,-0.0023494233441142473,0.00229009447178813,-0.0028518157573210676,0.002079994061532338,,0.0012288311799838747,,,-0.000987883889790958,0.002089579287622349,0.00048154527655769623
156,2025-11-30,83,HK0083000502,10344001W,,,,,,,,,-0.003285787720391665,,-0.003627509643312398,-0.003627509643312398,,,0.002764870154963718,,,-0.004445477504059311,-0.0030432127880137567,-0.0024643407902937486,,,,0.009647632030086164,,,,-0.003716710700115162,,,,,-0.0009627148734905514,,,-0.00196293811867554,,0.0025763562807616463,,0.0024510200292651337,0.00458018894357626,-0.0005843282286263527,,0.002079994061532338,-0.0007927250094651219,0.0012288311799838747,,,0.001954477178508835,-0.0021188724552058395,5.797677003490686e-05
157,2025-11-30,8306,JP3902900004,25294003W,,,,,,,,,,,,,,,,0.002547408457382302,,,,,,,,,,,0.0034093135745417273,,,,,,-0.0009627148734905514,,-0.0006590678857762351,0.000987883889790958,,,,,,,,,-0.0007927250094651219,,,,,0.002089579287622349,0.00014893618887931452
158,2025-11-30,8308,JP3500610005,25293801W,,,,,,,0.002042516691054278,0.0020152831351735543,,,,,,,,0.002547408457382302,0.003435141707682195,,,,,,,,,,0.0034093135745417273,,,,,,,,,0.000987883889790958,,,,,,,,,-0.0007927250094651219,,,,,0.002089579287622349,0.0003721255533824056
159,2025-11-30,8309,JP3892100003,25431801W,,,,-0.000670767315701257,,,,,,,,,,,,0.002547408457382302,0.003435141707682195,,,,,,,,,,0.0034093135745417273,,,,,,0.001897233077046233,,0.0019460888644379816,,,,,,,,,,,,,,,0.002089579287622349,0.0002297621780180656
160,2025-11-30,8316,JP3890350006,01013701W,,,,,,,0.002042516691054278,-0.0006891165735775831,,,,,,,,0.002547408457382302,-0.0034613641634660282,,,,,,,,,,0.0034093135745417273,,,,,,-0.0009627148734905514,,-0.0006590678857762351,,,,,,,,,,-0.0007927250094651219,,,,,,7.759450191233e-05
161,2025-11-30,8331,JP3511800009,01574801W,,,,-0.000670767315701257,,,0.002042516691054278,,,,,,,,,0.002547408457382302,,,,,,,,,,,0.0034093135745417273,,,,,,,,,,,,,,,,,,-0.0007927250094651219,,,,,0.002089579287622349,0.0002114131388575564
162,2025-11-30,8411,JP3885780001,24813602W,,0.001858355350057581,,,,,0.002042516691054278,-0.0006891165735775831,,,,,,,,0.002547408457382302,0.003435141707682195,,,,,,,,,,0.0034093135745417273,,,,,,,,,,,,,,,,,,-0.0007927250094651219,,,,,0.002089579287622349,0.00027762328787732274
163,2025-11-30,8473,JP3436120004,24221801W,,,0.0019800816830307846,0.0019800816830307846,0.0019800816830307846,,,0.0020152831351735543,,,,,,,,,0.003435141707682195,,,,,0.002386519502179209,,,,,-0.0010694309089954003,,,,0.0032621489598133077,,0.001897233077046233,,0.0019460888644379816,,,,,,,,,0.002079994061532338,0.0023253266944310244,,,,0.001954477178508835,0.002089579287622349,0.0006373216743468487
164,2025-11-30,8591,JP3200450009,01566801W,,,0.0019800816830307846,0.0019800816830307846,0.0019800816830307846,,,-0.0006891165735775831,,,,,,,,-0.002561800595559603,,,,,,0.002386519502179209,,,,0.0030029053338678792,-0.0010694309089954003,,,,,,,,-0.0006590678857762351,,,,,,,,-0.0028518157573210676,,-0.0007927250094651219,,,,-0.000987883889790958,,5.941554763020123e-05
165,2025-11-30,8593,JP3499800005,20162801W,,-0.0009466361282130473,,-0.000670767315701257,,,,-0.0006891165735775831,,,,,,,,-0.002561800595559603,,,,,,-0.002386519502179209,,,,,-0.0010694309089954003,,,,-0.0011141000133023334,,0.001897233077046233,,-0.0006590678857762351,,,,,,,,-0.0028518157573210676,-0.0007040973686553567,,,,,-0.000987883889790958,,-0.0002675802452079028
166,2025-11-30,8601,JP3502200003,01548301W,,,0.0019800816830307846,0.0019800816830307846,,,-0.0010352481858768258,0.0020152831351735543,,,,,,,,,,,,,,,,,,,-0.0010694309089954003,,,,-0.0011141000133023334,,,,,0.000987883889790958,,,,,,,0.002833991908837811,-0.0007040973686553567,0.0023253266944310244,,,,0.001954477178508835,0.002089579287622349,0.00042655744009165706
167,2025-11-30,8604,JP3762600009,01561301W,,,0.0019800816830307846,0.0019800816830307846,0.0019800816830307846,,-0.0010352481858768258,0.0020152831351735543,,,,,,,,-0.002561800595559603,0.003435141707682195,,,,,,,,,,-0.0010694309089954003,,,,,,0.001897233077046233,,0.0019460888644379816,,,,,,,,-0.0028518157573210676,-0.0007040973686553567,,,,,,,0.0001996697675310229
168,2025-11-30,8630,JP3165000005,01593301W,,-0.0009466361282130473,-0.00199752733662577,-0.000670767315701257,-0.00199752733662577,,0.002042516691054278,-0.0006891165735775831,,,,,,,,,0.003435141707682195,,,,,,,,,-0.003022924702760332,-0.0010694309089954003,,,,-0.0011141000133023334,,0.001897233077046233,,-0.0006590678857762351,,,,,,,,,,0.0023253266944310244,,,,,,-0.00012306537520148406
169,2025-11-30,8697,JP3183200009,24094801W,,0.001858355350057581,0.0019800816830307846,0.0019800816830307846,0.0019800816830307846,,-0.0010352481858768258,-0.0006891165735775831,,,,,,,,-0.002561800595559603,,,,,,,,,,,0.0034093135745417273,,,,-0.0011141000133023334,,-0.0009627148734905514,,-0.0006590678857762351,,,,,,,,,-0.0007040973686553567,-0.0007927250094651219,,,,-0.000987883889790958,0.002089579287622349,0.00019162713070131865
170,2025-11-30,8725,JP3890310000,01577902W,,,,0.0019800816830307846,,,-0.0010352481858768258,0.0020152831351735543,,,,,,,,,,,,,,,,,,,-0.0010694309089954003,,,,0.0032621489598133077,,,,0.0019460888644379816,,,,,,,,,0.002079994061532338,0.0023253266944310244,,,,,,0.00021784239146297566
171,2025-11-30,8750,JP3476480003,29430901W,,-0.0009466361282130473,-0.00199752733662577,-0.000670767315701257,-0.00199752733662577,,,0.0020152831351735543,,,,,,,,,,,,,,,,,,,-0.0010694309089954003,,,,0.0032621489598133077,,-0.0009627148734905514,,0.0019460888644379816,,,,,,,,,-0.0007040973686553567,0.0023253266944310244,,,,,0.002089579287622349,3.715868941982614e-05
172,2025-11-30,8766,JP3910660004,01565902W,,,,-0.000670767315701257,,,-0.0010352481858768258,-0.0006891165735775831,,,,,,,,,,,,,,,,,,,-0.0010694309089954003,,,,-0.0011141000133023334,,0.001897233077046233,,0.0019460888644379816,,,,,,,,,,,,,,,,-7.744105322149757e-05
173,2025-11-30,8795,JP3539220008,25081801W,,-0.0009466361282130473,,-0.000670767315701257,,,,0.0020152831351735543,,,,,,,,,,,,,,,,,,,-0.0010694309089954003,,,,-0.0011141000133023334,,,,,0.000987883889790958,,,,,,,,-0.0007040973686553567,0.0023253266944310244,,,,-0.000987883889790958,,1.206639197518234e-05
174,2025-11-30,8801,JP3893200000,10052201W,,,,,,,,,0.0016428938601958324,,,,,,,,,0.004402317528291745,0.003022924702760332,0.0024510200292651337,,,,,,,,,,,,,0.001897233077046233,,,,,0.0025763562807616463,,0.0024510200292651337,,0.00229009447178813,,0.002079994061532338,0.0023253266944310244,0.0012288311799838747,,,0.001954477178508835,0.002089579287622349,0.0005681759834972092
175,2025-11-30,8802,JP3899600005,01562501W,,,,,,,,,,,0.003570383507197242,0.003570383507197242,,,-0.0027818325485524523,,,,0.003022924702760332,0.0024510200292651337,,,,0.009647632030086164,,,,,,,,,0.001897233077046233,,,-0.00196293811867554,,,,,,-0.0005843282286263527,,,0.0023253266944310244,0.0012288311799838747,,,-0.000987883889790958,0.002089579287622349,0.00038507554971137545
176,2025-11-30,8830,JP3409000001,10260501W,,,,,,,,,,,-0.003627509643312398,-0.003627509643312398,,,,,,,,,,,,,,,,,,,,,,,,-0.00196293811867554,,,,,0.00458018894357626,0.00229009447178813,,,,0.0012288311799838747,,,-0.000987883889790958,0.002089579287622349,6.29533724902791e-05
177,2025-11-30,8951,JP3027670003,25211901W,,,,,,,,,0.0016428938601958324,,0.003570383507197242,0.003570383507197242,,,0.002764870154963718,,,,,,,,,-0.009647632030086164,,,,,,,,,,,,,,-0.002591078316651713,,-0.002437842502226074,-0.0023494233441142473,-0.0005843282286263527,,-0.0007040973686553567,-0.0007927250094651219,-0.0024510200292651337,,,0.001954477178508835,,-0.00018989688034925763
178,2025-11-30,9005,JP3574200006,10066001W,,0.001858355350057581,,-0.000670767315701257,,,-0.0010352481858768258,0.0020152831351735543,,,,,,,,,,,-0.0030432127880137567,,,-0.002386519502179209,,,,,,,,,,,,,0.0019460888644379816,0.000987883889790958,,,,,,0.00229009447178813,,,0.0023253266944310244,,,,-0.000987883889790958,,9.76427567818735e-05
179,2025-11-30,9020,JP3783600004,20172701W,,0.001858355350057581,0.0019800816830307846,0.0019800816830307846,0.0019800816830307846,,,-0.0006891165735775831,,,,,,,,,,,-0.0030432127880137567,-0.0024643407902937486,,-0.002386519502179209,,,,,,,,,,,,,,0.000987883889790958,,,,,,0.00229009447178813,,,0.0023253266944310244,,,,-0.000987883889790958,,0.000142415920720757
180,2025-11-30,9021,JP3659000008,22237601W,,,,0.0019800816830307846,,,,0.0020152831351735543,,,,,,,,,-0.0034613641634660282,,,,,,,,,,,,,,,,0.001897233077046233,,,0.000987883889790958,,-0.002591078316651713,,-0.002437842502226074,,0.00229009447178813,,-0.0007040973686553567,0.0023253266944310244,-0.0024510200292651337,,,-0.000987883889790958,,4.0116505854083e-05
181,2025-11-30,9022,JP3566800003,21290101W,,0.001858355350057581,0.0019800816830307846,0.0019800816830307846,0.0019800816830307846,,-0.0010352481858768258,0.0020152831351735543,,,,,,,,,,,-0.0030432127880137567,-0.0024643407902937486,,,,,,,,,,,,,,,0.0019460888644379816,0.000987883889790958,,,,,,0.00229009447178813,,-0.0007040973686553567,0.0023253266944310244,-0.0024510200292651337,,,-0.000987883889790958,,0.0002151112217006983
182,2025-11-30,9023,JP3583900000,36401001W,,-0.0009466361282130473,,-0.000670767315701257,,,-0.0010352481858768258,-0.0006891165735775831,,,,,,,,,,,-0.0030432127880137567,-0.0024643407902937486,,,,,,,,,,,,,,,,0.000987883889790958,,,,-0.002437842502226074,,-0.0005843282286263527,,-0.0007040973686553567,,-0.0024510200292651337,,,-0.000987883889790958,,-0.00034256987568729403
183,2025-11-30,9042,JP3774200004,10107001W,,0.001858355350057581,,,,,,-0.0006891165735775831,,,,,,,,,,,-0.0030432127880137567,,,-0.002386519502179209,,,,,,,,,,,0.001897233077046233,,-0.0006590678857762351,0.000987883889790958,,-0.002591078316651713,-0.0035150287241399202,,,-0.0005843282286263527,,-0.0007040973686553567,0.0023253266944310244,-0.0024510200292651337,,,-0.000987883889790958,,-0.00020342597344653375
184,2025-11-30,9101,JP3753000003,10015301W,,-0.0009466361282130473,-0.00199752733662577,-0.000670767315701257,-0.00199752733662577,,-0.0010352481858768258,0.0020152831351735543,,,,,,,,,,,,-0.0024643407902937486,,,,,,,,,,,,,0.001897233077046233,,0.0019460888644379816,-0.00196293811867554,,,,0.0024510200292651337,,-0.0005843282286263527,,0.002079994061532338,0.0023253266944310244,0.0012288311799838747,,,0.001954477178508835,-0.0021188724552058395,8.976749572900057e-05
185,2025-11-30,9104,JP3362700001,10057401W,,-0.0009466361282130473,-0.00199752733662577,-0.000670767315701257,,,-0.0010352481858768258,0.0020152831351735543,,,,,,,,,,,-0.0030432127880137567,-0.0024643407902937486,,,,,,,,,,,,,0.001897233077046233,,0.0019460888644379816,-0.00196293811867554,,,0.0035150287241399202,,,-0.0005843282286263527,,0.002079994061532338,0.0023253266944310244,-0.0024510200292651337,,,-0.000987883889790958,-0.0021188724552058395,-0.00013246809715069502
186,2025-11-30,9107,JP3223800008,10104201W,,-0.0009466361282130473,-0.00199752733662577,-0.000670767315701257,-0.00199752733662577,,-0.0010352481858768258,-0.0006891165735775831,,,,,,,,,,,-0.0030432127880137567,-0.0024643407902937486,,,,,,,,,,,,,0.001897233077046233,,0.0019460888644379816,,,0.0025763562807616463,0.0035150287241399202,,,-0.0005843282286263527,,0.002079994061532338,0.0023253266944310244,0.0012288311799838747,,,0.001954477178508835,-0.0021188724552058395,9.595330482822345e-07
187,2025-11-30,9143,JP3162770006,32589101W,,,,-0.000670767315701257,,,,-0.0006891165735775831,,,,,,,,,,,,,,0.002386519502179209,,,,,,,,,,,0.001897233077046233,,-0.0006590678857762351,-0.00196293811867554,,0.0025763562807616463,-0.0035150287241399202,,,0.00229009447178813,,0.002079994061532338,-0.0007927250094651219,0.0012288311799838747,,,,-0.0021188724552058395,-1.6266705348522038e-05
188,2025-11-30,9201,JP3705200008,01895701W,,0.001858355350057581,,,,,,0.0020152831351735543,,,,,,,,,,,,,,,,,,,,,,,,,0.001897233077046233,,,0.000987883889790958,,,,-0.002437842502226074,,0.00229009447178813,,,0.0023253266944310244,-0.0024510200292651337,,,,,0.00017387883734595638
189,2025-11-30,9202,JP3429800000,10024701W,,,0.0019800816830307846,0.0019800816830307846,,,,0.0020152831351735543,,,,,,,,,,,,,,-0.002386519502179209,,,,,,,,,,,0.001897233077046233,,-0.0006590678857762351,0.000987883889790958,,-0.002591078316651713,-0.0035150287241399202,-0.002437842502226074,,0.00229009447178813,,-0.0007040973686553567,0.0023253266944310244,-0.0024510200292651337,,,0.001954477178508835,,0.00019992523829190075
190,2025-11-30,9432,JP3735400008,00790801W,,-0.0009466361282130473,,-0.000670767315701257,,,,-0.0006891165735775831,,,,,-0.0014486859597892961,,-0.0027818325485524523,-0.002561800595559603,,,,,,,,,-0.008244340098437268,-0.003022924702760332,,,,,-0.0011141000133023334,,,,-0.0006590678857762351,-0.00196293811867554,,,-0.0035150287241399202,,,-0.0005843282286263527,-0.0028518157573210676,,,,,,-0.000987883889790958,,-0.0006087088722878065
191,2025-11-30,9433,JP3496400007,20158401W,,,,-0.000670767315701257,,,0.002042516691054278,-0.0006891165735775831,,-0.005598008708815429,0.003570383507197242,0.003570383507197242,-0.0014486859597892961,,,0.002547408457382302,,,,,,,-0.008244340098437268,-0.009647632030086164,-0.008244340098437268,,,,,,-0.0011141000133023334,,,,-0.0006590678857762351,-0.00196293811867554,,-0.002591078316651713,0.0035150287241399202,,,-0.0005843282286263527,,,,,,,,,-0.0004917710049924622
192,2025-11-30,9434,JP3732000009,22315002W,,,,,,,,-0.0006891165735775831,,-0.005598008708815429,,,-0.0014486859597892961,,-0.0027818325485524523,0.002547408457382302,,,,,,,-0.008244340098437268,-0.009647632030086164,,,,,,,-0.0011141000133023334,,,,-0.0006590678857762351,-0.00196293811867554,,,,,,-0.0005843282286263527,,,,,,,-0.000987883889790958,,-0.0005388753261954191
193,2025-11-30,9435,JP3783420007,21220001W,,,,,,,,-0.0006891165735775831,,,,,,,,,0.003435141707682195,,-0.0030432127880137567,-0.0024643407902937486,,,,,,,,,,,,,,,-0.0006590678857762351,-0.00196293811867554,,-0.002591078316651713,,-0.002437842502226074,,-0.0005843282286263527,,-0.0007040973686553567,-0.0007927250094651219,-0.0024510200292651337,,,-0.000987883889790958,,-0.00033344875739155786
194,2025-11-30,9502,JP3526600006,10045001W,,0.001858355350057581,,,,,-0.0010352481858768258,-0.0006891165735775831,,,,,,,0.002764870154963718,,,0.004402317528291745,,,,,,,,,,,,,,,0.001897233077046233,,,0.000987883889790958,,,-0.0035150287241399202,,,,,,0.0023253266944310244,,,,,-0.0021188724552058395,-1.0963355820516912e-05
195,2025-11-30,9503,JP3228600007,10030201W,,0.001858355350057581,,,,,-0.0010352481858768258,0.0020152831351735543,,,,,,,0.002764870154963718,,,,,,,,,,0.008244340098437268,,,,,,,,-0.0009627148734905514,,,0.000987883889790958,,,-0.0035150287241399202,,,,,,0.0023253266944310244,,,,,,0.0002805951109881516
196,2025-11-30,9531,JP3573000001,10084801W,,0.001858355350057581,,,,,,-0.0006891165735775831,,,,,,,0.002764870154963718,,,0.004402317528291745,0.003022924702760332,0.0024510200292651337,,,0.008244340098437268,0.009647632030086164,,,,,,,,,0.001897233077046233,,,0.000987883889790958,,,-0.0035150287241399202,,,,,,0.0023253266944310244,,,,,-0.0021188724552058395,0.000374735394983285
197,2025-11-30,9532,JP3180400008,10084601W,,0.001858355350057581,,,,,-0.0010352481858768258,-0.0006891165735775831,,,,,,,0.002764870154963718,,,0.004402317528291745,0.003022924702760332,,,,0.008244340098437268,0.009647632030086164,,,,,,,,,,,,0.000987883889790958,,,,,,,,,0.0023253266944310244,,,,,-0.0021188724552058395,0.00033884313856882413
198,2025-11-30,9602,JP3598600009,10274401W,,,0.0019800816830307846,0.0019800816830307846,0.0019800816830307846,,-0.0010352481858768258,-0.0006891165735775831,,,-0.003627509643312398,-0.003627509643312398,,,-0.0027818325485524523,-0.002561800595559603,,,,,,,0.008244340098437268,,,,,,,,-0.0011141000133023334,,,,-0.0006590678857762351,,,,-0.0035150287241399202,,,-0.0005843282286263527,-0.0028518157573210676,,,,,,-0.000987883889790958,,-6.80200733068437e-05
199,2025-11-30,9697,JP3218900003,20109901W,,-0.0009466361282130473,,-0.000670767315701257,,,,-0.0006891165735775831,0.0016428938601958324,,-0.003627509643312398,-0.003627509643312398,0.004237744910411679,,0.002764870154963718,-0.002561800595559603,,,,,,,0.008244340098437268,0.009647632030086164,0.008244340098437268,-0.003022924702760332,,,,,-0.0011141000133023334,,,,-0.0006590678857762351,-0.00196293811867554,,0.0025763562807616463,,,,-0.0005843282286263527,,,,,,,,,0.0004149257667181614
200,2025-11-30,9719,JP3400400002,22012701W,,,,0.0019800816830307846,0.0019800816830307846,,,-0.0006891165735775831,,-0.005598008708815429,0.003570383507197242,0.003570383507197242,-0.0014486859597892961,,,,,,,0.0024510200292651337,-0.002477807133410108,-0.002386519502179209,,,,,,,,,-0.0011141000133023334,,0.001897233077046233,,-0.0006590678857762351,-0.00196293811867554,,,,,-0.0023494233441142473,-0.0005843282286263527,,-0.0007040973686553567,,-0.0024510200292651337,,,,0.002089579287622349,-6.722922064360171e-05
201,2025-11-30,9735,JP3421800008,01974101W,,,,,,,,-0.0006891165735775831,,,,,,,,,,,,-0.0024643407902937486,,,,,,,,,,,,,,,-0.0006590678857762351,,,,,,,-0.0005843282286263527,,-0.0007040973686553567,,,,,,-0.0021188724552058395,-0.00016201297661928005
202,2025-11-30,9766,JP3300200007,20059501W,,0.001858355350057581,0.0019800816830307846,,0.0019800816830307846,,-0.0010352481858768258,-0.0006891165735775831,0.0016428938601958324,,-0.003627509643312398,-0.003627509643312398,0.004237744910411679,,,,,,,,,,0.008244340098437268,0.009647632030086164,0.008244340098437268,-0.003022924702760332,,,,,-0.0011141000133023334,,,,-0.0006590678857762351,,,,,,,-0.0005843282286263527,,,,,,,-0.000987883889790958,,0.0005211806561189236
203,2025-11-30,9843,JP3756100008,22181201W,,,,-0.000670767315701257,,,-0.0010352481858768258,-0.0006891165735775831,,,0.003570383507197242,0.003570383507197242,-0.0014486859597892961,,-0.0027818325485524523,,,,,,,,,,,,-0.0010694309089954003,,0.0016428938601958324,,,,,,-0.0006590678857762351,,,,,,-0.0023494233441142473,,,-0.0007040973686553567,,,,,-0.000987883889790958,-0.0021188724552058395,-0.00023813266131707483
204,2025-11-30,9983,JP3802300008,21294801W,,,,,,,-0.0010352481858768258,,0.0016428938601958324,0.005529740309927436,-0.003627509643312398,-0.003627509643312398,,,0.002764870154963718,,,,,,,0.002386519502179209,,,,0.0030029053338678792,-0.0010694309089954003,,0.0016428938601958324,,-0.0011141000133023334,,-0.0009627148734905514,,,,,0.0025763562807616463,0.0035150287241399202,0.0024510200292651337,0.00458018894357626,-0.0005843282286263527,,,,0.0012288311799838747,,,,,0.0003067504289588853
205,2025-11-30,9984,JP3436100006,20422201W,,,,-0.000670767315701257,-0.00199752733662577,,-0.0010352481858768258,0.0020152831351735543,-0.003285787720391665,-0.005598008708815429,,,-0.0014486859597892961,,-0.0027818325485524523,0.002547408457382302,,-0.004445477504059311,,,,,,,,,,-0.003716710700115162,,,-0.0011141000133023334,,,,0.0019460888644379816,0.000987883889790958,,-0.002591078316651713,0.0035150287241399202,,,-0.0005843282286263527,-0.0028518157573210676,,,,,,-0.000987883889790958,,-0.0003938783255252865
206,2025-11-30,9CI,SGXE62145532,35029801W,,,,,,,,,-0.003285787720391665,,,,,,-0.0027818325485524523,,,,,,,,,,,,,-0.003716710700115162,,,,,-0.0009627148734905514,,,0.000987883889790958,,-0.002591078316651713,,-0.002437842502226074,-0.0023494233441142473,-0.0005843282286263527,,-0.0007040973686553567,-0.0007927250094651219,-0.0024510200292651337,,,-0.000987883889790958,,-0.0004367435430920874
207,2025-11-30,A,US00846U1016,12655401,-0.00229009447178813,-0.0009466361282130473,,-0.000670767315701257,,,-0.0010352481858768258,-0.0006891165735775831,,,,,,,,,,,,,,,,,,,-0.0010694309089954003,,,,-0.0011141000133023334,,-0.0009627148734905514,,-0.0006590678857762351,-0.00196293811867554,,,,-0.002437842502226074,,-0.0005843282286263527,,-0.0007040973686553567,-0.0007927250094651219,-0.0024510200292651337,0.004318463861086188,,-0.000987883889790958,,-0.00026208893667090897
208,2025-11-30,A17U,SG1M77906915,25607801W,,,,,,,,,,,,,,,,,,,,,,,,-0.009647632030086164,,,,,,,,,-0.0009627148734905514,,,0.000987883889790958,,0.0025763562807616463,,-0.002437842502226074,-0.0023494233441142473,-0.0005843282286263527,,0.002079994061532338,-0.0007927250094651219,-0.0024510200292651337,,,-0.000987883889790958,,-0.0003161336756967952
209,2025-11-30,A5G,IE00BF0L3536,01550501W,,,,-0.000670767315701257,,,-0.0010352481858768258,0.0020152831351735543,,,,,,,,0.002547408457382302,-0.0034613641634660282,,,,,,,,,0.0030029053338678792,0.0034093135745417273,,,,,,,,-0.0006590678857762351,0.000987883889790958,,,,,,,,,,,,,,,0.00018369688476212726
210,2025-11-30,A6I,KYG4124C1096,03696501W,,,,,,,,,,,,,,,,,0.003435141707682195,,-0.0030432127880137567,-0.0024643407902937486,,,,,,,,,,,,,,,0.0019460888644379816,0.000987883889790958,,0.0025763562807616463,,0.0024510200292651337,,0.00229009447178813,,0.002079994061532338,-0.0007927250094651219,0.0012288311799838747,,,,-0.0021188724552058395,0.0001136765270937156
211,2025-11-30,AAL,GB00BTK05J60,01550802W,,,-0.00199752733662577,-0.000670767315701257,-0.00199752733662577,,-0.0010352481858768258,-0.0006891165735775831,0.0016428938601958324,,,,-0.0014486859597892961,,,-0.002561800595559603,-0.0034613641634660282,,,,,0.002386519502179209,,,0.008244340098437268,-0.003022924702760332,0.0034093135745417273,,0.0016428938601958324,,,,-0.0009627148734905514,,-0.0006590678857762351,-0.00196293811867554,,-0.002591078316651713,-0.0035150287241399202,,,-0.0005843282286263527,,-0.0007040973686553567,-0.0007927250094651219,,,,,,-0.00018938445119784977
212,2025-11-30,AAPL,US0378331005,00169001,,,,,,,-0.0010352481858768258,-0.0006891165735775831,0.0016428938601958324,,,,0.004237744910411679,0.003627509643312398,,,,0.004402317528291745,0.003022924702760332,0.0024510200292651337,0.004875685004452148,,,,,,,,,,-0.0011141000133023334,0.0064776957916292816,-0.0009627148734905514,0.0058888143560266205,-0.0006590678857762351,0.000987883889790958,-0.00781790871403534,-0.002591078316651713,,-0.002437842502226074,-0.0023494233441142473,-0.0005843282286263527,,-0.0007040973686553567,,,,,,0.002089579287622349,0.00025026191487091177
213,2025-11-30,ABBN,CH0012221716,21041801W,,0.001858355350057581,,,,,-0.0010352481858768258,-0.0006891165735775831,,,,,,,,,,,,,,0.002386519502179209,,,,,,,,,,,,,-0.0006590678857762351,0.000987883889790958,,,,,,-0.0005843282286263527,,-0.0007040973686553567,-0.0007927250094651219,,,,,,-2.536559378562846e-05
214,2025-11-30,ABBV,US00287Y1091,01610101,-0.00229009447178813,,-0.00199752733662577,-0.000670767315701257,-0.00199752733662577,,,-0.0006891165735775831,0.0016428938601958324,,,,-0.0014486859597892961,0.003627509643312398,,0.002547408457382302,,,,0.0024510200292651337,0.004875685004452148,-0.002386519502179209,,,,0.0030029053338678792,0.0034093135745417273,0.003716710700115162,,,-0.0011141000133023334,,-0.0009627148734905514,-0.005529740309927436,-0.0006590678857762351,,,,,,,-0.0005843282286263527,,-0.0007040973686553567,-0.0007927250094651219,,-0.002267193527070249,,-0.000987883889790958,0.002089579287622349,-0.00013160578966932732
215,2025-11-30,ABF,GB0006731235,01740401W,,-0.0009466361282130473,-0.00199752733662577,-0.000670767315701257,-0.00199752733662577,,,,0.0016428938601958324,,0.003570383507197242,0.003570383507197242,,,,,,,,,,,,,,,,,0.0016428938601958324,,,,,,,,,,,,-0.0023494233441142473,,,-0.0007040973686553567,,,,,0.001954477178508835,-0.0021188724552058395,-1.7797343979123687e-05
216,2025-11-30,ABI,BE0974293251,24163701W,,-0.0009466361282130473,-0.00199752733662577,-0.000670767315701257,-0.00199752733662577,,,,-0.003285787720391665,,,,,,0.002764870154963718,0.002547408457382302,,,-0.0030432127880137567,-0.0024643407902937486,,0.002386519502179209,,,,,,,0.0016428938601958324,,-0.0011141000133023334,,-0.0009627148734905514,,,0.000987883889790958,,,,,0.00458018894357626,-0.0005843282286263527,,0.002079994061532338,-0.0007927250094651219,0.0012288311799838747,,,0.001954477178508835,,0.00011430781089103668
217,2025-11-30,ABN,NL0011540547,32076490W,,,,-0.000670767315701257,,,-0.0010352481858768258,-0.0006891165735775831,,,,,,,,0.002547408457382302,-0.0034613641634660282,,,,,,,,,,0.0034093135745417273,,,,,,-0.0009627148734905514,,-0.0006590678857762351,,,,,,,,,,-0.0007927250094651219,,,,,,-5.5714076862769684e-05
218,2025-11-30,ABNB,US0090661010,03746001,-0.00229009447178813,-0.0009466361282130473,,-0.000670767315701257,,,,,0.0016428938601958324,,,,-0.0014486859597892961,0.003627509643312398,0.002764870154963718,0.002547408457382302,,,,,0.004875685004452148,,,,,,0.0034093135745417273,,0.0016428938601958324,,-0.0011141000133023334,,-0.0009627148734905514,-0.005529740309927436,-0.0006590678857762351,,0.0038104092891936953,,0.0035150287241399202,,,-0.0005843282286263527,,-0.0007040973686553567,,,,,0.001954477178508835,,0.00020270202398298782
219,2025-11-30,ABT,US0028241000,00107801,-0.00229009447178813,,,-0.000670767315701257,,,,-0.0006891165735775831,,,,,,,,,,,,,,,,,,,-0.0010694309089954003,-0.003716710700115162,,,-0.0011141000133023334,,-0.0009627148734905514,,0.0019460888644379816,-0.00196293811867554,,,,,,-0.0005843282286263527,,-0.0007040973686553567,-0.0007927250094651219,,-0.002267193527070249,,-0.000987883889790958,,-0.00047025060355492345
220,2025-11-30,ABX,CA06849F1080,00205501C,,0.001858355350057581,0.0019800816830307846,,0.0019800816830307846,,0.002042516691054278,-0.0006891165735775831,,0.005529740309927436,,,0.004237744910411679,,,,,,,,0.004875685004452148,,0.008244340098437268,,0.008244340098437268,,0.0034093135745417273,,0.0016428938601958324,,,0.0064776957916292816,,,,0.000987883889790958,,,0.0035150287241399202,,0.00458018894357626,-0.0005843282286263527,,,,0.0012288311799838747,,,,,0.001195785908739212
221,2025-11-30,AC,FR0000120404,10000101W,,-0.0009466361282130473,-0.00199752733662577,-0.000670767315701257,-0.00199752733662577,,,0.0020152831351735543,-0.003285787720391665,,,,-0.0014486859597892961,,,,,,,,,,,,,,-0.0010694309089954003,,0.0016428938601958324,,,,0.001897233077046233,,,,,,,,0.00458018894357626,-0.0005843282286263527,0.002833991908837811,,,0.0012288311799838747,,,-0.000987883889790958,,1.651946856189102e-05
222,2025-11-30,ACA,FR0000045072,02456302W,,0.001858355350057581,,0.0019800816830307846,,,,,,,,,,,,0.002547408457382302,,,,,,,,,,,0.0034093135745417273,,,,,,,,-0.0006590678857762351,,,,,,,,,,,,,,,0.002089579287622349,0.0002733440047175443
223,2025-11-30,ACGL,BMG0450A1053,06130201,0.004359987552058171,,0.0019800816830307846,0.0019800816830307846,0.0019800816830307846,,,0.0020152831351735543,,,,,,,,-0.002561800595559603,,,,,,,,,,-0.003022924702760332,-0.0010694309089954003,,,,0.0032621489598133077,,0.001897233077046233,,-0.0006590678857762351,0.000987883889790958,,,,,,,,-0.0007040973686553567,0.0023253266944310244,,,,0.001954477178508835,-0.0021188724552058395,0.00037066341054568114
224,2025-11-30,ACM,US00766T1007,14798801,,,,,,,,,,,,,,,,,,,0.003022924702760332,0.0024510200292651337,,,,,,,,,,,,-0.005813316736077561,,-0.005529740309927436,0.0019460888644379816,0.000987883889790958,,,,,,-0.0005843282286263527,,-0.0007040973686553567,0.0023253266944310244,0.0012288311799838747,-0.002267193527070249,,,0.002089579287622349,-1.3416742654570843e-06
225,2025-11-30,ACS,ES0167050915,22218601W,,0.001858355350057581,0.0019800816830307846,0.0019800816830307846,0.0019800816830307846,,,0.0020152831351735543,,,,,,,,,,,0.003022924702760332,0.0024510200292651337,,,,,,,,,,,,,0.001897233077046233,,-0.0006590678857762351,0.000987883889790958,,0.0025763562807616463,-0.0035150287241399202,,,0.00229009447178813,,0.002079994061532338,0.0023253266944310244,0.0012288311799838747,,,0.001954477178508835,0.002089579287622349,0.0007471233890099729
226,2025-11-30,AD,NL0011794037,02366702W,,-0.0009466361282130473,-0.00199752733662577,-0.000670767315701257,,,,,0.0016428938601958324,,,,,,,,,,0.003022924702760332,0.0024510200292651337,,,,,,,,0.003716710700115162,0.0016428938601958324,,0.0032621489598133077,,0.001897233077046233,,-0.0006590678857762351,0.000987883889790958,,,,,,0.00229009447178813,,0.002079994061532338,0.0023253266944310244,0.0012288311799838747,,,0.001954477178508835,,0.00048266882134983
227,2025-11-30,ADBE,US00724F1012,01254001,,,,-0.000670767315701257,,0.004626925565449486,0.002042516691054278,-0.0006891165735775831,0.0016428938601958324,0.005529740309927436,0.003570383507197242,0.003570383507197242,0.004237744910411679,0.003627509643312398,0.002764870154963718,0.002547408457382302,,,,,0.004875685004452148,,,,,,,,,,,0.0064776957916292816,,,0.0019460888644379816,0.000987883889790958,,0.0025763562807616463,,0.0024510200292651337,0.00458018894357626,0.00229009447178813,,0.002079994061532338,,0.0012288311799838747,0.004318463861086188,,0.001954477178508835,,0.0012676060619042952
228,2025-11-30,ADDT B,SE0014781795,24731801W,,,,-0.000670767315701257,,,-0.0010352481858768258,-0.0006891165735775831,,,,,,,,,,,,0.0024510200292651337,,0.002386519502179209,,,,,,,,,,,,,-0.0006590678857762351,,,,,,,-0.0005843282286263527,,-0.0007040973686553567,-0.0007927250094651219,,,,,,-7.90678079002908e-05
229,2025-11-30,ADI,US0326541051,00163201,,,,,,,,-0.0006891165735775831,-0.003285787720391665,0.005529740309927436,,,-0.0014486859597892961,-0.00719743976847698,,,-0.0034613641634660282,-0.004445477504059311,-0.0030432127880137567,-0.0024643407902937486,0.004875685004452148,,,,,,,,,,-0.0011141000133023334,,-0.0009627148734905514,-0.005529740309927436,-0.0006590678857762351,,,,,,0.00458018894357626,-0.0005843282286263527,,-0.0007040973686553567,,0.0012288311799838747,,,-0.000987883889790958,-0.0021188724552058395,-0.0002840299076552897
230,2025-11-30,ADM,GB00B02J6398,27097901W,,,,,,,,0.0020152831351735543,,,,,,,,,,,,,,,,,,,-0.0010694309089954003,,,,-0.0011141000133023334,,0.001897233077046233,,0.0019460888644379816,0.000987883889790958,,,,,,,-0.0028518157573210676,-0.0007040973686553567,0.0023253266944310244,,,,-0.000987883889790958,,4.9550307891804816e-05
231,2025-11-30,ADM,US0394831020,00172201,-0.00229009447178813,0.001858355350057581,,-0.000670767315701257,,,-0.0010352481858768258,,0.0016428938601958324,,-0.003627509643312398,-0.003627509643312398,,0.003627509643312398,,,,,,,,,,,,0.0030029053338678792,,0.003716710700115162,0.0016428938601958324,,0.0032621489598133077,,-0.0009627148734905514,,-0.0006590678857762351,,0.0038104092891936953,0.0025763562807616463,,0.0024510200292651337,0.00458018894357626,0.00229009447178813,0.002833991908837811,0.002079994061532338,-0.0007927250094651219,0.0012288311799838747,-0.002267193527070249,0.009647632030086164,0.001954477178508835,,0.0007884897900439067
232,2025-11-30,ADP,FR0010340141,27814201W,,-0.0009466361282130473,-0.00199752733662577,-0.000670767315701257,-0.00199752733662577,,,-0.0006891165735775831,,,,,,,,,,,-0.0030432127880137567,,,,,,,,,,,,,,,,-0.0006590678857762351,0.000987883889790958,,,-0.0035150287241399202,,,-0.0005843282286263527,,,0.0023253266944310244,0.0012288311799838747,,,-0.000987883889790958,0.002089579287622349,-0.00018677825367483122
233,2025-11-30,ADP,US0530151036,00189101,-0.00229009447178813,,,-0.000670767315701257,,,,-0.0006891165735775831,,,,,,,,,,,0.003022924702760332,0.0024510200292651337,,,,,,,,,,0.006297759797417357,,0.0064776957916292816,,0.0058888143560266205,-0.0006590678857762351,0.000987883889790958,,,,,,-0.0005843282286263527,,-0.0007040973686553567,-0.0007927250094651219,,,,,0.002089579287622349,0.00015188657252424937
234,2025-11-30,ADS,DE000A1EWWW0,22124401W,,,,,,,0.002042516691054278,-0.0006891165735775831,-0.003285787720391665,-0.005598008708815429,,,-0.0014486859597892961,,,,,,,0.0024510200292651337,-0.002477807133410108,-0.002386519502179209,,,,0.0030029053338678792,-0.0010694309089954003,-0.003716710700115162,-0.006386460639634503,,-0.0011141000133023334,,0.001897233077046233,,0.0019460888644379816,,,-0.002591078316651713,0.0035150287241399202,-0.002437842502226074,-0.0023494233441142473,-0.0005843282286263527,,-0.0007040973686553567,,-0.0024510200292651337,,,-0.000987883889790958,,-0.0006645725496302523
235,2025-11-30,ADSK,US0527691069,00187801,,,,,,,,,0.0016428938601958324,,,,,0.003627509643312398,,0.002547408457382302,,,,0.0024510200292651337,,,,,,,,,,,-0.0011141000133023334,0.0064776957916292816,,,-0.0006590678857762351,0.000987883889790958,0.0038104092891936953,0.0025763562807616463,,0.0024510200292651337,0.00458018894357626,-0.0005843282286263527,,0.002079994061532338,,0.0012288311799838747,0.004318463861086188,,,0.002089579287622349,0.0006603042543853362
236,2025-11-30,ADYEN,NL0012969182,32740101W,,-0.0009466361282130473,-0.00199752733662577,-0.000670767315701257,-0.00199752733662577,,-0.0010352481858768258,-0.0006891165735775831,,,,,,,,,,,,,,0.002386519502179209,,,,0.0030029053338678792,-0.0010694309089954003,,,,,,-0.0009627148734905514,,-0.0006590678857762351,,,,,,,,,,-0.0007927250094651219,,,,,-0.0021188724552058395,-0.00027363075637285266
237,2025-11-30,AEE,US0236081024,01086001,0.004359987552058171,,,,,,,-0.0006891165735775831,,,,,,,,,,,,,,,,,-0.008244340098437268,,,,,,,,0.001897233077046233,,,,,,,,,,,,,,,-0.005272543086209881,,,-0.0002363148162843117
238,2025-11-30,AEM,CA0084741085,00118601C,,0.001858355350057581,0.0019800816830307846,,0.0019800816830307846,,0.002042516691054278,,0.0016428938601958324,0.005529740309927436,0.003570383507197242,0.003570383507197242,0.004237744910411679,,0.002764870154963718,,0.003435141707682195,,,,0.004875685004452148,0.002386519502179209,,,,0.0030029053338678792,0.0034093135745417273,,0.0016428938601958324,0.006297759797417357,,,,0.0058888143560266205,0.0019460888644379816,0.000987883889790958,0.0038104092891936953,0.0025763562807616463,0.0035150287241399202,0.0024510200292651337,0.00458018894357626,0.00229009447178813,0.002833991908837811,0.002079994061532338,,0.0012288311799838747,,,,,0.0014988693610746954
239,2025-11-30,AENA,ES0105046017,31921901W,,,,-0.000670767315701257,,,,,,,,,,,,,,,-0.0030432127880137567,-0.0024643407902937486,,,,,,,,,,,,,,,,0.000987883889790958,,0.0025763562807616463,0.0035150287241399202,,,-0.0005843282286263527,,,,,,,-0.000987883889790958,,-4.231861248159094e-05
240,2025-11-30,AEP,US0255371017,00144001,,,,,,,,-0.0006891165735775831,,,,,,,,,,,,,,,,,,,,,,,,,,-0.005529740309927436,,,,,,,,,,,-0.0007927250094651219,,,,,,-0.00011916487135506194
241,2025-11-30,AER,NL0000687663,17609201,0.004359987552058171,0.001858355350057581,0.0019800816830307846,0.0019800816830307846,0.0019800816830307846,,,0.0020152831351735543,,,,,,,,,,,-0.0030432127880137567,-0.0024643407902937486,,,,,,,,,,,,,,-0.005529740309927436,0.0019460888644379816,0.000987883889790958,0.0038104092891936953,,,,,-0.0005843282286263527,,,,0.0012288311799838747,,,-0.000987883889790958,0.002089579287622349,0.0004050830924336202
242,2025-11-30,AFG,US0259321042,00843101,-0.00229009447178813,-0.0009466361282130473,-0.00199752733662577,-0.000670767315701257,-0.00199752733662577,,,-0.0006891165735775831,,,,,,,,-0.002561800595559603,,,,,,,,,,-0.003022924702760332,-0.0010694309089954003,,,,,,,,-0.0006590678857762351,0.000987883889790958,,,,,,,-0.0028518157573210676,,,,-0.002267193527070249,,,,-0.0004961963959148335
243,2025-11-30,AFL,US0010551028,00144901,,,,-0.000670767315701257,,-0.0047233198480630175,-0.0010352481858768258,-0.0006891165735775831,,,,,,,,,,,,,,,,,,,-0.0010694309089954003,,,,-0.0011141000133023334,,-0.0009627148734905514,,-0.0006590678857762351,,,,,,,,,-0.0007040973686553567,-0.0007927250094651219,,,,-0.000987883889790958,,-0.0003817894931227956
244,2025-11-30,AFRM,US00827B1061,03741301,0.004359987552058171,0.001858355350057581,0.0019800816830307846,0.0019800816830307846,0.0019800816830307846,-0.0047233198480630175,,-0.0006891165735775831,,,,,,,,-0.002561800595559603,,,,,,,,,,-0.003022924702760332,-0.0010694309089954003,,,,,,,,0.0019460888644379816,0.000987883889790958,,,,,,,-0.0028518157573210676,,-0.0007927250094651219,,,-0.005272543086209881,-0.000987883889790958,-0.0021188724552058395,-0.00028621522000051475
245,2025-11-30,AGI,CA0115321089,12345501C,,0.001858355350057581,,,,,0.002042516691054278,-0.0006891165735775831,0.0016428938601958324,0.005529740309927436,0.003570383507197242,0.003570383507197242,0.004237744910411679,,0.002764870154963718,0.002547408457382302,,,,,0.004875685004452148,0.002386519502179209,,,,,0.0034093135745417273,,0.0016428938601958324,0.006297759797417357,,,,0.0058888143560266205,,0.000987883889790958,0.0038104092891936953,0.0025763562807616463,0.0035150287241399202,,,-0.0005843282286263527,-0.0028518157573210676,,,0.0012288311799838747,,,,,0.0009127450661918582
246,2025-11-30,AGN,BMG0112X1056,01559801W,,0.001858355350057581,0.0019800816830307846,0.0019800816830307846,,,,-0.0006891165735775831,,,,,,,,-0.002561800595559603,,,,,,,,,,,-0.0010694309089954003,,,,0.0032621489598133077,,0.001897233077046233,,0.0019460888644379816,-0.00196293811867554,,,,,,,,-0.0007040973686553567,-0.0007927250094651219,,,,-0.000987883889790958,0.002089579287622349,0.00010478495616004553
247,2025-11-30,AGS,BE0974264930,01644701W,,-0.0009466361282130473,,-0.000670767315701257,-0.00199752733662577,,0.002042516691054278,-0.0006891165735775831,,,,,,,,,,,,,,,,,,,-0.0010694309089954003,,,,0.0032621489598133077,,,,-0.0006590678857762351,-0.00196293811867554,,,,,,,,0.002079994061532338,-0.0007927250094651219,,,,-0.000987883889790958,,-0.00014588515539666518
248,2025-11-30,AHT,GB0000536739,20026401W,,,,-0.000670767315701257,-0.00199752733662577,,0.002042516691054278,-0.0006891165735775831,,,,,,,,,,,,,,,,,,,,,,,,,-0.0009627148734905514,,-0.0006590678857762351,,,0.0025763562807616463,,0.0024510200292651337,,0.00229009447178813,,0.002079994061532338,,0.0012288311799838747,,,0.001954477178508835,,0.000253344659189851
249,2025-11-30,AI,FR0000120073,10120201W,,,,-0.000670767315701257,,,-0.0010352481858768258,-0.0006891165735775831,0.0016428938601958324,,,,,,,0.002547408457382302,,,,,,,-0.008244340098437268,,-0.008244340098437268,0.0030029053338678792,0.0034093135745417273,,0.0016428938601958324,,,,-0.0009627148734905514,,-0.0006590678857762351,0.000987883889790958,,,,,,-0.0005843282286263527,,-0.0007040973686553567,-0.0007927250094651219,,,,-0.000987883889790958,,-0.00023351014765490892
250,2025-11-30,AIA,NZAIAE0002S6,22276101W,,-0.0009466361282130473,,-0.000670767315701257,-0.00199752733662577,,,0.0020152831351735543,,,,,,,,,0.003435141707682195,,-0.0030432127880137567,-0.0024643407902937486,,,,,,,,,,,,,-0.0009627148734905514,,0.0019460888644379816,0.000987883889790958,,,,,,-0.0005843282286263527,,-0.0007040973686553567,-0.0007927250094651219,,,,-0.000987883889790958,-0.0021188724552058395,-0.00017845662272615034
251,2025-11-30,AIG,US0268747849,00148701,,-0.0009466361282130473,,,,0.004626925565449486,0.002042516691054278,,,,,,,,,-0.002561800595559603,,,,,,,,,,,-0.0010694309089954003,,,,-0.0011141000133023334,,0.001897233077046233,,,0.000987883889790958,,,,,,,,-0.0007040973686553567,-0.0007927250094651219,,-0.002267193527070249,,,,5.743435313713027e-05
252,2025-11-30,AIR,NL0000235190,22083302W,,,,,,,0.002042516691054278,0.0020152831351735543,,,,,,,,,,,0.003022924702760332,0.0024510200292651337,,-0.002386519502179209,,,,,,,,,,,,,,0.000987883889790958,,,0.0035150287241399202,,,-0.0005843282286263527,,,,0.0012288311799838747,,,,0.002089579287622349,0.00036132041576990976
253,2025-11-30,AJG,US3635761097,00497301,-0.00229009447178813,-0.0009466361282130473,-0.00199752733662577,-0.000670767315701257,-0.00199752733662577,,,-0.0006891165735775831,,,,,,,,,,,,,,,,,,,-0.0010694309089954003,,,,-0.0011141000133023334,,-0.0009627148734905514,,-0.0006590678857762351,-0.00196293811867554,,,,,,,,-0.0007040973686553567,-0.0007927250094651219,,-0.002267193527070249,,-0.000987883889790958,-0.0021188724552058395,-0.0005804828638588495
254,2025-11-30,AKRBP,NO0010345853,27569602W,,-0.0009466361282130473,-0.00199752733662577,-0.000670767315701257,-0.00199752733662577,,-0.0010352481858768258,-0.0006891165735775831,,,,,,,-0.0027818325485524523,,,-0.004445477504059311,,,,-0.002386519502179209,,,,,,0.003716710700115162,0.0016428938601958324,,,,,,-0.0006590678857762351,-0.00196293811867554,,,,-0.002437842502226074,,-0.0005843282286263527,-0.0028518157573210676,-0.0007040973686553567,-0.0007927250094651219,-0.0024510200292651337,,,-0.000987883889790958,,-0.0004153901918659524
255,2025-11-30,AKZA,NL0013267909,01533401W,,-0.0009466361282130473,,-0.000670767315701257,,,,-0.0006891165735775831,,-0.005598008708815429,,,-0.0014486859597892961,,,,,,,,-0.002477807133410108,0.002386519502179209,-0.008244340098437268,,,,-0.0010694309089954003,0.003716710700115162,0.0016428938601958324,,,,-0.0009627148734905514,,-0.0006590678857762351,0.000987883889790958,,,-0.0035150287241399202,,,-0.0005843282286263527,,-0.0007040973686553567,0.0023253266944310244,,,,-0.000987883889790958,,-0.00024177775972318203
256,2025-11-30,ALA,CA0213611001,12219401C,,-0.0009466361282130473,,,,,,-0.0006891165735775831,,,,,,,,,,0.004402317528291745,,0.0024510200292651337,,,,,,,,,,,,,-0.0009627148734905514,,,-0.00196293811867554,,,0.0035150287241399202,,,,,,-0.0007927250094651219,,,,,,9.606169805422272e-06
257,2025-11-30,ALC,CH0432492467,03505601W,,-0.0009466361282130473,-0.00199752733662577,-0.000670767315701257,-0.00199752733662577,,-0.0010352481858768258,,-0.003285787720391665,,,,-0.0014486859597892961,,,-0.002561800595559603,,-0.004445477504059311,-0.0030432127880137567,-0.0024643407902937486,-0.002477807133410108,,,,,,-0.0010694309089954003,,,,,,-0.0009627148734905514,,-0.0006590678857762351,,,,,,,0.00229009447178813,0.002833991908837811,-0.0007040973686553567,-0.0007927250094651219,,,,,-0.0021188724552058395,-0.0004913493007229078
258,2025-11-30,ALFA,SE0000695876,25192101W,,-0.0009466361282130473,,-0.000670767315701257,,,,-0.0006891165735775831,,,,,,,,,,,,,,-0.002386519502179209,,,,,,,,,,,-0.0009627148734905514,,,0.000987883889790958,,-0.002591078316651713,,-0.002437842502226074,,-0.0005843282286263527,,-0.0007040973686553567,,-0.0024510200292651337,,,,,-0.00027105677191603553
259,2025-11-30,ALL,AU000000ALL7,21262801W,,,,-0.000670767315701257,,,,-0.0006891165735775831,,0.005529740309927436,,,,,0.002764870154963718,,,,,,0.004875685004452148,,,,,,0.0034093135745417273,,0.0016428938601958324,,-0.0011141000133023334,,-0.0009627148734905514,,-0.0006590678857762351,,,,,,,-0.0005843282286263527,,-0.0007040973686553567,,,,,,-0.0021188724552058395,0.00010931100667494011
260,2025-11-30,ALL,US0200021014,02834901,0.004359987552058171,0.001858355350057581,0.0019800816830307846,0.0019800816830307846,0.0019800816830307846,0.004626925565449486,0.002042516691054278,0.0020152831351735543,,,,,,,,,,,,,,,,,,-0.003022924702760332,-0.0010694309089954003,,,,0.0032621489598133077,,0.001897233077046233,,0.0019460888644379816,0.000987883889790958,,,,,,,0.002833991908837811,0.002079994061532338,0.0023253266944310244,,,,0.001954477178508835,,0.0008679367717637639
261,2025-11-30,ALLE,IE00BFRT3W74,31605601,,,,-0.000670767315701257,,,-0.0010352481858768258,-0.0006891165735775831,,,,,,,,,-0.0034613641634660282,,,,,-0.002386519502179209,,,,,,,,,,,,,,,0.0038104092891936953,,,,,-0.0005843282286263527,,-0.0007040973686553567,-0.0007927250094651219,0.0012288311799838747,,,,,-0.00010870557829101647
262,2025-11-30,ALNY,US02043Q1076,26426501,0.004359987552058171,0.001858355350057581,0.0019800816830307846,0.0019800816830307846,0.0019800816830307846,,,,,,-0.003627509643312398,-0.003627509643312398,-0.0014486859597892961,,,0.002547408457382302,,,0.003022924702760332,0.0024510200292651337,-0.002477807133410108,0.002386519502179209,,,,-0.003022924702760332,0.0034093135745417273,0.003716710700115162,,,,,,0.0058888143560266205,,0.000987883889790958,,,,0.0024510200292651337,,-0.0005843282286263527,-0.0028518157573210676,-0.0007040973686553567,-0.0007927250094651219,,,,-0.000987883889790958,0.002089579287622349,0.00043125653474281815
263,2025-11-30,ALO,FR0010220475,21839901W,,-0.0009466361282130473,,-0.000670767315701257,-0.00199752733662577,,0.002042516691054278,-0.0006891165735775831,,,,,,,,,,,,,,-0.002386519502179209,,,,,,,,,,,-0.0009627148734905514,,0.0019460888644379816,,,0.0025763562807616463,0.0035150287241399202,0.0024510200292651337,,0.00229009447178813,,0.002079994061532338,-0.0007927250094651219,0.0012288311799838747,,,,,0.00015144254033759255
264,2025-11-30,ALV,DE0008404005,01572401W,,-0.0009466361282130473,,-0.000670767315701257,,,,-0.0006891165735775831,,,,,,,,,,,,,,,,,,,-0.0010694309089954003,,,,,,0.001897233077046233,,,,,,,,,,,0.002079994061532338,-0.0007927250094651219,,,,0.001954477178508835,,5.384789493738067e-05
265,2025-11-30,AM,FR0014004L86,10051701W,,-0.0009466361282130473,,-0.000670767315701257,,,,,,,,,,,,,0.003435141707682195,,,,,0.002386519502179209,,,,,,,,,,,0.001897233077046233,,-0.0006590678857762351,-0.00196293811867554,,-0.002591078316651713,0.0035150287241399202,-0.002437842502226074,,-0.0005843282286263527,,-0.0007040973686553567,-0.0007927250094651219,-0.0024510200292651337,,,0.001954477178508835,0.002089579287622349,5.5216994233201405e-05
266,2025-11-30,AMAT,US0382221051,00170401,-0.00229009447178813,-0.0009466361282130473,-0.00199752733662577,-0.000670767315701257,-0.00199752733662577,,-0.0010352481858768258,,0.0016428938601958324,,,0.003570383507197242,0.004237744910411679,0.003627509643312398,,,,,,,,,,,,,,,,,-0.0011141000133023334,,,,-0.0006590678857762351,,,,,-0.002437842502226074,-0.0023494233441142473,-0.0005843282286263527,,-0.0007040973686553567,,,,,,,-0.00011590360429322477
267,2025-11-30,AMCR,JE00BJ1F3079,10024303,-0.00229009447178813,-0.0009466361282130473,,-0.000670767315701257,,,,-0.0006891165735775831,,-0.005598008708815429,-0.003627509643312398,-0.003627509643312398,-0.0014486859597892961,,-0.0027818325485524523,0.002547408457382302,,,,,-0.002477807133410108,-0.002386519502179209,-0.008244340098437268,,-0.008244340098437268,-0.003022924702760332,-0.0010694309089954003,,-0.006386460639634503,-0.007313527506678221,,,-0.0009627148734905514,-0.005529740309927436,-0.0006590678857762351,,0.0038104092891936953,,,,-0.0023494233441142473,-0.0005843282286263527,,-0.0007040973686553567,-0.0007927250094651219,,-0.002267193527070249,,-0.000987883889790958,,-0.0013317826678577237
268,2025-11-30,AMD,US0079031078,00116101,-0.00229009447178813,,-0.00199752733662577,-0.000670767315701257,,,0.002042516691054278,-0.0006891165735775831,-0.003285787720391665,,0.003570383507197242,0.003570383507197242,-0.0014486859597892961,-0.00719743976847698,,-0.002561800595559603,,-0.004445477504059311,-0.0030432127880137567,-0.0024643407902937486,,-0.002386519502179209,,,,,,,,0.006297759797417357,-0.0011141000133023334,,,0.0058888143560266205,-0.0006590678857762351,-0.00196293811867554,,,,,0.00458018894357626,-0.0005843282286263527,,,,0.0012288311799838747,0.004318463861086188,,-0.000987883889790958,-0.0021188724552058395,-3.5246185119751404e-05
269,2025-11-30,AME,US0311001004,00159801,,,,,,,-0.0010352481858768258,,,,,,,,,,,,-0.0030432127880137567,-0.0024643407902937486,,,,,,,,,,0.006297759797417357,,0.0064776957916292816,-0.0009627148734905514,0.0058888143560266205,-0.0006590678857762351,,,,,,,-0.0005843282286263527,,-0.0007040973686553567,-0.0007927250094651219,,0.004318463861086188,,,-0.0021188724552058395,0.000109184135787995
270,2025-11-30,AMGN,US0311621009,00160201,,,,-0.000670767315701257,,,-0.0010352481858768258,,0.0016428938601958324,,,,,,,,,-0.004445477504059311,,0.0024510200292651337,0.004875685004452148,0.002386519502179209,,,,0.0030029053338678792,-0.0010694309089954003,,,,,,,-0.005529740309927436,0.0019460888644379816,,,,,0.0024510200292651337,,-0.0005843282286263527,,0.002079994061532338,,0.0012288311799838747,-0.002267193527070249,,,0.002089579287622349,0.00010666729695242596
271,2025-11-30,AMH,US02665T3068,01763901,,,,,,-0.0047233198480630175,,,0.0016428938601958324,,-0.003627509643312398,,,,,,,,,,,,,,,,,,,,,,,,,,,,,,,-0.0005843282286263527,,-0.0007040973686553567,,,,,,,-0.0002001923259207342
272,2025-11-30,AMP,US03076C1062,16470801,,,,-0.000670767315701257,,,,-0.0006891165735775831,,,,,,,,,,,,,,,,,,-0.003022924702760332,-0.0010694309089954003,,,,,,,,-0.0006590678857762351,0.000987883889790958,,,,,,,,,,,,,0.001954477178508835,0.002089579287622349,3.9515766103328884e-05
273,2025-11-30,AMRZ,CH1430134226,36691101W,,-0.0009466361282130473,-0.00199752733662577,-0.000670767315701257,-0.00199752733662577,,-0.0010352481858768258,,,,-0.003627509643312398,,-0.0014486859597892961,,0.002764870154963718,,-0.0034613641634660282,,,,,,,,,,-0.0010694309089954003,,0.0016428938601958324,,,,-0.0009627148734905514,,,,,,,,,,,-0.0007040973686553567,,,,,0.001954477178508835,,-0.00019980133696766674
274,2025-11-30,AMS,ES0109067019,29450801W,,-0.0009466361282130473,,-0.000670767315701257,,,,,0.0016428938601958324,,,0.003570383507197242,,,0.002764870154963718,,,,,,0.004875685004452148,,,,,0.0030029053338678792,-0.0010694309089954003,,0.0016428938601958324,,,,-0.0009627148734905514,,,,,0.0025763562807616463,,0.0024510200292651337,,-0.0005843282286263527,,,,0.0012288311799838747,,,0.001954477178508835,,0.00038596292838552276
275,2025-11-30,AMT,US03027X1000,10536501,,,,,,0.004626925565449486,,,0.0016428938601958324,,,,,0.003627509643312398,,,,,,0.0024510200292651337,,,,,,,,,,,,,,,,,,,,,,0.00229009447178813,,-0.0007040973686553567,-0.0007927250094651219,,,,-0.000987883889790958,0.002089579287622349,0.00021179852865224597
276,2025-11-30,AMUN,FR0004125920,32072301W,,-0.0009466361282130473,,0.0019800816830307846,0.0019800816830307846,,-0.0010352481858768258,,,,,,,,,,,,,,,,,,,,-0.0010694309089954003,,,,-0.0011141000133023334,,,,-0.0006590678857762351,-0.00196293811867554,,,,,,,,-0.0007040973686553567,-0.0007927250094651219,,,,,-0.0021188724552058395,-0.0001186693480103203
277,2025-11-30,AMZN,US0231351067,06476801,0.004359987552058171,0.001858355350057581,0.0019800816830307846,0.0019800816830307846,0.0019800816830307846,,,-0.0006891165735775831,0.0016428938601958324,,0.003570383507197242,0.003570383507197242,,0.003627509643312398,,0.002547408457382302,,,,,,,,,,0.0030029053338678792,-0.0010694309089954003,,0.0016428938601958324,0.006297759797417357,,,,0.0058888143560266205,,,0.0038104092891936953,,0.0035150287241399202,-0.002437842502226074,-0.0023494233441142473,-0.0005843282286263527,-0.0028518157573210676,,,,,,-0.000987883889790958,,0.0004789477225209725
278,2025-11-30,ANA,ES0125220311,10271201W,,0.001858355350057581,,,,,0.002042516691054278,0.0020152831351735543,,,,,,,0.002764870154963718,,0.003435141707682195,0.004402317528291745,0.003022924702760332,0.0024510200292651337,,,,0.009647632030086164,,,,,,,,,0.001897233077046233,,,0.000987883889790958,,,0.0035150287241399202,,,,,,0.0023253266944310244,,,,,0.002089579287622349,0.0007434022443603854
279,2025-11-30,ANET,US0404132054,02074801,,,0.0019800816830307846,,0.0019800816830307846,,,,0.0016428938601958324,0.005529740309927436,,,0.004237744910411679,0.003627509643312398,0.002764870154963718,,,,,,0.004875685004452148,0.002386519502179209,,,,,,,,,,0.0064776957916292816,-0.0009627148734905514,0.0058888143560266205,-0.0006590678857762351,,0.0038104092891936953,0.0025763562807616463,,0.0024510200292651337,,-0.0005843282286263527,0.002833991908837811,,,0.0012288311799838747,,,,,0.0008048135036410607
280,2025-11-30,ANTO,GB0000456144,20018901W,,,0.0019800816830307846,0.0019800816830307846,0.0019800816830307846,,,0.0020152831351735543,,,,,,,-0.0027818325485524523,,0.003435141707682195,,,,,0.002386519502179209,0.008244340098437268,,0.008244340098437268,-0.003022924702760332,-0.0010694309089954003,,0.0016428938601958324,,,,,,-0.0006590678857762351,,,,,-0.002437842502226074,,-0.0005843282286263527,-0.0028518157573210676,-0.0007040973686553567,-0.0007927250094651219,,,,-0.000987883889790958,,0.00037976120152879533
281,2025-11-30,ANZ,AU000000ANZ3,01588901W,,0.001858355350057581,-0.00199752733662577,-0.000670767315701257,-0.00199752733662577,,-0.0010352481858768258,,,,,,,,,0.002547408457382302,-0.0034613641634660282,,,,,,,,,0.0030029053338678792,0.0034093135745417273,,,,,,-0.0009627148734905514,,-0.0006590678857762351,-0.00196293811867554,,,,,,,,,-0.0007927250094651219,,,,,,-4.718814799796995e-05
282,2025-11-30,AON,IE00BLP1HW54,00322101,-0.00229009447178813,-0.0009466361282130473,,-0.000670767315701257,,,-0.0010352481858768258,-0.0006891165735775831,,,,,,,,,,,,,,,,,,,-0.0010694309089954003,,,,-0.0011141000133023334,,,,-0.0006590678857762351,-0.00196293811867554,,,,,,,,-0.0007040973686553567,-0.0007927250094651219,,0.004318463861086188,-0.005272543086209881,-0.000987883889790958,,-0.00028494736103802605
283,2025-11-30,APA,AU000000APA1,24253601W,,-0.0009466361282130473,,,,,-0.0010352481858768258,-0.0006891165735775831,,,,,,,,,-0.0034613641634660282,,-0.0030432127880137567,,,,0.008244340098437268,,0.008244340098437268,,,,,,,,-0.0009627148734905514,,,,,,,,,,,,-0.0007927250094651219,,,,,0.002089579287622349,0.00016171668009575606
284,2025-11-30,APD,US0091581068,00120901,,,,-0.000670767315701257,,,-0.0010352481858768258,-0.0006891165735775831,,,,,-0.0014486859597892961,,-0.0027818325485524523,0.002547408457382302,,,,,0.004875685004452148,,-0.008244340098437268,,,,-0.0010694309089954003,,-0.006386460639634503,,,0.0064776957916292816,-0.0009627148734905514,-0.005529740309927436,-0.0006590678857762351,-0.00196293811867554,0.0038104092891936953,,,-0.002437842502226074,0.00458018894357626,-0.0005843282286263527,0.002833991908837811,-0.0007040973686553567,-0.0007927250094651219,-0.0024510200292651337,-0.002267193527070249,,-0.000987883889790958,,-0.0006640963901206733
285,2025-11-30,APH,US0320951017,01428201,0.004359987552058171,0.001858355350057581,0.0019800816830307846,0.0019800816830307846,0.0019800816830307846,0.004626925565449486,0.002042516691054278,,0.0016428938601958324,,,,0.004237744910411679,,,,,0.004402317528291745,,,,0.002386519502179209,,,,,,,,0.006297759797417357,,0.0064776957916292816,0.001897233077046233,0.0058888143560266205,0.0019460888644379816,,,0.0025763562807616463,,,0.00458018894357626,-0.0005843282286263527,0.002833991908837811,,,0.0012288311799838747,,,-0.000987883889790958,,0.0011545167310915135
286,2025-11-30,APO,US03769M1062,18425401,-0.00229009447178813,-0.0009466361282130473,,-0.000670767315701257,,,,-0.0006891165735775831,,,,,,,,-0.002561800595559603,,,,,,,,,,-0.003022924702760332,-0.0010694309089954003,,,,,,-0.0009627148734905514,,-0.0006590678857762351,0.000987883889790958,,,,,,,-0.0028518157573210676,,0.0023253266944310244,,-0.002267193527070249,,,0.002089579287622349,-0.00027143709078618247
287,2025-11-30,APP,US03831W1080,03821201,0.004359987552058171,0.001858355350057581,0.0019800816830307846,,,0.004626925565449486,0.002042516691054278,-0.0006891165735775831,0.0016428938601958324,0.005529740309927436,,,0.004237744910411679,0.003627509643312398,0.002764870154963718,,0.003435141707682195,0.004402317528291745,,0.0024510200292651337,0.004875685004452148,,,,,,,,,,-0.0011141000133023334,,-0.0009627148734905514,0.0058888143560266205,,0.000987883889790958,0.0038104092891936953,0.0025763562807616463,,0.0024510200292651337,0.00458018894357626,-0.0005843282286263527,0.002833991908837811,,,0.0012288311799838747,-0.002267193527070249,,-0.000987883889790958,0.002089579287622349,0.0010874401921175114
288,2025-11-30,APTV,JE00BTDN8H13,11812204,0.004359987552058171,0.001858355350057581,0.0019800816830307846,0.0019800816830307846,0.0019800816830307846,0.004626925565449486,0.002042516691054278,0.0020152831351735543,,,,,-0.0014486859597892961,-0.00719743976847698,,,,,,,,,,,,,-0.0010694309089954003,,0.0016428938601958324,,0.0032621489598133077,-0.005813316736077561,0.001897233077046233,0.0058888143560266205,-0.0006590678857762351,,-0.00781790871403534,,,,0.00458018894357626,0.00229009447178813,-0.0028518157573210676,0.002079994061532338,,0.0012288311799838747,-0.002267193527070249,,0.001954477178508835,,0.0006813317937681314
289,2025-11-30,ARE,US0152711091,06482101,,,,,,,,,,,,,,-0.00719743976847698,,,,,,,,,,,,,,0.003716710700115162,,,,,-0.0009627148734905514,,,0.000987883889790958,,-0.002591078316651713,,-0.002437842502226074,-0.0023494233441142473,-0.0005843282286263527,,-0.0007040973686553567,0.0023253266944310244,-0.0024510200292651337,,,,,-4.7235045304456385e-05
290,2025-11-30,ARES,US03990B1017,02041201,-0.00229009447178813,-0.0009466361282130473,-0.00199752733662577,-0.000670767315701257,-0.00199752733662577,,,-0.0006891165735775831,,,,,,,,,,,,,,,,,,0.0030029053338678792,-0.0010694309089954003,,,,0.0032621489598133077,,,,-0.0006590678857762351,,,,,,,,-0.0028518157573210676,0.002079994061532338,-0.0007927250094651219,,-0.002267193527070249,-0.005272543086209881,,,-0.0004807208851392702
291,2025-11-30,ARGX,NL0010832176,31800501W,,0.001858355350057581,0.0019800816830307846,0.0019800816830307846,0.0019800816830307846,,,0.0020152831351735543,-0.003285787720391665,,-0.003627509643312398,-0.003627509643312398,0.004237744910411679,,-0.0027818325485524523,-0.002561800595559603,,-0.004445477504059311,-0.0030432127880137567,-0.0024643407902937486,-0.002477807133410108,0.002386519502179209,,,,-0.003022924702760332,-0.0010694309089954003,-0.003716710700115162,,,,,,,0.0019460888644379816,0.000987883889790958,,,,0.0024510200292651337,,-0.0005843282286263527,,-0.0007040973686553567,-0.0007927250094651219,,,,-0.000987883889790958,-0.0021188724552058395,-2.040303499229543e-05
292,2025-11-30,ARX,CA00208D4084,10523901C,,-0.0009466361282130473,,-0.000670767315701257,,,0.002042516691054278,-0.0006891165735775831,,,,,,,0.002764870154963718,,,,,,,,,,0.008244340098437268,0.0030029053338678792,,,0.0016428938601958324,,,,,,0.0019460888644379816,,,0.0025763562807616463,0.0035150287241399202,0.0024510200292651337,,-0.0005843282286263527,,0.002079994061532338,,0.0012288311799838747,,,,,0.0005246039296386148
293,2025-11-30,ASM,NL0000334118,00116601W,,-0.0009466361282130473,0.0019800816830307846,0.0019800816830307846,0.0019800816830307846,,-0.0010352481858768258,0.0020152831351735543,0.0016428938601958324,,-0.003627509643312398,-0.003627509643312398,,,0.002764870154963718,-0.002561800595559603,0.003435141707682195,,,,,0.002386519502179209,,,,,,,,,0.0032621489598133077,,,,-0.0006590678857762351,,,0.0025763562807616463,,0.0024510200292651337,0.00458018894357626,0.00229009447178813,0.002833991908837811,0.002079994061532338,,0.0012288311799838747,,,,-0.0021188724552058395,0.00046074715550574447
294,2025-11-30,ASML,NL0010273215,06121401W,,,,-0.000670767315701257,,,,-0.0006891165735775831,0.0016428938601958324,,-0.003627509643312398,-0.003627509643312398,0.004237744910411679,,,,,,,,0.004875685004452148,0.002386519502179209,,,,,,,,,-0.0011141000133023334,,,,,0.000987883889790958,,0.0025763562807616463,,0.0024510200292651337,0.00458018894357626,-0.0005843282286263527,,0.002079994061532338,,0.0012288311799838747,,,,,0.0004034583741870511
295,2025-11-30,ASRNL,NL0011872643,01551203W,,,-0.00199752733662577,-0.000670767315701257,-0.00199752733662577,,-0.0010352481858768258,0.0020152831351735543,,,,,,,,,,,,,,,,,,,-0.0010694309089954003,,,,-0.0011141000133023334,,0.001897233077046233,,-0.0006590678857762351,0.000987883889790958,,,,,,,0.002833991908837811,-0.0007040973686553567,0.0023253266944310244,,,,-0.000987883889790958,,-4.5620469786894804e-05
296,2025-11-30,ASSA B,SE0007100581,22349201W,,-0.0009466361282130473,,-0.000670767315701257,,,-0.0010352481858768258,,,,,,,,,,-0.0034613641634660282,,,,,,,,,,,,,,,,,,-0.0006590678857762351,,,,-0.0035150287241399202,,,-0.0005843282286263527,,-0.0007040973686553567,,,,,,,-0.0001947136351291711
297,2025-11-30,ASX,AU000000ASX7,22613601W,,-0.0009466361282130473,-0.00199752733662577,-0.000670767315701257,-0.00199752733662577,,-0.0010352481858768258,-0.0006891165735775831,,,,,,,,,,,,,,,,,,,-0.0010694309089954003,,,,-0.0011141000133023334,,-0.0009627148734905514,,-0.0006590678857762351,,,,,,,,,-0.0007040973686553567,-0.0007927250094651219,,,,-0.000987883889790958,,-0.000375623520786655
298,2025-11-30,ATCO A,SE0017486889,01742001W,,-0.0009466361282130473,,-0.000670767315701257,,,-0.0010352481858768258,-0.0006891165735775831,,,,,,,,,,,,,,,,,,,,,,,,,-0.0009627148734905514,,-0.0006590678857762351,,,,,,,-0.0005843282286263527,,-0.0007040973686553567,-0.0007927250094651219,,,,,,-0.00017458712329912113
299,2025-11-30,ATCO B,SE0017486897,01742002W,,,,,,,,,,,,,,,,,,,,,,,,,,,,,,,,,-0.0009627148734905514,,-0.0006590678857762351,,,,,,,-0.0005843282286263527,,-0.0007040973686553567,-0.0007927250094651219,,,,0.001954477178508835,,4.9498553861191806e-05
300,2025-11-30,ATD,CA01626P1484,06465502C,,,,,,,,,0.0016428938601958324,,,,,,,,,,,,,,,,,0.0030029053338678792,,,0.0016428938601958324,,0.0032621489598133077,,,0.0058888143560266205,-0.0006590678857762351,-0.00196293811867554,,0.0025763562807616463,,,,-0.0005843282286263527,,0.002079994061532338,0.0023253266944310244,0.0012288311799838747,,,,,0.00034748263852248226
301,2025-11-30,ATO,US0495601058,00438301,0.004359987552058171,0.001858355350057581,,,,-0.0047233198480630175,,-0.0006891165735775831,,,,,,,-0.0027818325485524523,,,,,-0.0024643407902937486,,,0.008244340098437268,,0.008244340098437268,,,,,0.006297759797417357,,,,0.0058888143560266205,,,,,,,,,,,-0.0007927250094651219,,-0.002267193527070249,0.009647632030086164,,-0.0021188724552058395,0.0003836100774226125
302,2025-11-30,ATRL,CA04764T1049,01435201C,,,,,,,,,,,,,,,,,,,,,,-0.002386519502179209,,,,,,,,,,,0.001897233077046233,,0.0019460888644379816,0.000987883889790958,0.0038104092891936953,,,,,0.00229009447178813,,,,0.0012288311799838747,,,-0.000987883889790958,,9.731858285842894e-05
303,2025-11-30,AUTO,GB00BVYVFW23,31941701W,,,,-0.000670767315701257,,,,-0.0006891165735775831,0.0016428938601958324,0.005529740309927436,0.003570383507197242,0.003570383507197242,0.004237744910411679,,0.002764870154963718,-0.002561800595559603,,0.004402317528291745,,,,,,,,,,-0.003716710700115162,,,-0.0011141000133023334,,,,-0.0006590678857762351,0.000987883889790958,,,,,,-0.0005843282286263527,,,,,,,,,0.00018279245250222987
304,2025-11-30,AV.,GB00BPQY8M80,01554502W,,-0.0009466361282130473,0.0019800816830307846,0.0019800816830307846,0.0019800816830307846,,,-0.0006891165735775831,,,,,,,,,,,,,,,,,,,-0.0010694309089954003,,,,-0.0011141000133023334,,0.001897233077046233,,-0.0006590678857762351,0.000987883889790958,,,,,,,,0.002079994061532338,0.0023253266944310244,,,,0.001954477178508835,0.002089579287622349,0.000383894481195201
305,2025-11-30,AVB,US0534841012,02987501,,,,,,,,,0.0016428938601958324,,,,,0.003627509643312398,,,,,,,,,,,,,,,,,,,,,,0.000987883889790958,,,,,,-0.0005843282286263527,,-0.0007040973686553567,,,,-0.005272543086209881,,,-0.00014649589020184918
306,2025-11-30,AVGO,US11135F1012,18071101,-0.00229009447178813,0.001858355350057581,,-0.000670767315701257,,,,-0.0006891165735775831,,0.005529740309927436,,,,,,,0.003435141707682195,-0.004445477504059311,-0.0030432127880137567,,0.004875685004452148,,,,,,,,,0.006297759797417357,-0.0011141000133023334,,-0.0009627148734905514,,,-0.00196293811867554,0.0038104092891936953,,,,,-0.0005843282286263527,,-0.0007040973686553567,,,0.004318463861086188,,-0.000987883889790958,,0.00014926190938722677
307,2025-11-30,AVOL,CH0023405456,27468901W,,-0.0009466361282130473,-0.00199752733662577,-0.000670767315701257,-0.00199752733662577,,-0.0010352481858768258,-0.0006891165735775831,0.0016428938601958324,0.005529740309927436,,,-0.0014486859597892961,,0.002764870154963718,,,,,0.0024510200292651337,-0.002477807133410108,,,,,0.0030029053338678792,0.0034093135745417273,0.003716710700115162,0.0016428938601958324,,0.0032621489598133077,,0.001897233077046233,,-0.0006590678857762351,,,,,,,-0.0005843282286263527,,0.002079994061532338,,0.0012288311799838747,,,0.001954477178508835,0.002089579287622349,0.0003865189988304673
308,2025-11-30,AVY,US0536111091,00191301,,,,-0.000670767315701257,,,,-0.0006891165735775831,0.0016428938601958324,-0.005598008708815429,,,,0.003627509643312398,,,0.003435141707682195,,,,,,-0.008244340098437268,,,,-0.0010694309089954003,-0.003716710700115162,0.0016428938601958324,,,,,,-0.0006590678857762351,,,,,,,-0.0005843282286263527,,-0.0007040973686553567,-0.0007927250094651219,,,,,,-0.00031054867436413795
309,2025-11-30,AWK,US0304201033,17943701,,-0.0009466361282130473,,,,-0.0047233198480630175,-0.0010352481858768258,-0.0006891165735775831,,,,,,,,,,,,-0.0024643407902937486,,,-0.008244340098437268,-0.009647632030086164,-0.008244340098437268,,,,,,,,,-0.005529740309927436,,0.000987883889790958,,,,,,,,,-0.0007927250094651219,,-0.002267193527070249,-0.005272543086209881,,,-0.0010478280962809047
310,2025-11-30,AXON,US05464C1018,14391201,,,0.0019800816830307846,,0.0019800816830307846,-0.0047233198480630175,-0.0010352481858768258,,,,,,,,,,-0.0034613641634660282,,,-0.0024643407902937486,,0.002386519502179209,,,,,,,,0.006297759797417357,,-0.005813316736077561,-0.0009627148734905514,,-0.0006590678857762351,-0.00196293811867554,-0.00781790871403534,,-0.0035150287241399202,,,-0.0005843282286263527,,-0.0007040973686553567,-0.0007927250094651219,,-0.002267193527070249,,-0.000987883889790958,,-0.0005296247205013015
311,2025-11-30,AXP,US0258161092,00144701,-0.00229009447178813,-0.0009466361282130473,,-0.000670767315701257,,,,-0.0006891165735775831,,,,,,,,-0.002561800595559603,,,,,,-0.002386519502179209,,,,,-0.0010694309089954003,,,,-0.0011141000133023334,,,,-0.0006590678857762351,,,,,,,,,,,,-0.002267193527070249,,,,-0.0003089810421558115
312,2025-11-30,AZN,GB0009895292,02827201W,,,-0.00199752733662577,-0.000670767315701257,,,,-0.0006891165735775831,0.0016428938601958324,,,,-0.0014486859597892961,,,0.002547408457382302,,,,,,,,,,,0.0034093135745417273,,,,,,,,,0.000987883889790958,,,,,,-0.0005843282286263527,0.002833991908837811,-0.0007040973686553567,-0.0007927250094651219,,,,-0.000987883889790958,,-9.414798052965323e-05
313,2025-11-30,AZO,US0533321024,02380901,-0.00229009447178813,-0.0009466361282130473,-0.00199752733662577,-0.000670767315701257,-0.00199752733662577,,,-0.0006891165735775831,0.0016428938601958324,,,,0.004237744910411679,0.003627509643312398,,,,,,-0.0024643407902937486,0.004875685004452148,-0.002386519502179209,,,,,-0.0010694309089954003,,0.0016428938601958324,,-0.0011141000133023334,0.0064776957916292816,-0.0009627148734905514,,-0.0006590678857762351,,,,,,,-0.0005843282286263527,,-0.0007040973686553567,,,0.004318463861086188,,,,0.00021670994644418427
314,2025-11-30,AZRG,IL0011194789,29478801W,,,,,,,,,,,,,,,0.002764870154963718,,,-0.004445477504059311,-0.0030432127880137567,,,,,,,,,,,,,,,,,,,,,,,-0.0005843282286263527,,-0.0007040973686553567,,0.0012288311799838747,,,,,-6.495805787891405e-05
315,2025-11-30,BA,US0970231058,00228501,-0.00229009447178813,-0.0009466361282130473,-0.00199752733662577,-0.000670767315701257,-0.00199752733662577,-0.0047233198480630175,-0.0010352481858768258,-0.0006891165735775831,,,,,,,,,0.003435141707682195,,,-0.0024643407902937486,,0.002386519502179209,,,,,,,,,,-0.005813316736077561,-0.0009627148734905514,0.0058888143560266205,-0.0006590678857762351,0.000987883889790958,,,0.0035150287241399202,,,-0.0005843282286263527,,,-0.0007927250094651219,0.0012288311799838747,0.004318463861086188,,-0.000987883889790958,,-0.0001967095625828863
316,2025-11-30,BA.,GB0002634946,06347701W,,,,-0.000670767315701257,-0.00199752733662577,,,-0.0006891165735775831,,,,,,,,,,,,,,,,,,,,,,,,,,,-0.0006590678857762351,,,,-0.0035150287241399202,,,-0.0005843282286263527,,-0.0007040973686553567,,,,,-0.000987883889790958,,-0.00024845718618380616
317,2025-11-30,BAC,US0605051046,00764701,,,,,,,,,,,,,,,,,,,,,,,,,,,-0.0010694309089954003,,,,,,,,-0.0006590678857762351,,,,,,,,,,0.0023253266944310244,,,,,,1.2901386423540751e-05
318,2025-11-30,BAER,CH0102484968,29285401W,,-0.0009466361282130473,,-0.000670767315701257,,,-0.0010352481858768258,0.0020152831351735543,,,,,,,,,0.003435141707682195,,,,,,,,,-0.003022924702760332,0.0034093135745417273,,,,-0.0011141000133023334,,,,0.0019460888644379816,,,,,,,,,0.002079994061532338,-0.0007927250094651219,,,,0.001954477178508835,,0.00023125184916892905
319,2025-11-30,BAH,US0995021062,18588101,-0.00229009447178813,-0.0009466361282130473,-0.00199752733662577,-0.000670767315701257,-0.00199752733662577,-0.0047233198480630175,-0.0010352481858768258,-0.0006891165735775831,,,,,,,,,,,0.003022924702760332,0.0024510200292651337,,,,,,,,,,-0.007313527506678221,,,0.001897233077046233,-0.005529740309927436,-0.0006590678857762351,0.000987883889790958,0.0038104092891936953,-0.002591078316651713,,-0.002437842502226074,,-0.0005843282286263527,,-0.0007040973686553567,0.0023253266944310244,-0.0024510200292651337,,,,0.002089579287622349,-0.0004073517353749066
320,2025-11-30,BALD B,SE0017832488,23418101W,,,,,,,,,-0.003285787720391665,,,,,,0.002764870154963718,,,-0.004445477504059311,-0.0030432127880137567,,,,,,,,,-0.003716710700115162,,,,,,,,0.000987883889790958,,,,,0.00458018894357626,-0.0005843282286263527,,0.002079994061532338,0.0023253266944310244,0.0012288311799838747,,,,,-4.806706610263663e-06
321,2025-11-30,BALL,US0584981064,00198801,0.004359987552058171,,,,,,,,-0.003285787720391665,-0.005598008708815429,,,-0.0014486859597892961,-0.00719743976847698,,0.002547408457382302,,,,,,-0.002386519502179209,-0.008244340098437268,,-0.008244340098437268,,-0.0010694309089954003,-0.003716710700115162,0.0016428938601958324,,,,0.001897233077046233,,,,,,,0.0024510200292651337,-0.0023494233441142473,0.00229009447178813,,,-0.0007927250094651219,0.0012288311799838747,,,-0.000987883889790958,,-0.0004260117139241466
322,2025-11-30,BALN,CH0012410517,02308701W,,,0.0019800816830307846,0.0019800816830307846,0.0019800816830307846,,-0.0010352481858768258,0.0020152831351735543,,,,,,,,-0.002561800595559603,,,,,,,,,,,-0.0010694309089954003,,,,0.0032621489598133077,,,,,,,,,,,,-0.0028518157573210676,0.002079994061532338,-0.0007927250094651219,,,,,0.002089579287622349,0.0002457069943483509
323,2025-11-30,BAM,CA1130041058,04181701,-0.00229009447178813,-0.0009466361282130473,-0.00199752733662577,-0.000670767315701257,-0.00199752733662577,,-0.0010352481858768258,-0.0006891165735775831,,,,,,,,,,,,,,,,,,-0.003022924702760332,-0.0010694309089954003,,,,,,-0.0009627148734905514,,,0.000987883889790958,,,,,,,,-0.0007040973686553567,,,-0.002267193527070249,-0.005272543086209881,-0.000987883889790958,-0.0021188724552058395,-0.0007661716748036786
324,2025-11-30,BAMI,IT0005218380,22508101W,,,,,,,0.002042516691054278,0.0020152831351735543,,,,,,,,,0.003435141707682195,,,,,,,,,0.0030029053338678792,0.0034093135745417273,,,,,,,,0.0019460888644379816,0.000987883889790958,,,,,,,,,,,,,,,0.00039801105513808554
325,2025-11-30,BARC,GB0031348658,01267301W,,0.001858355350057581,,,,,0.002042516691054278,-0.0006891165735775831,,,,,,,,0.002547408457382302,,,,,,,,,,,0.0034093135745417273,,,,,,0.001897233077046233,,0.0019460888644379816,,,,,,,,,,-0.0007927250094651219,,,,,0.002089579287622349,0.0002952984698053015
326,2025-11-30,BARN,CH0009002962,22415901W,,0.001858355350057581,0.0019800816830307846,0.0019800816830307846,0.0019800816830307846,,-0.0010352481858768258,,-0.003285787720391665,,-0.003627509643312398,-0.003627509643312398,,,-0.0027818325485524523,-0.002561800595559603,,,,,,-0.002386519502179209,,,,-0.003022924702760332,,-0.003716710700115162,0.0016428938601958324,,-0.0011141000133023334,,0.001897233077046233,,-0.0006590678857762351,-0.00196293811867554,,-0.002591078316651713,,-0.002437842502226074,,-0.0005843282286263527,-0.0028518157573210676,-0.0007040973686553567,0.0023253266944310244,-0.0024510200292651337,,,-0.000987883889790958,0.002089579287622349,-0.00026155633647992414
327,2025-11-30,BAS,DE000BASF111,01743601W,,,,-0.000670767315701257,,,-0.0010352481858768258,-0.0006891165735775831,,,,,-0.0014486859597892961,,-0.0027818325485524523,-0.002561800595559603,-0.0034613641634660282,,,,-0.002477807133410108,-0.002386519502179209,,,-0.008244340098437268,,-0.0010694309089954003,0.003716710700115162,-0.006386460639634503,,,,-0.0009627148734905514,,0.0019460888644379816,,,,,-0.002437842502226074,-0.0023494233441142473,-0.0005843282286263527,-0.0028518157573210676,-0.0007040973686553567,-0.0007927250094651219,-0.0024510200292651337,,,-0.000987883889790958,,-0.0009024469461542891
328,2025-11-30,BATS,GB0002875804,00193201W,,0.001858355350057581,0.0019800816830307846,0.0019800816830307846,0.0019800816830307846,,,,,,,,,,0.002764870154963718,0.002547408457382302,,,-0.0030432127880137567,-0.0024643407902937486,,,,,,,,0.003716710700115162,0.0016428938601958324,,-0.0011141000133023334,,-0.0009627148734905514,,0.0019460888644379816,0.000987883889790958,,,,,,-0.0005843282286263527,,-0.0007040973686553567,-0.0007927250094651219,,,,,,0.0003486459179253148
329,2025-11-30,BAX,US0718131099,00208601,-0.00229009447178813,-0.0009466361282130473,-0.00199752733662577,-0.000670767315701257,-0.00199752733662577,0.004626925565449486,0.002042516691054278,0.0020152831351735543,-0.003285787720391665,,,-0.003627509643312398,-0.0014486859597892961,-0.00719743976847698,-0.0027818325485524523,,,,,,-0.002477807133410108,0.002386519502179209,,,,0.0030029053338678792,-0.0010694309089954003,0.003716710700115162,,,-0.0011141000133023334,,,,-0.0006590678857762351,,,,,,,-0.0005843282286263527,-0.0028518157573210676,-0.0007040973686553567,-0.0007927250094651219,-0.0024510200292651337,-0.002267193527070249,,-0.000987883889790958,,-0.0002061130559844077
330,2025-11-30,BAYN,DE000BAY0017,10008001W,,,-0.00199752733662577,-0.000670767315701257,-0.00199752733662577,,-0.0010352481858768258,-0.0006891165735775831,,,,-0.003627509643312398,-0.0014486859597892961,,,,,,,,-0.002477807133410108,,,,,,-0.0010694309089954003,0.003716710700115162,,,-0.0011141000133023334,,-0.0009627148734905514,,-0.0006590678857762351,,,,,-0.002437842502226074,,0.00229009447178813,,-0.0007040973686553567,-0.0007927250094651219,-0.0024510200292651337,,,0.001954477178508835,0.002089579287622349,-0.00019036282975625095
331,2025-11-30,BBD.B,CA0977518616,01407801C,,0.001858355350057581,0.0019800816830307846,,0.0019800816830307846,,,-0.0006891165735775831,,,,,,,,,0.003435141707682195,,0.003022924702760332,-0.0024643407902937486,,-0.002386519502179209,,,,,,,,,,-0.005813316736077561,,,0.0019460888644379816,0.000987883889790958,,,,,,-0.0005843282286263527,,-0.0007040973686553567,0.0023253266944310244,,,,-0.000987883889790958,,7.69324180655548e-05
332,2025-11-30,BBVA,ES0113211835,01518103W,,0.001858355350057581,,,,,,-0.0006891165735775831,,,,,,,,,-0.0034613641634660282,,,,,-0.002386519502179209,,,,0.0030029053338678792,0.0034093135745417273,,,,,,,,-0.0006590678857762351,0.000987883889790958,,,,,,,,,,,,,,,0.00011756119085659879
333,2025-11-30,BBY,US0865161014,00218401,,,,,,,,,0.0016428938601958324,,0.003570383507197242,0.003570383507197242,-0.0014486859597892961,0.003627509643312398,,,,,,0.0024510200292651337,-0.002477807133410108,-0.002386519502179209,,,,,-0.0010694309089954003,0.003716710700115162,0.0016428938601958324,-0.007313527506678221,,,-0.0009627148734905514,,-0.0006590678857762351,,,,,,,-0.0005843282286263527,0.002833991908837811,-0.0007040973686553567,,,,,,0.002089579287622349,0.00021601056235626845
334,2025-11-30,BCE,CA05534B7604,00213701C,,,,-0.000670767315701257,,,-0.0010352481858768258,-0.0006891165735775831,,,,,-0.0014486859597892961,,-0.0027818325485524523,,,,,,,,-0.008244340098437268,,-0.008244340098437268,,,0.003716710700115162,,-0.007313527506678221,-0.0011141000133023334,-0.005813316736077561,,,-0.0006590678857762351,,,,,,,-0.0005843282286263527,-0.0028518157573210676,,,,,,-0.000987883889790958,,-0.0005400689195005051
335,2025-11-30,BCP,PTBCP0AM0015,02384802W,,0.001858355350057581,0.0019800816830307846,0.0019800816830307846,0.0019800816830307846,,,-0.0006891165735775831,,,,,,,,0.002547408457382302,-0.0034613641634660282,,,,,-0.002386519502179209,,,,,0.0034093135745417273,,,,,,-0.0009627148734905514,,0.0019460888644379816,0.000987883889790958,,,,,,,,,-0.0007927250094651219,,,,,,0.00023767297119717146
336,2025-11-30,BCVN,CH0531751755,01553102W,,,,,,,,,,,,,,,,0.002547408457382302,-0.0034613641634660282,,,,,,,,,,0.0034093135745417273,,,,,,-0.0009627148734905514,,-0.0006590678857762351,,,,,,,,,,-0.0007927250094651219,,,,,,3.603242914358017e-05
337,2025-11-30,BDX,US0758871091,00211101,,,,,,,,,-0.003285787720391665,,,,-0.0014486859597892961,-0.00719743976847698,,,,-0.004445477504059311,-0.0030432127880137567,,,-0.002386519502179209,,,,0.0030029053338678792,-0.0010694309089954003,,,,,,,,-0.0006590678857762351,0.000987883889790958,,,,-0.002437842502226074,,-0.0005843282286263527,0.002833991908837811,-0.0007040973686553567,-0.0007927250094651219,-0.0024510200292651337,-0.002267193527070249,,-0.000987883889790958,,-0.0004145322852997315
338,2025-11-30,BEAN,CH1101098163,21177301W,,-0.0009466361282130473,-0.00199752733662577,-0.000670767315701257,-0.00199752733662577,,,-0.0006891165735775831,,,,,,,,,0.003435141707682195,,,,,0.002386519502179209,,,,,,,,,,,,,-0.0006590678857762351,0.000987883889790958,,0.0025763562807616463,0.0035150287241399202,-0.002437842502226074,,-0.0005843282286263527,,-0.0007040973686553567,-0.0007927250094651219,,,,-0.000987883889790958,-0.0021188724552058395,-0.00023854074333560144
339,2025-11-30,BEI,DE0005200000,10008301W,,-0.0009466361282130473,,-0.000670767315701257,-0.00199752733662577,,,,-0.003285787720391665,,-0.003627509643312398,-0.003627509643312398,,,-0.0027818325485524523,,,,,-0.0024643407902937486,,,,,,-0.003022924702760332,,-0.003716710700115162,-0.006386460639634503,,-0.0011141000133023334,,,,,0.000987883889790958,,-0.002591078316651713,,-0.002437842502226074,-0.0023494233441142473,-0.0005843282286263527,,-0.0007040973686553567,-0.0007927250094651219,-0.0024510200292651337,,,-0.000987883889790958,-0.0021188724552058395,-0.0010515854109389927
340,2025-11-30,BEIJ B,SE0015949748,10321902W,,-0.0009466361282130473,,-0.000670767315701257,,,,-0.0006891165735775831,,,,,,,,,,,,,,0.002386519502179209,,,,,,,,,,,,,-0.0006590678857762351,-0.00196293811867554,,,,,,0.00229009447178813,,-0.0007040973686553567,,,,,,,-5.215501551807913e-05
341,2025-11-30,BEPC,CA11285B1085,03679001,-0.00229009447178813,0.001858355350057581,,,,,,,,,,,,,,,,-0.004445477504059311,-0.0030432127880137567,0.0024510200292651337,,,-0.008244340098437268,-0.009647632030086164,,,,,,-0.007313527506678221,,,-0.0009627148734905514,-0.005529740309927436,,,,,,,,,,,-0.0007927250094651219,,-0.002267193527070249,,,0.002089579287622349,-0.0004764034496050237
342,2025-11-30,BESI,NL0012866412,06181401W,,-0.0009466361282130473,-0.00199752733662577,-0.000670767315701257,-0.00199752733662577,,,0.0020152831351735543,,0.005529740309927436,-0.003627509643312398,-0.003627509643312398,,,-0.0027818325485524523,-0.002561800595559603,-0.0034613641634660282,,,,,-0.002386519502179209,,,,,,,,,-0.0011141000133023334,,-0.0009627148734905514,,-0.0006590678857762351,-0.00196293811867554,,,,,,-0.0005843282286263527,-0.0028518157573210676,-0.0007040973686553567,,,,,-0.000987883889790958,,-0.00036035926056015075
343,2025-11-30,BFB,US1156372096,00243501,,,,-0.000670767315701257,,-0.0047233198480630175,-0.0010352481858768258,,,,,,,,,-0.002561800595559603,,,-0.0030432127880137567,-0.0024643407902937486,,-0.002386519502179209,,,,,,-0.003716710700115162,-0.006386460639634503,,-0.0011141000133023334,-0.005813316736077561,-0.0009627148734905514,-0.005529740309927436,-0.0006590678857762351,-0.00196293811867554,,,,0.0024510200292651337,-0.0023494233441142473,-0.0005843282286263527,-0.0028518157573210676,,-0.0007927250094651219,0.0012288311799838747,-0.002267193527070249,,-0.000987883889790958,,-0.0010952416342642087
344,2025-11-30,BG,CH1300646267,14443501,-0.00229009447178813,-0.0009466361282130473,-0.00199752733662577,-0.000670767315701257,,,-0.0010352481858768258,,-0.003285787720391665,,-0.003627509643312398,,,-0.00719743976847698,-0.0027818325485524523,-0.002561800595559603,,,0.003022924702760332,,,-0.002386519502179209,,,,-0.003022924702760332,,-0.003716710700115162,-0.006386460639634503,,0.0032621489598133077,-0.005813316736077561,-0.0009627148734905514,,0.0019460888644379816,-0.00196293811867554,0.0038104092891936953,-0.002591078316651713,,-0.002437842502226074,-0.0023494233441142473,0.00229009447178813,-0.0028518157573210676,-0.0007040973686553567,-0.0007927250094651219,-0.0024510200292651337,-0.002267193527070249,0.009647632030086164,-0.000987883889790958,,-0.0008586457759593962
345,2025-11-30,BHP,AU000000BHP4,01331201W,,,,0.0019800816830307846,,,-0.0010352481858768258,-0.0006891165735775831,0.0016428938601958324,,0.003570383507197242,0.003570383507197242,0.004237744910411679,,,0.002547408457382302,-0.0034613641634660282,,,,0.004875685004452148,,,,,0.0030029053338678792,0.0034093135745417273,,0.0016428938601958324,,,,-0.0009627148734905514,,-0.0006590678857762351,-0.00196293811867554,,,,,,-0.0005843282286263527,,-0.0007040973686553567,-0.0007927250094651219,,,,,,0.00045136523900721074
346,2025-11-30,BIIB,US09062X1037,02446801,-0.00229009447178813,-0.0009466361282130473,,-0.000670767315701257,-0.00199752733662577,-0.0047233198480630175,-0.0010352481858768258,0.0020152831351735543,,,,,-0.0014486859597892961,,0.002764870154963718,,,-0.004445477504059311,-0.0030432127880137567,-0.0024643407902937486,0.004875685004452148,0.002386519502179209,,,,,0.0034093135745417273,,,,-0.0011141000133023334,,,,-0.0006590678857762351,-0.00196293811867554,,,,,,-0.0005843282286263527,,,-0.0007927250094651219,0.0012288311799838747,-0.002267193527070249,,0.001954477178508835,,-0.00023300721980968123
347,2025-11-30,BIM,FR0013280286,27057801W,,-0.0009466361282130473,-0.00199752733662577,-0.000670767315701257,-0.00199752733662577,,-0.0010352481858768258,-0.0006891165735775831,0.0016428938601958324,,-0.003627509643312398,-0.003627509643312398,-0.0014486859597892961,,,,,0.004402317528291745,,,-0.002477807133410108,0.002386519502179209,,,,,-0.0010694309089954003,,,,-0.0011141000133023334,,,,-0.0006590678857762351,,,,,0.0024510200292651337,,-0.0005843282286263527,,0.002079994061532338,,0.0012288311799838747,,,,-0.0021188724552058395,-0.00033408027447281226
348,2025-11-30,BIRG,IE00BD1RP616,06359001W,,0.001858355350057581,-0.00199752733662577,-0.000670767315701257,-0.00199752733662577,,-0.0010352481858768258,-0.0006891165735775831,,,,,,,,0.002547408457382302,-0.0034613641634660282,,,,,,,,,,0.0034093135745417273,,,,,,-0.0009627148734905514,,-0.0006590678857762351,0.000987883889790958,,,,,,,,,-0.0007927250094651219,,,,,,-0.00010697933838015772
349,2025-11-30,BK,US0640581007,00201901,,,,,,,,-0.0006891165735775831,,,,,,,,,,,,,,,,,,0.0030029053338678792,-0.0010694309089954003,,,,-0.0011141000133023334,,,,,0.000987883889790958,,,,,,,,,0.0023253266944310244,,,0.009647632030086164,-0.000987883889790958,,0.00027794365895878457
350,2025-11-30,BKNG,US09857L1089,11931401,0.004359987552058171,0.001858355350057581,0.0019800816830307846,0.0019800816830307846,0.0019800816830307846,0.004626925565449486,0.002042516691054278,,0.0016428938601958324,,,,0.004237744910411679,0.003627509643312398,0.002764870154963718,0.002547408457382302,,,,-0.0024643407902937486,0.004875685004452148,,,,,,0.0034093135745417273,,0.0016428938601958324,,-0.0011141000133023334,,,,-0.0006590678857762351,,,,0.0035150287241399202,,,-0.0005843282286263527,0.002833991908837811,-0.0007040973686553567,,,0.004318463861086188,,,,0.0012119971563504593
351,2025-11-30,BKR,US05722G1004,03210601,,,,-0.000670767315701257,,,,0.0020152831351735543,,,,,,,,,,,,,,0.002386519502179209,,0.009647632030086164,,-0.003022924702760332,,-0.003716710700115162,0.0016428938601958324,,,,,,0.0019460888644379816,0.000987883889790958,,,0.0035150287241399202,,,0.00229009447178813,0.002833991908837811,,0.0023253266944310244,0.0012288311799838747,-0.002267193527070249,0.009647632030086164,,,0.0006049389932602597
352,2025-11-30,BKT,ES0113679I37,01584601W,,0.001858355350057581,,-0.000670767315701257,,,,-0.0006891165735775831,,,,,,,,0.002547408457382302,,,,,,,,,,0.0030029053338678792,0.0034093135745417273,,,,,,-0.0009627148734905514,,,0.000987883889790958,,,,,,,,,-0.0007927250094651219,,,,,0.002089579287622349,0.00021956510414924008
353,2025-11-30,BKW,CH0130293662,10289002W,,-0.0009466361282130473,,,,,,0.0020152831351735543,,,,,,,0.002764870154963718,,,,,,,,0.008244340098437268,0.009647632030086164,0.008244340098437268,,,,,,,,,,,0.000987883889790958,,,,,,,,,,,,,,-0.0021188724552058395,0.00047129068221574193
354,2025-11-30,BLDR,US12008R1077,16303601,,-0.0009466361282130473,,,,-0.0047233198480630175,-0.0010352481858768258,,,,,,,,,,-0.0034613641634660282,,,0.0024510200292651337,,-0.002386519502179209,,,,,,,,,,,-0.0009627148734905514,,-0.0006590678857762351,-0.00196293811867554,,-0.002591078316651713,-0.0035150287241399202,-0.002437842502226074,,-0.0005843282286263527,,-0.0007040973686553567,,-0.0024510200292651337,-0.002267193527070249,,0.001954477178508835,,-0.00048423081552418805
355,2025-11-30,BLK,US09290D1019,12443401,-0.00229009447178813,,,-0.000670767315701257,,,,-0.0006891165735775831,,,,,,,,,,,,,,0.002386519502179209,,,,,-0.0010694309089954003,,,,-0.0011141000133023334,,-0.0009627148734905514,,-0.0006590678857762351,,,,,,,,,-0.0007040973686553567,-0.0007927250094651219,,0.004318463861086188,-0.005272543086209881,-0.000987883889790958,-0.0021188724552058395,-0.0002449255563732006
356,2025-11-30,BMED,IT0004776628,21295501W,,0.001858355350057581,0.0019800816830307846,0.0019800816830307846,,,-0.0010352481858768258,,,,,,,,,,0.003435141707682195,,,,,,,,,0.0030029053338678792,0.0034093135745417273,,,,-0.0011141000133023334,,,,,0.000987883889790958,,,,,,,,0.002079994061532338,-0.0007927250094651219,,,,-0.000987883889790958,0.002089579287622349,0.000363260425414319
357,2025-11-30,BMO,CA0636711016,01558001C,,,,,,,,,,,,,,,,,,,,,,,,,,,-0.0010694309089954003,,,,,,-0.0009627148734905514,,,,,,,,,,,,0.0023253266944310244,,,,,,9.295251084819113e-06
358,2025-11-30,BMPS,IT0005508921,02458401W,,-0.0009466361282130473,,0.0019800816830307846,0.0019800816830307846,,-0.0010352481858768258,0.0020152831351735543,,,,,,,,,0.003435141707682195,,,,,,,,,,0.0034093135745417273,,,,,,,,-0.0006590678857762351,0.000987883889790958,,,,,,,,,-0.0007927250094651219,,,,,,0.00026060282845478055
359,2025-11-30,BMW,DE0005190003,10002201W,,-0.0009466361282130473,,,,,,-0.0006891165735775831,-0.003285787720391665,-0.005598008708815429,-0.003627509643312398,-0.003627509643312398,-0.0014486859597892961,,-0.0027818325485524523,,,,,,-0.002477807133410108,,,,,,-0.0010694309089954003,,0.0016428938601958324,,-0.0011141000133023334,,-0.0009627148734905514,,-0.0006590678857762351,,,,-0.0035150287241399202,,-0.0023494233441142473,-0.0005843282286263527,-0.0028518157573210676,-0.0007040973686553567,,,,,-0.000987883889790958,,-0.0005348014824633312
360,2025-11-30,BMW3,DE0005190037,10002202W,,,,,,,,,-0.003285787720391665,-0.005598008708815429,-0.003627509643312398,-0.003627509643312398,-0.0014486859597892961,,-0.0027818325485524523,,,,,,-0.002477807133410108,,,,,,-0.0010694309089954003,,0.0016428938601958324,,-0.0011141000133023334,,-0.0009627148734905514,,-0.0006590678857762351,,,,-0.0035150287241399202,,-0.0023494233441142473,-0.0005843282286263527,-0.0028518157573210676,-0.0007040973686553567,,,,,-0.000987883889790958,,-0.00047481305547982314
361,2025-11-30,BMY,US1101221083,00240301,0.004359987552058171,-0.0009466361282130473,,0.0019800816830307846,,0.004626925565449486,0.002042516691054278,0.0020152831351735543,0.0016428938601958324,,,,,0.003627509643312398,0.002764870154963718,0.002547408457382302,,,,0.0024510200292651337,0.004875685004452148,,,,,0.0030029053338678792,-0.0010694309089954003,0.003716710700115162,,,,,-0.0009627148734905514,,0.0019460888644379816,0.000987883889790958,,,,,,-0.0005843282286263527,,,-0.0007927250094651219,0.0012288311799838747,,,0.001954477178508835,0.002089579287622349,0.0009362251684199795
362,2025-11-30,BN,CA11271J1075,00236901C,,,,,,,,,,,,,,,,,,,,,,0.002386519502179209,,,,,-0.0010694309089954003,,,,-0.0011141000133023334,,-0.0009627148734905514,,-0.0006590678857762351,-0.00196293811867554,,,,,,,,0.002079994061532338,-0.0007927250094651219,,,,-0.000987883889790958,,-7.609955141204869e-05
363,2025-11-30,BN,FR0000120644,01745202W,,,,-0.000670767315701257,,,,,,,,,,,,0.002547408457382302,,,,,,0.002386519502179209,,,,,,,0.0016428938601958324,,-0.0011141000133023334,,-0.0009627148734905514,,0.0019460888644379816,0.000987883889790958,,,,,,-0.0005843282286263527,,,-0.0007927250094651219,,,,,,8.633536445112262e-05
364,2025-11-30,BN4,SG1U68934629,10007601W,,-0.0009466361282130473,-0.00199752733662577,-0.000670767315701257,-0.00199752733662577,,-0.0010352481858768258,0.0020152831351735543,,,,,,,,,-0.0034613641634660282,,-0.0030432127880137567,-0.0024643407902937486,,,,,,,,,,,,,-0.0009627148734905514,,-0.0006590678857762351,0.000987883889790958,,,,,,-0.0005843282286263527,,-0.0007040973686553567,-0.0007927250094651219,0.0012288311799838747,,,-0.000987883889790958,,-0.0002588076247081971
365,2025-11-30,BNP,FR0000131104,01553204W,,-0.0009466361282130473,,-0.000670767315701257,,,,-0.0006891165735775831,,,,,,,,0.002547408457382302,,,,,,,,,,,0.0034093135745417273,,,,,,,,-0.0006590678857762351,,,,,,,,,,-0.0007927250094651219,,,,,0.002089579287622349,6.834234325223686e-05
366,2025-11-30,BNR,DE000A1DAHH0,26983501W,,-0.0009466361282130473,-0.00199752733662577,-0.000670767315701257,-0.00199752733662577,,-0.0010352481858768258,-0.0006891165735775831,,,,,,,,,-0.0034613641634660282,,0.003022924702760332,0.0024510200292651337,,,,,,,,,,,,,-0.0009627148734905514,,-0.0006590678857762351,-0.00196293811867554,,-0.002591078316651713,-0.0035150287241399202,-0.002437842502226074,,0.00229009447178813,,-0.0007040973686553567,-0.0007927250094651219,-0.0024510200292651337,,,0.001954477178508835,,-0.0003111057450576039
367,2025-11-30,BNS,CA0641491075,01558201C,,,,,,,,,,,,,,,,,-0.0034613641634660282,,,,,,,,,,-0.0010694309089954003,,,,,,-0.0009627148734905514,,-0.0006590678857762351,,,,,,,,,,0.0023253266944310244,,,,,,-2.8646356326406484e-05
368,2025-11-30,BNZL,GB00B0744B38,10009501W,,-0.0009466361282130473,,-0.000670767315701257,,,-0.0010352481858768258,-0.0006891165735775831,,,,,,,,,,,0.003022924702760332,0.0024510200292651337,,,,,,,,,,,,,,,-0.0006590678857762351,,,,-0.0035150287241399202,,,-0.0005843282286263527,,-0.0007040973686553567,,,,,0.001954477178508835,,-2.9601278585890962e-05
369,2025-11-30,BOL,FR0000039299,10289201W,,-0.0009466361282130473,,,,,,0.0020152831351735543,-0.003285787720391665,-0.005598008708815429,-0.003627509643312398,,-0.0014486859597892961,,,,,-0.004445477504059311,,,,,0.008244340098437268,0.009647632030086164,0.008244340098437268,-0.003022924702760332,,-0.003716710700115162,,,-0.0011141000133023334,,,,0.0019460888644379816,-0.00196293811867554,,-0.002591078316651713,-0.0035150287241399202,,,-0.0005843282286263527,-0.0028518157573210676,,,,,,-0.000987883889790958,,-0.00010335767304653305
370,2025-11-30,BOL,SE0020050417,06489402W,,0.001858355350057581,0.0019800816830307846,0.0019800816830307846,0.0019800816830307846,,,,0.0016428938601958324,,,,-0.0014486859597892961,,,,,,,,-0.002477807133410108,0.002386519502179209,,,,0.0030029053338678792,-0.0010694309089954003,,0.0016428938601958324,,,,,,-0.0006590678857762351,-0.00196293811867554,,0.0025763562807616463,-0.0035150287241399202,0.0024510200292651337,-0.0023494233441142473,0.00229009447178813,,0.002079994061532338,,0.0012288311799838747,,,0.001954477178508835,,0.0004521404563442231
371,2025-11-30,BP.,GB0007980591,00241001W,,,,-0.000670767315701257,,,,-0.0006891165735775831,,,,,,,,,,,,0.0024510200292651337,,-0.002386519502179209,,,,,,0.003716710700115162,0.0016428938601958324,,,,,,-0.0006590678857762351,0.000987883889790958,,-0.002591078316651713,-0.0035150287241399202,,,-0.0005843282286263527,,-0.0007040973686553567,0.0023253266944310244,-0.0024510200292651337,,,0.001954477178508835,,0.00012117138134823594
372,2025-11-30,BPE,IT0000066123,20064701W,,0.001858355350057581,-0.00199752733662577,-0.000670767315701257,-0.00199752733662577,,-0.0010352481858768258,-0.0006891165735775831,,,,,,,,,0.003435141707682195,,,,,,,,,-0.003022924702760332,-0.0010694309089954003,,,,,,-0.0009627148734905514,,-0.0006590678857762351,0.000987883889790958,,,,,,,,,,,,,,,-0.00022847365820217577
373,2025-11-30,BR,US11133T1034,17692801,,,,,,,,-0.0006891165735775831,,,,,,,,,,,,,,,,,,,,,,,,,,,,0.000987883889790958,-0.00781790871403534,,,,,-0.0005843282286263527,,-0.0007040973686553567,-0.0007927250094651219,,,,,,-0.00016630265305436523
374,2025-11-30,BRKB,US0846707026,00217602,,-0.0009466361282130473,,-0.000670767315701257,,,,,,,,,,,,,,,,,,-0.002386519502179209,,,,,-0.0010694309089954003,,,,-0.0011141000133023334,,-0.0009627148734905514,,-0.0006590678857762351,,,,,,,,,-0.0007040973686553567,,,,,-0.000987883889790958,-0.0021188724552058395,-0.0002747808319898221
375,2025-11-30,BRO,US1152361010,01541701,,-0.0009466361282130473,,-0.000670767315701257,,,,-0.0006891165735775831,,,,,,,,,,,,,,,,,,-0.003022924702760332,-0.0010694309089954003,,,,-0.0011141000133023334,,-0.0009627148734905514,,-0.0006590678857762351,-0.00196293811867554,,,,,,,,-0.0007040973686553567,-0.0007927250094651219,,-0.002267193527070249,-0.005272543086209881,,-0.0021188724552058395,-0.0005760576113506524
376,2025-11-30,BS6,SG1U76934819,28437501W,,0.001858355350057581,0.0019800816830307846,0.0019800816830307846,0.0019800816830307846,,0.002042516691054278,0.0020152831351735543,,,,,,,,,,,,-0.0024643407902937486,,-0.002386519502179209,,,,,,,,,,,-0.0009627148734905514,,0.0019460888644379816,0.000987883889790958,,-0.002591078316651713,0.0035150287241399202,-0.002437842502226074,,0.00229009447178813,,-0.0007040973686553567,,-0.0024510200292651337,,,0.001954477178508835,,0.0004104183093338153
377,2025-11-30,BSX,US1011371077,02527901,,,,-0.000670767315701257,,,,-0.0006891165735775831,,,,,,,,,,,,,,,,,,0.0030029053338678792,-0.0010694309089954003,,,,,,,0.0058888143560266205,-0.0006590678857762351,0.000987883889790958,,,,,,0.00229009447178813,0.002833991908837811,,-0.0007927250094651219,0.0012288311799838747,,,-0.000987883889790958,,0.00011425837994815935
378,2025-11-30,BSY,US08265T2087,03707601,,-0.0009466361282130473,,-0.000670767315701257,,-0.0047233198480630175,-0.0010352481858768258,,,,,,-0.0014486859597892961,,,0.002547408457382302,,,,,,,,,,,,,,-0.007313527506678221,-0.0011141000133023334,-0.005813316736077561,-0.0009627148734905514,-0.005529740309927436,-0.0006590678857762351,0.000987883889790958,-0.00781790871403534,,,,-0.0023494233441142473,-0.0005843282286263527,,-0.0007040973686553567,,,-0.002267193527070249,,,,-0.0007233187052245628
379,2025-11-30,BT.A,GB0030913577,00241101W,,,,-0.000670767315701257,,,-0.0010352481858768258,-0.0006891165735775831,0.0016428938601958324,,,,-0.0014486859597892961,,,,,,,,,,,,,0.0030029053338678792,,0.003716710700115162,,,0.0032621489598133077,,,,,,,,,,,-0.0005843282286263527,,,,,,,,,4.1808583408637044e-05
380,2025-11-30,BTRW,GB0000811801,10017101W,,-0.0009466361282130473,-0.00199752733662577,-0.000670767315701257,-0.00199752733662577,,0.002042516691054278,-0.0006891165735775831,-0.003285787720391665,-0.005598008708815429,,,-0.0014486859597892961,,-0.0027818325485524523,-0.002561800595559603,,,,-0.0024643407902937486,-0.002477807133410108,-0.002386519502179209,,,,-0.003022924702760332,-0.0010694309089954003,-0.003716710700115162,0.0016428938601958324,,-0.0011141000133023334,,-0.0009627148734905514,,,,,,,,-0.0023494233441142473,-0.0005843282286263527,-0.0028518157573210676,-0.0007040973686553567,,0.0012288311799838747,,,-0.000987883889790958,-0.0021188724552058395,-0.0007526899159831496
381,2025-11-30,BURL,US1220171060,01867501,0.004359987552058171,,0.0019800816830307846,0.0019800816830307846,0.0019800816830307846,,,,,,,,-0.0014486859597892961,-0.00719743976847698,-0.0027818325485524523,,,,,0.0024510200292651337,-0.002477807133410108,,,,,,-0.0010694309089954003,,0.0016428938601958324,,,,,,,,0.0038104092891936953,-0.002591078316651713,,-0.002437842502226074,-0.0023494233441142473,-0.0005843282286263527,,-0.0007040973686553567,,-0.0024510200292651337,-0.002267193527070249,,-0.000987883889790958,0.002089579287622349,-2.861824529851047e-05
382,2025-11-30,BVI,FR0006174348,28696101W,,,,,,,,,,,,,,,,,,,,0.0024510200292651337,,,,,,,,,,,,,,,0.0019460888644379816,0.000987883889790958,,,,,,-0.0005843282286263527,,,,0.0012288311799838747,,,,0.002089579287622349,0.00015639675644300518
383,2025-11-30,BX,US09260D1072,17708801,,-0.0009466361282130473,0.0019800816830307846,-0.000670767315701257,0.0019800816830307846,,,,,,,,,,,,,,,,,,,,,,-0.0010694309089954003,,,,-0.0011141000133023334,,,,-0.0006590678857762351,-0.00196293811867554,,,,,,,0.002833991908837811,-0.0007040973686553567,-0.0007927250094651219,,-0.002267193527070249,-0.005272543086209881,-0.000987883889790958,,-0.00028042155402251617
384,2025-11-30,BXB,AU000000BXB1,10046101W,,0.001858355350057581,,0.0019800816830307846,0.0019800816830307846,,,0.0020152831351735543,,,,,,,,,,,,,,,,,,,,,,,,,-0.0009627148734905514,,-0.0006590678857762351,,,,,,,0.00229009447178813,,-0.0007040973686553567,-0.0007927250094651219,,,,-0.000987883889790958,,0.0001990663507354881
385,2025-11-30,BXP,US1011211018,06492501,,,,,,,,,,,,,,-0.00719743976847698,,,,,,,,,,,,,,0.003716710700115162,,,,,-0.0009627148734905514,,,-0.00196293811867554,,,,,,-0.0005843282286263527,,-0.0007040973686553567,-0.0007927250094651219,,,,,0.002089579287622349,0.00010238633355115076
386,2025-11-30,C,US1729674242,00324301,0.004359987552058171,,,,,0.004626925565449486,0.002042516691054278,0.0020152831351735543,,,,,,,,,,,,,,,,,,,-0.0010694309089954003,,,,,,,,0.0019460888644379816,,,,,,,,,,0.0023253266944310244,,0.004318463861086188,,,,0.000638675505867862
387,2025-11-30,C38U,SG1M51904654,25511801W,,,,,,,,,,,,,,,,,,-0.004445477504059311,-0.0030432127880137567,-0.0024643407902937486,,,,,,,,,,,,,-0.0009627148734905514,,,,,,,,-0.0023494233441142473,-0.0005843282286263527,,-0.0007040973686553567,-0.0007927250094651219,,,,,,-0.00020295092752807006
388,2025-11-30,C6L,SG1V61937297,10071301W,,-0.0009466361282130473,-0.00199752733662577,-0.000670767315701257,,,-0.0010352481858768258,-0.0006891165735775831,,,,,,,,,,,,,,,,,,,,,,,,,0.001897233077046233,,0.0019460888644379816,0.000987883889790958,,,-0.0035150287241399202,-0.002437842502226074,,0.00229009447178813,,0.002079994061532338,0.0023253266944310244,-0.0024510200292651337,,,0.001954477178508835,,-2.2088432218849252e-05
389,2025-11-30,CA,FR0000120172,10034601W,,-0.0009466361282130473,0.0019800816830307846,0.0019800816830307846,0.0019800816830307846,,,,0.0016428938601958324,,,,,,,,,,0.003022924702760332,0.0024510200292651337,,,,,,-0.003022924702760332,,0.003716710700115162,0.0016428938601958324,,0.0032621489598133077,,0.001897233077046233,,-0.0006590678857762351,,,,,,,0.00229009447178813,,-0.0007040973686553567,0.0023253266944310244,-0.0024510200292651337,,,0.001954477178508835,0.002089579287622349,0.0005682567105708745
390,2025-11-30,CABK,ES0140609019,28687901W,,0.001858355350057581,,,,,-0.0010352481858768258,0.0020152831351735543,,,,,,,,0.002547408457382302,0.003435141707682195,,,,,0.002386519502179209,,,,0.0030029053338678792,0.0034093135745417273,,,,,,,,,0.000987883889790958,,,,,,,,,-0.0007927250094651219,,,,,,0.0003368757395780479
391,2025-11-30,CAE,CA1247651088,00252601C,,-0.0009466361282130473,-0.00199752733662577,-0.000670767315701257,-0.00199752733662577,,,-0.0006891165735775831,,,,,,,,,0.003435141707682195,,-0.0030432127880137567,-0.0024643407902937486,,0.002386519502179209,,,,,,,,-0.007313527506678221,,,,,0.0019460888644379816,0.000987883889790958,0.0038104092891936953,,0.0035150287241399202,,,-0.0005843282286263527,,0.002079994061532338,,0.0012288311799838747,,,,,-5.9765057493984425e-06
392,2025-11-30,CAH,US14149Y1082,00275101,0.004359987552058171,0.001858355350057581,0.0019800816830307846,0.0019800816830307846,0.0019800816830307846,,0.002042516691054278,,0.0016428938601958324,,,,-0.0014486859597892961,0.003627509643312398,-0.0027818325485524523,0.002547408457382302,,0.004402317528291745,0.003022924702760332,-0.0024643407902937486,-0.002477807133410108,-0.002386519502179209,,,,,-0.0010694309089954003,,,,-0.0011141000133023334,,-0.0009627148734905514,,0.0019460888644379816,0.000987883889790958,,,,-0.002437842502226074,,-0.0005843282286263527,,-0.0007040973686553567,0.0023253266944310244,-0.0024510200292651337,0.004318463861086188,,,,0.0004229365357977664
393,2025-11-30,CAP,FR0000125338,10194402W,,0.001858355350057581,,-0.000670767315701257,,,,-0.0006891165735775831,,-0.005598008708815429,-0.003627509643312398,-0.003627509643312398,-0.0014486859597892961,,,,,0.004402317528291745,,,-0.002477807133410108,,,,,,,,,,-0.0011141000133023334,,-0.0009627148734905514,,-0.0006590678857762351,0.000987883889790958,,-0.002591078316651713,,-0.002437842502226074,-0.0023494233441142473,-0.0005843282286263527,,-0.0007040973686553567,,-0.0024510200292651337,,,0.001954477178508835,,-0.00030017294635003135
394,2025-11-30,CAR,AU000000CAR3,29273401W,,-0.0009466361282130473,,-0.000670767315701257,,,-0.0010352481858768258,,,0.005529740309927436,,,-0.0014486859597892961,,,,,-0.004445477504059311,,,,,,,,,,,,,,,,,-0.0006590678857762351,-0.00196293811867554,,,,,,-0.0005843282286263527,,,,,,,-0.000987883889790958,,-0.0002456288292292875
395,2025-11-30,CARL B,DK0010181759,10113005W,,-0.0009466361282130473,,-0.000670767315701257,,,0.002042516691054278,,0.0016428938601958324,,0.003570383507197242,0.003570383507197242,,,0.002764870154963718,0.002547408457382302,,,,,,,,,,-0.003022924702760332,,,0.0016428938601958324,,,,,,-0.0006590678857762351,0.000987883889790958,,0.0025763562807616463,,0.0024510200292651337,0.00458018894357626,-0.0005843282286263527,,0.002079994061532338,,0.0012288311799838747,,,,0.002089579287622349,0.00044216038882436006
396,2025-11-30,CARR,US14448C1045,03619101,-0.00229009447178813,-0.0009466361282130473,-0.00199752733662577,-0.000670767315701257,-0.00199752733662577,,,,,,,,,,,,,,,,,-0.002386519502179209,,,,,,,,-0.007313527506678221,,-0.005813316736077561,,,-0.0006590678857762351,-0.00196293811867554,,,,,,-0.0005843282286263527,,-0.0007040973686553567,-0.0007927250094651219,,,,-0.000987883889790958,,-0.000441555810774373
397,2025-11-30,CAT,US1491231015,00281701,-0.00229009447178813,,,-0.000670767315701257,,,-0.0010352481858768258,,,,,,,,,,-0.0034613641634660282,,,0.0024510200292651337,,-0.002386519502179209,,,,,,,,,,,-0.0009627148734905514,,-0.0006590678857762351,0.000987883889790958,,-0.002591078316651713,-0.0035150287241399202,-0.002437842502226074,,-0.0005843282286263527,,-0.0007040973686553567,-0.0007927250094651219,,,,-0.000987883889790958,0.002089579287622349,-0.0002995198123879815
398,2025-11-30,CB,CH0044328745,02803401,0.004359987552058171,,0.0019800816830307846,0.0019800816830307846,0.0019800816830307846,,-0.0010352481858768258,0.0020152831351735543,,,,,,,,,,,,,,,,,,,-0.0010694309089954003,,,,-0.0011141000133023334,,,,-0.0006590678857762351,,,,,,,,,-0.0007040973686553567,,,0.004318463861086188,-0.005272543086209881,,,0.00030301481813332904
399,2025-11-30,CBA,AU000000CBA7,02451201W,,-0.0009466361282130473,,-0.000670767315701257,,,-0.0010352481858768258,-0.0006891165735775831,,,,,,,,0.002547408457382302,,,,,,,,,,,0.0034093135745417273,,,,,,-0.0009627148734905514,,-0.0006590678857762351,,,,,,,,,,-0.0007927250094651219,,,,,,-5.197524288657059e-05
400,2025-11-30,CBK,DE000CBK1001,01557501W,,,,,,,0.002042516691054278,0.0020152831351735543,,,,,,,,0.002547408457382302,,,,,,,,,,-0.003022924702760332,0.0034093135745417273,,,,,,,,,,,,,,,,,,-0.0007927250094651219,,,,,,0.000194151009379798
401,2025-11-30,CBOE,US12503M1080,18450001,,,0.0019800816830307846,,0.0019800816830307846,,,-0.0006891165735775831,,,,,,,,,,,,,,,,,,-0.003022924702760332,-0.0010694309089954003,,,,-0.0011141000133023334,,,,-0.0006590678857762351,,,,,,,,-0.0028518157573210676,-0.0007040973686553567,-0.0007927250094651219,,-0.002267193527070249,,-0.000987883889790958,-0.0021188724552058395,-0.0003401339861580126
402,2025-11-30,CBRE,US12504L1098,26077401,,,,,,,,,0.0016428938601958324,,0.003570383507197242,0.003570383507197242,,0.003627509643312398,,,,0.004402317528291745,0.003022924702760332,0.0024510200292651337,,,,,,,,,,,,,0.001897233077046233,,,,,0.0025763562807616463,,0.0024510200292651337,0.00458018894357626,-0.0005843282286263527,,0.002079994061532338,0.0023253266944310244,0.0012288311799838747,,0.009647632030086164,0.001954477178508835,0.002089579287622349,0.0009553678206966835
403,2025-11-30,CCEP,GB00BDCPN049,01275602W,,,,-0.000670767315701257,,,,,,,,0.003570383507197242,,,0.002764870154963718,,,,,,,0.002386519502179209,,,,,,,0.0016428938601958324,,-0.0011141000133023334,,,,-0.0006590678857762351,0.000987883889790958,,,,,,-0.0005843282286263527,,,,0.0012288311799838747,,,,,0.00015392038112157315
404,2025-11-30,CCH,CH0198251305,22126104W,,,0.0019800816830307846,0.0019800816830307846,0.0019800816830307846,,0.002042516691054278,,0.0016428938601958324,,0.003570383507197242,0.003570383507197242,,,,,,,,,,,,,,,,,0.0016428938601958324,,,,,,0.0019460888644379816,0.000987883889790958,,0.0025763562807616463,,,,-0.0005843282286263527,,,,,,,,,0.0004715516362014557
405,2025-11-30,CCI,US22822V1017,11349001,,,,,,,,,0.0016428938601958324,,,,,0.003627509643312398,-0.0027818325485524523,,,,,0.0024510200292651337,,,,-0.009647632030086164,,,,,,,,,-0.0009627148734905514,,,-0.00196293811867554,,,,0.0024510200292651337,-0.0023494233441142473,0.00229009447178813,,,-0.0007927250094651219,0.0012288311799838747,,-0.005272543086209881,-0.000987883889790958,,-0.00032026671157189823
406,2025-11-30,CCL,PA1436583006,01349801,0.004359987552058171,0.001858355350057581,0.0019800816830307846,0.0019800816830307846,0.0019800816830307846,0.004626925565449486,0.002042516691054278,0.0020152831351735543,,,,,-0.0014486859597892961,,,0.002547408457382302,,,,,0.004875685004452148,,,,,0.0030029053338678792,-0.0010694309089954003,,0.0016428938601958324,0.006297759797417357,0.0032621489598133077,0.0064776957916292816,,0.0058888143560266205,0.0019460888644379816,,0.0038104092891936953,,0.0035150287241399202,0.0024510200292651337,0.00458018894357626,0.00229009447178813,,-0.0007040973686553567,,0.0012288311799838747,-0.002267193527070249,,,,0.0011283160489549764
407,2025-11-30,CCL.B,CA1249003098,01406201C,,,,,,,,,,,,,,,,,,,,,,,,,,,-0.0010694309089954003,,0.0016428938601958324,,,,,-0.005529740309927436,-0.0006590678857762351,,0.0038104092891936953,,,,0.00458018894357626,-0.0005843282286263527,,,0.0023253266944310244,0.0012288311799838747,,,,,0.00017051164052051513
408,2025-11-30,CCO,CA13321L1085,02437001C,,,-0.00199752733662577,-0.000670767315701257,,,,0.0020152831351735543,,,,,,,0.002764870154963718,-0.002561800595559603,,,,,,0.002386519502179209,0.008244340098437268,,0.008244340098437268,,,,-0.006386460639634503,,,,,,,0.000987883889790958,,0.0025763562807616463,0.0035150287241399202,0.0024510200292651337,,-0.0005843282286263527,0.002833991908837811,,,0.0012288311799838747,,,-0.000987883889790958,,0.00022956759530560924
409,2025-11-30,CDNS,US1273871087,01342101,,,,-0.000670767315701257,,,-0.0010352481858768258,-0.0006891165735775831,,0.005529740309927436,,,,,,,0.003435141707682195,,,,0.004875685004452148,,,,,,,,,,-0.0011141000133023334,0.0064776957916292816,-0.0009627148734905514,,-0.0006590678857762351,-0.00196293811867554,-0.00781790871403534,0.0025763562807616463,,0.0024510200292651337,0.00458018894357626,-0.0005843282286263527,,,,0.0012288311799838747,,,-0.000987883889790958,,9.02656371720463e-05
410,2025-11-30,CDW,US12514G1085,02832002,,,,-0.000670767315701257,,,-0.0010352481858768258,,,-0.005598008708815429,,,-0.0014486859597892961,,-0.0027818325485524523,,,0.004402317528291745,0.003022924702760332,0.0024510200292651337,-0.002477807133410108,,,,,,,,,,-0.0011141000133023334,,0.001897233077046233,-0.005529740309927436,-0.0006590678857762351,-0.00196293811867554,-0.00781790871403534,-0.002591078316651713,,-0.002437842502226074,-0.0023494233441142473,-0.0005843282286263527,,-0.0007040973686553567,,-0.0024510200292651337,,,,0.002089579287622349,-0.0004419794992608682
411,2025-11-30,CEG,US21037T1097,04061401,,,,,,0.004626925565449486,,-0.0006891165735775831,,,,,,,,,,0.004402317528291745,0.003022924702760332,0.0024510200292651337,,,0.008244340098437268,0.009647632030086164,,,,,,-0.007313527506678221,,,,-0.005529740309927436,,,,,0.0035150287241399202,,,,,,,,,0.009647632030086164,,,0.000739213635962934
412,2025-11-30,CEN,NZCENE0001S6,22791601W,,-0.0009466361282130473,,,,,,,,,,,,,,,,0.004402317528291745,,,,,,,0.008244340098437268,,,,,,,,0.001897233077046233,,,0.000987883889790958,,,0.0035150287241399202,,,,,,0.0023253266944310244,,,,,-0.0021188724552058395,0.0002502575649017636
413,2025-11-30,CF,US1252691001,16394601,0.004359987552058171,0.001858355350057581,0.0019800816830307846,0.0019800816830307846,0.0019800816830307846,,-0.0010352481858768258,-0.0006891165735775831,0.0016428938601958324,0.005529740309927436,,,0.004237744910411679,0.003627509643312398,0.002764870154963718,0.002547408457382302,-0.0034613641634660282,,,,0.004875685004452148,,0.008244340098437268,,0.008244340098437268,0.0030029053338678792,-0.0010694309089954003,,0.0016428938601958324,,,,0.001897233077046233,-0.005529740309927436,0.0019460888644379816,-0.00196293811867554,,0.0025763562807616463,,,,-0.0005843282286263527,,0.002079994061532338,-0.0007927250094651219,0.0012288311799838747,,,0.001954477178508835,,0.0010893926881613124
414,2025-11-30,CFG,US1746101054,02182501,,,,-0.000670767315701257,,0.004626925565449486,0.002042516691054278,-0.0006891165735775831,,,,,,,,,-0.0034613641634660282,,,,,,,,,,-0.0010694309089954003,,,,,,-0.0009627148734905514,,,,,,,,,,,,,,,,,,9.560009622848463e-05
415,2025-11-30,CFR,CH0210483332,10290201W,,-0.0009466361282130473,,-0.000670767315701257,,,,-0.0006891165735775831,,,0.003570383507197242,0.003570383507197242,,,,-0.002561800595559603,,,,,,-0.002386519502179209,,,,,0.0034093135745417273,,0.0016428938601958324,,-0.0011141000133023334,,-0.0009627148734905514,,-0.0006590678857762351,,,,,,-0.0023494233441142473,-0.0005843282286263527,,-0.0007040973686553567,,,,,-0.000987883889790958,,-2.846726669212714e-05
416,2025-11-30,CG,US14316J1088,18945901,-0.00229009447178813,,,-0.000670767315701257,,,,-0.0006891165735775831,,,,,,,,-0.002561800595559603,,,,,,,,,,-0.003022924702760332,-0.0010694309089954003,,,,-0.0011141000133023334,,0.001897233077046233,,0.0019460888644379816,-0.00196293811867554,,,,,,,-0.0028518157573210676,-0.0007040973686553567,-0.0007927250094651219,,-0.002267193527070249,-0.005272543086209881,-0.000987883889790958,,-0.0005809850006082155
417,2025-11-30,CHD,US1713401024,00302601,,,,-0.000670767315701257,,,-0.0010352481858768258,,,,,,,,0.002764870154963718,,,,,,,,,,,,,,0.0016428938601958324,,-0.0011141000133023334,,-0.0009627148734905514,,-0.0006590678857762351,,,,,0.0024510200292651337,,-0.0005843282286263527,,-0.0007040973686553567,-0.0007927250094651219,0.0012288311799838747,0.004318463861086188,,,,0.00021036693972671902
418,2025-11-30,CHRW,US12541W2098,06560901,,0.001858355350057581,,,,,,,,,,,,,,,,,0.003022924702760332,0.0024510200292651337,,,,,,,,,,,,,-0.0009627148734905514,,,-0.00196293811867554,,0.0025763562807616463,0.0035150287241399202,0.0024510200292651337,,-0.0005843282286263527,,,-0.0007927250094651219,0.0012288311799838747,-0.002267193527070249,,-0.000987883889790958,,5.8863439380996866e-05
419,2025-11-30,CHTR,US16119P1084,12613603,,,,,,0.004626925565449486,0.002042516691054278,-0.0006891165735775831,,0.005529740309927436,,,,,,,,,,,,,-0.008244340098437268,,-0.008244340098437268,,,,,,0.0032621489598133077,0.0064776957916292816,,,,,,,,,,-0.0005843282286263527,,,,,-0.002267193527070249,-0.005272543086209881,,,-0.00022659923089484918
420,2025-11-30,CI,US1255231003,00254701,-0.00229009447178813,-0.0009466361282130473,,-0.000670767315701257,,0.004626925565449486,0.002042516691054278,,-0.003285787720391665,,,,-0.0014486859597892961,-0.00719743976847698,-0.0027818325485524523,0.002547408457382302,,0.004402317528291745,0.003022924702760332,0.0024510200292651337,-0.002477807133410108,,,,,,-0.0010694309089954003,-0.003716710700115162,,,-0.0011141000133023334,,0.001897233077046233,,0.0019460888644379816,0.000987883889790958,,,,-0.002437842502226074,,-0.0005843282286263527,-0.0028518157573210676,-0.0007040973686553567,0.0023253266944310244,-0.0024510200292651337,0.004318463861086188,,,0.002089579287622349,0.000129065846011602
421,2025-11-30,CINF,US1720621010,01482401,0.004359987552058171,,0.0019800816830307846,0.0019800816830307846,0.0019800816830307846,-0.0047233198480630175,-0.0010352481858768258,0.0020152831351735543,,,,,,,,,,,,,,,,,,-0.003022924702760332,-0.0010694309089954003,,,,,,-0.0009627148734905514,,-0.0006590678857762351,0.000987883889790958,,,,,,,,-0.0007040973686553567,,,,-0.005272543086209881,,-0.0021188724552058395,-0.00016222946626224098
422,2025-11-30,CL,US1941621039,00317001,,-0.0009466361282130473,,-0.000670767315701257,,,-0.0010352481858768258,,0.0016428938601958324,,,0.003570383507197242,,0.003627509643312398,0.002764870154963718,,,,,0.0024510200292651337,,-0.002386519502179209,,,,,,,0.0016428938601958324,,-0.0011141000133023334,0.0064776957916292816,-0.0009627148734905514,,-0.0006590678857762351,,-0.00781790871403534,,,,,-0.0005843282286263527,0.002833991908837811,-0.0007040973686553567,-0.0007927250094651219,,,-0.005272543086209881,,0.002089579287622349,-8.355984151487753e-05
423,2025-11-30,CLNX,ES0105066007,31965901W,,-0.0009466361282130473,-0.00199752733662577,-0.000670767315701257,-0.00199752733662577,,-0.0010352481858768258,0.0020152831351735543,-0.003285787720391665,,-0.003627509643312398,-0.003627509643312398,-0.0014486859597892961,,,-0.002561800595559603,,-0.004445477504059311,,,,,-0.008244340098437268,,,,,0.003716710700115162,,,0.0032621489598133077,,,,,0.000987883889790958,,,0.0035150287241399202,,,-0.0005843282286263527,-0.0028518157573210676,,,,,,-0.000987883889790958,,-0.0003597089850148651
424,2025-11-30,CLS,CA15101Q2071,11215801C,,0.001858355350057581,,,,,0.002042516691054278,-0.0006891165735775831,,-0.005598008708815429,,,,,-0.0027818325485524523,,,0.004402317528291745,0.003022924702760332,0.0024510200292651337,-0.002477807133410108,0.002386519502179209,,,,,,,,,-0.0011141000133023334,0.0064776957916292816,0.001897233077046233,,,0.000987883889790958,0.0038104092891936953,,,,-0.0023494233441142473,-0.0005843282286263527,,-0.0007040973686553567,,,,,-0.000987883889790958,0.002089579287622349,0.0002399635675961307
425,2025-11-30,CLX,US1890541097,00312101,-0.00229009447178813,-0.0009466361282130473,-0.00199752733662577,-0.000670767315701257,-0.00199752733662577,-0.0047233198480630175,-0.0010352481858768258,,0.0016428938601958324,,,,,0.003627509643312398,,,,,,0.0024510200292651337,,0.002386519502179209,,,,0.0030029053338678792,,-0.003716710700115162,-0.006386460639634503,,-0.0011141000133023334,,-0.0009627148734905514,0.0058888143560266205,0.0019460888644379816,0.000987883889790958,-0.00781790871403534,0.0025763562807616463,,0.0024510200292651337,-0.0023494233441142473,-0.0005843282286263527,-0.0028518157573210676,0.002079994061532338,-0.0007927250094651219,0.0012288311799838747,,-0.005272543086209881,-0.000987883889790958,0.002089579287622349,-0.0007685232189634713
426,2025-11-30,CM,CA1360691010,01558101C,,0.001858355350057581,,,,,,,,,,,,,,,-0.0034613641634660282,,,,,,,,,,-0.0010694309089954003,,,,,,-0.0009627148734905514,,,,,,,,,,,,0.0023253266944310244,,,,,0.002089579287622349,0.00010070937867493131
427,2025-11-30,CMCSA,US20030N1019,00322601,-0.00229009447178813,-0.0009466361282130473,,-0.000670767315701257,,,-0.0010352481858768258,,,,,,,,,,,,,,,,,,,,,,,,0.0032621489598133077,,,,0.0019460888644379816,,,,,,,0.00229009447178813,,,,,0.004318463861086188,-0.005272543086209881,0.001954477178508835,,9.438862208929805e-05
428,2025-11-30,CME,US12572Q1058,14907001,-0.00229009447178813,-0.0009466361282130473,-0.00199752733662577,-0.000670767315701257,,-0.0047233198480630175,-0.0010352481858768258,-0.0006891165735775831,,,,,,,,,,,,,,,,,,,-0.0010694309089954003,,,,-0.0011141000133023334,,-0.0009627148734905514,,-0.0006590678857762351,0.000987883889790958,,,,,,,0.002833991908837811,-0.0007040973686553567,-0.0007927250094651219,,,-0.005272543086209881,-0.000987883889790958,,-0.0005935671155231165
429,2025-11-30,CMG,US1696561059,16591401,-0.00229009447178813,-0.0009466361282130473,,-0.000670767315701257,,,,-0.0006891165735775831,0.0016428938601958324,0.005529740309927436,,,0.004237744910411679,0.003627509643312398,,,,,,,,,,,,,-0.0010694309089954003,,0.0016428938601958324,,-0.0011141000133023334,0.0064776957916292816,,-0.005529740309927436,-0.0006590678857762351,,0.0038104092891936953,0.0025763562807616463,,,,-0.0005843282286263527,,,,0.0012288311799838747,,,,,0.00027326371422173296
430,2025-11-30,CMI,US2310211063,00365001,0.004359987552058171,0.001858355350057581,0.0019800816830307846,0.0019800816830307846,0.0019800816830307846,,,0.0020152831351735543,,,,,,,,,0.003435141707682195,,,,,-0.002386519502179209,,,,,,,,-0.007313527506678221,,,-0.0009627148734905514,-0.005529740309927436,0.0019460888644379816,,,,0.0035150287241399202,,,-0.0005843282286263527,,-0.0007040973686553567,,0.0012288311799838747,0.004318463861086188,,-0.000987883889790958,,0.0005216962288130715
431,2025-11-30,CMS,US1258961002,00343901,-0.00229009447178813,,,,,,,,,,,,,,,,,,,,,,,,,,,,,-0.007313527506678221,,,,-0.005529740309927436,,-0.00196293811867554,,,,,,,,,-0.0007927250094651219,,,0.009647632030086164,,0.002089579287622349,0.0001653425910199245
432,2025-11-30,CNA,GB00B033F229,21342301W,,-0.0009466361282130473,,,,,0.002042516691054278,0.0020152831351735543,,,,,,,0.002764870154963718,,,0.004402317528291745,0.003022924702760332,0.0024510200292651337,,,0.008244340098437268,0.009647632030086164,0.008244340098437268,,,,,,,,0.001897233077046233,,,0.000987883889790958,,,,,,,,,0.0023253266944310244,,,,,0.002089579287622349,0.0008655137693003261
433,2025-11-30,CNC,US15135B1017,14555201,0.004359987552058171,-0.0009466361282130473,0.0019800816830307846,0.0019800816830307846,0.0019800816830307846,-0.0047233198480630175,-0.0010352481858768258,0.0020152831351735543,-0.003285787720391665,,-0.003627509643312398,-0.003627509643312398,-0.0014486859597892961,-0.00719743976847698,-0.0027818325485524523,0.002547408457382302,,0.004402317528291745,0.003022924702760332,0.0024510200292651337,-0.002477807133410108,,,,,,-0.0010694309089954003,0.003716710700115162,,,-0.0011141000133023334,,0.001897233077046233,-0.005529740309927436,-0.0006590678857762351,0.000987883889790958,,,,,,-0.0005843282286263527,,0.002079994061532338,0.0023253266944310244,0.0012288311799838747,0.004318463861086188,,0.001954477178508835,0.002089579287622349,0.0005807504415301864
434,2025-11-30,CNP,US15189T1079,00574201,0.004359987552058171,,,,,,,,,,,,,,-0.0027818325485524523,,,,,,,,-0.008244340098437268,-0.009647632030086164,,,,,,,,,,,,-0.00196293811867554,,,,,,,,,-0.0007927250094651219,,-0.002267193527070249,,,,-0.00034422838325568297
435,2025-11-30,CNQ,CA1363851017,01505501C,,-0.0009466361282130473,,,,,0.002042516691054278,-0.0006891165735775831,,,,,,,,,,,,,,,,-0.009647632030086164,-0.008244340098437268,,,-0.003716710700115162,0.0016428938601958324,,,,,,,0.000987883889790958,,,,-0.002437842502226074,,-0.0005843282286263527,,-0.0007040973686553567,,,,,,,-0.00042799878412586734
436,2025-11-30,CNR,CA1363751027,00269601C,,-0.0009466361282130473,,-0.000670767315701257,,,,-0.0006891165735775831,,,,,,,,,,,-0.0030432127880137567,-0.0024643407902937486,,,,,,,,,,-0.007313527506678221,,-0.005813316736077561,-0.0009627148734905514,-0.005529740309927436,-0.0006590678857762351,,,,,,,-0.0005843282286263527,,-0.0007040973686553567,-0.0007927250094651219,,,,-0.000987883889790958,,-0.0003978518287868129
437,2025-11-30,COF,US14040H1059,03099001,0.004359987552058171,0.001858355350057581,0.0019800816830307846,0.0019800816830307846,0.0019800816830307846,0.004626925565449486,0.002042516691054278,0.0020152831351735543,,,,,,,,,,,,,,0.002386519502179209,,,,,-0.0010694309089954003,,,,0.0032621489598133077,,-0.0009627148734905514,,-0.0006590678857762351,0.000987883889790958,,,,,,,0.002833991908837811,-0.0007040973686553567,,,0.004318463861086188,0.009647632030086164,,,0.0011363951696402226
438,2025-11-30,COH,AU000000COH5,21263501W,,-0.0009466361282130473,-0.00199752733662577,-0.000670767315701257,-0.00199752733662577,,-0.0010352481858768258,-0.0006891165735775831,,,-0.003627509643312398,-0.003627509643312398,0.004237744910411679,,-0.0027818325485524523,-0.002561800595559603,,0.004402317528291745,0.003022924702760332,,,-0.002386519502179209,,,,-0.003022924702760332,-0.0010694309089954003,-0.003716710700115162,,,-0.0011141000133023334,,-0.0009627148734905514,,-0.0006590678857762351,0.000987883889790958,,,,-0.002437842502226074,,-0.0005843282286263527,-0.0028518157573210676,-0.0007040973686553567,-0.0007927250094651219,-0.0024510200292651337,,,-0.000987883889790958,,-0.0005835046478460025
439,2025-11-30,COIN,US19260Q1076,03474901,-0.00229009447178813,-0.0009466361282130473,-0.00199752733662577,-0.000670767315701257,-0.00199752733662577,-0.0047233198480630175,-0.0010352481858768258,-0.0006891165735775831,,,,,,,,,0.003435141707682195,,,,,,,,,-0.003022924702760332,-0.0010694309089954003,,,,-0.0011141000133023334,,,,,0.000987883889790958,,,,,,,-0.0028518157573210676,-0.0007040973686553567,-0.0007927250094651219,,,,-0.000987883889790958,-0.0021188724552058395,-0.0007008461237290125
440,2025-11-30,COL,AU0000030678,32949801W,,,,-0.000670767315701257,,,,,0.0016428938601958324,,,,,,,,,,0.003022924702760332,0.0024510200292651337,,,,,,0.0030029053338678792,,,0.0016428938601958324,,-0.0011141000133023334,,,,-0.0006590678857762351,0.000987883889790958,,,,0.0024510200292651337,0.00458018894357626,-0.0005843282286263527,,-0.0007040973686553567,,0.0012288311799838747,,,-0.000987883889790958,0.002089579287622349,0.00033154320649193765
441,2025-11-30,COLO B,DK0060448595,10153801W,,-0.0009466361282130473,-0.00199752733662577,-0.000670767315701257,-0.00199752733662577,,-0.0010352481858768258,-0.0006891165735775831,0.0016428938601958324,,,,-0.0014486859597892961,,-0.0027818325485524523,,,,,,,,,,,-0.003022924702760332,-0.0010694309089954003,,,,-0.0011141000133023334,,-0.0009627148734905514,,-0.0006590678857762351,-0.00196293811867554,,,,0.0024510200292651337,,-0.0005843282286263527,-0.0028518157573210676,0.002079994061532338,-0.0007927250094651219,0.0012288311799838747,,,-0.000987883889790958,0.002089579287622349,-0.00039258083248896097
442,2025-11-30,CON,DE0005439004,10060901W,,-0.0009466361282130473,-0.00199752733662577,-0.000670767315701257,-0.00199752733662577,,,-0.0006891165735775831,,-0.005598008708815429,,,-0.0014486859597892961,,,,,,,,-0.002477807133410108,0.002386519502179209,,,,,-0.0010694309089954003,,0.0016428938601958324,,-0.0011141000133023334,,-0.0009627148734905514,,0.0019460888644379816,,,,0.0035150287241399202,,,-0.0005843282286263527,,-0.0007040973686553567,,,,,0.001954477178508835,0.002089579287622349,-5.129612681162219e-05
443,2025-11-30,COO,US2166485019,00350401,-0.00229009447178813,-0.0009466361282130473,,-0.000670767315701257,,,,-0.0006891165735775831,-0.003285787720391665,,,,-0.0014486859597892961,-0.00719743976847698,,,,-0.004445477504059311,-0.0030432127880137567,-0.0024643407902937486,,-0.002386519502179209,,,,,-0.0010694309089954003,,,,-0.0011141000133023334,,,,-0.0006590678857762351,0.000987883889790958,,,,,,-0.0005843282286263527,,,,0.0012288311799838747,-0.002267193527070249,,,,-0.0004686411327176552
444,2025-11-30,COP,US20825C1045,00854901,,-0.0009466361282130473,,-0.000670767315701257,,-0.0047233198480630175,-0.0010352481858768258,-0.0006891165735775831,,,,,,,,,,,,,,,,,,0.0030029053338678792,,,0.0016428938601958324,,,,,,-0.0006590678857762351,-0.00196293811867554,,,,,,-0.0005843282286263527,,-0.0007040973686553567,-0.0007927250094651219,,,,,,-0.00020810560286730899
445,2025-11-30,COR,US03073E1055,03167301,-0.00229009447178813,,,-0.000670767315701257,,,,-0.0006891165735775831,0.0016428938601958324,,,,-0.0014486859597892961,0.003627509643312398,-0.0027818325485524523,0.002547408457382302,,0.004402317528291745,0.003022924702760332,0.0024510200292651337,-0.002477807133410108,,,,,,-0.0010694309089954003,-0.003716710700115162,,,-0.0011141000133023334,,0.001897233077046233,,-0.0006590678857762351,0.000987883889790958,,,,-0.002437842502226074,,-0.0005843282286263527,,-0.0007040973686553567,0.0023253266944310244,-0.0024510200292651337,,,-0.000987883889790958,0.002089579287622349,-0.00027111821206722927
446,2025-11-30,COST,US22160K1051,02902801,,,,-0.000670767315701257,,,-0.0010352481858768258,,0.0016428938601958324,,0.003570383507197242,0.003570383507197242,,0.003627509643312398,,,,,0.003022924702760332,0.0024510200292651337,,0.002386519502179209,,,,0.0030029053338678792,,,0.0016428938601958324,,-0.0011141000133023334,0.0064776957916292816,,,-0.0006590678857762351,,,0.0025763562807616463,,0.0024510200292651337,-0.0023494233441142473,-0.0005843282286263527,0.002833991908837811,-0.0007040973686553567,-0.0007927250094651219,0.0012288311799838747,0.004318463861086188,,-0.000987883889790958,,0.0005343931919882527
447,2025-11-30,COV,FR0000064578,22228401W,,,,,,,,,,,0.003570383507197242,0.003570383507197242,,,-0.0027818325485524523,,,-0.004445477504059311,,-0.0024643407902937486,,,,,,,,,,,,,-0.0009627148734905514,,,0.000987883889790958,,,,,-0.0023494233441142473,0.00229009447178813,,-0.0007040973686553567,-0.0007927250094651219,-0.0024510200292651337,,,-0.000987883889790958,0.002089579287622349,-7.90538482029269e-05
448,2025-11-30,CP,CA13646K1084,00269801C,,-0.0009466361282130473,,-0.000670767315701257,,,,-0.0006891165735775831,,,,,,,,,,,-0.0030432127880137567,-0.0024643407902937486,,,,,,,,,,0.006297759797417357,,,-0.0009627148734905514,,,0.000987883889790958,0.0038104092891936953,,,,,-0.0005843282286263527,,-0.0007040973686553567,-0.0007927250094651219,,,,-0.000987883889790958,-0.0021188724552058395,-0.00023406668283573512
449,2025-11-30,CPAY,US2199481068,18470001,-0.00229009447178813,-0.0009466361282130473,,-0.000670767315701257,,,,-0.0006891165735775831,,,,,,,,,,,,,,,,,,0.0030029053338678792,-0.0010694309089954003,,,,,,,,-0.0006590678857762351,,,,,,,,0.002833991908837811,-0.0007040973686553567,-0.0007927250094651219,,-0.002267193527070249,,,,-0.00017448553488954387
450,2025-11-30,CPG,GB00BD6K4575,24309001W,,,,,,,,-0.0006891165735775831,0.0016428938601958324,,,,-0.0014486859597892961,,,,,,,0.0024510200292651337,-0.002477807133410108,,,,,,0.0034093135745417273,,-0.006386460639634503,,-0.0011141000133023334,,0.001897233077046233,,-0.0006590678857762351,,,,,,,-0.0005843282286263527,,,,0.0012288311799838747,,,,,-0.00024029601227390466
451,2025-11-30,CPR,NL0015435975,24693901W,,,,-0.000670767315701257,-0.00199752733662577,,-0.0010352481858768258,,-0.003285787720391665,,,,,,,-0.002561800595559603,,,-0.0030432127880137567,-0.0024643407902937486,,-0.002386519502179209,,,,,,0.003716710700115162,0.0016428938601958324,,,,-0.0009627148734905514,,-0.0006590678857762351,-0.00196293811867554,,0.0025763562807616463,,0.0024510200292651337,,-0.0005843282286263527,,0.002079994061532338,-0.0007927250094651219,0.0012288311799838747,,,,,3.328977707601905e-05
452,2025-11-30,CPRT,US2172041061,02990101,-0.00229009447178813,-0.0009466361282130473,,-0.000670767315701257,,,,,,,,,,,,,-0.0034613641634660282,,-0.0030432127880137567,-0.0024643407902937486,,,,,,,,,,0.006297759797417357,,,-0.0009627148734905514,,,-0.00196293811867554,,0.0025763562807616463,,0.0024510200292651337,,-0.0005843282286263527,,-0.0007040973686553567,-0.0007927250094651219,0.0012288311799838747,,,,-0.0021188724552058395,-0.00020147544407309604
453,2025-11-30,CPU,AU000000CPU5,22309601W,,,,,,,-0.0010352481858768258,-0.0006891165735775831,,,,,,,,,,,,,,,,,,,,,,,,,,,,0.000987883889790958,,,,,,-0.0005843282286263527,,,-0.0007927250094651219,0.0012288311799838747,,,,,-5.330186616955041e-05
454,2025-11-30,CPW,IL0010824113,06318501W,,,,,,,,,0.0016428938601958324,,,,,,0.002764870154963718,-0.002561800595559603,-0.0034613641634660282,,,,,,,,,,,,,,-0.0011141000133023334,,,,-0.0006590678857762351,0.000987883889790958,,,,,,-0.0005843282286263527,,-0.0007040973686553567,,,,,0.001954477178508835,,6.477351740259943e-05
455,2025-11-30,CRBG,US21871X1090,04108401,-0.00229009447178813,-0.0009466361282130473,-0.00199752733662577,-0.000670767315701257,-0.00199752733662577,0.004626925565449486,0.002042516691054278,0.0020152831351735543,,,,,,,,-0.002561800595559603,,,,,,,,,,-0.003022924702760332,-0.0010694309089954003,,,,-0.0011141000133023334,,-0.0009627148734905514,,-0.0006590678857762351,-0.00196293811867554,,,,,,,0.002833991908837811,-0.0007040973686553567,-0.0007927250094651219,,,,,0.002089579287622349,4.937804462079606e-05
456,2025-11-30,CRH,IE0001827041,01544402W,,,,-0.000670767315701257,,,,-0.0006891165735775831,,,,,-0.0014486859597892961,,,,,,,,-0.002477807133410108,-0.002386519502179209,,,,-0.003022924702760332,-0.0010694309089954003,,0.0016428938601958324,,,,,,-0.0006590678857762351,0.000987883889790958,,,,-0.002437842502226074,-0.0023494233441142473,-0.0005843282286263527,,-0.0007040973686553567,0.0023253266944310244,,,,-0.000987883889790958,,-0.0003214962246073584
457,2025-11-30,CRM,US79466L3024,15785501,-0.00229009447178813,-0.0009466361282130473,,-0.000670767315701257,,,0.002042516691054278,,,,,,-0.0014486859597892961,,,0.002547408457382302,,-0.004445477504059311,,,,,,,,,,,,,0.0032621489598133077,,,,,0.000987883889790958,,,,,,0.00229009447178813,,-0.0007040973686553567,,,0.004318463861086188,,0.001954477178508835,,0.0002327519906597081
458,2025-11-30,CRWD,US22788C1053,03518201,-0.00229009447178813,-0.0009466361282130473,,-0.000670767315701257,,-0.0047233198480630175,-0.0010352481858768258,-0.0006891165735775831,0.0016428938601958324,,,,-0.0014486859597892961,0.003627509643312398,,0.002547408457382302,-0.0034613641634660282,,,,-0.002477807133410108,,,,,,,,,0.006297759797417357,-0.0011141000133023334,,-0.0009627148734905514,-0.005529740309927436,-0.0006590678857762351,,0.0038104092891936953,,,,-0.0023494233441142473,-0.0005843282286263527,,-0.0007040973686553567,,,,,-0.000987883889790958,,-0.0005632524055206165
459,2025-11-30,CS,FR0000120628,06312001W,,-0.0009466361282130473,-0.00199752733662577,-0.000670767315701257,-0.00199752733662577,,,-0.0006891165735775831,,,,,,,,-0.002561800595559603,,,,,,,,,,,-0.0010694309089954003,,,,,,0.001897233077046233,,-0.0006590678857762351,-0.00196293811867554,,,,,,,0.002833991908837811,0.002079994061532338,-0.0007927250094651219,,,,,,-0.00016343426239533848
460,2025-11-30,CSA,IE00B4BNMY34,14335702W,,,,,,,,,0.0016428938601958324,,-0.003627509643312398,-0.003627509643312398,,,,,,0.004402317528291745,0.003022924702760332,0.0024510200292651337,-0.002477807133410108,,,,,,,,,,-0.0011141000133023334,,0.001897233077046233,,-0.0006590678857762351,-0.00196293811867554,,,,,,-0.0005843282286263527,,0.002079994061532338,,0.0012288311799838747,,,0.001954477178508835,,0.00016371925341968234
461,2025-11-30,CSCO,US17275R1023,02077901,-0.00229009447178813,-0.0009466361282130473,,-0.000670767315701257,,,-0.0010352481858768258,-0.0006891165735775831,,,,,,,,,-0.0034613641634660282,,,,,,,,,,,,,-0.007313527506678221,-0.0011141000133023334,-0.005813316736077561,,,-0.0006590678857762351,,,,,,0.00458018894357626,-0.0005843282286263527,,0.002079994061532338,,0.0012288311799838747,,,,,-0.00014088644430282492
462,2025-11-30,CSGP,US22160N1090,11211101,,,,,,0.004626925565449486,,,,,,-0.003627509643312398,,-0.00719743976847698,-0.0027818325485524523,,,0.004402317528291745,0.003022924702760332,,,,,0.009647632030086164,,,,0.003716710700115162,,,,,,,,,,-0.002591078316651713,,0.0024510200292651337,-0.0023494233441142473,-0.0005843282286263527,,-0.0007040973686553567,,0.0012288311799838747,,0.009647632030086164,-0.000987883889790958,-0.0021188724552058395,0.0005621943024683924
463,2025-11-30,CSL,AU000000CSL8,22300301W,,-0.0009466361282130473,-0.00199752733662577,-0.000670767315701257,-0.00199752733662577,,,-0.0006891165735775831,,,,,-0.0014486859597892961,,,-0.002561800595559603,,-0.004445477504059311,,,,-0.002386519502179209,,,,-0.003022924702760332,-0.0010694309089954003,,,,,,-0.0009627148734905514,,,,,,,,,0.00229009447178813,0.002833991908837811,,,0.0012288311799838747,,,,,-0.0003245343312234566
464,2025-11-30,CSL,US1423391002,00277101,-0.00229009447178813,-0.0009466361282130473,-0.00199752733662577,-0.000670767315701257,-0.00199752733662577,0.004626925565449486,0.002042516691054278,,,,,,,,,,-0.0034613641634660282,,,,,-0.002386519502179209,,,,,,,,,,,,,-0.0006590678857762351,,,-0.002591078316651713,-0.0035150287241399202,-0.002437842502226074,,0.00229009447178813,,-0.0007040973686553567,-0.0007927250094651219,-0.0024510200292651337,-0.002267193527070249,,0.001954477178508835,,-0.00022426020570994674
465,2025-11-30,CSU,CA21037X1006,17430201C,,0.001858355350057581,,0.0019800816830307846,,,,-0.0006891165735775831,0.0016428938601958324,,,,-0.0014486859597892961,,,,,,,0.0024510200292651337,,,,,,,,,,,0.0032621489598133077,,0.001897233077046233,,-0.0006590678857762351,,-0.00781790871403534,,,,,0.00229009447178813,,0.002079994061532338,,0.0012288311799838747,,,,0.002089579287622349,0.00015320117586535459
466,2025-11-30,CSX,US1264081035,00257401,-0.00229009447178813,-0.0009466361282130473,,-0.000670767315701257,,,-0.0010352481858768258,-0.0006891165735775831,,,,,,,,,,,-0.0030432127880137567,,,,,,,,,,,,,-0.005813316736077561,-0.0009627148734905514,-0.005529740309927436,-0.0006590678857762351,,-0.00781790871403534,-0.002591078316651713,-0.0035150287241399202,-0.002437842502226074,,-0.0005843282286263527,,-0.0007040973686553567,-0.0007927250094651219,-0.0024510200292651337,0.004318463861086188,,-0.000987883889790958,,-0.0005496703880885379
467,2025-11-30,CTAS,US1729081059,00306201,,,,-0.000670767315701257,,,-0.0010352481858768258,-0.0006891165735775831,,,,,,,,,,,,,,-0.002386519502179209,,,,,,,,0.006297759797417357,,0.0064776957916292816,-0.0009627148734905514,,-0.0006590678857762351,0.000987883889790958,,-0.002591078316651713,,-0.002437842502226074,,-0.0005843282286263527,,-0.0007040973686553567,-0.0007927250094651219,,,,-0.000987883889790958,,-0.00021797702122211036
468,2025-11-30,CTC.A,CA1366812024,00270301C,,-0.0009466361282130473,,-0.000670767315701257,,,0.002042516691054278,-0.0006891165735775831,,,,,-0.0014486859597892961,,,-0.002561800595559603,,,,,,0.002386519502179209,,,,0.0030029053338678792,-0.0010694309089954003,,0.0016428938601958324,,0.0032621489598133077,-0.005813316736077561,,,0.0019460888644379816,,0.0038104092891936953,,,,,0.00229009447178813,0.002833991908837811,-0.0007040973686553567,,,,,,,0.00016566264366151435
469,2025-11-30,CTRA,US1270971039,02054801,-0.00229009447178813,-0.0009466361282130473,-0.00199752733662577,-0.000670767315701257,-0.00199752733662577,0.004626925565449486,0.002042516691054278,,,,,,,,0.002764870154963718,,,,,-0.0024643407902937486,,,,,,0.0030029053338678792,,,0.0016428938601958324,,,,,,0.0019460888644379816,,,0.0025763562807616463,,0.0024510200292651337,,-0.0005843282286263527,0.002833991908837811,0.002079994061532338,-0.0007927250094651219,0.0012288311799838747,-0.002267193527070249,-0.005272543086209881,,,8.405243191186996e-05
470,2025-11-30,CTSH,US1924461023,11186401,0.004359987552058171,,,0.0019800816830307846,,,,0.0020152831351735543,,,0.003570383507197242,0.003570383507197242,,,,,,0.004402317528291745,,,,,,,,,,,,,-0.0011141000133023334,-0.005813316736077561,0.001897233077046233,,-0.0006590678857762351,,0.0038104092891936953,,,0.0024510200292651337,0.00458018894357626,-0.0005843282286263527,,0.002079994061532338,,0.0012288311799838747,-0.002267193527070249,,0.001954477178508835,-0.0021188724552058395,0.0005017060963207258
471,2025-11-30,CTVA,US22052L1044,03516801,0.004359987552058171,,,,,,,0.0020152831351735543,,,,,-0.0014486859597892961,,0.002764870154963718,-0.002561800595559603,,,,,,0.002386519502179209,,,,,-0.0010694309089954003,,-0.006386460639634503,,,0.0064776957916292816,,,,0.000987883889790958,0.0038104092891936953,,,0.0024510200292651337,0.00458018894357626,-0.0005843282286263527,0.002833991908837811,0.002079994061532338,,0.0012288311799838747,,,0.001954477178508835,,0.0003420321871014095
472,2025-11-30,CU,CA1367178326,01443301C,,-0.0009466361282130473,,,,,-0.0010352481858768258,-0.0006891165735775831,,,,,,,,,,-0.004445477504059311,-0.0030432127880137567,,,,0.008244340098437268,,0.008244340098437268,,,,,0.006297759797417357,,,-0.0009627148734905514,0.0058888143560266205,,,,,,,,,,,-0.0007927250094651219,,,,,,0.0001676521168902912
473,2025-11-30,CVC,JE00BRX98089,36139901W,,-0.0009466361282130473,-0.00199752733662577,-0.000670767315701257,-0.00199752733662577,,,-0.0006891165735775831,,,,,,,,,-0.0034613641634660282,,,,,,,,,,-0.0010694309089954003,,,,,,,,,,,,,,,,,-0.0007040973686553567,,,,,,,-0.0002693646070455014
474,2025-11-30,CVE,CA15135U1093,18379101C,,-0.0009466361282130473,0.0019800816830307846,0.0019800816830307846,0.0019800816830307846,,,,,,,,,,,,,0.004402317528291745,,,,0.002386519502179209,0.008244340098437268,,,,,,-0.006386460639634503,,,,,,-0.0006590678857762351,,,-0.002591078316651713,,-0.002437842502226074,,-0.0005843282286263527,,-0.0007040973686553567,-0.0007927250094651219,-0.0024510200292651337,,,,,-0.00012749300381585083
475,2025-11-30,CVNA,US1468691027,03099901,,0.001858355350057581,0.0019800816830307846,,0.0019800816830307846,,,,-0.003285787720391665,,,,0.004237744910411679,-0.00719743976847698,,,,,,0.0024510200292651337,,-0.002386519502179209,,,,-0.003022924702760332,-0.0010694309089954003,-0.003716710700115162,0.0016428938601958324,,0.0032621489598133077,,0.001897233077046233,0.0058888143560266205,0.0019460888644379816,,0.0038104092891936953,,0.0035150287241399202,,,0.00229009447178813,,-0.0007040973686553567,,,,,-0.000987883889790958,,0.0003785690954400485
476,2025-11-30,CVS,US1266501006,00724101,0.004359987552058171,0.001858355350057581,0.0019800816830307846,0.0019800816830307846,0.0019800816830307846,0.004626925565449486,0.002042516691054278,0.0020152831351735543,-0.003285787720391665,,,,-0.0014486859597892961,-0.00719743976847698,-0.0027818325485524523,0.002547408457382302,,0.004402317528291745,0.003022924702760332,0.0024510200292651337,-0.002477807133410108,,,,,,-0.0010694309089954003,0.003716710700115162,,,-0.0011141000133023334,,0.001897233077046233,-0.005529740309927436,-0.0006590678857762351,0.000987883889790958,,,,,,-0.0005843282286263527,-0.0028518157573210676,0.002079994061532338,0.0023253266944310244,0.0012288311799838747,,,-0.000987883889790958,0.002089579287622349,0.0007329461906657253
477,2025-11-30,CVX,US1667641005,00299101,-0.00229009447178813,-0.0009466361282130473,-0.00199752733662577,-0.000670767315701257,-0.00199752733662577,,-0.0010352481858768258,,,,,,,,,,,,,,,0.002386519502179209,,,,,,,0.0016428938601958324,,,,,,-0.0006590678857762351,0.000987883889790958,,,-0.0035150287241399202,,,-0.0005843282286263527,,-0.0007040973686553567,-0.0007927250094651219,0.0012288311799838747,0.004318463861086188,-0.005272543086209881,-0.000987883889790958,,-0.00022476385784387677
478,2025-11-30,CYBR,IL0011334468,02100201,-0.00229009447178813,-0.0009466361282130473,,-0.000670767315701257,,-0.0047233198480630175,-0.0010352481858768258,-0.0006891165735775831,-0.003285787720391665,-0.005598008708815429,,,-0.0014486859597892961,-0.00719743976847698,,0.002547408457382302,0.003435141707682195,-0.004445477504059311,-0.0030432127880137567,-0.0024643407902937486,-0.002477807133410108,,,,,,,,,,-0.0011141000133023334,,-0.0009627148734905514,,-0.0006590678857762351,,,0.0025763562807616463,,0.0024510200292651337,0.00458018894357626,-0.0005843282286263527,0.002833991908837811,,,0.0012288311799838747,0.004318463861086188,,-0.000987883889790958,-0.0021188724552058395,-0.0002868148041538031
479,2025-11-30,D,US25746U1097,00402901,,,,,,,,,,,,,,,-0.0027818325485524523,,,-0.004445477504059311,,,,,,,-0.008244340098437268,,,,,,,,,,,0.000987883889790958,,,,,,,,,-0.0007927250094651219,,-0.002267193527070249,-0.005272543086209881,,,-0.0004672892428045855
480,2025-11-30,D05,SG1L01001701,01574301W,,,,-0.000670767315701257,,,-0.0010352481858768258,,,,,,,,,,,,,,,,,,,,0.0034093135745417273,,,,,,-0.0009627148734905514,,-0.0006590678857762351,0.000987883889790958,,,,,,,,,-0.0007927250094651219,,,,,,1.1158721274217446e-05
481,2025-11-30,DAL,US2473617023,00385103,0.004359987552058171,0.001858355350057581,0.0019800816830307846,0.0019800816830307846,0.0019800816830307846,0.004626925565449486,0.002042516691054278,0.0020152831351735543,,,,,,,,,,,,0.0024510200292651337,,,,,,,,,,,,,,,-0.0006590678857762351,0.000987883889790958,,,,,,0.00229009447178813,,0.002079994061532338,0.0023253266944310244,0.0012288311799838747,,,0.001954477178508835,0.002089579287622349,0.0010137538677261833
482,2025-11-30,DANSKE,DK0010274414,01555201W,,-0.0009466361282130473,,-0.000670767315701257,,,-0.0010352481858768258,0.0020152831351735543,,,,,,,,0.002547408457382302,0.003435141707682195,,,,,,,,,,0.0034093135745417273,,,,,,-0.0009627148734905514,,-0.0006590678857762351,0.000987883889790958,,,,,,,,,-0.0007927250094651219,,,,,0.002089579287622349,0.0001933202857248849
483,2025-11-30,DASH,US25809K1051,03742001,,-0.0009466361282130473,0.0019800816830307846,,0.0019800816830307846,0.004626925565449486,,,0.0016428938601958324,,,,-0.0014486859597892961,,0.002764870154963718,0.002547408457382302,,,,,-0.002477807133410108,,,,,0.0030029053338678792,-0.0010694309089954003,0.003716710700115162,-0.006386460639634503,,-0.0011141000133023334,,-0.0009627148734905514,,0.0019460888644379816,,0.0038104092891936953,,0.0035150287241399202,,,-0.0005843282286263527,0.002833991908837811,-0.0007040973686553567,,,,,-0.000987883889790958,,0.00013682768534214432
484,2025-11-30,DB1,DE0005810055,24377401W,,-0.0009466361282130473,,-0.000670767315701257,,,-0.0010352481858768258,-0.0006891165735775831,,,,,,,,,,,,,,,,,,,-0.0010694309089954003,,,,,,-0.0009627148734905514,,-0.0006590678857762351,0.000987883889790958,,,,,,,0.002833991908837811,-0.0007040973686553567,-0.0007927250094651219,,,,,0.002089579287622349,-6.062338637572415e-05
485,2025-11-30,DBK,DE0005140008,01557601W,,,,0.0019800816830307846,,,0.002042516691054278,-0.0006891165735775831,,,,,,,,0.002547408457382302,0.003435141707682195,,,,,,,,,,0.0034093135745417273,,,,-0.0011141000133023334,,,,0.0019460888644379816,,,,,,,,,-0.0007040973686553567,-0.0007927250094651219,,,,0.001954477178508835,,0.00033185159326523086
486,2025-11-30,DCC,IE0002424939,22230501W,,0.001858355350057581,,-0.000670767315701257,,,0.002042516691054278,-0.0006891165735775831,,,,,,,,,-0.0034613641634660282,,0.003022924702760332,0.0024510200292651337,,,,,,,,,,,,,-0.0009627148734905514,,-0.0006590678857762351,,,-0.002591078316651713,,-0.002437842502226074,,-0.0005843282286263527,,-0.0007040973686553567,-0.0007927250094651219,-0.0024510200292651337,,,,,-9.747963495567485e-05
487,2025-11-30,DD,US26614N1028,00406001,,-0.0009466361282130473,,-0.000670767315701257,,,,,-0.003285787720391665,,,,-0.0014486859597892961,,,,,,,,,,,,,,-0.0010694309089954003,0.003716710700115162,0.0016428938601958324,,,-0.005813316736077561,,,-0.0006590678857762351,0.000987883889790958,-0.00781790871403534,,,,,-0.0005843282286263527,0.002833991908837811,,,,0.004318463861086188,,,,9.74814096941694e-05
488,2025-11-30,DDOG,US23804L1035,03562001,,,0.0019800816830307846,-0.000670767315701257,,-0.0047233198480630175,-0.0010352481858768258,-0.0006891165735775831,0.0016428938601958324,,,,-0.0014486859597892961,,,,-0.0034613641634660282,,,,-0.002477807133410108,,,,,,,,,0.006297759797417357,-0.0011141000133023334,,-0.0009627148734905514,,-0.0006590678857762351,,,,,,,-0.0005843282286263527,,-0.0007040973686553567,,,-0.002267193527070249,,-0.000987883889790958,,-0.0004898493505840238
489,2025-11-30,DE,US2441991054,00383501,-0.00229009447178813,-0.0009466361282130473,,-0.000670767315701257,,-0.0047233198480630175,-0.0010352481858768258,-0.0006891165735775831,,,,,,,,,-0.0034613641634660282,,-0.0030432127880137567,,,-0.002386519502179209,,,,,,,,0.006297759797417357,,,-0.0009627148734905514,0.0058888143560266205,-0.0006590678857762351,-0.00196293811867554,,-0.002591078316651713,-0.0035150287241399202,,,-0.0005843282286263527,,-0.0007040973686553567,-0.0007927250094651219,,-0.002267193527070249,,-0.000987883889790958,0.002089579287622349,-0.0005671621897157739
490,2025-11-30,DECK,US2435371073,02901501,0.004359987552058171,-0.0009466361282130473,,,,,-0.0010352481858768258,0.0020152831351735543,0.0016428938601958324,0.005529740309927436,0.003570383507197242,0.003570383507197242,0.004237744910411679,0.003627509643312398,0.002764870154963718,,,,,,0.004875685004452148,,,,,,-0.0010694309089954003,-0.003716710700115162,0.0016428938601958324,,,0.0064776957916292816,,,0.0019460888644379816,,,,,,,0.00229009447178813,0.002833991908837811,-0.0007040973686553567,,,,,0.001954477178508835,-0.0021188724552058395,0.0006642029368079435
491,2025-11-30,DELL,US24703L2025,01448908,,0.001858355350057581,,,,0.004626925565449486,0.002042516691054278,-0.0006891165735775831,0.0016428938601958324,-0.005598008708815429,,,-0.0014486859597892961,0.003627509643312398,-0.0027818325485524523,,,0.004402317528291745,0.003022924702760332,-0.0024643407902937486,-0.002477807133410108,-0.002386519502179209,,,,,,,,,-0.0011141000133023334,,0.001897233077046233,,,0.000987883889790958,0.0038104092891936953,,,,0.00458018894357626,-0.0005843282286263527,,0.002079994061532338,,0.0012288311799838747,-0.002267193527070249,,,,0.00024791872090814527
492,2025-11-30,DEMANT,DK0060738599,20454401W,,-0.0009466361282130473,-0.00199752733662577,-0.000670767315701257,-0.00199752733662577,,,-0.0006891165735775831,0.0016428938601958324,,,,-0.0014486859597892961,,,,,,,0.0024510200292651337,-0.002477807133410108,,,,,,-0.0010694309089954003,,,,0.0032621489598133077,,,,-0.0006590678857762351,,,,,,,0.00229009447178813,0.002833991908837811,,0.0023253266944310244,0.0012288311799838747,,,0.001954477178508835,0.002089579287622349,7.9656390256909e-05
493,2025-11-30,DG,FR0000125486,10229602W,,-0.0009466361282130473,,-0.000670767315701257,,,,0.0020152831351735543,,,,,,,,,-0.0034613641634660282,,,,,,,,,,,,,,,,,,-0.0006590678857762351,,,,,,,-0.0005843282286263527,,-0.0007040973686553567,0.0023253266944310244,,,,0.001954477178508835,0.002089579287622349,0.00022201850961374136
494,2025-11-30,DG,US2566771059,00401602,0.004359987552058171,0.001858355350057581,0.0019800816830307846,0.0019800816830307846,0.0019800816830307846,,,,,,,,,,,,,,,0.0024510200292651337,,0.002386519502179209,,,,0.0030029053338678792,,,0.0016428938601958324,,0.0032621489598133077,,0.001897233077046233,,-0.0006590678857762351,,-0.00781790871403534,,,,,0.00229009447178813,,-0.0007040973686553567,0.0023253266944310244,0.0012288311799838747,,,,,0.0005339721635204728
495,2025-11-30,DGE,GB0002374006,01863601W,,-0.0009466361282130473,,-0.000670767315701257,0.0019800816830307846,,-0.0010352481858768258,,,,,,,,,-0.002561800595559603,,,-0.0030432127880137567,,,-0.002386519502179209,,,,-0.003022924702760332,,,0.0016428938601958324,,-0.0011141000133023334,,-0.0009627148734905514,,-0.0006590678857762351,-0.00196293811867554,,,,,,-0.0005843282286263527,,-0.0007040973686553567,-0.0007927250094651219,,,,-0.000987883889790958,0.002089579287622349,-0.0001775252056525273
496,2025-11-30,DGX,US74834L1008,06416601,-0.00229009447178813,,,-0.000670767315701257,,,,-0.0006891165735775831,,,,,-0.0014486859597892961,,,,,,,,,,,,,0.0030029053338678792,-0.0010694309089954003,,,,-0.0011141000133023334,,0.001897233077046233,,,-0.00196293811867554,,,,,,-0.0005843282286263527,,0.002079994061532338,,0.0012288311799838747,-0.002267193527070249,,,,-0.00017036958328266403
497,2025-11-30,DHER,DE000A2E4K43,32485901W,,-0.0009466361282130473,-0.00199752733662577,-0.000670767315701257,-0.00199752733662577,,,,,,,,-0.0014486859597892961,,,0.002547408457382302,,,,0.0024510200292651337,-0.002477807133410108,,,,,,-0.0010694309089954003,0.003716710700115162,0.0016428938601958324,,0.0032621489598133077,,0.001897233077046233,,0.0019460888644379816,,,0.0025763562807616463,,0.0024510200292651337,0.00458018894357626,0.00229009447178813,,0.002079994061532338,,0.0012288311799838747,,,0.001954477178508835,0.002089579287622349,0.0004631271490665178
498,2025-11-30,DHI,US23331A1097,02534001,-0.00229009447178813,-0.0009466361282130473,,-0.000670767315701257,-0.00199752733662577,-0.0047233198480630175,-0.0010352481858768258,-0.0006891165735775831,-0.003285787720391665,,,0.003570383507197242,,-0.00719743976847698,,-0.002561800595559603,,,,,,-0.002386519502179209,,,,-0.003022924702760332,-0.0010694309089954003,-0.003716710700115162,0.0016428938601958324,,,,-0.0009627148734905514,,-0.0006590678857762351,,,,,,0.00458018894357626,-0.0005843282286263527,-0.0028518157573210676,0.002079994061532338,,0.0012288311799838747,-0.002267193527070249,,,-0.0021188724552058395,-0.0006506587788981118
499,2025-11-30,DHL,DE0005552004,24145601W,,-0.0009466361282130473,,-0.000670767315701257,,,,-0.0006891165735775831,,,,,,,,,,,0.003022924702760332,0.0024510200292651337,,,,,,,,,,,,,0.001897233077046233,,,,,,,,,-0.0005843282286263527,,,-0.0007927250094651219,0.0012288311799838747,,,0.001954477178508835,,0.00012197968647686936
500,2025-11-30,DHR,US2358511028,00373501,-0.00229009447178813,-0.0009466361282130473,,-0.000670767315701257,,-0.0047233198480630175,-0.0010352481858768258,,,,,,-0.0014486859597892961,,,,,-0.004445477504059311,-0.0030432127880137567,-0.0024643407902937486,,,,,,,-0.0010694309089954003,,,,-0.0011141000133023334,,-0.0009627148734905514,,-0.0006590678857762351,-0.00196293811867554,,,,,,-0.0005843282286263527,,-0.0007040973686553567,-0.0007927250094651219,,0.004318463861086188,,,,-0.0003863968785153511
501,2025-11-30,DIE,BE0974259880,10178301W,,,,-0.000670767315701257,,,0.002042516691054278,-0.0006891165735775831,0.0016428938601958324,-0.005598008708815429,,,-0.0014486859597892961,,-0.0027818325485524523,,,,,-0.0024643407902937486,-0.002477807133410108,,,,,-0.003022924702760332,-0.0010694309089954003,-0.003716710700115162,-0.006386460639634503,,-0.0011141000133023334,,-0.0009627148734905514,,,,,-0.002591078316651713,0.0035150287241399202,-0.002437842502226074,-0.0023494233441142473,-0.0005843282286263527,-0.0028518157573210676,-0.0007040973686553567,,-0.0024510200292651337,,,-0.000987883889790958,,-0.0009289448577805064
502,2025-11-30,DIM,FR0013154002,21150901W,,,-0.00199752733662577,-0.000670767315701257,-0.00199752733662577,,-0.0010352481858768258,-0.0006891165735775831,,,,,-0.0014486859597892961,,,,,-0.004445477504059311,-0.0030432127880137567,,-0.002477807133410108,0.002386519502179209,,,,0.0030029053338678792,-0.0010694309089954003,0.003716710700115162,,,-0.0011141000133023334,,-0.0009627148734905514,,-0.0006590678857762351,-0.00196293811867554,,,,,,-0.0005843282286263527,,-0.0007040973686553567,-0.0007927250094651219,0.0012288311799838747,,,-0.000987883889790958,,-0.0003087734885209824
503,2025-11-30,DIS,US2546871060,00398001,,0.001858355350057581,,,,,,,,,,,,,,,,,,,,,,,,,,,,,0.0032621489598133077,,,,0.0019460888644379816,0.000987883889790958,,,,,,0.00229009447178813,0.002833991908837811,,,,,-0.005272543086209881,,,4.618266803956851e-05
504,2025-11-30,DKNG,US26142V1052,03640401,-0.00229009447178813,-0.0009466361282130473,-0.00199752733662577,-0.000670767315701257,-0.00199752733662577,,,-0.0006891165735775831,,,,-0.003627509643312398,-0.0014486859597892961,,,0.002547408457382302,,,,0.0024510200292651337,-0.002477807133410108,,,,,0.0030029053338678792,-0.0010694309089954003,0.003716710700115162,0.0016428938601958324,,0.0032621489598133077,,,0.0058888143560266205,,,0.0038104092891936953,0.0025763562807616463,-0.0035150287241399202,0.0024510200292651337,0.00458018894357626,0.00229009447178813,-0.0028518157573210676,0.002079994061532338,,0.0012288311799838747,,,,0.002089579287622349,0.0002603007955283188
505,2025-11-30,DKS,US2533931026,15013901,,,,,,,-0.0010352481858768258,-0.0006891165735775831,,,0.003570383507197242,0.003570383507197242,,,-0.0027818325485524523,,,,,,,-0.002386519502179209,,,,,-0.0010694309089954003,,0.0016428938601958324,,,,,,-0.0006590678857762351,,-0.00781790871403534,,,,-0.0023494233441142473,-0.0005843282286263527,,-0.0007040973686553567,,,-0.002267193527070249,,-0.000987883889790958,,-0.0003311683581993226
506,2025-11-30,DLR,US2538681030,16099101,,,,,,,,,,,,,,,,,,,,,,,,,,,,,,,,,-0.0009627148734905514,,,,,0.0025763562807616463,,0.0024510200292651337,0.00458018894357626,-0.0005843282286263527,,,-0.0007927250094651219,0.0012288311799838747,,0.009647632030086164,-0.000987883889790958,,0.0003708638649130387
507,2025-11-30,DLTR,US2567461080,03158701,0.004359987552058171,0.001858355350057581,0.0019800816830307846,0.0019800816830307846,0.0019800816830307846,0.004626925565449486,0.002042516691054278,,0.0016428938601958324,,,,,0.003627509643312398,0.002764870154963718,,,,,,,0.002386519502179209,,,,0.0030029053338678792,,,0.0016428938601958324,,0.0032621489598133077,,-0.0009627148734905514,0.0058888143560266205,0.0019460888644379816,-0.00196293811867554,,,,0.0024510200292651337,0.00458018894357626,0.00229009447178813,0.002833991908837811,,-0.0007927250094651219,0.0012288311799838747,-0.002267193527070249,-0.005272543086209881,0.001954477178508835,,0.0008899351079233593
508,2025-11-30,DNB,NO0010161896,20070503W,,-0.0009466361282130473,,-0.000670767315701257,,,-0.0010352481858768258,0.0020152831351735543,,,,,,,,,-0.0034613641634660282,,,,,,,,,,0.0034093135745417273,,,,,,-0.0009627148734905514,,-0.0006590678857762351,,,,,,,,,,-0.0007927250094651219,,,,,,4.107369693887388e-05
509,2025-11-30,DOC,US42250P1030,01312501,,,,,,-0.0047233198480630175,,,0.0016428938601958324,,,,,,,,,,,,,,,,,,,0.003716710700115162,,,,,-0.0009627148734905514,,,,,,,,,-0.0005843282286263527,,0.002079994061532338,-0.0007927250094651219,0.0012288311799838747,,-0.005272543086209881,,,-0.00012653494997856741
510,2025-11-30,DOCU,US2561631068,03330101,,,,,,,,,0.0016428938601958324,,0.003570383507197242,0.003570383507197242,-0.0014486859597892961,0.003627509643312398,0.002764870154963718,0.002547408457382302,0.003435141707682195,,,,-0.002477807133410108,,,,,,,,,,0.0032621489598133077,,,,-0.0006590678857762351,,0.0038104092891936953,,,,,0.00229009447178813,,-0.0007040973686553567,,,,,0.001954477178508835,,0.00023611773530056015
511,2025-11-30,DOL,CA25675T1075,18368301C,,,,-0.000670767315701257,,,-0.0010352481858768258,-0.0006891165735775831,0.0016428938601958324,0.005529740309927436,,,0.004237744910411679,,0.002764870154963718,,,,,0.0024510200292651337,0.004875685004452148,-0.002386519502179209,,,,,-0.0010694309089954003,,0.0016428938601958324,0.006297759797417357,-0.0011141000133023334,0.0064776957916292816,-0.0009627148734905514,,,,0.0038104092891936953,,,,,-0.0005843282286263527,,-0.0007040973686553567,,0.0012288311799838747,,,,0.002089579287622349,0.0004668764977964472
512,2025-11-30,DOV,US2600031080,00405801,,,,,,0.004626925565449486,0.002042516691054278,,,,,,,,,,-0.0034613641634660282,,,,,-0.002386519502179209,,,,,,,,,,,-0.0009627148734905514,,-0.0006590678857762351,-0.00196293811867554,0.0038104092891936953,-0.002591078316651713,,-0.002437842502226074,,-0.0005843282286263527,,-0.0007040973686553567,-0.0007927250094651219,-0.0024510200292651337,0.004318463861086188,,-0.000987883889790958,-0.0021188724552058395,3.593773501429386e-05
513,2025-11-30,DOW,US2605571031,03444301,,-0.0009466361282130473,,-0.000670767315701257,-0.00199752733662577,,-0.0010352481858768258,0.0020152831351735543,-0.003285787720391665,-0.005598008708815429,-0.003627509643312398,-0.003627509643312398,-0.0014486859597892961,-0.00719743976847698,-0.0027818325485524523,,,,,,-0.002477807133410108,,,,,,-0.0010694309089954003,,0.0016428938601958324,-0.007313527506678221,,-0.005813316736077561,-0.0009627148734905514,-0.005529740309927436,-0.0006590678857762351,-0.00196293811867554,,-0.002591078316651713,-0.0035150287241399202,-0.002437842502226074,0.00458018894357626,-0.0005843282286263527,-0.0028518157573210676,-0.0007040973686553567,-0.0007927250094651219,-0.0024510200292651337,-0.002267193527070249,,-0.000987883889790958,,-0.0008368507821344397
514,2025-11-30,DPZ,US25754A2015,16021102,-0.00229009447178813,,,-0.000670767315701257,,,,-0.0006891165735775831,0.0016428938601958324,,,,0.004237744910411679,0.003627509643312398,,,,,,-0.0024643407902937486,,,,,,,-0.0010694309089954003,,0.0016428938601958324,0.006297759797417357,-0.0011141000133023334,0.0064776957916292816,,0.0058888143560266205,-0.0006590678857762351,,,0.0025763562807616463,,0.0024510200292651337,,-0.0005843282286263527,,,,0.0012288311799838747,-0.002267193527070249,,,,0.0002692745250882507
515,2025-11-30,DRI,US2371941053,03184601,-0.00229009447178813,,,-0.000670767315701257,,,,-0.0006891165735775831,,0.005529740309927436,,,,,,,,,,0.0024510200292651337,,,,,,,-0.0010694309089954003,,0.0016428938601958324,,-0.0011141000133023334,,,-0.005529740309927436,,,-0.00781790871403534,,,,,-0.0005843282286263527,,,,,-0.002267193527070249,,-0.000987883889790958,0.002089579287622349,-0.00025820272970724853
516,2025-11-30,DSCT,IL0006912120,00620301W,,0.001858355350057581,,-0.000670767315701257,,,,-0.0006891165735775831,,,,,,,,,0.003435141707682195,,,,,,,,,0.0030029053338678792,0.0034093135745417273,,,,,,,,-0.0006590678857762351,,,,,,,,,,-0.0007927250094651219,,,,,,0.00015945794884582168
517,2025-11-30,DSFIR,CH1216478797,10245411W,,-0.0009466361282130473,,-0.000670767315701257,,,,-0.0006891165735775831,-0.003285787720391665,,,,-0.0014486859597892961,,,-0.002561800595559603,0.003435141707682195,,,,-0.002477807133410108,0.002386519502179209,,,,,-0.0010694309089954003,,0.0016428938601958324,,,,0.001897233077046233,,0.0019460888644379816,,,,-0.0035150287241399202,,,-0.0005843282286263527,,0.002079994061532338,0.0023253266944310244,,,,0.001954477178508835,,8.269152752882593e-05
518,2025-11-30,DSG,CA2499061083,06632601C,,-0.0009466361282130473,0.0019800816830307846,,0.0019800816830307846,,,-0.0006891165735775831,,0.005529740309927436,0.003570383507197242,0.003570383507197242,-0.0014486859597892961,,0.002764870154963718,,,-0.004445477504059311,-0.0030432127880137567,-0.0024643407902937486,0.004875685004452148,,,,,,,,,0.006297759797417357,-0.0011141000133023334,0.0064776957916292816,,,-0.0006590678857762351,0.000987883889790958,0.0038104092891936953,,,,,-0.0005843282286263527,,,,0.0012288311799838747,,,,-0.0021188724552058395,0.0001726821152583356
519,2025-11-30,DSV,DK0060079531,21302901W,,-0.0009466361282130473,-0.00199752733662577,-0.000670767315701257,-0.00199752733662577,,0.002042516691054278,-0.0006891165735775831,,,,,,,,,-0.0034613641634660282,,,,,0.002386519502179209,,,,,,,,,,,0.001897233077046233,,-0.0006590678857762351,-0.00196293811867554,,0.0025763562807616463,-0.0035150287241399202,0.0024510200292651337,,-0.0005843282286263527,,0.002079994061532338,-0.0007927250094651219,0.0012288311799838747,,,,,-5.1005425658480696e-05
520,2025-11-30,DSY,FR0014003TT8,06316901W,,-0.0009466361282130473,-0.00199752733662577,-0.000670767315701257,-0.00199752733662577,,-0.0010352481858768258,-0.0006891165735775831,,,-0.003627509643312398,,-0.0014486859597892961,,,-0.002561800595559603,,-0.004445477504059311,,,,,,,,,,,,,-0.0011141000133023334,,-0.0009627148734905514,,,0.000987883889790958,,,,,-0.0023494233441142473,-0.0005843282286263527,,-0.0007040973686553567,,,,,,,-0.0004599896927515522
521,2025-11-30,DT,US2681501092,03544701,,,,-0.000670767315701257,,,,,,,0.003570383507197242,0.003570383507197242,-0.0014486859597892961,,,0.002547408457382302,,,,,-0.002477807133410108,,,,,,,,,,-0.0011141000133023334,,,,0.0019460888644379816,0.000987883889790958,,,,,-0.0023494233441142473,-0.0005843282286263527,,-0.0007040973686553567,,,,,,,-6.399832747490195e-05
522,2025-11-30,DTE,DE0005557508,22161601W,,0.001858355350057581,,0.0019800816830307846,0.0019800816830307846,,,0.0020152831351735543,0.0016428938601958324,0.005529740309927436,,,-0.0014486859597892961,,,,,,,,,,,,,,,,,,0.0032621489598133077,,,,0.0019460888644379816,,,,,,,0.00229009447178813,,,,,,,0.001954477178508835,,0.0004480763507999126
523,2025-11-30,DTE,US2333311072,00389701,-0.00229009447178813,-0.0009466361282130473,,,,,,,,,,,,,,,,,,,,,,,-0.008244340098437268,,,,,,,,0.001897233077046233,0.0058888143560266205,,-0.00196293811867554,,,,,,,,,-0.0007927250094651219,,0.004318463861086188,-0.005272543086209881,,,-0.00015030326488125223
524,2025-11-30,DTG,DE000DTR0CK8,35159001W,,-0.0009466361282130473,-0.00199752733662577,-0.000670767315701257,-0.00199752733662577,,-0.0010352481858768258,-0.0006891165735775831,,,,,,,,,-0.0034613641634660282,,,,,0.002386519502179209,,,,,,,,,,,-0.0009627148734905514,,-0.0006590678857762351,,,0.0025763562807616463,-0.0035150287241399202,0.0024510200292651337,,0.00229009447178813,,0.002079994061532338,0.0023253266944310244,0.0012288311799838747,,,,,-5.33066653071056e-05
525,2025-11-30,DUK,US26441C2044,00409301,-0.00229009447178813,,,,,-0.0047233198480630175,-0.0010352481858768258,,,,,,,,,,,,,,,,-0.008244340098437268,,-0.008244340098437268,,,,,-0.007313527506678221,,,,,,0.000987883889790958,,,,,,,,,,,,-0.005272543086209881,,,-0.000673908417936696
526,2025-11-30,DVN,US25179M1036,01493401,-0.00229009447178813,-0.0009466361282130473,,-0.000670767315701257,,0.004626925565449486,,-0.0006891165735775831,,,,,,,-0.0027818325485524523,,,,,,,,,,,0.0030029053338678792,,,0.0016428938601958324,,,,,,-0.0006590678857762351,,,,,-0.002437842502226074,,-0.0005843282286263527,-0.0028518157573210676,-0.0007040973686553567,,-0.0024510200292651337,0.004318463861086188,0.009647632030086164,-0.000987883889790958,,0.0003549826609693731
527,2025-11-30,DXCM,US2521311074,16288701,-0.00229009447178813,-0.0009466361282130473,,-0.000670767315701257,,,0.002042516691054278,-0.0006891165735775831,0.0016428938601958324,,0.003570383507197242,0.003570383507197242,-0.0014486859597892961,0.003627509643312398,,,,,,0.0024510200292651337,,,,,,,-0.0010694309089954003,,,,,,,,-0.0006590678857762351,0.000987883889790958,,,,-0.002437842502226074,,-0.0005843282286263527,0.002833991908837811,-0.0007040973686553567,,,0.004318463861086188,,,,0.0001565252506001124
528,2025-11-30,EA,US2855121099,01672101,,0.001858355350057581,0.0019800816830307846,0.0019800816830307846,0.0019800816830307846,,,-0.0006891165735775831,0.0016428938601958324,,,0.003570383507197242,,0.003627509643312398,,0.002547408457382302,,,,,,,,,,,,,,,-0.0011141000133023334,,,,-0.0006590678857762351,,,-0.002591078316651713,,,,-0.0005843282286263527,,,,,,-0.005272543086209881,,,4.6833158332587e-05
529,2025-11-30,EBAY,US2786421030,11452401,,-0.0009466361282130473,,,,,,-0.0006891165735775831,,,,,,,,0.002547408457382302,,,,,0.004875685004452148,,,,,0.0030029053338678792,0.0034093135745417273,-0.003716710700115162,0.0016428938601958324,,-0.0011141000133023334,,,,-0.0006590678857762351,,,,,,,-0.0005843282286263527,0.002833991908837811,-0.0007040973686553567,,,,,,,0.00013608385408476995
530,2025-11-30,EBS,AT0000652011,21465902W,,0.001858355350057581,,0.0019800816830307846,0.0019800816830307846,,,-0.0006891165735775831,,,,,,,,,-0.0034613641634660282,,,,,,,,,,0.0034093135745417273,,,,,,,,-0.0006590678857762351,0.000987883889790958,,,,,,,,,-0.0007927250094651219,,,,,,0.0001841984167994898
531,2025-11-30,ECL,US2788651006,00421301,,,,-0.000670767315701257,,,,-0.0006891165735775831,0.0016428938601958324,,,,,0.003627509643312398,,,,,,,,,,,,0.0030029053338678792,-0.0010694309089954003,-0.003716710700115162,-0.006386460639634503,,,,-0.0009627148734905514,-0.005529740309927436,-0.0006590678857762351,0.000987883889790958,0.0038104092891936953,,,-0.002437842502226074,,-0.0005843282286263527,,-0.0007040973686553567,-0.0007927250094651219,,0.004318463861086188,,-0.000987883889790958,,-0.00037374836360984555
532,2025-11-30,ED,US2091151041,00341301,,,,,,,,-0.0006891165735775831,,,,,,,,,,,,,,,,,,,,,,0.006297759797417357,,,,0.0058888143560266205,,,,,,,,,,,,,,0.009647632030086164,,,0.0003282883979906938
533,2025-11-30,EDEN,FR0010908533,29480701W,,-0.0009466361282130473,-0.00199752733662577,-0.000670767315701257,-0.00199752733662577,,,-0.0006891165735775831,,,,,,,,,,,,,,-0.002386519502179209,,,,-0.003022924702760332,-0.0010694309089954003,,,,-0.0011141000133023334,,,,0.0019460888644379816,,,,,,,,,-0.0007040973686553567,,,,,,,-0.0003174151783069793
534,2025-11-30,EDP,PTEDP0AM0009,06491001W,,,,,,,-0.0010352481858768258,-0.0006891165735775831,,,,,,,,,0.003435141707682195,,,,,,,,,,,,,,,,,,,-0.00196293811867554,,,-0.0035150287241399202,,,,,,-0.0007927250094651219,,,,,0.002089579287622349,-6.939649974888549e-05
535,2025-11-30,EDPR,ES0127797019,28897002W,,-0.0009466361282130473,,,,,0.002042516691054278,-0.0006891165735775831,,,,,,,-0.0027818325485524523,,,-0.004445477504059311,-0.0030432127880137567,-0.0024643407902937486,,,,-0.009647632030086164,,,,,,,,,-0.0009627148734905514,,,,,,-0.0035150287241399202,,,,,,-0.0007927250094651219,,,,,,-0.0003485873013860126
536,2025-11-30,EFN,CA2861812014,17031101C,,0.001858355350057581,,,,,,-0.0006891165735775831,,,,,,,,,,,-0.0030432127880137567,-0.0024643407902937486,,,,,,,,,,,,0.0064776957916292816,-0.0009627148734905514,,-0.0006590678857762351,0.000987883889790958,0.0038104092891936953,0.0025763562807616463,,0.0024510200292651337,,-0.0005843282286263527,,0.002079994061532338,-0.0007927250094651219,0.0012288311799838747,,,-0.000987883889790958,0.002089579287622349,0.00021091085321302229
537,2025-11-30,EFX,US2944291051,00442301,,-0.0009466361282130473,,,,0.004626925565449486,0.002042516691054278,-0.0006891165735775831,,,,,,,,,,,-0.0030432127880137567,,,,,,,,,,,,,,-0.0009627148734905514,,-0.0006590678857762351,0.000987883889790958,0.0038104092891936953,,,,,-0.0005843282286263527,,-0.0007040973686553567,-0.0007927250094651219,0.0012288311799838747,-0.002267193527070249,,,,6.281814610335826e-05
538,2025-11-30,EG,BMG3223R1088,06138801,-0.00229009447178813,-0.0009466361282130473,-0.00199752733662577,-0.000670767315701257,-0.00199752733662577,0.004626925565449486,0.002042516691054278,-0.0006891165735775831,,,,,,,,-0.002561800595559603,,,,,,,,,,-0.003022924702760332,-0.0010694309089954003,,,,,,0.001897233077046233,,-0.0006590678857762351,,,,,,,,,-0.0007040973686553567,0.0023253266944310244,,0.004318463861086188,0.009647632030086164,0.001954477178508835,,0.0004945851153804695
539,2025-11-30,EIX,US2810201077,00984601,,0.001858355350057581,,,,0.004626925565449486,0.002042516691054278,0.0020152831351735543,,,,,,,,,,,,,,,,,,,,,,,,,0.001897233077046233,,,,,,,,,,,,,,0.004318463861086188,,,0.002089579287622349,0.0006479925040042828
540,2025-11-30,EL,FR0000121667,10124803W,,,,-0.000670767315701257,,,-0.0010352481858768258,-0.0006891165735775831,,,0.003570383507197242,,-0.0014486859597892961,,,,,,,,-0.002477807133410108,,,,,,-0.0010694309089954003,,,,-0.0011141000133023334,,-0.0009627148734905514,,-0.0006590678857762351,0.000987883889790958,,,,,,-0.0005843282286263527,,-0.0007040973686553567,-0.0007927250094651219,,,,-0.000987883889790958,,-0.00029445187193328387
541,2025-11-30,EL,US5184391044,06156701,-0.00229009447178813,-0.0009466361282130473,,-0.000670767315701257,-0.00199752733662577,0.004626925565449486,0.002042516691054278,,-0.003285787720391665,,,-0.003627509643312398,,,-0.0027818325485524523,,,,,,,,,,,0.0030029053338678792,,0.003716710700115162,0.0016428938601958324,,-0.0011141000133023334,-0.005813316736077561,-0.0009627148734905514,-0.005529740309927436,-0.0006590678857762351,-0.00196293811867554,,-0.002591078316651713,,-0.002437842502226074,-0.0023494233441142473,-0.0005843282286263527,-0.0028518157573210676,-0.0007040973686553567,-0.0007927250094651219,,,0.009647632030086164,-0.000987883889790958,0.002089579287622349,0.00014276201265239633
542,2025-11-30,ELE,ES0130670112,01532101W,,,,,,,0.002042516691054278,,,,,,,,0.002764870154963718,,,0.004402317528291745,0.003022924702760332,0.0024510200292651337,,,,,-0.008244340098437268,,,,,,,,-0.0009627148734905514,,,,,,0.0035150287241399202,,,,,,-0.0007927250094651219,,,,,,4.560475820365057e-05
543,2025-11-30,ELI,BE0003822393,26974401W,,0.001858355350057581,,,,,,0.0020152831351735543,,,,,,,-0.0027818325485524523,,0.003435141707682195,-0.004445477504059311,-0.0030432127880137567,,,,0.008244340098437268,0.009647632030086164,0.008244340098437268,,,,,,,,-0.0009627148734905514,,,0.000987883889790958,,,0.0035150287241399202,,,,,,,,,,,,0.0006013028277763326
544,2025-11-30,ELISA,FI0009007884,23408701W,,-0.0009466361282130473,-0.00199752733662577,-0.000670767315701257,,,-0.0010352481858768258,-0.0006891165735775831,0.0016428938601958324,,,,0.004237744910411679,,,,,,,,,,,-0.009647632030086164,-0.008244340098437268,0.0030029053338678792,,,,,-0.0011141000133023334,,,,-0.0006590678857762351,,,,,,,-0.0005843282286263527,-0.0028518157573210676,,,,,,,,-0.00031912616226510796
545,2025-11-30,ELS,US29472R1086,02787501,,,,,,,,,0.0016428938601958324,,,,,0.003627509643312398,,,,0.004402317528291745,0.003022924702760332,0.0024510200292651337,,,,,,,,,,,,,-0.0009627148734905514,,,,,-0.002591078316651713,,-0.002437842502226074,-0.0023494233441142473,-0.0005843282286263527,,-0.0007040973686553567,-0.0007927250094651219,,,-0.005272543086209881,,0.002089579287622349,-0.00013620070832877918
546,2025-11-30,ELV,US0367521038,14504601,-0.00229009447178813,-0.0009466361282130473,,-0.000670767315701257,,-0.0047233198480630175,-0.0010352481858768258,0.0020152831351735543,-0.003285787720391665,,,,-0.0014486859597892961,-0.00719743976847698,-0.0027818325485524523,0.002547408457382302,,0.004402317528291745,0.003022924702760332,0.0024510200292651337,-0.002477807133410108,,,,,,-0.0010694309089954003,-0.003716710700115162,,,-0.0011141000133023334,,0.001897233077046233,,-0.0006590678857762351,,,,,,,-0.0005843282286263527,-0.0028518157573210676,0.002079994061532338,0.0023253266944310244,0.0012288311799838747,,,,,-0.0002850618323154822
547,2025-11-30,EMA,CA2908761018,02579201C,,0.001858355350057581,,,,,-0.0010352481858768258,0.0020152831351735543,,,,,,,,,,,,,,,,,-0.008244340098437268,,,,,-0.007313527506678221,,,,-0.005529740309927436,,0.000987883889790958,,,0.0035150287241399202,,,,,,,,,,,,-7.486381628470356e-05
548,2025-11-30,EME,US29084Q1004,00622301,0.004359987552058171,0.001858355350057581,0.0019800816830307846,0.0019800816830307846,0.0019800816830307846,0.004626925565449486,0.002042516691054278,-0.0006891165735775831,,,,,,,,,,,0.003022924702760332,0.0024510200292651337,,,,,,,,,,,,0.0064776957916292816,0.001897233077046233,,,,,-0.002591078316651713,,-0.002437842502226074,,-0.0005843282286263527,,-0.0007040973686553567,0.0023253266944310244,,-0.002267193527070249,,,,0.0004988836445639595
549,2025-11-30,EMP.A,CA2918434077,01431201C,,,,,,,,,,,,,,,,,,,,0.0024510200292651337,,,,,,0.0030029053338678792,,,-0.006386460639634503,,-0.0011141000133023334,0.0064776957916292816,0.001897233077046233,,,,-0.00781790871403534,,,,,-0.0005843282286263527,,,0.0023253266944310244,0.0012288311799838747,,,0.001954477178508835,,-1.3865526172998257e-05
550,2025-11-30,EMR,US2910111044,00432101,-0.00229009447178813,,,-0.000670767315701257,,,,-0.0006891165735775831,,,,,,,,,,,-0.0030432127880137567,-0.0024643407902937486,,,,,,,,,,,,-0.005813316736077561,-0.0009627148734905514,0.0058888143560266205,,-0.00196293811867554,-0.00781790871403534,0.0025763562807616463,,0.0024510200292651337,,-0.0005843282286263527,,0.002079994061532338,-0.0007927250094651219,0.0012288311799838747,-0.002267193527070249,,-0.000987883889790958,,-0.00031479662902276074
551,2025-11-30,EMSN,CH0016440353,10228301W,,,,,,,-0.0010352481858768258,,0.0016428938601958324,0.005529740309927436,-0.003627509643312398,-0.003627509643312398,0.004237744910411679,,0.002764870154963718,-0.002561800595559603,-0.0034613641634660282,,,,,-0.002386519502179209,0.008244340098437268,,0.008244340098437268,0.0030029053338678792,-0.0010694309089954003,-0.003716710700115162,-0.006386460639634503,,,,-0.0009627148734905514,,-0.0006590678857762351,,,-0.002591078316651713,,-0.002437842502226074,0.00458018894357626,-0.0005843282286263527,0.002833991908837811,-0.0007040973686553567,-0.0007927250094651219,,,,,,-1.488450623724925e-05
552,2025-11-30,EN,FR0000120503,10109701W,,-0.0009466361282130473,,-0.000670767315701257,,,,,,,,,,,,,,,0.003022924702760332,0.0024510200292651337,,,,,,,,,,,,,,,-0.0006590678857762351,,,-0.002591078316651713,0.0035150287241399202,,,0.00229009447178813,,-0.0007040973686553567,0.0023253266944310244,-0.0024510200292651337,,,0.001954477178508835,0.002089579287622349,0.0002190875021848035
553,2025-11-30,ENB,CA29250N1050,00613501C,,,,-0.000670767315701257,,,-0.0010352481858768258,,,,,,,,-0.0027818325485524523,,,,,,,,-0.008244340098437268,-0.009647632030086164,-0.008244340098437268,,,,0.0016428938601958324,,,,,,,0.000987883889790958,,,-0.0035150287241399202,,,-0.0005843282286263527,,,,,,,-0.000987883889790958,,-0.0005558226612981174
554,2025-11-30,ENEL,IT0003128367,20179401W,,0.001858355350057581,,,,,-0.0010352481858768258,-0.0006891165735775831,,,,,,,,,,,0.003022924702760332,0.0024510200292651337,,,,-0.009647632030086164,,,,,,,,,-0.0009627148734905514,,,,,,,,,,,,-0.0007927250094651219,,,,,0.002089579287622349,-8.630026596279314e-05
555,2025-11-30,ENGI,FR0010208488,22094203W,,,,,,,-0.0010352481858768258,-0.0006891165735775831,,,,,,,,,,,0.003022924702760332,0.0024510200292651337,,,,,,,,,,,,,,,,0.000987883889790958,,,,,,,,,-0.0007927250094651219,,,,,0.002089579287622349,5.646279732929956e-05
556,2025-11-30,ENI,IT0003132476,06161601W,,,,,,,0.002042516691054278,-0.0006891165735775831,,,,,,,,,,,,,,,,,,,,0.003716710700115162,0.0016428938601958324,,,,,,-0.0006590678857762351,,,,-0.0035150287241399202,,,-0.0005843282286263527,,-0.0007040973686553567,-0.0007927250094651219,,,,-0.000987883889790958,,7.380493224285295e-05
557,2025-11-30,ENR,DE000ENER6Y0,34015301W,,0.001858355350057581,0.0019800816830307846,0.0019800816830307846,0.0019800816830307846,,0.002042516691054278,-0.0006891165735775831,,,,,,,,,0.003435141707682195,,0.003022924702760332,0.0024510200292651337,,0.002386519502179209,,,,,,,,,,,,,-0.0006590678857762351,0.000987883889790958,,0.0025763562807616463,,0.0024510200292651337,,0.00229009447178813,,0.002079994061532338,-0.0007927250094651219,0.0012288311799838747,,,,0.002089579287622349,0.0006443834249589795
558,2025-11-30,ENT,IM00B5VQMV65,27176401W,,0.001858355350057581,0.0019800816830307846,0.0019800816830307846,0.0019800816830307846,,-0.0010352481858768258,-0.0006891165735775831,-0.003285787720391665,,,,-0.0014486859597892961,,,0.002547408457382302,,,,,-0.002477807133410108,,,,,-0.003022924702760332,0.0034093135745417273,0.003716710700115162,0.0016428938601958324,,-0.0011141000133023334,,,,-0.0006590678857762351,,,,0.0035150287241399202,,0.00458018894357626,-0.0005843282286263527,,0.002079994061532338,,0.0012288311799838747,,,,0.002089579287622349,0.0005212347496684486
559,2025-11-30,ENTG,US29362U1043,13757301,-0.00229009447178813,-0.0009466361282130473,-0.00199752733662577,-0.000670767315701257,-0.00199752733662577,,,-0.0006891165735775831,-0.003285787720391665,0.005529740309927436,,,-0.0014486859597892961,-0.00719743976847698,,-0.002561800595559603,-0.0034613641634660282,-0.004445477504059311,-0.0030432127880137567,,,-0.002386519502179209,,,,,,,,,-0.0011141000133023334,,-0.0009627148734905514,,,-0.00196293811867554,,,,,-0.0023494233441142473,-0.0005843282286263527,0.002833991908837811,-0.0007040973686553567,,,-0.002267193527070249,,-0.000987883889790958,,-0.0006508951274744571
560,2025-11-30,ENX,NL0006294274,24649804W,,,,-0.000670767315701257,,,-0.0010352481858768258,-0.0006891165735775831,,,,,,,,,,,,,,,,,,,0.0034093135745417273,,,,-0.0011141000133023334,,-0.0009627148734905514,,-0.0006590678857762351,-0.00196293811867554,,,,,,,,-0.0007040973686553567,-0.0007927250094651219,,,,,0.002089579287622349,-1.0102902511381407e-05
561,2025-11-30,EOAN,DE000ENAG999,10059001W,,-0.0009466361282130473,,,,,-0.0010352481858768258,0.0020152831351735543,,,,,,,,,,0.004402317528291745,0.003022924702760332,0.0024510200292651337,,,,,,,,,,,,,,,,,,,0.0035150287241399202,,,,,,-0.0007927250094651219,,,,,0.002089579287622349,0.00024562838109267945
562,2025-11-30,EOG,US26875P1012,01647801,,-0.0009466361282130473,,,,,-0.0010352481858768258,,,,,,,,0.002764870154963718,,,,,,,,0.008244340098437268,,0.008244340098437268,0.0030029053338678792,,,0.0016428938601958324,,,,,,-0.0006590678857762351,0.000987883889790958,,,,,,0.00229009447178813,-0.0028518157573210676,-0.0007040973686553567,,0.0012288311799838747,-0.002267193527070249,0.009647632030086164,,,0.0005424268322013831
563,2025-11-30,EPI A,SE0015658109,32746601W,,-0.0009466361282130473,-0.00199752733662577,-0.000670767315701257,-0.00199752733662577,,-0.0010352481858768258,-0.0006891165735775831,,,,,,,,,,,,,,0.002386519502179209,,,,,,,,,,,-0.0009627148734905514,,-0.0006590678857762351,,,,-0.0035150287241399202,,,-0.0005843282286263527,,,-0.0007927250094651219,0.0012288311799838747,,,,,-0.0002614478675873388
564,2025-11-30,EPI B,SE0015658117,32746602W,,,,,,,,,,,,,,,,,,,,,,0.002386519502179209,,,,,,,,,,,-0.0009627148734905514,,-0.0006590678857762351,,,,-0.0035150287241399202,,,-0.0005843282286263527,,,-0.0007927250094651219,0.0012288311799838747,,,0.001954477178508835,,7.4977455689311e-05
565,2025-11-30,EQH,US29452E1010,03276701,-0.00229009447178813,-0.0009466361282130473,-0.00199752733662577,-0.000670767315701257,-0.00199752733662577,,,-0.0006891165735775831,,,,,,,,-0.002561800595559603,,,,,,,,,,,-0.0010694309089954003,,,,0.0032621489598133077,,0.001897233077046233,,-0.0006590678857762351,-0.00196293811867554,,,,,,,-0.0028518157573210676,0.002079994061532338,,,-0.002267193527070249,0.009647632030086164,,0.002089579287622349,-4.678187109861632e-05
566,2025-11-30,EQIX,US29444U7000,13874301,,,,,,,,,0.0016428938601958324,,,,,0.003627509643312398,-0.0027818325485524523,,,0.004402317528291745,0.003022924702760332,0.0024510200292651337,,,,,,,,,,,,,-0.0009627148734905514,,,,,0.0025763562807616463,,-0.002437842502226074,,-0.0005843282286263527,,,-0.0007927250094651219,,,,-0.000987883889790958,,1.6265556370659587e-05
567,2025-11-30,EQNR,NO0010096985,22054601W,,-0.0009466361282130473,-0.00199752733662577,-0.000670767315701257,-0.00199752733662577,,,-0.0006891165735775831,,,,,,,,,,,,,,,,0.009647632030086164,0.008244340098437268,-0.003022924702760332,,0.003716710700115162,0.0016428938601958324,,,,,,-0.0006590678857762351,,,,,-0.002437842502226074,,-0.0005843282286263527,,0.002079994061532338,-0.0007927250094651219,0.0012288311799838747,,,,,0.0002662431933264793
568,2025-11-30,EQR,US29476L1070,02873301,,,,,,,,,0.0016428938601958324,,,,,,,,,,,,,,,,,,,,,,,,,,,0.000987883889790958,,-0.002591078316651713,,,-0.0023494233441142473,-0.0005843282286263527,,-0.0007040973686553567,,,,-0.005272543086209881,,,-0.00023414557369776773
569,2025-11-30,EQT,SE0012853455,33386601W,,-0.0009466361282130473,-0.00199752733662577,-0.000670767315701257,-0.00199752733662577,,,-0.0006891165735775831,,,,,,,,,,,,,,,,,,0.0030029053338678792,-0.0010694309089954003,,,,-0.0011141000133023334,,-0.0009627148734905514,,,-0.00196293811867554,,,,,,,,-0.0007040973686553567,-0.0007927250094651219,,,,-0.000987883889790958,-0.0021188724552058395,-0.0003615537045317467
570,2025-11-30,EQT,US26884L1098,00443001,-0.00229009447178813,-0.0009466361282130473,-0.00199752733662577,-0.000670767315701257,-0.00199752733662577,0.004626925565449486,0.002042516691054278,0.0020152831351735543,,,,,,,0.002764870154963718,0.002547408457382302,,-0.004445477504059311,,-0.0024643407902937486,,,-0.008244340098437268,-0.009647632030086164,,,,,0.0016428938601958324,,,,,,0.0019460888644379816,-0.00196293811867554,,0.0025763562807616463,0.0035150287241399202,0.0024510200292651337,,-0.0005843282286263527,,0.002079994061532338,-0.0007927250094651219,0.0012288311799838747,,-0.005272543086209881,0.001954477178508835,,-1.792152886856814e-05
571,2025-11-30,ERF,FR0014000MR3,22581601W,,-0.0009466361282130473,,-0.000670767315701257,,,,-0.0006891165735775831,,,,,-0.0014486859597892961,,,,,,,,-0.002477807133410108,,,,,0.0030029053338678792,-0.0010694309089954003,0.003716710700115162,,,-0.0011141000133023334,,0.001897233077046233,,-0.0006590678857762351,,,,,,,-0.0005843282286263527,,,,,,,,,-1.7802794937188243e-05
572,2025-11-30,ERIC B,SE0000108656,00443906W,,0.001858355350057581,0.0019800816830307846,0.0019800816830307846,0.0019800816830307846,,-0.0010352481858768258,-0.0006891165735775831,0.0016428938601958324,-0.005598008708815429,,,-0.0014486859597892961,,,,-0.0034613641634660282,,0.003022924702760332,0.0024510200292651337,-0.002477807133410108,,,,,,,,,,0.0032621489598133077,,-0.0009627148734905514,,0.0019460888644379816,0.000987883889790958,,-0.002591078316651713,,-0.002437842502226074,-0.0023494233441142473,0.00229009447178813,,-0.0007040973686553567,,-0.0024510200292651337,,,0.001954477178508835,,3.4618982400194844e-05
573,2025-11-30,ERIE,US29530P1021,06138001,-0.00229009447178813,-0.0009466361282130473,,-0.000670767315701257,,,,-0.0006891165735775831,,,,,,,,,,,,,,,,,,,-0.0010694309089954003,,,,-0.0011141000133023334,,,,-0.0006590678857762351,,,,,,,,0.002833991908837811,-0.0007040973686553567,-0.0007927250094651219,,-0.002267193527070249,-0.005272543086209881,-0.000987883889790958,-0.0021188724552058395,-0.0005217655143170017
574,2025-11-30,ES,US30040W1080,00797001,-0.00229009447178813,,,,,,,-0.0006891165735775831,,,,,,,,,,,,,,,,,,,,,,,,,0.001897233077046233,,,,,,,,,,,,,,,,,,-5.811505883289659e-05
575,2025-11-30,ESLT,IL0010811243,06538001W,,,,-0.000670767315701257,,,,,,,,,,,,,0.003435141707682195,,,,,-0.002386519502179209,,,,,,,,,,,,,,0.000987883889790958,,0.0025763562807616463,0.0035150287241399202,0.0024510200292651337,,-0.0005843282286263527,,0.002079994061532338,-0.0007927250094651219,0.0012288311799838747,,,-0.000987883889790958,,0.0001155417885083786
576,2025-11-30,ESS,US2971781057,03029301,,,,,,,,,0.0016428938601958324,,,,,0.003627509643312398,,,,,,,,,,,,,,,,,,,,,,0.000987883889790958,,,,,-0.0023494233441142473,-0.0005843282286263527,,-0.0007040973686553567,-0.0007927250094651219,,,-0.005272543086209881,,,-0.00020608357574342944
577,2025-11-30,ESSITY B,SE0009922164,32477001W,,-0.0009466361282130473,,,0.0019800816830307846,,0.002042516691054278,,,,,,,,,,,,,,,,,,,-0.003022924702760332,,-0.003716710700115162,0.0016428938601958324,,-0.0011141000133023334,,-0.0009627148734905514,,,0.000987883889790958,,-0.002591078316651713,,,-0.0023494233441142473,-0.0005843282286263527,,-0.0007040973686553567,-0.0007927250094651219,-0.0024510200292651337,,,,,-0.00020274897374291604
578,2025-11-30,ETN,IE00B8KQN827,00419901,,,,-0.000670767315701257,,,,-0.0006891165735775831,,,,,,,,,,,,,,-0.002386519502179209,,,,,,,,,,0.0064776957916292816,,0.0058888143560266205,-0.0006590678857762351,0.000987883889790958,,,,,,-0.0005843282286263527,,-0.0007040973686553567,-0.0007927250094651219,,-0.002267193527070249,,-0.000987883889790958,,-0.00013287668762615727
579,2025-11-30,ETR,US29364G1031,00736601,-0.00229009447178813,,,,,0.004626925565449486,,,,,,,,,,,,,,,,,,,,,,,,0.006297759797417357,,,-0.0009627148734905514,0.0058888143560266205,,,,,0.0035150287241399202,,,,,,-0.0007927250094651219,,-0.002267193527070249,0.009647632030086164,,,0.000386144820860449
580,2025-11-30,EVD,DE0005470306,23491901W,,-0.0009466361282130473,-0.00199752733662577,-0.000670767315701257,-0.00199752733662577,,,,0.0016428938601958324,-0.005598008708815429,-0.003627509643312398,-0.003627509643312398,,,,0.002547408457382302,,0.004402317528291745,,,,,,-0.009647632030086164,,-0.003022924702760332,,,,,-0.0011141000133023334,,,,-0.0006590678857762351,0.000987883889790958,,-0.002591078316651713,,,,-0.0005843282286263527,-0.0028518157573210676,,,,,,0.001954477178508835,,-0.00045614108835551607
581,2025-11-30,EVK,DE000EVNK013,29542101W,,-0.0009466361282130473,-0.00199752733662577,-0.000670767315701257,-0.00199752733662577,,,-0.0006891165735775831,,,,,-0.0014486859597892961,,,,0.003435141707682195,,,,-0.002477807133410108,-0.002386519502179209,,,-0.008244340098437268,-0.003022924702760332,-0.0010694309089954003,,0.0016428938601958324,,,,-0.0009627148734905514,,0.0019460888644379816,0.000987883889790958,,-0.002591078316651713,,-0.002437842502226074,-0.0023494233441142473,-0.0005843282286263527,,-0.0007040973686553567,-0.0007927250094651219,-0.0024510200292651337,,,0.001954477178508835,,-0.0005801287625175246
582,2025-11-30,EVN,AU000000EVN4,25335001W,,0.001858355350057581,0.0019800816830307846,0.0019800816830307846,0.0019800816830307846,,,0.0020152831351735543,0.0016428938601958324,0.005529740309927436,,,,,0.002764870154963718,0.002547408457382302,,,,,,,,,,,-0.0010694309089954003,,0.0016428938601958324,,,,0.001897233077046233,,,0.000987883889790958,,0.0025763562807616463,0.0035150287241399202,0.0024510200292651337,0.00458018894357626,-0.0005843282286263527,0.002833991908837811,0.002079994061532338,0.0023253266944310244,0.0012288311799838747,,,,,0.0008596103579873698
583,2025-11-30,EVO,SE0012673267,31943201W,,-0.0009466361282130473,,-0.000670767315701257,,,,0.0020152831351735543,0.0016428938601958324,0.005529740309927436,-0.003627509643312398,-0.003627509643312398,0.004237744910411679,,0.002764870154963718,-0.002561800595559603,,,,-0.0024643407902937486,0.004875685004452148,,,,,,0.0034093135745417273,-0.003716710700115162,-0.006386460639634503,,,,,,-0.0006590678857762351,,,,,,,-0.0005843282286263527,,,,,,,0.001954477178508835,-0.0021188724552058395,-2.1863807646547596e-05
584,2025-11-30,EVRG,US30034W1062,00633801,-0.00229009447178813,,,,,-0.0047233198480630175,-0.0010352481858768258,,,,,,,,,,,,,,,,-0.008244340098437268,-0.009647632030086164,-0.008244340098437268,,,,,,,,-0.0009627148734905514,-0.005529740309927436,,,,,,,,,,,-0.0007927250094651219,,-0.002267193527070249,-0.005272543086209881,,,-0.0010317130394038154
585,2025-11-30,EW,US28176E1082,13336601,,,,,,-0.0047233198480630175,-0.0010352481858768258,,-0.003285787720391665,,0.003570383507197242,0.003570383507197242,,-0.00719743976847698,,,,,-0.0030432127880137567,-0.0024643407902937486,,,,,,,0.0034093135745417273,-0.003716710700115162,,,-0.0011141000133023334,,-0.0009627148734905514,,-0.0006590678857762351,-0.00196293811867554,,,,,,-0.0005843282286263527,,-0.0007040973686553567,-0.0007927250094651219,,,,-0.000987883889790958,-0.0021188724552058395,-0.00045413160259034885
586,2025-11-30,EXC,US30161N1019,00853901,-0.00229009447178813,,,,,,,-0.0006891165735775831,,,,,,,,,,,,,,,,,,,,,,,,,,,,0.000987883889790958,,,,,,,,,0.0023253266944310244,,,,,,-1.7806553633151763e-05
587,2025-11-30,EXE,US1651677353,02778621,-0.00229009447178813,-0.0009466361282130473,-0.00199752733662577,-0.000670767315701257,-0.00199752733662577,,,,,,,,,,,0.002547408457382302,,,,,,,,-0.009647632030086164,,0.0030029053338678792,,0.003716710700115162,-0.006386460639634503,,,,,,0.0019460888644379816,-0.00196293811867554,,0.0025763562807616463,,0.0024510200292651337,,-0.0005843282286263527,,0.002079994061532338,-0.0007927250094651219,0.0012288311799838747,,,,,-0.00032326234680103727
588,2025-11-30,EXO,NL0012059018,01633102W,,-0.0009466361282130473,-0.00199752733662577,-0.000670767315701257,-0.00199752733662577,,,0.0020152831351735543,,,,,,,,,0.003435141707682195,,,,,-0.002386519502179209,,,,,0.0034093135745417273,,,,-0.0011141000133023334,,-0.0009627148734905514,,-0.0006590678857762351,-0.00196293811867554,,,,,,,0.002833991908837811,-0.0007040973686553567,-0.0007927250094651219,,,,0.001954477178508835,-0.0021188724552058395,4.1962196045901825e-05
589,2025-11-30,EXPD,US3021301094,00449401,0.004359987552058171,,,0.0019800816830307846,,-0.0047233198480630175,-0.0010352481858768258,,,,,,,,,,,,0.003022924702760332,0.0024510200292651337,,,,,,,,,,,,,0.001897233077046233,,0.0019460888644379816,,,,,,,-0.0005843282286263527,,,-0.0007927250094651219,0.0012288311799838747,-0.002267193527070249,,,,-2.138678713919943e-05
590,2025-11-30,EXPE,US30212P3038,12629602,,,,,,0.004626925565449486,0.002042516691054278,,0.0016428938601958324,-0.005598008708815429,,,-0.0014486859597892961,0.003627509643312398,0.002764870154963718,0.002547408457382302,,,,0.0024510200292651337,,,,,,0.0030029053338678792,0.0034093135745417273,,-0.006386460639634503,-0.007313527506678221,-0.0011141000133023334,-0.005813316736077561,,-0.005529740309927436,0.0019460888644379816,,-0.00781790871403534,,,,,-0.0005843282286263527,,,,,-0.002267193527070249,,0.001954477178508835,0.002089579287622349,-0.00011172767185838384
591,2025-11-30,EXPN,GB00B19NLV48,27932701W,,,,-0.000670767315701257,,,,-0.0006891165735775831,,,,,,,,,,,,,,,,,,,,,,,,,-0.0009627148734905514,,-0.0006590678857762351,,,,,,,-0.0005843282286263527,,-0.0007040973686553567,-0.0007927250094651219,,,,,,-0.0001124000279746356
592,2025-11-30,EXR,US30225T1025,16047901,,,,,,,,,0.0016428938601958324,,,,,,,,,,,,,,,,,,,,,,,,,,,-0.00196293811867554,,,,,,-0.0005843282286263527,,-0.0007040973686553567,,,,-0.005272543086209881,-0.000987883889790958,,-0.0002484295063018234
593,2025-11-30,F,US3453708600,00483901,-0.00229009447178813,0.001858355350057581,-0.00199752733662577,-0.000670767315701257,-0.00199752733662577,-0.0047233198480630175,-0.0010352481858768258,0.0020152831351735543,,-0.005598008708815429,,,-0.0014486859597892961,,,,,,,,-0.002477807133410108,0.002386519502179209,,,,,-0.0010694309089954003,0.003716710700115162,0.0016428938601958324,0.006297759797417357,0.0032621489598133077,-0.005813316736077561,0.001897233077046233,0.0058888143560266205,0.0019460888644379816,,,,,,0.00458018894357626,0.00229009447178813,0.002833991908837811,0.002079994061532338,,0.0012288311799838747,,,,0.002089579287622349,0.00024067519500360572
594,2025-11-30,F34,SG1T56930848,24611601W,,-0.0009466361282130473,-0.00199752733662577,-0.000670767315701257,-0.00199752733662577,,0.002042516691054278,,-0.003285787720391665,,-0.003627509643312398,-0.003627509643312398,,,-0.0027818325485524523,-0.002561800595559603,,,,,,,,,,,,-0.003716710700115162,-0.006386460639634503,,,,0.001897233077046233,,-0.0006590678857762351,,,-0.002591078316651713,,,-0.0023494233441142473,0.00229009447178813,,-0.0007040973686553567,-0.0007927250094651219,-0.0024510200292651337,,,-0.000987883889790958,,-0.000777107301885537
595,2025-11-30,FANG,US25278X1090,17075001,-0.00229009447178813,-0.0009466361282130473,,-0.000670767315701257,-0.00199752733662577,,,-0.0006891165735775831,,,,,,,-0.0027818325485524523,0.002547408457382302,,-0.004445477504059311,,-0.0024643407902937486,,,-0.008244340098437268,-0.009647632030086164,-0.008244340098437268,,,,0.0016428938601958324,,,,,,-0.0006590678857762351,-0.00196293811867554,,0.0025763562807616463,,-0.002437842502226074,,-0.0005843282286263527,-0.0028518157573210676,-0.0007040973686553567,-0.0007927250094651219,-0.0024510200292651337,-0.002267193527070249,-0.005272543086209881,-0.000987883889790958,,-0.0011399295749733266
596,2025-11-30,FAST,US3119001044,01422501,-0.00229009447178813,,,-0.000670767315701257,,-0.0047233198480630175,-0.0010352481858768258,-0.0006891165735775831,,,,,,,,,,,,,,-0.002386519502179209,,,,,,,,0.006297759797417357,,,-0.0009627148734905514,0.0058888143560266205,-0.0006590678857762351,,0.0038104092891936953,,,,,-0.0005843282286263527,,-0.0007040973686553567,-0.0007927250094651219,,-0.002267193527070249,,-0.000987883889790958,-0.0021188724552058395,-0.00045055623845502175
597,2025-11-30,FBK,IT0000072170,31791101W,,,,-0.000670767315701257,,,-0.0010352481858768258,-0.0006891165735775831,,,,,,,,,,,,,,,,,,0.0030029053338678792,-0.0010694309089954003,,,,,,-0.0009627148734905514,,-0.0006590678857762351,0.000987883889790958,,,,,,,,,-0.0007927250094651219,,,,,,-7.994670025672199e-05
598,2025-11-30,FCNC.A,US31946M1036,00469001,,-0.0009466361282130473,,-0.000670767315701257,,,,,,,,,,,,,-0.0034613641634660282,,,,,,,,,,-0.0010694309089954003,,,,,,,,-0.0006590678857762351,,,,,,,,,,0.0023253266944310244,,-0.002267193527070249,,,,-0.00016069503846672452
599,2025-11-30,FCX,US35671D8570,01459002,-0.00229009447178813,-0.0009466361282130473,-0.00199752733662577,-0.000670767315701257,-0.00199752733662577,,0.002042516691054278,0.0020152831351735543,0.0016428938601958324,,,,,0.003627509643312398,,,,,,,0.004875685004452148,,,,,,-0.0010694309089954003,,0.0016428938601958324,0.006297759797417357,,,,0.0058888143560266205,-0.0006590678857762351,,,,,,,-0.0005843282286263527,,-0.0007040973686553567,-0.0007927250094651219,0.0012288311799838747,0.004318463861086188,,-0.000987883889790958,,0.00028680530195039465
600,2025-11-30,FDJU,FR0013451333,33546301W,,0.001858355350057581,,,,,-0.0010352481858768258,-0.0006891165735775831,0.0016428938601958324,,,,-0.0014486859597892961,,0.002764870154963718,0.002547408457382302,,,,,,,,,,0.0030029053338678792,-0.0010694309089954003,0.003716710700115162,-0.006386460639634503,,0.0032621489598133077,,0.001897233077046233,,-0.0006590678857762351,,,0.0025763562807616463,-0.0035150287241399202,0.0024510200292651337,0.00458018894357626,-0.0005843282286263527,,0.002079994061532338,,0.0012288311799838747,,,0.001954477178508835,0.002089579287622349,0.0002109694986941667
601,2025-11-30,FDX,US31428X1063,00459801,-0.00229009447178813,-0.0009466361282130473,,-0.000670767315701257,,0.004626925565449486,0.002042516691054278,,,,,,,,,,,,,0.0024510200292651337,,,,,,,,,,,,,,,-0.0006590678857762351,,,,,,,-0.0005843282286263527,,,-0.0007927250094651219,0.0012288311799838747,,,,,0.00015061128309837814
602,2025-11-30,FE,US3379321074,00809901,0.004359987552058171,,,,,,,,,,,,,,,,,,,,,,,,,,,,,,,,0.001897233077046233,,,0.000987883889790958,,,0.0035150287241399202,,,,,,0.0023253266944310244,,,0.009647632030086164,,,0.0005027314555679208
603,2025-11-30,FER,NL0015001FS8,27121701W,,-0.0009466361282130473,0.0019800816830307846,,,,-0.0010352481858768258,0.0020152831351735543,,,,,,,,,-0.0034613641634660282,,,,,,,,,,,,,,,,,,0.0019460888644379816,0.000987883889790958,,,0.0035150287241399202,,,-0.0005843282286263527,,,-0.0007927250094651219,,,,-0.000987883889790958,0.002089579287622349,0.0001369958885573856
604,2025-11-30,FERG,US31488V1070,10064401,,,,,,,,0.0020152831351735543,,,,,,,,,,,0.003022924702760332,0.0024510200292651337,,-0.002386519502179209,,,,,,,,,,-0.005813316736077561,,,-0.0006590678857762351,,-0.00781790871403534,,,,,-0.0005843282286263527,,-0.0007040973686553567,,0.0012288311799838747,0.004318463861086188,,,,0.00014221836435209724
605,2025-11-30,FFH,CA3039011026,01642801C,,,-0.00199752733662577,0.0019800816830307846,-0.00199752733662577,,,0.0020152831351735543,,,,,,,,,,,,,,-0.002386519502179209,,,,,-0.0010694309089954003,,,,0.0032621489598133077,,0.001897233077046233,,0.0019460888644379816,0.000987883889790958,,,,,,,0.002833991908837811,,0.0023253266944310244,,,,,,0.00015538796777526362
606,2025-11-30,FFIV,US3156161024,12107701,-0.00229009447178813,-0.0009466361282130473,-0.00199752733662577,-0.000670767315701257,-0.00199752733662577,-0.0047233198480630175,-0.0010352481858768258,0.0020152831351735543,0.0016428938601958324,,,,,0.003627509643312398,0.002764870154963718,,,,,,,,,,,,,,,,0.0032621489598133077,,,,,,0.0038104092891936953,,,,,0.00229009447178813,,0.002079994061532338,,0.0012288311799838747,-0.002267193527070249,,0.001954477178508835,,-7.713552782363395e-05
607,2025-11-30,FGR,FR0000130452,22230701W,,-0.0009466361282130473,,-0.000670767315701257,,,,0.0020152831351735543,,,,,,,,,-0.0034613641634660282,,,0.0024510200292651337,,,,,,,,,,,,,0.001897233077046233,,-0.0006590678857762351,,,,-0.0035150287241399202,,,0.00229009447178813,,0.002079994061532338,0.0023253266944310244,0.0012288311799838747,,,0.001954477178508835,0.002089579287622349,0.0003630681780998163
608,2025-11-30,FI,US3377381088,01263501,-0.00229009447178813,-0.0009466361282130473,-0.00199752733662577,-0.000670767315701257,-0.00199752733662577,,,-0.0006891165735775831,,,,,,,,,0.003435141707682195,,,,,,,,,,-0.0010694309089954003,,,,0.0032621489598133077,,0.001897233077046233,,-0.0006590678857762351,,,,,,,,0.002833991908837811,0.002079994061532338,,,0.004318463861086188,-0.005272543086209881,,-0.0021188724552058395,-0.0001519902555217708
609,2025-11-30,FICO,US3032501047,01382401,-0.00229009447178813,,,-0.000670767315701257,,,,,0.0016428938601958324,0.005529740309927436,,,0.004237744910411679,0.003627509643312398,0.002764870154963718,,,0.004402317528291745,0.003022924702760332,-0.0024643407902937486,0.004875685004452148,,,,,,,,,,-0.0011141000133023334,0.0064776957916292816,-0.0009627148734905514,0.0058888143560266205,-0.0006590678857762351,0.000987883889790958,0.0038104092891936953,0.0025763562807616463,,0.0024510200292651337,,-0.0005843282286263527,,,,0.0012288311799838747,,,-0.000987883889790958,,0.0005373579545889808
610,2025-11-30,FIS,US31620M1062,16599301,-0.00229009447178813,-0.0009466361282130473,,-0.000670767315701257,,,,-0.0006891165735775831,,,,,,,,,,,,,,,,,,0.0030029053338678792,-0.0010694309089954003,,,,-0.0011141000133023334,,,,-0.0006590678857762351,0.000987883889790958,,,,,,,,-0.0007040973686553567,-0.0007927250094651219,,-0.002267193527070249,-0.005272543086209881,,-0.0021188724552058395,-0.0004415190776816887
611,2025-11-30,FITB,US3167731005,00464001,-0.00229009447178813,,,-0.000670767315701257,,,,,,,,,,,,,,,,,,,,,,,-0.0010694309089954003,,,,,,-0.0009627148734905514,,-0.0006590678857762351,,,,,,,,,,,,-0.002267193527070249,,,,-0.00021442641049718554
612,2025-11-30,FLUT,IE00BWT6H894,24317401,,,,,,0.004626925565449486,0.002042516691054278,0.0020152831351735543,-0.003285787720391665,,,,-0.0014486859597892961,-0.00719743976847698,,0.002547408457382302,,,,,,,,,,,-0.0010694309089954003,0.003716710700115162,-0.006386460639634503,-0.007313527506678221,,-0.005813316736077561,,-0.005529740309927436,0.0019460888644379816,,-0.00781790871403534,0.0025763562807616463,,0.0024510200292651337,0.00458018894357626,,,0.002079994061532338,,0.0012288311799838747,,,,,5.9973874226299754e-05
613,2025-11-30,FM,CA3359341052,10646401C,,0.001858355350057581,,-0.000670767315701257,,,,-0.0006891165735775831,,0.005529740309927436,-0.003627509643312398,-0.003627509643312398,-0.0014486859597892961,,0.002764870154963718,-0.002561800595559603,,,,,0.004875685004452148,,,,,,-0.0010694309089954003,0.003716710700115162,0.0016428938601958324,,,,,,0.0019460888644379816,-0.00196293811867554,0.0038104092891936953,0.0025763562807616463,0.0035150287241399202,0.0024510200292651337,-0.0023494233441142473,-0.0005843282286263527,,0.002079994061532338,-0.0007927250094651219,0.0012288311799838747,,,0.001954477178508835,,0.0004287872751968451
614,2025-11-30,FME,DE0005785802,21278201W,,-0.0009466361282130473,,-0.000670767315701257,,,0.002042516691054278,-0.0006891165735775831,,,,,-0.0014486859597892961,,,,,,,,-0.002477807133410108,,,,,,-0.0010694309089954003,0.003716710700115162,,,0.0032621489598133077,,-0.0009627148734905514,,,0.000987883889790958,,,,,,0.00229009447178813,,0.002079994061532338,,0.0012288311799838747,,,0.001954477178508835,,0.0002336967188568999
615,2025-11-30,FMG,AU000000FMG4,21242701W,,,0.0019800816830307846,0.0019800816830307846,,,-0.0010352481858768258,-0.0006891165735775831,0.0016428938601958324,0.005529740309927436,0.003570383507197242,0.003570383507197242,0.004237744910411679,,,0.002547408457382302,,,,,0.004875685004452148,-0.002386519502179209,,,0.008244340098437268,-0.003022924702760332,-0.0010694309089954003,,0.0016428938601958324,,,,-0.0009627148734905514,,-0.0006590678857762351,,,-0.002591078316651713,-0.0035150287241399202,,-0.0023494233441142473,0.00229009447178813,,-0.0007040973686553567,-0.0007927250094651219,,,,-0.000987883889790958,,0.0003534711034754231
616,2025-11-30,FNF,US31620R3030,16526401,-0.00229009447178813,-0.0009466361282130473,-0.00199752733662577,-0.000670767315701257,-0.00199752733662577,,,-0.0006891165735775831,,,,,,,,-0.002561800595559603,,,,,,,,,,-0.003022924702760332,-0.0010694309089954003,,,,0.0032621489598133077,,,,-0.0006590678857762351,-0.00196293811867554,,,,,,,,,-0.0007927250094651219,,-0.002267193527070249,,0.001954477178508835,,-0.00037398515796342627
617,2025-11-30,FNV,CA3518581051,17899701C,,,,,,,,,0.0016428938601958324,0.005529740309927436,0.003570383507197242,0.003570383507197242,0.004237744910411679,,-0.0027818325485524523,,-0.0034613641634660282,,,,0.004875685004452148,0.002386519502179209,0.008244340098437268,,0.008244340098437268,,0.0034093135745417273,,0.0016428938601958324,0.006297759797417357,,0.0064776957916292816,,,0.0019460888644379816,0.000987883889790958,0.0038104092891936953,0.0025763562807616463,-0.0035150287241399202,-0.002437842502226074,-0.0023494233441142473,-0.0005843282286263527,-0.0028518157573210676,,-0.0007927250094651219,-0.0024510200292651337,,,-0.000987883889790958,,0.0007120648790363807
618,2025-11-30,FORTUM,FI0009007132,22559701W,,-0.0009466361282130473,,,,,-0.0010352481858768258,0.0020152831351735543,,,,,,,0.002764870154963718,,,,,-0.0024643407902937486,,,0.008244340098437268,0.009647632030086164,0.008244340098437268,,,,,,,,-0.0009627148734905514,,,0.000987883889790958,,,,,,,,,-0.0007927250094651219,,,,,-0.0021188724552058395,0.00037592815609044687
619,2025-11-30,FOX,US35137L2043,03463602,-0.00229009447178813,0.001858355350057581,,-0.000670767315701257,,-0.0047233198480630175,-0.0010352481858768258,0.0020152831351735543,,0.005529740309927436,,,0.004237744910411679,,,,,0.004402317528291745,,,,,0.008244340098437268,0.009647632030086164,0.008244340098437268,,,,,,0.0032621489598133077,-0.005813316736077561,,,-0.0006590678857762351,,,0.0025763562807616463,,,,0.00229009447178813,,,,,0.004318463861086188,0.009647632030086164,0.001954477178508835,,0.0012242146239803257
620,2025-11-30,FOXA,US35137L1052,03463601,0.004359987552058171,0.001858355350057581,0.0019800816830307846,0.0019800816830307846,,-0.0047233198480630175,-0.0010352481858768258,0.0020152831351735543,,0.005529740309927436,,,0.004237744910411679,,,,,0.004402317528291745,,,,,0.008244340098437268,0.009647632030086164,0.008244340098437268,,,,,,0.0032621489598133077,-0.005813316736077561,,,-0.0006590678857762351,,,0.0025763562807616463,,,,0.00229009447178813,,,,,-0.002267193527070249,0.009647632030086164,0.001954477178508835,,0.0012109535675514465
621,2025-11-30,FPH,NZFAPE0001S2,10125601W,,,,-0.000670767315701257,,,-0.0010352481858768258,-0.0006891165735775831,0.0016428938601958324,,0.003570383507197242,0.003570383507197242,0.004237744910411679,,,,,0.004402317528291745,,,,0.002386519502179209,,,,,-0.0010694309089954003,,,,-0.0011141000133023334,,-0.0009627148734905514,,,,,,,0.0024510200292651337,,-0.0005843282286263527,-0.0028518157573210676,-0.0007040973686553567,-0.0007927250094651219,0.0012288311799838747,,,-0.000987883889790958,-0.0021188724552058395,6.760901863107831e-05
622,2025-11-30,FRE,DE0005785604,20230501W,,-0.0009466361282130473,-0.00199752733662577,-0.000670767315701257,-0.00199752733662577,,-0.0010352481858768258,-0.0006891165735775831,-0.003285787720391665,,,,-0.0014486859597892961,,,,,,,,-0.002477807133410108,,,,,,-0.0010694309089954003,,,,-0.0011141000133023334,,,,-0.0006590678857762351,,,,,-0.002437842502226074,,-0.0005843282286263527,,-0.0007040973686553567,-0.0007927250094651219,-0.0024510200292651337,,,,,-0.0005423667740831957
623,2025-11-30,FRES,GB00B2QPKJ12,28879901W,,0.001858355350057581,0.0019800816830307846,0.0019800816830307846,0.0019800816830307846,,0.002042516691054278,-0.0006891165735775831,0.0016428938601958324,0.005529740309927436,-0.003627509643312398,-0.003627509643312398,0.004237744910411679,,0.002764870154963718,,0.003435141707682195,,,,,0.002386519502179209,0.008244340098437268,,0.008244340098437268,,-0.0010694309089954003,0.003716710700115162,0.0016428938601958324,,,,,,,0.000987883889790958,,0.0025763562807616463,0.0035150287241399202,0.0024510200292651337,0.00458018894357626,0.00229009447178813,0.002833991908837811,0.002079994061532338,,0.0012288311799838747,,,0.001954477178508835,,0.0014637620018571036
624,2025-11-30,FSLR,US3364331070,17540401,-0.00229009447178813,-0.0009466361282130473,-0.00199752733662577,-0.000670767315701257,-0.00199752733662577,0.004626925565449486,0.002042516691054278,-0.0006891165735775831,-0.003285787720391665,-0.005598008708815429,0.003570383507197242,0.003570383507197242,,-0.00719743976847698,-0.0027818325485524523,-0.002561800595559603,,-0.004445477504059311,-0.0030432127880137567,-0.0024643407902937486,0.004875685004452148,-0.002386519502179209,,,,,,,,-0.007313527506678221,-0.0011141000133023334,,,-0.005529740309927436,-0.0006590678857762351,0.000987883889790958,,-0.002591078316651713,,-0.002437842502226074,0.00458018894357626,-0.0005843282286263527,,-0.0007040973686553567,,-0.0024510200292651337,-0.002267193527070249,,-0.000987883889790958,,-0.0004428759359673314
625,2025-11-30,FSV,CA33767E2024,02411601C,,,,,,,,,0.0016428938601958324,,,,,,,,,0.004402317528291745,0.003022924702760332,0.0024510200292651337,,,,0.009647632030086164,,,,,,,,,0.001897233077046233,,,-0.00196293811867554,,0.0025763562807616463,,0.0024510200292651337,,0.00229009447178813,,0.002079994061532338,0.0023253266944310244,0.0012288311799838747,,,,0.002089579287622349,0.0005984827340098491
626,2025-11-30,FTNT,US34959E1091,18337701,,-0.0009466361282130473,,-0.000670767315701257,,,,-0.0006891165735775831,0.0016428938601958324,,0.003570383507197242,0.003570383507197242,0.004237744910411679,0.003627509643312398,0.002764870154963718,0.002547408457382302,,,0.003022924702760332,0.0024510200292651337,,,,,,,,,,,,0.0064776957916292816,,-0.005529740309927436,0.0019460888644379816,,0.0038104092891936953,,,0.0024510200292651337,,-0.0005843282286263527,,,,0.0012288311799838747,-0.002267193527070249,,,0.002089579287622349,0.00039853590658197566
627,2025-11-30,FTS,CA3495531079,01439001C,,,,,,,-0.0010352481858768258,,,,,,,,,,,,-0.0030432127880137567,-0.0024643407902937486,,,-0.008244340098437268,,-0.008244340098437268,,,,,0.006297759797417357,,,-0.0009627148734905514,,,,,,,,,,,,-0.0007927250094651219,,,,,,-0.0003967525859637244
628,2025-11-30,FTV,US34959J1088,02659001,0.004359987552058171,,0.0019800816830307846,0.0019800816830307846,0.0019800816830307846,,,0.0020152831351735543,,,,,,,,,-0.0034613641634660282,,-0.0030432127880137567,-0.0024643407902937486,,0.002386519502179209,,,,,,,,,,,-0.0009627148734905514,,-0.0006590678857762351,-0.00196293811867554,,-0.002591078316651713,,-0.002437842502226074,,-0.0005843282286263527,,-0.0007040973686553567,-0.0007927250094651219,-0.0024510200292651337,-0.002267193527070249,,0.001954477178508835,-0.0021188724552058395,1.2001261095273165e-05
629,2025-11-30,FUTU,US36118L1061,03460390,0.004359987552058171,0.001858355350057581,0.0019800816830307846,0.0019800816830307846,0.0019800816830307846,,0.002042516691054278,,,,,,,,,,0.003435141707682195,,,,,,,,,0.0030029053338678792,-0.0010694309089954003,,,,0.0032621489598133077,,,,,0.000987883889790958,,,,,,,0.002833991908837811,0.002079994061532338,-0.0007927250094651219,,,0.009647632030086164,0.001954477178508835,,0.0009434495502903087
630,2025-11-30,FWONK,US5312297550,02718703,0.004359987552058171,-0.0009466361282130473,0.0019800816830307846,0.0019800816830307846,0.0019800816830307846,,,0.0020152831351735543,-0.003285787720391665,,-0.003627509643312398,,-0.0014486859597892961,-0.00719743976847698,,0.002547408457382302,,,,,,,0.008244340098437268,,0.008244340098437268,,,,,,-0.0011141000133023334,,,,-0.0006590678857762351,0.000987883889790958,,,-0.0035150287241399202,,,-0.0005843282286263527,0.002833991908837811,,,,-0.002267193527070249,,,,0.0003862017927676646
631,2025-11-30,G,IT0000062072,01580401W,,,,,,,,-0.0006891165735775831,,,,,,,,,,,,,,,,,,,-0.0010694309089954003,,,,-0.0011141000133023334,,0.001897233077046233,,-0.0006590678857762351,-0.00196293811867554,,,,,,,,0.002079994061532338,-0.0007927250094651219,,,,0.001954477178508835,,6.160909024263778e-05
632,2025-11-30,G1A,DE0006602006,10036801W,,0.001858355350057581,,0.0019800816830307846,0.0019800816830307846,,,-0.0006891165735775831,,,,,,,,,-0.0034613641634660282,,0.003022924702760332,,,0.002386519502179209,,,,,,,,,,,,,-0.0006590678857762351,0.000987883889790958,,,0.0035150287241399202,,,-0.0005843282286263527,,,-0.0007927250094651219,,,,0.001954477178508835,,0.0003129369834985554
633,2025-11-30,G24,DE000A12DM80,31707901W,,,,-0.000670767315701257,,,,-0.0006891165735775831,,,0.003570383507197242,0.003570383507197242,0.004237744910411679,,0.002764870154963718,,,-0.004445477504059311,,,,,-0.008244340098437268,-0.009647632030086164,-0.008244340098437268,,,,,,,,,,-0.0006590678857762351,0.000987883889790958,,,,,,-0.0005843282286263527,0.002833991908837811,,,,,,-0.000987883889790958,,-0.00027806611659497704
634,2025-11-30,GALD,CH1335392721,36083501W,,0.001858355350057581,0.0019800816830307846,,0.0019800816830307846,,,,-0.003285787720391665,,,,-0.0014486859597892961,,,,,-0.004445477504059311,-0.0030432127880137567,-0.0024643407902937486,-0.002477807133410108,-0.002386519502179209,,,,,-0.0010694309089954003,0.003716710700115162,,,-0.0011141000133023334,,0.001897233077046233,,-0.0006590678857762351,0.000987883889790958,,,,0.0024510200292651337,,-0.0005843282286263527,0.002833991908837811,,,0.0012288311799838747,,,-0.000987883889790958,,8.706010687508948e-05
635,2025-11-30,GALP,PTGAL0AM0009,27944801W,,0.001858355350057581,0.0019800816830307846,0.0019800816830307846,,,-0.0010352481858768258,-0.0006891165735775831,,,,,,,,-0.002561800595559603,,0.004402317528291745,,0.0024510200292651337,,-0.002386519502179209,0.008244340098437268,0.009647632030086164,0.008244340098437268,0.0030029053338678792,,,0.0016428938601958324,,,,,,-0.0006590678857762351,0.000987883889790958,,,-0.0035150287241399202,,,-0.0005843282286263527,,-0.0007040973686553567,-0.0007927250094651219,,,,0.001954477178508835,,0.0007260085219374114
636,2025-11-30,GBLB,BE0003797140,02140803W,,-0.0009466361282130473,,-0.000670767315701257,,,,-0.0006891165735775831,,,,,,,,,-0.0034613641634660282,,,,,0.002386519502179209,,,,,-0.0010694309089954003,,,,,,-0.0009627148734905514,,-0.0006590678857762351,,,,,,,,0.002833991908837811,,-0.0007927250094651219,,,,,-0.0021188724552058395,-0.0001595764305509025
637,2025-11-30,GD,US3695501086,00504601,,,,-0.000670767315701257,,,,-0.0006891165735775831,,,,,,,,,,,,,,0.002386519502179209,,,,,,,,0.006297759797417357,,,,0.0058888143560266205,,0.000987883889790958,0.0038104092891936953,0.0025763562807616463,,0.0024510200292651337,,-0.0005843282286263527,,0.002079994061532338,,0.0012288311799838747,0.004318463861086188,,,,0.0004651647976517995
638,2025-11-30,GDDY,US3802371076,02307101,-0.00229009447178813,,-0.00199752733662577,-0.000670767315701257,,,,-0.0006891165735775831,0.0016428938601958324,,,,,0.003627509643312398,0.002764870154963718,0.002547408457382302,,,,0.0024510200292651337,,,,,,,,,,0.006297759797417357,0.0032621489598133077,,,0.0058888143560266205,-0.0006590678857762351,0.000987883889790958,,,,,,0.00229009447178813,,0.002079994061532338,,0.0012288311799838747,,,0.001954477178508835,0.002089579287622349,0.00030814766911238745
639,2025-11-30,GE,US3696043013,00504701,0.004359987552058171,,0.0019800816830307846,,0.0019800816830307846,,,,,,,,,,,,,,,,,,,,,,,,,,,,,,,0.000987883889790958,,,0.0035150287241399202,,,-0.0005843282286263527,,-0.0007040973686553567,-0.0007927250094651219,,,,-0.000987883889790958,0.002089579287622349,0.00024137133550970052
640,2025-11-30,GEBN,CH0030170408,22891801W,,-0.0009466361282130473,,-0.000670767315701257,,,-0.0010352481858768258,-0.0006891165735775831,,,,,,,,,-0.0034613641634660282,,,,,,,,,,,,,,,,-0.0009627148734905514,,-0.0006590678857762351,,,,,,,-0.0005843282286263527,,-0.0007040973686553567,-0.0007927250094651219,,,,-0.000987883889790958,,-0.0002583175482345399
641,2025-11-30,GEHC,US36266G1076,04181801,,0.001858355350057581,,,,,,-0.0006891165735775831,,,,,-0.0014486859597892961,,,,,,0.003022924702760332,0.0024510200292651337,-0.002477807133410108,,,,,,-0.0010694309089954003,-0.003716710700115162,,,,,,-0.005529740309927436,0.0019460888644379816,-0.00196293811867554,,,,,,,,-0.0007040973686553567,,-0.0024510200292651337,-0.002267193527070249,,,0.002089579287622349,-0.00034940434989044164
642,2025-11-30,GEN,US6687711084,01585501,,,,,,0.004626925565449486,0.002042516691054278,0.0020152831351735543,,,,,-0.0014486859597892961,,,0.002547408457382302,-0.0034613641634660282,-0.004445477504059311,-0.0030432127880137567,,0.004875685004452148,,,,,,,,,,0.0032621489598133077,,,,-0.0006590678857762351,-0.00196293811867554,,-0.002591078316651713,,-0.002437842502226074,-0.0023494233441142473,0.00229009447178813,,-0.0007040973686553567,,-0.0024510200292651337,-0.002267193527070249,,,0.002089579287622349,1.1431102102989518e-05
643,2025-11-30,GET,FR0010533075,20208603W,,-0.0009466361282130473,,-0.000670767315701257,-0.00199752733662577,,-0.0010352481858768258,0.0020152831351735543,,,,,,,,,,,-0.0030432127880137567,-0.0024643407902937486,,,,,,,,,,,,,-0.0009627148734905514,,-0.0006590678857762351,0.000987883889790958,,-0.002591078316651713,-0.0035150287241399202,-0.002437842502226074,,-0.0005843282286263527,,-0.0007040973686553567,-0.0007927250094651219,-0.0024510200292651337,,,,,-0.00034232600689656205
644,2025-11-30,GEV,US36828A1016,04516901,-0.00229009447178813,,-0.00199752733662577,-0.000670767315701257,-0.00199752733662577,0.004626925565449486,0.002042516691054278,-0.0006891165735775831,,,,,,,,,0.003435141707682195,,0.003022924702760332,0.0024510200292651337,,,,,,,,,,-0.007313527506678221,,-0.005813316736077561,,-0.005529740309927436,-0.0006590678857762351,,-0.00781790871403534,0.0025763562807616463,0.0035150287241399202,0.0024510200292651337,,,,,,,0.004318463861086188,,,0.002089579287622349,0.00022003334543116112
645,2025-11-30,GFC,FR0010040865,22188401W,,,,,,,,,-0.003285787720391665,,,,,,,,,-0.004445477504059311,-0.0030432127880137567,-0.0024643407902937486,,,,,,,,,,,,,,,,0.000987883889790958,,,,0.0024510200292651337,,0.00229009447178813,,-0.0007040973686553567,,0.0012288311799838747,,,-0.000987883889790958,,-7.00890315372658e-05
646,2025-11-30,GFL,CA36168Q1046,03561201C,,-0.0009466361282130473,-0.00199752733662577,-0.000670767315701257,-0.00199752733662577,,,-0.0006891165735775831,,,,,,,,,,,-0.0030432127880137567,-0.0024643407902937486,,,,,,,,,,,,-0.005813316736077561,,-0.005529740309927436,0.0019460888644379816,0.000987883889790958,,,,,,-0.0005843282286263527,,,-0.0007927250094651219,,,,-0.000987883889790958,,-0.00042059170203637136
647,2025-11-30,GGG,US3841091040,00525201,-0.00229009447178813,,,-0.000670767315701257,,,,-0.0006891165735775831,,,,,,,,,,,,-0.0024643407902937486,,,,,,,,,,0.006297759797417357,,-0.005813316736077561,-0.0009627148734905514,,-0.0006590678857762351,-0.00196293811867554,,,,0.0024510200292651337,,-0.0005843282286263527,,-0.0007040973686553567,-0.0007927250094651219,0.0012288311799838747,,,,-0.0021188724552058395,-0.0002527731517664451
648,2025-11-30,GIB.A,CA12532H1047,02186401C,,-0.0009466361282130473,,-0.000670767315701257,,,,-0.0006891165735775831,,,,,,,,,,,,,,-0.002386519502179209,,,,,,,,,,0.0064776957916292816,0.001897233077046233,-0.005529740309927436,-0.0006590678857762351,,,,,,-0.0023494233441142473,-0.0005843282286263527,,-0.0007040973686553567,,,,,0.001954477178508835,,-5.181665850928388e-05
649,2025-11-30,GIL,CA3759161035,11148601C,,0.001858355350057581,,-0.000670767315701257,,,0.002042516691054278,-0.0006891165735775831,,,,,0.004237744910411679,,,-0.002561800595559603,,,,,0.004875685004452148,-0.002386519502179209,,,,-0.003022924702760332,-0.0010694309089954003,-0.003716710700115162,-0.006386460639634503,-0.007313527506678221,-0.0011141000133023334,,,,0.0019460888644379816,,,,,,,-0.0005843282286263527,0.002833991908837811,,,,,,,,-0.00015679051401792037
650,2025-11-30,GILD,US3755581036,02485601,,,,,,0.004626925565449486,0.002042516691054278,0.0020152831351735543,0.0016428938601958324,,,,0.004237744910411679,0.003627509643312398,,0.002547408457382302,,,,,0.004875685004452148,,,,,0.0030029053338678792,0.0034093135745417273,,,,-0.0011141000133023334,,-0.0009627148734905514,-0.005529740309927436,0.0019460888644379816,0.000987883889790958,,,,0.0024510200292651337,,-0.0005843282286263527,,,-0.0007927250094651219,0.0012288311799838747,0.004318463861086188,,,,0.0009435183909537262
651,2025-11-30,GIS,US3703341046,00507101,,,,-0.000670767315701257,,-0.0047233198480630175,-0.0010352481858768258,,,,,,,,,0.002547408457382302,,,,,,,,,,,,-0.003716710700115162,0.0016428938601958324,,-0.0011141000133023334,,-0.0009627148734905514,,0.0019460888644379816,,0.0038104092891936953,-0.002591078316651713,,-0.002437842502226074,-0.0023494233441142473,-0.0005843282286263527,,-0.0007040973686553567,-0.0007927250094651219,-0.0024510200292651337,-0.002267193527070249,,,,-0.0005165300530357147
652,2025-11-30,GIVN,CH0010645932,23741901W,,-0.0009466361282130473,,-0.000670767315701257,,,-0.0010352481858768258,-0.0006891165735775831,0.0016428938601958324,,,,,,,-0.002561800595559603,,,,,,,-0.008244340098437268,,-0.008244340098437268,-0.003022924702760332,-0.0010694309089954003,-0.003716710700115162,0.0016428938601958324,,,,,,-0.0006590678857762351,0.000987883889790958,,,,-0.002437842502226074,,-0.0005843282286263527,0.002833991908837811,-0.0007040973686553567,-0.0007927250094651219,,,,,,-0.0005747044518835887
653,2025-11-30,GJF,NO0010582521,29609101W,,-0.0009466361282130473,-0.00199752733662577,-0.000670767315701257,-0.00199752733662577,,,,,,,,,,,,,,,,,,,,,,-0.0010694309089954003,,,,-0.0011141000133023334,,,,-0.0006590678857762351,,,,,,,,,,-0.0007927250094651219,,,,-0.000987883889790958,,-0.00027656185820138564
654,2025-11-30,GLE,FR0000130809,01578401W,,0.001858355350057581,0.0019800816830307846,0.0019800816830307846,0.0019800816830307846,,0.002042516691054278,0.0020152831351735543,,,,,,,,,,,,,,,,,,,0.0034093135745417273,,,,,,,,0.0019460888644379816,,,,,,,,,,-0.0007927250094651219,,,,,0.002089579287622349,0.0005663733352322442
655,2025-11-30,GLEN,JE00B4T3BW64,26740701W,,,-0.00199752733662577,-0.000670767315701257,-0.00199752733662577,,-0.0010352481858768258,-0.0006891165735775831,,-0.005598008708815429,-0.003627509643312398,-0.003627509643312398,-0.0014486859597892961,,-0.0027818325485524523,,,,,,-0.002477807133410108,,-0.008244340098437268,,-0.008244340098437268,-0.003022924702760332,-0.0010694309089954003,0.003716710700115162,0.0016428938601958324,,,,0.001897233077046233,,-0.0006590678857762351,,,-0.002591078316651713,-0.0035150287241399202,,-0.0023494233441142473,-0.0005843282286263527,-0.0028518157573210676,-0.0007040973686553567,0.0023253266944310244,-0.0024510200292651337,,,-0.000987883889790958,,-0.0009002335830867508
656,2025-11-30,GLPI,US36467J1088,01879201,,,,,,0.004626925565449486,,,0.0016428938601958324,,,,,0.003627509643312398,,,,,,,,,,,,,,,,,,,-0.0009627148734905514,,,,,,,,,-0.0005843282286263527,,-0.0007040973686553567,-0.0007927250094651219,,,0.009647632030086164,-0.000987883889790958,,0.00032190813739457725
657,2025-11-30,GLW,US2193501051,00353201,,0.001858355350057581,,-0.000670767315701257,,,,-0.0006891165735775831,-0.003285787720391665,,,,-0.0014486859597892961,,-0.0027818325485524523,,,,,,,,,,,,,,,,-0.0011141000133023334,-0.005813316736077561,,,,0.000987883889790958,-0.00781790871403534,,,,-0.0023494233441142473,-0.0005843282286263527,-0.0028518157573210676,-0.0007040973686553567,,,,,-0.000987883889790958,,-0.0004372204860947728
658,2025-11-30,GM,US37045V1008,00507319,0.004359987552058171,0.001858355350057581,0.0019800816830307846,0.0019800816830307846,0.0019800816830307846,0.004626925565449486,0.002042516691054278,0.0020152831351735543,,,,,-0.0014486859597892961,,-0.0027818325485524523,,,,,,,0.002386519502179209,,,,,-0.0010694309089954003,0.003716710700115162,0.0016428938601958324,,0.0032621489598133077,,0.001897233077046233,,-0.0006590678857762351,,0.0038104092891936953,,,,-0.0023494233441142473,-0.0005843282286263527,-0.0028518157573210676,0.002079994061532338,,0.0012288311799838747,0.004318463861086188,,-0.000987883889790958,,0.0009304741981410395
659,2025-11-30,GMAB,DK0010272202,24520701W,,-0.0009466361282130473,0.0019800816830307846,0.0019800816830307846,0.0019800816830307846,,-0.0010352481858768258,0.0020152831351735543,0.0016428938601958324,,-0.003627509643312398,-0.003627509643312398,0.004237744910411679,,0.002764870154963718,,,,,,0.004875685004452148,,,,,,0.0034093135745417273,-0.003716710700115162,,,0.0032621489598133077,,,,0.0019460888644379816,0.000987883889790958,,,,,,0.00229009447178813,0.002833991908837811,-0.0007040973686553567,0.0023253266944310244,,,,0.001954477178508835,-0.0021188724552058395,0.0005891654876460666
660,2025-11-30,GMG,AU000000GMG2,27181001W,,,,,,,,,,,-0.003627509643312398,-0.003627509643312398,,,,,,,,-0.0024643407902937486,,,,,,,,-0.003716710700115162,,,,,0.001897233077046233,,,-0.00196293811867554,,-0.002591078316651713,,,-0.0023494233441142473,-0.0005843282286263527,,-0.0007040973686553567,-0.0007927250094651219,,,,-0.000987883889790958,-0.0021188724552058395,-0.0004902310453293612
661,2025-11-30,GOOG,US02079K1079,16032903,0.004359987552058171,0.001858355350057581,0.0019800816830307846,0.0019800816830307846,0.0019800816830307846,,,,0.0016428938601958324,0.005529740309927436,0.003570383507197242,0.003570383507197242,0.004237744910411679,0.003627509643312398,,,,0.004402317528291745,,,,,,,,,,-0.003716710700115162,,0.006297759797417357,-0.0011141000133023334,0.0064776957916292816,,,-0.0006590678857762351,,,0.0025763562807616463,,,,-0.0005843282286263527,,,,,,,-0.000987883889790958,,0.0006130797081885291
662,2025-11-30,GOOGL,US02079K3059,16032901,0.004359987552058171,0.001858355350057581,0.0019800816830307846,0.0019800816830307846,0.0019800816830307846,,,,0.0016428938601958324,0.005529740309927436,0.003570383507197242,0.003570383507197242,0.004237744910411679,0.003627509643312398,,,,0.004402317528291745,,,,,,,,,,-0.003716710700115162,,0.006297759797417357,-0.0011141000133023334,0.0064776957916292816,,,-0.0006590678857762351,,,0.0025763562807616463,,,,-0.0005843282286263527,,,,,0.004318463861086188,,-0.000987883889790958,,0.0007988978007041545
663,2025-11-30,GPC,US3724601055,00512501,-0.00229009447178813,,,-0.000670767315701257,,,,-0.0006891165735775831,-0.003285787720391665,-0.005598008708815429,,,-0.0014486859597892961,-0.00719743976847698,-0.0027818325485524523,,,,,0.0024510200292651337,-0.002477807133410108,,,,,,-0.0010694309089954003,-0.003716710700115162,-0.006386460639634503,,-0.0011141000133023334,-0.005813316736077561,,,-0.0006590678857762351,,-0.00781790871403534,-0.002591078316651713,,-0.002437842502226074,-0.0023494233441142473,-0.0005843282286263527,-0.0028518157573210676,-0.0007040973686553567,,-0.0024510200292651337,-0.002267193527070249,,-0.000987883889790958,,-0.0012910263223796909
664,2025-11-30,GPN,US37940X1028,14191301,,-0.0009466361282130473,,-0.000670767315701257,,0.004626925565449486,0.002042516691054278,-0.0006891165735775831,,,,,,,,,,,,,,,,,,,-0.0010694309089954003,,,,,,,,-0.0006590678857762351,,,,,,,,,0.002079994061532338,-0.0007927250094651219,,,-0.005272543086209881,,-0.0021188724552058395,-9.087788126370672e-05
665,2025-11-30,GRF,ES0171996087,27781201W,,-0.0009466361282130473,-0.00199752733662577,-0.000670767315701257,-0.00199752733662577,,0.002042516691054278,-0.0006891165735775831,-0.003285787720391665,,-0.003627509643312398,-0.003627509643312398,-0.0014486859597892961,,,-0.002561800595559603,,-0.004445477504059311,,,-0.002477807133410108,0.002386519502179209,,,,,-0.0010694309089954003,0.003716710700115162,,,0.0032621489598133077,,0.001897233077046233,,0.0019460888644379816,0.000987883889790958,,,,,,0.00229009447178813,0.002833991908837811,0.002079994061532338,0.0023253266944310244,0.0012288311799838747,,,,0.002089579287622349,0.00011931407194615111
666,2025-11-30,GRMN,CH0114405324,14145901,,,,,,,,-0.0006891165735775831,,0.005529740309927436,,,,,,-0.002561800595559603,,,,-0.0024643407902937486,0.004875685004452148,-0.002386519502179209,,,,-0.003022924702760332,0.0034093135745417273,-0.003716710700115162,0.0016428938601958324,0.006297759797417357,-0.0011141000133023334,,,0.0058888143560266205,-0.0006590678857762351,,-0.00781790871403534,,,,,-0.0005843282286263527,-0.0028518157573210676,-0.0007040973686553567,,,,,-0.000987883889790958,-0.0021188724552058395,-0.00025783335044810474
667,2025-11-30,GS,US38141G1040,11462801,0.004359987552058171,0.001858355350057581,0.0019800816830307846,,0.0019800816830307846,,,,,,,,,,,-0.002561800595559603,,,,,,-0.002386519502179209,,,,-0.003022924702760332,-0.0010694309089954003,,,,-0.0011141000133023334,,,,,0.000987883889790958,,,,,,,0.002833991908837811,0.002079994061532338,0.0023253266944310244,,-0.002267193527070249,0.009647632030086164,-0.000987883889790958,,0.0003950881731115245
668,2025-11-30,GSK,GB00BN7SWP63,00518002W,,,,0.0019800816830307846,,,,-0.0006891165735775831,0.0016428938601958324,,,,,,,0.002547408457382302,,,,0.0024510200292651337,,,,,,,-0.0010694309089954003,,,,-0.0011141000133023334,,-0.0009627148734905514,,0.0019460888644379816,0.000987883889790958,,,,,,-0.0005843282286263527,,-0.0007040973686553567,-0.0007927250094651219,,,,0.001954477178508835,0.002089579287622349,0.0002047222752767048
669,2025-11-30,GWO,CA39138C1068,01643101C,,,,,,,,-0.0006891165735775831,,,,,,,,-0.002561800595559603,,,,,,,,,,,-0.0010694309089954003,,,,-0.0011141000133023334,,0.001897233077046233,,-0.0006590678857762351,0.000987883889790958,,,,,,,,-0.0007040973686553567,0.0023253266944310244,,,,,0.002089579287622349,5.706370645526936e-05
670,2025-11-30,GWW,US3848021040,00525601,-0.00229009447178813,-0.0009466361282130473,,-0.000670767315701257,,,,-0.0006891165735775831,,,,,,,,,,,0.003022924702760332,0.0024510200292651337,,-0.002386519502179209,,,,,,,,,,0.0064776957916292816,,,-0.0006590678857762351,,,-0.002591078316651713,,-0.002437842502226074,,-0.0005843282286263527,,-0.0007040973686553567,-0.0007927250094651219,,,,-0.000987883889790958,,-0.0002093817899547799
671,2025-11-30,H,CA4488112083,02494401C,,,,,,,-0.0010352481858768258,-0.0006891165735775831,,,,,,,,,,,,,,,-0.008244340098437268,-0.009647632030086164,-0.008244340098437268,,,,,,,,,,,,,,,,,,,,,,,,,,-0.0005251611719162977
672,2025-11-30,H,US4485791028,18336601,-0.00229009447178813,0.001858355350057581,,-0.000670767315701257,-0.00199752733662577,,,-0.0006891165735775831,-0.003285787720391665,-0.005598008708815429,,,-0.0014486859597892961,-0.00719743976847698,,0.002547408457382302,,,,,,,,,,,-0.0010694309089954003,-0.003716710700115162,0.0016428938601958324,,-0.0011141000133023334,-0.005813316736077561,,,-0.0006590678857762351,,0.0038104092891936953,-0.002591078316651713,,-0.002437842502226074,-0.0023494233441142473,-0.0005843282286263527,,-0.0007040973686553567,,-0.0024510200292651337,-0.002267193527070249,,-0.000987883889790958,0.002089579287622349,-0.0006486876600272491
673,2025-11-30,H78,BMG4587L1090,21057604W,,,,,,,,,-0.003285787720391665,,,,,,,,,-0.004445477504059311,-0.0030432127880137567,-0.0024643407902937486,,,,,,,,0.003716710700115162,,,,,-0.0009627148734905514,,,-0.00196293811867554,,-0.002591078316651713,,,-0.0023494233441142473,0.00229009447178813,,-0.0007040973686553567,-0.0007927250094651219,-0.0024510200292651337,,,-0.000987883889790958,-0.0021188724552058395,-0.00030395843961212525
674,2025-11-30,HAG,DE000HAG0005,34011501W,,-0.0009466361282130473,-0.00199752733662577,-0.000670767315701257,-0.00199752733662577,,-0.0010352481858768258,-0.0006891165735775831,,,,,,,,,0.003435141707682195,,,,,,,,,,,,,,,,,,-0.0006590678857762351,-0.00196293811867554,,,,,,-0.0005843282286263527,,-0.0007040973686553567,-0.0007927250094651219,,,,-0.000987883889790958,0.002089579287622349,-0.00025837195059534514
675,2025-11-30,HAL,US4062161017,00543901,0.004359987552058171,,,,,-0.0047233198480630175,-0.0010352481858768258,0.0020152831351735543,,,,,,,,-0.002561800595559603,,0.004402317528291745,,,,,0.008244340098437268,0.009647632030086164,,,,,0.0016428938601958324,,,,,,-0.0006590678857762351,0.000987883889790958,,-0.002591078316651713,,,,0.00229009447178813,0.002833991908837811,-0.0007040973686553567,0.0023253266944310244,,-0.002267193527070249,0.009647632030086164,,,0.0006632504828937003
676,2025-11-30,HBAN,US4461501045,00578601,,0.001858355350057581,,-0.000670767315701257,,0.004626925565449486,0.002042516691054278,,,,,,,,,,,,,,,,,,,,-0.0010694309089954003,,,,,,,,0.0019460888644379816,,,,,,,,,,,,,,,,0.00024563295483472856
677,2025-11-30,HCA,US40412C1018,02226004,0.004359987552058171,0.001858355350057581,0.0019800816830307846,0.0019800816830307846,0.0019800816830307846,,0.002042516691054278,0.0020152831351735543,0.0016428938601958324,,,,0.004237744910411679,0.003627509643312398,,,,0.004402317528291745,0.003022924702760332,-0.0024643407902937486,,,,,,0.0030029053338678792,-0.0010694309089954003,,,,0.0032621489598133077,,0.001897233077046233,,,,,,,,,0.00229009447178813,0.002833991908837811,0.002079994061532338,0.0023253266944310244,0.0012288311799838747,-0.002267193527070249,,,,0.0009368020477931912
678,2025-11-30,HD,US4370761029,00568001,,,,-0.000670767315701257,,-0.0047233198480630175,-0.0010352481858768258,-0.0006891165735775831,0.0016428938601958324,,,,0.004237744910411679,0.003627509643312398,,,,,,0.0024510200292651337,,,,,,,-0.0010694309089954003,,0.0016428938601958324,,-0.0011141000133023334,,,,-0.0006590678857762351,,,,,,-0.0023494233441142473,-0.0005843282286263527,,-0.0007040973686553567,,,,,-0.000987883889790958,0.002089579287622349,-2.800003076613739e-05
679,2025-11-30,HEI,DE0006047004,10037301W,,,,,,,,-0.0006891165735775831,,,,,-0.0014486859597892961,,,,,,,,-0.002477807133410108,,-0.008244340098437268,,-0.008244340098437268,,0.0034093135745417273,,0.0016428938601958324,,,,,,-0.0006590678857762351,0.000987883889790958,,,,,,0.00229009447178813,0.002833991908837811,-0.0007040973686553567,0.0023253266944310244,,,,,,-0.00011600909617235394
680,2025-11-30,HEI,US4228061093,00556701,,,0.0019800816830307846,,0.0019800816830307846,-0.0047233198480630175,-0.0010352481858768258,-0.0006891165735775831,,,,,,,,,0.003435141707682195,,-0.0030432127880137567,,,-0.002386519502179209,,,,,,,,,,0.0064776957916292816,-0.0009627148734905514,,-0.0006590678857762351,,0.0038104092891936953,,,,,-0.0005843282286263527,,-0.0007040973686553567,-0.0007927250094651219,,-0.002267193527070249,,-0.000987883889790958,,-0.0002305401482913593
681,2025-11-30,HEIA,NL0000009165,10483302W,,-0.0009466361282130473,-0.00199752733662577,-0.000670767315701257,,,,,,,,,,,,,,,,,,0.002386519502179209,,,,0.0030029053338678792,,,0.0016428938601958324,,-0.0011141000133023334,,-0.0009627148734905514,,0.0019460888644379816,0.000987883889790958,,,,,,-0.0005843282286263527,,-0.0007040973686553567,-0.0007927250094651219,,,,,,4.421527584228133e-05
682,2025-11-30,HEIA,US4228062083,00556702,,,,,,,,,,,,,,,,,0.003435141707682195,,-0.0030432127880137567,,,-0.002386519502179209,,,,,,,,,,0.0064776957916292816,,,-0.0006590678857762351,,0.0038104092891936953,,,,,-0.0005843282286263527,,-0.0007040973686553567,-0.0007927250094651219,0.0012288311799838747,,,,,6.489592803834938e-05
683,2025-11-30,HEIO,NL0000008977,20649301W,,,-0.00199752733662577,-0.000670767315701257,-0.00199752733662577,,,,,,,,,,,,,,0.003022924702760332,,,0.002386519502179209,,,,0.0030029053338678792,,0.003716710700115162,0.0016428938601958324,,0.0032621489598133077,,-0.0009627148734905514,,0.0019460888644379816,0.000987883889790958,,,,,,-0.0005843282286263527,,-0.0007040973686553567,,,,,,0.002089579287622349,0.00027054232528610125
684,2025-11-30,HELN,CH0466642201,01634902W,,,0.0019800816830307846,0.0019800816830307846,0.0019800816830307846,,,,,,,,,,,,,,,,,,,,,,-0.0010694309089954003,,,,,,,,0.0019460888644379816,,,,,,,,-0.0028518157573210676,,-0.0007927250094651219,,,,-0.000987883889790958,,3.780700277260048e-05
685,2025-11-30,HEN,DE0006048408,10194202W,,-0.0009466361282130473,,-0.000670767315701257,,,,,,,0.003570383507197242,0.003570383507197242,,,,,,,,-0.0024643407902937486,,,,,,,,,0.0016428938601958324,,0.0032621489598133077,,-0.0009627148734905514,,0.0019460888644379816,,,,,-0.002437842502226074,-0.0023494233441142473,0.00229009447178813,0.002833991908837811,-0.0007040973686553567,-0.0007927250094651219,-0.0024510200292651337,,,0.001954477178508835,-0.0021188724552058395,5.7073655168764056e-05
686,2025-11-30,HEN3,DE0006048432,10194201W,,0.001858355350057581,0.0019800816830307846,0.0019800816830307846,0.0019800816830307846,,,,,,0.003570383507197242,0.003570383507197242,,,,,,,,-0.0024643407902937486,,,,,,,,,0.0016428938601958324,,0.0032621489598133077,,-0.0009627148734905514,,,,,,,-0.002437842502226074,-0.0023494233441142473,0.00229009447178813,0.002833991908837811,-0.0007040973686553567,-0.0007927250094651219,-0.0024510200292651337,,,,-0.0021188724552058395,0.0001892170168743225
687,2025-11-30,HEXA B,SE0015961909,10306502W,,-0.0009466361282130473,-0.00199752733662577,-0.000670767315701257,-0.00199752733662577,,-0.0010352481858768258,-0.0006891165735775831,,,,,-0.0014486859597892961,,,-0.002561800595559603,-0.0034613641634660282,-0.004445477504059311,-0.0030432127880137567,-0.0024643407902937486,-0.002477807133410108,,,,,,,,,,-0.0011141000133023334,,-0.0009627148734905514,,-0.0006590678857762351,,,,,,,-0.0005843282286263527,,-0.0007040973686553567,,,,,0.001954477178508835,,-0.00041530484313575633
688,2025-11-30,HIG,US4165151048,06173901,0.004359987552058171,,0.0019800816830307846,0.0019800816830307846,0.0019800816830307846,,,0.0020152831351735543,,,,,,,,-0.002561800595559603,,,,,,,,,,,-0.0010694309089954003,,,,,,0.001897233077046233,,,,,,,,,,,,0.0023253266944310244,,0.004318463861086188,,0.001954477178508835,,0.0006923074304595217
689,2025-11-30,HIK,GB00B0LCW083,27452201W,,-0.0009466361282130473,-0.00199752733662577,-0.000670767315701257,,,,-0.0006891165735775831,0.0016428938601958324,,,,-0.0014486859597892961,,,-0.002561800595559603,,,,,-0.002477807133410108,-0.002386519502179209,,,,-0.003022924702760332,-0.0010694309089954003,,,,-0.0011141000133023334,,,,0.0019460888644379816,,,,,-0.002437842502226074,,-0.0005843282286263527,,-0.0007040973686553567,0.0023253266944310244,-0.0024510200292651337,,,,,-0.00042214947817516036
690,2025-11-30,HLMA,GB0004052071,10017401W,,,,-0.000670767315701257,,,-0.0010352481858768258,-0.0006891165735775831,,0.005529740309927436,,,-0.0014486859597892961,,,-0.002561800595559603,,,,,,0.002386519502179209,,,,,,,,,,,,,-0.0006590678857762351,,,,,,,-0.0005843282286263527,0.002833991908837811,,,0.0012288311799838747,,,,,-1.7829174886415284e-05
691,2025-11-30,HLN,GB00BMX86B70,35344401W,,,,,,,,-0.0006891165735775831,-0.003285787720391665,,,,-0.0014486859597892961,,,0.002547408457382302,,-0.004445477504059311,-0.0030432127880137567,,,,,,,,-0.0010694309089954003,,,,0.0032621489598133077,,-0.0009627148734905514,,,0.000987883889790958,,,,,,0.00229009447178813,,-0.0007040973686553567,,,,,,,-0.0001781239444927674
692,2025-11-30,HLT,US43300A2033,00564304,,,,-0.000670767315701257,,,,-0.0006891165735775831,0.0016428938601958324,,,,,0.003627509643312398,0.002764870154963718,0.002547408457382302,,,,-0.0024643407902937486,0.004875685004452148,,,,,,-0.0010694309089954003,,0.0016428938601958324,0.006297759797417357,-0.0011141000133023334,,,0.0058888143560266205,,,0.0038104092891936953,0.0025763562807616463,,0.0024510200292651337,,-0.0005843282286263527,0.002833991908837811,,,0.0012288311799838747,,,,,0.000350138413983711
693,2025-11-30,HM B,SE0000106270,10227601W,,0.001858355350057581,0.0019800816830307846,0.0019800816830307846,0.0019800816830307846,,-0.0010352481858768258,-0.0006891165735775831,0.0016428938601958324,,,,-0.0014486859597892961,,,,,,,0.0024510200292651337,-0.002477807133410108,0.002386519502179209,,,,,-0.0010694309089954003,0.003716710700115162,0.0016428938601958324,,-0.0011141000133023334,,-0.0009627148734905514,,-0.0006590678857762351,,,-0.002591078316651713,,,-0.0023494233441142473,-0.0005843282286263527,,-0.0007040973686553567,,,,,0.001954477178508835,,0.00026886670220309654
694,2025-11-30,HNR1,DE0008402215,20482501W,,-0.0009466361282130473,,-0.000670767315701257,,,,-0.0006891165735775831,,,,,,,,,,,,,,,,,,,-0.0010694309089954003,,,,-0.0011141000133023334,,0.001897233077046233,,,0.000987883889790958,,,,,,,,-0.0007040973686553567,-0.0007927250094651219,,,,0.001954477178508835,,4.3654802021852376e-06
695,2025-11-30,HO,FR0000121329,01355601W,,-0.0009466361282130473,-0.00199752733662577,-0.000670767315701257,-0.00199752733662577,,,-0.0006891165735775831,,,,,,,,,,,,,,,,,,,,,,,,,,,-0.0006590678857762351,,,0.0025763562807616463,,0.0024510200292651337,,-0.0005843282286263527,,0.002079994061532338,,0.0012288311799838747,,,,0.002089579287622349,1.3012242075121862e-05
696,2025-11-30,HOLM B,SE0011090018,10074403W,,-0.0009466361282130473,,-0.000670767315701257,,,-0.0010352481858768258,-0.0006891165735775831,-0.003285787720391665,,0.003570383507197242,0.003570383507197242,-0.0014486859597892961,,,,,,,,-0.002477807133410108,,-0.008244340098437268,,-0.008244340098437268,,-0.0010694309089954003,-0.003716710700115162,0.0016428938601958324,,,,-0.0009627148734905514,,-0.0006590678857762351,,,,-0.0035150287241399202,,-0.0023494233441142473,-0.0005843282286263527,,-0.0007040973686553567,-0.0007927250094651219,,,,,,-0.0006853689707488871
697,2025-11-30,HOLN,CH0012214059,10130401W,,-0.0009466361282130473,,-0.000670767315701257,,,-0.0010352481858768258,-0.0006891165735775831,0.0016428938601958324,,,,-0.0014486859597892961,,,0.002547408457382302,,,,,,0.002386519502179209,,,,,-0.0010694309089954003,-0.003716710700115162,0.0016428938601958324,,,,-0.0009627148734905514,,-0.0006590678857762351,0.000987883889790958,,,,,,-0.0005843282286263527,,-0.0007040973686553567,-0.0007927250094651219,,,,0.001954477178508835,,-0.0001519090266918849
698,2025-11-30,HOLX,US4364401012,02090401,-0.00229009447178813,,,-0.000670767315701257,,,,-0.0006891165735775831,,,,,-0.0014486859597892961,,0.002764870154963718,,,,,,,-0.002386519502179209,,,,0.0030029053338678792,-0.0010694309089954003,,,,-0.0011141000133023334,,-0.0009627148734905514,0.0058888143560266205,-0.0006590678857762351,-0.00196293811867554,,,,-0.002437842502226074,,-0.0005843282286263527,,-0.0007040973686553567,-0.0007927250094651219,,0.004318463861086188,,0.001954477178508835,,8.023262748382336e-05
699,2025-11-30,HON,US4385161066,00130001,,-0.0009466361282130473,,,,,-0.0010352481858768258,,,,,,,,,,,,,,,-0.002386519502179209,,,,,,,,-0.007313527506678221,,-0.005813316736077561,,-0.005529740309927436,-0.0006590678857762351,,-0.00781790871403534,,,,,-0.0005843282286263527,,-0.0007040973686553567,-0.0007927250094651219,,0.004318463861086188,,,0.002089579287622349,-0.00014424136335294626
700,2025-11-30,HOOD,US7707001027,03929301,,,0.0019800816830307846,-0.000670767315701257,0.0019800816830307846,-0.0047233198480630175,-0.0010352481858768258,-0.0006891165735775831,,,,,,,,,,,,,,0.002386519502179209,,,,0.0030029053338678792,-0.0010694309089954003,,,,,,-0.0009627148734905514,,-0.0006590678857762351,0.000987883889790958,,,,,,,-0.0028518157573210676,0.002079994061532338,-0.0007927250094651219,,,,,,-9.1618301542965e-05
701,2025-11-30,HPE,US42824C1099,02615601,,0.001858355350057581,,,,0.004626925565449486,0.002042516691054278,,-0.003285787720391665,-0.005598008708815429,,,-0.0014486859597892961,-0.00719743976847698,-0.0027818325485524523,,0.003435141707682195,,,,-0.002477807133410108,0.002386519502179209,,,,,,,,-0.007313527506678221,-0.0011141000133023334,-0.005813316736077561,0.001897233077046233,-0.005529740309927436,-0.0006590678857762351,,,-0.002591078316651713,,-0.002437842502226074,-0.0023494233441142473,-0.0005843282286263527,-0.0028518157573210676,-0.0007040973686553567,,-0.0024510200292651337,,,-0.000987883889790958,0.002089579287622349,-0.000246281192280197
702,2025-11-30,HPQ,US40434L1052,00560601,-0.00229009447178813,-0.0009466361282130473,,-0.000670767315701257,-0.00199752733662577,-0.0047233198480630175,-0.0010352481858768258,-0.0006891165735775831,0.0016428938601958324,-0.005598008708815429,,,-0.0014486859597892961,0.003627509643312398,-0.0027818325485524523,,,0.004402317528291745,0.003022924702760332,-0.0024643407902937486,-0.002477807133410108,-0.002386519502179209,,,,,,,,-0.007313527506678221,-0.0011141000133023334,-0.005813316736077561,0.001897233077046233,-0.005529740309927436,-0.0006590678857762351,,-0.00781790871403534,-0.002591078316651713,,-0.002437842502226074,-0.0023494233441142473,-0.0005843282286263527,-0.0028518157573210676,-0.0007040973686553567,,-0.0024510200292651337,-0.002267193527070249,,0.001954477178508835,,-0.000997030193191619
703,2025-11-30,HRL,US4404521001,00570901,-0.00229009447178813,-0.0009466361282130473,-0.00199752733662577,-0.000670767315701257,-0.00199752733662577,,-0.0010352481858768258,,-0.003285787720391665,,,,,-0.00719743976847698,-0.0027818325485524523,,,,,,,-0.002386519502179209,,,,,,,-0.006386460639634503,,-0.0011141000133023334,-0.005813316736077561,-0.0009627148734905514,-0.005529740309927436,-0.0006590678857762351,-0.00196293811867554,0.0038104092891936953,-0.002591078316651713,,-0.002437842502226074,-0.0023494233441142473,-0.0005843282286263527,-0.0028518157573210676,-0.0007040973686553567,-0.0007927250094651219,-0.0024510200292651337,,,-0.000987883889790958,-0.0021188724552058395,-0.0011301601932541029
704,2025-11-30,HSBA,GB0005405286,01550902W,,0.001858355350057581,-0.00199752733662577,-0.000670767315701257,-0.00199752733662577,,,-0.0006891165735775831,,,,,,,,0.002547408457382302,0.003435141707682195,,,,,,,,,,0.0034093135745417273,,,,,,-0.0009627148734905514,,-0.0006590678857762351,0.000987883889790958,,,,,,,,,-0.0007927250094651219,,,,,,-9.194677912419726e-06
705,2025-11-30,HSY,US4278661081,00559701,,0.001858355350057581,,,,-0.0047233198480630175,-0.0010352481858768258,,0.0016428938601958324,,,,,0.003627509643312398,,,,,,,,-0.002386519502179209,,,,,,,0.0016428938601958324,,-0.0011141000133023334,,,,-0.0006590678857762351,-0.00196293811867554,0.0038104092891936953,,,0.0024510200292651337,0.00458018894357626,-0.0005843282286263527,,-0.0007040973686553567,-0.0007927250094651219,,-0.002267193527070249,,-0.000987883889790958,,-0.0001408035330924459
706,2025-11-30,HUBB,US4435106079,00576401,,,,,,,,-0.0006891165735775831,,,,,,,,,,,,,,-0.002386519502179209,,,,,,,,,,0.0064776957916292816,-0.0009627148734905514,,-0.0006590678857762351,,0.0038104092891936953,,,,,-0.0005843282286263527,,-0.0007040973686553567,-0.0007927250094651219,,-0.002267193527070249,,,,-0.0001018794130171125
707,2025-11-30,HUBS,US4435731009,02184701,,,,-0.000670767315701257,,,,-0.0006891165735775831,0.0016428938601958324,,,-0.003627509643312398,-0.0014486859597892961,0.003627509643312398,,,,,,,-0.002477807133410108,,,,,,,,,0.006297759797417357,,-0.005813316736077561,,0.0058888143560266205,-0.0006590678857762351,0.000987883889790958,0.0038104092891936953,0.0025763562807616463,,0.0024510200292651337,,-0.0005843282286263527,0.002833991908837811,,,0.0012288311799838747,,,,,6.1330565700873e-05
708,2025-11-30,HUM,US4448591028,02791401,,-0.0009466361282130473,,,,,,,,,,,-0.0014486859597892961,,-0.0027818325485524523,0.002547408457382302,,0.004402317528291745,0.003022924702760332,0.0024510200292651337,-0.002477807133410108,,,,,-0.003022924702760332,-0.0010694309089954003,,,,-0.0011141000133023334,,0.001897233077046233,,-0.0006590678857762351,0.000987883889790958,,,,0.0024510200292651337,,-0.0005843282286263527,,0.002079994061532338,0.0023253266944310244,0.0012288311799838747,,,0.001954477178508835,,0.00018171658292155663
709,2025-11-30,HWM,US4432011082,02819201,,,,,,,,-0.0006891165735775831,,,,,,,,,0.003435141707682195,,,,,,,,,,,,,0.006297759797417357,,,-0.0009627148734905514,,,0.000987883889790958,0.0038104092891936953,,0.0035150287241399202,,,-0.0005843282286263527,,-0.0007040973686553567,-0.0007927250094651219,,-0.002267193527070249,,-0.000987883889790958,,-7.427550265159785e-05
710,2025-11-30,IAG,AU000000IAG3,23911601W,,-0.0009466361282130473,,,0.0019800816830307846,,-0.0010352481858768258,0.0020152831351735543,,,,,,,,,,,,,,,,,,-0.003022924702760332,-0.0010694309089954003,,,,-0.0011141000133023334,,0.001897233077046233,,0.0019460888644379816,0.000987883889790958,,,,,,,,-0.0007040973686553567,0.0023253266944310244,,,,,-0.0021188724552058395,1.9083753865724278e-05
711,2025-11-30,IAG,CA45075E1043,12947201C,,0.001858355350057581,0.0019800816830307846,0.0019800816830307846,0.0019800816830307846,,,,,,,,,,,,-0.0034613641634660282,,,,,,,,,,-0.0010694309089954003,,,,-0.0011141000133023334,,0.001897233077046233,,,0.000987883889790958,,,,,,,,-0.0007040973686553567,0.0023253266944310244,,,,,,0.0002317580869977454
712,2025-11-30,IAG,ES0177542018,01314501W,,0.001858355350057581,0.0019800816830307846,0.0019800816830307846,,,0.002042516691054278,0.0020152831351735543,,,,,,,,,0.003435141707682195,,,,,,,,,,,,,,,,0.001897233077046233,,0.0019460888644379816,0.000987883889790958,,0.0025763562807616463,0.0035150287241399202,0.0024510200292651337,,-0.0005843282286263527,,0.002079994061532338,0.0023253266944310244,0.0012288311799838747,,,0.001954477178508835,0.002089579287622349,0.0008591347262958082
713,2025-11-30,IBE,ES0144580Y14,10095701W,,-0.0009466361282130473,,,,,,-0.0006891165735775831,,,,,,,0.002764870154963718,,-0.0034613641634660282,,,,,,,,,,,,,,,,-0.0009627148734905514,,,0.000987883889790958,,,0.0035150287241399202,,,,,,,,,,,,-2.827233420510015e-05
714,2025-11-30,IBKR,US45841N1072,17670101,,,,-0.000670767315701257,,,-0.0010352481858768258,-0.0006891165735775831,,,,,,,,,,,,,,-0.002386519502179209,,,,0.0030029053338678792,-0.0010694309089954003,,,,0.0032621489598133077,,,,-0.0006590678857762351,0.000987883889790958,,,,,,,0.002833991908837811,0.002079994061532338,,,,0.009647632030086164,-0.000987883889790958,0.002089579287622349,0.00031258229250861444
715,2025-11-30,IBM,US4592001014,00606601,,,,-0.000670767315701257,,-0.0047233198480630175,-0.0010352481858768258,,,,,,-0.0014486859597892961,,,,,,,0.0024510200292651337,,,,,,,,,,,,,-0.0009627148734905514,,,,,,,,-0.0023494233441142473,-0.0005843282286263527,0.002833991908837811,-0.0007040973686553567,,,-0.002267193527070249,,,0.002089579287622349,-0.00029599850309274916
716,2025-11-30,ICE,US45866F1049,16361001,-0.00229009447178813,-0.0009466361282130473,-0.00199752733662577,-0.000670767315701257,,,-0.0010352481858768258,-0.0006891165735775831,,,,,,,,,,,,,,,,,,,-0.0010694309089954003,,,,-0.0011141000133023334,,,,-0.0006590678857762351,0.000987883889790958,,,,,,,,,-0.0007927250094651219,,0.004318463861086188,-0.005272543086209881,,,-0.0002301929155567502
717,2025-11-30,ICL,IL0002810146,22021102W,,,,,,,,-0.0006891165735775831,0.0016428938601958324,,,,-0.0014486859597892961,,,,,,,,-0.002477807133410108,-0.002386519502179209,,,,,-0.0010694309089954003,,0.0016428938601958324,,,,-0.0009627148734905514,,-0.0006590678857762351,-0.00196293811867554,,,,,-0.0023494233441142473,-0.0005843282286263527,,-0.0007040973686553567,-0.0007927250094651219,-0.0024510200292651337,,,,,-0.00030983666304221756
718,2025-11-30,IDXX,US45168D1046,02419701,,,,-0.000670767315701257,,-0.0047233198480630175,-0.0010352481858768258,-0.0006891165735775831,0.0016428938601958324,,0.003570383507197242,0.003570383507197242,0.004237744910411679,0.003627509643312398,,,,0.004402317528291745,0.003022924702760332,0.0024510200292651337,0.004875685004452148,,,,,,-0.0010694309089954003,-0.003716710700115162,,,-0.0011141000133023334,,-0.0009627148734905514,,-0.0006590678857762351,,,,,-0.002437842502226074,,-0.0005843282286263527,,-0.0007040973686553567,-0.0007927250094651219,,-0.002267193527070249,,-0.000987883889790958,,-0.0001969855112959697
719,2025-11-30,IEX,US45167R1041,01526701,-0.00229009447178813,-0.0009466361282130473,,-0.000670767315701257,,,,-0.0006891165735775831,,,,,,,,,-0.0034613641634660282,,-0.0030432127880137567,-0.0024643407902937486,,,,,,,,,,,,,,,-0.0006590678857762351,-0.00196293811867554,-0.00781790871403534,,,,,-0.0005843282286263527,,-0.0007040973686553567,-0.0007927250094651219,,-0.002267193527070249,,,-0.0021188724552058395,-0.0005552025712458621
720,2025-11-30,IFC,CA45823T1066,16249101C,,-0.0009466361282130473,,-0.000670767315701257,,,,0.0020152831351735543,,,,,,,,,,,,,,,,,,,-0.0010694309089954003,,,,-0.0011141000133023334,,,,-0.0006590678857762351,0.000987883889790958,,,,,,,,,-0.0007927250094651219,,,,,-0.0021188724552058395,-6.31702430383632e-05
721,2025-11-30,IFF,US4595061015,00607801,,-0.0009466361282130473,,-0.000670767315701257,,,-0.0010352481858768258,-0.0006891165735775831,-0.003285787720391665,-0.005598008708815429,,,-0.0014486859597892961,-0.00719743976847698,,-0.002561800595559603,-0.0034613641634660282,,,,,-0.002386519502179209,,,,0.0030029053338678792,-0.0010694309089954003,0.003716710700115162,0.0016428938601958324,,,-0.005813316736077561,-0.0009627148734905514,,0.0019460888644379816,0.000987883889790958,,,,,,0.00229009447178813,,-0.0007040973686553567,-0.0007927250094651219,,-0.002267193527070249,,-0.000987883889790958,,-0.00028987714270421153
722,2025-11-30,IFT,NZIFTE0003S3,20982801W,,-0.0009466361282130473,-0.00199752733662577,-0.000670767315701257,-0.00199752733662577,,,-0.0006891165735775831,,,,,,,,,,,,,,0.002386519502179209,,,,,-0.0010694309089954003,,,,-0.0011141000133023334,,-0.0009627148734905514,,-0.0006590678857762351,0.000987883889790958,,,,,,,,-0.0007040973686553567,,,,,-0.000987883889790958,-0.0021188724552058395,-0.0003457090121905626
723,2025-11-30,IFX,DE0006231004,13274001W,,-0.0009466361282130473,,-0.000670767315701257,-0.00199752733662577,,-0.0010352481858768258,-0.0006891165735775831,,,0.003570383507197242,0.003570383507197242,-0.0014486859597892961,,-0.0027818325485524523,-0.002561800595559603,,,,,-0.002477807133410108,-0.002386519502179209,,,,,,,,,-0.0011141000133023334,,-0.0009627148734905514,,-0.0006590678857762351,,,,,,-0.0023494233441142473,-0.0005843282286263527,-0.0028518157573210676,,,0.0012288311799838747,,,,,-0.0003463431231646899
724,2025-11-30,IGM,CA4495861060,01433301C,,0.001858355350057581,,,,,,,,,,,,,,-0.002561800595559603,,,,,,0.002386519502179209,,,,,-0.0010694309089954003,,,,-0.0011141000133023334,,,,-0.0006590678857762351,,,,,,,,,,-0.0007927250094651219,,,,,-0.0021188724552058395,-5.581955356351179e-05
725,2025-11-30,IHG,GB00BHJYC057,02006701W,,,0.0019800816830307846,,,,,-0.0006891165735775831,0.0016428938601958324,,,,,,,,,,,-0.0024643407902937486,,,,,,,0.0034093135745417273,,0.0016428938601958324,,-0.0011141000133023334,,,,-0.0006590678857762351,,,-0.002591078316651713,,-0.002437842502226074,-0.0023494233441142473,-0.0005843282286263527,,-0.0007040973686553567,,,,,,,6.422900475715701e-06
726,2025-11-30,III,GB00B1YW4409,21083501W,,0.001858355350057581,0.0019800816830307846,0.0019800816830307846,0.0019800816830307846,,,-0.0006891165735775831,,,,,,,,,,,,,,,,,,,0.0034093135745417273,,,,-0.0011141000133023334,,,,0.0019460888644379816,-0.00196293811867554,,,,,,,,-0.0007040973686553567,-0.0007927250094651219,,,,-0.000987883889790958,-0.0021188724552058395,0.00011629650639939651
727,2025-11-30,ILMN,US4523271090,13820501,0.004359987552058171,0.001858355350057581,0.0019800816830307846,0.0019800816830307846,0.0019800816830307846,,-0.0010352481858768258,,0.0016428938601958324,,,,,0.003627509643312398,0.002764870154963718,,,,,,,-0.002386519502179209,,,,-0.003022924702760332,-0.0010694309089954003,-0.003716710700115162,,,0.0032621489598133077,,-0.0009627148734905514,,0.0019460888644379816,0.000987883889790958,,,,0.0024510200292651337,,0.00229009447178813,0.002833991908837811,0.002079994061532338,-0.0007927250094651219,0.0012288311799838747,-0.002267193527070249,,0.001954477178508835,,0.0002927232269597451
728,2025-11-30,IMB,GB0004544929,21277301W,,,,-0.000670767315701257,,,0.002042516691054278,,0.0016428938601958324,,-0.003627509643312398,-0.003627509643312398,,,0.002764870154963718,0.002547408457382302,,,,,,0.002386519502179209,,,,-0.003022924702760332,,,0.0016428938601958324,,,,,,0.0019460888644379816,0.000987883889790958,,,,,,-0.0005843282286263527,,0.002079994061532338,,0.0012288311799838747,,,0.001954477178508835,0.002089579287622349,0.0003228591770311978
729,2025-11-30,IMCD,NL0010801007,31784101W,,-0.0009466361282130473,-0.00199752733662577,-0.000670767315701257,-0.00199752733662577,,-0.0010352481858768258,-0.0006891165735775831,,,,,,,,,,,,,,-0.002386519502179209,,,,,,,,,,,,,-0.0006590678857762351,,,-0.002591078316651713,,-0.002437842502226074,,-0.0005843282286263527,,-0.0007040973686553567,,-0.0024510200292651337,,,-0.000987883889790958,,-0.0004838157731529646
730,2025-11-30,IMO,CA4530384086,00590303C,,,,,0.0019800816830307846,,,-0.0006891165735775831,,,,,,,,,,0.004402317528291745,,,,,,,,,,-0.003716710700115162,0.0016428938601958324,,,,,,,0.000987883889790958,,,,,,-0.0005843282286263527,,,0.0023253266944310244,0.0012288311799838747,,,0.001954477178508835,,0.00020864543564703316
731,2025-11-30,INCY,US45337C1027,02912701,0.004359987552058171,0.001858355350057581,0.0019800816830307846,0.0019800816830307846,0.0019800816830307846,0.004626925565449486,0.002042516691054278,0.0020152831351735543,0.0016428938601958324,,0.003570383507197242,0.003570383507197242,0.004237744910411679,0.003627509643312398,0.002764870154963718,0.002547408457382302,,0.004402317528291745,0.003022924702760332,,,,,,,-0.003022924702760332,0.0034093135745417273,-0.003716710700115162,,,0.0032621489598133077,,0.001897233077046233,,0.0019460888644379816,0.000987883889790958,,,,0.0024510200292651337,,0.00229009447178813,,0.002079994061532338,0.0023253266944310244,0.0012288311799838747,-0.002267193527070249,,0.001954477178508835,-0.0021188724552058395,0.001136647844829418
732,2025-11-30,INDT,SE0001515552,27419601W,,,,-0.000670767315701257,,,-0.0010352481858768258,-0.0006891165735775831,,,,,,,,,-0.0034613641634660282,,,,,,,,,,,,,,,,-0.0009627148734905514,,-0.0006590678857762351,,,,,,,-0.0005843282286263527,,-0.0007040973686553567,-0.0007927250094651219,,,,,,-0.00017819473755399182
733,2025-11-30,INDU A,SE0000190126,10303601W,,,,,,,,,,,,,,,,,,,,,,,,,,,0.0034093135745417273,,,,-0.0011141000133023334,,-0.0009627148734905514,,-0.0006590678857762351,-0.00196293811867554,,,,,,,0.002833991908837811,-0.0007040973686553567,,,,,,-0.0021188724552058395,1.1994300589491383e-05
734,2025-11-30,INDU C,SE0000107203,10303603W,,,,,,,,,,,,,,,,,,,,,,,,,,,0.0034093135745417273,,,,-0.0011141000133023334,,-0.0009627148734905514,,-0.0006590678857762351,-0.00196293811867554,,,,,,,0.002833991908837811,-0.0007040973686553567,,,,,,-0.0021188724552058395,1.1994300589491383e-05
735,2025-11-30,INF,GB00BMJ6DW54,22060101W,,,,-0.000670767315701257,,,,-0.0006891165735775831,-0.003285787720391665,,,,-0.0014486859597892961,,,,,-0.004445477504059311,,,,,-0.008244340098437268,-0.009647632030086164,,-0.003022924702760332,,0.003716710700115162,,,,,,,-0.0006590678857762351,0.000987883889790958,,,,,,-0.0005843282286263527,,,,,,,,,-0.00041710027182341057
736,2025-11-30,INGA,NL0011821202,01561704W,,0.001858355350057581,-0.00199752733662577,-0.000670767315701257,-0.00199752733662577,,,-0.0006891165735775831,,,,,,,,0.002547408457382302,,,,,,,,,,,0.0034093135745417273,,,,,,,,0.0019460888644379816,,,,,,,,,,-0.0007927250094651219,,,,,0.002089579287622349,6.231941654433768e-05
737,2025-11-30,INPST,LU2290522684,34636101W,,-0.0009466361282130473,-0.00199752733662577,-0.000670767315701257,-0.00199752733662577,,0.002042516691054278,-0.0006891165735775831,,,,,,,,,0.003435141707682195,,,0.0024510200292651337,,,,,,,,,,,,,0.001897233077046233,,0.0019460888644379816,0.000987883889790958,,0.0025763562807616463,,0.0024510200292651337,,0.00229009447178813,,0.002079994061532338,0.0023253266944310244,0.0012288311799838747,,,0.001954477178508835,0.002089579287622349,0.0004291804075333741
738,2025-11-30,INTC,US4581401001,00600801,0.004359987552058171,-0.0009466361282130473,0.0019800816830307846,0.0019800816830307846,0.0019800816830307846,,,0.0020152831351735543,-0.003285787720391665,-0.005598008708815429,,,-0.0014486859597892961,-0.00719743976847698,-0.0027818325485524523,,,-0.004445477504059311,-0.0030432127880137567,-0.0024643407902937486,-0.002477807133410108,-0.002386519502179209,,,,,,,,-0.007313527506678221,-0.0011141000133023334,-0.005813316736077561,-0.0009627148734905514,-0.005529740309927436,-0.0006590678857762351,-0.00196293811867554,-0.00781790871403534,-0.002591078316651713,,,-0.0023494233441142473,-0.0005843282286263527,,-0.0007040973686553567,,0.0012288311799838747,0.004318463861086188,,-0.000987883889790958,,-0.00024455162129168273
739,2025-11-30,INTU,US4612021034,02792801,,-0.0009466361282130473,,-0.000670767315701257,,,,-0.0006891165735775831,,,,,,,,,,,,,,,,,,,,,,,-0.0011141000133023334,,,,,0.000987883889790958,,,,,,-0.0005843282286263527,,,,0.0012288311799838747,,,,,-4.907652461698201e-05
740,2025-11-30,INVH,US46187W1071,03000401,,,,,,,,,,,-0.003627509643312398,,,,,,,,,,,,,,,,,,,,,,,,,0.000987883889790958,,,,,-0.0023494233441142473,-0.0005843282286263527,,-0.0007040973686553567,,,,,,,-9.197284539879763e-05
741,2025-11-30,INW,IT0005090300,31991201W,,,,,,,-0.0010352481858768258,-0.0006891165735775831,-0.003285787720391665,0.005529740309927436,,,-0.0014486859597892961,,-0.0027818325485524523,,,-0.004445477504059311,,,,,,,,,,,,,,,,,-0.0006590678857762351,0.000987883889790958,,-0.002591078316651713,,,,-0.0005843282286263527,-0.0028518157573210676,,,,,,-0.000987883889790958,,-0.00031661495510930854
742,2025-11-30,IOT,US79589L1061,04029201,,,0.0019800816830307846,,0.0019800816830307846,,,0.0020152831351735543,,-0.005598008708815429,,,-0.0014486859597892961,,,,0.003435141707682195,,,,-0.002477807133410108,,,,,,,,,,,-0.005813316736077561,,,,0.000987883889790958,,0.0025763562807616463,,0.0024510200292651337,-0.0023494233441142473,-0.0005843282286263527,-0.0028518157573210676,,,0.0012288311799838747,-0.002267193527070249,,-0.000987883889790958,,-0.00010601940838434449
743,2025-11-30,IP,US4601461035,00610401,-0.00229009447178813,-0.0009466361282130473,-0.00199752733662577,-0.000670767315701257,-0.00199752733662577,,0.002042516691054278,-0.0006891165735775831,-0.003285787720391665,-0.005598008708815429,-0.003627509643312398,-0.003627509643312398,-0.0014486859597892961,-0.00719743976847698,-0.0027818325485524523,,-0.0034613641634660282,,,,-0.002477807133410108,-0.002386519502179209,-0.008244340098437268,,-0.008244340098437268,,-0.0010694309089954003,0.003716710700115162,-0.006386460639634503,-0.007313527506678221,,-0.005813316736077561,-0.0009627148734905514,-0.005529740309927436,-0.0006590678857762351,,,-0.002591078316651713,,-0.002437842502226074,-0.0023494233441142473,-0.0005843282286263527,-0.0028518157573210676,-0.0007040973686553567,-0.0007927250094651219,-0.0024510200292651337,-0.002267193527070249,,-0.000987883889790958,,-0.0015679171855389944
744,2025-11-30,IPN,FR0010259150,27472201W,,-0.0009466361282130473,0.0019800816830307846,0.0019800816830307846,0.0019800816830307846,,-0.0010352481858768258,-0.0006891165735775831,0.0016428938601958324,,0.003570383507197242,0.003570383507197242,-0.0014486859597892961,,0.002764870154963718,,,,,,,,,,,-0.003022924702760332,0.0034093135745417273,,,,-0.0011141000133023334,,,,-0.0006590678857762351,,,,,,,-0.0005843282286263527,,-0.0007040973686553567,,,,,0.001954477178508835,,0.00020613249039159686
745,2025-11-30,IQV,US46266C1053,01792801,-0.00229009447178813,,,-0.000670767315701257,,,,-0.0006891165735775831,,,-0.003627509643312398,,-0.0014486859597892961,,,0.002547408457382302,,,,0.0024510200292651337,,,,,,0.0030029053338678792,-0.0010694309089954003,,,,,,,0.0058888143560266205,-0.0006590678857762351,,,,,,,-0.0005843282286263527,,-0.0007040973686553567,,,-0.002267193527070249,,,0.002089579287622349,-0.00011868566551249795
746,2025-11-30,IR,US45687V1061,03009802,-0.00229009447178813,,,-0.000670767315701257,,-0.0047233198480630175,-0.0010352481858768258,-0.0006891165735775831,,,,,,,,,,,-0.0030432127880137567,-0.0024643407902937486,,,,,,,,,,,,,-0.0009627148734905514,,-0.0006590678857762351,0.000987883889790958,-0.00781790871403534,,,,,-0.0005843282286263527,,-0.0007040973686553567,-0.0007927250094651219,,-0.002267193527070249,,,-0.0021188724552058395,-0.0006544057728939187
747,2025-11-30,IRM,US46284V1017,06237401,,,,,,,,,0.0016428938601958324,,,-0.003627509643312398,,,-0.0027818325485524523,,,0.004402317528291745,0.003022924702760332,-0.0024643407902937486,,,,,,,,0.003716710700115162,,,,,0.001897233077046233,,,,,,,-0.002437842502226074,0.00458018894357626,-0.0005843282286263527,,-0.0007040973686553567,0.0023253266944310244,-0.0024510200292651337,,-0.005272543086209881,-0.000987883889790958,,-4.8059209678160084e-05
748,2025-11-30,ISP,IT0000072618,01634803W,,,-0.00199752733662577,-0.000670767315701257,,,,-0.0006891165735775831,,,,,,,,,0.003435141707682195,,,,,,,,,0.0030029053338678792,0.0034093135745417273,,,,,,,,-0.0006590678857762351,0.000987883889790958,,,,,,,,,-0.0007927250094651219,,,,,,6.54068317373584e-05
749,2025-11-30,ISRG,US46120E6023,13672501,,,0.0019800816830307846,,0.0019800816830307846,-0.0047233198480630175,-0.0010352481858768258,,0.0016428938601958324,,,,,,0.002764870154963718,,,,,-0.0024643407902937486,0.004875685004452148,,,,,-0.003022924702760332,-0.0010694309089954003,-0.003716710700115162,,,-0.0011141000133023334,,-0.0009627148734905514,,-0.0006590678857762351,0.000987883889790958,,,,0.0024510200292651337,,-0.0005843282286263527,0.002833991908837811,-0.0007040973686553567,-0.0007927250094651219,,0.004318463861086188,,-0.000987883889790958,-0.0021188724552058395,-0.00013598277259242841
750,2025-11-30,IT,US3666511072,01244101,-0.00229009447178813,-0.0009466361282130473,-0.00199752733662577,-0.000670767315701257,-0.00199752733662577,0.004626925565449486,0.002042516691054278,,0.0016428938601958324,,,,,0.003627509643312398,,0.002547408457382302,-0.0034613641634660282,,0.003022924702760332,0.0024510200292651337,,,,,,,,,,,0.0032621489598133077,,,0.0058888143560266205,0.0019460888644379816,0.000987883889790958,,0.0025763562807616463,,0.0024510200292651337,0.00458018894357626,0.00229009447178813,,0.002079994061532338,,0.0012288311799838747,-0.002267193527070249,,0.001954477178508835,0.002089579287622349,0.0005546274656139963
751,2025-11-30,ITRK,GB0031638363,25238401W,,-0.0009466361282130473,,-0.000670767315701257,,,-0.0010352481858768258,-0.0006891165735775831,,,,,,,,,,,,,,,,,,,,,,,,,-0.0009627148734905514,,,0.000987883889790958,,,,-0.002437842502226074,,-0.0005843282286263527,,-0.0007040973686553567,-0.0007927250094651219,-0.0024510200292651337,,,-0.000987883889790958,,-0.00030982930251917824
752,2025-11-30,ITW,US4523081093,00587801,,,,-0.000670767315701257,,-0.0047233198480630175,-0.0010352481858768258,-0.0006891165735775831,,,,,,,,,,,,0.0024510200292651337,,,,,,,,,,,,,-0.0009627148734905514,,-0.0006590678857762351,,,,,,,-0.0005843282286263527,,-0.0007040973686553567,-0.0007927250094651219,,-0.002267193527070249,,-0.000987883889790958,0.002089579287622349,-0.00034626601451244167
753,2025-11-30,ITX,ES0148396007,24566301W,,,,-0.000670767315701257,,,-0.0010352481858768258,-0.0006891165735775831,0.0016428938601958324,0.005529740309927436,-0.003627509643312398,-0.003627509643312398,0.004237744910411679,,,,,,,,,,,,,,-0.0010694309089954003,,0.0016428938601958324,,-0.0011141000133023334,,-0.0009627148734905514,,,,,,,,,-0.0005843282286263527,,,,,,,,,9.418547922834e-05
754,2025-11-30,IVN,CA46579R1047,01600501C,,,,-0.000670767315701257,,,0.002042516691054278,,-0.003285787720391665,-0.005598008708815429,-0.003627509643312398,-0.003627509643312398,-0.0014486859597892961,,-0.0027818325485524523,,,,,,-0.002477807133410108,,0.008244340098437268,,0.008244340098437268,-0.003022924702760332,-0.0010694309089954003,-0.003716710700115162,,-0.007313527506678221,,-0.005813316736077561,,-0.005529740309927436,,0.000987883889790958,,,,,,-0.0005843282286263527,-0.0028518157573210676,-0.0007040973686553567,-0.0007927250094651219,0.0012288311799838747,,,-0.000987883889790958,,-0.00039745098333267726
755,2025-11-30,IVSB.F,SE0015811963,01569902,,,,,,,,,,,,,,,,,,,,,,,,,,,,,,,,,,,,,,,,,,,,,,,0.004318463861086188,,,,0.00018581809251562526
756,2025-11-30,J,US46982L1089,00621601,,,,-0.000670767315701257,,,,-0.0006891165735775831,,,,,,,,,-0.0034613641634660282,,,,,,,,,,,,,-0.007313527506678221,,,-0.0009627148734905514,,-0.0006590678857762351,,0.0038104092891936953,-0.002591078316651713,,-0.002437842502226074,,-0.0005843282286263527,,-0.0007040973686553567,-0.0007927250094651219,-0.0024510200292651337,,,-0.000987883889790958,,-0.00030322382585238776
757,2025-11-30,J36,BMG507361001,10042403W,,-0.0009466361282130473,-0.00199752733662577,-0.000670767315701257,-0.00199752733662577,,,-0.0006891165735775831,,,,,,,,,,,0.003022924702760332,,,,,,,,,,,,,,-0.0009627148734905514,,-0.0006590678857762351,,,,-0.0035150287241399202,,,-0.0005843282286263527,,-0.0007040973686553567,-0.0007927250094651219,,,,0.001954477178508835,,-0.00015951233036770837
758,2025-11-30,JBHT,US4456581077,00578301,0.004359987552058171,,0.0019800816830307846,0.0019800816830307846,0.0019800816830307846,,,0.0020152831351735543,,,,,,,,,,,0.003022924702760332,0.0024510200292651337,,,,,,,,,,,,-0.005813316736077561,,,-0.0006590678857762351,-0.00196293811867554,0.0038104092891936953,,,0.0024510200292651337,,0.00229009447178813,,,-0.0007927250094651219,0.0012288311799838747,0.004318463861086188,,,,0.0006627480234324217
759,2025-11-30,JBL,US4663131039,02819501,,,,,,,,0.0020152831351735543,0.0016428938601958324,-0.005598008708815429,,,-0.0014486859597892961,0.003627509643312398,-0.0027818325485524523,,,0.004402317528291745,0.003022924702760332,0.0024510200292651337,-0.002477807133410108,-0.002386519502179209,,,,,,,,-0.007313527506678221,,,0.001897233077046233,-0.005529740309927436,-0.0006590678857762351,,,,,,,0.00229009447178813,0.002833991908837811,-0.0007040973686553567,,0.0012288311799838747,-0.002267193527070249,,0.001954477178508835,0.002089579287622349,0.00015736297464702306
760,2025-11-30,JCI,IE00BY7QL619,00626801,,,,-0.000670767315701257,,,,-0.0006891165735775831,,,,,,,,,,,,,,0.002386519502179209,,,,,,,,,,-0.005813316736077561,-0.0009627148734905514,,,,-0.00781790871403534,0.0025763562807616463,,0.0024510200292651337,,-0.0005843282286263527,,,-0.0007927250094651219,0.0012288311799838747,-0.002267193527070249,,,,-0.0002092418088390755
761,2025-11-30,JD.,GB00BM8Q5M07,21309501W,,,-0.00199752733662577,-0.000670767315701257,-0.00199752733662577,,,0.0020152831351735543,0.0016428938601958324,,,,-0.0014486859597892961,,,,,,,,-0.002477807133410108,,,,,-0.003022924702760332,-0.0010694309089954003,0.003716710700115162,-0.006386460639634503,,,,0.001897233077046233,,0.0019460888644379816,,,,,,,-0.0005843282286263527,,0.002079994061532338,,0.0012288311799838747,,,0.001954477178508835,,-0.00014164811366062447
762,2025-11-30,JKHY,US4262811015,01181101,-0.00229009447178813,-0.0009466361282130473,-0.00199752733662577,-0.000670767315701257,-0.00199752733662577,-0.0047233198480630175,-0.0010352481858768258,-0.0006891165735775831,,,,,,,,,,,,,,,,,,0.0030029053338678792,-0.0010694309089954003,,,,-0.0011141000133023334,,-0.0009627148734905514,,-0.0006590678857762351,,,,,,,,,-0.0007040973686553567,-0.0007927250094651219,,-0.002267193527070249,-0.005272543086209881,,-0.0021188724552058395,-0.0007683726629397425
763,2025-11-30,JMT,PTJMT0AE0001,22110201W,,,,-0.000670767315701257,,,,,0.0016428938601958324,,,,,,-0.0027818325485524523,0.002547408457382302,,,0.003022924702760332,0.0024510200292651337,,-0.002386519502179209,,,,-0.003022924702760332,,,0.0016428938601958324,,-0.0011141000133023334,,0.001897233077046233,,-0.0006590678857762351,,,-0.002591078316651713,,-0.002437842502226074,-0.0023494233441142473,-0.0005843282286263527,-0.0028518157573210676,-0.0007040973686553567,0.0023253266944310244,-0.0024510200292651337,,,-0.000987883889790958,0.002089579287622349,-0.00016389574429337547
764,2025-11-30,JNJ,US4781601046,00626601,-0.00229009447178813,,,-0.000670767315701257,,,-0.0010352481858768258,-0.0006891165735775831,0.0016428938601958324,,0.003570383507197242,0.003570383507197242,,0.003627509643312398,,0.002547408457382302,,,,,0.004875685004452148,-0.002386519502179209,,,,,-0.0010694309089954003,-0.003716710700115162,,,-0.0011141000133023334,,-0.0009627148734905514,,0.0019460888644379816,,,,,,,-0.0005843282286263527,,-0.0007040973686553567,-0.0007927250094651219,,,,-0.000987883889790958,,-0.0002459738966337489
765,2025-11-30,JPM,US46625H1005,00296801,,,,,,,-0.0010352481858768258,-0.0006891165735775831,,,,,,,,,,,,,,,,,,,-0.0010694309089954003,,,,,,,,-0.0006590678857762351,,,,,,,,,,,,,,,,-0.00010968462179469477
766,2025-11-30,K,CA4969024047,00864401C,,0.001858355350057581,0.0019800816830307846,0.0019800816830307846,0.0019800816830307846,,0.002042516691054278,0.0020152831351735543,0.0016428938601958324,0.005529740309927436,,,0.004237744910411679,,0.002764870154963718,,0.003435141707682195,,,,0.004875685004452148,0.002386519502179209,0.008244340098437268,,0.008244340098437268,0.0030029053338678792,0.0034093135745417273,,0.0016428938601958324,0.006297759797417357,,0.0064776957916292816,0.001897233077046233,0.0058888143560266205,0.0019460888644379816,0.000987883889790958,0.0038104092891936953,0.0025763562807616463,0.0035150287241399202,0.0024510200292651337,0.00458018894357626,0.00229009447178813,-0.0028518157573210676,0.002079994061532338,0.0023253266944310244,0.0012288311799838747,,,0.001954477178508835,,0.0020022369659081878
767,2025-11-30,K,US4878361082,00637501,-0.00229009447178813,-0.0009466361282130473,,-0.000670767315701257,,,-0.0010352481858768258,,,,,,,,-0.0027818325485524523,,,,,,,,,,,,,-0.003716710700115162,0.0016428938601958324,,-0.0011141000133023334,,-0.0009627148734905514,,,0.000987883889790958,0.0038104092891936953,-0.002591078316651713,,-0.002437842502226074,-0.0023494233441142473,-0.0005843282286263527,-0.0028518157573210676,-0.0007040973686553567,-0.0007927250094651219,,,-0.005272543086209881,-0.000987883889790958,,-0.0005702153870419099
768,2025-11-30,KBC,BE0003565737,01570301W,,0.001858355350057581,,,,,,0.0020152831351735543,,,,,,,,0.002547408457382302,,,,,,,,,,,0.0034093135745417273,,,,,,,,,0.000987883889790958,,,,,,,,,-0.0007927250094651219,,,,,,0.0002481873440842836
769,2025-11-30,KBX,DE000KBX1006,32874501W,,-0.0009466361282130473,-0.00199752733662577,-0.000670767315701257,-0.00199752733662577,,0.002042516691054278,-0.0006891165735775831,,,,,,,,,-0.0034613641634660282,,,,,,,,,,,,,,,,-0.0009627148734905514,,-0.0006590678857762351,,,,-0.0035150287241399202,,,0.00229009447178813,,-0.0007040973686553567,-0.0007927250094651219,,,,0.001954477178508835,,-9.705644377818445e-05
770,2025-11-30,KDP,US49271V1008,02887702,,,,-0.000670767315701257,,0.004626925565449486,,,-0.003285787720391665,,,,,-0.00719743976847698,,,,,-0.0030432127880137567,-0.0024643407902937486,,,,,,,,,0.0016428938601958324,,-0.0011141000133023334,0.0064776957916292816,,,-0.0006590678857762351,0.000987883889790958,0.0038104092891936953,,,,-0.0023494233441142473,-0.0005843282286263527,,,-0.0007927250094651219,0.0012288311799838747,0.004318463861086188,-0.005272543086209881,-0.000987883889790958,,0.00016398410869414577
771,2025-11-30,KER,FR0000121485,22237901W,,,0.0019800816830307846,,,,-0.0010352481858768258,-0.0006891165735775831,,,,,-0.0014486859597892961,,,-0.002561800595559603,,,,,,,,,,,0.0034093135745417273,0.003716710700115162,0.0016428938601958324,,-0.0011141000133023334,,-0.0009627148734905514,,-0.0006590678857762351,,,,-0.0035150287241399202,,,-0.0005843282286263527,,-0.0007040973686553567,,0.0012288311799838747,,,-0.000987883889790958,,6.658302373225898e-05
772,2025-11-30,KESKOB,FI0009000202,10197101W,,-0.0009466361282130473,,-0.000670767315701257,,,-0.0010352481858768258,,0.0016428938601958324,,,,,,-0.0027818325485524523,,,,0.003022924702760332,,,,,,,,,,0.0016428938601958324,,-0.0011141000133023334,,,,-0.0006590678857762351,-0.00196293811867554,,-0.002591078316651713,,,-0.0023494233441142473,-0.0005843282286263527,-0.0028518157573210676,-0.0007040973686553567,-0.0007927250094651219,-0.0024510200292651337,,,-0.000987883889790958,,-0.00031472796604961465
773,2025-11-30,KEY,CA4932711001,15413501C,,,,-0.000670767315701257,,,,-0.0006891165735775831,,,,,,,,0.002547408457382302,,,,0.0024510200292651337,,0.002386519502179209,,,0.008244340098437268,0.0030029053338678792,,-0.003716710700115162,0.0016428938601958324,,,,,,0.0019460888644379816,0.000987883889790958,,-0.002591078316651713,,,,0.00229009447178813,-0.0028518157573210676,-0.0007040973686553567,,,,,-0.000987883889790958,,0.00010604000416948155
774,2025-11-30,KEY,US4932671088,00978301,,,,,,,,,,,,,,,,,-0.0034613641634660282,,,,,,,,,,-0.0010694309089954003,,,,,,-0.0009627148734905514,,-0.0006590678857762351,,,,,,,,,,-0.0007927250094651219,,0.004318463861086188,,,,9.012977285484538e-05
775,2025-11-30,KEYS,US49338L1035,02023201,,-0.0009466361282130473,,-0.000670767315701257,,-0.0047233198480630175,-0.0010352481858768258,-0.0006891165735775831,,,,,-0.0014486859597892961,,,,,,,,,,,,,,,,,,,,-0.0009627148734905514,,-0.0006590678857762351,-0.00196293811867554,,,,0.0024510200292651337,0.00458018894357626,-0.0005843282286263527,,0.002079994061532338,,0.0012288311799838747,,,0.001954477178508835,,-7.604955652547511e-05
776,2025-11-30,KGF,GB0033195214,10076001W,,-0.0009466361282130473,,-0.000670767315701257,,,0.002042516691054278,-0.0006891165735775831,,,,,-0.0014486859597892961,,,,,,,,-0.002477807133410108,0.002386519502179209,,,,,-0.0010694309089954003,0.003716710700115162,0.0016428938601958324,,0.0032621489598133077,,0.001897233077046233,,-0.0006590678857762351,,,,,,,0.00229009447178813,0.002833991908837811,,,0.0012288311799838747,,,0.001954477178508835,,0.000360094272933257
777,2025-11-30,KHC,US5007541064,00556804,-0.00229009447178813,-0.0009466361282130473,,-0.000670767315701257,,-0.0047233198480630175,-0.0010352481858768258,,-0.003285787720391665,,,,,-0.00719743976847698,0.002764870154963718,,,,-0.0030432127880137567,-0.0024643407902937486,,,,,,,,0.003716710700115162,0.0016428938601958324,,-0.0011141000133023334,,-0.0009627148734905514,,-0.0006590678857762351,,,,,,0.00458018894357626,-0.0005843282286263527,,,-0.0007927250094651219,0.0012288311799838747,-0.002267193527070249,0.009647632030086164,,,6.514895557069877e-05
778,2025-11-30,KIM,US49446R1095,02473101,,,,,,,,,,,,,,-0.00719743976847698,,,,,,,,,,,,,,,,,,,,,,0.000987883889790958,,,,,0.00458018894357626,-0.0005843282286263527,,,-0.0007927250094651219,0.0012288311799838747,,,,,8.801715577107228e-05
779,2025-11-30,KKR,US48251W1045,17974101,-0.00229009447178813,-0.0009466361282130473,,-0.000670767315701257,,,,-0.0006891165735775831,,,,,,,,-0.002561800595559603,,,,,,,,,,,-0.0010694309089954003,,,,0.0032621489598133077,,-0.0009627148734905514,,-0.0006590678857762351,0.000987883889790958,,,,,,,-0.0028518157573210676,-0.0007040973686553567,-0.0007927250094651219,,,-0.005272543086209881,-0.000987883889790958,,-0.000457110011793917
780,2025-11-30,KLAC,US4824801009,00630401,0.004359987552058171,0.001858355350057581,,0.0019800816830307846,,,-0.0010352481858768258,-0.0006891165735775831,0.0016428938601958324,,,,0.004237744910411679,0.003627509643312398,,,,,,0.0024510200292651337,0.004875685004452148,0.002386519502179209,,,,,,,,0.006297759797417357,-0.0011141000133023334,0.0064776957916292816,,,,,,,,,,-0.0005843282286263527,,,,,-0.002267193527070249,,-0.000987883889790958,0.002089579287622349,0.00044800779906976863
781,2025-11-30,KMB,US4943681035,00643501,0.004359987552058171,0.001858355350057581,0.0019800816830307846,0.0019800816830307846,0.0019800816830307846,,-0.0010352481858768258,,0.0016428938601958324,,,,,0.003627509643312398,,0.002547408457382302,,,,0.0024510200292651337,,0.002386519502179209,,,,0.0030029053338678792,,-0.003716710700115162,0.0016428938601958324,,-0.0011141000133023334,,-0.0009627148734905514,,-0.0006590678857762351,-0.00196293811867554,0.0038104092891936953,-0.002591078316651713,,-0.002437842502226074,-0.0023494233441142473,-0.0005843282286263527,,-0.0007040973686553567,-0.0007927250094651219,,-0.002267193527070249,-0.005272543086209881,-0.000987883889790958,0.002089579287622349,-2.3704204361718735e-05
782,2025-11-30,KMI,US49456B1017,00631004,,,,-0.000670767315701257,,,,-0.0006891165735775831,,,,,,,,,,-0.004445477504059311,,-0.0024643407902937486,,,-0.008244340098437268,-0.009647632030086164,-0.008244340098437268,,,,0.0016428938601958324,,,,,,,,,,,,,-0.0005843282286263527,,-0.0007040973686553567,-0.0007927250094651219,,0.004318463861086188,-0.005272543086209881,-0.000987883889790958,,-0.000571076383798203
783,2025-11-30,KNEBV,FI0009013403,10102301W,,,,-0.000670767315701257,,,-0.0010352481858768258,-0.0006891165735775831,,,,,,,,,-0.0034613641634660282,,0.003022924702760332,0.0024510200292651337,,,,,,,,,,,,,-0.0009627148734905514,,-0.0006590678857762351,0.000987883889790958,,0.0025763562807616463,,-0.002437842502226074,,-0.0005843282286263527,,,-0.0007927250094651219,0.0012288311799838747,,,-0.000987883889790958,,-0.00011662329861575513
784,2025-11-30,KNIN,CH0025238863,21144701W,,-0.0009466361282130473,-0.00199752733662577,-0.000670767315701257,-0.00199752733662577,,-0.0010352481858768258,-0.0006891165735775831,,,,,,,,,0.003435141707682195,,0.003022924702760332,0.0024510200292651337,,,,,,,,,,,,,0.001897233077046233,,-0.0006590678857762351,-0.00196293811867554,,,-0.0035150287241399202,0.0024510200292651337,,-0.0005843282286263527,,,-0.0007927250094651219,0.0012288311799838747,,,0.001954477178508835,0.002089579287622349,2.1721803895208946e-05
785,2025-11-30,KO,US1912161007,00314401,,,,,,,,,-0.003285787720391665,,,,,,-0.0027818325485524523,0.002547408457382302,,,-0.0030432127880137567,,,,,,,-0.003022924702760332,,-0.003716710700115162,0.0016428938601958324,,-0.0011141000133023334,,-0.0009627148734905514,,,,,0.0025763562807616463,,0.0024510200292651337,-0.0023494233441142473,-0.0005843282286263527,-0.0028518157573210676,,-0.0007927250094651219,0.0012288311799838747,0.004318463861086188,,-0.000987883889790958,,-7.069371824634053e-05
786,2025-11-30,KOG,NO0013536151,21178701W,,,-0.00199752733662577,-0.000670767315701257,-0.00199752733662577,,0.002042516691054278,-0.0006891165735775831,,,,,,,,,0.003435141707682195,,0.003022924702760332,,,,,,,,,,,,,,,,,,,0.0025763562807616463,,0.0024510200292651337,,0.00229009447178813,,,,,,,0.001954477178508835,0.002089579287622349,0.00027481105744773214
787,2025-11-30,KPN,NL0000009082,06144001W,,-0.0009466361282130473,,-0.000670767315701257,,,,-0.0006891165735775831,0.0016428938601958324,,,,,,,,,,,,,,,,,-0.003022924702760332,,,,,,,,,-0.0006590678857762351,,,,,,,-0.0005843282286263527,,,,,,,,,-0.0001538295457381379
788,2025-11-30,KR,US5010441013,00650201,0.004359987552058171,,,,,0.004626925565449486,,,0.0016428938601958324,,,,,,,,,,0.003022924702760332,0.0024510200292651337,,,,,,0.0030029053338678792,,,0.0016428938601958324,,,,0.001897233077046233,,-0.0006590678857762351,-0.00196293811867554,,,,,0.00458018894357626,-0.0005843282286263527,,,,0.0012288311799838747,,0.009647632030086164,,0.002089579287622349,0.0008760461823169664
789,2025-11-30,KRX,IE0004927939,10257401W,,-0.0009466361282130473,,-0.000670767315701257,-0.00199752733662577,,,0.0020152831351735543,,,,,,,,,,,,,,,,,,,,,,,,,,,-0.0006590678857762351,-0.00196293811867554,,-0.002591078316651713,,-0.002437842502226074,,-0.0005843282286263527,,-0.0007040973686553567,,-0.0024510200292651337,,,,,-0.00020258409114179635
790,2025-11-30,KRZ,IE0004906560,10080103W,,-0.0009466361282130473,,-0.000670767315701257,,,,,,,0.003570383507197242,0.003570383507197242,,,0.002764870154963718,,,,-0.0030432127880137567,-0.0024643407902937486,,0.002386519502179209,,,,,,,0.0016428938601958324,,,,,,-0.0006590678857762351,-0.00196293811867554,,,,,,-0.0005843282286263527,0.002833991908837811,-0.0007040973686553567,-0.0007927250094651219,,,,,,5.7236146374166056e-05
791,2025-11-30,KVUE,US49177J1025,04189701,-0.00229009447178813,-0.0009466361282130473,-0.00199752733662577,-0.000670767315701257,-0.00199752733662577,0.004626925565449486,0.002042516691054278,,,,,,,,-0.0027818325485524523,,,,-0.0030432127880137567,,,,,,,,,,-0.006386460639634503,,,-0.005813316736077561,-0.0009627148734905514,-0.005529740309927436,0.0019460888644379816,0.000987883889790958,-0.00781790871403534,,,,-0.0023494233441142473,,,-0.0007040973686553567,,,,,-0.000987883889790958,,-0.0006281572096619169
792,2025-11-30,L,CA5394811015,00677101C,,,,,,,,,0.0016428938601958324,,,,,,,,,,,0.0024510200292651337,,-0.002386519502179209,,,,0.0030029053338678792,,,0.0016428938601958324,,,0.0064776957916292816,,,,,,,,,,-0.0005843282286263527,,-0.0007040973686553567,,0.0012288311799838747,,,,,0.0002151242474254392
793,2025-11-30,L,US5404241086,00678101,,,,,,,,,,,,,,,,-0.002561800595559603,,,,,,,,,,,-0.0010694309089954003,,,,-0.0011141000133023334,,0.001897233077046233,,-0.0006590678857762351,0.000987883889790958,,,,,,,,0.002079994061532338,0.0023253266944310244,,,,0.001954477178508835,,0.0001916813288141033
794,2025-11-30,LAND,GB00BYW0PQ60,01560201W,,,,,,,,,-0.003285787720391665,,,,,,-0.0027818325485524523,,,,-0.0030432127880137567,,,,,,,,,-0.003716710700115162,,,,,-0.0009627148734905514,,,0.000987883889790958,,-0.002591078316651713,,-0.002437842502226074,-0.0023494233441142473,-0.0005843282286263527,,-0.0007040973686553567,0.0023253266944310244,-0.0024510200292651337,,,-0.000987883889790958,,-0.00040353866252421534
795,2025-11-30,LATO B,SE0010100958,01629901W,,,,,,,,,,,,,,,,,,,-0.0030432127880137567,-0.0024643407902937486,,-0.002386519502179209,,,,,,,,,,,-0.0009627148734905514,,-0.0006590678857762351,,,-0.002591078316651713,-0.0035150287241399202,,,-0.0005843282286263527,,-0.0007040973686553567,-0.0007927250094651219,,,,-0.000987883889790958,-0.0021188724552058395,-0.0003671577068066869
796,2025-11-30,LDO,IT0003856405,01626701W,,,0.0019800816830307846,0.0019800816830307846,0.0019800816830307846,,0.002042516691054278,0.0020152831351735543,,,,,,,,,-0.0034613641634660282,,,,,,,,,,,,,,,,0.001897233077046233,,0.0019460888644379816,0.000987883889790958,,,0.0035150287241399202,,,-0.0005843282286263527,,,,,,,-0.000987883889790958,,0.00036247219501986313
797,2025-11-30,LDOS,US5253271028,16512301,0.004359987552058171,0.001858355350057581,0.0019800816830307846,0.0019800816830307846,0.0019800816830307846,0.004626925565449486,,0.0020152831351735543,,,,,,,,,,,,0.0024510200292651337,,,,,,,,,,,,,,,0.0019460888644379816,0.000987883889790958,,,0.0035150287241399202,,,-0.0005843282286263527,,-0.0007040973686553567,,,,,,,0.0006485667548493603
798,2025-11-30,LEG,DE000LEG1110,31487401W,,,,,,,,,-0.003285787720391665,,,,,,,,,,,,,,,-0.009647632030086164,,,,-0.003716710700115162,,,,,0.001897233077046233,,,0.000987883889790958,,,,,0.00458018894357626,0.00229009447178813,,-0.0007040973686553567,0.0023253266944310244,0.0012288311799838747,,,0.001954477178508835,,2.6348835383513493e-05
799,2025-11-30,LEN,US5260571048,00666901,-0.00229009447178813,-0.0009466361282130473,-0.00199752733662577,-0.000670767315701257,-0.00199752733662577,-0.0047233198480630175,-0.0010352481858768258,-0.0006891165735775831,-0.003285787720391665,,0.003570383507197242,0.003570383507197242,-0.0014486859597892961,-0.00719743976847698,-0.0027818325485524523,-0.002561800595559603,,,,,,0.002386519502179209,,,,0.0030029053338678792,-0.0010694309089954003,-0.003716710700115162,0.0016428938601958324,,-0.0011141000133023334,,-0.0009627148734905514,,-0.0006590678857762351,,,-0.002591078316651713,,-0.002437842502226074,-0.0023494233441142473,-0.0005843282286263527,-0.0028518157573210676,-0.0007040973686553567,,-0.0024510200292651337,-0.002267193527070249,,-0.000987883889790958,-0.0021188724552058395,-0.0009677110284778726
800,2025-11-30,LGEN,GB0005603997,01560301W,,-0.0009466361282130473,-0.00199752733662577,-0.000670767315701257,-0.00199752733662577,,0.002042516691054278,-0.0006891165735775831,,,,,,,,-0.002561800595559603,,,,,,0.002386519502179209,,,,,-0.0010694309089954003,,,,-0.0011141000133023334,,,,-0.0006590678857762351,-0.00196293811867554,,,,,,,-0.0028518157573210676,-0.0007040973686553567,-0.0007927250094651219,,,,-0.000987883889790958,0.002089579287622349,-0.0002381335295273361
801,2025-11-30,LH,US5049221055,01496001,-0.00229009447178813,-0.0009466361282130473,,-0.000670767315701257,,,,-0.0006891165735775831,,,,,-0.0014486859597892961,,,,,0.004402317528291745,,,-0.002477807133410108,,,,,0.0030029053338678792,-0.0010694309089954003,0.003716710700115162,,,-0.0011141000133023334,,0.001897233077046233,,,,,,,,,-0.0005843282286263527,,,-0.0007927250094651219,0.0012288311799838747,-0.002267193527070249,,,,-9.806323430518997e-05
802,2025-11-30,LHA,DE0008232125,10010301W,,-0.0009466361282130473,0.0019800816830307846,0.0019800816830307846,0.0019800816830307846,,0.002042516691054278,0.0020152831351735543,,,,,,,,,,,0.003022924702760332,,,-0.002386519502179209,,,,,,,,,,,0.001897233077046233,,0.0019460888644379816,0.000987883889790958,,,-0.0035150287241399202,,,-0.0005843282286263527,,0.002079994061532338,0.0023253266944310244,0.0012288311799838747,,,0.001954477178508835,0.002089579287622349,0.0006250203887932826
803,2025-11-30,LHX,US5024311095,00549201,,,,-0.000670767315701257,,,,-0.0006891165735775831,,,,,,,,,,,,,,,,,,,,,,-0.007313527506678221,,,-0.0009627148734905514,-0.005529740309927436,,,0.0038104092891936953,,,,,-0.0005843282286263527,,,,0.0012288311799838747,,,-0.000987883889790958,,-0.0001314440477130685
804,2025-11-30,LI,FR0000121964,01593601W,,,,,,,,,,,,0.003570383507197242,,,0.002764870154963718,,,,,,,,,-0.009647632030086164,,,,-0.003716710700115162,,,,,,,,0.000987883889790958,,,,-0.002437842502226074,-0.0023494233441142473,-0.0005843282286263527,,-0.0007040973686553567,,-0.0024510200292651337,,,0.001954477178508835,,-0.00029129734426800775
805,2025-11-30,LIFCO B,SE0015949201,23422502W,,,0.0019800816830307846,,0.0019800816830307846,,-0.0010352481858768258,-0.0006891165735775831,,,,,,,,,,,,,,,,,,,,,,,,,,,-0.0006590678857762351,,,,,,,-0.0005843282286263527,,-0.0007040973686553567,-0.0007927250094651219,,,,,,-8.449217544392123e-06
806,2025-11-30,LII,US5261071071,12238001,-0.00229009447178813,-0.0009466361282130473,-0.00199752733662577,-0.000670767315701257,-0.00199752733662577,,,-0.0006891165735775831,,,,,,,,,,,0.003022924702760332,0.0024510200292651337,,-0.002386519502179209,,,,,,,,,,,-0.0009627148734905514,,,-0.00196293811867554,0.0038104092891936953,-0.002591078316651713,,-0.002437842502226074,,-0.0005843282286263527,,-0.0007040973686553567,-0.0007927250094651219,-0.0024510200292651337,-0.002267193527070249,,-0.000987883889790958,,-0.0005211173982490902
807,2025-11-30,LIN,IE000S9YS762,02512401,,,,-0.000670767315701257,,,-0.0010352481858768258,-0.0006891165735775831,0.0016428938601958324,,0.003570383507197242,0.003570383507197242,,0.003627509643312398,,0.002547408457382302,,,,,0.004875685004452148,,-0.008244340098437268,,,,-0.0010694309089954003,,0.0016428938601958324,0.006297759797417357,,0.0064776957916292816,-0.0009627148734905514,0.0058888143560266205,-0.0006590678857762351,0.000987883889790958,,,,,,-0.0005843282286263527,,,-0.0007927250094651219,,,,-0.000987883889790958,,6.882536616303058e-05
808,2025-11-30,LISN,CH0010570759,10189502W,,,,,,,-0.0010352481858768258,,,,0.003570383507197242,0.003570383507197242,,,,-0.002561800595559603,,,,-0.0024643407902937486,,-0.002386519502179209,,,,,,,0.0016428938601958324,,-0.0011141000133023334,,,,-0.0006590678857762351,0.000987883889790958,,,,,,-0.0005843282286263527,,-0.0007040973686553567,-0.0007927250094651219,,,,-0.000987883889790958,-0.0021188724552058395,-0.0001302719540866802
809,2025-11-30,LISP,CH0010570767,10189503W,,,,,,,,,,,0.003570383507197242,0.003570383507197242,,,,-0.002561800595559603,,,,-0.0024643407902937486,,-0.002386519502179209,,,,,,,0.0016428938601958324,,-0.0011141000133023334,,0.001897233077046233,,-0.0006590678857762351,0.000987883889790958,,,,,,-0.0005843282286263527,,0.002079994061532338,0.0023253266944310244,0.0012288311799838747,,,,-0.0021188724552058395,0.00014616750193363083
810,2025-11-30,LLOY,GB0008706128,01592901W,,,-0.00199752733662577,-0.000670767315701257,,,,-0.0006891165735775831,,,,,,,,0.002547408457382302,-0.0034613641634660282,,,,,,,,,,0.0034093135745417273,,,,,,-0.0009627148734905514,,-0.0006590678857762351,0.000987883889790958,,,,,,,,,,,,,,0.002089579287622349,2.6853193415359428e-05
811,2025-11-30,LLY,US5324571083,00673001,,,0.0019800816830307846,,0.0019800816830307846,,0.002042516691054278,,0.0016428938601958324,,,0.003570383507197242,0.004237744910411679,0.003627509643312398,-0.0027818325485524523,-0.002561800595559603,,,,0.0024510200292651337,0.004875685004452148,-0.002386519502179209,,,,-0.003022924702760332,0.0034093135745417273,-0.003716710700115162,,,-0.0011141000133023334,,,,,,,,,0.0024510200292651337,,-0.0005843282286263527,-0.0028518157573210676,-0.0007040973686553567,-0.0007927250094651219,,0.004318463861086188,,-0.000987883889790958,0.002089579287622349,0.0005274833515802631
812,2025-11-30,LMT,US5398301094,00677401,-0.00229009447178813,-0.0009466361282130473,,-0.000670767315701257,,,,,,,,,,,,,,,0.003022924702760332,0.0024510200292651337,,-0.002386519502179209,,,,,,,,-0.007313527506678221,,,,-0.005529740309927436,-0.0006590678857762351,,,-0.002591078316651713,-0.0035150287241399202,-0.002437842502226074,,-0.0005843282286263527,,-0.0007040973686553567,,-0.0024510200292651337,0.004318463861086188,,-0.000987883889790958,0.002089579287622349,-0.00017647558158190576
813,2025-11-30,LNT,US0188021085,01155401,,,,,,-0.0047233198480630175,,-0.0006891165735775831,,,,,,,-0.0027818325485524523,,,,,,,,-0.008244340098437268,,,,,,,,,,,,,,,,,,,,,,-0.0007927250094651219,,-0.002267193527070249,,,,-0.00042089198168451146
814,2025-11-30,LOGN,CH0025751329,10269601W,,0.001858355350057581,0.0019800816830307846,0.0019800816830307846,0.0019800816830307846,,-0.0010352481858768258,0.0020152831351735543,0.0016428938601958324,,,,0.004237744910411679,,,,,0.004402317528291745,0.003022924702760332,0.0024510200292651337,-0.002477807133410108,,,,,,,,,,,,,,-0.0006590678857762351,,,-0.002591078316651713,,-0.002437842502226074,-0.0023494233441142473,-0.0005843282286263527,,-0.0007040973686553567,,-0.0024510200292651337,,,0.001954477178508835,,0.0004496941691276456
815,2025-11-30,LONN,CH0013841017,23139701W,,,,-0.000670767315701257,,,,-0.0006891165735775831,-0.003285787720391665,,,,-0.0014486859597892961,,-0.0027818325485524523,,,-0.004445477504059311,-0.0030432127880137567,,-0.002477807133410108,,,,,,-0.0010694309089954003,,,,-0.0011141000133023334,,,,-0.0006590678857762351,,,,,-0.002437842502226074,,-0.0005843282286263527,-0.0028518157573210676,-0.0007040973686553567,-0.0007927250094651219,-0.0024510200292651337,,,-0.000987883889790958,,-0.0005582174250554583
816,2025-11-30,LOTB,BE0003604155,21188501W,,,,-0.000670767315701257,,,,,0.0016428938601958324,,0.003570383507197242,0.003570383507197242,,,-0.0027818325485524523,,,,,,,,,,,,,-0.003716710700115162,0.0016428938601958324,,-0.0011141000133023334,,,,,0.000987883889790958,,0.0025763562807616463,,-0.002437842502226074,-0.0023494233441142473,-0.0005843282286263527,,-0.0007040973686553567,-0.0007927250094651219,,,,-0.000987883889790958,-0.0021188724552058395,-0.0001966632967388849
817,2025-11-30,LOW,US5486611073,00682901,,,,,,,-0.0010352481858768258,-0.0006891165735775831,0.0016428938601958324,,,,0.004237744910411679,0.003627509643312398,,,,,,-0.0024643407902937486,,0.002386519502179209,,,,0.0030029053338678792,-0.0010694309089954003,,0.0016428938601958324,-0.007313527506678221,-0.0011141000133023334,,-0.0009627148734905514,-0.005529740309927436,-0.0006590678857762351,,,,,,,-0.0005843282286263527,,-0.0007040973686553567,,,-0.002267193527070249,,,,1.1552419992275579e-05
818,2025-11-30,LPLA,US50212V1008,17851901,,,,,0.0019800816830307846,0.004626925565449486,0.002042516691054278,,,,,,,,,,,,,,,-0.002386519502179209,,,,-0.003022924702760332,-0.0010694309089954003,,,,-0.0011141000133023334,,0.001897233077046233,,-0.0006590678857762351,,,,,,,,-0.0028518157573210676,-0.0007040973686553567,,,,,-0.000987883889790958,-0.0021188724552058395,-3.591256744993587e-05
819,2025-11-30,LR,FR0010307819,27703901W,,0.001858355350057581,,-0.000670767315701257,,,-0.0010352481858768258,,,,,,,,,,0.003435141707682195,,,,,,,,,,,,,,,,,,-0.0006590678857762351,0.000987883889790958,,,,,,-0.0005843282286263527,,-0.0007040973686553567,-0.0007927250094651219,,,,,,-1.4651065586571145e-05
820,2025-11-30,LRCX,US5128073062,00656501,0.004359987552058171,0.001858355350057581,0.0019800816830307846,0.0019800816830307846,0.0019800816830307846,,,-0.0006891165735775831,0.0016428938601958324,0.005529740309927436,0.003570383507197242,0.003570383507197242,0.004237744910411679,0.003627509643312398,,,,0.004402317528291745,,0.0024510200292651337,0.004875685004452148,0.002386519502179209,,,,,,,,-0.007313527506678221,,,,-0.005529740309927436,0.0019460888644379816,,,0.0025763562807616463,,,,-0.0005843282286263527,,,,,0.004318463861086188,,,,0.0009342515994145063
821,2025-11-30,LSEG,GB00B0SWJX34,24670601W,,,,-0.000670767315701257,0.0019800816830307846,,-0.0010352481858768258,-0.0006891165735775831,,,,,,,,,,,,,,,,,,,-0.0010694309089954003,,,,-0.0011141000133023334,,-0.0009627148734905514,,-0.0006590678857762351,0.000987883889790958,,,,,,,,,-0.0007927250094651219,,,,,0.002089579287622349,-1.965862959567633e-05
822,2025-11-30,LUG,CA5503711080,06574401C,,0.001858355350057581,0.0019800816830307846,,0.0019800816830307846,,,-0.0006891165735775831,0.0016428938601958324,0.005529740309927436,,,0.004237744910411679,,0.002764870154963718,,-0.0034613641634660282,,,,0.004875685004452148,0.002386519502179209,0.008244340098437268,,0.008244340098437268,0.0030029053338678792,0.0034093135745417273,,0.0016428938601958324,0.006297759797417357,,0.0064776957916292816,,0.0058888143560266205,0.0019460888644379816,0.000987883889790958,0.0038104092891936953,0.0025763562807616463,,0.0024510200292651337,,-0.0005843282286263527,,0.002079994061532338,,0.0012288311799838747,,,,,0.0013590488183146405
823,2025-11-30,LUMI,IL0006046119,00201805W,,-0.0009466361282130473,,-0.000670767315701257,,,,,,,,,,,,0.002547408457382302,,,,,,-0.002386519502179209,,,,0.0030029053338678792,0.0034093135745417273,,,,,,-0.0009627148734905514,,,,,,,,,,,,-0.0007927250094651219,,,,,,6.062654407995326e-05
824,2025-11-30,LUN,CA5503721063,10829701C,,0.001858355350057581,0.0019800816830307846,0.0019800816830307846,0.0019800816830307846,,,-0.0006891165735775831,0.0016428938601958324,,,-0.003627509643312398,-0.0014486859597892961,,0.002764870154963718,,,,,,0.004875685004452148,,,,,,-0.0010694309089954003,0.003716710700115162,0.0016428938601958324,,,0.0064776957916292816,-0.0009627148734905514,,-0.0006590678857762351,,,,,0.0024510200292651337,0.00458018894357626,-0.0005843282286263527,,-0.0007040973686553567,-0.0007927250094651219,0.0012288311799838747,,,0.001954477178508835,,0.0005988696899240588
825,2025-11-30,LUND B,SE0000108847,10156302W,,,,,,,,,,,,,,,,,-0.0034613641634660282,,,,,-0.002386519502179209,,,,,-0.0010694309089954003,,,,-0.0011141000133023334,,-0.0009627148734905514,,-0.0006590678857762351,,,,,,,,,-0.0007040973686553567,-0.0007927250094651219,,,,,-0.0021188724552058395,-0.00021907030534200374
826,2025-11-30,LVS,US5178341070,16184401,0.004359987552058171,0.001858355350057581,0.0019800816830307846,0.0019800816830307846,0.0019800816830307846,0.004626925565449486,0.002042516691054278,0.0020152831351735543,,,,,,,,0.002547408457382302,,,,0.0024510200292651337,0.004875685004452148,,,,,0.0030029053338678792,-0.0010694309089954003,,0.0016428938601958324,,0.0032621489598133077,,,,-0.0006590678857762351,,,-0.002591078316651713,,-0.002437842502226074,-0.0023494233441142473,-0.0005843282286263527,-0.0028518157573210676,-0.0007040973686553567,,,0.004318463861086188,,-0.000987883889790958,0.002089579287622349,0.0008376678615879113
827,2025-11-30,LYB,NL0009434992,29452401,-0.00229009447178813,-0.0009466361282130473,-0.00199752733662577,-0.000670767315701257,-0.00199752733662577,,-0.0010352481858768258,0.0020152831351735543,,,,,-0.0014486859597892961,,-0.0027818325485524523,,-0.0034613641634660282,,,,-0.002477807133410108,-0.002386519502179209,,,,0.0030029053338678792,-0.0010694309089954003,0.003716710700115162,0.0016428938601958324,-0.007313527506678221,,-0.005813316736077561,-0.0009627148734905514,,-0.0006590678857762351,-0.00196293811867554,,-0.002591078316651713,-0.0035150287241399202,-0.002437842502226074,-0.0023494233441142473,-0.0005843282286263527,,-0.0007040973686553567,-0.0007927250094651219,-0.0024510200292651337,-0.002267193527070249,,-0.000987883889790958,,-0.0006522381498068159
828,2025-11-30,LYV,US5380341090,16574601,-0.00229009447178813,-0.0009466361282130473,-0.00199752733662577,-0.000670767315701257,-0.00199752733662577,-0.0047233198480630175,-0.0010352481858768258,-0.0006891165735775831,,-0.005598008708815429,,,-0.0014486859597892961,,,0.002547408457382302,,0.004402317528291745,,,,,,-0.009647632030086164,,0.0030029053338678792,,,,-0.007313527506678221,-0.0011141000133023334,,,,-0.0006590678857762351,0.000987883889790958,,,-0.0035150287241399202,,,-0.0005843282286263527,,,,,-0.002267193527070249,0.009647632030086164,,,-0.000503570157577
829,2025-11-30,MA,US57636Q1040,16022501,-0.00229009447178813,-0.0009466361282130473,,-0.000670767315701257,,,-0.0010352481858768258,-0.0006891165735775831,,,,,,,,,,,,,,,,,,0.0030029053338678792,-0.0010694309089954003,,,,-0.0011141000133023334,,-0.0009627148734905514,,-0.0006590678857762351,,,,,,,,,-0.0007040973686553567,-0.0007927250094651219,,,-0.005272543086209881,,,-0.0003352412935600083
830,2025-11-30,MAA,US59522J1034,02964901,,,,,,,,,0.0016428938601958324,,,,,0.003627509643312398,,,,,,,,,,,,,,,,,,,-0.0009627148734905514,,,0.000987883889790958,,,,,-0.0023494233441142473,-0.0005843282286263527,,-0.0007040973686553567,-0.0007927250094651219,,,-0.005272543086209881,,,-0.00021787897752087744
831,2025-11-30,MAERSK A,DK0010244425,10329203W,,,,,,,,,,,,,,,,,,,,,,,,,,,,,,,,,0.001897233077046233,,0.0019460888644379816,-0.00196293811867554,,0.0025763562807616463,0.0035150287241399202,0.0024510200292651337,,-0.0005843282286263527,,0.002079994061532338,-0.0007927250094651219,0.0012288311799838747,,,0.001954477178508835,-0.0021188724552058395,0.0002437940114497981
832,2025-11-30,MAERSK B,DK0010244508,10329204W,,-0.0009466361282130473,0.0019800816830307846,0.0019800816830307846,0.0019800816830307846,,-0.0010352481858768258,0.0020152831351735543,,,,,,,,,,,,,,,,,,,,,,,,,0.001897233077046233,,0.0019460888644379816,-0.00196293811867554,,0.0025763562807616463,0.0035150287241399202,0.0024510200292651337,,-0.0005843282286263527,,0.002079994061532338,-0.0007927250094651219,0.0012288311799838747,,,0.001954477178508835,-0.0021188724552058395,0.0004500748456511136
833,2025-11-30,MAR,US5719032022,02893002,,,,-0.000670767315701257,,,,-0.0006891165735775831,,,,,,,,0.002547408457382302,,,,-0.0024643407902937486,,,,,,,-0.0010694309089954003,-0.003716710700115162,0.0016428938601958324,,-0.0011141000133023334,,,,-0.0006590678857762351,,-0.00781790871403534,-0.002591078316651713,,-0.002437842502226074,-0.0023494233441142473,-0.0005843282286263527,,-0.0007040973686553567,,,-0.002267193527070249,,-0.000987883889790958,,-0.0005804289335341106
834,2025-11-30,MAS,US5745991068,00708501,-0.00229009447178813,,,-0.000670767315701257,,,-0.0010352481858768258,-0.0006891165735775831,,,,,,,,,,,0.003022924702760332,-0.0024643407902937486,,-0.002386519502179209,,,,,,,,-0.007313527506678221,,,-0.0009627148734905514,-0.005529740309927436,-0.0006590678857762351,,,-0.002591078316651713,,-0.002437842502226074,,-0.0005843282286263527,,-0.0007040973686553567,-0.0007927250094651219,,,,,,-0.000384065091281547
835,2025-11-30,MBG,DE0007100000,01782801W,,-0.0009466361282130473,-0.00199752733662577,-0.000670767315701257,-0.00199752733662577,,-0.0010352481858768258,0.0020152831351735543,0.0016428938601958324,,-0.003627509643312398,-0.003627509643312398,-0.0014486859597892961,,,,,,,,-0.002477807133410108,,,,,,-0.0010694309089954003,0.003716710700115162,0.0016428938601958324,,0.0032621489598133077,,-0.0009627148734905514,,-0.0006590678857762351,,,,-0.0035150287241399202,,0.00458018894357626,0.00229009447178813,,0.002079994061532338,,0.0012288311799838747,,,0.001954477178508835,,0.00014444651779520356
836,2025-11-30,MC,FR0000121014,01444702W,,,,-0.000670767315701257,,,-0.0010352481858768258,-0.0006891165735775831,0.0016428938601958324,,,,-0.0014486859597892961,,,-0.002561800595559603,,,,,,,,,,,0.0034093135745417273,,0.0016428938601958324,,-0.0011141000133023334,,-0.0009627148734905514,,-0.0006590678857762351,,,,-0.0035150287241399202,,,-0.0005843282286263527,,-0.0007040973686553567,,0.0012288311799838747,,,,,-6.591030124744158e-05
837,2025-11-30,MCD,US5801351017,00715401,-0.00229009447178813,,,-0.000670767315701257,,,-0.0010352481858768258,-0.0006891165735775831,,0.005529740309927436,,,0.004237744910411679,,,,,,,-0.0024643407902937486,0.004875685004452148,,,,,,0.0034093135745417273,,0.0016428938601958324,,-0.0011141000133023334,,-0.0009627148734905514,0.0058888143560266205,-0.0006590678857762351,,-0.00781790871403534,,,,,-0.0005843282286263527,,-0.0007040973686553567,,,,,-0.000987883889790958,,0.0001599476731678834
838,2025-11-30,MCHP,US5950171042,02796501,-0.00229009447178813,-0.0009466361282130473,,-0.000670767315701257,,,0.002042516691054278,-0.0006891165735775831,-0.003285787720391665,,,,-0.0014486859597892961,-0.00719743976847698,-0.0027818325485524523,-0.002561800595559603,-0.0034613641634660282,-0.004445477504059311,-0.0030432127880137567,,,-0.002386519502179209,,,,,,,,,-0.0011141000133023334,,-0.0009627148734905514,,-0.0006590678857762351,-0.00196293811867554,0.0038104092891936953,-0.002591078316651713,,-0.002437842502226074,-0.0023494233441142473,-0.0005843282286263527,-0.0028518157573210676,-0.0007040973686553567,,-0.0024510200292651337,,,-0.000987883889790958,,-0.000627106142412007
839,2025-11-30,MCK,US58155Q1031,00717101,,0.001858355350057581,,,,,,-0.0006891165735775831,0.0016428938601958324,,,,-0.0014486859597892961,0.003627509643312398,-0.0027818325485524523,0.002547408457382302,,0.004402317528291745,0.003022924702760332,-0.0024643407902937486,-0.002477807133410108,0.002386519502179209,,,,0.0030029053338678792,-0.0010694309089954003,,,,,,0.001897233077046233,,-0.0006590678857762351,0.000987883889790958,,,,,,-0.0005843282286263527,,0.002079994061532338,0.0023253266944310244,0.0012288311799838747,,,0.001954477178508835,,0.0003094402537061815
840,2025-11-30,MCO,US6153691059,13966501,,,0.0019800816830307846,-0.000670767315701257,0.0019800816830307846,,-0.0010352481858768258,-0.0006891165735775831,,,,,,,,,,,,,,,,,,,-0.0010694309089954003,,,,-0.0011141000133023334,,-0.0009627148734905514,,-0.0006590678857762351,0.000987883889790958,,,,,,,0.002833991908837811,-0.0007040973686553567,-0.0007927250094651219,,0.004318463861086188,-0.005272543086209881,-0.000987883889790958,,-1.4153764992959978e-05
841,2025-11-30,MDB,US60937P1066,03252601,0.004359987552058171,,0.0019800816830307846,,0.0019800816830307846,-0.0047233198480630175,-0.0010352481858768258,0.0020152831351735543,-0.003285787720391665,-0.005598008708815429,-0.003627509643312398,-0.003627509643312398,-0.0014486859597892961,-0.00719743976847698,,,0.003435141707682195,,,,-0.002477807133410108,,,,,,,,,,-0.0011141000133023334,-0.005813316736077561,-0.0009627148734905514,0.0058888143560266205,,0.000987883889790958,0.0038104092891936953,,,,,-0.0005843282286263527,-0.0028518157573210676,-0.0007040973686553567,,,,,-0.000987883889790958,-0.0021188724552058395,-0.0002632647139839738
842,2025-11-30,MDLZ,US6092071058,14295301,-0.00229009447178813,-0.0009466361282130473,,-0.000670767315701257,-0.00199752733662577,,-0.0010352481858768258,,-0.003285787720391665,,,,,-0.00719743976847698,-0.0027818325485524523,0.002547408457382302,,,-0.0030432127880137567,,,,,,,,,-0.003716710700115162,-0.006386460639634503,,-0.0011141000133023334,,,-0.005529740309927436,-0.0006590678857762351,0.000987883889790958,,-0.002591078316651713,,-0.002437842502226074,-0.0023494233441142473,-0.0005843282286263527,-0.0028518157573210676,-0.0007040973686553567,-0.0007927250094651219,-0.0024510200292651337,-0.002267193527070249,-0.005272543086209881,-0.000987883889790958,,-0.0013062250365187776
843,2025-11-30,MDT,IE00BTN1Y115,00722801,,,,,,,-0.0010352481858768258,-0.0006891165735775831,,,,,-0.0014486859597892961,,,,,-0.004445477504059311,-0.0030432127880137567,,,,,,,,-0.0010694309089954003,,,,-0.0011141000133023334,,,,,0.000987883889790958,,,,,,-0.0005843282286263527,,-0.0007040973686553567,-0.0007927250094651219,,,,-0.000987883889790958,,-0.00033514515048280766
844,2025-11-30,MEL,NZMELE0002S7,27004501W,,-0.0009466361282130473,,,,,0.002042516691054278,-0.0006891165735775831,,,,,,,,,,,,-0.0024643407902937486,,,-0.008244340098437268,,,,,,,,,,-0.0009627148734905514,,,-0.00196293811867554,,,-0.0035150287241399202,,,,,,,,,,,-0.0021188724552058395,-0.0002937734605746181
845,2025-11-30,MELI,US58733R1023,17808101,-0.00229009447178813,-0.0009466361282130473,-0.00199752733662577,-0.000670767315701257,-0.00199752733662577,,,-0.0006891165735775831,0.0016428938601958324,,,,-0.0014486859597892961,0.003627509643312398,0.002764870154963718,,,,,0.0024510200292651337,,,,,,0.0030029053338678792,-0.0010694309089954003,0.003716710700115162,-0.006386460639634503,0.006297759797417357,,,,,,,0.0038104092891936953,0.0025763562807616463,-0.0035150287241399202,0.0024510200292651337,,-0.0005843282286263527,0.002833991908837811,0.002079994061532338,,0.0012288311799838747,0.004318463861086188,,0.001954477178508835,0.002089579287622349,0.00021692220526586413
846,2025-11-30,MET,US59156R1086,13376801,-0.00229009447178813,-0.0009466361282130473,-0.00199752733662577,-0.000670767315701257,-0.00199752733662577,0.004626925565449486,0.002042516691054278,-0.0006891165735775831,,,,,,,,-0.002561800595559603,,,,,,,,,,,-0.0010694309089954003,,,,,,0.001897233077046233,,0.0019460888644379816,,,,,,,,,,0.0023253266944310244,,-0.002267193527070249,0.009647632030086164,0.001954477178508835,0.002089579287622349,0.00039368788970785967
847,2025-11-30,META,US30303M1027,17061701,-0.00229009447178813,0.001858355350057581,-0.00199752733662577,-0.000670767315701257,,,,,0.0016428938601958324,0.005529740309927436,0.003570383507197242,0.003570383507197242,0.004237744910411679,0.003627509643312398,0.002764870154963718,,,,,,,,,,0.008244340098437268,0.0030029053338678792,,,,0.006297759797417357,,0.0064776957916292816,,,,-0.00196293811867554,,0.0025763562807616463,,,,-0.0005843282286263527,,,,,0.004318463861086188,-0.005272543086209881,,,0.000625303913931131
848,2025-11-30,MFC,CA56501R1064,12404201C,,,-0.00199752733662577,-0.000670767315701257,-0.00199752733662577,,,-0.0006891165735775831,,,,,,,,-0.002561800595559603,,,,,,,,,,-0.003022924702760332,-0.0010694309089954003,,,,0.0032621489598133077,,0.001897233077046233,,,-0.00196293811867554,,,,,,,,0.002079994061532338,0.0023253266944310244,,,,0.001954477178508835,0.002089579287622349,1.1389973617965311e-05
849,2025-11-30,MG,CA5592224011,00694601C,,0.001858355350057581,0.0019800816830307846,0.0019800816830307846,0.0019800816830307846,,,,,,,,-0.0014486859597892961,,,,,,,,-0.002477807133410108,0.002386519502179209,,,,0.0030029053338678792,-0.0010694309089954003,0.003716710700115162,0.0016428938601958324,-0.007313527506678221,0.0032621489598133077,-0.005813316736077561,0.001897233077046233,,-0.0006590678857762351,,,,,0.0024510200292651337,0.00458018894357626,0.00229009447178813,0.002833991908837811,0.002079994061532338,,0.0012288311799838747,,,0.001954477178508835,,0.0007376169817108433
850,2025-11-30,MKC,US5797802064,00714601,-0.00229009447178813,-0.0009466361282130473,,-0.000670767315701257,,,-0.0010352481858768258,,-0.003285787720391665,,,,,,,,,,-0.0030432127880137567,-0.0024643407902937486,,,,,,,,-0.003716710700115162,0.0016428938601958324,,-0.0011141000133023334,-0.005813316736077561,-0.0009627148734905514,,-0.0006590678857762351,,,,,,-0.0023494233441142473,-0.0005843282286263527,0.002833991908837811,-0.0007040973686553567,-0.0007927250094651219,,-0.002267193527070249,-0.005272543086209881,-0.000987883889790958,,-0.0006908437494125039
851,2025-11-30,MKL,US5705351048,01290901,,,0.0019800816830307846,,0.0019800816830307846,,,0.0020152831351735543,,,,,,,,-0.002561800595559603,,,,,,0.002386519502179209,,,,-0.003022924702760332,-0.0010694309089954003,,,,-0.0011141000133023334,,-0.0009627148734905514,,-0.0006590678857762351,,,,,,,,,-0.0007040973686553567,0.0023253266944310244,,-0.002267193527070249,,,,5.500687816835918e-05
852,2025-11-30,MKS,GB0031274896,01886001W,,-0.0009466361282130473,-0.00199752733662577,-0.000670767315701257,-0.00199752733662577,,,,0.0016428938601958324,,,,,,0.002764870154963718,,,,0.003022924702760332,,,,,,,0.0030029053338678792,,0.003716710700115162,0.0016428938601958324,,-0.0011141000133023334,,0.001897233077046233,,-0.0006590678857762351,0.000987883889790958,,,,,,-0.0005843282286263527,,-0.0007040973686553567,0.0023253266944310244,,,,0.001954477178508835,,0.00030926307537296617
853,2025-11-30,ML,FR001400AJ45,10127703W,,-0.0009466361282130473,-0.00199752733662577,-0.000670767315701257,-0.00199752733662577,,-0.0010352481858768258,-0.0006891165735775831,,,0.003570383507197242,0.003570383507197242,-0.0014486859597892961,,,-0.002561800595559603,,,,,-0.002477807133410108,,,,,,-0.0010694309089954003,,0.0016428938601958324,,0.0032621489598133077,,-0.0009627148734905514,,-0.0006590678857762351,,,-0.002591078316651713,-0.0035150287241399202,-0.002437842502226074,-0.0023494233441142473,0.00229009447178813,0.002833991908837811,-0.0007040973686553567,,-0.0024510200292651337,,,,,-0.00039034326327564036
854,2025-11-30,MLM,US5732841060,02973301,0.004359987552058171,,,,,,-0.0010352481858768258,-0.0006891165735775831,,0.005529740309927436,,,,0.003627509643312398,0.002764870154963718,,,,,,,,,,,,-0.0010694309089954003,,0.0016428938601958324,,,,-0.0009627148734905514,0.0058888143560266205,-0.0006590678857762351,,-0.00781790871403534,0.0025763562807616463,,0.0024510200292651337,0.00458018894357626,-0.0005843282286263527,,,-0.0007927250094651219,0.0012288311799838747,-0.002267193527070249,,,,0.0001323617207831557
855,2025-11-30,MMC,US5717481023,00706501,-0.00229009447178813,-0.0009466361282130473,,-0.000670767315701257,,,-0.0010352481858768258,-0.0006891165735775831,,,,,,,,,,,,,,,,,,,-0.0010694309089954003,,,,-0.0011141000133023334,,,,-0.0006590678857762351,-0.00196293811867554,,,,,,,,-0.0007040973686553567,-0.0007927250094651219,,,-0.005272543086209881,,,-0.00041482604686343547
856,2025-11-30,MMM,US88579Y1010,00743501,,,,,,,,,,,,,,,,,0.003435141707682195,,,0.0024510200292651337,,,,,,,,,,,,-0.005813316736077561,-0.0009627148734905514,,-0.0006590678857762351,-0.00196293811867554,0.0038104092891936953,,,0.0024510200292651337,,-0.0005843282286263527,,-0.0007040973686553567,-0.0007927250094651219,0.0012288311799838747,0.004318463861086188,,-0.000987883889790958,0.002089579287622349,0.00023215768814559875
857,2025-11-30,MNDY,IL0011762130,03882201,,,,-0.000670767315701257,,,,,0.0016428938601958324,,,-0.003627509643312398,-0.0014486859597892961,0.003627509643312398,,0.002547408457382302,,,,,-0.002477807133410108,,,,,,,,,,0.0032621489598133077,,,,-0.0006590678857762351,0.000987883889790958,0.0038104092891936953,,,,,0.00229009447178813,-0.0028518157573210676,,,0.0012288311799838747,-0.002267193527070249,,,,-0.00014775630173902127
858,2025-11-30,MNG,GB00BKFB1C65,33375401W,,,,-0.000670767315701257,,,-0.0010352481858768258,-0.0006891165735775831,,,,,,,,-0.002561800595559603,-0.0034613641634660282,,,,,,,,,-0.003022924702760332,-0.0010694309089954003,,,,,,-0.0009627148734905514,,-0.0006590678857762351,-0.00196293811867554,,,,,,,0.002833991908837811,-0.0007040973686553567,-0.0007927250094651219,,,,,0.002089579287622349,-0.0001793612107817783
859,2025-11-30,MO,US02209S1033,00854301,0.004359987552058171,0.001858355350057581,,,,,,,0.0016428938601958324,,,,,0.003627509643312398,0.002764870154963718,0.002547408457382302,,,,-0.0024643407902937486,,,,,,,,-0.003716710700115162,0.0016428938601958324,,-0.0011141000133023334,,-0.0009627148734905514,,-0.0006590678857762351,,,0.0025763562807616463,,0.0024510200292651337,0.00458018894357626,-0.0005843282286263527,,,-0.0007927250094651219,0.0012288311799838747,,,,,0.0002330055242250181
860,2025-11-30,MONC,IT0004965148,31689501W,,-0.0009466361282130473,,-0.000670767315701257,,,-0.0010352481858768258,0.0020152831351735543,0.0016428938601958324,0.005529740309927436,0.003570383507197242,0.003570383507197242,,,,,,,,-0.0024643407902937486,0.004875685004452148,,,,,-0.003022924702760332,0.0034093135745417273,,0.0016428938601958324,,-0.0011141000133023334,,-0.0009627148734905514,,-0.0006590678857762351,,,-0.002591078316651713,,-0.002437842502226074,-0.0023494233441142473,-0.0005843282286263527,,-0.0007040973686553567,,,,,,-0.0021188724552058395,4.469945057034321e-05
861,2025-11-30,MOWI,NO0003054108,21542201W,,-0.0009466361282130473,-0.00199752733662577,-0.000670767315701257,-0.00199752733662577,,-0.0010352481858768258,,,,,,,,,-0.002561800595559603,,,,,,0.002386519502179209,,,,0.0030029053338678792,,,-0.006386460639634503,,-0.0011141000133023334,,,,-0.0006590678857762351,,,0.0025763562807616463,,0.0024510200292651337,0.00458018894357626,-0.0005843282286263527,,0.002079994061532338,-0.0007927250094651219,0.0012288311799838747,,,,,-0.00018371247465802598
862,2025-11-30,MPC,US56585A1025,18698901,0.004359987552058171,0.001858355350057581,0.0019800816830307846,0.0019800816830307846,0.0019800816830307846,,,0.0020152831351735543,,,,,,,,,,0.004402317528291745,,0.0024510200292651337,,-0.002386519502179209,,,-0.008244340098437268,,,,0.0016428938601958324,,,,,,-0.0006590678857762351,0.000987883889790958,,-0.002591078316651713,-0.0035150287241399202,-0.002437842502226074,,-0.0005843282286263527,,-0.0007040973686553567,0.0023253266944310244,-0.0024510200292651337,,,,,0.00018594677982257938
863,2025-11-30,MPL,AU000000MPL3,26723101W,,-0.0009466361282130473,-0.00199752733662577,-0.000670767315701257,-0.00199752733662577,,,-0.0006891165735775831,,,,,,,,,,,,,,,,,,-0.003022924702760332,-0.0010694309089954003,,,,-0.0011141000133023334,,,,-0.0006590678857762351,,,,,,,,-0.0028518157573210676,-0.0007040973686553567,-0.0007927250094651219,,,,-0.000987883889790958,-0.0021188724552058395,-0.0005180707145810759
864,2025-11-30,MPWR,US6098391054,16088801,,,,-0.000670767315701257,,,,-0.0006891165735775831,0.0016428938601958324,0.005529740309927436,,,0.004237744910411679,0.003627509643312398,,,,,,,,0.002386519502179209,,,,,,,,0.006297759797417357,-0.0011141000133023334,0.0064776957916292816,,,0.0019460888644379816,-0.00196293811867554,,,,,,-0.0005843282286263527,0.002833991908837811,-0.0007040973686553567,,,-0.002267193527070249,,-0.000987883889790958,-0.0021188724552058395,0.00012041104132813268
865,2025-11-30,MQG,AU000000MQG1,21285601W,,,,-0.000670767315701257,,,-0.0010352481858768258,-0.0006891165735775831,,,,,,,,,,,,,,-0.002386519502179209,,,,0.0030029053338678792,0.0034093135745417273,,,,-0.0011141000133023334,,-0.0009627148734905514,,-0.0006590678857762351,-0.00196293811867554,,,,,,,-0.0028518157573210676,-0.0007040973686553567,-0.0007927250094651219,,,,-0.000987883889790958,,-0.00016053006389560914
866,2025-11-30,MRK,DE0006599905,22030101W,,-0.0009466361282130473,,-0.000670767315701257,,,-0.0010352481858768258,-0.0006891165735775831,,,0.003570383507197242,0.003570383507197242,-0.0014486859597892961,,,,,,,,,,,,,,-0.0010694309089954003,,,,-0.0011141000133023334,,-0.0009627148734905514,,-0.0006590678857762351,,,,,,,-0.0005843282286263527,,-0.0007040973686553567,-0.0007927250094651219,-0.0024510200292651337,,,,,-0.0002637271132609386
867,2025-11-30,MRK,US58933Y1055,00725701,-0.00229009447178813,-0.0009466361282130473,,-0.000670767315701257,,0.004626925565449486,0.002042516691054278,0.0020152831351735543,0.0016428938601958324,,,,0.004237744910411679,0.003627509643312398,,,,,,,0.004875685004452148,,,,,,0.0034093135745417273,,,,-0.0011141000133023334,,-0.0009627148734905514,,,,,,,,,-0.0005843282286263527,,-0.0007040973686553567,-0.0007927250094651219,,0.004318463861086188,,,,0.0007190205065690227
868,2025-11-30,MRO,GB00BNGDN821,27065401W,,0.001858355350057581,0.0019800816830307846,0.0019800816830307846,0.0019800816830307846,,0.002042516691054278,,,,,,,,,,0.003435141707682195,,,,,-0.002386519502179209,,,,,,,,,,,-0.0009627148734905514,,0.0019460888644379816,0.000987883889790958,,-0.002591078316651713,0.0035150287241399202,-0.002437842502226074,,-0.0005843282286263527,,-0.0007040973686553567,-0.0007927250094651219,-0.0024510200292651337,,,-0.000987883889790958,,0.0001311353665431988
869,2025-11-30,MRU,CA59162N1096,02189401C,,-0.0009466361282130473,,-0.000670767315701257,,,,,,,,,,,,,,,,,,,,,,,,,0.0016428938601958324,,,0.0064776957916292816,,0.0058888143560266205,,0.000987883889790958,0.0038104092891936953,,,,,-0.0005843282286263527,,,,0.0012288311799838747,,,,,0.0002514916736662151
870,2025-11-30,MRVL,US5738741041,13731001,-0.00229009447178813,-0.0009466361282130473,,-0.000670767315701257,-0.00199752733662577,0.004626925565449486,0.002042516691054278,-0.0006891165735775831,-0.003285787720391665,,,,-0.0014486859597892961,-0.00719743976847698,,,0.003435141707682195,-0.004445477504059311,-0.0030432127880137567,-0.0024643407902937486,,,,,,,,,,,-0.0011141000133023334,-0.005813316736077561,,,0.0019460888644379816,0.000987883889790958,-0.00781790871403534,,,,,-0.0005843282286263527,,-0.0007040973686553567,,,,,-0.000987883889790958,,-0.0003596653743435532
871,2025-11-30,MS,US6174464486,01212401,0.004359987552058171,0.001858355350057581,0.0019800816830307846,0.0019800816830307846,0.0019800816830307846,,,0.0020152831351735543,,,,,,,,-0.002561800595559603,,,,,,-0.002386519502179209,,,,-0.003022924702760332,-0.0010694309089954003,,,,-0.0011141000133023334,,,,,0.000987883889790958,,,,,,,-0.0028518157573210676,-0.0007040973686553567,,,,,-0.000987883889790958,,0.0001570739094476498
872,2025-11-30,MSCI,US55354G1004,17850701,-0.00229009447178813,-0.0009466361282130473,,-0.000670767315701257,,-0.0047233198480630175,-0.0010352481858768258,-0.0006891165735775831,,,,,,,,,,,,,,,,,,,-0.0010694309089954003,,,,-0.0011141000133023334,,-0.0009627148734905514,,-0.0006590678857762351,0.000987883889790958,,,,,,,,-0.0007040973686553567,-0.0007927250094651219,,,-0.005272543086209881,-0.000987883889790958,,-0.0005921322832308991
873,2025-11-30,MSFT,US5949181045,01214101,,,,,,,,,0.0016428938601958324,0.005529740309927436,0.003570383507197242,0.003570383507197242,0.004237744910411679,0.003627509643312398,,,,,,,0.004875685004452148,,,,,,,,,0.006297759797417357,,0.0064776957916292816,-0.0009627148734905514,,-0.0006590678857762351,,,,,,,-0.0005843282286263527,,,,,,,-0.000987883889790958,,0.0004000267043571414
874,2025-11-30,MSI,US6200763075,00758501,,,,,,,-0.0010352481858768258,-0.0006891165735775831,0.0016428938601958324,,,,0.004237744910411679,0.003627509643312398,,,-0.0034613641634660282,,,0.0024510200292651337,,-0.002386519502179209,,,,,,,,,,,-0.0009627148734905514,,0.0019460888644379816,,-0.00781790871403534,,,,-0.0023494233441142473,-0.0005843282286263527,0.002833991908837811,-0.0007040973686553567,,,0.004318463861086188,,,0.002089579287622349,0.000249354809086855
875,2025-11-30,MSTR,US5949724083,11153401,0.004359987552058171,0.001858355350057581,0.0019800816830307846,0.0019800816830307846,0.0019800816830307846,,,0.0020152831351735543,-0.003285787720391665,-0.005598008708815429,,,-0.0014486859597892961,-0.00719743976847698,-0.0027818325485524523,0.002547408457382302,-0.0034613641634660282,-0.004445477504059311,-0.0030432127880137567,-0.0024643407902937486,-0.002477807133410108,,,,,,,,,-0.007313527506678221,-0.0011141000133023334,-0.005813316736077561,-0.0009627148734905514,-0.005529740309927436,0.0019460888644379816,-0.00196293811867554,-0.00781790871403534,,,,0.00458018894357626,-0.0005843282286263527,-0.0028518157573210676,-0.0007040973686553567,,,-0.002267193527070249,,-0.000987883889790958,-0.0021188724552058395,-0.0004011147282476752
876,2025-11-30,MT,LU1598757687,06524801W,,,-0.00199752733662577,-0.000670767315701257,-0.00199752733662577,,0.002042516691054278,-0.0006891165735775831,-0.003285787720391665,-0.005598008708815429,0.003570383507197242,0.003570383507197242,-0.0014486859597892961,,-0.0027818325485524523,,,,,,-0.002477807133410108,,,,,-0.003022924702760332,-0.0010694309089954003,,0.0016428938601958324,,,,-0.0009627148734905514,,,,,-0.002591078316651713,,-0.002437842502226074,-0.0023494233441142473,-0.0005843282286263527,,-0.0007040973686553567,-0.0007927250094651219,-0.0024510200292651337,,,-0.000987883889790958,,-0.0005137869372660652
877,2025-11-30,MTB,US55261F1049,00469901,,-0.0009466361282130473,,-0.000670767315701257,,,,,,,,,,,,,-0.0034613641634660282,,,,,,,,,,-0.0010694309089954003,,,,,,-0.0009627148734905514,,,,,,,,,,,,,,-0.002267193527070249,,,,-0.00021470758583668034
878,2025-11-30,MTD,US5926881054,06577201,-0.00229009447178813,,,-0.000670767315701257,,-0.0047233198480630175,-0.0010352481858768258,-0.0006891165735775831,0.0016428938601958324,,,,0.004237744910411679,0.003627509643312398,0.002764870154963718,,,0.004402317528291745,0.003022924702760332,-0.0024643407902937486,,,,,,,-0.0010694309089954003,,,,-0.0011141000133023334,,-0.0009627148734905514,0.0058888143560266205,-0.0006590678857762351,,,,,-0.002437842502226074,,-0.0005843282286263527,,-0.0007040973686553567,-0.0007927250094651219,,-0.002267193527070249,,,,-0.00018621585004975302
879,2025-11-30,MTX,DE000A0D9PT0,27309901W,,0.001858355350057581,0.0019800816830307846,0.0019800816830307846,0.0019800816830307846,,,-0.0006891165735775831,,,,,,,,,0.003435141707682195,,,,,0.002386519502179209,,,,,,,,,,,0.001897233077046233,,0.0019460888644379816,0.000987883889790958,,,-0.0035150287241399202,,,-0.0005843282286263527,,-0.0007040973686553567,,,,,-0.000987883889790958,,0.00017526986467992153
880,2025-11-30,MU,US5951121038,00734301,0.004359987552058171,0.001858355350057581,0.0019800816830307846,0.0019800816830307846,0.0019800816830307846,0.004626925565449486,0.002042516691054278,,0.0016428938601958324,0.005529740309927436,0.003570383507197242,,,,-0.0027818325485524523,,0.003435141707682195,,,,0.004875685004452148,0.002386519502179209,,,,,,,,,-0.0011141000133023334,,0.001897233077046233,,0.0019460888644379816,,0.0038104092891936953,0.0025763562807616463,,,-0.0023494233441142473,-0.0005843282286263527,-0.0028518157573210676,0.002079994061532338,,0.0012288311799838747,0.004318463861086188,,-0.000987883889790958,,0.000980751085706161
881,2025-11-30,MUV2,DE0008430026,01567701W,,-0.0009466361282130473,,0.0019800816830307846,,,,-0.0006891165735775831,,,,,,,,,,,,,,,,,,,-0.0010694309089954003,,,,-0.0011141000133023334,,,,-0.0006590678857762351,,,,,,,,,-0.0007040973686553567,-0.0007927250094651219,,,,-0.000987883889790958,,-0.0001320762119330756
882,2025-11-30,MZTF,IL0006954379,22276501W,,,,,,,,,,,,,,,,0.002547408457382302,,,,,,,,,,0.0030029053338678792,0.0034093135745417273,,,,,,,,-0.0006590678857762351,,,,,,,,,,-0.0007927250094651219,,,,,,0.00014228779456194768
883,2025-11-30,NA,CA6330671034,01562001C,,-0.0009466361282130473,,-0.000670767315701257,,,,-0.0006891165735775831,,,,,,,,,,,,,,,,,,,-0.0010694309089954003,,,,,,-0.0009627148734905514,,-0.0006590678857762351,,,,,,,,,,0.0023253266944310244,,,,,,-7.848548974713069e-05
884,2025-11-30,NAB,AU000000NAB4,01480201W,,,,-0.000670767315701257,,,-0.0010352481858768258,-0.0006891165735775831,,,,,,,,0.002547408457382302,,,,,,,,,,0.0030029053338678792,0.0034093135745417273,,,,,,-0.0009627148734905514,,-0.0006590678857762351,,,,,,,,,,-0.0007927250094651219,,,,,,3.9112216353057995e-05
885,2025-11-30,NBIX,US64125C1099,06292101,-0.00229009447178813,,,-0.000670767315701257,,0.004626925565449486,0.002042516691054278,,0.0016428938601958324,,,,,0.003627509643312398,0.002764870154963718,,,,,,,-0.002386519502179209,,,,-0.003022924702760332,-0.0010694309089954003,,,,0.0032621489598133077,,,,-0.0006590678857762351,,,,,,,0.00229009447178813,0.002833991908837811,,,0.0012288311799838747,,,,-0.0021188724552058395,0.00010758679690505851
886,2025-11-30,NDA SE,FI4000297767,21488101W,,,,,,,0.002042516691054278,-0.0006891165735775831,,,,,,,,0.002547408457382302,-0.0034613641634660282,,,,,,,,,0.0030029053338678792,0.0034093135745417273,,,,,,-0.0009627148734905514,,-0.0006590678857762351,0.000987883889790958,,,,,,,,,-0.0007927250094651219,,,,,0.002089579287622349,0.00022570042735032262
887,2025-11-30,NDAQ,US6311031081,14933701,,,,-0.000670767315701257,,,,-0.0006891165735775831,,,,,,,,,,,,,,0.002386519502179209,,,,,-0.0010694309089954003,,,,-0.0011141000133023334,,,,,,,,,,,,,,-0.0007927250094651219,,,,,-0.0021188724552058395,-0.00014241665503852326
888,2025-11-30,NDSN,US6556631025,00792101,,,,,,0.004626925565449486,,-0.0006891165735775831,,,,,,,,,,,-0.0030432127880137567,-0.0024643407902937486,,,,,,,,,,,,-0.005813316736077561,-0.0009627148734905514,,-0.0006590678857762351,-0.00196293811867554,0.0038104092891936953,,,,,-0.0005843282286263527,,-0.0007040973686553567,-0.0007927250094651219,,-0.002267193527070249,,,,-0.00014292689538067627
889,2025-11-30,NEE,US65339F1012,00451701,,,,,,,,,,,,,,,,,,-0.004445477504059311,-0.0030432127880137567,-0.0024643407902937486,,,-0.008244340098437268,-0.009647632030086164,,,,,,,,,-0.0009627148734905514,,,,,,,,,,,,-0.0007927250094651219,,,,,,-0.0004216298152048697
890,2025-11-30,NEM,DE0006452907,22862301W,,-0.0009466361282130473,,,,,,-0.0006891165735775831,0.0016428938601958324,,,,-0.0014486859597892961,,0.002764870154963718,,,,,,,,,,,,,,,,-0.0011141000133023334,,,,-0.0006590678857762351,-0.00196293811867554,,,,,,-0.0005843282286263527,,,,0.0012288311799838747,,,,,-0.0001262466317934939
891,2025-11-30,NEM,US6516391066,00788101,0.004359987552058171,0.001858355350057581,0.0019800816830307846,0.0019800816830307846,0.0019800816830307846,,0.002042516691054278,0.0020152831351735543,0.0016428938601958324,0.005529740309927436,0.003570383507197242,0.003570383507197242,0.004237744910411679,0.003627509643312398,0.002764870154963718,0.002547408457382302,0.003435141707682195,,,,0.004875685004452148,,,,0.008244340098437268,0.0030029053338678792,0.0034093135745417273,-0.003716710700115162,0.0016428938601958324,,,,0.001897233077046233,,0.0019460888644379816,0.000987883889790958,,0.0025763562807616463,0.0035150287241399202,0.0024510200292651337,-0.0023494233441142473,0.00229009447178813,-0.0028518157573210676,0.002079994061532338,,0.0012288311799838747,,,0.001954477178508835,,0.0015284473220341804
892,2025-11-30,NESN,CH0038863350,01660301W,,-0.0009466361282130473,,,,,-0.0010352481858768258,,0.0016428938601958324,,,,,,,,,,,,,-0.002386519502179209,,,,,,,0.0016428938601958324,,-0.0011141000133023334,,-0.0009627148734905514,,-0.0006590678857762351,,,-0.002591078316651713,,,-0.0023494233441142473,-0.0005843282286263527,0.002833991908837811,-0.0007040973686553567,-0.0007927250094651219,,,,-0.000987883889790958,0.002089579287622349,-9.674043226038032e-05
893,2025-11-30,NESTE,FI0009013296,27274601W,,0.001858355350057581,-0.00199752733662577,-0.000670767315701257,-0.00199752733662577,,-0.0010352481858768258,-0.0006891165735775831,,,,,,,,-0.002561800595559603,,0.004402317528291745,,0.0024510200292651337,,-0.002386519502179209,0.008244340098437268,0.009647632030086164,,,,0.003716710700115162,0.0016428938601958324,,,,,,-0.0006590678857762351,,,0.0025763562807616463,-0.0035150287241399202,0.0024510200292651337,,0.00229009447178813,-0.0028518157573210676,0.002079994061532338,-0.0007927250094651219,0.0012288311799838747,,,,,0.0004150592280284716
894,2025-11-30,NET,US18915M1071,03560401,-0.00229009447178813,,,-0.000670767315701257,,-0.0047233198480630175,-0.0010352481858768258,-0.0006891165735775831,,,,-0.003627509643312398,-0.0014486859597892961,,,,,,,,-0.002477807133410108,,,,,,,,,,-0.0011141000133023334,-0.005813316736077561,-0.0009627148734905514,,-0.0006590678857762351,0.000987883889790958,0.0038104092891936953,,,,,-0.0005843282286263527,-0.0028518157573210676,-0.0007040973686553567,,,-0.002267193527070249,,-0.000987883889790958,0.002089579287622349,-0.0006156332094314543
895,2025-11-30,NEXI,IT0005366767,33161401W,,-0.0009466361282130473,,,-0.00199752733662577,,0.002042516691054278,-0.0006891165735775831,,,,,,,,,,,,,,0.002386519502179209,,,,0.0030029053338678792,-0.0010694309089954003,,,,0.0032621489598133077,,0.001897233077046233,,0.0019460888644379816,0.000987883889790958,,,,,,,,,0.0023253266944310244,,,,,-0.0021188724552058395,7.488532762734385e-05
896,2025-11-30,NFLX,US64110L1061,14757901,,,,-0.000670767315701257,-0.00199752733662577,,,-0.0006891165735775831,0.0016428938601958324,,,,0.004237744910411679,0.003627509643312398,,,,0.004402317528291745,,,,,,,,,,-0.003716710700115162,,0.006297759797417357,,0.0064776957916292816,,,-0.0006590678857762351,0.000987883889790958,,,0.0035150287241399202,,,-0.0005843282286263527,0.002833991908837811,,,,,-0.005272543086209881,-0.000987883889790958,,-3.084416555950988e-06
897,2025-11-30,NG.,GB00BDR05C01,21181901W,,-0.0009466361282130473,,,,,,-0.0006891165735775831,,,,,,,,,,,,-0.0024643407902937486,,,0.008244340098437268,0.009647632030086164,0.008244340098437268,,,,,,,,-0.0009627148734905514,,,,,,,,,,,,-0.0007927250094651219,,,,,,0.0003335654789431992
898,2025-11-30,NHY,NO0005052605,01238301W,,-0.0009466361282130473,,-0.000670767315701257,,,0.002042516691054278,-0.0006891165735775831,0.0016428938601958324,,0.003570383507197242,0.003570383507197242,-0.0014486859597892961,,,,0.003435141707682195,,,,,,,,,,-0.0010694309089954003,,0.0016428938601958324,,,,0.001897233077046233,,0.0019460888644379816,,,0.0025763562807616463,,0.0024510200292651337,-0.0023494233441142473,-0.0005843282286263527,,0.002079994061532338,0.0023253266944310244,0.0012288311799838747,,,0.001954477178508835,,0.00040205773320875867
899,2025-11-30,NI,US65473P1057,00797401,0.004359987552058171,0.001858355350057581,,,,,,-0.0006891165735775831,,,,,,,,,,,,,,,-0.008244340098437268,-0.009647632030086164,-0.008244340098437268,,,,,,,,0.001897233077046233,,,-0.00196293811867554,,,,,,,,,-0.0007927250094651219,,0.004318463861086188,-0.005272543086209881,,,-0.00032847509495876443
900,2025-11-30,NIBE B,SE0015988019,23424601W,,0.001858355350057581,-0.00199752733662577,-0.000670767315701257,,,0.002042516691054278,0.0020152831351735543,,,,,,,,,,,,,,0.002386519502179209,,,,,,,,,,,-0.0009627148734905514,,0.0019460888644379816,-0.00196293811867554,,0.0025763562807616463,0.0035150287241399202,0.0024510200292651337,,-0.0005843282286263527,,0.002079994061532338,-0.0007927250094651219,0.0012288311799838747,,,,,0.00034959121614860494
901,2025-11-30,NICE,IL0002730112,06190201W,,0.001858355350057581,0.0019800816830307846,0.0019800816830307846,0.0019800816830307846,,0.002042516691054278,-0.0006891165735775831,,,-0.003627509643312398,,-0.0014486859597892961,,,,,,,,,,,,,,,,,,0.0032621489598133077,,0.001897233077046233,,0.0019460888644379816,0.000987883889790958,,0.0025763562807616463,,0.0024510200292651337,,0.00229009447178813,,0.002079994061532338,,0.0012288311799838747,,,0.001954477178508835,-0.0021188724552058395,0.00047144962196959993
902,2025-11-30,NKE,US6541061031,00790601,-0.00229009447178813,,,-0.000670767315701257,,,,0.0020152831351735543,,,,,-0.0014486859597892961,,,,,,,,-0.002477807133410108,,,,,,-0.0010694309089954003,,-0.006386460639634503,,-0.0011141000133023334,-0.005813316736077561,-0.0009627148734905514,,-0.0006590678857762351,,-0.00781790871403534,-0.002591078316651713,-0.0035150287241399202,-0.002437842502226074,-0.0023494233441142473,-0.0005843282286263527,,-0.0007040973686553567,,-0.0024510200292651337,,,-0.000987883889790958,,-0.0008855819019243243
903,2025-11-30,NLY,US0357108390,06555601,,-0.0009466361282130473,,-0.000670767315701257,,-0.0047233198480630175,-0.0010352481858768258,-0.0006891165735775831,,,,,,,,,,,,,,,,,,,-0.0010694309089954003,,,,-0.0011141000133023334,,0.001897233077046233,,0.0019460888644379816,0.000987883889790958,,,,,,,-0.0028518157573210676,-0.0007040973686553567,0.0023253266944310244,,-0.002267193527070249,-0.005272543086209881,-0.000987883889790958,,-0.0005633030540049845
904,2025-11-30,NN,NL0010773842,26084001W,,0.001858355350057581,-0.00199752733662577,-0.000670767315701257,-0.00199752733662577,,-0.0010352481858768258,-0.0006891165735775831,,,,,,,,,0.003435141707682195,,,,,,,,,,-0.0010694309089954003,,,,0.0032621489598133077,,0.001897233077046233,,-0.0006590678857762351,,,,,,,,,0.002079994061532338,-0.0007927250094651219,,,,-0.000987883889790958,,-0.00016017441428458826
905,2025-11-30,NOC,US6668071029,00798501,0.004359987552058171,,,,,-0.0047233198480630175,-0.0010352481858768258,,,,,,,,,,,,,,,,,,,,,,,-0.007313527506678221,,,-0.0009627148734905514,-0.005529740309927436,0.0019460888644379816,,,-0.002591078316651713,0.0035150287241399202,-0.002437842502226074,,-0.0005843282286263527,,-0.0007040973686553567,,-0.0024510200292651337,0.004318463861086188,,-0.000987883889790958,,-0.000152058541048896
906,2025-11-30,NOKIA,FI0009000681,02367102W,,-0.0009466361282130473,-0.00199752733662577,-0.000670767315701257,,,-0.0010352481858768258,0.0020152831351735543,-0.003285787720391665,-0.005598008708815429,0.003570383507197242,0.003570383507197242,-0.0014486859597892961,,-0.0027818325485524523,,,,,,-0.002477807133410108,,,,,,,,,,,,0.001897233077046233,,-0.0006590678857762351,,,-0.002591078316651713,,-0.002437842502226074,-0.0023494233441142473,-0.0005843282286263527,,-0.0007040973686553567,,-0.0024510200292651337,,,-0.000987883889790958,,-0.0003926854918627514
907,2025-11-30,NOVN,CH0012005267,10131001W,,,,,,,,0.0020152831351735543,0.0016428938601958324,,0.003570383507197242,0.003570383507197242,0.004237744910411679,,0.002764870154963718,0.002547408457382302,,,,,0.004875685004452148,,,,,,-0.0010694309089954003,,,,0.0032621489598133077,,,,,0.000987883889790958,,,,0.0024510200292651337,,0.00229009447178813,0.002833991908837811,0.002079994061532338,-0.0007927250094651219,0.0012288311799838747,,,0.001954477178508835,,0.0007645944624790452
908,2025-11-30,NOVO B,DK0062498333,00802002W,,-0.0009466361282130473,-0.00199752733662577,-0.000670767315701257,-0.00199752733662577,,,,0.0016428938601958324,,-0.003627509643312398,-0.003627509643312398,0.004237744910411679,,0.002764870154963718,0.002547408457382302,,,0.003022924702760332,0.0024510200292651337,0.004875685004452148,-0.002386519502179209,,,,-0.003022924702760332,0.0034093135745417273,-0.003716710700115162,,,0.0032621489598133077,,,,0.0019460888644379816,-0.00196293811867554,,,,0.0024510200292651337,,-0.0005843282286263527,,-0.0007040973686553567,0.0023253266944310244,-0.0024510200292651337,,,,,-1.3016272460659778e-05
909,2025-11-30,NOW,US81762P1021,17100701,,,,-0.000670767315701257,,,,,0.0016428938601958324,,0.003570383507197242,0.003570383507197242,-0.0014486859597892961,0.003627509643312398,0.002764870154963718,0.002547408457382302,0.003435141707682195,,,,,,,,,,,,,0.006297759797417357,-0.0011141000133023334,0.0064776957916292816,,,-0.0006590678857762351,,0.0038104092891936953,,,,,-0.0005843282286263527,,-0.0007040973686553567,,,,,,,0.00015643415462465393
910,2025-11-30,NRG,US6293775085,13599003,,-0.0009466361282130473,,,,0.004626925565449486,0.002042516691054278,-0.0006891165735775831,,,,,,,0.002764870154963718,,,0.004402317528291745,0.003022924702760332,0.0024510200292651337,,,,,,,,,,,,,0.001897233077046233,,,0.000987883889790958,,,-0.0035150287241399202,,,,,,0.0023253266944310244,,0.004318463861086188,,,0.002089579287622349,0.0005590266139178054
911,2025-11-30,NSC,US6558441084,00792301,-0.00229009447178813,-0.0009466361282130473,,-0.000670767315701257,,,-0.0010352481858768258,-0.0006891165735775831,,,,,,,,,,,-0.0030432127880137567,-0.0024643407902937486,,,,,,,,,,,,,-0.0009627148734905514,0.0058888143560266205,,,,,,0.0024510200292651337,,-0.0005843282286263527,,-0.0007040973686553567,-0.0007927250094651219,0.0012288311799838747,,,-0.000987883889790958,,-0.00018762437132489158
912,2025-11-30,NSIS B,DK0060336014,24133601W,,-0.0009466361282130473,-0.00199752733662577,-0.000670767315701257,-0.00199752733662577,,-0.0010352481858768258,-0.0006891165735775831,-0.003285787720391665,,,,-0.0014486859597892961,,0.002764870154963718,-0.002561800595559603,-0.0034613641634660282,,,,,,,,,-0.003022924702760332,0.0034093135745417273,,0.0016428938601958324,,,,0.001897233077046233,,,-0.00196293811867554,,,0.0035150287241399202,,,-0.0005843282286263527,,-0.0007040973686553567,,,,,,,-0.00023144454295487738
913,2025-11-30,NST,AU000000NST8,25962501W,,0.001858355350057581,0.0019800816830307846,0.0019800816830307846,0.0019800816830307846,,,0.0020152831351735543,0.0016428938601958324,0.005529740309927436,0.003570383507197242,0.003570383507197242,-0.0014486859597892961,,,,,,,,,0.002386519502179209,,,,,-0.0010694309089954003,,-0.006386460639634503,,,,,,,,,0.0025763562807616463,0.0035150287241399202,,-0.0023494233441142473,-0.0005843282286263527,,,,,,,-0.000987883889790958,,0.00011088802792462126
914,2025-11-30,NTAP,US64110D1046,06159101,-0.00229009447178813,,,-0.000670767315701257,,,-0.0010352481858768258,-0.0006891165735775831,0.0016428938601958324,,,,,0.003627509643312398,,0.002547408457382302,,,0.003022924702760332,0.0024510200292651337,,,,,,,,,,-0.007313527506678221,0.0032621489598133077,-0.005813316736077561,,-0.005529740309927436,,,,,,,,0.00229009447178813,0.002833991908837811,0.002079994061532338,,0.0012288311799838747,-0.002267193527070249,,0.001954477178508835,0.002089579287622349,6.803697273891018e-05
915,2025-11-30,NTGY,ES0116870314,22058601W,,-0.0009466361282130473,,,,,-0.0010352481858768258,0.0020152831351735543,,,,,,,0.002764870154963718,,0.003435141707682195,0.004402317528291745,0.003022924702760332,0.0024510200292651337,,,0.008244340098437268,0.009647632030086164,0.008244340098437268,,,,,,,,0.001897233077046233,,,0.000987883889790958,,,,,,,,,0.0023253266944310244,,,,,,0.000711363186798132
916,2025-11-30,NTNX,US67059N1081,02674601,-0.00229009447178813,,-0.00199752733662577,-0.000670767315701257,,-0.0047233198480630175,-0.0010352481858768258,,0.0016428938601958324,,,,-0.0014486859597892961,0.003627509643312398,0.002764870154963718,0.002547408457382302,0.003435141707682195,0.004402317528291745,0.003022924702760332,-0.0024643407902937486,-0.002477807133410108,,,,,,,,,0.006297759797417357,0.0032621489598133077,,,0.0058888143560266205,0.0019460888644379816,0.000987883889790958,0.0038104092891936953,0.0025763562807616463,,0.0024510200292651337,,0.00229009447178813,0.002833991908837811,,,0.0012288311799838747,-0.002267193527070249,,,,2.8421896856029594e-06
917,2025-11-30,NTR,CA67077M1086,01658201C,,,0.0019800816830307846,0.0019800816830307846,0.0019800816830307846,,,0.0020152831351735543,,,,,-0.0014486859597892961,,,,,,,,,-0.002386519502179209,-0.008244340098437268,,-0.008244340098437268,,-0.0010694309089954003,,0.0016428938601958324,,,,-0.0009627148734905514,-0.005529740309927436,,-0.00196293811867554,,-0.002591078316651713,,,,-0.0005843282286263527,,-0.0007040973686553567,-0.0007927250094651219,-0.0024510200292651337,,,,,-0.00032186899119125576
918,2025-11-30,NTRA,US6323071042,02417601,,,0.0019800816830307846,,0.0019800816830307846,,,-0.0006891165735775831,,,-0.003627509643312398,-0.003627509643312398,-0.0014486859597892961,,,,,0.004402317528291745,0.003022924702760332,,-0.002477807133410108,,,,,0.0030029053338678792,-0.0010694309089954003,0.003716710700115162,,,0.0032621489598133077,,,0.0058888143560266205,-0.0006590678857762351,0.000987883889790958,,,,0.0024510200292651337,,0.00229009447178813,-0.0028518157573210676,-0.0007040973686553567,-0.0007927250094651219,,,,-0.000987883889790958,-0.0021188724552058395,9.273478369015792e-05
919,2025-11-30,NTRS,US6658591044,00798201,,,,-0.000670767315701257,,,,-0.0006891165735775831,,,,,,,,,,,,,,,,,,0.0030029053338678792,-0.0010694309089954003,,,,,,,,-0.0006590678857762351,0.000987883889790958,,,,,,,0.002833991908837811,-0.0007040973686553567,0.0023253266944310244,,-0.002267193527070249,0.009647632030086164,-0.000987883889790958,,0.00019617524800121246
920,2025-11-30,NUE,US6703461052,00803001,-0.00229009447178813,,,-0.000670767315701257,,,0.002042516691054278,0.0020152831351735543,,,,,-0.0014486859597892961,,-0.0027818325485524523,,0.003435141707682195,,,,-0.002477807133410108,-0.002386519502179209,0.008244340098437268,,,,-0.0010694309089954003,,-0.006386460639634503,,,-0.005813316736077561,-0.0009627148734905514,,-0.0006590678857762351,-0.00196293811867554,0.0038104092891936953,-0.002591078316651713,-0.0035150287241399202,-0.002437842502226074,-0.0023494233441142473,-0.0005843282286263527,,-0.0007040973686553567,-0.0007927250094651219,-0.0024510200292651337,,,-0.000987883889790958,,-0.0005798508689096226
921,2025-11-30,NVDA,US67066G1040,11776801,,0.001858355350057581,,,,,0.002042516691054278,-0.0006891165735775831,0.0016428938601958324,0.005529740309927436,0.003570383507197242,0.003570383507197242,0.004237744910411679,0.003627509643312398,0.002764870154963718,,,0.004402317528291745,0.003022924702760332,,0.004875685004452148,-0.002386519502179209,,,,,,,,0.006297759797417357,,0.0064776957916292816,,,,0.000987883889790958,0.0038104092891936953,0.0025763562807616463,,0.0024510200292651337,0.00458018894357626,-0.0005843282286263527,0.002833991908837811,,,0.0012288311799838747,0.004318463861086188,,-0.000987883889790958,-0.0021188724552058395,0.000991605269991846
922,2025-11-30,NVMI,IL0010845571,13390501W,,,,,,,,,0.0016428938601958324,,,,,,0.002764870154963718,-0.002561800595559603,,,,,,0.002386519502179209,,,,,,,,,-0.0011141000133023334,,,,,,,0.0025763562807616463,,0.0024510200292651337,0.00458018894357626,-0.0005843282286263527,,0.002079994061532338,,0.0012288311799838747,,,,-0.0021188724552058395,0.00019190086239784563
923,2025-11-30,NVR,US62944T1051,01245901,-0.00229009447178813,-0.0009466361282130473,,-0.000670767315701257,,-0.0047233198480630175,-0.0010352481858768258,-0.0006891165735775831,0.0016428938601958324,,0.003570383507197242,0.003570383507197242,0.004237744910411679,,,-0.002561800595559603,,,,,,0.002386519502179209,,,,-0.003022924702760332,-0.0010694309089954003,-0.003716710700115162,0.0016428938601958324,-0.007313527506678221,-0.0011141000133023334,,,-0.005529740309927436,-0.0006590678857762351,,,-0.002591078316651713,,-0.002437842502226074,,-0.0005843282286263527,,-0.0007040973686553567,,,,,0.001954477178508835,-0.0021188724552058395,-0.00032209891384733975
924,2025-11-30,NWG,GB00BM8PJY71,01563402W,,0.001858355350057581,,0.0019800816830307846,,,0.002042516691054278,0.0020152831351735543,,,,,,,,0.002547408457382302,0.003435141707682195,,,,,,,,,,0.0034093135745417273,,,,,,,,0.0019460888644379816,0.000987883889790958,,,,,,,,,,,,,,,0.00045174260195639157
925,2025-11-30,NWSA,US65249B1098,01804301,,,,,0.0019800816830307846,,,-0.0006891165735775831,-0.003285787720391665,,,,-0.0014486859597892961,-0.00719743976847698,,,,,,,,,,,,,,-0.003716710700115162,,,-0.0011141000133023334,,,,,-0.00196293811867554,,,,,,-0.0005843282286263527,,,,,,0.009647632030086164,,,3.5741141469386385e-05
926,2025-11-30,NXPI,NL0009538784,18472501,-0.00229009447178813,-0.0009466361282130473,,-0.000670767315701257,-0.00199752733662577,,,-0.0006891165735775831,-0.003285787720391665,,,,,,,,-0.0034613641634660282,,,,,-0.002386519502179209,,,,,,,,,-0.0011141000133023334,,-0.0009627148734905514,,-0.0006590678857762351,-0.00196293811867554,,-0.002591078316651713,,-0.002437842502226074,-0.0023494233441142473,-0.0005843282286263527,-0.0028518157573210676,-0.0007040973686553567,,-0.0024510200292651337,,,-0.000987883889790958,,-0.0006440789866651279
927,2025-11-30,NXT,GB0032089863,10014901W,,0.001858355350057581,,,,,,-0.0006891165735775831,0.0016428938601958324,0.005529740309927436,,,0.004237744910411679,,0.002764870154963718,-0.002561800595559603,,,,,,,,,,-0.003022924702760332,-0.0010694309089954003,,0.0016428938601958324,,,,,,-0.0006590678857762351,,,0.0025763562807616463,,0.0024510200292651337,,-0.0005843282286263527,0.002833991908837811,0.002079994061532338,,0.0012288311799838747,,,0.001954477178508835,,0.0005441926298146829
928,2025-11-30,O,US7561091049,03082201,,,,,,,,,,,,,,-0.00719743976847698,,,,,,,,,,,,,,0.003716710700115162,,,,,,,,0.000987883889790958,,,,,-0.0023494233441142473,-0.0005843282286263527,,-0.0007040973686553567,,,,,-0.000987883889790958,,1.3470582317353086e-06
929,2025-11-30,O39,SG1S04926220,01575301W,,-0.0009466361282130473,-0.00199752733662577,-0.000670767315701257,,,-0.0010352481858768258,-0.0006891165735775831,,,,,,,,0.002547408457382302,,,,,,,,,,0.0030029053338678792,0.0034093135745417273,,,,,,-0.0009627148734905514,,-0.0006590678857762351,0.000987883889790958,,,,,,,,,-0.0007927250094651219,,,,,,-3.011685920859503e-05
930,2025-11-30,ODFL,US6795801009,02461701,-0.00229009447178813,-0.0009466361282130473,,-0.000670767315701257,,,,-0.0006891165735775831,,,,,,,,,,,,,,,,,,,,,,,,,-0.0009627148734905514,,-0.0006590678857762351,-0.00196293811867554,,-0.002591078316651713,-0.0035150287241399202,-0.002437842502226074,,-0.0005843282286263527,,-0.0007040973686553567,-0.0007927250094651219,-0.0024510200292651337,-0.002267193527070249,,-0.000987883889790958,-0.0021188724552058395,-0.000618307336892571
931,2025-11-30,OKE,US6826801036,00815101,,-0.0009466361282130473,,-0.000670767315701257,,,-0.0010352481858768258,-0.0006891165735775831,,,,,,,,,,,,,,0.002386519502179209,-0.008244340098437268,-0.009647632030086164,-0.008244340098437268,,,-0.003716710700115162,-0.006386460639634503,,,,,,,-0.00196293811867554,,,,,,-0.0005843282286263527,0.002833991908837811,0.002079994061532338,-0.0007927250094651219,0.0012288311799838747,-0.002267193527070249,-0.005272543086209881,-0.000987883889790958,,-0.0011622523866763415
932,2025-11-30,OKTA,US6792951054,03073601,,-0.0009466361282130473,,-0.000670767315701257,,,,,,,0.003570383507197242,,-0.0014486859597892961,,0.002764870154963718,0.002547408457382302,0.003435141707682195,-0.004445477504059311,-0.0030432127880137567,-0.0024643407902937486,-0.002477807133410108,,,,,,,,,0.006297759797417357,0.0032621489598133077,,,0.0058888143560266205,0.0019460888644379816,0.000987883889790958,0.0038104092891936953,,,,,0.00229009447178813,0.002833991908837811,0.002079994061532338,,0.0012288311799838747,-0.002267193527070249,,0.001954477178508835,-0.0021188724552058395,0.00013747900286392397
933,2025-11-30,OMC,US6819191064,00406601,,,,,,0.004626925565449486,0.002042516691054278,,,-0.005598008708815429,,,-0.0014486859597892961,,,0.002547408457382302,,,,,,,,,,,,,,-0.007313527506678221,,,,,-0.0006590678857762351,,,,,,,0.00229009447178813,0.002833991908837811,,,,-0.002267193527070249,0.009647632030086164,0.001954477178508835,,0.00047017861135195655
934,2025-11-30,OMV,AT0000743059,10279802W,,,,-0.000670767315701257,,,,-0.0006891165735775831,,,,,,,,-0.002561800595559603,,,,,,0.002386519502179209,0.008244340098437268,0.009647632030086164,,-0.003022924702760332,,0.003716710700115162,0.0016428938601958324,,,,,,-0.0006590678857762351,-0.00196293811867554,,,0.0035150287241399202,,,-0.0005843282286263527,,-0.0007040973686553567,-0.0007927250094651219,-0.0024510200292651337,,,,,0.0002963031591333547
935,2025-11-30,ON,US6821891057,13493201,-0.00229009447178813,-0.0009466361282130473,-0.00199752733662577,-0.000670767315701257,-0.00199752733662577,-0.0047233198480630175,-0.0010352481858768258,-0.0006891165735775831,,0.005529740309927436,,,-0.0014486859597892961,,,-0.002561800595559603,-0.0034613641634660282,,,,,-0.002386519502179209,,,,,,,,-0.007313527506678221,-0.0011141000133023334,-0.005813316736077561,-0.0009627148734905514,,-0.0006590678857762351,-0.00196293811867554,,-0.002591078316651713,,,0.00458018894357626,-0.0005843282286263527,,-0.0007040973686553567,,0.0012288311799838747,-0.002267193527070249,,0.001954477178508835,,-0.0005859602926621718
936,2025-11-30,OR,FR0000120321,10058103W,,,,-0.000670767315701257,,,-0.0010352481858768258,,0.0016428938601958324,,-0.003627509643312398,-0.003627509643312398,,,0.002764870154963718,,,,,,,0.002386519502179209,,,,,,,0.0016428938601958324,,-0.0011141000133023334,,-0.0009627148734905514,,-0.0006590678857762351,,,0.0025763562807616463,,0.0024510200292651337,0.00458018894357626,-0.0005843282286263527,,,-0.0007927250094651219,0.0012288311799838747,,,,-0.0021188724552058395,5.224575590842652e-05
937,2025-11-30,ORA,FR0000133308,22094001W,,,-0.00199752733662577,-0.000670767315701257,-0.00199752733662577,,,-0.0006891165735775831,,,,,-0.0014486859597892961,,-0.0027818325485524523,,,,,,,,,,,0.0030029053338678792,,0.003716710700115162,,,-0.0011141000133023334,,,,-0.0006590678857762351,,,-0.002591078316651713,-0.0035150287241399202,,,-0.0005843282286263527,,,,,,,-0.000987883889790958,,-0.00022480237898098442
938,2025-11-30,ORCL,US68389X1054,01214201,-0.00229009447178813,-0.0009466361282130473,,-0.000670767315701257,,,,-0.0006891165735775831,,,,,-0.0014486859597892961,,-0.0027818325485524523,0.002547408457382302,,-0.004445477504059311,-0.0030432127880137567,0.0024510200292651337,0.004875685004452148,,,,,,,,,,,,-0.0009627148734905514,,-0.0006590678857762351,,,,,-0.002437842502226074,-0.0023494233441142473,-0.0005843282286263527,-0.0028518157573210676,-0.0007040973686553567,,-0.0024510200292651337,0.004318463861086188,,-0.000987883889790958,0.002089579287622349,-0.0002205227763537459
939,2025-11-30,ORG,AU000000ORG5,01752501W,,,,,,,0.002042516691054278,-0.0006891165735775831,,,,,,,,,0.003435141707682195,0.004402317528291745,0.003022924702760332,0.0024510200292651337,,,,0.009647632030086164,,,,,,,,,0.001897233077046233,,,0.000987883889790958,,,0.0035150287241399202,,,,,,0.0023253266944310244,,,,,-0.0021188724552058395,0.00041264208178053705
940,2025-11-30,ORK,NO0003733800,10091303W,,,-0.00199752733662577,-0.000670767315701257,,,,,,,,,,,0.002764870154963718,,,,,,,,,,,,,-0.003716710700115162,0.0016428938601958324,,0.0032621489598133077,,,,-0.0006590678857762351,,,,,,-0.0023494233441142473,-0.0005843282286263527,,-0.0007040973686553567,,-0.0024510200292651337,,,0.001954477178508835,-0.0021188724552058395,-0.00021263881420378802
941,2025-11-30,ORLY,US67103H1077,02818001,,,,,,,,-0.0006891165735775831,0.0016428938601958324,,,,0.004237744910411679,0.003627509643312398,,0.002547408457382302,,,,-0.0024643407902937486,,-0.002386519502179209,,,,,-0.0010694309089954003,,0.0016428938601958324,,-0.0011141000133023334,0.0064776957916292816,-0.0009627148734905514,,-0.0006590678857762351,,0.0038104092891936953,,,,,-0.0005843282286263527,,-0.0007040973686553567,,,0.004318463861086188,,,,0.00042183670656035984
942,2025-11-30,ORNBV,FI0009014377,21145302W,,-0.0009466361282130473,0.0019800816830307846,0.0019800816830307846,0.0019800816830307846,,,,0.0016428938601958324,,0.003570383507197242,0.003570383507197242,0.004237744910411679,,,-0.002561800595559603,,0.004402317528291745,0.003022924702760332,,,0.002386519502179209,,,,-0.003022924702760332,-0.0010694309089954003,-0.003716710700115162,,,-0.0011141000133023334,,,,-0.0006590678857762351,,,,,,,-0.0005843282286263527,-0.0028518157573210676,-0.0007040973686553567,-0.0007927250094651219,-0.0024510200292651337,,,,,0.00013525443307841218
943,2025-11-30,ORSTED,DK0060094928,23264602W,,-0.0009466361282130473,,,,,-0.0010352481858768258,-0.0006891165735775831,,,,,,,-0.0027818325485524523,,-0.0034613641634660282,,,,,,,0.009647632030086164,0.008244340098437268,,,,,,,,,,,-0.00196293811867554,,,-0.0035150287241399202,,,,,,-0.0007927250094651219,,,,,,0.00010306385470508312
944,2025-11-30,OTEX,CA6837151068,06187001C,,-0.0009466361282130473,,,,,,0.0020152831351735543,-0.003285787720391665,-0.005598008708815429,,,,,,0.002547408457382302,,-0.004445477504059311,-0.0030432127880137567,,,,,,,,,,,-0.007313527506678221,-0.0011141000133023334,-0.005813316736077561,-0.0009627148734905514,,-0.0006590678857762351,0.000987883889790958,,-0.002591078316651713,,,-0.0023494233441142473,-0.0005843282286263527,,-0.0007040973686553567,,-0.0024510200292651337,,,,0.002089579287622349,-0.0002580730699882941
945,2025-11-30,OTIS,US68902V1070,03619001,-0.00229009447178813,,,-0.000670767315701257,,,,-0.0006891165735775831,,,,,,,,,,,0.003022924702760332,-0.0024643407902937486,,,,,,,,,,-0.007313527506678221,,,-0.0009627148734905514,-0.005529740309927436,-0.0006590678857762351,,0.0038104092891936953,,,,,-0.0005843282286263527,,-0.0007040973686553567,-0.0007927250094651219,,0.004318463861086188,,-0.000987883889790958,,-6.119238957382529e-05
946,2025-11-30,OXY,US6745991058,00806801,-0.00229009447178813,-0.0009466361282130473,,-0.000670767315701257,,-0.0047233198480630175,-0.0010352481858768258,0.0020152831351735543,,,,,,,0.002764870154963718,0.002547408457382302,,,,,,0.002386519502179209,,,,0.0030029053338678792,,0.003716710700115162,0.0016428938601958324,,,,,,-0.0006590678857762351,,,,0.0035150287241399202,,,-0.0005843282286263527,,,-0.0007927250094651219,0.0012288311799838747,-0.002267193527070249,,0.001954477178508835,,0.0001913945110735512
947,2025-11-30,P911,DE000PAG9113,35451901W,,-0.0009466361282130473,-0.00199752733662577,-0.000670767315701257,-0.00199752733662577,,-0.0010352481858768258,-0.0006891165735775831,,,-0.003627509643312398,-0.003627509643312398,-0.0014486859597892961,,,,,,,,-0.002477807133410108,0.002386519502179209,,,,-0.003022924702760332,-0.0010694309089954003,0.003716710700115162,-0.006386460639634503,,-0.0011141000133023334,,-0.0009627148734905514,,-0.0006590678857762351,,,,-0.0035150287241399202,,-0.0023494233441142473,-0.0005843282286263527,,-0.0007040973686553567,,,,,0.001954477178508835,,-0.0006560639794017603
948,2025-11-30,PAAS,CA6979001089,02067001C,,0.001858355350057581,0.0019800816830307846,0.0019800816830307846,0.0019800816830307846,,,,0.0016428938601958324,,,,-0.0014486859597892961,,0.002764870154963718,,0.003435141707682195,,,,0.004875685004452148,0.002386519502179209,0.008244340098437268,,0.008244340098437268,0.0030029053338678792,-0.0010694309089954003,,0.0016428938601958324,0.006297759797417357,,0.0064776957916292816,,,0.0019460888644379816,,-0.00781790871403534,0.0025763562807616463,0.0035150287241399202,0.0024510200292651337,-0.0023494233441142473,0.00229009447178813,0.002833991908837811,0.002079994061532338,,0.0012288311799838747,,,0.001954477178508835,,0.0010658992582744662
949,2025-11-30,PAH3,DE000PAH0038,10218701W,,-0.0009466361282130473,-0.00199752733662577,-0.000670767315701257,,,0.002042516691054278,-0.0006891165735775831,-0.003285787720391665,0.005529740309927436,,,-0.0014486859597892961,,,,,,,,,,,,,,,,,,-0.0011141000133023334,,,,-0.0006590678857762351,,,-0.002591078316651713,,,-0.0023494233441142473,-0.0005843282286263527,,-0.0007040973686553567,,-0.0024510200292651337,,,,-0.0021188724552058395,-0.0003524241845581085
950,2025-11-30,PANW,US6974351057,17106701,,,,-0.000670767315701257,,,-0.0010352481858768258,-0.0006891165735775831,0.0016428938601958324,,0.003570383507197242,0.003570383507197242,-0.0014486859597892961,0.003627509643312398,0.002764870154963718,0.002547408457382302,,,,,-0.002477807133410108,,,,,,,,,,-0.0011141000133023334,,-0.0009627148734905514,-0.005529740309927436,-0.0006590678857762351,,0.0038104092891936953,,,,,-0.0005843282286263527,,-0.0007040973686553567,,,-0.002267193527070249,,,,-0.00024198867692165212
951,2025-11-30,PAYC,US70432V1026,02011601,0.004359987552058171,,0.0019800816830307846,0.0019800816830307846,0.0019800816830307846,0.004626925565449486,,,,,,,,,,,0.003435141707682195,,,,,,,,,,,,,0.006297759797417357,,0.0064776957916292816,,,-0.0006590678857762351,0.000987883889790958,-0.00781790871403534,,,,,-0.0005843282286263527,,-0.0007040973686553567,-0.0007927250094651219,,-0.002267193527070249,,,,0.000277443775483157
952,2025-11-30,PAYX,US7043261079,00840201,,,,-0.000670767315701257,,,,-0.0006891165735775831,,,,,,,,,-0.0034613641634660282,,,,,,,,,,,,,,,0.0064776957916292816,-0.0009627148734905514,,-0.0006590678857762351,-0.00196293811867554,0.0038104092891936953,,,,,-0.0005843282286263527,,-0.0007040973686553567,-0.0007927250094651219,,-0.002267193527070249,,-0.000987883889790958,0.002089579287622349,-0.00013020802827218322
953,2025-11-30,PCAR,US6937181088,00825301,-0.00229009447178813,-0.0009466361282130473,-0.00199752733662577,-0.000670767315701257,-0.00199752733662577,-0.0047233198480630175,-0.0010352481858768258,-0.0006891165735775831,,,,,,,,,-0.0034613641634660282,,,,,,,,,,,,,,,,-0.0009627148734905514,,-0.0006590678857762351,-0.00196293811867554,,,-0.0035150287241399202,,,-0.0005843282286263527,,-0.0007040973686553567,-0.0007927250094651219,0.0012288311799838747,-0.002267193527070249,,-0.000987883889790958,,-0.0006996008511041931
954,2025-11-30,PCG,US69331C1080,00826401,-0.00229009447178813,,,,,0.004626925565449486,0.002042516691054278,0.0020152831351735543,,,,,,,,,,,,,,,,,,,,,,,,,-0.0009627148734905514,,,,,,,,,,,,-0.0007927250094651219,,0.004318463861086188,,,,0.00042778444944344964
955,2025-11-30,PEG,US7445731067,00881001,,0.001858355350057581,,,,,,,,,,,,,,,,,,,,,,,,,,,,-0.007313527506678221,,,,,,0.000987883889790958,,,,,,,,,,,0.004318463861086188,-0.005272543086209881,,,8.097349361356659e-05
956,2025-11-30,PEP,US7134481081,00847901,0.004359987552058171,,,0.0019800816830307846,,,-0.0010352481858768258,,0.0016428938601958324,,,,,0.003627509643312398,-0.0027818325485524523,,,,,,,,,,,,,,-0.006386460639634503,,-0.0011141000133023334,,-0.0009627148734905514,,-0.0006590678857762351,,-0.00781790871403534,,,,,-0.0005843282286263527,-0.0028518157573210676,-0.0007040973686553567,-0.0007927250094651219,,0.004318463861086188,,-0.000987883889790958,0.002089579287622349,-0.0001819965840074213
957,2025-11-30,PFE,US7170811035,00853001,,0.001858355350057581,,,,-0.0047233198480630175,-0.0010352481858768258,0.0020152831351735543,,,,,-0.0014486859597892961,,-0.0027818325485524523,,,-0.004445477504059311,-0.0030432127880137567,,0.004875685004452148,,,,,0.0030029053338678792,-0.0010694309089954003,,,,-0.0011141000133023334,,,,0.0019460888644379816,-0.00196293811867554,,,,,,-0.0005843282286263527,-0.0028518157573210676,0.002079994061532338,-0.0007927250094651219,0.0012288311799838747,,,-0.000987883889790958,,-0.0001538511123029533
958,2025-11-30,PFG,US74251V1026,14570101,-0.00229009447178813,,,-0.000670767315701257,,0.004626925565449486,0.002042516691054278,-0.0006891165735775831,,,,,,,,-0.002561800595559603,,,,,,,,,,,-0.0010694309089954003,,,,0.0032621489598133077,,0.001897233077046233,,0.0019460888644379816,-0.00196293811867554,,,,,,,,,-0.0007927250094651219,,-0.002267193527070249,0.009647632030086164,0.001954477178508835,0.002089579287622349,0.00045196713530142323
959,2025-11-30,PG,US7427181091,00876201,,,,,,,-0.0010352481858768258,,0.0016428938601958324,,0.003570383507197242,0.003570383507197242,,0.003627509643312398,,0.002547408457382302,,,,,,,,,,,,-0.003716710700115162,0.0016428938601958324,,-0.0011141000133023334,0.0064776957916292816,-0.0009627148734905514,0.0058888143560266205,,,0.0038104092891936953,,,,,-0.0005843282286263527,,-0.0007040973686553567,-0.0007927250094651219,,,,-0.000987883889790958,,9.12919684785351e-05
960,2025-11-30,PGHN,CH0024608827,27586301W,,-0.0009466361282130473,0.0019800816830307846,,,,,,,,,,,,,-0.002561800595559603,,,,,,,,,,-0.003022924702760332,-0.0010694309089954003,,,,-0.0011141000133023334,,,,-0.0006590678857762351,-0.00196293811867554,,,,,,,-0.0028518157573210676,-0.0007040973686553567,-0.0007927250094651219,,,,-0.000987883889790958,-0.0021188724552058395,-0.00032900285923864893
961,2025-11-30,PGR,US7433151039,01334101,,-0.0009466361282130473,,,,,,-0.0006891165735775831,,,,,,,,,,,,,,,,,,,-0.0010694309089954003,,,,0.0032621489598133077,,0.001897233077046233,,0.0019460888644379816,,,,,,,,0.002833991908837811,,0.0023253266944310244,,0.004318463861086188,-0.005272543086209881,,-0.0021188724552058395,3.934315952559062e-05
962,2025-11-30,PH,US7010941042,00835801,,,,-0.000670767315701257,,-0.0047233198480630175,-0.0010352481858768258,,,,,,,,,,,,,,,,,,,,,,,0.006297759797417357,,,-0.0009627148734905514,0.0058888143560266205,,,0.0038104092891936953,,,,,-0.0005843282286263527,,-0.0007040973686553567,-0.0007927250094651219,,,,,,-0.00011398603874203035
963,2025-11-30,PHIA,NL0000009538,00854601W,,-0.0009466361282130473,0.0019800816830307846,0.0019800816830307846,,,,-0.0006891165735775831,-0.003285787720391665,,,,-0.0014486859597892961,,,,,,,,-0.002477807133410108,0.002386519502179209,,,,,-0.0010694309089954003,0.003716710700115162,,,-0.0011141000133023334,,-0.0009627148734905514,,-0.0006590678857762351,0.000987883889790958,,,,-0.002437842502226074,,-0.0005843282286263527,-0.0028518157573210676,-0.0007040973686553567,-0.0007927250094651219,-0.0024510200292651337,,,,,-0.00015139532225090863
964,2025-11-30,PHM,US7458671010,00882301,-0.00229009447178813,-0.0009466361282130473,,-0.000670767315701257,,-0.0047233198480630175,-0.0010352481858768258,,-0.003285787720391665,,0.003570383507197242,0.003570383507197242,,-0.00719743976847698,,-0.002561800595559603,,,,,,-0.002386519502179209,,,,-0.003022924702760332,-0.0010694309089954003,-0.003716710700115162,0.0016428938601958324,,,0.0064776957916292816,,,-0.0006590678857762351,,,,,,,0.00229009447178813,-0.0028518157573210676,,,0.0012288311799838747,,,0.001954477178508835,-0.0021188724552058395,-0.0003036193651488548
965,2025-11-30,PHNX,GB00BGXQNP29,28815303W,,0.001858355350057581,-0.00199752733662577,-0.000670767315701257,-0.00199752733662577,,-0.0010352481858768258,-0.0006891165735775831,,,,,,,,,,,,,,,,,,,-0.0010694309089954003,,,,-0.0011141000133023334,,-0.0009627148734905514,,-0.0006590678857762351,-0.00196293811867554,,,,,,,,-0.0007040973686553567,0.0023253266944310244,,,,0.001954477178508835,0.002089579287622349,-1.6770957940741166e-05
966,2025-11-30,PHOE,IL0007670123,22489301W,,-0.0009466361282130473,,-0.000670767315701257,,,,0.0020152831351735543,,,,,,,,-0.002561800595559603,,,,,,,,,,-0.003022924702760332,-0.0010694309089954003,,,,-0.0011141000133023334,,0.001897233077046233,,0.0019460888644379816,,,,,,,,-0.0028518157573210676,-0.0007040973686553567,,,,,-0.000987883889790958,,-0.0001351592108588974
967,2025-11-30,PINS,US72352L1061,03501301,-0.00229009447178813,-0.0009466361282130473,,-0.000670767315701257,-0.00199752733662577,,,-0.0006891165735775831,0.0016428938601958324,0.005529740309927436,,,-0.0014486859597892961,0.003627509643312398,0.002764870154963718,-0.002561800595559603,,0.004402317528291745,,,,,0.008244340098437268,0.009647632030086164,0.008244340098437268,-0.003022924702760332,,-0.003716710700115162,,,-0.0011141000133023334,0.0064776957916292816,,,0.0019460888644379816,,,0.0025763562807616463,0.0035150287241399202,,,-0.0005843282286263527,,,,,-0.002267193527070249,,,,0.00018769114262772837
968,2025-11-30,PKG,US6951561090,12897801,-0.00229009447178813,,,-0.000670767315701257,,,,-0.0006891165735775831,0.0016428938601958324,,0.003570383507197242,0.003570383507197242,0.004237744910411679,0.003627509643312398,,,,,,,,,0.008244340098437268,,,,-0.0010694309089954003,,0.0016428938601958324,,,,,,,,0.0038104092891936953,,,,,-0.0005843282286263527,,-0.0007040973686553567,-0.0007927250094651219,,0.004318463861086188,,-0.000987883889790958,,0.00048315275616682597
969,2025-11-30,PLD,US74340W1036,02998401,,,,,,,,,,,,,,,,,,,,,,,,,,,,,,,,,,,,,,,,,,-0.0005843282286263527,,,-0.0007927250094651219,0.0012288311799838747,,-0.005272543086209881,-0.000987883889790958,,-0.00020306140807601207
970,2025-11-30,PLTR,US69608A1088,03691001,,,0.0019800816830307846,-0.000670767315701257,0.0019800816830307846,-0.0047233198480630175,-0.0010352481858768258,-0.0006891165735775831,0.0016428938601958324,0.005529740309927436,,,-0.0014486859597892961,0.003627509643312398,0.002764870154963718,,0.003435141707682195,,,,-0.002477807133410108,,,,,,,,,,-0.0011141000133023334,,-0.0009627148734905514,,-0.0006590678857762351,,0.0038104092891936953,0.0025763562807616463,,0.0024510200292651337,0.00458018894357626,-0.0005843282286263527,0.002833991908837811,-0.0007040973686553567,,,0.004318463861086188,,-0.000987883889790958,-0.0021188724552058395,0.00015643587779883502
971,2025-11-30,PM,US7181721090,17962101,,,,-0.000670767315701257,,0.004626925565449486,0.002042516691054278,,0.0016428938601958324,,,,,0.003627509643312398,,,,,,-0.0024643407902937486,,,,,,,,,0.0016428938601958324,,-0.0011141000133023334,,,,-0.0006590678857762351,-0.00196293811867554,,,,,,-0.0005843282286263527,,-0.0007040973686553567,-0.0007927250094651219,,0.004318463861086188,-0.005272543086209881,-0.000987883889790958,,0.00015644629705531202
972,2025-11-30,PME,AU000000PME8,24233301W,,,,-0.000670767315701257,,,-0.0010352481858768258,-0.0006891165735775831,0.0016428938601958324,,,,0.004237744910411679,,0.002764870154963718,,,,,,0.004875685004452148,,,,,-0.003022924702760332,0.0034093135745417273,-0.003716710700115162,,,-0.0011141000133023334,,-0.0009627148734905514,,-0.0006590678857762351,,,,,0.0024510200292651337,,-0.0005843282286263527,,-0.0007040973686553567,-0.0007927250094651219,,,,-0.000987883889790958,-0.0021188724552058395,-6.723479770938578e-05
973,2025-11-30,PNC,US6934751057,00824501,,,,,,,,,,,,,,,,,,,,,,,,,,,-0.0010694309089954003,,,,,,-0.0009627148734905514,,,,,,,,,,,,,,-0.002267193527070249,,,,-0.00013912752255183179
974,2025-11-30,PNDORA,DK0060252690,29552601W,,-0.0009466361282130473,,-0.000670767315701257,,,,,0.0016428938601958324,0.005529740309927436,,,0.004237744910411679,,0.002764870154963718,,,,,0.0024510200292651337,0.004875685004452148,,,,,,0.0034093135745417273,,0.0016428938601958324,,,,,,0.0019460888644379816,,,,,,,-0.0005843282286263527,0.002833991908837811,,,0.0012288311799838747,,,0.001954477178508835,0.002089579287622349,0.0007499194652679074
975,2025-11-30,PNR,IE00BLS09M33,00846301,,,,,,,,-0.0006891165735775831,,,,,,,,,,,,,,,,,,,,,,,,,-0.0009627148734905514,0.0058888143560266205,-0.0006590678857762351,-0.00196293811867554,-0.00781790871403534,,,,,-0.0005843282286263527,,-0.0007040973686553567,-0.0007927250094651219,,,,,-0.0021188724552058395,-0.00022256611688313446
976,2025-11-30,PODD,US45784P1012,17722701,,0.001858355350057581,0.0019800816830307846,,0.0019800816830307846,,,,0.0016428938601958324,,,,,0.003627509643312398,,,,,,,,0.002386519502179209,,,,-0.003022924702760332,-0.0010694309089954003,,,,0.0032621489598133077,,,0.0058888143560266205,-0.0006590678857762351,0.000987883889790958,,,,0.0024510200292651337,,0.00229009447178813,-0.0028518157573210676,,,,,,-0.000987883889790958,,0.00017801081749866738
977,2025-11-30,POLI,IL0006625771,03057902W,,,0.0019800816830307846,0.0019800816830307846,0.0019800816830307846,,,-0.0006891165735775831,,,,,,,,0.002547408457382302,,,,,,,,,,0.0030029053338678792,0.0034093135745417273,,,,,,,,-0.0006590678857762351,,,,,,,,,,-0.0007927250094651219,,,,,,0.0002803334950534534
978,2025-11-30,POW,CA7392391016,00870201C,,,,,,,,,,,,,,,,,,,,,,,,,,,-0.0010694309089954003,,,,-0.0011141000133023334,,0.001897233077046233,,-0.0006590678857762351,-0.00196293811867554,,,,,,,,-0.0007040973686553567,-0.0007927250094651219,,,,,0.002089579287622349,-5.597801549772156e-06
979,2025-11-30,PPG,US6935061076,00824701,-0.00229009447178813,-0.0009466361282130473,,-0.000670767315701257,,,,,,-0.005598008708815429,,,-0.0014486859597892961,,,,,,,,,,,,,,-0.0010694309089954003,-0.003716710700115162,-0.006386460639634503,,,-0.005813316736077561,-0.0009627148734905514,,-0.0006590678857762351,,,-0.002591078316651713,,-0.002437842502226074,-0.0023494233441142473,-0.0005843282286263527,,-0.0007040973686553567,-0.0007927250094651219,-0.0024510200292651337,-0.002267193527070249,,-0.000987883889790958,,-0.0011011863463067314
980,2025-11-30,PPL,CA7063271034,13061801C,,,,-0.000670767315701257,,,-0.0010352481858768258,-0.0006891165735775831,,,,,,,,,,-0.004445477504059311,,-0.0024643407902937486,,,,-0.009647632030086164,,,,,-0.006386460639634503,,,,,,,-0.00196293811867554,,,0.0035150287241399202,0.0024510200292651337,,-0.0005843282286263527,0.002833991908837811,,-0.0007927250094651219,0.0012288311799838747,,,-0.000987883889790958,,-0.0005332404982667421
981,2025-11-30,PPL,US69351T1060,00845501,-0.00229009447178813,-0.0009466361282130473,,,,,,-0.0006891165735775831,,,,,,,,,,,,,,,-0.008244340098437268,-0.009647632030086164,,,,,,-0.007313527506678221,,,,-0.005529740309927436,,0.000987883889790958,,,,,,,,,0.0023253266944310244,,-0.002267193527070249,,,,-0.000516736890135434
982,2025-11-30,PRU,GB0007099541,01578201W,,,0.0019800816830307846,0.0019800816830307846,,,,0.0020152831351735543,,,,,,,,-0.002561800595559603,,,,,,,,,,-0.003022924702760332,-0.0010694309089954003,,,,,,0.001897233077046233,,0.0019460888644379816,-0.00196293811867554,,,,,,,0.002833991908837811,,-0.0007927250094651219,,,,,,0.00016655519745591526
983,2025-11-30,PRU,US7443201022,14335601,0.004359987552058171,,0.0019800816830307846,0.0019800816830307846,0.0019800816830307846,0.004626925565449486,,0.0020152831351735543,,,,,,,,,,,,,,,,,,,-0.0010694309089954003,,,,-0.0011141000133023334,,-0.0009627148734905514,,-0.0006590678857762351,,,,,,,,,-0.0007040973686553567,-0.0007927250094651219,,-0.002267193527070249,0.009647632030086164,-0.000987883889790958,0.002089579287622349,0.0006086511228876925
984,2025-11-30,PRX,NL0013654783,33364502W,,-0.0009466361282130473,,,,,0.002042516691054278,0.0020152831351735543,-0.003285787720391665,,,,0.004237744910411679,,0.002764870154963718,,,,,-0.0024643407902937486,-0.002477807133410108,,,,,,-0.0010694309089954003,-0.003716710700115162,0.0016428938601958324,,-0.0011141000133023334,,-0.0009627148734905514,,0.0019460888644379816,,,,,,0.00458018894357626,-0.0005843282286263527,,,,0.0012288311799838747,,,-0.000987883889790958,-0.0021188724552058395,0.0001646004459118394
985,2025-11-30,PRY,IT0004176001,28452101W,,0.001858355350057581,0.0019800816830307846,0.0019800816830307846,0.0019800816830307846,,0.002042516691054278,-0.0006891165735775831,,,,,,,,,0.003435141707682195,,,0.0024510200292651337,,0.002386519502179209,,,,,,,,,,,0.001897233077046233,,,-0.00196293811867554,,,0.0035150287241399202,,,-0.0005843282286263527,,,,0.0012288311799838747,,,,,0.00042611862500525004
986,2025-11-30,PSA,US74460D1090,01009601,,,,,,,,,0.0016428938601958324,,,,,0.003627509643312398,,,,0.004402317528291745,,0.0024510200292651337,,,,,,,,,,,,,-0.0009627148734905514,,,,,,,,,0.00229009447178813,,-0.0007040973686553567,-0.0007927250094651219,,,-0.005272543086209881,,0.002089579287622349,5.719915458466032e-06
987,2025-11-30,PSON,GB0006776081,10057201W,,-0.0009466361282130473,,-0.000670767315701257,,,,0.0020152831351735543,,,,,-0.0014486859597892961,,0.002764870154963718,-0.002561800595559603,,,,-0.0024643407902937486,,,,,,,-0.0010694309089954003,,0.0016428938601958324,,,,-0.0009627148734905514,,0.0019460888644379816,,,0.0025763562807616463,0.0035150287241399202,0.0024510200292651337,0.00458018894357626,0.00229009447178813,0.002833991908837811,0.002079994061532338,,0.0012288311799838747,,,0.001954477178508835,,0.0005086133252834424
988,2025-11-30,PST,IT0003796171,23332001W,,,,-0.000670767315701257,,,,-0.0006891165735775831,,,,,,,,,,,,,,,,,,,-0.0010694309089954003,,,,0.0032621489598133077,,,,,-0.00196293811867554,,,,,,,,-0.0007040973686553567,-0.0007927250094651219,,,,,0.002089579287622349,-6.002799847798647e-05
989,2025-11-30,PSTG,US74624M1027,02575601,,,,,,0.004626925565449486,0.002042516691054278,,0.0016428938601958324,,,,-0.0014486859597892961,0.003627509643312398,,,,,0.003022924702760332,0.0024510200292651337,-0.002477807133410108,,,,,,,,,,-0.0011141000133023334,,-0.0009627148734905514,,-0.0006590678857762351,,0.0038104092891936953,-0.002591078316651713,,-0.002437842502226074,-0.0023494233441142473,-0.0005843282286263527,,-0.0007040973686553567,,,-0.002267193527070249,,-0.000987883889790958,0.002089579287622349,-4.16050964470518e-06
990,2025-11-30,PSX,US7185461040,17084101,0.004359987552058171,0.001858355350057581,0.0019800816830307846,,0.0019800816830307846,,0.002042516691054278,0.0020152831351735543,,,,,,,,,,0.004402317528291745,,0.0024510200292651337,,-0.002386519502179209,,,,-0.003022924702760332,,,-0.006386460639634503,,,,,,-0.0006590678857762351,,,-0.002591078316651713,,,,-0.0005843282286263527,,-0.0007040973686553567,-0.0007927250094651219,,,,-0.000987883889790958,,-1.574460313326998e-05
991,2025-11-30,PTC,US69370C1009,01869901,-0.00229009447178813,-0.0009466361282130473,,-0.000670767315701257,,,,0.0020152831351735543,,,,,-0.0014486859597892961,,0.002764870154963718,,0.003435141707682195,-0.004445477504059311,-0.0030432127880137567,,0.004875685004452148,,,,,,,,,,,,-0.0009627148734905514,,,,0.0038104092891936953,,,,,-0.0005843282286263527,,,,0.0012288311799838747,-0.002267193527070249,,,,-7.183573422593123e-05
992,2025-11-30,PUB,FR0000130577,10129202W,,-0.0009466361282130473,,-0.000670767315701257,,,-0.0010352481858768258,0.0020152831351735543,,-0.005598008708815429,0.003570383507197242,0.003570383507197242,-0.0014486859597892961,,,,,,,,,,,,-0.008244340098437268,,,,,,-0.0011141000133023334,,,,,0.000987883889790958,,,,,,-0.0005843282286263527,,,,,,,0.001954477178508835,,-7.610524188438254e-05
993,2025-11-30,PWR,US74762E1029,06644601,-0.00229009447178813,,,-0.000670767315701257,,,,-0.0006891165735775831,,,,,,,,,,,0.003022924702760332,0.0024510200292651337,,,,,,,,,,,,0.0064776957916292816,,,-0.0006590678857762351,0.000987883889790958,,,,,,-0.0005843282286263527,,-0.0007040973686553567,,,-0.002267193527070249,,-0.000987883889790958,,-0.00014015027633401762
994,2025-11-30,PYPL,US70450Y1038,02461601,,,,-0.000670767315701257,,,,,,,,,,,,,,,,,,-0.002386519502179209,,,,,-0.0010694309089954003,,,,-0.0011141000133023334,,,,,,,,,,,,,-0.0007040973686553567,,,0.004318463861086188,,,,8.610208053827719e-05
995,2025-11-30,QAN,AU000000QAN2,22024401W,,0.001858355350057581,,0.0019800816830307846,0.0019800816830307846,,0.002042516691054278,,,,,,,,,,,,0.003022924702760332,0.0024510200292651337,,,,,,,,,,,,,0.001897233077046233,,0.0019460888644379816,0.000987883889790958,,0.0025763562807616463,,-0.002437842502226074,,-0.0005843282286263527,,0.002079994061532338,0.0023253266944310244,-0.0024510200292651337,,,-0.000987883889790958,0.002089579287622349,0.0003967752434070034
996,2025-11-30,QBE,AU000000QBE9,01575601W,,-0.0009466361282130473,0.0019800816830307846,0.0019800816830307846,,,,-0.0006891165735775831,,,,,,,,,,,,,,,,,,-0.003022924702760332,-0.0010694309089954003,,,,,,,,,0.000987883889790958,,,,,,,,-0.0007040973686553567,0.0023253266944310244,,,,0.001954477178508835,,0.00011980435437035208
997,2025-11-30,QCOM,US7475251036,02480001,-0.00229009447178813,,,-0.000670767315701257,,,-0.0010352481858768258,-0.0006891165735775831,0.0016428938601958324,0.005529740309927436,,,0.004237744910411679,0.003627509643312398,,,,,,,,0.002386519502179209,,,,,,,,,,,0.001897233077046233,,0.0019460888644379816,-0.00196293811867554,0.0038104092891936953,-0.002591078316651713,,-0.002437842502226074,-0.0023494233441142473,0.00229009447178813,,-0.0007040973686553567,,-0.0024510200292651337,,,,,6.648343053854464e-05
998,2025-11-30,QIA,NL0015002CX3,06318601W,,-0.0009466361282130473,-0.00199752733662577,-0.000670767315701257,-0.00199752733662577,,-0.0010352481858768258,-0.0006891165735775831,,,-0.003627509643312398,-0.003627509643312398,-0.0014486859597892961,,0.002764870154963718,-0.002561800595559603,,-0.004445477504059311,-0.0030432127880137567,-0.0024643407902937486,,,,,,,-0.0010694309089954003,,,,-0.0011141000133023334,,-0.0009627148734905514,,0.0019460888644379816,,,,,,,-0.0005843282286263527,,-0.0007040973686553567,-0.0007927250094651219,,,,0.001954477178508835,,-0.00044087741389884705
999,2025-11-30,QSR,CA76131D1033,16447102C,,,,-0.000670767315701257,,,,,-0.003285787720391665,,,,-0.0014486859597892961,,0.002764870154963718,,,,,,0.004875685004452148,,,,,,-0.0010694309089954003,,0.0016428938601958324,-0.007313527506678221,-0.0011141000133023334,,0.001897233077046233,,-0.0006590678857762351,,0.0038104092891936953,,,,,-0.0005843282286263527,,,,0.0012288311799838747,,,,0.002089579287622349,0.0001412617577830027
1000,2025-11-30,RAA,DE0007010803,24441701W,,-0.0009466361282130473,,-0.000670767315701257,,,-0.0010352481858768258,,,,,,,,,,,,,,,,,,,,,,,,,,-0.0009627148734905514,,-0.0006590678857762351,,,-0.002591078316651713,,,,-0.0005843282286263527,,-0.0007040973686553567,-0.0007927250094651219,,,,,-0.0021188724552058395,-0.0002490808924491789
1001,2025-11-30,RACE,NL0011585146,02546601W,,,,-0.000670767315701257,,,-0.0010352481858768258,,0.0016428938601958324,0.005529740309927436,0.003570383507197242,0.003570383507197242,0.004237744910411679,,0.002764870154963718,,,,,,0.004875685004452148,,,,,-0.003022924702760332,-0.0010694309089954003,,0.0016428938601958324,,-0.0011141000133023334,,-0.0009627148734905514,,,,,0.0025763562807616463,,0.0024510200292651337,0.00458018894357626,-0.0005843282286263527,,,,0.0012288311799838747,,,,,0.00048761844736697717
1002,2025-11-30,RAND,NL0000379121,10476101W,,-0.0009466361282130473,-0.00199752733662577,-0.000670767315701257,-0.00199752733662577,,0.002042516691054278,-0.0006891165735775831,,,,,,,,,0.003435141707682195,,0.003022924702760332,0.0024510200292651337,,,,,,,,,,,,,-0.0009627148734905514,,-0.0006590678857762351,,,-0.002591078316651713,-0.0035150287241399202,,,-0.0005843282286263527,,-0.0007040973686553567,-0.0007927250094651219,-0.0024510200292651337,,,0.001954477178508835,,-0.0001299456252103478
1003,2025-11-30,RBA,CA74935Q1072,06560501,,,,,,,,,,,,,,,,,0.003435141707682195,,-0.0030432127880137567,-0.0024643407902937486,,,,,,,,,,,,,-0.0009627148734905514,,-0.0006590678857762351,-0.00196293811867554,,,,,,-0.0005843282286263527,,-0.0007040973686553567,,,-0.002267193527070249,,,,-0.00019615561517252446
1004,2025-11-30,RBI,AT0000606306,27281701W,,-0.0009466361282130473,-0.00199752733662577,-0.000670767315701257,-0.00199752733662577,,-0.0010352481858768258,-0.0006891165735775831,,,,,,,,0.002547408457382302,0.003435141707682195,,,,,-0.002386519502179209,,,,0.0030029053338678792,0.0034093135745417273,,,,,,0.001897233077046233,,0.0019460888644379816,-0.00196293811867554,,,,,,,,,-0.0007927250094651219,,,,,,-6.435296206961496e-05
1005,2025-11-30,RBLX,US7710491033,03745301,-0.00229009447178813,-0.0009466361282130473,-0.00199752733662577,-0.000670767315701257,-0.00199752733662577,,,,0.0016428938601958324,,-0.003627509643312398,-0.003627509643312398,-0.0014486859597892961,0.003627509643312398,0.002764870154963718,0.002547408457382302,,,,,,,,,,0.0030029053338678792,,,,,-0.0011141000133023334,-0.005813316736077561,,,-0.0006590678857762351,0.000987883889790958,,0.0025763562807616463,-0.0035150287241399202,,,-0.0005843282286263527,0.002833991908837811,,,,0.004318463861086188,-0.005272543086209881,-0.000987883889790958,,-0.0003091243244054192
1006,2025-11-30,RCI.B,CA7751092007,00921501C,,,,0.0019800816830307846,,,-0.0010352481858768258,0.0020152831351735543,-0.003285787720391665,,,,-0.0014486859597892961,,,,,-0.004445477504059311,,,,,-0.008244340098437268,,-0.008244340098437268,0.0030029053338678792,,-0.003716710700115162,,,,-0.005813316736077561,,,0.0019460888644379816,-0.00196293811867554,,,,,,-0.0005843282286263527,0.002833991908837811,,,,,,-0.000987883889790958,,-0.0004304613718570081
1007,2025-11-30,RCL,LR0008862868,02819101,,-0.0009466361282130473,,-0.000670767315701257,,0.004626925565449486,0.002042516691054278,-0.0006891165735775831,0.0016428938601958324,,,,,,,0.002547408457382302,,,,,0.004875685004452148,,,,,0.0030029053338678792,-0.0010694309089954003,,0.0016428938601958324,0.006297759797417357,0.0032621489598133077,0.0064776957916292816,-0.0009627148734905514,0.0058888143560266205,0.0019460888644379816,,0.0038104092891936953,0.0025763562807616463,,0.0024510200292651337,-0.0023494233441142473,0.00229009447178813,,0.002079994061532338,,0.0012288311799838747,-0.002267193527070249,,-0.000987883889790958,,0.0005656740869788508
1008,2025-11-30,RDDT,US75734B1008,04509701,0.004359987552058171,0.001858355350057581,0.0019800816830307846,0.0019800816830307846,0.0019800816830307846,0.004626925565449486,0.002042516691054278,,0.0016428938601958324,0.005529740309927436,,,,0.003627509643312398,0.002764870154963718,-0.002561800595559603,,0.004402317528291745,,,,,0.008244340098437268,0.009647632030086164,0.008244340098437268,-0.003022924702760332,,,,-0.007313527506678221,,,,,,,,0.0025763562807616463,-0.0035150287241399202,,,,,,,,,,-0.000987883889790958,,0.0009299267910445626
1009,2025-11-30,REA,AU000000REA9,24801501W,,,,-0.000670767315701257,,,-0.0010352481858768258,,0.0016428938601958324,0.005529740309927436,-0.003627509643312398,-0.003627509643312398,0.004237744910411679,,,-0.002561800595559603,,,,,,,0.008244340098437268,,,,,-0.003716710700115162,,,-0.0011141000133023334,,,,,0.000987883889790958,,,,,,-0.0005843282286263527,,,,,,,-0.000987883889790958,,3.8773050531032087e-05
1010,2025-11-30,REC,IT0003828271,10242901W,,,,-0.000670767315701257,,,,-0.0006891165735775831,,,,,-0.0014486859597892961,,,-0.002561800595559603,,,,,,-0.002386519502179209,,,,-0.003022924702760332,-0.0010694309089954003,,,,-0.0011141000133023334,,,,-0.0006590678857762351,,,,,,,-0.0005843282286263527,,-0.0007040973686553567,,,,,-0.000987883889790958,,-0.0003517504381273731
1011,2025-11-30,RED,ES0173093024,23411701W,,-0.0009466361282130473,,,,,-0.0010352481858768258,-0.0006891165735775831,,,,,,,-0.0027818325485524523,,-0.0034613641634660282,-0.004445477504059311,-0.0030432127880137567,-0.0024643407902937486,,,,,-0.008244340098437268,,,,,,,,-0.0009627148734905514,,,-0.00196293811867554,,,-0.0035150287241399202,,,,,,-0.0007927250094651219,,,,,,-0.0005153515608788279
1012,2025-11-30,REG,US7588491032,02909901,,,,,,,,,0.0016428938601958324,,,,,,,,,,,,,,,,,,,,,,,,,,,,,,,,,-0.0005843282286263527,,,-0.0007927250094651219,0.0012288311799838747,,-0.005272543086209881,,,-0.00013568304571349866
1013,2025-11-30,REGN,US75886F1075,02381201,0.004359987552058171,0.001858355350057581,0.0019800816830307846,0.0019800816830307846,0.0019800816830307846,,,0.0020152831351735543,,,0.003570383507197242,0.003570383507197242,,,0.002764870154963718,-0.002561800595559603,,-0.004445477504059311,-0.0030432127880137567,-0.0024643407902937486,,-0.002386519502179209,,,,,0.0034093135745417273,-0.003716710700115162,,,-0.0011141000133023334,,-0.0009627148734905514,,-0.0006590678857762351,-0.00196293811867554,,,,,,-0.0005843282286263527,,,-0.0007927250094651219,,,,0.001954477178508835,-0.0021188724552058395,0.00028130378241720703
1014,2025-11-30,REL,GB00B2B0DG97,10033801W,,,,-0.000670767315701257,,,-0.0010352481858768258,-0.0006891165735775831,,,,,,,,,,,,0.0024510200292651337,,,,,,,,,,,,,-0.0009627148734905514,,-0.0006590678857762351,0.000987883889790958,,,,,,-0.0005843282286263527,,-0.0007040973686553567,-0.0007927250094651219,,,,,0.002089579287622349,-4.126483705704163e-05
1015,2025-11-30,REP,ES0173516115,01531901W,,0.001858355350057581,,0.0019800816830307846,,,-0.0010352481858768258,-0.0006891165735775831,,,,,,,,,,,,,,,,,,,,0.003716710700115162,0.0016428938601958324,,,,,,-0.0006590678857762351,,,,,0.0024510200292651337,,-0.0005843282286263527,,,-0.0007927250094651219,0.0012288311799838747,,,,,0.0002669646027225203
1016,2025-11-30,RF,US7591EP1005,00467401,,,,-0.000670767315701257,,,,,,,,,,,,,,,,,,,,,,,-0.0010694309089954003,,,,,,,,,,,,,,,,,,,,,,,,-4.891880657868242e-05
1017,2025-11-30,RHM,DE0007030009,10031201W,,,,-0.000670767315701257,,,0.002042516691054278,-0.0006891165735775831,,,,,,,,,0.003435141707682195,,0.003022924702760332,,,0.002386519502179209,,,,,,,,,,,,,-0.0006590678857762351,,,0.0025763562807616463,0.0035150287241399202,0.0024510200292651337,,-0.0005843282286263527,,,-0.0007927250094651219,0.0012288311799838747,,,-0.000987883889790958,,0.00019085850864714358
1018,2025-11-30,RI,FR0000120693,10139601W,,-0.0009466361282130473,,-0.000670767315701257,,,-0.0010352481858768258,,-0.003285787720391665,,,,,,-0.0027818325485524523,-0.002561800595559603,,,-0.0030432127880137567,-0.0024643407902937486,,-0.002386519502179209,,,,-0.003022924702760332,,-0.003716710700115162,0.0016428938601958324,,-0.0011141000133023334,,-0.0009627148734905514,,,,,,,,-0.0023494233441142473,-0.0005843282286263527,-0.0028518157573210676,-0.0007040973686553567,-0.0007927250094651219,0.0012288311799838747,,,-0.000987883889790958,,-0.0005185726430405826
1019,2025-11-30,RIO,AU000000RIO1,01956515W,,0.001858355350057581,,0.0019800816830307846,0.0019800816830307846,,-0.0010352481858768258,0.0020152831351735543,0.0016428938601958324,,,,,,-0.0027818325485524523,0.002547408457382302,,,,,,,,,,,-0.0010694309089954003,,-0.006386460639634503,,,,-0.0009627148734905514,,-0.0006590678857762351,,,,,,-0.0023494233441142473,-0.0005843282286263527,-0.0028518157573210676,-0.0007040973686553567,-0.0007927250094651219,,,,-0.000987883889790958,,-0.00027580878850937016
1020,2025-11-30,RIO,GB0007188757,01956501W,,0.001858355350057581,,0.0019800816830307846,,,-0.0010352481858768258,0.0020152831351735543,0.0016428938601958324,,,,,,-0.0027818325485524523,0.002547408457382302,,,,,,,,,,,-0.0010694309089954003,,-0.006386460639634503,,,,-0.0009627148734905514,,-0.0006590678857762351,,,,,,-0.0023494233441142473,-0.0005843282286263527,-0.0028518157573210676,-0.0007040973686553567,-0.0007927250094651219,,,,-0.000987883889790958,,-0.0003344048929491147
1021,2025-11-30,RIVN,US76954A1034,03981101,-0.00229009447178813,-0.0009466361282130473,-0.00199752733662577,-0.000670767315701257,-0.00199752733662577,,,-0.0006891165735775831,-0.003285787720391665,-0.005598008708815429,-0.003627509643312398,-0.003627509643312398,-0.0014486859597892961,-0.00719743976847698,-0.0027818325485524523,,,,,-0.0024643407902937486,-0.002477807133410108,0.002386519502179209,,,,0.0030029053338678792,-0.0010694309089954003,,0.0016428938601958324,,0.0032621489598133077,-0.005813316736077561,-0.0009627148734905514,0.0058888143560266205,0.0019460888644379816,,0.0038104092891936953,0.0025763562807616463,-0.0035150287241399202,0.0024510200292651337,-0.0023494233441142473,0.00229009447178813,,0.002079994061532338,,0.0012288311799838747,-0.002267193527070249,,-0.000987883889790958,,-0.0003672613383518742
1022,2025-11-30,RJF,US7547301090,00889801,,0.001858355350057581,,,,0.004626925565449486,0.002042516691054278,,,,,,,,,,,,,,,0.002386519502179209,,,,-0.003022924702760332,-0.0010694309089954003,,,,-0.0011141000133023334,,,,-0.0006590678857762351,0.000987883889790958,,,,,,,,-0.0007040973686553567,,,-0.002267193527070249,0.009647632030086164,,,0.0003702817276954887
1023,2025-11-30,RKLB,US7731211089,03950301,-0.00229009447178813,-0.0009466361282130473,,-0.000670767315701257,-0.00199752733662577,,,-0.0006891165735775831,,,,,,,,,0.003435141707682195,,-0.0030432127880137567,,,0.002386519502179209,,,,,,,,-0.007313527506678221,,-0.005813316736077561,-0.0009627148734905514,,-0.0006590678857762351,0.000987883889790958,,-0.002591078316651713,-0.0035150287241399202,-0.002437842502226074,,-0.0005843282286263527,,-0.0007040973686553567,-0.0007927250094651219,,-0.002267193527070249,,-0.000987883889790958,,-0.0005591228715383996
1024,2025-11-30,RKT,GB00B24CGK77,22185802W,,,0.0019800816830307846,0.0019800816830307846,,,-0.0010352481858768258,,0.0016428938601958324,,,,,,0.002764870154963718,,,,,,,,,,,,,,0.0016428938601958324,,,,-0.0009627148734905514,,-0.0006590678857762351,0.000987883889790958,,,,,,0.00229009447178813,0.002833991908837811,-0.0007040973686553567,-0.0007927250094651219,,,,,,0.00021942930088308878
1025,2025-11-30,RKT,US77311W1018,03672201,-0.00229009447178813,0.001858355350057581,-0.00199752733662577,-0.000670767315701257,-0.00199752733662577,,0.002042516691054278,-0.0006891165735775831,,,,,,,,-0.002561800595559603,,,,,,-0.002386519502179209,,,,-0.003022924702760332,-0.0010694309089954003,,,,-0.0011141000133023334,,-0.0009627148734905514,,-0.0006590678857762351,-0.00196293811867554,,,,,,,-0.0028518157573210676,-0.0007040973686553567,-0.0007927250094651219,,0.004318463861086188,,-0.000987883889790958,,-0.00023489226408719162
1026,2025-11-30,RMD,US7611521078,03188701,,0.001858355350057581,,,,,,-0.0006891165735775831,0.0016428938601958324,,,,0.004237744910411679,0.003627509643312398,0.002764870154963718,-0.002561800595559603,,,,,0.004875685004452148,-0.002386519502179209,,,,,-0.0010694309089954003,,,,0.0032621489598133077,,-0.0009627148734905514,0.0058888143560266205,,,,,,0.0024510200292651337,,0.00229009447178813,-0.0028518157573210676,-0.0007040973686553567,-0.0007927250094651219,,-0.002267193527070249,,,-0.0021188724552058395,0.000123262286335055
1027,2025-11-30,RMS,FR0000052292,20305301W,,-0.0009466361282130473,,-0.000670767315701257,,,-0.0010352481858768258,,0.0016428938601958324,0.005529740309927436,-0.003627509643312398,-0.003627509643312398,0.004237744910411679,,0.002764870154963718,,,,,-0.0024643407902937486,0.004875685004452148,0.002386519502179209,,,,,0.0034093135745417273,,0.0016428938601958324,,-0.0011141000133023334,,-0.0009627148734905514,,-0.0006590678857762351,,,0.0025763562807616463,,0.0024510200292651337,0.00458018894357626,-0.0005843282286263527,,-0.0007040973686553567,,0.0012288311799838747,,,,-0.0021188724552058395,0.00039927002581186037
1028,2025-11-30,RNO,FR0000131906,21047901W,,-0.0009466361282130473,,-0.000670767315701257,,,-0.0010352481858768258,-0.0006891165735775831,,-0.005598008708815429,-0.003627509643312398,-0.003627509643312398,-0.0014486859597892961,,,0.002547408457382302,,,,,-0.002477807133410108,,,,,,-0.0010694309089954003,,-0.006386460639634503,,,,0.001897233077046233,,-0.0006590678857762351,,,-0.002591078316651713,-0.0035150287241399202,,-0.0023494233441142473,-0.0005843282286263527,,-0.0007040973686553567,,-0.0024510200292651337,,,,0.002089579287622349,-0.0007786730758467215
1029,2025-11-30,RO,CH0012032113,02564804W,,0.001858355350057581,,,,,,-0.0006891165735775831,0.0016428938601958324,,,,,,,,,,0.003022924702760332,0.0024510200292651337,,,,,,-0.003022924702760332,-0.0010694309089954003,,,,-0.0011141000133023334,,,,-0.0006590678857762351,-0.00196293811867554,,,,,,-0.0005843282286263527,,,-0.0007927250094651219,0.0012288311799838747,,,,0.002089579287622349,3.1615559321360096e-05
1030,2025-11-30,ROCK B,DK0063855168,22149901W,,-0.0009466361282130473,-0.00199752733662577,-0.000670767315701257,-0.00199752733662577,,0.002042516691054278,0.0020152831351735543,,,,,,,,,-0.0034613641634660282,,,,,-0.002386519502179209,,,,,,,,,,,,,,,,-0.002591078316651713,,-0.002437842502226074,,-0.0005843282286263527,,-0.0007040973686553567,-0.0007927250094651219,-0.0024510200292651337,,,0.001954477178508835,-0.0021188724552058395,-0.00018817118811593746
1031,2025-11-30,ROG,CH0012032048,02564803W,,-0.0009466361282130473,,-0.000670767315701257,,,-0.0010352481858768258,-0.0006891165735775831,0.0016428938601958324,,,,,,,,,,0.003022924702760332,0.0024510200292651337,,,,,,-0.003022924702760332,-0.0010694309089954003,,,,-0.0011141000133023334,,,,-0.0006590678857762351,-0.00196293811867554,,,,,,-0.0005843282286263527,,,-0.0007927250094651219,0.0012288311799838747,,,,0.002089579287622349,-0.00010354009218112406
1032,2025-11-30,ROK,US7739031091,00920301,,,,,,-0.0047233198480630175,-0.0010352481858768258,-0.0006891165735775831,,,,,,,,,-0.0034613641634660282,,,,,,,,,,,,,,,-0.005813316736077561,-0.0009627148734905514,0.0058888143560266205,-0.0006590678857762351,,,,,,,-0.0005843282286263527,,-0.0007040973686553567,-0.0007927250094651219,0.0012288311799838747,,,-0.000987883889790958,,-0.00031602532145045577
1033,2025-11-30,ROL,US7757111049,00922501,,,,-0.000670767315701257,,-0.0047233198480630175,-0.0010352481858768258,-0.0006891165735775831,,,,,,,,,,,,,,,,,,,,,,0.006297759797417357,,0.0064776957916292816,-0.0009627148734905514,0.0058888143560266205,-0.0006590678857762351,,,0.0025763562807616463,,0.0024510200292651337,,-0.0005843282286263527,,-0.0007040973686553567,-0.0007927250094651219,,,,-0.000987883889790958,,-0.00011614223766107478
1034,2025-11-30,ROP,US7766961061,02492501,-0.00229009447178813,-0.0009466361282130473,-0.00199752733662577,-0.000670767315701257,-0.00199752733662577,,,-0.0006891165735775831,-0.003285787720391665,,,,-0.0014486859597892961,-0.00719743976847698,,,,-0.004445477504059311,-0.0030432127880137567,-0.0024643407902937486,0.004875685004452148,,,,,,,,,,,,,,-0.0006590678857762351,0.000987883889790958,,,,,,-0.0005843282286263527,,-0.0007040973686553567,,,0.004318463861086188,,,,-0.00021504723831832742
1035,2025-11-30,ROST,US7782961038,00924801,,,,-0.000670767315701257,,-0.0047233198480630175,-0.0010352481858768258,-0.0006891165735775831,0.0016428938601958324,,0.003570383507197242,0.003570383507197242,,,,,,,,,,,,,,,-0.0010694309089954003,,0.0016428938601958324,-0.007313527506678221,,,-0.0009627148734905514,,-0.0006590678857762351,,,,,,,-0.0005843282286263527,-0.0028518157573210676,-0.0007040973686553567,,,0.004318463861086188,,,,-4.338947412884513e-05
1036,2025-11-30,RPM,US7496851038,00890201,,-0.0009466361282130473,,-0.000670767315701257,,,,-0.0006891165735775831,,,,,0.004237744910411679,0.003627509643312398,,,,,,,,,,,,,-0.0010694309089954003,-0.003716710700115162,-0.006386460639634503,,,,,,-0.0006590678857762351,,0.0038104092891936953,-0.002591078316651713,,-0.002437842502226074,-0.0023494233441142473,0.00229009447178813,-0.0028518157573210676,-0.0007040973686553567,,,,,,,-0.00041278199790026007
1037,2025-11-30,RR.,GB00B63H8491,10049901W,,0.001858355350057581,0.0019800816830307846,0.0019800816830307846,0.0019800816830307846,,,0.0020152831351735543,,,,,,,,,,,0.003022924702760332,0.0024510200292651337,,0.002386519502179209,,,,,,,,,,,,,0.0019460888644379816,0.000987883889790958,,,0.0035150287241399202,,,-0.0005843282286263527,,,-0.0007927250094651219,,,,,0.002089579287622349,0.0005490939962057834
1038,2025-11-30,RS,US7595091023,03067101,-0.00229009447178813,-0.0009466361282130473,,-0.000670767315701257,,,,-0.0006891165735775831,,,,,,,,,-0.0034613641634660282,,,,-0.002477807133410108,-0.002386519502179209,0.008244340098437268,,,,-0.0010694309089954003,,-0.006386460639634503,-0.007313527506678221,,,,,-0.0006590678857762351,-0.00196293811867554,,-0.002591078316651713,-0.0035150287241399202,-0.002437842502226074,,-0.0005843282286263527,,-0.0007040973686553567,-0.0007927250094651219,,,,,,-0.0006379732159384501
1039,2025-11-30,RSG,US7607591002,11216801,,-0.0009466361282130473,,-0.000670767315701257,,,-0.0010352481858768258,-0.0006891165735775831,,,,,,,,,,,-0.0030432127880137567,,,,,,,,,,,0.006297759797417357,,0.0064776957916292816,,,-0.0006590678857762351,,,,,,,-0.0005843282286263527,,-0.0007040973686553567,-0.0007927250094651219,0.0012288311799838747,,,,,-8.254572198019651e-05
1040,2025-11-30,RTO,GB00B082RF11,10009102W,,,,-0.000670767315701257,,,-0.0010352481858768258,-0.0006891165735775831,,,,,,,,,,,,,,-0.002386519502179209,,,,,,,,,,,-0.0009627148734905514,,-0.0006590678857762351,-0.00196293811867554,,,-0.0035150287241399202,,,-0.0005843282286263527,,-0.0007040973686553567,,,,,,,-0.0002416852862965499
1041,2025-11-30,RTX,US75513E1010,01098301,0.004359987552058171,,0.0019800816830307846,,0.0019800816830307846,,-0.0010352481858768258,,,,,,,,,,0.003435141707682195,,,,,,,,,,,,,,,,,-0.005529740309927436,,0.000987883889790958,,-0.002591078316651713,,-0.002437842502226074,,-0.0005843282286263527,,-0.0007040973686553567,,-0.0024510200292651337,,,-0.000987883889790958,,-8.255988934568017e-05
1042,2025-11-30,RWE,DE0007037129,10095301W,,0.001858355350057581,,,,,-0.0010352481858768258,0.0020152831351735543,,,,,,,,,,,,,,,0.008244340098437268,0.009647632030086164,,,,,,,,,-0.0009627148734905514,,,0.000987883889790958,,,-0.0035150287241399202,,,,,,-0.0007927250094651219,,,,,,0.000327345190860337
1043,2025-11-30,RXL,FR0010451203,10326003W,,-0.0009466361282130473,,-0.000670767315701257,,,0.002042516691054278,-0.0006891165735775831,,,,,,,,,,,0.003022924702760332,0.0024510200292651337,,0.002386519502179209,,,,,,,,,,,0.001897233077046233,,-0.0006590678857762351,,,-0.002591078316651713,-0.0035150287241399202,-0.002437842502226074,,-0.0005843282286263527,,-0.0007040973686553567,0.0023253266944310244,-0.0024510200292651337,,,-0.000987883889790958,,-0.00011967697772452707
1044,2025-11-30,RY,CA7800871021,01563301C,,0.001858355350057581,0.0019800816830307846,,0.0019800816830307846,,,,,,,,,,,,,,,,,,,,,,-0.0010694309089954003,,,,,,-0.0009627148734905514,,-0.0006590678857762351,,,,,,,,,,0.0023253266944310244,,,,,,0.0001661039047785196
1045,2025-11-30,RYA,IE00BYTBXV33,06483501W,,,,-0.000670767315701257,,,0.002042516691054278,,,,,,,,,,,,,,,,,,,,,,,,,,0.001897233077046233,,0.0019460888644379816,0.000987883889790958,,0.0025763562807616463,0.0035150287241399202,0.0024510200292651337,,-0.0005843282286263527,,0.002079994061532338,0.0023253266944310244,0.0012288311799838747,,,0.001954477178508835,,0.00047695482098148047
1046,2025-11-30,S32,AU000000S320,31968701W,,-0.0009466361282130473,-0.00199752733662577,-0.000670767315701257,,,,-0.0006891165735775831,,,-0.003627509643312398,-0.003627509643312398,-0.0014486859597892961,,,,0.003435141707682195,,,,-0.002477807133410108,0.002386519502179209,,,,0.0030029053338678792,0.0034093135745417273,0.003716710700115162,0.0016428938601958324,,,,0.001897233077046233,,0.0019460888644379816,-0.00196293811867554,,,0.0035150287241399202,,,-0.0005843282286263527,,,-0.0007927250094651219,0.0012288311799838747,,,-0.000987883889790958,,0.00012020736636689343
1047,2025-11-30,S63,SG1F60858221,21488201W,,,0.0019800816830307846,0.0019800816830307846,,,,-0.0006891165735775831,,,,,,,,,,,0.003022924702760332,0.0024510200292651337,,0.002386519502179209,,,,,,,,,,,,,-0.0006590678857762351,0.000987883889790958,,0.0025763562807616463,,0.0024510200292651337,,-0.0005843282286263527,,0.002079994061532338,,0.0012288311799838747,,,,0.002089579287622349,0.0003948431972000851
1048,2025-11-30,S68,SG1J26887955,24190401W,,,,-0.000670767315701257,,,-0.0010352481858768258,-0.0006891165735775831,,,,,,,,,0.003435141707682195,,,,,,,,,0.0030029053338678792,-0.0010694309089954003,,,,-0.0011141000133023334,,-0.0009627148734905514,,-0.0006590678857762351,,,,,,,,,,-0.0007927250094651219,,,,-0.000987883889790958,-0.0021188724552058395,-0.00019560988787274675
1049,2025-11-30,SAAB B,SE0021921269,22250501W,,-0.0009466361282130473,,-0.000670767315701257,,,,-0.0006891165735775831,,,,,,,,,,,,,,,,,,,,,,,,,,,-0.0006590678857762351,0.000987883889790958,,,,,,-0.0005843282286263527,,-0.0007040973686553567,,,,,-0.000987883889790958,,-0.000151861996965206
1050,2025-11-30,SAB,ES0113860A34,24543601W,,0.001858355350057581,,-0.000670767315701257,-0.00199752733662577,,-0.0010352481858768258,,,,,,,,,0.002547408457382302,0.003435141707682195,,,,,0.002386519502179209,,,,,0.0034093135745417273,,,,,,,,0.0019460888644379816,0.000987883889790958,,,,,,,,,-0.0007927250094651219,,,,,,0.00011903268589558905
1051,2025-11-30,SAF,FR0000073272,10130501W,,0.001858355350057581,0.0019800816830307846,0.0019800816830307846,0.0019800816830307846,,,-0.0006891165735775831,,,,,,,,,0.003435141707682195,,0.003022924702760332,,,,,,,,,,,,,,,,0.0019460888644379816,0.000987883889790958,,,,,,-0.0005843282286263527,,-0.0007040973686553567,,,,,,0.002089579287622349,0.00033396138567794365
1052,2025-11-30,SAGA B,SE0005127818,23273803W,,,,,,,,,,,,,,,0.002764870154963718,,,-0.004445477504059311,-0.0030432127880137567,,,,,-0.009647632030086164,,,,,,,,,,,,0.000987883889790958,,,,,,-0.0005843282286263527,,-0.0007040973686553567,-0.0007927250094651219,,,,,,-0.0002700932951019679
1053,2025-11-30,SALM,NO0010310956,28452301W,,0.001858355350057581,-0.00199752733662577,-0.000670767315701257,-0.00199752733662577,,,,-0.003285787720391665,,-0.003627509643312398,-0.003627509643312398,,,-0.0027818325485524523,-0.002561800595559603,,,-0.0030432127880137567,,,-0.002386519502179209,,,,,,,-0.006386460639634503,,-0.0011141000133023334,,-0.0009627148734905514,,-0.0006590678857762351,-0.00196293811867554,,-0.002591078316651713,,-0.002437842502226074,-0.0023494233441142473,-0.0005843282286263527,0.002833991908837811,-0.0007040973686553567,-0.0007927250094651219,-0.0024510200292651337,,,-0.000987883889790958,,-0.0008218807950649977
1054,2025-11-30,SAMPO,FI4000552500,01577301W,,-0.0009466361282130473,0.0019800816830307846,0.0019800816830307846,0.0019800816830307846,,-0.0010352481858768258,-0.0006891165735775831,,,,,,,,,,,,,,,,,,,-0.0010694309089954003,,,,,,-0.0009627148734905514,,-0.0006590678857762351,0.000987883889790958,,,,,,,0.002833991908837811,0.002079994061532338,-0.0007927250094651219,,,,0.001954477178508835,-0.0021188724552058395,0.00016080500216347743
1055,2025-11-30,SAN,ES0113900J37,01414001W,,0.001858355350057581,,-0.000670767315701257,-0.00199752733662577,,,-0.0006891165735775831,,,,,,,,0.002547408457382302,0.003435141707682195,,,,,0.002386519502179209,,,,-0.003022924702760332,0.0034093135745417273,,,,,,,,,,,,,,,,,,,,,,,,3.816984290591561e-05
1056,2025-11-30,SAN,FR0000120578,10120401W,,-0.0009466361282130473,0.0019800816830307846,0.0019800816830307846,,,0.002042516691054278,-0.0006891165735775831,,,0.003570383507197242,0.003570383507197242,-0.0014486859597892961,,,-0.002561800595559603,,-0.004445477504059311,-0.0030432127880137567,-0.0024643407902937486,,,,,,,-0.0010694309089954003,,,,-0.0011141000133023334,,,,-0.0006590678857762351,,,,,-0.002437842502226074,,-0.0005843282286263527,,-0.0007040973686553567,-0.0007927250094651219,-0.0024510200292651337,,,-0.000987883889790958,,-0.00021795769080891372
1057,2025-11-30,SAND,SE0000667891,01959102W,,,,-0.000670767315701257,,,,,,,,,,,,,,,,,,,,,,,,,,,,,-0.0009627148734905514,,,0.000987883889790958,,,0.0035150287241399202,,,0.00229009447178813,,-0.0007040973686553567,-0.0007927250094651219,0.0012288311799838747,,,,-0.0021188724552058395,5.912807527190909e-06
1058,2025-11-30,SAP,CA8029121057,06561301C,,0.001858355350057581,0.0019800816830307846,0.0019800816830307846,0.0019800816830307846,,0.002042516691054278,,,,,,,,,,,,,,,0.002386519502179209,,,,,,0.003716710700115162,0.0016428938601958324,,0.0032621489598133077,-0.005813316736077561,0.001897233077046233,,-0.0006590678857762351,0.000987883889790958,,,,0.0024510200292651337,0.00458018894357626,0.00229009447178813,0.002833991908837811,,,0.0012288311799838747,,,,,0.0007525878505796689
1059,2025-11-30,SAP,DE0007164600,10348702W,,-0.0009466361282130473,,-0.000670767315701257,,,,,,,-0.003627509643312398,-0.003627509643312398,,,,,,,,,,,,,,,,,,,-0.0011141000133023334,,,,0.0019460888644379816,0.000987883889790958,,,,,-0.0023494233441142473,-0.0005843282286263527,0.002833991908837811,-0.0007040973686553567,,,,,,,-0.00010599759488101097
1060,2025-11-30,SBAC,US78410G1040,12138201,,,,,,0.004626925565449486,,,0.0016428938601958324,,,,,0.003627509643312398,,,,0.004402317528291745,0.003022924702760332,-0.0024643407902937486,,,,-0.009647632030086164,,,,,,,,,-0.0009627148734905514,,,,,-0.002591078316651713,,-0.002437842502226074,-0.0023494233441142473,-0.0005843282286263527,,-0.0007040973686553567,-0.0007927250094651219,-0.0024510200292651337,,-0.005272543086209881,,,-0.0003515603576701831
1061,2025-11-30,SBRY,GB00B019KW72,01957901W,,,,-0.000670767315701257,-0.00199752733662577,,,,0.0016428938601958324,,,-0.003627509643312398,,,,0.002547408457382302,,,0.003022924702760332,,,,,,,,,0.003716710700115162,0.0016428938601958324,,0.0032621489598133077,,0.001897233077046233,,0.0019460888644379816,0.000987883889790958,,,,0.0024510200292651337,0.00458018894357626,0.00229009447178813,0.002833991908837811,-0.0007040973686553567,0.0023253266944310244,0.0012288311799838747,,,0.001954477178508835,,0.0005953422234150801
1062,2025-11-30,SBUX,US8552441094,02543401,-0.00229009447178813,-0.0009466361282130473,-0.00199752733662577,-0.000670767315701257,-0.00199752733662577,-0.0047233198480630175,-0.0010352481858768258,-0.0006891165735775831,0.0016428938601958324,,,,-0.0014486859597892961,0.003627509643312398,-0.0027818325485524523,,,,,-0.0024643407902937486,,-0.002386519502179209,,,,0.0030029053338678792,-0.0010694309089954003,,0.0016428938601958324,-0.007313527506678221,-0.0011141000133023334,,-0.0009627148734905514,,-0.0006590678857762351,,-0.00781790871403534,-0.002591078316651713,-0.0035150287241399202,-0.002437842502226074,-0.0023494233441142473,-0.0005843282286263527,-0.0028518157573210676,-0.0007040973686553567,,,-0.002267193527070249,,-0.000987883889790958,,-0.0010060027216193595
1063,2025-11-30,SCA B,SE0000112724,01236807W,,-0.0009466361282130473,,-0.000670767315701257,,,-0.0010352481858768258,-0.0006891165735775831,-0.003285787720391665,,,,-0.0014486859597892961,,,,,,,,-0.002477807133410108,,,,-0.008244340098437268,,0.0034093135745417273,-0.003716710700115162,0.0016428938601958324,,,,,,-0.0006590678857762351,,,,,,,-0.0005843282286263527,-0.0028518157573210676,,-0.0007927250094651219,0.0012288311799838747,,,,,-0.00042540730907909895
1064,2025-11-30,SCG,AU000000SCG8,29610801W,,,,,,,,,-0.003285787720391665,,,,,,-0.0027818325485524523,,,,,,,,,,,,,-0.003716710700115162,,,,,,,,0.000987883889790958,,,,,,-0.0005843282286263527,,-0.0007040973686553567,-0.0007927250094651219,,,,-0.000987883889790958,,-0.00023840374347962984
1065,2025-11-30,SCHN,CH0024638212,10134301W,,,,,,,-0.0010352481858768258,,,,,,,,,,-0.0034613641634660282,,0.003022924702760332,,,,,,,,,,,,,,-0.0009627148734905514,,-0.0006590678857762351,,,,,,,-0.0005843282286263527,,,-0.0007927250094651219,0.0012288311799838747,,,,,-4.840034920826089e-05
1066,2025-11-30,SCHP,CH0024638196,10134303W,,,,-0.000670767315701257,,,,,,,,,,,,,-0.0034613641634660282,,0.003022924702760332,,,,,,,,,,,,,,-0.0009627148734905514,,-0.0006590678857762351,,,,,,,-0.0005843282286263527,,,-0.0007927250094651219,0.0012288311799838747,,,,,-3.0364667903077503e-05
1067,2025-11-30,SCHW,US8085131055,01398801,,,,-0.000670767315701257,,0.004626925565449486,0.002042516691054278,-0.0006891165735775831,,,,,,,,,,,,,,0.002386519502179209,,,,0.0030029053338678792,-0.0010694309089954003,,,,0.0032621489598133077,,-0.0009627148734905514,,,0.000987883889790958,,,,,,,-0.0028518157573210676,0.002079994061532338,-0.0007927250094651219,,,0.009647632030086164,,,0.0004910760397146904
1068,2025-11-30,SCMN,CH0008742519,11492701W,,-0.0009466361282130473,,-0.000670767315701257,-0.00199752733662577,,-0.0010352481858768258,-0.0006891165735775831,0.0016428938601958324,,0.003570383507197242,,-0.0014486859597892961,,,,,,,,,,,,-0.008244340098437268,0.0030029053338678792,,0.003716710700115162,,,0.0032621489598133077,,,,-0.0006590678857762351,-0.00196293811867554,,,-0.0035150287241399202,,,-0.0005843282286263527,0.002833991908837811,,,,,,,,-0.00020596934703543922
1069,2025-11-30,SDR,GB00BP9LHF23,01563801W,,0.001858355350057581,,-0.000670767315701257,-0.00199752733662577,,,-0.0006891165735775831,,,,,,,,,-0.0034613641634660282,,,,,,,,,,-0.0010694309089954003,,,,-0.0011141000133023334,,,,-0.0006590678857762351,,,,,,,,,0.002079994061532338,-0.0007927250094651219,,,,0.001954477178508835,,7.419755832458954e-06
1070,2025-11-30,SDZ,CH1243598427,04336201W,,0.001858355350057581,,,,,,-0.0006891165735775831,-0.003285787720391665,,-0.003627509643312398,-0.003627509643312398,-0.0014486859597892961,,-0.0027818325485524523,,,,,,-0.002477807133410108,,,,,,-0.0010694309089954003,0.003716710700115162,,,,,,,,,,,,,,,,,,,,,-0.000987883889790958,,-0.00015165770404274842
1071,2025-11-30,SE,US81141R1005,03254690,-0.00229009447178813,-0.0009466361282130473,-0.00199752733662577,-0.000670767315701257,-0.00199752733662577,0.004626925565449486,0.002042516691054278,-0.0006891165735775831,0.0016428938601958324,,0.003570383507197242,0.003570383507197242,-0.0014486859597892961,0.003627509643312398,0.002764870154963718,,,0.004402317528291745,,,,,,0.009647632030086164,,,,0.003716710700115162,,,0.0032621489598133077,,,,,0.000987883889790958,,0.0025763562807616463,0.0035150287241399202,,,0.00229009447178813,-0.0028518157573210676,,,,-0.002267193527070249,,0.001954477178508835,,0.0004658615161291878
1072,2025-11-30,SEB A,SE0000148884,01567101W,,-0.0009466361282130473,,-0.000670767315701257,-0.00199752733662577,,-0.0010352481858768258,-0.0006891165735775831,,,,,,,,0.002547408457382302,-0.0034613641634660282,,,,,,,,,-0.003022924702760332,0.0034093135745417273,,,,,,-0.0009627148734905514,,-0.0006590678857762351,0.000987883889790958,,,,,,,,,-0.0007927250094651219,,,,,,-0.0001933949801447726
1073,2025-11-30,SECU B,SE0000163594,10498101W,,-0.0009466361282130473,,-0.000670767315701257,,,,-0.0006891165735775831,,,,,,,,,,,0.003022924702760332,0.0024510200292651337,,,,,,,,,,,,,-0.0009627148734905514,,0.0019460888644379816,-0.00196293811867554,,,,,,0.00229009447178813,,0.002079994061532338,-0.0007927250094651219,0.0012288311799838747,,,0.001954477178508835,,0.00018186106772891486
1074,2025-11-30,SGE,GB00B8C3BL03,10464301W,,-0.0009466361282130473,,-0.000670767315701257,,,,-0.0006891165735775831,,,,,-0.0014486859597892961,,,,,,,0.0024510200292651337,,,,,,,,,,,,,,,,0.000987883889790958,,,,,,-0.0005843282286263527,0.002833991908837811,0.002079994061532338,,0.0012288311799838747,,,,0.002089579287622349,8.636377837544427e-05
1075,2025-11-30,SGH,AU0000364754,20832601W,,-0.0009466361282130473,-0.00199752733662577,-0.000670767315701257,-0.00199752733662577,,0.002042516691054278,-0.0006891165735775831,,,,,,,,,,,,,,0.002386519502179209,,,,,,,,,,,-0.0009627148734905514,,-0.0006590678857762351,0.000987883889790958,,0.0025763562807616463,,0.0024510200292651337,,0.00229009447178813,,0.002079994061532338,-0.0007927250094651219,0.0012288311799838747,,,-0.000987883889790958,,3.102925898268148e-05
1076,2025-11-30,SGO,FR0000125007,10181101W,,-0.0009466361282130473,-0.00199752733662577,-0.000670767315701257,,,-0.0010352481858768258,-0.0006891165735775831,,,,,,,,,,,,,,,,,,,,,,,,,,,-0.0006590678857762351,-0.00196293811867554,,,,,,-0.0005843282286263527,,-0.0007040973686553567,-0.0007927250094651219,-0.0024510200292651337,,,0.001954477178508835,,-0.0001954907892011337
1077,2025-11-30,SGP,AU000000SGP0,01618901W,,,,,,,,,-0.003285787720391665,,0.003570383507197242,0.003570383507197242,,,-0.0027818325485524523,,,,,,,,,,,,,-0.003716710700115162,,,,,,,,0.000987883889790958,,,,0.0024510200292651337,,-0.0005843282286263527,,0.002079994061532338,,0.0012288311799838747,,,-0.000987883889790958,,-9.250786196852672e-06
1078,2025-11-30,SGRO,GB00B5ZN1N88,01564401W,,,,,,,,,-0.003285787720391665,,,,,,-0.0027818325485524523,,,-0.004445477504059311,-0.0030432127880137567,-0.0024643407902937486,,,,,,,,-0.003716710700115162,,,,,-0.0009627148734905514,,,0.000987883889790958,,,,-0.002437842502226074,-0.0023494233441142473,-0.0005843282286263527,,-0.0007040973686553567,-0.0007927250094651219,-0.0024510200292651337,,,-0.000987883889790958,-0.0021188724552058395,-0.0005744727550992556
1079,2025-11-30,SGSN,CH1256740924,10134001W,,,,-0.000670767315701257,,,-0.0010352481858768258,-0.0006891165735775831,,,,,,,,,,,,0.0024510200292651337,,,,,,,,,,,,,-0.0009627148734905514,,-0.0006590678857762351,,,,,,,0.00229009447178813,,-0.0007040973686553567,-0.0007927250094651219,0.0012288311799838747,,,,0.002089579287622349,2.870829773813924e-05
1080,2025-11-30,SHB A,SE0007100599,01565401W,,-0.0009466361282130473,,,,,-0.0010352481858768258,,,,,,,,,,-0.0034613641634660282,,,,,,,,,,0.0034093135745417273,,,,,,-0.0009627148734905514,,-0.0006590678857762351,,,,,,,,,,-0.0007927250094651219,,,,,0.002089579287622349,3.217370214680415e-05
1081,2025-11-30,SHEL,GB00BP6MXD84,01238401W,,-0.0009466361282130473,0.0019800816830307846,0.0019800816830307846,0.0019800816830307846,,,-0.0006891165735775831,,,,,,,,,,,,,,,,,,,,,0.0016428938601958324,,,,,,,,,,0.0035150287241399202,,,-0.0005843282286263527,,-0.0007040973686553567,-0.0007927250094651219,,,,0.001954477178508835,,0.00030457046127628826
1082,2025-11-30,SHL,AU000000SHL7,20709701W,,-0.0009466361282130473,-0.00199752733662577,-0.000670767315701257,-0.00199752733662577,,,-0.0006891165735775831,,,,,-0.0014486859597892961,,,,,,,,-0.002477807133410108,,,,,0.0030029053338678792,-0.0010694309089954003,0.003716710700115162,,,-0.0011141000133023334,,0.001897233077046233,,-0.0006590678857762351,-0.00196293811867554,,,,,,-0.0005843282286263527,-0.0028518157573210676,0.002079994061532338,-0.0007927250094651219,0.0012288311799838747,,,,,-0.00015610603426054634
1083,2025-11-30,SHL,DE000SHL1006,32676501W,,-0.0009466361282130473,,-0.000670767315701257,,,,-0.0006891165735775831,,,,,-0.0014486859597892961,,,-0.002561800595559603,,,,,-0.002477807133410108,0.002386519502179209,,,,,-0.0010694309089954003,,,,0.0032621489598133077,,,,,,,,,,,0.00229009447178813,0.002833991908837811,0.002079994061532338,-0.0007927250094651219,0.0012288311799838747,,,0.001954477178508835,,9.348734197675468e-05
1084,2025-11-30,SHOP,CA82509L1076,02365001C,,,,-0.000670767315701257,,,-0.0010352481858768258,-0.0006891165735775831,,0.005529740309927436,,0.003570383507197242,-0.0014486859597892961,,,,0.003435141707682195,,,,-0.002477807133410108,-0.002386519502179209,,,,,,,,,-0.0011141000133023334,,,0.0058888143560266205,,0.000987883889790958,0.0038104092891936953,,,0.0024510200292651337,,-0.0005843282286263527,0.002833991908837811,-0.0007040973686553567,,,,,-0.000987883889790958,-0.0021188724552058395,-2.457301190989714e-05
1085,2025-11-30,SHW,US8243481061,00966701,,,,-0.000670767315701257,,,-0.0010352481858768258,,0.0016428938601958324,,,,0.004237744910411679,0.003627509643312398,,0.002547408457382302,-0.0034613641634660282,,,,,,-0.008244340098437268,,-0.008244340098437268,,0.0034093135745417273,-0.003716710700115162,-0.006386460639634503,,,0.0064776957916292816,,0.0058888143560266205,-0.0006590678857762351,,,,,,,-0.0005843282286263527,0.002833991908837811,-0.0007040973686553567,-0.0007927250094651219,0.0012288311799838747,0.004318463861086188,,,,-9.097770006871801e-05
1086,2025-11-30,SIE,DE0007236101,01934901W,,-0.0009466361282130473,,-0.000670767315701257,,,-0.0010352481858768258,-0.0006891165735775831,,,,,,,,,,,,,,0.002386519502179209,,,,,,,,,,,,,-0.0006590678857762351,,,,,,,-0.0005843282286263527,,-0.0007040973686553567,-0.0007927250094651219,,,,,,-0.00013163053431734185
1087,2025-11-30,SIG,AU000000SIG5,25438001W,,,,-0.000670767315701257,,,-0.0010352481858768258,,,,,,-0.0014486859597892961,,-0.0027818325485524523,,,0.004402317528291745,,,-0.002477807133410108,0.002386519502179209,,,,-0.003022924702760332,-0.0010694309089954003,,,,-0.0011141000133023334,,-0.0009627148734905514,,-0.0006590678857762351,-0.00196293811867554,,,,,,-0.0005843282286263527,0.002833991908837811,-0.0007040973686553567,-0.0007927250094651219,,,,-0.000987883889790958,,-0.00027790756161108466
1088,2025-11-30,SIKA,CH0418792922,10135001W,,-0.0009466361282130473,-0.00199752733662577,-0.000670767315701257,-0.00199752733662577,,-0.0010352481858768258,-0.0006891165735775831,,,,,,,,,,,,,,,,,-0.008244340098437268,-0.003022924702760332,0.0034093135745417273,-0.003716710700115162,0.0016428938601958324,,,,,,-0.0006590678857762351,,,,,,,-0.0005843282286263527,,-0.0007040973686553567,,0.0012288311799838747,,,,,-0.000428903500186011
1089,2025-11-30,SJM,US8326964058,00977701,-0.00229009447178813,,,-0.000670767315701257,,,-0.0010352481858768258,,-0.003285787720391665,,-0.003627509643312398,,,-0.00719743976847698,,,,,-0.0030432127880137567,,,-0.002386519502179209,,,,,,,0.0016428938601958324,,-0.0011141000133023334,,,,-0.0006590678857762351,,,,,,,-0.0005843282286263527,0.002833991908837811,-0.0007040973686553567,-0.0007927250094651219,,,-0.005272543086209881,-0.000987883889790958,,-0.0003782974564363177
1090,2025-11-30,SKA B,SE0000113250,10098002W,,,,-0.000670767315701257,,,-0.0010352481858768258,-0.0006891165735775831,,,,,,,,,0.003435141707682195,,0.003022924702760332,,,0.002386519502179209,,,,,,,,,,,0.001897233077046233,,0.0019460888644379816,,,0.0025763562807616463,0.0035150287241399202,0.0024510200292651337,,0.00229009447178813,,0.002079994061532338,0.0023253266944310244,0.0012288311799838747,,,0.001954477178508835,,0.00046532573693338134
1091,2025-11-30,SKF B,SE0000108227,01174905W,,-0.0009466361282130473,-0.00199752733662577,-0.000670767315701257,-0.00199752733662577,,,,,,,,,,,,-0.0034613641634660282,,,,,,,,,,,,,,,,-0.0009627148734905514,,-0.0006590678857762351,,,-0.002591078316651713,-0.0035150287241399202,,,0.00229009447178813,,-0.0007040973686553567,-0.0007927250094651219,-0.0024510200292651337,,,,,-0.0003455254411987575
1092,2025-11-30,SLB,AN8068571086,00946501,,-0.0009466361282130473,,-0.000670767315701257,,-0.0047233198480630175,-0.0010352481858768258,,,,,,,,,-0.002561800595559603,,,,,,-0.002386519502179209,,,,,,-0.003716710700115162,-0.006386460639634503,,,,,,-0.0006590678857762351,0.000987883889790958,,-0.002591078316651713,,,,0.00229009447178813,0.002833991908837811,-0.0007040973686553567,0.0023253266944310244,,,,,,-0.0005727850272413017
1093,2025-11-30,SLF,CA8667961053,13328901C,,,,-0.000670767315701257,,,,-0.0006891165735775831,,,,,,,,-0.002561800595559603,,,,,,,,,,,-0.0010694309089954003,,,,0.0032621489598133077,,,,-0.0006590678857762351,,,,,,,,-0.0028518157573210676,-0.0007040973686553567,-0.0007927250094651219,,,,,,-0.0001780185992432454
1094,2025-11-30,SLHN,CH0014852781,20569901W,,-0.0009466361282130473,,-0.000670767315701257,,,-0.0010352481858768258,-0.0006891165735775831,,,,,,,,-0.002561800595559603,,,,,,0.002386519502179209,,,,,-0.0010694309089954003,,,,0.0032621489598133077,,-0.0009627148734905514,,-0.0006590678857762351,-0.00196293811867554,,,,,,,,-0.0007040973686553567,-0.0007927250094651219,,,,-0.000987883889790958,0.002089579287622349,-0.0001786885476672218
1095,2025-11-30,SMCI,US86800U3023,17656701,-0.00229009447178813,-0.0009466361282130473,-0.00199752733662577,-0.000670767315701257,-0.00199752733662577,0.004626925565449486,0.002042516691054278,-0.0006891165735775831,,,,,-0.0014486859597892961,,,,,0.004402317528291745,0.003022924702760332,0.0024510200292651337,-0.002477807133410108,0.002386519502179209,,,,,,,,,0.0032621489598133077,,0.001897233077046233,,-0.0006590678857762351,0.000987883889790958,0.0038104092891936953,0.0025763562807616463,,0.0024510200292651337,-0.0023494233441142473,0.00229009447178813,-0.0028518157573210676,0.002079994061532338,,0.0012288311799838747,-0.002267193527070249,,0.001954477178508835,,0.0002225557686283678
1096,2025-11-30,SMIN,GB00B1WY2338,10004501W,,-0.0009466361282130473,,0.0019800816830307846,0.0019800816830307846,,,-0.0006891165735775831,,,,,,,,,,,,,,0.002386519502179209,,,,,,,,,,,,,,0.000987883889790958,,,,,,-0.0005843282286263527,,-0.0007040973686553567,-0.0007927250094651219,,,,,,5.930476554755052e-05
1097,2025-11-30,SN.,GB0009223206,10131701W,,0.001858355350057581,,0.0019800816830307846,,,,-0.0006891165735775831,,,,,-0.0014486859597892961,,,-0.002561800595559603,,,,,-0.002477807133410108,0.002386519502179209,,,,,-0.0010694309089954003,0.003716710700115162,,,0.0032621489598133077,,,,,0.000987883889790958,,,,0.0024510200292651337,,0.00229009447178813,0.002833991908837811,0.002079994061532338,-0.0007927250094651219,0.0012288311799838747,,,,,0.00031365945246290437
1098,2025-11-30,SNA,US8330341012,00977801,,,,,,,,-0.0006891165735775831,,,,,,,,,,,,-0.0024643407902937486,,,,,,,,,,,,0.0064776957916292816,-0.0009627148734905514,,-0.0006590678857762351,,0.0038104092891936953,-0.002591078316651713,,-0.002437842502226074,,-0.0005843282286263527,,-0.0007040973686553567,-0.0007927250094651219,-0.0024510200292651337,-0.002267193527070249,,,-0.0021188724552058395,-0.0003059314476106885
1099,2025-11-30,SNAP,US83304A1060,03009101,-0.00229009447178813,-0.0009466361282130473,-0.00199752733662577,-0.000670767315701257,-0.00199752733662577,0.004626925565449486,0.002042516691054278,-0.0006891165735775831,-0.003285787720391665,,-0.003627509643312398,-0.003627509643312398,-0.0014486859597892961,-0.00719743976847698,,,,0.004402317528291745,,,,,0.008244340098437268,0.009647632030086164,0.008244340098437268,,,,,0.006297759797417357,,,,,0.0019460888644379816,0.000987883889790958,,0.0025763562807616463,-0.0035150287241399202,,,-0.0005843282286263527,,,,,,0.009647632030086164,,,0.0005944790548196593
1100,2025-11-30,SNOW,US8334451098,33996501,-0.00229009447178813,-0.0009466361282130473,,-0.000670767315701257,0.0019800816830307846,-0.0047233198480630175,-0.0010352481858768258,-0.0006891165735775831,,-0.005598008708815429,-0.003627509643312398,-0.003627509643312398,-0.0014486859597892961,,,0.002547408457382302,0.003435141707682195,,,,-0.002477807133410108,,,,,,,,,,-0.0011141000133023334,-0.005813316736077561,-0.0009627148734905514,,-0.0006590678857762351,0.000987883889790958,0.0038104092891936953,,,,-0.0023494233441142473,-0.0005843282286263527,,-0.0007040973686553567,,,,,-0.000987883889790958,0.002089579287622349,-0.0005194916183901512
1101,2025-11-30,SNPS,US8716071076,02497501,-0.00229009447178813,-0.0009466361282130473,-0.00199752733662577,-0.000670767315701257,-0.00199752733662577,,-0.0010352481858768258,-0.0006891165735775831,-0.003285787720391665,,,,-0.0014486859597892961,-0.00719743976847698,,,-0.0034613641634660282,-0.004445477504059311,-0.0030432127880137567,-0.0024643407902937486,,,,,,,,,,,-0.0011141000133023334,,-0.0009627148734905514,-0.005529740309927436,-0.0006590678857762351,-0.00196293811867554,,,,,,-0.0005843282286263527,,-0.0007040973686553567,,,-0.002267193527070249,,-0.000987883889790958,,-0.0008134673213931378
1102,2025-11-30,SO,US8425871071,00985001,,,,,,-0.0047233198480630175,-0.0010352481858768258,,,,,,,,,,,,,,,,,,,,,,,,,,,0.0058888143560266205,,,,,,,,,,,-0.0007927250094651219,,-0.002267193527070249,,,,-0.00022901306797286814
1103,2025-11-30,SOBI,SE0000872095,27914301W,,-0.0009466361282130473,-0.00199752733662577,-0.000670767315701257,-0.00199752733662577,,-0.0010352481858768258,0.0020152831351735543,,,,,-0.0014486859597892961,,0.002764870154963718,,,,,,,-0.002386519502179209,,,,,0.0034093135745417273,0.003716710700115162,,,,,,,-0.0006590678857762351,0.000987883889790958,,,,,,-0.0005843282286263527,,-0.0007040973686553567,,0.0012288311799838747,,,0.001954477178508835,,0.0001475758379130326
1104,2025-11-30,SOF,BE0003717312,02405601W,,,,,,,,,,,,,,,,-0.002561800595559603,-0.0034613641634660282,,,,,,,,,-0.003022924702760332,0.0034093135745417273,,,,,,-0.0009627148734905514,,-0.0006590678857762351,-0.00196293811867554,,,,,,,,-0.0007040973686553567,-0.0007927250094651219,,,,-0.000987883889790958,-0.0021188724552058395,-0.00021903203698816524
1105,2025-11-30,SOFI,US83406F1021,03891601,,,0.0019800816830307846,,0.0019800816830307846,-0.0047233198480630175,-0.0010352481858768258,-0.0006891165735775831,,,,,,,,-0.002561800595559603,,,,,,-0.002386519502179209,,,,,-0.0010694309089954003,,,,,,-0.0009627148734905514,,0.0019460888644379816,-0.00196293811867554,,,,,,,,-0.0007040973686553567,-0.0007927250094651219,,,,-0.000987883889790958,,-0.000280478072736021
1106,2025-11-30,SOL,AU000000SOL3,10456601W,,-0.0009466361282130473,,-0.000670767315701257,,,-0.0010352481858768258,-0.0006891165735775831,,,,,,,,,-0.0034613641634660282,,,,,0.002386519502179209,,,,,-0.0010694309089954003,,,,-0.0011141000133023334,,,,-0.0006590678857762351,-0.00196293811867554,,,,,,,-0.0028518157573210676,-0.0007040973686553567,-0.0007927250094651219,,,,-0.000987883889790958,-0.0021188724552058395,-0.00039840834592915343
1107,2025-11-30,SOLV,US83444M1018,04516701,0.004359987552058171,0.001858355350057581,0.0019800816830307846,0.0019800816830307846,0.0019800816830307846,,,0.0020152831351735543,-0.003285787720391665,,-0.003627509643312398,,,-0.00719743976847698,-0.0027818325485524523,,,,,0.0024510200292651337,,,,,,,-0.0010694309089954003,,,,,,,-0.005529740309927436,-0.0006590678857762351,,,,,-0.002437842502226074,,,,,,,-0.002267193527070249,,-0.000987883889790958,0.002089579287622349,0.00013464770560289447
1108,2025-11-30,SOON,CH0012549785,21179501W,,-0.0009466361282130473,-0.00199752733662577,-0.000670767315701257,-0.00199752733662577,,-0.0010352481858768258,-0.0006891165735775831,0.0016428938601958324,,0.003570383507197242,0.003570383507197242,,,,,,,,,,,,,,,-0.0010694309089954003,,,,-0.0011141000133023334,,,,-0.0006590678857762351,,,,,,,-0.0005843282286263527,,-0.0007040973686553567,-0.0007927250094651219,,,,,,-0.00022767223622231083
1109,2025-11-30,SPG,US8288061091,02938901,,,,,,-0.0047233198480630175,,,0.0016428938601958324,,,,,0.003627509643312398,,,,,,0.0024510200292651337,,,,,,,,,,,,,,,,0.000987883889790958,,,,,,-0.0005843282286263527,,-0.0007040973686553567,-0.0007927250094651219,,,,,0.002089579287622349,-6.267034396315224e-05
1110,2025-11-30,SPGI,US78409V1044,00716301,,,,-0.000670767315701257,,-0.0047233198480630175,-0.0010352481858768258,-0.0006891165735775831,,,,,,,,,,,,,,,,,,,-0.0010694309089954003,,,,-0.0011141000133023334,,-0.0009627148734905514,,-0.0006590678857762351,0.000987883889790958,,,,,,,0.002833991908837811,-0.0007040973686553567,-0.0007927250094651219,,0.004318463861086188,-0.005272543086209881,-0.000987883889790958,-0.0021188724552058395,-0.000348188444226919
1111,2025-11-30,SPOT,LU1778762911,03317501,-0.00229009447178813,,-0.00199752733662577,-0.000670767315701257,-0.00199752733662577,,,-0.0006891165735775831,0.0016428938601958324,,0.003570383507197242,0.003570383507197242,-0.0014486859597892961,0.003627509643312398,,0.002547408457382302,,0.004402317528291745,,,,,,0.009647632030086164,0.008244340098437268,,,,,,,,,,-0.0006590678857762351,-0.00196293811867554,,0.0025763562807616463,0.0035150287241399202,,,-0.0005843282286263527,0.002833991908837811,,,,-0.002267193527070249,,,,0.00020477767510250925
1112,2025-11-30,SPSN,CH0008038389,24351501W,,,,,,,,,-0.003285787720391665,,,,,,,,,-0.004445477504059311,-0.0030432127880137567,-0.0024643407902937486,,,,-0.009647632030086164,,,,,,,,,-0.0009627148734905514,,,-0.00196293811867554,,,,,-0.0023494233441142473,-0.0005843282286263527,,-0.0007040973686553567,-0.0007927250094651219,,,,-0.000987883889790958,,-0.00047623193119515183
1113,2025-11-30,SPX,GB00BWFGQN14,10061901W,,,-0.00199752733662577,-0.000670767315701257,,,-0.0010352481858768258,,,,,,,,,,-0.0034613641634660282,,,,,0.002386519502179209,,,,,,,,,,,-0.0009627148734905514,,-0.0006590678857762351,-0.00196293811867554,,,,,,-0.0005843282286263527,,-0.0007040973686553567,-0.0007927250094651219,,,,,,-0.00019369175804224655
1114,2025-11-30,SRE,US8168511090,00827201,,,,,,,,-0.0006891165735775831,,,,,,,-0.0027818325485524523,,,-0.004445477504059311,-0.0030432127880137567,-0.0024643407902937486,,,-0.008244340098437268,,-0.008244340098437268,,,,,,,,-0.0009627148734905514,,,-0.00196293811867554,,,,,,,,,-0.0007927250094651219,,-0.002267193527070249,-0.005272543086209881,,,-0.0007327666875049982
1115,2025-11-30,SREN,CH0126881561,06354608W,,-0.0009466361282130473,,0.0019800816830307846,,,0.002042516691054278,-0.0006891165735775831,,,,,,,,,,,,,,,,,,-0.003022924702760332,-0.0010694309089954003,,,,-0.0011141000133023334,,,,-0.0006590678857762351,0.000987883889790958,,,,,,,,-0.0007040973686553567,-0.0007927250094651219,,,,-0.000987883889790958,,-0.00010886748525003563
1116,2025-11-30,SRG,IT0003153415,24945701W,,-0.0009466361282130473,,,,,-0.0010352481858768258,,,,,,,,-0.0027818325485524523,,-0.0034613641634660282,-0.004445477504059311,-0.0030432127880137567,-0.0024643407902937486,,,,,,,,,,,,,-0.0009627148734905514,,,-0.00196293811867554,,,0.0035150287241399202,,,,,,-0.0007927250094651219,,,,,,-0.00020758674642609585
1117,2025-11-30,SRT3,DE0007165631,20882102W,,,,-0.000670767315701257,-0.00199752733662577,,-0.0010352481858768258,-0.0006891165735775831,,,,,-0.0014486859597892961,,,,,-0.004445477504059311,,,-0.002477807133410108,0.002386519502179209,,,,,-0.0010694309089954003,0.003716710700115162,,,-0.0011141000133023334,,-0.0009627148734905514,,-0.0006590678857762351,-0.00196293811867554,,,,,,-0.0005843282286263527,,-0.0007040973686553567,-0.0007927250094651219,0.0012288311799838747,,,-0.000987883889790958,0.002089579287622349,-0.00021257569229297295
1118,2025-11-30,SSE,GB0007908733,10334201W,,-0.0009466361282130473,,,,,0.002042516691054278,-0.0006891165735775831,,,,,,,,,-0.0034613641634660282,,,,,,,,,,,,,,,,-0.0009627148734905514,,,,,,-0.0035150287241399202,,,,,,,,,,,-0.0021188724552058395,-0.0001513449315324721
1119,2025-11-30,SSNC,US78467J1007,06296502,0.004359987552058171,0.001858355350057581,,0.0019800816830307846,,,,,,,,,,,,,,,-0.0030432127880137567,-0.0024643407902937486,,,,,,,,,,,,,,,,,0.0038104092891936953,,,,,-0.0005843282286263527,,,-0.0007927250094651219,0.0012288311799838747,,,,,0.00019250176079626483
1120,2025-11-30,STAN,GB0004082847,01564501W,,-0.0009466361282130473,0.0019800816830307846,0.0019800816830307846,,,0.002042516691054278,-0.0006891165735775831,,,,,,,,0.002547408457382302,,,,,,-0.002386519502179209,,,,0.0030029053338678792,0.0034093135745417273,,,,,,0.001897233077046233,,,0.000987883889790958,,,,,,,,,,,,,,,0.0003002737379610605
1121,2025-11-30,STE,IE00BFY8C754,02531301,,,,-0.000670767315701257,,,,-0.0006891165735775831,,,,,-0.0014486859597892961,,,,,,,,,0.002386519502179209,,,,0.0030029053338678792,-0.0010694309089954003,,,,,,,0.0058888143560266205,-0.0006590678857762351,0.000987883889790958,,,,,,-0.0005843282286263527,0.002833991908837811,,-0.0007927250094651219,0.0012288311799838747,,,,,8.50845163849097e-05
1122,2025-11-30,STERV,FI0009005961,10102005W,,-0.0009466361282130473,0.0019800816830307846,0.0019800816830307846,0.0019800816830307846,,-0.0010352481858768258,0.0020152831351735543,-0.003285787720391665,-0.005598008708815429,-0.003627509643312398,-0.003627509643312398,-0.0014486859597892961,,-0.0027818325485524523,0.002547408457382302,0.003435141707682195,,,,-0.002477807133410108,,-0.008244340098437268,,,,-0.0010694309089954003,0.003716710700115162,0.0016428938601958324,,,,0.001897233077046233,,,,,,,,-0.0023494233441142473,-0.0005843282286263527,-0.0028518157573210676,-0.0007040973686553567,-0.0007927250094651219,,,,-0.000987883889790958,,-0.00013729572361773846
1123,2025-11-30,STLAM,NL00150001Q9,10127610W,,-0.0009466361282130473,-0.00199752733662577,-0.000670767315701257,-0.00199752733662577,,-0.0010352481858768258,-0.0006891165735775831,-0.003285787720391665,-0.005598008708815429,,,-0.0014486859597892961,,-0.0027818325485524523,,,,,,-0.002477807133410108,-0.002386519502179209,,,,,-0.0010694309089954003,-0.003716710700115162,-0.006386460639634503,,-0.0011141000133023334,,-0.0009627148734905514,,-0.0006590678857762351,,,-0.002591078316651713,-0.0035150287241399202,-0.002437842502226074,-0.0023494233441142473,-0.0005843282286263527,-0.0028518157573210676,-0.0007040973686553567,,-0.0024510200292651337,,,-0.000987883889790958,,-0.0012705233705823148
1124,2025-11-30,STLD,US8581191009,06403001,-0.00229009447178813,,,-0.000670767315701257,,,,,,,0.003570383507197242,0.003570383507197242,,,,,,,,,-0.002477807133410108,-0.002386519502179209,0.008244340098437268,,,,-0.0010694309089954003,-0.003716710700115162,-0.006386460639634503,,,,,,-0.0006590678857762351,-0.00196293811867554,0.0038104092891936953,-0.002591078316651713,-0.0035150287241399202,,-0.0023494233441142473,-0.0005843282286263527,,-0.0007040973686553567,-0.0007927250094651219,,-0.002267193527070249,,-0.000987883889790958,,-0.000676713766710344
1125,2025-11-30,STMMI,NL0000226223,03114203W,,,,,,,,,-0.003285787720391665,,-0.003627509643312398,,-0.0014486859597892961,,-0.0027818325485524523,-0.002561800595559603,-0.0034613641634660282,,,,-0.002477807133410108,-0.002386519502179209,,,,,,,,,-0.0011141000133023334,,-0.0009627148734905514,,-0.0006590678857762351,-0.00196293811867554,,-0.002591078316651713,,-0.002437842502226074,-0.0023494233441142473,-0.0005843282286263527,-0.0028518157573210676,-0.0007040973686553567,,-0.0024510200292651337,,,-0.000987883889790958,,-0.0006104450163551994
1126,2025-11-30,STMN,CH1175448666,22821801W,,-0.0009466361282130473,-0.00199752733662577,-0.000670767315701257,-0.00199752733662577,,,-0.0006891165735775831,0.0016428938601958324,,0.003570383507197242,0.003570383507197242,0.004237744910411679,,,,,0.004402317528291745,0.003022924702760332,,,-0.002386519502179209,,,,,-0.0010694309089954003,,,,-0.0011141000133023334,,-0.0009627148734905514,,-0.0006590678857762351,,,,,,,-0.0005843282286263527,,-0.0007040973686553567,-0.0007927250094651219,,,,-0.000987883889790958,,-2.103788451612942e-05
1127,2025-11-30,STN,CA85472N1096,02998501C,,,,-0.000670767315701257,,,,-0.0006891165735775831,,,,,,,,,,,,,,,,,,,,,,0.006297759797417357,,,,0.0058888143560266205,,0.000987883889790958,0.0038104092891936953,,,,,-0.0005843282286263527,,-0.0007040973686553567,,0.0012288311799838747,,,,,0.00010758004378233354
1128,2025-11-30,STO,AU000000STO6,10016501W,,,-0.00199752733662577,-0.000670767315701257,-0.00199752733662577,,,-0.0006891165735775831,,,,,,,-0.0027818325485524523,0.002547408457382302,,-0.004445477504059311,,-0.0024643407902937486,,,,,0.008244340098437268,-0.003022924702760332,,,0.0016428938601958324,,,,,,-0.0006590678857762351,,,,-0.0035150287241399202,,,-0.0005843282286263527,,-0.0007040973686553567,-0.0007927250094651219,0.0012288311799838747,,,-0.000987883889790958,,-0.00019690595120919449
1129,2025-11-30,STT,US8574771031,01003501,0.004359987552058171,0.001858355350057581,,,,,,-0.0006891165735775831,,,,,,,,,,,,,,,,,,0.0030029053338678792,-0.0010694309089954003,,,,-0.0011141000133023334,,0.001897233077046233,,0.0019460888644379816,0.000987883889790958,,,,,,,-0.0028518157573210676,-0.0007040973686553567,0.0023253266944310244,,,0.009647632030086164,0.001954477178508835,,0.0005645012676523436
1130,2025-11-30,STX,IE00BKVD2N49,15093701,0.004359987552058171,0.001858355350057581,0.0019800816830307846,0.0019800816830307846,0.0019800816830307846,0.004626925565449486,0.002042516691054278,,0.0016428938601958324,,,,0.004237744910411679,,-0.0027818325485524523,,0.003435141707682195,0.004402317528291745,0.003022924702760332,-0.0024643407902937486,,0.002386519502179209,,,,,,,,-0.007313527506678221,-0.0011141000133023334,,0.001897233077046233,-0.005529740309927436,0.0019460888644379816,,,,,,0.00458018894357626,-0.0005843282286263527,-0.0028518157573210676,-0.0007040973686553567,,,,,-0.000987883889790958,,0.0007388049746046555
1131,2025-11-30,STZ,US21036P1084,00271002,-0.00229009447178813,-0.0009466361282130473,-0.00199752733662577,-0.000670767315701257,-0.00199752733662577,-0.0047233198480630175,-0.0010352481858768258,,,,,,,,0.002764870154963718,,,,-0.0030432127880137567,,,0.002386519502179209,,,,,,,-0.006386460639634503,,-0.0011141000133023334,,-0.0009627148734905514,,0.0019460888644379816,0.000987883889790958,-0.00781790871403534,,,,,-0.0005843282286263527,,-0.0007040973686553567,-0.0007927250094651219,0.0012288311799838747,-0.002267193527070249,-0.005272543086209881,,,-0.001008081614457498
1132,2025-11-30,SU,CA8672241079,01507001C,,-0.0009466361282130473,,,,,-0.0010352481858768258,-0.0006891165735775831,,,,,,,0.002764870154963718,,,,,,,,,,,,,,0.0016428938601958324,,,,,,-0.0006590678857762351,0.000987883889790958,,,,,,-0.0005843282286263527,,,,0.0012288311799838747,,,0.001954477178508835,,0.00011585467817674181
1133,2025-11-30,SU,FR0000121972,10133602W,,-0.0009466361282130473,-0.00199752733662577,-0.000670767315701257,-0.00199752733662577,,-0.0010352481858768258,-0.0006891165735775831,,,,,,,,,,,,,,-0.002386519502179209,,,,,,,,,,,,,-0.0006590678857762351,0.000987883889790958,,-0.002591078316651713,,-0.002437842502226074,,-0.0005843282286263527,,-0.0007040973686553567,-0.0007927250094651219,,,,-0.000987883889790958,,-0.0004264625517586086
1134,2025-11-30,SUI,US8666741041,02935901,,,,,,-0.0047233198480630175,,,,,,,,,0.002764870154963718,,,,,,,,,,,,,-0.003716710700115162,,,,,-0.0009627148734905514,,,-0.00196293811867554,,-0.002591078316651713,,,-0.0023494233441142473,-0.0005843282286263527,,-0.0007040973686553567,-0.0007927250094651219,,,0.009647632030086164,0.001954477178508835,,-4.1974523770920944e-05
1135,2025-11-30,SUN,AU000000SUN6,20514501W,,,,-0.000670767315701257,,,-0.0010352481858768258,0.0020152831351735543,,,,,,,,,-0.0034613641634660282,,,,,,,,,0.0030029053338678792,-0.0010694309089954003,,,,0.0032621489598133077,,0.001897233077046233,,0.0019460888644379816,0.000987883889790958,,,,,,,,-0.0007040973686553567,0.0023253266944310244,,,,,-0.0021188724552058395,8.182526879522899e-05
1136,2025-11-30,SVT,GB00B1FH8J72,10260303W,,,,,,,0.002042516691054278,-0.0006891165735775831,,,,,,,-0.0027818325485524523,,0.003435141707682195,-0.004445477504059311,,,,,0.008244340098437268,0.009647632030086164,0.008244340098437268,,,,,,,,-0.0009627148734905514,,,,,,,,,,,,-0.0007927250094651219,,,,,0.002089579287622349,0.0005138428519059855
1137,2025-11-30,SW,FR0000121220,10208901W,,-0.0009466361282130473,-0.00199752733662577,-0.000670767315701257,-0.00199752733662577,,-0.0010352481858768258,0.0020152831351735543,,-0.005598008708815429,,,-0.0014486859597892961,,-0.0027818325485524523,,,,,0.0024510200292651337,-0.002477807133410108,,,,,,-0.0010694309089954003,,0.0016428938601958324,,-0.0011141000133023334,,,,-0.0006590678857762351,,,,,0.0024510200292651337,-0.0023494233441142473,-0.0005843282286263527,,-0.0007040973686553567,,0.0012288311799838747,,,,,-0.0001941316882134387
1138,2025-11-30,SW,IE00028FXN24,28318401,-0.00229009447178813,-0.0009466361282130473,-0.00199752733662577,-0.000670767315701257,-0.00199752733662577,,0.002042516691054278,-0.0006891165735775831,-0.003285787720391665,-0.005598008708815429,-0.003627509643312398,-0.003627509643312398,-0.0014486859597892961,-0.00719743976847698,-0.0027818325485524523,,,,,,,,,,-0.008244340098437268,0.0030029053338678792,-0.0010694309089954003,0.003716710700115162,,,,-0.005813316736077561,,,,,-0.00781790871403534,,,,,,,,,,-0.002267193527070249,,-0.000987883889790958,,-0.000733573303899248
1139,2025-11-30,SWED A,SE0000242455,02457801W,,,,-0.000670767315701257,,,-0.0010352481858768258,0.0020152831351735543,,,,,,,,,-0.0034613641634660282,,,,,,,,,,0.0034093135745417273,,,,,,-0.0009627148734905514,,-0.0006590678857762351,0.000987883889790958,,,,,,,,,-0.0007927250094651219,,,,,,8.011170347155466e-05
1140,2025-11-30,SY1,DE000SYM9999,28177201W,,-0.0009466361282130473,,-0.000670767315701257,,,,,,,,,-0.0014486859597892961,,,-0.002561800595559603,,,,,-0.002477807133410108,,,,-0.008244340098437268,,-0.0010694309089954003,,0.0016428938601958324,,,,,,,0.000987883889790958,,,,,,0.00229009447178813,0.002833991908837811,-0.0007040973686553567,0.0023253266944310244,,,,,,-0.00013464492195808993
1141,2025-11-30,SYENS,BE0974464977,35964501W,,-0.0009466361282130473,-0.00199752733662577,-0.000670767315701257,-0.00199752733662577,,-0.0010352481858768258,-0.0006891165735775831,-0.003285787720391665,,,,-0.0014486859597892961,,,,-0.0034613641634660282,,,,-0.002477807133410108,,,,,,-0.0010694309089954003,0.003716710700115162,0.0016428938601958324,,,,-0.0009627148734905514,,-0.0006590678857762351,0.000987883889790958,,,-0.0035150287241399202,,,,,-0.0007040973686553567,,,,,,,-0.00029421621908810094
1142,2025-11-30,SYF,US87165B1035,02068601,0.004359987552058171,,0.0019800816830307846,0.0019800816830307846,0.0019800816830307846,0.004626925565449486,0.002042516691054278,0.0020152831351735543,,,,,,,,-0.002561800595559603,,,,,,-0.002386519502179209,,,,,-0.0010694309089954003,,,,0.0032621489598133077,,,,,,,,,,,,,,0.0023253266944310244,,-0.002267193527070249,0.009647632030086164,0.001954477178508835,,0.0008561052201656788
1143,2025-11-30,SYK,US8636671013,01011501,,,,-0.000670767315701257,,,,-0.0006891165735775831,,,,,,,,,,,,,,,,,,,-0.0010694309089954003,,,,,,,,-0.0006590678857762351,,,,,,,-0.0005843282286263527,0.002833991908837811,-0.0007040973686553567,-0.0007927250094651219,,-0.002267193527070249,,-0.000987883889790958,,-0.00023388745204834811
1144,2025-11-30,SYY,US8718291078,01024701,-0.00229009447178813,,,-0.000670767315701257,,,,,,,,,,,,,,,0.003022924702760332,0.0024510200292651337,,,,,,,,,0.0016428938601958324,,,,0.001897233077046233,-0.005529740309927436,-0.0006590678857762351,,,,,-0.002437842502226074,-0.0023494233441142473,-0.0005843282286263527,0.002833991908837811,-0.0007040973686553567,0.0023253266944310244,,-0.002267193527070249,-0.005272543086209881,-0.000987883889790958,0.002089579287622349,-0.00022602165803649655
1145,2025-11-30,T,CA87971M1032,00240801C,,-0.0009466361282130473,-0.00199752733662577,-0.000670767315701257,,,-0.0010352481858768258,-0.0006891165735775831,,,,,-0.0014486859597892961,,-0.0027818325485524523,,,,,,,,,,,,,0.003716710700115162,,-0.007313527506678221,-0.0011141000133023334,,,,-0.0006590678857762351,,,,-0.0035150287241399202,,,-0.0005843282286263527,0.002833991908837811,,,,,,-0.000987883889790958,,-0.00022049522810461372
1146,2025-11-30,T,US00206R1023,00989901,,,,-0.000670767315701257,,-0.0047233198480630175,-0.0010352481858768258,-0.0006891165735775831,,,,,-0.0014486859597892961,,,,,-0.004445477504059311,,,,,,,,,,,,,0.0032621489598133077,-0.005813316736077561,,,-0.0006590678857762351,0.000987883889790958,,,,,,0.00229009447178813,0.002833991908837811,,,,0.004318463861086188,-0.005272543086209881,,,-0.00026097223077411325
1147,2025-11-30,TCL,AU000000TCL6,21265001W,,,0.0019800816830307846,0.0019800816830307846,0.0019800816830307846,,0.002042516691054278,-0.0006891165735775831,,,,,,,,,,,-0.0030432127880137567,-0.0024643407902937486,,,,,,,,,,,,,-0.0009627148734905514,,-0.0006590678857762351,0.000987883889790958,,,-0.0035150287241399202,,,-0.0005843282286263527,,-0.0007040973686553567,-0.0007927250094651219,,,,-0.000987883889790958,0.002089579287622349,6.117467249496781e-05
1148,2025-11-30,TD,CA8911605092,01570601C,,,,,,,,,,,,,,,,,,,,,,,,,,,-0.0010694309089954003,,,,,,,,0.0019460888644379816,,,,,,,,,,0.0023253266944310244,,,,,,4.501883261193296e-05
1149,2025-11-30,TDG,US8936411003,14834901,-0.00229009447178813,-0.0009466361282130473,,-0.000670767315701257,,,-0.0010352481858768258,-0.0006891165735775831,,,,,,,,,0.003435141707682195,,-0.0030432127880137567,-0.0024643407902937486,,,,,,,,,,0.006297759797417357,,,-0.0009627148734905514,,-0.0006590678857762351,0.000987883889790958,,,,-0.002437842502226074,,-0.0005843282286263527,,-0.0007040973686553567,-0.0007927250094651219,-0.0024510200292651337,-0.002267193527070249,,-0.000987883889790958,,-0.0004738175104411388
1150,2025-11-30,TDY,US8793601050,12672101,-0.00229009447178813,-0.0009466361282130473,,-0.000670767315701257,,,,-0.0006891165735775831,-0.003285787720391665,,,,-0.0014486859597892961,-0.00719743976847698,,,,-0.004445477504059311,-0.0030432127880137567,-0.0024643407902937486,,-0.002386519502179209,,,,,,,,-0.007313527506678221,0.0032621489598133077,,,-0.005529740309927436,-0.0006590678857762351,0.000987883889790958,0.0038104092891936953,,,,,0.00229009447178813,,,,0.0012288311799838747,-0.002267193527070249,,,,-0.0004071229139244205
1151,2025-11-30,TEAM,US0494681010,02649401,0.004359987552058171,0.001858355350057581,0.0019800816830307846,0.0019800816830307846,0.0019800816830307846,,,0.0020152831351735543,0.0016428938601958324,,,,-0.0014486859597892961,0.003627509643312398,,0.002547408457382302,-0.0034613641634660282,0.004402317528291745,0.003022924702760332,0.0024510200292651337,-0.002477807133410108,,,,,,,,,,-0.0011141000133023334,-0.005813316736077561,,-0.005529740309927436,-0.0006590678857762351,0.000987883889790958,,,,,-0.0023494233441142473,-0.0005843282286263527,,-0.0007040973686553567,,,0.004318463861086188,,,0.002089579287622349,0.000473201572869768
1152,2025-11-30,TECK.B,CA8787422044,01038501C,,,0.0019800816830307846,,0.0019800816830307846,,,0.0020152831351735543,-0.003285787720391665,,-0.003627509643312398,-0.003627509643312398,-0.0014486859597892961,,-0.0027818325485524523,-0.002561800595559603,0.003435141707682195,,,,,0.002386519502179209,,,0.008244340098437268,,-0.0010694309089954003,-0.003716710700115162,0.0016428938601958324,,,,0.001897233077046233,,0.0019460888644379816,-0.00196293811867554,-0.00781790871403534,-0.002591078316651713,0.0035150287241399202,,-0.0023494233441142473,-0.0005843282286263527,,-0.0007040973686553567,-0.0007927250094651219,0.0012288311799838747,,,-0.000987883889790958,,-9.411995214692618e-06
1153,2025-11-30,TEF,ES0178430E18,01368301W,,,-0.00199752733662577,-0.000670767315701257,-0.00199752733662577,,0.002042516691054278,-0.0006891165735775831,,,,,-0.0014486859597892961,,,,,,,,,,,,,-0.003022924702760332,,0.003716710700115162,,,,,,,0.0019460888644379816,0.000987883889790958,,,0.0035150287241399202,,,-0.0005843282286263527,,,,,,,,,-2.0235945286526737e-05
1154,2025-11-30,TEL,IE000IVNQZ81,17726702,0.004359987552058171,0.001858355350057581,0.0019800816830307846,0.0019800816830307846,0.0019800816830307846,,,,,,0.003570383507197242,0.003570383507197242,-0.0014486859597892961,,,,,,,,,-0.002386519502179209,,,,,,,,,0.0032621489598133077,,,,-0.0006590678857762351,,-0.00781790871403534,,,,-0.0023494233441142473,-0.0005843282286263527,0.002833991908837811,-0.0007040973686553567,,,,,,,0.0001747831675637006
1155,2025-11-30,TEL,NO0010063308,22161201W,,,,-0.000670767315701257,,,-0.0010352481858768258,,0.0016428938601958324,,,,-0.0014486859597892961,,0.002764870154963718,0.002547408457382302,,,,,,,-0.008244340098437268,-0.009647632030086164,,,,,,,-0.0011141000133023334,,,,-0.0006590678857762351,0.000987883889790958,,,,,,-0.0005843282286263527,,,,,,,0.001954477178508835,,-0.0002809949020270533
1156,2025-11-30,TEL2 B,SE0005190238,22228601W,,0.001858355350057581,,,,,,-0.0006891165735775831,0.0016428938601958324,,,,,,0.002764870154963718,,,,,,,,-0.008244340098437268,-0.009647632030086164,,,,,,,,,,,-0.0006590678857762351,0.000987883889790958,,,,,,0.00229009447178813,,,,,,,0.001954477178508835,,-9.298495990276549e-05
1157,2025-11-30,TELIA,SE0000667925,22057901W,,,,,,,0.002042516691054278,-0.0006891165735775831,0.0016428938601958324,,,,-0.0014486859597892961,,-0.0027818325485524523,,,,,,,,,,,0.0030029053338678792,,0.003716710700115162,,,-0.0011141000133023334,,,,0.0019460888644379816,,,-0.002591078316651713,,,,-0.0005843282286263527,,,,,,,-0.000987883889790958,,8.238387354531112e-05
1158,2025-11-30,TEN,LU2598331598,15193303W,,0.001858355350057581,,,0.0019800816830307846,,-0.0010352481858768258,,,,,,,,0.002764870154963718,-0.002561800595559603,,,,,,-0.002386519502179209,0.008244340098437268,0.009647632030086164,0.008244340098437268,-0.003022924702760332,,-0.003716710700115162,-0.006386460639634503,,,,,,-0.0006590678857762351,0.000987883889790958,,-0.002591078316651713,,-0.002437842502226074,,0.00229009447178813,0.002833991908837811,-0.0007040973686553567,0.0023253266944310244,,,,0.001954477178508835,,0.00019467739678375842
1159,2025-11-30,TER,US8807701029,01045301,0.004359987552058171,0.001858355350057581,0.0019800816830307846,0.0019800816830307846,0.0019800816830307846,,,-0.0006891165735775831,0.0016428938601958324,0.005529740309927436,0.003570383507197242,0.003570383507197242,,,,,-0.0034613641634660282,,,,,-0.002386519502179209,,,,,,,,,-0.0011141000133023334,,-0.0009627148734905514,-0.005529740309927436,-0.0006590678857762351,-0.00196293811867554,-0.00781790871403534,,,,,-0.0005843282286263527,,-0.0007040973686553567,,,,,-0.000987883889790958,-0.0021188724552058395,-2.349039647859933e-05
1160,2025-11-30,TEVA,US8816242098,01453890,-0.00229009447178813,,,-0.000670767315701257,,0.004626925565449486,0.002042516691054278,0.0020152831351735543,-0.003285787720391665,,,,,-0.00719743976847698,,0.002547408457382302,,,,0.0024510200292651337,,0.002386519502179209,,,,,-0.0010694309089954003,0.003716710700115162,,,,,-0.0009627148734905514,,,0.000987883889790958,,,,,,-0.0005843282286263527,,-0.0007040973686553567,-0.0007927250094651219,,-0.002267193527070249,,-0.000987883889790958,0.002089579287622349,0.00025938522462658545
1161,2025-11-30,TFC,US89832Q1094,01185601,,-0.0009466361282130473,,-0.000670767315701257,,-0.0047233198480630175,-0.0010352481858768258,,,,,,,,,,0.003435141707682195,,,,,,,,,,-0.0010694309089954003,,,,,,0.001897233077046233,,0.0019460888644379816,,,,,,,,,,,,,,,,-0.00018429052617133682
1162,2025-11-30,TFII,CA87241L1094,15076401C,,-0.0009466361282130473,-0.00199752733662577,-0.000670767315701257,-0.00199752733662577,,,-0.0006891165735775831,,,,,,,,,,,,,,,,,,,,,,0.006297759797417357,,,0.001897233077046233,0.0058888143560266205,-0.0006590678857762351,-0.00196293811867554,-0.00781790871403534,,,,,0.00229009447178813,,,,0.0012288311799838747,,,0.001954477178508835,,-3.741915805812524e-05
1163,2025-11-30,TGT,US87612E1064,00381301,,0.001858355350057581,,,,-0.0047233198480630175,-0.0010352481858768258,,0.0016428938601958324,,0.003570383507197242,,,0.003627509643312398,,,,,0.003022924702760332,0.0024510200292651337,,,,,,,,,0.0016428938601958324,,,,-0.0009627148734905514,,-0.0006590678857762351,-0.00196293811867554,,-0.002591078316651713,,-0.002437842502226074,-0.0023494233441142473,0.00229009447178813,-0.0028518157573210676,-0.0007040973686553567,-0.0007927250094651219,-0.0024510200292651337,-0.002267193527070249,0.009647632030086164,,,-5.194298464895142e-05
1164,2025-11-30,TIH,CA8911021050,01502001C,,,0.0019800816830307846,,0.0019800816830307846,,,,,,,,,,,,,,,,,0.002386519502179209,,,,,,,,,,,,,-0.0006590678857762351,,0.0038104092891936953,0.0025763562807616463,,0.0024510200292651337,,-0.0005843282286263527,,0.002079994061532338,-0.0007927250094651219,0.0012288311799838747,,,,-0.0021188724552058395,0.0002481198787042684
1165,2025-11-30,TIT,IT0003497168,01915101W,,0.001858355350057581,-0.00199752733662577,-0.000670767315701257,,,,-0.0006891165735775831,,-0.005598008708815429,,,-0.0014486859597892961,,-0.0027818325485524523,,,,,,,,,-0.009647632030086164,,0.0030029053338678792,,0.003716710700115162,,,-0.0011141000133023334,,,,,0.000987883889790958,,-0.002591078316651713,-0.0035150287241399202,,,0.00229009447178813,,,,,,,-0.000987883889790958,,-0.00025955520994179937
1166,2025-11-30,TJX,US8725401090,01167201,0.004359987552058171,,,,0.0019800816830307846,,-0.0010352481858768258,,0.0016428938601958324,,0.003570383507197242,0.003570383507197242,,0.003627509643312398,,,,,,0.0024510200292651337,,-0.002386519502179209,,,,,-0.0010694309089954003,,0.0016428938601958324,-0.007313527506678221,-0.0011141000133023334,0.0064776957916292816,,,-0.0006590678857762351,,,,,,,-0.0005843282286263527,-0.0028518157573210676,-0.0007040973686553567,,,0.004318463861086188,,-0.000987883889790958,,0.00032685183977420646
1167,2025-11-30,TLC,AU0000219529,35307001W,,,,,,,-0.0010352481858768258,,,,,,-0.0014486859597892961,,,0.002547408457382302,,,,0.0024510200292651337,,,,,,,0.0034093135745417273,,0.0016428938601958324,,-0.0011141000133023334,,-0.0009627148734905514,,-0.0006590678857762351,,,,,,,-0.0005843282286263527,,,,,,,-0.000987883889790958,0.002089579287622349,7.587253912522936e-05
1168,2025-11-30,TLS,AU000000TLS2,21021602W,,-0.0009466361282130473,,-0.000670767315701257,,,-0.0010352481858768258,-0.0006891165735775831,0.0016428938601958324,,,,-0.0014486859597892961,,,-0.002561800595559603,,,,,,,-0.008244340098437268,-0.009647632030086164,-0.008244340098437268,0.0030029053338678792,,,,,-0.0011141000133023334,,,,-0.0006590678857762351,,,,,,,-0.0005843282286263527,,,,,,,,,-0.0005938783020767836
1169,2025-11-30,TLX,DE000TLX1005,26980901W,,-0.0009466361282130473,,,,,0.002042516691054278,-0.0006891165735775831,,,,,,,,,,,,,,,,,,,-0.0010694309089954003,,,,-0.0011141000133023334,,0.001897233077046233,,,,,,,,,,,,-0.0007927250094651219,,,,0.001954477178508835,,0.00010103436128554373
1170,2025-11-30,TMO,US8835561023,01053001,,,,-0.000670767315701257,,,-0.0010352481858768258,-0.0006891165735775831,,,,,-0.0014486859597892961,-0.00719743976847698,,,,,-0.0030432127880137567,,,,,,,,-0.0010694309089954003,,,,-0.0011141000133023334,,-0.0009627148734905514,,-0.0006590678857762351,,,,,-0.002437842502226074,,-0.0005843282286263527,,-0.0007040973686553567,-0.0007927250094651219,-0.0024510200292651337,,,-0.000987883889790958,,-0.00046081040398480023
1171,2025-11-30,TMUS,US8725901040,01787401,-0.00229009447178813,-0.0009466361282130473,,-0.000670767315701257,,,0.002042516691054278,,,0.005529740309927436,,,,,,,,,,,,,,,,,,,,0.006297759797417357,0.0032621489598133077,,,,-0.0006590678857762351,,,,,,,0.00229009447178813,0.002833991908837811,,,,,-0.005272543086209881,,,-1.2144639619852645e-06
1172,2025-11-30,TOST,US8887871080,03952401,-0.00229009447178813,,,-0.000670767315701257,,,,-0.0006891165735775831,,,,,,,,,0.003435141707682195,,,,,0.002386519502179209,,,,0.0030029053338678792,-0.0010694309089954003,,,,,,,,,0.000987883889790958,,,,,,,-0.0028518157573210676,,,,,-0.005272543086209881,-0.000987883889790958,-0.0021188724552058395,-0.0003234540355825491
1173,2025-11-30,TOU,CA89156V1067,18595601C,,-0.0009466361282130473,-0.00199752733662577,-0.000670767315701257,-0.00199752733662577,,0.002042516691054278,-0.0006891165735775831,,,,,,,-0.0027818325485524523,,,-0.004445477504059311,,-0.0024643407902937486,,,-0.008244340098437268,,-0.008244340098437268,,,,0.0016428938601958324,,,,,,,-0.00196293811867554,,,,,,-0.0005843282286263527,-0.0028518157573210676,-0.0007040973686553567,-0.0007927250094651219,,,,-0.000987883889790958,,-0.0005925453733776429
1174,2025-11-30,TPL,US88262P1021,01050401,,,,,,,,,,,,,,,0.002764870154963718,,,,,,,,0.008244340098437268,0.009647632030086164,0.008244340098437268,,,-0.003716710700115162,0.0016428938601958324,,,,,,,,,0.0025763562807616463,,-0.002437842502226074,,-0.0005843282286263527,,,,,-0.002267193527070249,,-0.000987883889790958,,0.00023565833214212899
1175,2025-11-30,TPR,US8760301072,14054101,,,,,,,-0.0010352481858768258,-0.0006891165735775831,,,,,,,,,,,,,,,,,,,0.0034093135745417273,0.003716710700115162,0.0016428938601958324,,-0.0011141000133023334,,,,-0.0006590678857762351,,,,,,,-0.0005843282286263527,,-0.0007040973686553567,,,0.004318463861086188,,,0.002089579287622349,0.0004328055288310123
1176,2025-11-30,TREL B,SE0000114837,10104802W,,-0.0009466361282130473,,-0.000670767315701257,,,-0.0010352481858768258,-0.0006891165735775831,,,,,,,,,,,,-0.0024643407902937486,,,,,,,,,,,,,,,-0.0006590678857762351,0.000987883889790958,,,,,,-0.0005843282286263527,,,,,,,,-0.0021188724552058395,-0.00021600778655589138
1177,2025-11-30,TRGP,US87612G1013,18553201,,,,-0.000670767315701257,,0.004626925565449486,0.002042516691054278,-0.0006891165735775831,,,,,,,-0.0027818325485524523,,,,,0.0024510200292651337,,-0.002386519502179209,-0.008244340098437268,-0.009647632030086164,-0.008244340098437268,,,,0.0016428938601958324,,,,,,0.0019460888644379816,-0.00196293811867554,,0.0025763562807616463,0.0035150287241399202,,,-0.0005843282286263527,-0.0028518157573210676,0.002079994061532338,-0.0007927250094651219,0.0012288311799838747,0.004318463861086188,-0.005272543086209881,-0.000987883889790958,,-0.00016278889569384705
1178,2025-11-30,TRI,CA8849038085,01570401C,,,,-0.000670767315701257,,,-0.0010352481858768258,-0.0006891165735775831,,,,,,,,,,,-0.0030432127880137567,-0.0024643407902937486,,,,,,,,,,0.006297759797417357,,-0.005813316736077561,-0.0009627148734905514,,-0.0006590678857762351,0.000987883889790958,0.0038104092891936953,,,,,-0.0005843282286263527,,-0.0007040973686553567,-0.0007927250094651219,,,,-0.000987883889790958,-0.0021188724552058395,-0.0003136150538681704
1179,2025-11-30,TRMB,US8962391004,02281501,,,,,,,,,-0.003285787720391665,-0.005598008708815429,,,-0.0014486859597892961,-0.00719743976847698,,,-0.0034613641634660282,-0.004445477504059311,-0.0030432127880137567,,,,,,,,,,,,-0.0011141000133023334,-0.005813316736077561,-0.0009627148734905514,,-0.0006590678857762351,-0.00196293811867554,-0.00781790871403534,-0.002591078316651713,,-0.002437842502226074,-0.0023494233441142473,-0.0005843282286263527,-0.0028518157573210676,-0.0007040973686553567,,-0.0024510200292651337,-0.002267193527070249,,-0.000987883889790958,,-0.0008984401496209934
1180,2025-11-30,TRN,IT0003242622,27045101W,,-0.0009466361282130473,,,,,-0.0010352481858768258,-0.0006891165735775831,,,,,,,-0.0027818325485524523,,0.003435141707682195,-0.004445477504059311,-0.0030432127880137567,-0.0024643407902937486,,,,-0.009647632030086164,,,,,,,,,,,,0.000987883889790958,,,,,,,,,,,,,,,-0.00033699612423717664
1181,2025-11-30,TROW,US74144T1088,01213801,0.004359987552058171,0.001858355350057581,0.0019800816830307846,0.0019800816830307846,0.0019800816830307846,-0.0047233198480630175,-0.0010352481858768258,,,,,,,,,,,,,,,-0.002386519502179209,,,,-0.003022924702760332,-0.0010694309089954003,,,,-0.0011141000133023334,,-0.0009627148734905514,,-0.0006590678857762351,-0.00196293811867554,,,,,,,,-0.0007040973686553567,-0.0007927250094651219,,-0.002267193527070249,,-0.000987883889790958,-0.0021188724552058395,-0.0003080977835050958
1182,2025-11-30,TRP,CA87807B1076,01067101C,,,,-0.000670767315701257,,,-0.0010352481858768258,-0.0006891165735775831,,,,,,,-0.0027818325485524523,0.002547408457382302,,-0.004445477504059311,,-0.0024643407902937486,,,-0.008244340098437268,,,-0.003022924702760332,,-0.003716710700115162,0.0016428938601958324,,,,,,0.0019460888644379816,,,,,0.0024510200292651337,,0.00229009447178813,,,-0.0007927250094651219,0.0012288311799838747,,,-0.000987883889790958,,-0.000332232948288998
1183,2025-11-30,TRU,US89400J1079,02463801,0.004359987552058171,,,,,0.004626925565449486,0.002042516691054278,,,,,,,,,,0.003435141707682195,,-0.0030432127880137567,-0.0024643407902937486,,,,,,,,,,,,,,,0.0019460888644379816,0.000987883889790958,0.0038104092891936953,,,,,0.00229009447178813,,,-0.0007927250094651219,,-0.002267193527070249,,,,0.0002932110206469256
1184,2025-11-30,TRV,US89417E1091,06268905,0.004359987552058171,0.001858355350057581,0.0019800816830307846,0.0019800816830307846,0.0019800816830307846,-0.0047233198480630175,-0.0010352481858768258,0.0020152831351735543,,,,,,,,-0.002561800595559603,,,,,,,,,,,-0.0010694309089954003,,,,,,,,0.0019460888644379816,,,,,,,,,,0.0023253266944310244,,,,0.001954477178508835,,0.0003730477830192588
1185,2025-11-30,TRYG,DK0060636678,27428201W,,-0.0009466361282130473,,-0.000670767315701257,,,,-0.0006891165735775831,,,,,,,,,,,,,,,,,,,-0.0010694309089954003,,,,-0.0011141000133023334,,-0.0009627148734905514,,-0.0006590678857762351,0.000987883889790958,,,,,,,,0.002079994061532338,,,,,,-0.0021188724552058395,-0.00014654291131419532
1186,2025-11-30,TSCO,GB00BLGZ9862,10013101W,,0.001858355350057581,,,0.0019800816830307846,,,,0.0016428938601958324,,,,,,,0.002547408457382302,,,0.003022924702760332,0.0024510200292651337,,,,,,,,,0.0016428938601958324,,-0.0011141000133023334,,0.001897233077046233,,-0.0006590678857762351,0.000987883889790958,,,,-0.002437842502226074,-0.0023494233441142473,-0.0005843282286263527,,-0.0007040973686553567,0.0023253266944310244,-0.0024510200292651337,,,,,0.0001639695881783689
1187,2025-11-30,TSCO,US8923561067,02973601,,,,-0.000670767315701257,,,,-0.0006891165735775831,,,,0.003570383507197242,,,,,,,,0.0024510200292651337,,,,,,0.0030029053338678792,-0.0010694309089954003,,0.0016428938601958324,-0.007313527506678221,-0.0011141000133023334,,,-0.005529740309927436,-0.0006590678857762351,,-0.00781790871403534,0.0025763562807616463,,,0.00458018894357626,-0.0005843282286263527,-0.0028518157573210676,,,0.0012288311799838747,-0.002267193527070249,,-0.000987883889790958,,-0.00015193215659595918
1188,2025-11-30,TSLA,US88160R1014,18499601,,,,-0.000670767315701257,,-0.0047233198480630175,-0.0010352481858768258,-0.0006891165735775831,,,,,-0.0014486859597892961,,,,,,,,,0.002386519502179209,,,,0.0030029053338678792,-0.0010694309089954003,0.003716710700115162,-0.006386460639634503,0.006297759797417357,-0.0011141000133023334,,-0.0009627148734905514,0.0058888143560266205,-0.0006590678857762351,,0.0038104092891936953,,-0.0035150287241399202,0.0024510200292651337,0.00458018894357626,-0.0005843282286263527,,-0.0007040973686553567,,,0.004318463861086188,,-0.000987883889790958,-0.0021188724552058395,-0.00016261413229112662
1189,2025-11-30,TSN,US9024941034,01079301,0.004359987552058171,-0.0009466361282130473,0.0019800816830307846,0.0019800816830307846,0.0019800816830307846,0.004626925565449486,0.002042516691054278,,-0.003285787720391665,,,,,-0.00719743976847698,,,,,,,,,,,,,,,0.0016428938601958324,,-0.0011141000133023334,,,,0.0019460888644379816,,,,,,0.00458018894357626,-0.0005843282286263527,,-0.0007040973686553567,,0.0012288311799838747,,0.009647632030086164,,,0.00087420841083929
1190,2025-11-30,TT,IE00BK9ZQ967,00595901,-0.00229009447178813,,,-0.000670767315701257,,,,-0.0006891165735775831,,,,,,,,,-0.0034613641634660282,,,,,,,,,,,,,,,0.0064776957916292816,,0.0058888143560266205,,0.000987883889790958,0.0038104092891936953,,,,,-0.0005843282286263527,,-0.0007040973686553567,-0.0007927250094651219,,0.004318463861086188,,-0.000987883889790958,,0.00016289932823540857
1191,2025-11-30,TTD,US88339J1051,02788501,,-0.0009466361282130473,,,,,0.002042516691054278,-0.0006891165735775831,0.0016428938601958324,,0.003570383507197242,0.003570383507197242,-0.0014486859597892961,0.003627509643312398,0.002764870154963718,-0.002561800595559603,,,,,,,,0.009647632030086164,,,,,,0.006297759797417357,-0.0011141000133023334,0.0064776957916292816,,,-0.0006590678857762351,0.000987883889790958,,0.0025763562807616463,0.0035150287241399202,,,-0.0005843282286263527,,,,,-0.002267193527070249,,,,0.0002812610200117549
1192,2025-11-30,TTE,FR0000120271,02462502W,,0.001858355350057581,,,,,,-0.0006891165735775831,,,,,,,,0.002547408457382302,,,,,,,,,,,,,-0.006386460639634503,,,,,,-0.0006590678857762351,,,,,,,-0.0005843282286263527,,-0.0007040973686553567,-0.0007927250094651219,,,,,,-0.0002954625232974504
1193,2025-11-30,TTWO,US8740541094,06463001,,,0.0019800816830307846,,0.0019800816830307846,,0.002042516691054278,,-0.003285787720391665,-0.005598008708815429,,-0.003627509643312398,-0.0014486859597892961,-0.00719743976847698,-0.0027818325485524523,0.002547408457382302,,,,,,,,,,0.0030029053338678792,,,,,-0.0011141000133023334,-0.005813316736077561,,,-0.0006590678857762351,0.000987883889790958,,,0.0035150287241399202,,,-0.0005843282286263527,-0.0028518157573210676,,,,,,-0.000987883889790958,,-6.268104595417398e-05
1194,2025-11-30,TW,US8926721064,03491901,-0.00229009447178813,-0.0009466361282130473,,-0.000670767315701257,,,-0.0010352481858768258,-0.0006891165735775831,,,,,,,,,,,,,,,,,,0.0030029053338678792,-0.0010694309089954003,,,,-0.0011141000133023334,,-0.0009627148734905514,,-0.0006590678857762351,0.000987883889790958,,,,,,,,-0.0007040973686553567,-0.0007927250094651219,,,-0.005272543086209881,,-0.0021188724552058395,-0.0003935928582449333
1195,2025-11-30,TWLO,US90138F1021,02736401,0.004359987552058171,,,,,0.004626925565449486,0.002042516691054278,0.0020152831351735543,-0.003285787720391665,0.005529740309927436,,,-0.0014486859597892961,-0.00719743976847698,,,0.003435141707682195,,-0.0030432127880137567,-0.0024643407902937486,-0.002477807133410108,,,,,,,,,,0.0032621489598133077,-0.005813316736077561,0.001897233077046233,,0.0019460888644379816,0.000987883889790958,,,,,,0.00229009447178813,-0.0028518157573210676,-0.0007040973686553567,,,-0.002267193527070249,,,-0.0021188724552058395,0.00010558709734473262
1196,2025-11-30,TXN,US8825081040,01049901,-0.00229009447178813,-0.0009466361282130473,,-0.000670767315701257,-0.00199752733662577,,,,,0.005529740309927436,,,0.004237744910411679,,-0.0027818325485524523,-0.002561800595559603,,,,,0.004875685004452148,-0.002386519502179209,,,,,,,,-0.007313527506678221,-0.0011141000133023334,,,-0.005529740309927436,-0.0006590678857762351,-0.00196293811867554,-0.00781790871403534,,,,-0.0023494233441142473,-0.0005843282286263527,-0.0028518157573210676,-0.0007040973686553567,,,,,-0.000987883889790958,,-0.00030832003265165346
1197,2025-11-30,TXT,US8832031012,01051901,-0.00229009447178813,-0.0009466361282130473,,-0.000670767315701257,,0.004626925565449486,0.002042516691054278,,,,,,,,,,,,,,,,,,,,,,,-0.007313527506678221,,,,-0.005529740309927436,-0.0006590678857762351,,0.0038104092891936953,,-0.0035150287241399202,,,-0.0005843282286263527,,-0.0007040973686553567,0.0023253266944310244,,,,,,5.465005770561707e-05
1198,2025-11-30,TYL,US9022521051,01078901,-0.00229009447178813,-0.0009466361282130473,,-0.000670767315701257,,,-0.0010352481858768258,-0.0006891165735775831,,,0.003570383507197242,0.003570383507197242,-0.0014486859597892961,,,,,,,,,,,,,,,,,,-0.0011141000133023334,,-0.0009627148734905514,,-0.0006590678857762351,0.000987883889790958,0.0038104092891936953,,,,,-0.0005843282286263527,,-0.0007040973686553567,,,-0.002267193527070249,,,,-0.00023326582787873214
1199,2025-11-30,U11,SG1M31001969,01567901W,,-0.0009466361282130473,-0.00199752733662577,-0.000670767315701257,-0.00199752733662577,,,-0.0006891165735775831,,,,,,,,0.002547408457382302,,,,,,,,,,,0.0034093135745417273,,,,,,-0.0009627148734905514,,-0.0006590678857762351,0.000987883889790958,,,,,,,,,-0.0007927250094651219,,,,,,-0.0001160810563784172
1200,2025-11-30,U96,SG1R50925390,01977401W,,-0.0009466361282130473,,,,,,0.0020152831351735543,,,,,,,,,,,,,,,,,,,,,,,,,-0.0009627148734905514,,,-0.00196293811867554,,,,,,,,,-0.0007927250094651219,,,,,,1.783481782927831e-05
1201,2025-11-30,UAL,US9100471096,01079504,0.004359987552058171,0.001858355350057581,0.0019800816830307846,0.0019800816830307846,0.0019800816830307846,0.004626925565449486,0.002042516691054278,,,,,,,,,,-0.0034613641634660282,,,0.0024510200292651337,,,,,,,,,,0.006297759797417357,,,0.001897233077046233,,0.0019460888644379816,0.000987883889790958,-0.00781790871403534,0.0025763562807616463,,0.0024510200292651337,,0.00229009447178813,,0.002079994061532338,0.0023253266944310244,0.0012288311799838747,,,0.001954477178508835,0.002089579287622349,0.0009298545028238928
1202,2025-11-30,UBER,US90353T1007,03507701,,,,-0.000670767315701257,,0.004626925565449486,0.002042516691054278,-0.0006891165735775831,,,,,,,,,0.003435141707682195,,,,,,,,,,,,,0.006297759797417357,,,,0.0058888143560266205,0.0019460888644379816,0.000987883889790958,0.0038104092891936953,0.0025763562807616463,0.0035150287241399202,0.0024510200292651337,,0.00229009447178813,,,,0.0012288311799838747,,,,,0.0005818538766987026
1203,2025-11-30,UBSG,CH0244767585,14449609W,,,0.0019800816830307846,0.0019800816830307846,0.0019800816830307846,,0.002042516691054278,-0.0006891165735775831,,,,,,,,,0.003435141707682195,,,,,,,,,,0.0034093135745417273,,,,-0.0011141000133023334,,-0.0009627148734905514,,0.0019460888644379816,,,,,,,,,-0.0007040973686553567,,,,,0.001954477178508835,,0.00044130374545116736
1204,2025-11-30,UCB,BE0003739530,10075101W,,0.001858355350057581,0.0019800816830307846,,0.0019800816830307846,,0.002042516691054278,0.0020152831351735543,,,0.003570383507197242,0.003570383507197242,-0.0014486859597892961,,,,,,,,-0.002477807133410108,,,,,,-0.0010694309089954003,,,,-0.0011141000133023334,,,,0.0019460888644379816,,,,,,,-0.0005843282286263527,,,-0.0007927250094651219,0.0012288311799838747,,,,,0.0003143066144332242
1205,2025-11-30,UCG,IT0005239360,01554901W,,,,-0.000670767315701257,,,0.002042516691054278,-0.0006891165735775831,,,,,,,,,0.003435141707682195,,,,,0.002386519502179209,,,,,0.0034093135745417273,,,,,,,,,0.000987883889790958,,,,,,,,,,,,,,,0.00018980075989315527
1206,2025-11-30,UDR,US9026531049,01089401,,,,,,,,,0.0016428938601958324,,-0.003627509643312398,-0.003627509643312398,,0.003627509643312398,,,,,,,,,,,,,,0.003716710700115162,,,,,-0.0009627148734905514,,,0.000987883889790958,,,,,,-0.0005843282286263527,,-0.0007040973686553567,-0.0007927250094651219,,,-0.005272543086209881,,0.002089579287622349,-6.123093662440527e-05
1207,2025-11-30,UHR,CH0012255151,10134703W,,-0.0009466361282130473,-0.00199752733662577,-0.000670767315701257,,,-0.0010352481858768258,-0.0006891165735775831,-0.003285787720391665,,-0.003627509643312398,-0.003627509643312398,-0.0014486859597892961,,-0.0027818325485524523,-0.002561800595559603,,,,-0.0024643407902937486,-0.002477807133410108,-0.002386519502179209,,,,0.0030029053338678792,0.0034093135745417273,0.003716710700115162,0.0016428938601958324,,-0.0011141000133023334,,-0.0009627148734905514,,-0.0006590678857762351,,,,-0.0035150287241399202,,-0.0023494233441142473,-0.0005843282286263527,-0.0028518157573210676,-0.0007040973686553567,,,,,-0.000987883889790958,-0.0021188724552058395,-0.0004298644440308281
1208,2025-11-30,UHS,US9139031002,01103201,0.004359987552058171,0.001858355350057581,0.0019800816830307846,0.0019800816830307846,0.0019800816830307846,0.004626925565449486,0.002042516691054278,0.0020152831351735543,,,,,,,,,,0.004402317528291745,0.003022924702760332,0.0024510200292651337,-0.002477807133410108,,,,,0.0030029053338678792,-0.0010694309089954003,,,,0.0032621489598133077,,0.001897233077046233,0.0058888143560266205,0.0019460888644379816,0.000987883889790958,,,,,,0.00229009447178813,0.002833991908837811,,0.0023253266944310244,,,,,,0.00102737177855167
1209,2025-11-30,ULTA,US90384S3031,17870401,0.004359987552058171,0.001858355350057581,0.0019800816830307846,0.0019800816830307846,0.0019800816830307846,,-0.0010352481858768258,,0.0016428938601958324,,,,0.004237744910411679,0.003627509643312398,,,,,,0.0024510200292651337,,-0.002386519502179209,,,,,-0.0010694309089954003,-0.003716710700115162,0.0016428938601958324,,-0.0011141000133023334,,,,-0.0006590678857762351,,-0.00781790871403534,,,,,-0.0005843282286263527,,-0.0007040973686553567,,,-0.002267193527070249,,,,0.00015172081134389256
1210,2025-11-30,ULVR,GB00B10RZP78,01084616W,,,,-0.000670767315701257,,,-0.0010352481858768258,,0.0016428938601958324,,,0.003570383507197242,,,,0.002547408457382302,,,,,,,,,,-0.003022924702760332,,,0.0016428938601958324,,-0.0011141000133023334,,-0.0009627148734905514,,-0.0006590678857762351,0.000987883889790958,,,,,-0.0023494233441142473,-0.0005843282286263527,,-0.0007040973686553567,-0.0007927250094651219,,,,-0.000987883889790958,,-0.0001429922276989917
1211,2025-11-30,UMG,NL0015000IY2,35036601W,,-0.0009466361282130473,,-0.000670767315701257,0.0019800816830307846,,,0.0020152831351735543,0.0016428938601958324,-0.005598008708815429,,,0.004237744910411679,,,,,,,,,,-0.008244340098437268,-0.009647632030086164,-0.008244340098437268,-0.003022924702760332,,-0.003716710700115162,,,-0.0011141000133023334,,,,,-0.00196293811867554,,,0.0035150287241399202,,,-0.0005843282286263527,,,,,,,-0.000987883889790958,,-0.0004212008526329461
1212,2025-11-30,UNH,US91324P1021,01090301,-0.00229009447178813,-0.0009466361282130473,,-0.000670767315701257,,-0.0047233198480630175,-0.0010352481858768258,-0.0006891165735775831,,,,,-0.0014486859597892961,,-0.0027818325485524523,0.002547408457382302,,0.004402317528291745,0.003022924702760332,0.0024510200292651337,-0.002477807133410108,,,,,,-0.0010694309089954003,,,,-0.0011141000133023334,,0.001897233077046233,,,,,,,,,-0.0005843282286263527,-0.0028518157573210676,,0.0023253266944310244,0.0012288311799838747,0.004318463861086188,,,0.002089579287622349,-4.029841793547255e-05
1213,2025-11-30,UNI,IT0004810054,01586202W,,0.001858355350057581,0.0019800816830307846,0.0019800816830307846,0.0019800816830307846,,,-0.0006891165735775831,,,,,,,,,,,,,,,,,,,-0.0010694309089954003,,,,,,-0.0009627148734905514,,-0.0006590678857762351,-0.00196293811867554,,,,,,,,0.002079994061532338,-0.0007927250094651219,,,,0.001954477178508835,,0.0002530539303857768
1214,2025-11-30,UNP,US9078181081,01086701,-0.00229009447178813,-0.0009466361282130473,,-0.000670767315701257,,,,-0.0006891165735775831,,,,,,,,,,,-0.0030432127880137567,,,,,,,,,,,,,,-0.0009627148734905514,,-0.0006590678857762351,,,,,,,-0.0005843282286263527,,-0.0007040973686553567,-0.0007927250094651219,,-0.002267193527070249,,-0.000987883889790958,0.002089579287622349,-0.0002980561146752916
1215,2025-11-30,UPM,FI0009005987,10171803W,,-0.0009466361282130473,-0.00199752733662577,-0.000670767315701257,-0.00199752733662577,,-0.0010352481858768258,-0.0006891165735775831,,,,,-0.0014486859597892961,,,,,,,,-0.002477807133410108,,,,,0.0030029053338678792,-0.0010694309089954003,0.003716710700115162,0.0016428938601958324,,,,-0.0009627148734905514,,-0.0006590678857762351,,,,-0.0035150287241399202,,-0.0023494233441142473,0.00229009447178813,,-0.0007040973686553567,-0.0007927250094651219,0.0012288311799838747,,,0.001954477178508835,,-6.43757364879608e-05
1216,2025-11-30,UPS,US9113121068,01092001,0.004359987552058171,-0.0009466361282130473,,0.0019800816830307846,0.0019800816830307846,,,0.0020152831351735543,,,,,,,,,,,0.003022924702760332,0.0024510200292651337,,,,,,,,,,-0.007313527506678221,,-0.005813316736077561,,-0.005529740309927436,,,-0.00781790871403534,-0.002591078316651713,,-0.002437842502226074,,-0.0005843282286263527,,-0.0007040973686553567,-0.0007927250094651219,-0.0024510200292651337,,,-0.000987883889790958,0.002089579287622349,-8.631627936636448e-05
1217,2025-11-30,URI,US9113631090,06606501,-0.00229009447178813,-0.0009466361282130473,,-0.000670767315701257,,0.004626925565449486,0.002042516691054278,-0.0006891165735775831,,,,,,,,,,,,,,,,,,,,,,,,0.0064776957916292816,,,-0.0006590678857762351,,0.0038104092891936953,,,,,-0.0005843282286263527,,-0.0007040973686553567,,,-0.002267193527070249,,-0.000987883889790958,,2.6364173188174123e-05
1218,2025-11-30,URW,FR0013326246,01638302W,,,,,,,,,,,,,,,0.002764870154963718,,,,,,,,,,,,,,,,,,0.001897233077046233,,,0.000987883889790958,,,,,,-0.0005843282286263527,,,0.0023253266944310244,,,,0.001954477178508835,,0.00019390280349781622
1219,2025-11-30,USB,US9029733048,00472301,0.004359987552058171,0.001858355350057581,,,,,,,,,,,,,,,,,,,,,,,,,-0.0010694309089954003,,,,,,-0.0009627148734905514,,,,,,,,,,,,0.0023253266944310244,,0.004318463861086188,,,,0.0003358995588413466
1220,2025-11-30,UTHR,US91307C1027,12144001,-0.00229009447178813,-0.0009466361282130473,,-0.000670767315701257,,,-0.0010352481858768258,-0.0006891165735775831,0.0016428938601958324,,0.003570383507197242,0.003570383507197242,0.004237744910411679,0.003627509643312398,0.002764870154963718,,,,-0.0030432127880137567,-0.0024643407902937486,0.004875685004452148,,,,,,0.0034093135745417273,,,,0.0032621489598133077,,,,,0.000987883889790958,,,,,,0.00229009447178813,,,,0.0012288311799838747,-0.002267193527070249,,0.001954477178508835,-0.0021188724552058395,0.0002648122161136475
1221,2025-11-30,UU.,GB00B39J2M42,10270403W,,,,,,,0.002042516691054278,-0.0006891165735775831,,,,,,,,,,-0.004445477504059311,-0.0030432127880137567,,,,0.008244340098437268,0.009647632030086164,0.008244340098437268,,,,,,,,,,,,,,0.0035150287241399202,,,,,,-0.0007927250094651219,,,,,0.002089579287622349,0.000521844138905306
1222,2025-11-30,V,US92826C8394,17953401,-0.00229009447178813,-0.0009466361282130473,,-0.000670767315701257,,,-0.0010352481858768258,-0.0006891165735775831,,,,,,,,,,,,,,,,,,0.0030029053338678792,-0.0010694309089954003,,,,-0.0011141000133023334,,-0.0009627148734905514,,-0.0006590678857762351,,,,,,,,,-0.0007040973686553567,-0.0007927250094651219,,-0.002267193527070249,-0.005272543086209881,,-0.0021188724552058395,-0.0005048467087465902
1223,2025-11-30,VACN,CH0311864901,32150201W,,-0.0009466361282130473,-0.00199752733662577,-0.000670767315701257,-0.00199752733662577,,,,,,,,,,,,,,,,,0.002386519502179209,,,,,,,,,,,,,-0.0006590678857762351,-0.00196293811867554,,,,,,-0.0005843282286263527,,-0.0007040973686553567,-0.0007927250094651219,,,,-0.000987883889790958,,-0.0002536761704369331
1224,2025-11-30,VCX,AU000000VCX7,27340701W,,,,,,,,,,,,,,,,,,,,-0.0024643407902937486,,,,-0.009647632030086164,,,,-0.003716710700115162,,,,,,,,,,,,,,-0.0005843282286263527,,-0.0007040973686553567,-0.0007927250094651219,,,,-0.000987883889790958,-0.0021188724552058395,-0.0004938060951671969
1225,2025-11-30,VEEV,US9224751084,01868901,,,,-0.000670767315701257,,,,-0.0006891165735775831,0.0016428938601958324,,,,-0.0014486859597892961,0.003627509643312398,0.002764870154963718,0.002547408457382302,,,-0.0030432127880137567,-0.0024643407902937486,,,,,,,0.0034093135745417273,,,,,,-0.0009627148734905514,-0.005529740309927436,-0.0006590678857762351,-0.00196293811867554,,,,0.0024510200292651337,,-0.0005843282286263527,,-0.0007040973686553567,-0.0007927250094651219,,,,,-0.0021188724552058395,-0.00024433949768893633
1226,2025-11-30,VER,AT0000746409,10279701W,,-0.0009466361282130473,,,,,-0.0010352481858768258,0.0020152831351735543,,,,,,,0.002764870154963718,,,,0.003022924702760332,,,,,,,,,,,,,,,,,0.000987883889790958,,,-0.0035150287241399202,,,,,,-0.0007927250094651219,,,,,-0.0021188724552058395,-5.4354897899690176e-05
1227,2025-11-30,VICI,US9256521090,03258001,,,,,,0.004626925565449486,,,,,,,,-0.00719743976847698,,,,,,,,,,,,,,-0.003716710700115162,,,,,-0.0009627148734905514,,,0.000987883889790958,,,,,,-0.0005843282286263527,,-0.0007040973686553567,0.0023253266944310244,,,,,,3.4929519460188206e-05
1228,2025-11-30,VIE,FR0000124141,23861601W,,,,,,,0.002042516691054278,-0.0006891165735775831,,,,,,,0.002764870154963718,,,0.004402317528291745,0.003022924702760332,0.0024510200292651337,,,,-0.009647632030086164,,,,,,,,,,,,0.000987883889790958,,,,,,,,,0.0023253266944310244,,,,,0.002089579287622349,0.00011717298264397613
1229,2025-11-30,VLO,US91913Y1001,01524701,0.004359987552058171,0.001858355350057581,0.0019800816830307846,0.0019800816830307846,0.0019800816830307846,,,0.0020152831351735543,,,,,,,,,,0.004402317528291745,,0.0024510200292651337,,-0.002386519502179209,,0.009647632030086164,,,,,0.0016428938601958324,,,,,,-0.0006590678857762351,,,-0.002591078316651713,,,,-0.0005843282286263527,,-0.0007040973686553567,-0.0007927250094651219,,,0.009647632030086164,,,0.0008697048590753968
1230,2025-11-30,VLTO,US92338C1036,04319701,,,,,,,-0.0010352481858768258,-0.0006891165735775831,,,,,,,,,,,,,,,,,,,,,,-0.007313527506678221,,-0.005813316736077561,-0.0009627148734905514,-0.005529740309927436,-0.0006590678857762351,-0.00196293811867554,-0.00781790871403534,,,,,,,-0.0007040973686553567,,,0.004318463861086188,,,,-0.0001979254352475563
1231,2025-11-30,VMC,US9291601097,01122801,,,,-0.000670767315701257,,,,,,,,,,,,,,,,,,-0.002386519502179209,,,,0.0030029053338678792,-0.0010694309089954003,,0.0016428938601958324,,,,-0.0009627148734905514,,-0.0006590678857762351,,-0.00781790871403534,,,0.0024510200292651337,0.00458018894357626,-0.0005843282286263527,0.002833991908837811,,-0.0007927250094651219,0.0012288311799838747,,,,,0.00010717558626228971
1232,2025-11-30,VNA,DE000A1ML7J1,31568201W,,,,,,,,,,,,,,,0.002764870154963718,,,,,,,,,,,,,0.003716710700115162,,,,,0.001897233077046233,,,,,,,,,0.00229009447178813,,0.002079994061532338,-0.0007927250094651219,0.0012288311799838747,,,0.001954477178508835,0.002089579287622349,0.0004360098731160827
1233,2025-11-30,VOD,GB00BH4HKS39,01489401W,,-0.0009466361282130473,0.0019800816830307846,0.0019800816830307846,,,,-0.0006891165735775831,,,,,-0.0014486859597892961,,0.002764870154963718,,,-0.004445477504059311,,,,,,,,0.0030029053338678792,,0.003716710700115162,,,-0.0011141000133023334,,,,-0.0006590678857762351,0.000987883889790958,,-0.002591078316651713,,,,-0.0005843282286263527,,,,,,,0.001954477178508835,,0.00020378393448270782
1234,2025-11-30,VOLV B,SE0000115446,01121704W,,-0.0009466361282130473,-0.00199752733662577,-0.000670767315701257,-0.00199752733662577,,-0.0010352481858768258,-0.0006891165735775831,,,,,,,,,,,,,,,,,,,,,,,,,-0.0009627148734905514,,-0.0006590678857762351,,,,-0.0035150287241399202,,,-0.0005843282286263527,,-0.0007040973686553567,,,,,,0.002089579287622349,-0.0002535585862266388
1235,2025-11-30,VOW3,DE0007664039,10073702W,,-0.0009466361282130473,-0.00199752733662577,-0.000670767315701257,-0.00199752733662577,,0.002042516691054278,,-0.003285787720391665,-0.005598008708815429,0.003570383507197242,0.003570383507197242,-0.0014486859597892961,,-0.0027818325485524523,,,,,,-0.002477807133410108,,,,,-0.003022924702760332,-0.0010694309089954003,,-0.006386460639634503,,-0.0011141000133023334,,,,-0.0006590678857762351,,,,-0.0035150287241399202,,-0.0023494233441142473,-0.0005843282286263527,,-0.0007040973686553567,,-0.0024510200292651337,,,-0.000987883889790958,,-0.000803492687334208
1236,2025-11-30,VRSK,US92345Y1064,18065201,-0.00229009447178813,-0.0009466361282130473,,-0.000670767315701257,,-0.0047233198480630175,-0.0010352481858768258,-0.0006891165735775831,,,,,,,,,,,,0.0024510200292651337,,,,,,,,,,,,,-0.0009627148734905514,,-0.0006590678857762351,0.000987883889790958,,0.0025763562807616463,,0.0024510200292651337,,-0.0005843282286263527,,-0.0007040973686553567,-0.0007927250094651219,0.0012288311799838747,0.004318463861086188,,,0.002089579287622349,3.494026289554713e-05
1237,2025-11-30,VRSN,US92343E1029,06636801,-0.00229009447178813,,,-0.000670767315701257,,,,-0.0006891165735775831,-0.003285787720391665,,,,0.004237744910411679,-0.00719743976847698,0.002764870154963718,0.002547408457382302,-0.0034613641634660282,0.004402317528291745,-0.0030432127880137567,-0.0024643407902937486,0.004875685004452148,,,,,,,,,,,,-0.0009627148734905514,-0.005529740309927436,-0.0006590678857762351,0.000987883889790958,,0.0025763562807616463,,,,-0.0005843282286263527,,,,,0.004318463861086188,,,,0.00023081962614084623
1238,2025-11-30,VRT,US92537N1081,03617501,0.004359987552058171,0.001858355350057581,0.0019800816830307846,0.0019800816830307846,0.0019800816830307846,0.004626925565449486,0.002042516691054278,,,,,,,,,,0.003435141707682195,,,0.0024510200292651337,,0.002386519502179209,,,,,,,,,,,,,,0.000987883889790958,,0.0025763562807616463,,,,-0.0005843282286263527,,-0.0007040973686553567,-0.0007927250094651219,,0.004318463861086188,,-0.000987883889790958,,0.0007608455516494342
1239,2025-11-30,VRTX,US92532F1003,02434401,-0.00229009447178813,-0.0009466361282130473,,-0.000670767315701257,,0.004626925565449486,0.002042516691054278,-0.0006891165735775831,0.0016428938601958324,,0.003570383507197242,0.003570383507197242,0.004237744910411679,0.003627509643312398,0.002764870154963718,0.002547408457382302,,,,,0.004875685004452148,-0.002386519502179209,,,,,0.0034093135745417273,-0.003716710700115162,,,-0.0011141000133023334,,-0.0009627148734905514,,0.0019460888644379816,-0.00196293811867554,,,,0.0024510200292651337,,-0.0005843282286263527,,0.002079994061532338,-0.0007927250094651219,0.0012288311799838747,,,,-0.0021188724552058395,0.0003982606485553026
1240,2025-11-30,VST,US92840M1027,15737302,0.004359987552058171,0.001858355350057581,,,,0.004626925565449486,0.002042516691054278,-0.0006891165735775831,,,,,,,0.002764870154963718,,,0.004402317528291745,0.003022924702760332,0.0024510200292651337,,,,,,,,,,0.006297759797417357,,,0.001897233077046233,0.0058888143560266205,,0.000987883889790958,,,0.0035150287241399202,,,,,,0.0023253266944310244,,0.004318463861086188,-0.005272543086209881,,0.002089579287622349,0.0007729244600035568
1241,2025-11-30,VTR,US92276F1003,11017901,,,,,,,,,,,,,,,,,,0.004402317528291745,,,,,,,,,,0.003716710700115162,,,,,,,,0.000987883889790958,,0.0025763562807616463,,0.0024510200292651337,0.00458018894357626,-0.0005843282286263527,,,,0.0012288311799838747,,,,,0.0003625972131266711
1242,2025-11-30,VWS,DK0061539921,22509401W,,-0.0009466361282130473,-0.00199752733662577,-0.000670767315701257,-0.00199752733662577,,0.002042516691054278,0.0020152831351735543,,,,,,,,,0.003435141707682195,,0.003022924702760332,0.0024510200292651337,,0.002386519502179209,,,,,,,,,,,0.001897233077046233,,0.0019460888644379816,,,,0.0035150287241399202,,,0.00229009447178813,,,,,,,0.001954477178508835,0.002089579287622349,0.0004624738792309187
1243,2025-11-30,VZ,US92343V1044,00213601,,-0.0009466361282130473,,-0.000670767315701257,,-0.0047233198480630175,-0.0010352481858768258,-0.0006891165735775831,,,,,-0.0014486859597892961,,,,,,,,,,,,-0.008244340098437268,,,,,,-0.0011141000133023334,,,,0.0019460888644379816,,,,,,,0.00229009447178813,0.002833991908837811,,,,-0.002267193527070249,-0.005272543086209881,,,-0.0006282202980508505
1244,2025-11-30,WAB,US9297401088,06097901,,,,-0.000670767315701257,,0.004626925565449486,,-0.0006891165735775831,,,,,,,,,,,,,,-0.002386519502179209,,,,,,,,,,0.0064776957916292816,,,-0.0006590678857762351,0.000987883889790958,0.0038104092891936953,-0.002591078316651713,,-0.002437842502226074,,-0.0005843282286263527,,-0.0007040973686553567,,-0.0024510200292651337,,,,,1.5618607720450137e-05
1245,2025-11-30,WAT,US9418481035,06157401,-0.00229009447178813,,,-0.000670767315701257,,,-0.0010352481858768258,-0.0006891165735775831,0.0016428938601958324,,,,0.004237744910411679,0.003627509643312398,0.002764870154963718,,,,,,0.004875685004452148,,,,,,-0.0010694309089954003,,,,-0.0011141000133023334,,-0.0009627148734905514,,-0.0006590678857762351,-0.00196293811867554,,,,,,-0.0005843282286263527,,-0.0007040973686553567,-0.0007927250094651219,,-0.002267193527070249,,,,-7.843351295532395e-05
1246,2025-11-30,WBC,AU000000WBC1,01536201W,,,,-0.000670767315701257,,,-0.0010352481858768258,0.0020152831351735543,,,,,,,,0.002547408457382302,,,,,,,,,,,0.0034093135745417273,,,,,,-0.0009627148734905514,,-0.0006590678857762351,-0.00196293811867554,,,,,,,,,-0.0007927250094651219,,,,,,8.056235851277863e-05
1247,2025-11-30,WBD,US9344231041,16429601,0.004359987552058171,-0.0009466361282130473,0.0019800816830307846,0.0019800816830307846,0.0019800816830307846,,,0.0020152831351735543,-0.003285787720391665,,,-0.003627509643312398,-0.0014486859597892961,-0.00719743976847698,,,,,,,,,,,,,,0.003716710700115162,,,-0.0011141000133023334,,,,0.0019460888644379816,0.000987883889790958,,-0.002591078316651713,,,,-0.0005843282286263527,,,,,,,,,0.00030037527596823917
1248,2025-11-30,WCN,CA94106B1013,11073201C,,-0.0009466361282130473,,-0.000670767315701257,,,-0.0010352481858768258,-0.0006891165735775831,,,,,,,,,,,-0.0030432127880137567,,,,,,,,,,,,,,,-0.005529740309927436,-0.0006590678857762351,,,,,,,-0.0005843282286263527,,,-0.0007927250094651219,,,,-0.000987883889790958,,-0.00030253663263209526
1249,2025-11-30,WCP,CA96467A2002,18523001C,,,,,,,,-0.0006891165735775831,,,,,,,,0.002547408457382302,,,,,,,-0.008244340098437268,,-0.008244340098437268,0.0030029053338678792,,,-0.006386460639634503,,,,,,-0.0006590678857762351,,,0.0025763562807616463,,,,-0.0005843282286263527,,-0.0007040973686553567,-0.0007927250094651219,,,,-0.000987883889790958,,-0.0005826174201264277
1250,2025-11-30,WDAY,US98138H1014,01504401,,,,-0.000670767315701257,,0.004626925565449486,0.002042516691054278,-0.0006891165735775831,,,,,-0.0014486859597892961,,,0.002547408457382302,0.003435141707682195,,,,-0.002477807133410108,,,,,,,,,0.006297759797417357,,,,,-0.0006590678857762351,0.000987883889790958,,,,,,-0.0005843282286263527,,-0.0007040973686553567,,,-0.002267193527070249,,,,5.397195062486667e-06
1251,2025-11-30,WDC,US9581021055,01139901,0.004359987552058171,0.001858355350057581,0.0019800816830307846,0.0019800816830307846,0.0019800816830307846,0.004626925565449486,0.002042516691054278,0.0020152831351735543,,-0.005598008708815429,,,0.004237744910411679,,,,0.003435141707682195,,,,,0.002386519502179209,,,,,,,,,-0.0011141000133023334,,-0.0009627148734905514,,0.0019460888644379816,-0.00196293811867554,,0.0025763562807616463,,0.0024510200292651337,-0.0023494233441142473,-0.0005843282286263527,,0.002079994061532338,,0.0012288311799838747,,,,,0.000920479008874636
1252,2025-11-30,WDS,AU0000224040,10071201W,,0.001858355350057581,0.0019800816830307846,0.0019800816830307846,0.0019800816830307846,,-0.0010352481858768258,,,,,,,,-0.0027818325485524523,,,-0.004445477504059311,,-0.0024643407902937486,,,0.008244340098437268,,0.008244340098437268,-0.003022924702760332,,,0.0016428938601958324,,,,,,0.0019460888644379816,0.000987883889790958,,,0.0035150287241399202,,,-0.0005843282286263527,-0.0028518157573210676,0.002079994061532338,-0.0007927250094651219,-0.0024510200292651337,,,-0.000987883889790958,,0.00032554705024207664
1253,2025-11-30,WEC,US92939U1060,01155001,-0.00229009447178813,,,,,,-0.0010352481858768258,-0.0006891165735775831,,,,,,,,,,,,,,,-0.008244340098437268,,-0.008244340098437268,,,,,,,,,0.0058888143560266205,,,,,,,,,,,-0.0007927250094651219,,,-0.005272543086209881,,,-0.0004979461395659346
1254,2025-11-30,WELL,US95040Q1040,00554301,,,,,,,,,,,,,,-0.00719743976847698,,,,,,,,,,,,,,,,,,,,,,0.000987883889790958,,0.0025763562807616463,,,0.00458018894357626,-0.0005843282286263527,,,-0.0007927250094651219,0.0012288311799838747,,0.009647632030086164,-0.000987883889790958,-0.0021188724552058395,0.0002723174322895566
1255,2025-11-30,WES,AU000000WES1,10160101W,,,,-0.000670767315701257,,,-0.0010352481858768258,0.0020152831351735543,0.0016428938601958324,,,,,,,,,,,0.0024510200292651337,-0.002477807133410108,0.002386519502179209,,,,,-0.0010694309089954003,,-0.006386460639634503,,-0.0011141000133023334,,-0.0009627148734905514,,,,,,,,,-0.0005843282286263527,,-0.0007040973686553567,,,,,-0.000987883889790958,,-0.00031964206583251926
1256,2025-11-30,WFC,US9497461015,00800701,0.004359987552058171,0.001858355350057581,0.0019800816830307846,0.0019800816830307846,0.0019800816830307846,,,,,,,,,,,,,,,,,,,,,,-0.0010694309089954003,,,,,,,,-0.0006590678857762351,,,,,,,,,,,,0.004318463861086188,,,,0.00046115862631746033
1257,2025-11-30,WISE,GB00BL9YR756,34948501W,,,,-0.000670767315701257,,,-0.0010352481858768258,,,,,,,,,,-0.0034613641634660282,,,,,,,,,,-0.0010694309089954003,,,,0.0032621489598133077,,,,-0.0006590678857762351,,,,,,,,,0.002079994061532338,-0.0007927250094651219,,,,0.001954477178508835,,2.49934739849498e-05
1258,2025-11-30,WIX,IL0011301780,01886901,-0.00229009447178813,-0.0009466361282130473,-0.00199752733662577,-0.000670767315701257,-0.00199752733662577,,,0.0020152831351735543,0.0016428938601958324,,,,-0.0014486859597892961,0.003627509643312398,0.002764870154963718,0.002547408457382302,0.003435141707682195,0.004402317528291745,0.003022924702760332,-0.0024643407902937486,-0.002477807133410108,,,,,,,,,,0.0032621489598133077,,,0.0058888143560266205,0.0019460888644379816,0.000987883889790958,0.0038104092891936953,0.0025763562807616463,,0.0024510200292651337,0.00458018894357626,0.00229009447178813,-0.0028518157573210676,0.002079994061532338,,0.0012288311799838747,,,0.001954477178508835,,0.0004109758384491152
1259,2025-11-30,WKL,NL0000395903,10136102W,,,,-0.000670767315701257,,,,-0.0006891165735775831,,,,,,,,,0.003435141707682195,,,0.0024510200292651337,,,,,,,,,,,,,,,-0.0006590678857762351,0.000987883889790958,,,,,,-0.0005843282286263527,,,-0.0007927250094651219,0.0012288311799838747,,,,0.002089579287622349,8.334418653839918e-05
1260,2025-11-30,WM,US94106L1098,01447701,-0.00229009447178813,-0.0009466361282130473,,-0.000670767315701257,,,,-0.0006891165735775831,,,,,,,,,-0.0034613641634660282,,,,,,,,,,,,,0.006297759797417357,,,,,-0.0006590678857762351,-0.00196293811867554,,,,,,-0.0005843282286263527,,-0.0007040973686553567,-0.0007927250094651219,,,,-0.000987883889790958,0.002089579287622349,-0.00019643056566475697
1261,2025-11-30,WMB,US9694571004,01150601,-0.00229009447178813,,,-0.000670767315701257,,,,-0.0006891165735775831,,,,,,,-0.0027818325485524523,0.002547408457382302,,-0.004445477504059311,,,,,-0.008244340098437268,-0.009647632030086164,,,,,0.0016428938601958324,,,,,,-0.0006590678857762351,0.000987883889790958,,,,,,-0.0005843282286263527,-0.0028518157573210676,-0.0007040973686553567,,,0.004318463861086188,-0.005272543086209881,-0.000987883889790958,,-0.00045354737291415566
1262,2025-11-30,WMT,US9311421039,01125901,,,,-0.000670767315701257,,,-0.0010352481858768258,,0.0016428938601958324,,,,,0.003627509643312398,,,,,0.003022924702760332,0.0024510200292651337,,,,,,0.0030029053338678792,,,-0.006386460639634503,,,,,0.0058888143560266205,,0.000987883889790958,0.0038104092891936953,0.0025763562807616463,,,,-0.0005843282286263527,-0.0028518157573210676,,,,0.004318463861086188,-0.005272543086209881,-0.000987883889790958,,-9.413524057921247e-05
1263,2025-11-30,WN,CA9611485090,01144301C,,0.001858355350057581,,-0.000670767315701257,,,,,,,,,,,,,,,,0.0024510200292651337,,-0.002386519502179209,,,,0.0030029053338678792,,0.003716710700115162,0.0016428938601958324,,0.0032621489598133077,-0.005813316736077561,0.001897233077046233,,-0.0006590678857762351,0.000987883889790958,,,,,,0.00229009447178813,,,0.0023253266944310244,,,,0.001954477178508835,0.002089579287622349,0.0005365544977953256
1264,2025-11-30,WOW,AU000000WOW2,10089402W,,-0.0009466361282130473,-0.00199752733662577,-0.000670767315701257,-0.00199752733662577,,,,0.0016428938601958324,,-0.003627509643312398,-0.003627509643312398,,,,,,,0.003022924702760332,0.0024510200292651337,,,,,,,,0.003716710700115162,0.0016428938601958324,,0.0032621489598133077,,,,0.0019460888644379816,0.000987883889790958,,,,,,0.00229009447178813,,-0.0007040973686553567,,,,,,0.002089579287622349,0.00016984372118083473
1265,2025-11-30,WPC,US92936U1097,06635401,,,,,,-0.0047233198480630175,,,0.0016428938601958324,,,,,,0.002764870154963718,,,,,,,,,,,,,0.003716710700115162,,,,,-0.0009627148734905514,,,,,-0.002591078316651713,,-0.002437842502226074,-0.0023494233441142473,-0.0005843282286263527,,-0.0007040973686553567,-0.0007927250094651219,-0.0024510200292651337,,,,,-0.0002479643836835288
1266,2025-11-30,WPM,CA9628791027,10586101C,,0.001858355350057581,,,,,,,0.0016428938601958324,0.005529740309927436,0.003570383507197242,0.003570383507197242,,,0.002764870154963718,0.002547408457382302,,,,,0.004875685004452148,,0.008244340098437268,,0.008244340098437268,,0.0034093135745417273,,0.0016428938601958324,,,,,0.0058888143560266205,-0.0006590678857762351,0.000987883889790958,0.0038104092891936953,0.0025763562807616463,,0.0024510200292651337,-0.0023494233441142473,-0.0005843282286263527,,,-0.0007927250094651219,0.0012288311799838747,,,-0.000987883889790958,,0.0008301925173938935
1267,2025-11-30,WRB,US0844231029,01482201,-0.00229009447178813,-0.0009466361282130473,,-0.000670767315701257,,-0.0047233198480630175,-0.0010352481858768258,-0.0006891165735775831,,,,,,,,-0.002561800595559603,,,,,,,,,,-0.003022924702760332,-0.0010694309089954003,,,,,,,,-0.0006590678857762351,,,,,,,,,-0.0007040973686553567,,,-0.002267193527070249,,,,-0.0005395377701807212
1268,2025-11-30,WRT1V,FI0009003727,10155702W,,,0.0019800816830307846,,0.0019800816830307846,,-0.0010352481858768258,,,,,,,,,,0.003435141707682195,,0.003022924702760332,,,0.002386519502179209,,,,,,,,,,,,,,,,,0.0035150287241399202,,,0.00229009447178813,,,-0.0007927250094651219,0.0012288311799838747,,,0.001954477178508835,,0.000394004915228358
1269,2025-11-30,WSM,US9699041011,01151101,,,,-0.000670767315701257,,,,,0.0016428938601958324,,,,0.004237744910411679,0.003627509643312398,,,,,,,,-0.002386519502179209,,,,,-0.0010694309089954003,-0.003716710700115162,0.0016428938601958324,,-0.0011141000133023334,,,,,,0.0038104092891936953,-0.002591078316651713,,-0.002437842502226074,-0.0023494233441142473,-0.0005843282286263527,,-0.0007040973686553567,,,-0.002267193527070249,,,,-0.0001247000695627338
1270,2025-11-30,WSO,US9426222009,01131302,-0.00229009447178813,-0.0009466361282130473,-0.00199752733662577,-0.000670767315701257,-0.00199752733662577,,,-0.0006891165735775831,,,,,,,,,-0.0034613641634660282,,0.003022924702760332,,,-0.002386519502179209,,,,,,,,,,,-0.0009627148734905514,,-0.0006590678857762351,-0.00196293811867554,,-0.002591078316651713,,-0.002437842502226074,,-0.0005843282286263527,,-0.0007040973686553567,-0.0007927250094651219,-0.0024510200292651337,-0.002267193527070249,,-0.000987883889790958,-0.0021188724552058395,-0.0007052849560963928
1271,2025-11-30,WSP,CA92938W2022,27784601C,,,,,,,,-0.0006891165735775831,,,,,,,,,,,,,,,,,,,,,,,,,,,,,,0.0025763562807616463,,0.0024510200292651337,,-0.0005843282286263527,,0.002079994061532338,,0.0012288311799838747,,,,,0.00011150988434874702
1272,2025-11-30,WST,US9553061055,01137601,,,,,,-0.0047233198480630175,-0.0010352481858768258,,0.0016428938601958324,,0.003570383507197242,0.003570383507197242,0.004237744910411679,0.003627509643312398,,,,0.004402317528291745,,,,-0.002386519502179209,,,,0.0030029053338678792,-0.0010694309089954003,,,,-0.0011141000133023334,,-0.0009627148734905514,,-0.0006590678857762351,,,,,,,-0.0005843282286263527,,-0.0007040973686553567,-0.0007927250094651219,,,,-0.000987883889790958,-0.0021188724552058395,-4.6772720600582574e-05
1273,2025-11-30,WTB,GB00B1KJJ408,01990401W,,,,-0.000670767315701257,,,,-0.0006891165735775831,,,,,-0.0014486859597892961,,-0.0027818325485524523,0.002547408457382302,,,,-0.0024643407902937486,,,,,,0.0030029053338678792,-0.0010694309089954003,0.003716710700115162,0.0016428938601958324,,-0.0011141000133023334,,-0.0009627148734905514,,,,,,,,-0.0023494233441142473,-0.0005843282286263527,,-0.0007040973686553567,,-0.0024510200292651337,,,-0.000987883889790958,,-0.00011810354658968087
1274,2025-11-30,WTC,AU000000WTC3,32150101W,,-0.0009466361282130473,-0.00199752733662577,-0.000670767315701257,-0.00199752733662577,,-0.0010352481858768258,-0.0006891165735775831,,0.005529740309927436,0.003570383507197242,0.003570383507197242,,,0.002764870154963718,,0.003435141707682195,-0.004445477504059311,-0.0030432127880137567,-0.0024643407902937486,0.004875685004452148,,,,,,,,,,-0.0011141000133023334,,-0.0009627148734905514,,-0.0006590678857762351,,,,,,,-0.0005843282286263527,,-0.0007040973686553567,,,,,-0.000987883889790958,-0.0021188724552058395,-0.0002868907020361929
1275,2025-11-30,WTRG,US29670G1022,00854201,0.004359987552058171,,,,,,-0.0010352481858768258,0.0020152831351735543,,,,,,,,,,-0.004445477504059311,-0.0030432127880137567,-0.0024643407902937486,,,,,-0.008244340098437268,,,,,0.006297759797417357,,,,-0.005529740309927436,,,,,,,,,,,-0.0007927250094651219,,,-0.005272543086209881,,-0.0021188724552058395,-0.00041038098350206837
1276,2025-11-30,WTW,IE00BDB6Q211,14400901,,,,-0.000670767315701257,,-0.0047233198480630175,-0.0010352481858768258,-0.0006891165735775831,,,,,,,,,,,,,,,,,,,-0.0010694309089954003,,,,,,-0.0009627148734905514,,0.0019460888644379816,0.000987883889790958,,,,,,,0.002833991908837811,-0.0007040973686553567,-0.0007927250094651219,,-0.002267193527070249,-0.005272543086209881,,-0.0021188724552058395,-0.0005402402000560928
1277,2025-11-30,WY,US9621661043,01145601,,,,,,-0.0047233198480630175,,,0.0016428938601958324,,,,,,-0.0027818325485524523,,,0.004402317528291745,0.003022924702760332,0.0024510200292651337,,,,,,,,,,,,,-0.0009627148734905514,,,-0.00196293811867554,,-0.002591078316651713,,-0.002437842502226074,0.00458018894357626,-0.0005843282286263527,,-0.0007040973686553567,-0.0007927250094651219,-0.0024510200292651337,,,-0.000987883889790958,,-0.00023806765019461444
1278,2025-11-30,X,CA87262K1057,01451701C,,,,-0.000670767315701257,,,-0.0010352481858768258,-0.0006891165735775831,,,,,,,,,,,,,,,,,,,-0.0010694309089954003,,,,-0.0011141000133023334,,,,-0.0006590678857762351,0.000987883889790958,,,,,,,,-0.0007040973686553567,-0.0007927250094651219,,,,-0.000987883889790958,,-0.00020893908033736661
1279,2025-11-30,XEL,US98389B1008,00797701,-0.00229009447178813,-0.0009466361282130473,,,,,,-0.0006891165735775831,,,,,,,-0.0027818325485524523,,,,,,,,,,,,,,,,,,-0.0009627148734905514,-0.005529740309927436,,-0.00196293811867554,,,,,,,,,-0.0007927250094651219,,-0.002267193527070249,0.009647632030086164,,,-6.062896320184806e-05
1280,2025-11-30,XOM,US30231G1022,00450301,,,,-0.000670767315701257,,,,-0.0006891165735775831,,,,,,,,,,,,,,,,,,,,,0.0016428938601958324,,,,,,-0.0006590678857762351,,,,,,,-0.0005843282286263527,,-0.0007040973686553567,-0.0007927250094651219,,,,,,-3.4822424752940786e-05
1281,2025-11-30,XRO,NZXROE0001S2,28484402W,,-0.0009466361282130473,-0.00199752733662577,-0.000670767315701257,-0.00199752733662577,,-0.0010352481858768258,-0.0006891165735775831,0.0016428938601958324,,,,-0.0014486859597892961,,0.002764870154963718,,,,,,-0.002477807133410108,,,,,,,,,,0.0032621489598133077,,,,-0.0006590678857762351,,,,,0.0024510200292651337,,0.00229009447178813,0.002833991908837811,,,0.0012288311799838747,,,,,-0.00014344365222474935
1282,2025-11-30,XYL,US98419M1009,18949101,0.004359987552058171,0.001858355350057581,0.0019800816830307846,0.0019800816830307846,0.0019800816830307846,,,,,,,,,,,,0.003435141707682195,,-0.0030432127880137567,-0.0024643407902937486,,,,,,,,,,,,,-0.0009627148734905514,,-0.0006590678857762351,-0.00196293811867554,0.0038104092891936953,,,,,-0.0005843282286263527,,-0.0007040973686553567,-0.0007927250094651219,,,,-0.000987883889790958,-0.0021188724552058395,0.00011573806865406962
1283,2025-11-30,XYZ,US8522341036,02636701,-0.00229009447178813,-0.0009466361282130473,-0.00199752733662577,-0.000670767315701257,,,,-0.0006891165735775831,,,,,,,,,,,,,,-0.002386519502179209,,,,,-0.0010694309089954003,,,,-0.0011141000133023334,,-0.0009627148734905514,,0.0019460888644379816,-0.00196293811867554,,,,,,,,-0.0007040973686553567,-0.0007927250094651219,,-0.002267193527070249,,-0.000987883889790958,-0.0021188724552058395,-0.000521801463690275
1284,2025-11-30,YAR,NO0010208051,26435101W,,,,0.0019800816830307846,,,-0.0010352481858768258,-0.0006891165735775831,0.0016428938601958324,,,,-0.0014486859597892961,,,,0.003435141707682195,,,,-0.002477807133410108,-0.002386519502179209,,,,,-0.0010694309089954003,,0.0016428938601958324,,,,0.001897233077046233,,,-0.00196293811867554,,,0.0035150287241399202,0.0024510200292651337,0.00458018894357626,0.00229009447178813,-0.0028518157573210676,0.002079994061532338,-0.0007927250094651219,0.0012288311799838747,,,0.001954477178508835,,0.0002663347230019663
1285,2025-11-30,YUM,US9884981013,06541701,-0.00229009447178813,-0.0009466361282130473,,-0.000670767315701257,,,,-0.0006891165735775831,0.0016428938601958324,0.005529740309927436,,,0.004237744910411679,0.003627509643312398,,,,,,-0.0024643407902937486,0.004875685004452148,,,,,,-0.0010694309089954003,,0.0016428938601958324,0.006297759797417357,-0.0011141000133023334,-0.005813316736077561,,,-0.0006590678857762351,,,0.0025763562807616463,,,,-0.0005843282286263527,,,,0.0012288311799838747,,,-0.000987883889790958,,0.00015505945702335512
1286,2025-11-30,Z,US98954M2008,18703905,,,,,,0.004626925565449486,,,0.0016428938601958324,,0.003570383507197242,-0.003627509643312398,,0.003627509643312398,,,,0.004402317528291745,0.003022924702760332,,,,,0.009647632030086164,,,,0.003716710700115162,,,,,,,,0.000987883889790958,,,,,,-0.0005843282286263527,,-0.0007040973686553567,,,,0.009647632030086164,,-0.0021188724552058395,0.000710335360852473
1287,2025-11-30,Z74,SG1T75931496,20809501W,,,0.0019800816830307846,0.0019800816830307846,,,,0.0020152831351735543,,,,,,,-0.0027818325485524523,,,-0.004445477504059311,,,,,,,,,,-0.003716710700115162,,,-0.0011141000133023334,,,,0.0019460888644379816,,,,0.0035150287241399202,,,-0.0005843282286263527,-0.0028518157573210676,,,,,,-0.000987883889790958,,-9.205218992198284e-06
1288,2025-11-30,ZAL,DE000ZAL1111,31843401W,,-0.0009466361282130473,,-0.000670767315701257,,,0.002042516691054278,,,-0.005598008708815429,0.003570383507197242,,-0.0014486859597892961,,,,,,,,-0.002477807133410108,-0.002386519502179209,,,,-0.003022924702760332,-0.0010694309089954003,,0.0016428938601958324,,,,0.001897233077046233,,0.0019460888644379816,,,-0.002591078316651713,0.0035150287241399202,-0.002437842502226074,-0.0023494233441142473,0.00229009447178813,,-0.0007040973686553567,,-0.0024510200292651337,,,,,-0.00019888436625632014
1289,2025-11-30,ZBH,US98956P1021,14455901,,0.001858355350057581,,,,,,,-0.003285787720391665,,,,-0.0014486859597892961,-0.00719743976847698,,-0.002561800595559603,,-0.004445477504059311,-0.0030432127880137567,-0.0024643407902937486,0.004875685004452148,,,,,0.0030029053338678792,0.0034093135745417273,,,,,,,,-0.0006590678857762351,0.000987883889790958,,,,,,-0.0005843282286263527,,-0.0007040973686553567,,0.0012288311799838747,-0.002267193527070249,,,,-2.5760348816640517e-05
1290,2025-11-30,ZBRA,US9892071054,02440501,0.004359987552058171,0.001858355350057581,,0.0019800816830307846,0.0019800816830307846,,,-0.0006891165735775831,,,,,-0.0014486859597892961,,,,,,,,,,,,,,,,,,0.0032621489598133077,-0.005813316736077561,0.001897233077046233,,0.0019460888644379816,-0.00196293811867554,-0.00781790871403534,,,,,0.00229009447178813,,-0.0007040973686553567,,,0.004318463861086188,,0.001954477178508835,,0.0003442977669171819
1291,2025-11-30,ZM,US98980L1017,03500501,0.004359987552058171,0.001858355350057581,,0.0019800816830307846,,-0.0047233198480630175,-0.0010352481858768258,0.0020152831351735543,,,,,-0.0014486859597892961,,0.002764870154963718,,0.003435141707682195,,,-0.0024643407902937486,,,,,,,,,,,,0.0064776957916292816,-0.0009627148734905514,,0.0019460888644379816,-0.00196293811867554,0.0038104092891936953,,,,,-0.0005843282286263527,,-0.0007040973686553567,,0.0012288311799838747,,,0.001954477178508835,-0.0021188724552058395,0.00020808393642979294
1292,2025-11-30,ZS,US98980G1022,03303701,-0.00229009447178813,-0.0009466361282130473,,-0.000670767315701257,,-0.0047233198480630175,-0.0010352481858768258,-0.0006891165735775831,0.0016428938601958324,-0.005598008708815429,,,-0.0014486859597892961,0.003627509643312398,,0.002547408457382302,,,,,-0.002477807133410108,,,,,,,,,0.006297759797417357,-0.0011141000133023334,,-0.0009627148734905514,,-0.0006590678857762351,0.000987883889790958,0.0038104092891936953,,,,,-0.0005843282286263527,0.002833991908837811,-0.0007040973686553567,,,,,-0.000987883889790958,0.002089579287622349,-0.0003342286994771862
1293,2025-11-30,ZTS,US98978V1035,01372101,,,,,,,-0.0010352481858768258,,0.0016428938601958324,,,,0.004237744910411679,0.003627509643312398,,,,,,,0.004875685004452148,0.002386519502179209,,,,0.0030029053338678792,-0.0010694309089954003,,,,,,-0.0009627148734905514,,-0.0006590678857762351,0.000987883889790958,,,,,,-0.0005843282286263527,,-0.0007040973686553567,-0.0007927250094651219,,,,-0.000987883889790958,0.002089579287622349,0.00026744247101702075
1294,2025-11-30,ZURN,CH0011075394,22042601W,,-0.0009466361282130473,,-0.000670767315701257,,,-0.0010352481858768258,-0.0006891165735775831,,,,,,,,-0.002561800595559603,,,,,,,,,,-0.003022924702760332,-0.0010694309089954003,,,,-0.0011141000133023334,,,,-0.0006590678857762351,,,,,,,,0.002833991908837811,-0.0007040973686553567,-0.0007927250094651219,,,,-0.000987883889790958,,-0.0002687679283608219
