style,ddt,ticker,isin,gvkeyiid,Analyst Expectations,Analyst Expectations,Analyst Expectations,Analyst Expectations,Analyst Expectations,Analyst Expectations,Analyst Expectations,Analyst Expectations,Capital Efficiency,Capital Efficiency,Capital Efficiency,Capital Efficiency,Earnings Quality,Earnings Quality,Earnings Quality,Earnings Quality,Earnings Quality,Earnings Quality,Earnings Quality,Earnings Quality,Earnings Quality,Historical Growth,Historical Growth,Historical Growth,Historical Growth,Historical Growth,Historical Growth,Historical Growth,Historical Growth,Historical Growth,Historical Growth,Historical Growth,Historical Growth,Historical Growth,Historical Growth,Historical Growth,Historical Growth,Historical Growth,Price Momentum,Size,Valuation,Valuation,Valuation,Valuation,Valuation,Valuation,Valuation,Valuation,Valuation,Volatility,MP
factor_weight,,,,,0.002995748561,0.00326722304,0.003837679541,0.013174492033,0.01385659176,0.018996402763,0.022506425325,0.032785810774,0.027121439778,0.035295475537,0.050657492508,0.050847854844,0.004281686651,0.009460241604,0.009510708112,0.022101132364,0.027995774731,0.030825522027,0.03330619658,0.040211655499,0.071618274388,0.003207738302,0.00343106969,0.003758715727,0.004623591469,0.006161672109,0.007001176063,0.007232026251,0.014628983212,0.016991643362,0.017372455577,0.018877856574,0.019816888644,0.020138114841,0.020551648144,0.025117568859,0.027753262056,0.033335596571,0.005583880045,0.00291618381,0.015820341303,0.015883021175,0.016532179091,0.017480684575,0.020655222391,0.024556869824,0.024745693615,0.031164333456,0.045308772812,0.004698982032,1.0
factor,,,,,Rev3MFY2C,RevMagFY1C,EPSSurpC,AdjRev3MFY1C,Rev3MFY1C,InvPEGC,AdjInvPEGC,SUEC,CapExToAst,LTDA,BuyBackChg,RecTurn,UnexpectedInvChg,ETO,CapExToSales,GPMargin,ROAStddev20Q,SalesToInvCap,AdjChgEPStoSales,CFIC,WCAccruals,Chg1YOPM,CQPTTMCFtoSales,ConsQPosChginTTMCF,AstAdjChg1YEPS,EPSStab,AdjAstAdjChg1YFCF,Chg1YFCF,ChgATO,PAdjChg1YCF,PAdjChg1YEPS,PAdjChg1YSales,DivperShareGrowth,PAdjChg3YCF,DIVIDENDGROWTH,PAdjChg1YFCF,PAdjChg3YOCF,PAdjChg1YOCF,ShortIntTrdVol,LogAssets,CurLiaP,InvPEGYC,EP,OEP,SP,OCFEV,FCFP,FCFEV,60MAVGTTMEP,BookLev,AGG
0,2026-08-31,,FI0009014575,33901501W,-0.000560115284083557,-0.0006115020073939752,-0.0007661346989188884,,-0.0007003893394670049,,,,0.000985030327181428,,,,0.0024839895207183836,,0.0012230040147879504,,,,,-0.0006032010751669077,,-0.0010150312508519282,,,-0.0013198756199196693,,,,,-0.0006967287680063759,-0.0006419298761407058,-0.0008563646955795712,-0.001025441827783743,,-0.0008987018265969884,0.0021734908306285856,,0.002050883655567486,,,,,,,,-0.0006621230344961254,,,-0.0008600479845928167,,-8.839667287221658e-06
1,2026-08-31,,GB00BMVP7Y09,03647401,,,,,,0.00209383409861602,0.004544571736768861,,0.000985030327181428,,,,,,0.0012230040147879504,,,-0.002338726975647133,-0.0007750432419295732,-0.0006032010751669077,-0.0015322693978377768,-0.0010150312508519282,,,-0.0013198756199196693,,,-0.0006115020073939752,,-0.0006967287680063759,-0.0006419298761407058,-0.0008563646955795712,,-0.0010552039916508172,,-0.0007392279350012195,-0.005554476567161941,,,,-0.0022594480951167216,-0.001075059980741021,,,-0.0023804899573551174,,0.0019319918494476317,0.0022722858683844305,-0.0008600479845928167,,-0.0003642392220433722
2,2026-08-31,1,KYG217651051,10108801W,-0.000560115284083557,0.001809603225500723,-0.0007661346989188884,,0.002072136335936061,,,,0.000985030327181428,,,,-0.0013886191417904852,-0.002666148752237732,,,,-0.002338726975647133,,-0.0006032010751669077,,,,,-0.0013198756199196693,-0.000880886151620396,,-0.0006115020073939752,,-0.0006967287680063759,-0.0006419298761407058,-0.0008563646955795712,-0.001025441827783743,,-0.0008987018265969884,0.0021734908306285856,,0.002050883655567486,,0.0016803458522506713,0.002234202865003686,-0.001075059980741021,,,0.002366404217962484,0.0019319918494476317,0.0019319918494476317,0.0022722858683844305,0.002531153878706707,,0.0003110654144060795
3,2026-08-31,1038,BMG2178K1009,21292801W,-0.000560115284083557,0.001809603225500723,,,0.002072136335936061,,,-0.0010280779250274028,0.000985030327181428,0.0029191409696033557,,0.002816354315744083,,-0.002666148752237732,0.0012230040147879504,,,-0.002338726975647133,0.0022722858683844305,-0.0006032010751669077,,-0.0010150312508519282,,,,,,,,-0.0006967287680063759,,-0.0008563646955795712,-0.001025441827783743,-0.0010552039916508172,-0.0008987018265969884,,,,,-0.0016945860713375414,-0.0022594480951167216,,,,-0.0023804899573551174,-0.0006621230344961254,,,,-0.001999611564178299,3.11226429210083e-05
4,2026-08-31,1113,KYG2177B1014,31975901W,0.0016525715406432223,,,,,,,,,,,,,,,,0.001801451859620089,,,,,,,,,,,0.0023804899573551174,,,,0.0016874359191378049,-0.001025441827783743,-0.0010552039916508172,-0.0008987018265969884,,0.005478387847063832,0.002050883655567486,,0.0016803458522506713,,0.002115991073204549,,,0.002366404217962484,0.0019319918494476317,0.0019319918494476317,0.0022722858683844305,,,0.0005182781017158153
5,2026-08-31,12,HK0012000102,01569701W,-0.000560115284083557,,,,,,,,,,,,,-0.002666148752237732,,,0.001801451859620089,-0.002338726975647133,,,,,,,,,,-0.0006115020073939752,,,,,-0.001025441827783743,-0.0010552039916508172,-0.0008987018265969884,,,-0.002072136335936061,,0.0016803458522506713,,,,,,-0.0006621230344961254,,,,,-0.00021969474197917142
6,2026-08-31,1299,HK0000069689,29573501W,-0.000560115284083557,-0.0006115020073939752,-0.0007661346989188884,,-0.0007003893394670049,,,-0.0010280779250274028,,,-0.004165857425371455,,,,,-0.0012497572276114369,0.001801451859620089,,-0.0007750432419295732,,-0.0015322693978377768,,,,,,,,,-0.0006967287680063759,-0.0006419298761407058,,-0.001025441827783743,-0.0010552039916508172,-0.0008987018265969884,,,0.002050883655567486,,,-0.0022594480951167216,,,,,-0.0006621230344961254,-0.0006610286162572888,,-0.0008600479845928167,,-0.0003831543121706848
7,2026-08-31,1308,KYG8187G1055,29553601W,0.0016525715406432223,,-0.0007661346989188884,,0.002072136335936061,-0.0010693109968867907,,,,0.0029191409696033557,,,,,0.0012230040147879504,,,,,0.002366404217962484,,,,,0.002596898135296492,-0.000880886151620396,,-0.0006115020073939752,,0.002050883655567486,0.0018864260039417912,,0.003006934682974885,,0.0035080904634706995,-0.0007392279350012195,,0.002050883655567486,,-0.0016945860713375414,-0.0022594480951167216,-0.001075059980741021,0.0024091705592509624,0.0027021777894301337,,0.0019319918494476317,-0.0006610286162572888,,0.002531153878706707,-0.001999611564178299,0.0006371688718234136
8,2026-08-31,16,HK0016000132,01942101W,-0.000560115284083557,,,,,,,,,,,,,,,,0.001801451859620089,,,,,,,,,,,0.0023804899573551174,,,,0.0016874359191378049,-0.001025441827783743,-0.0010552039916508172,-0.0008987018265969884,,0.005478387847063832,0.002050883655567486,,0.0016803458522506713,,,,,0.002366404217962484,0.0019319918494476317,0.0019319918494476317,0.0022722858683844305,,,0.0004780411173232443
9,2026-08-31,1605,JP3294460005,27119601W,0.0016525715406432223,,-0.0007661346989188884,,,-0.0010693109968867907,,-0.0010280779250274028,0.000985030327181428,,,-0.002836328459827374,,-0.002666148752237732,,,0.001801451859620089,,-0.0007750432419295732,,,-0.0010150312508519282,,,,,,-0.0006115020073939752,,,,,,,,,,,,,,,,,,,0.0019319918494476317,,,-0.001999611564178299,-0.00015828681105782425
10,2026-08-31,1801,JP3443600006,10094901W,-0.000560115284083557,,0.0022594480951167216,,0.002072136335936061,-0.0010693109968867907,,,0.000985030327181428,,,,-0.0013886191417904852,,0.0012230040147879504,,,,,-0.0006032010751669077,,0.002962387502486369,,,0.002596898135296492,0.003447606145134998,,,,0.002050883655567486,0.0018864260039417912,,0.003006934682974885,,0.0035080904634706995,0.0021734908306285856,,0.002050883655567486,,,0.002234202865003686,,0.0024091705592509624,0.0027021777894301337,0.002366404217962484,,-0.0006610286162572888,-0.0011591951096685791,-0.0008600479845928167,,0.00046839450836609923
11,2026-08-31,1802,JP3190000004,10091901W,-0.000560115284083557,-0.0006115020073939752,-0.0007661346989188884,,,-0.0010693109968867907,,,,,,,,,,,,,,-0.0006032010751669077,,0.002962387502486369,,,,-0.000880886151620396,,,,0.002050883655567486,0.0018864260039417912,,-0.001025441827783743,,-0.0008987018265969884,0.0021734908306285856,,0.002050883655567486,,,0.002234202865003686,,0.0024091705592509624,0.0027021777894301337,0.002366404217962484,0.0019319918494476317,-0.0006610286162572888,,,,0.00030705437442208705
12,2026-08-31,1803,JP3358800005,10098201W,0.0016525715406432223,0.001809603225500723,0.0022594480951167216,,0.002072136335936061,-0.0010693109968867907,,,,,,,-0.0013886191417904852,,,,,,,-0.0006032010751669077,,0.002962387502486369,,,0.002596898135296492,0.003447606145134998,,-0.0006115020073939752,,0.002050883655567486,0.0018864260039417912,0.0016874359191378049,0.003006934682974885,,0.0035080904634706995,-0.0007392279350012195,,-0.002072136335936061,,,0.002234202865003686,,0.0024091705592509624,0.0027021777894301337,0.002366404217962484,-0.0006621230344961254,-0.0006610286162572888,-0.0011591951096685791,-0.0008600479845928167,,0.0002431578244540465
13,2026-08-31,1812,JP3210200006,01870901W,-0.000560115284083557,,,,0.002072136335936061,,,,0.000985030327181428,,,,0.0024839895207183836,,0.0012230040147879504,,,,,-0.0006032010751669077,,0.002962387502486369,,,,-0.000880886151620396,,-0.0006115020073939752,,0.002050883655567486,0.0018864260039417912,0.0016874359191378049,,,-0.0008987018265969884,0.0021734908306285856,,0.002050883655567486,,,0.002234202865003686,,0.0024091705592509624,0.0027021777894301337,0.002366404217962484,-0.0006621230344961254,-0.0006610286162572888,-0.0011591951096685791,,,0.00035792597340749766
14,2026-08-31,1878,JP3486800000,20154301W,,,,,,,,,,,,,,0.002666148752237732,,,0.001801451859620089,0.0023251297257887195,,,,,,,,,,-0.0006115020073939752,,,,0.0016874359191378049,0.003006934682974885,-0.0010552039916508172,0.0035080904634706995,,-0.005554476567161941,-0.002072136335936061,,-0.0016945860713375414,0.002234202865003686,0.002115991073204549,,,0.002366404217962484,-0.0006621230344961254,-0.0006610286162572888,-0.0011591951096685791,,,0.0001061143709440891
15,2026-08-31,19,HK0019000162,10056201W,0.0016525715406432223,,-0.0007661346989188884,,0.002072136335936061,0.00209383409861602,,,0.000985030327181428,,,,-0.0013886191417904852,-0.002666148752237732,,,,-0.002338726975647133,,-0.0006032010751669077,,-0.0010150312508519282,,,-0.0013198756199196693,-0.000880886151620396,,0.0023804899573551174,,-0.0006967287680063759,-0.0006419298761407058,0.0016874359191378049,-0.001025441827783743,,-0.0008987018265969884,0.0021734908306285856,,0.002050883655567486,,0.0016803458522506713,0.002234202865003686,,-0.0012267555608455822,-0.0013743034805349132,,-0.0006621230344961254,,-0.0011591951096685791,0.002531153878706707,-0.001999611564178299,0.00011400482986675989
16,2026-08-31,1925,JP3505000004,01783001W,-0.000560115284083557,,,,,,,,,,,,,0.002666148752237732,,,0.001801451859620089,0.0023251297257887195,,,,,,,,,,,,,,0.0016874359191378049,-0.001025441827783743,-0.0010552039916508172,-0.0008987018265969884,,-0.005554476567161941,-0.002072136335936061,,,0.002234202865003686,,,,0.002366404217962484,-0.0006621230344961254,-0.0006610286162572888,-0.0011591951096685791,,,-0.00010252793053213555
17,2026-08-31,1928,JP3420600003,10092601W,-0.000560115284083557,-0.0006115020073939752,-0.0007661346989188884,,-0.0007003893394670049,,,0.0030297144911792407,,,,,-0.0013886191417904852,,,-0.0012497572276114369,,,,-0.0006032010751669077,-0.0015322693978377768,-0.0010150312508519282,,,,0.003447606145134998,,,,,,,,-0.0010552039916508172,,0.0021734908306285856,,0.002050883655567486,,,0.002234202865003686,,,,,-0.0006621230344961254,-0.0006610286162572888,-0.0011591951096685791,,,1.7502021922053065e-06
18,2026-08-31,1928,KYG7800X1079,29342501W,-0.000560115284083557,-0.0006115020073939752,-0.0007661346989188884,,-0.0007003893394670049,,,-0.0010280779250274028,,,,,,0.002666148752237732,,0.0037728520078835824,,,-0.0007750432419295732,-0.0006032010751669077,0.0029844948719079086,-0.0010150312508519282,,,-0.0013198756199196693,-0.000880886151620396,,-0.0006115020073939752,,-0.0006967287680063759,-0.0006419298761407058,,,0.004122910441604739,,-0.0007392279350012195,0.005478387847063832,,,,,,,,,0.0019319918494476317,0.0019319918494476317,,,0.001970060654362856,0.0005010676780902815
19,2026-08-31,1997,KYG9593A1040,32596601W,-0.000560115284083557,,,,,,,,,,,,,-0.002666148752237732,,,,-0.002338726975647133,,,,,,,,,,-0.0006115020073939752,,,,-0.0008563646955795712,-0.001025441827783743,0.004122910441604739,-0.0008987018265969884,,,,,,,,,,,0.0019319918494476317,0.0019319918494476317,0.0022722858683844305,,,9.072161466822666e-05
20,2026-08-31,2,HK0002007356,10066501W,-0.000560115284083557,-0.0006115020073939752,,,-0.0007003893394670049,-0.0010693109968867907,,-0.0010280779250274028,0.000985030327181428,0.0029191409696033557,,,,,0.0012230040147879504,,,,-0.0007750432419295732,0.002366404217962484,,-0.0010150312508519282,,,,,,,,-0.0006967287680063759,,-0.0008563646955795712,-0.001025441827783743,0.004122910441604739,-0.0008987018265969884,,,,,,,-0.001075059980741021,,,,0.0019319918494476317,0.0019319918494476317,0.0022722858683844305,-0.0008600479845928167,-0.001999611564178299,0.0002569258040439125
21,2026-08-31,2388,HK2388011192,03164801W,-0.000560115284083557,-0.0006115020073939752,,,-0.0007003893394670049,,,-0.0010280779250274028,0.000985030327181428,0.0029191409696033557,,-0.002836328459827374,-0.0013886191417904852,,,0.0037728520078835824,0.001801451859620089,,-0.0007750432419295732,,,,,,,,,,,,-0.0006419298761407058,-0.0008563646955795712,0.003006934682974885,,0.0035080904634706995,,,,,,,,,,-0.0023804899573551174,,,,,,9.569475656108607e-05
22,2026-08-31,2502,JP3116000005,10295001W,-0.000560115284083557,-0.0006115020073939752,,,,0.00209383409861602,,,,,,-0.002836328459827374,-0.0013886191417904852,-0.002666148752237732,,,0.001801451859620089,-0.002338726975647133,-0.0007750432419295732,-0.0006032010751669077,-0.0015322693978377768,,,,-0.0013198756199196693,,,-0.0006115020073939752,,-0.0006967287680063759,-0.0006419298761407058,,,,,-0.0007392279350012195,-0.005554476567161941,-0.002072136335936061,,,0.002234202865003686,,,,,-0.0006621230344961254,-0.0006610286162572888,-0.0011591951096685791,0.002531153878706707,,-0.000584598640570192
23,2026-08-31,2503,JP3258000003,01872901W,0.0016525715406432223,0.001809603225500723,,,,,,,,,,-0.002836328459827374,0.0024839895207183836,,-0.003602903719240178,,,,0.0022722858683844305,-0.0006032010751669077,,,,,0.002596898135296492,,,0.0023804899573551174,,0.002050883655567486,0.0018864260039417912,,,,,0.0021734908306285856,0.005478387847063832,0.002050883655567486,,,,,0.0024091705592509624,,,,-0.0006610286162572888,,-0.0008600479845928167,,0.0002507862091296255
24,2026-08-31,2587,JP3336560002,31564801W,-0.000560115284083557,-0.0006115020073939752,,,,,,,,,,-0.002836328459827374,-0.0013886191417904852,,,,0.001801451859620089,,-0.0007750432419295732,-0.0006032010751669077,-0.0015322693978377768,,,,-0.0013198756199196693,,,-0.0006115020073939752,,-0.0006967287680063759,-0.0006419298761407058,,,,,-0.0007392279350012195,,-0.002072136335936061,,,0.002234202865003686,,0.0024091705592509624,,,0.0019319918494476317,-0.0006610286162572888,,0.002531153878706707,-0.001999611564178299,-0.0001962671740508093
25,2026-08-31,27,HK0027032686,10711401W,-0.000560115284083557,-0.0006115020073939752,-0.0007661346989188884,,-0.0007003893394670049,,,-0.0010280779250274028,,,,,,-0.002666148752237732,,0.0037728520078835824,,-0.002338726975647133,0.0022722858683844305,-0.0006032010751669077,,0.002962387502486369,,,0.002596898135296492,0.003447606145134998,,-0.0006115020073939752,,0.002050883655567486,0.0018864260039417912,,0.003006934682974885,0.004122910441604739,,-0.0007392279350012195,0.005478387847063832,,,,,,,,,0.0019319918494476317,,,,-0.001999611564178299,0.00040755616927614193
26,2026-08-31,2801,JP3240400006,10193201W,0.0016525715406432223,,,,,,,,,,,,,,-0.003602903719240178,,0.001801451859620089,,-0.0007750432419295732,-0.0006032010751669077,,,,,,,,-0.0006115020073939752,,-0.0006967287680063759,-0.0006419298761407058,,,,,-0.0007392279350012195,,,,-0.0016945860713375414,-0.0022594480951167216,,-0.0012267555608455822,-0.0013743034805349132,,-0.0006621230344961254,-0.0006610286162572888,-0.0011591951096685791,-0.0008600479845928167,-0.001999611564178299,-0.00031460113031579913
27,2026-08-31,2802,JP3119600009,10025301W,,-0.0006115020073939752,,,,,,,,,,,-0.0013886191417904852,,-0.003602903719240178,,0.001801451859620089,,0.0022722858683844305,-0.0006032010751669077,-0.0015322693978377768,,,,0.002596898135296492,,,-0.0006115020073939752,,,,,,,,-0.0007392279350012195,,,,-0.0016945860713375414,-0.0022594480951167216,,-0.0012267555608455822,-0.0013743034805349132,-0.0023804899573551174,-0.0006621230344961254,-0.0006610286162572888,,-0.0008600479845928167,,-0.0003030044114444838
28,2026-08-31,285A,JP3236330001,33964401W,0.0016525715406432223,0.001809603225500723,,,0.002072136335936061,0.00209383409861602,,-0.0010280779250274028,,,,-0.002836328459827374,0.0024839895207183836,,,,,,0.0022722858683844305,0.002366404217962484,,,,,0.002596898135296492,,,-0.0006115020073939752,,,,,,,,-0.0007392279350012195,,,,,,0.002115991073204549,,,,,,,,,0.00010552275890308105
29,2026-08-31,288,KYG960071028,31747801W,-0.000560115284083557,-0.0006115020073939752,,,,-0.0010693109968867907,,,,,,,0.0024839895207183836,,0.0012230040147879504,,-0.005332297504475464,,-0.0007750432419295732,-0.0006032010751669077,-0.0015322693978377768,,,,-0.0013198756199196693,,,-0.0006115020073939752,,-0.0006967287680063759,-0.0006419298761407058,0.0016874359191378049,,,,-0.0007392279350012195,0.005478387847063832,,,,,0.002115991073204549,0.0024091705592509624,0.0027021777894301337,,0.0019319918494476317,-0.0006610286162572888,-0.0011591951096685791,0.002531153878706707,,5.1320962936564e-05
30,2026-08-31,2914,JP3726800000,22352801W,0.0016525715406432223,0.001809603225500723,,,,,,,,,,-0.002836328459827374,-0.0013886191417904852,-0.002666148752237732,,,,-0.002338726975647133,0.0022722858683844305,-0.0006032010751669077,-0.0015322693978377768,,,,0.002596898135296492,,,-0.0006115020073939752,,0.002050883655567486,0.0018864260039417912,,,,,-0.0007392279350012195,,,,,,,-0.0012267555608455822,-0.0013743034805349132,-0.0023804899573551174,-0.0006621230344961254,-0.0006610286162572888,-0.0011591951096685791,-0.0008600479845928167,,-0.0004990812143109776
31,2026-08-31,3,HK0003000038,01852602W,-0.000560115284083557,-0.0006115020073939752,,,-0.0007003893394670049,-0.0010693109968867907,,-0.0010280779250274028,0.000985030327181428,,,,,,0.0012230040147879504,,,,-0.0007750432419295732,-0.0006032010751669077,,,,,,,,,,-0.0006967287680063759,,-0.0008563646955795712,-0.001025441827783743,-0.0010552039916508172,-0.0008987018265969884,,,,,-0.0016945860713375414,,-0.001075059980741021,-0.0012267555608455822,-0.0013743034805349132,,-0.0006621230344961254,,,-0.0008600479845928167,,-0.0003278726319959436
32,2026-08-31,3003,JP3360800001,20801901W,0.0016525715406432223,,,,,,,,,,,,,0.002666148752237732,,,0.001801451859620089,0.0023251297257887195,,,,,,,,,,,,,,0.0016874359191378049,,-0.0010552039916508172,-0.0008987018265969884,,,-0.002072136335936061,,,0.002234202865003686,,,,0.002366404217962484,0.0019319918494476317,-0.0006610286162572888,-0.0011591951096685791,,,0.00015452410267725297
33,2026-08-31,3382,JP3422950000,27396101W,-0.000560115284083557,0.001809603225500723,,,,-0.0010693109968867907,,,,,,0.002816354315744083,,,0.0012230040147879504,,0.001801451859620089,,,-0.0006032010751669077,-0.0015322693978377768,,,,,,,-0.0006115020073939752,,0.002050883655567486,0.0018864260039417912,-0.0008563646955795712,,,,-0.0007392279350012195,-0.005554476567161941,-0.002072136335936061,,,,,,,0.002366404217962484,,,,-0.0008600479845928167,,-0.00014724319352399774
34,2026-08-31,3402,JP3621000003,10072401W,-0.000560115284083557,-0.0006115020073939752,-0.0007661346989188884,,-0.0007003893394670049,,,,,,,-0.002836328459827374,-0.0013886191417904852,,,-0.0012497572276114369,,,-0.0007750432419295732,-0.0006032010751669077,-0.0015322693978377768,-0.0010150312508519282,,,-0.0013198756199196693,0.003447606145134998,,-0.0006115020073939752,,-0.0006967287680063759,-0.0006419298761407058,0.0016874359191378049,,,,-0.0007392279350012195,,-0.002072136335936061,,,,,,,,,-0.0006610286162572888,,,,-0.0005014790394956817
35,2026-08-31,3407,JP3111200006,10025801W,-0.000560115284083557,-0.0006115020073939752,0.0022594480951167216,,-0.0007003893394670049,,,,,,,,-0.0013886191417904852,,,-0.0012497572276114369,,,-0.0007750432419295732,-0.0006032010751669077,-0.0015322693978377768,,,,,-0.000880886151620396,,-0.0006115020073939752,,-0.0006967287680063759,-0.0006419298761407058,,,,,-0.0007392279350012195,,,,,,,,,,0.0019319918494476317,-0.0006610286162572888,,,,-0.0002480265368795321
36,2026-08-31,3659,JP3758190007,31130501W,-0.000560115284083557,-0.0006115020073939752,-0.0007661346989188884,,-0.0007003893394670049,-0.0010693109968867907,,0.0030297144911792407,,,,,,,,,,,,,,,,,,-0.000880886151620396,,,,,-0.0006419298761407058,,,,,,,,,-0.0016945860713375414,,,,,,0.0019319918494476317,,0.0022722858683844305,,,0.00015943410952300372
37,2026-08-31,388,HK0388045442,24063701W,-0.000560115284083557,-0.0006115020073939752,-0.0007661346989188884,,-0.0007003893394670049,-0.0010693109968867907,,0.0030297144911792407,-0.0029191409696033557,0.0029191409696033557,,,,,,-0.0012497572276114369,0.001801451859620089,,,,0.0029844948719079086,,,,,,,,,-0.0006967287680063759,-0.0006419298761407058,-0.0008563646955795712,0.003006934682974885,-0.0010552039916508172,0.0035080904634706995,,,,,,,-0.001075059980741021,-0.0012267555608455822,-0.0013743034805349132,-0.0023804899573551174,-0.0006621230344961254,-0.0006610286162572888,,-0.0008600479845928167,,0.00021225910173723535
38,2026-08-31,4004,JP3368000000,10069601W,0.0016525715406432223,0.001809603225500723,-0.0007661346989188884,,0.002072136335936061,0.00209383409861602,,,,-0.002962387502486369,,-0.002836328459827374,,,,-0.0012497572276114369,,,-0.0007750432419295732,-0.0006032010751669077,-0.0015322693978377768,-0.0010150312508519282,,,-0.0013198756199196693,-0.000880886151620396,,-0.0006115020073939752,,-0.0006967287680063759,-0.0006419298761407058,-0.0008563646955795712,,,,-0.0007392279350012195,,-0.002072136335936061,,,,,-0.0012267555608455822,,,-0.0006621230344961254,-0.0006610286162572888,-0.0011591951096685791,,,-0.0006755007604591636
39,2026-08-31,4062,JP3148800000,10262001W,0.0016525715406432223,0.001809603225500723,0.0022594480951167216,,,-0.0010693109968867907,,0.0030297144911792407,,,-0.004165857425371455,,,,,,,,,-0.0006032010751669077,,,,,,0.003447606145134998,,-0.0006115020073939752,,,,-0.0008563646955795712,,,,0.0021734908306285856,,-0.002072136335936061,,,,,,,,,,,,,-0.0001709829059997124
40,2026-08-31,4063,JP3371200001,10069701W,,,-0.0007661346989188884,,,,,,,0.0029191409696033557,,,-0.0013886191417904852,,,-0.0012497572276114369,,,-0.0007750432419295732,-0.0006032010751669077,-0.0015322693978377768,-0.0010150312508519282,,,-0.0013198756199196693,-0.000880886151620396,,-0.0006115020073939752,,-0.0006967287680063759,-0.0006419298761407058,-0.0008563646955795712,,,,-0.0007392279350012195,,-0.002072136335936061,,,,,,,,-0.0006621230344961254,-0.0006610286162572888,,,,-0.0003087843303109068
41,2026-08-31,4091,JP3711600001,10104401W,,,,,,,,,,,,-0.002836328459827374,-0.0013886191417904852,,,-0.0012497572276114369,,,-0.0007750432419295732,-0.0006032010751669077,-0.0015322693978377768,-0.0010150312508519282,,,,0.003447606145134998,,0.0023804899573551174,,-0.0006967287680063759,-0.0006419298761407058,,,,,0.0021734908306285856,,,,,,,,,,,0.0019319918494476317,0.0022722858683844305,,,-0.00017280466496494637
42,2026-08-31,4151,JP3256000005,10051601W,0.0016525715406432223,-0.0006115020073939752,,,,-0.0010693109968867907,,,,,,,,,-0.003602903719240178,,,,,-0.0006032010751669077,,,,,,,,0.0023804899573551174,,-0.0006967287680063759,,-0.0008563646955795712,,-0.0010552039916508172,,,0.005478387847063832,0.002050883655567486,,,,-0.001075059980741021,,,,0.0019319918494476317,-0.0006610286162572888,-0.0011591951096685791,0.002531153878706707,-0.001999611564178299,0.00019566210189849822
43,2026-08-31,4188,JP3897700005,01904502W,0.0016525715406432223,0.001809603225500723,-0.0007661346989188884,,0.002072136335936061,0.00209383409861602,,,,,,,-0.0013886191417904852,,,-0.0012497572276114369,,,-0.0007750432419295732,-0.0006032010751669077,,-0.0010150312508519282,,,-0.0013198756199196693,-0.000880886151620396,,-0.0006115020073939752,,-0.0006967287680063759,-0.0006419298761407058,-0.0008563646955795712,,,,-0.0007392279350012195,,-0.002072136335936061,,,,-0.001075059980741021,-0.0012267555608455822,,,0.0019319918494476317,0.0019319918494476317,,,,-0.00010826772345797063
44,2026-08-31,4307,JP3762800005,24960401W,-0.000560115284083557,-0.0006115020073939752,-0.0007661346989188884,,-0.0007003893394670049,-0.0010693109968867907,,-0.0010280779250274028,,,-0.004165857425371455,-0.002836328459827374,,,,,,,-0.0007750432419295732,-0.0006032010751669077,,,,,-0.0013198756199196693,-0.000880886151620396,,-0.0006115020073939752,,-0.0006967287680063759,-0.0006419298761407058,,,,,-0.0007392279350012195,,,,,,-0.001075059980741021,,,,,,,,,-0.0006248728238657767
45,2026-08-31,4452,JP3205800000,01871501W,-0.000560115284083557,0.001809603225500723,,,,,,,,,,,-0.0013886191417904852,,0.0012230040147879504,,,,-0.0007750432419295732,-0.0006032010751669077,-0.0015322693978377768,,,,,,,-0.0006115020073939752,,-0.0006967287680063759,-0.0006419298761407058,,,,,-0.0007392279350012195,,,,-0.0016945860713375414,,,-0.0012267555608455822,-0.0013743034805349132,,-0.0006621230344961254,-0.0006610286162572888,,-0.0008600479845928167,-0.001999611564178299,-0.00037032007433905747
46,2026-08-31,4502,JP3463000004,10071801W,-0.000560115284083557,-0.0006115020073939752,,,,-0.0010693109968867907,,,0.000985030327181428,,,,,,0.0012230040147879504,,,-0.002338726975647133,-0.0007750432419295732,-0.0006032010751669077,-0.0015322693978377768,0.002962387502486369,,,-0.0013198756199196693,,,-0.0006115020073939752,,-0.0006967287680063759,-0.0006419298761407058,,,-0.0010552039916508172,,-0.0007392279350012195,-0.005554476567161941,-0.002072136335936061,,0.0016803458522506713,0.002234202865003686,-0.001075059980741021,-0.0012267555608455822,-0.0013743034805349132,0.002366404217962484,,0.0019319918494476317,,-0.0008600479845928167,,-0.0005314895657318247
47,2026-08-31,4503,JP3942400007,10066801W,0.0016525715406432223,-0.0006115020073939752,,,,0.00209383409861602,,,0.000985030327181428,,,,,,0.0012230040147879504,,,,0.0022722858683844305,-0.0006032010751669077,0.0029844948719079086,0.002962387502486369,,,0.002596898135296492,,,0.0023804899573551174,,0.002050883655567486,0.0018864260039417912,0.0016874359191378049,,0.004122910441604739,,0.0021734908306285856,0.005478387847063832,0.002050883655567486,,,0.002234202865003686,0.002115991073204549,0.0024091705592509624,0.0027021777894301337,0.002366404217962484,0.0019319918494476317,0.0019319918494476317,0.0022722858683844305,-0.0008600479845928167,,0.0011744725241940913
48,2026-08-31,4507,JP3347200002,10070701W,-0.000560115284083557,-0.0006115020073939752,,,,-0.0010693109968867907,,,0.000985030327181428,,,,,,0.0012230040147879504,,,-0.002338726975647133,,-0.0006032010751669077,-0.0015322693978377768,-0.0010150312508519282,,,,,,-0.0006115020073939752,,0.002050883655567486,0.0018864260039417912,,,-0.0010552039916508172,,-0.0007392279350012195,,,,,0.002234202865003686,,0.0024091705592509624,0.0027021777894301337,,0.0019319918494476317,0.0019319918494476317,0.0022722858683844305,0.002531153878706707,,0.0002315559151958981
49,2026-08-31,4519,JP3519400000,10044101W,-0.000560115284083557,-0.0006115020073939752,,,,,,,,,,,,,-0.003602903719240178,,,,,0.002366404217962484,-0.0015322693978377768,-0.0010150312508519282,,,,,,-0.0006115020073939752,,-0.0006967287680063759,-0.0006419298761407058,-0.0008563646955795712,,-0.0010552039916508172,,-0.0007392279350012195,,-0.002072136335936061,,,-0.0022594480951167216,0.002115991073204549,,,-0.0023804899573551174,-0.0006621230344961254,-0.0006610286162572888,-0.0011591951096685791,-0.0008600479845928167,-0.001999611564178299,-0.0004277477699013107
50,2026-08-31,4523,JP3160400002,10041801W,-0.000560115284083557,-0.0006115020073939752,,,,0.00209383409861602,,,0.000985030327181428,,,,,,0.0012230040147879504,,,,-0.0007750432419295732,-0.0006032010751669077,-0.0015322693978377768,-0.0010150312508519282,,,-0.0013198756199196693,,,,,-0.0006967287680063759,-0.0006419298761407058,,,-0.0010552039916508172,,0.0021734908306285856,0.005478387847063832,0.002050883655567486,,,0.002234202865003686,,-0.0012267555608455822,-0.0013743034805349132,0.002366404217962484,-0.0006621230344961254,-0.0006610286162572888,-0.0011591951096685791,-0.0008600479845928167,,6.825233757107322e-05
51,2026-08-31,4543,JP3546800008,10214601W,0.0016525715406432223,0.001809603225500723,,,,,,,-0.0029191409696033557,,,,,,-0.003602903719240178,,,,-0.0007750432419295732,-0.0006032010751669077,-0.0015322693978377768,-0.0010150312508519282,,,,,,-0.0006115020073939752,,,-0.0006419298761407058,,,-0.0010552039916508172,,-0.0007392279350012195,0.005478387847063832,,,,,0.002115991073204549,,,,,-0.0006610286162572888,,-0.0008600479845928167,,-0.00021656681893470525
52,2026-08-31,4568,JP3475350009,10033601W,-0.000560115284083557,-0.0006115020073939752,,,,,,,,,,,,,,,,0.0023251297257887195,-0.0007750432419295732,-0.0006032010751669077,-0.0015322693978377768,-0.0010150312508519282,,,-0.0013198756199196693,,,-0.0006115020073939752,,-0.0006967287680063759,-0.0006419298761407058,0.0016874359191378049,,0.004122910441604739,,-0.0007392279350012195,-0.005554476567161941,,,,,0.002115991073204549,0.0024091705592509624,,,-0.0006621230344961254,-0.0006610286162572888,-0.0011591951096685791,,,-0.00020637267233701174
53,2026-08-31,4578,JP3188220002,29628801W,0.0016525715406432223,0.001809603225500723,,,,-0.0010693109968867907,,,0.000985030327181428,,,,,,0.0012230040147879504,,,,-0.0007750432419295732,-0.0006032010751669077,-0.0015322693978377768,-0.0010150312508519282,,,,,,-0.0006115020073939752,,-0.0006967287680063759,-0.0006419298761407058,,,0.004122910441604739,,,0.005478387847063832,,,,,-0.001075059980741021,0.0024091705592509624,0.0027021777894301337,,0.0019319918494476317,,,,-0.001999611564178299,0.0001815281812869477
54,2026-08-31,4612,JP3749400002,10189201W,,,0.0022594480951167216,,,-0.0010693109968867907,,,,-0.002962387502486369,,-0.002836328459827374,-0.0013886191417904852,,,-0.0012497572276114369,,,,-0.0006032010751669077,-0.0015322693978377768,0.002962387502486369,,,,0.003447606145134998,,-0.0006115020073939752,,,,,,,,,,,,,,,,,,-0.0006621230344961254,,,,,-0.00047459698410078955
55,2026-08-31,4661,JP3198900007,21319301W,-0.000560115284083557,-0.0006115020073939752,-0.0007661346989188884,,-0.0007003893394670049,,,0.0030297144911792407,,,0.004165857425371455,,,-0.002666148752237732,,-0.0012497572276114369,,-0.002338726975647133,-0.0007750432419295732,-0.0006032010751669077,-0.0015322693978377768,-0.0010150312508519282,,,-0.0013198756199196693,0.003447606145134998,,-0.0006115020073939752,,-0.0006967287680063759,-0.0006419298761407058,-0.0008563646955795712,-0.001025441827783743,-0.0010552039916508172,,-0.0007392279350012195,,,,,-0.0022594480951167216,,,,,-0.0006621230344961254,-0.0006610286162572888,-0.0011591951096685791,,-0.001999611564178299,-0.0002230567770235602
56,2026-08-31,4684,JP3173400007,22545601W,-0.000560115284083557,-0.0006115020073939752,,,,-0.0010693109968867907,,-0.0010280779250274028,,,0.004165857425371455,0.002816354315744083,,-0.002666148752237732,,,,-0.002338726975647133,-0.0007750432419295732,-0.0006032010751669077,,,,,,0.003447606145134998,,-0.0006115020073939752,,-0.0006967287680063759,-0.0006419298761407058,-0.0008563646955795712,,,,-0.0007392279350012195,,,,-0.0016945860713375414,,,,,,,,,,-0.001999611564178299,9.391616372703837e-05
57,2026-08-31,4689,JP3933800009,21450901W,,-0.0006115020073939752,,,-0.0007003893394670049,,,,,,,-0.002836328459827374,,,,,,,,,-0.0015322693978377768,,,,,-0.000880886151620396,,,,,,0.0016874359191378049,,,,,,,,,0.002234202865003686,,,,,0.0019319918494476317,0.0019319918494476317,0.0022722858683844305,,,-4.2952387622857096e-05
58,2026-08-31,4755,JP3967200001,23625901W,-0.000560115284083557,-0.0006115020073939752,-0.0007661346989188884,,-0.0007003893394670049,,,0.0030297144911792407,,,,,,,,-0.0012497572276114369,,0.0023251297257887195,-0.0007750432419295732,-0.0006032010751669077,-0.0015322693978377768,,,,-0.0013198756199196693,-0.000880886151620396,,-0.0006115020073939752,,-0.0006967287680063759,-0.0006419298761407058,0.0016874359191378049,,0.004122910441604739,,-0.0007392279350012195,0.005478387847063832,-0.002072136335936061,,0.0016803458522506713,0.002234202865003686,,,,,0.0019319918494476317,0.0019319918494476317,0.0022722858683844305,,0.001970060654362856,0.0003231639549857026
59,2026-08-31,4768,JP3188200004,23949801W,-0.000560115284083557,-0.0006115020073939752,0.0022594480951167216,,-0.0007003893394670049,-0.0010693109968867907,,0.0030297144911792407,,,,,0.0024839895207183836,0.002666148752237732,,,,0.0023251297257887195,-0.0007750432419295732,-0.0006032010751669077,,,,,,-0.000880886151620396,,0.0023804899573551174,,,,0.0016874359191378049,,,,0.0021734908306285856,,0.002050883655567486,,-0.0016945860713375414,,-0.001075059980741021,,,,,,,,,0.00027635720984536463
60,2026-08-31,4901,JP3814000000,00492501W,-0.000560115284083557,-0.0006115020073939752,0.0022594480951167216,,-0.0007003893394670049,-0.0010693109968867907,,-0.0010280779250274028,,,,,-0.0013886191417904852,,,,,,-0.0007750432419295732,-0.0006032010751669077,,,,,-0.0013198756199196693,-0.000880886151620396,,,,-0.0006967287680063759,-0.0006419298761407058,,,,,-0.0007392279350012195,,-0.002072136335936061,,0.0016803458522506713,,,,,,,,,,,-0.0002634730136861534
61,2026-08-31,4911,JP3351600006,01934401W,-0.000560115284083557,-0.0006115020073939752,,,,,,,,,,-0.002836328459827374,0.0024839895207183836,,0.0012230040147879504,,-0.005332297504475464,,-0.0007750432419295732,-0.0006032010751669077,,,,,-0.0013198756199196693,,,-0.0006115020073939752,,-0.0006967287680063759,-0.0006419298761407058,-0.0008563646955795712,,,,0.0021734908306285856,0.005478387847063832,0.002050883655567486,,-0.0016945860713375414,,,-0.0012267555608455822,-0.0013743034805349132,,-0.0006621230344961254,,0.0022722858683844305,-0.0008600479845928167,,-0.00015139947212893968
62,2026-08-31,5016,JP3379550001,36616301W,,,-0.0007661346989188884,,,,,,,,,,-0.0013886191417904852,,,-0.0012497572276114369,,,-0.0007750432419295732,-0.0006032010751669077,-0.0015322693978377768,,,,,,,-0.0006115020073939752,,-0.0006967287680063759,-0.0006419298761407058,,,,,-0.0007392279350012195,,-0.002072136335936061,,-0.0016945860713375414,,,-0.0012267555608455822,,,-0.0006621230344961254,-0.0006610286162572888,-0.0011591951096685791,,,-0.00046030770744910485
63,2026-08-31,5019,JP3142500002,27944901W,-0.000560115284083557,,0.0022594480951167216,,-0.0007003893394670049,-0.0010693109968867907,,,0.000985030327181428,,,,-0.0013886191417904852,0.002666148752237732,0.0012230040147879504,,0.001801451859620089,0.0023251297257887195,-0.0007750432419295732,,,0.002962387502486369,,,,,,-0.0006115020073939752,,,,,,,,,,,,,0.002234202865003686,,,,0.002366404217962484,,0.0019319918494476317,0.0022722858683844305,0.002531153878706707,,0.0004535023427783138
64,2026-08-31,5020,JP3386450005,10015801W,-0.000560115284083557,,0.0022594480951167216,,-0.0007003893394670049,,,,0.000985030327181428,,,,-0.0013886191417904852,0.002666148752237732,0.0012230040147879504,,0.001801451859620089,0.0023251297257887195,,,,0.002962387502486369,,,,,,-0.0006115020073939752,,,,,,,,,,,,,0.002234202865003686,,,,0.002366404217962484,-0.0006621230344961254,0.0019319918494476317,,-0.0008600479845928167,,0.00025890400926712137
65,2026-08-31,5108,JP3830800003,10036901W,-0.000560115284083557,-0.0006115020073939752,0.0022594480951167216,,,,,0.0030297144911792407,,,,,0.0024839895207183836,,,-0.0012497572276114369,,,,-0.0006032010751669077,,,,,,-0.000880886151620396,,0.0023804899573551174,,0.002050883655567486,,,,-0.0010552039916508172,,0.0021734908306285856,0.005478387847063832,0.002050883655567486,,,,,,,,0.0019319918494476317,,,,-0.001999611564178299,0.000401522708342693
66,2026-08-31,5201,JP3112000009,10025901W,0.0016525715406432223,,0.0022594480951167216,,0.002072136335936061,0.00209383409861602,,,-0.0029191409696033557,,,,-0.0013886191417904852,,-0.003602903719240178,,,,,-0.0006032010751669077,,,,,0.002596898135296492,-0.000880886151620396,,,,0.002050883655567486,0.0018864260039417912,-0.0008563646955795712,-0.001025441827783743,,-0.0008987018265969884,0.0021734908306285856,,-0.002072136335936061,,,0.002234202865003686,0.002115991073204549,,,0.002366404217962484,0.0019319918494476317,-0.0006610286162572888,-0.0011591951096685791,-0.0008600479845928167,,1.7055264062499316e-05
67,2026-08-31,5401,JP3381000003,10015501W,-0.000560115284083557,-0.0006115020073939752,0.0022594480951167216,,-0.0007003893394670049,,,,,-0.002962387502486369,,,-0.0013886191417904852,,,-0.0012497572276114369,,,-0.0007750432419295732,-0.0006032010751669077,-0.0015322693978377768,-0.0010150312508519282,,,-0.0013198756199196693,-0.000880886151620396,,-0.0006115020073939752,,-0.0006967287680063759,-0.0006419298761407058,0.0016874359191378049,,,,-0.0007392279350012195,,-0.002072136335936061,,0.0016803458522506713,,,-0.0012267555608455822,,,,-0.0006610286162572888,-0.0011591951096685791,,,-0.000532031120366936
68,2026-08-31,5706,JP3888400003,10195101W,0.0016525715406432223,0.001809603225500723,0.0022594480951167216,,0.002072136335936061,-0.0010693109968867907,,,,,,,-0.0013886191417904852,,,-0.0012497572276114369,,,,0.002366404217962484,-0.0015322693978377768,0.002962387502486369,,,,-0.000880886151620396,,-0.0006115020073939752,,-0.0006967287680063759,,,,,,-0.0007392279350012195,,,,-0.0016945860713375414,,-0.001075059980741021,,,,-0.0006621230344961254,-0.0006610286162572888,,,,-0.00011992389473561162
69,2026-08-31,5713,JP3402600005,10014501W,0.0016525715406432223,0.001809603225500723,0.0022594480951167216,,0.002072136335936061,,,,,,,,-0.0013886191417904852,,,-0.0012497572276114369,,,0.0022722858683844305,-0.0006032010751669077,-0.0015322693978377768,-0.0010150312508519282,,,0.002596898135296492,0.003447606145134998,,-0.0006115020073939752,,0.002050883655567486,0.0018864260039417912,0.0016874359191378049,,,,-0.0007392279350012195,,-0.002072136335936061,,,,,0.0024091705592509624,,,-0.0006621230344961254,-0.0006610286162572888,-0.0011591951096685791,,,-3.990989244823167e-05
70,2026-08-31,5801,JP3827200001,02014501W,0.0016525715406432223,0.001809603225500723,0.0022594480951167216,,0.002072136335936061,0.00209383409861602,,,,,,,,,0.0012230040147879504,,,0.0023251297257887195,,-0.0006032010751669077,,0.002962387502486369,,,0.002596898135296492,0.003447606145134998,,-0.0006115020073939752,,0.002050883655567486,0.0018864260039417912,,0.003006934682974885,,0.0035080904634706995,-0.0007392279350012195,,-0.002072136335936061,,-0.0016945860713375414,,0.002115991073204549,-0.0012267555608455822,-0.0013743034805349132,,-0.0006621230344961254,-0.0006610286162572888,-0.0011591951096685791,-0.0008600479845928167,,0.00017371431751886789
71,2026-08-31,5802,JP3407400005,01941301W,0.0016525715406432223,0.001809603225500723,0.0022594480951167216,,0.002072136335936061,,,-0.0010280779250274028,,,0.004165857425371455,,-0.0013886191417904852,,,-0.0012497572276114369,,,0.0022722858683844305,-0.0006032010751669077,-0.0015322693978377768,0.002962387502486369,,,0.002596898135296492,-0.000880886151620396,,-0.0006115020073939752,,0.002050883655567486,0.0018864260039417912,,0.003006934682974885,0.004122910441604739,,-0.0007392279350012195,,,,,,,,,,-0.0006621230344961254,-0.0006610286162572888,-0.0011591951096685791,,,0.00026827715481916224
72,2026-08-31,5803,JP3811000003,10271701W,0.0016525715406432223,0.001809603225500723,-0.0007661346989188884,,0.002072136335936061,,,,,0.0029191409696033557,,,-0.0013886191417904852,,0.0012230040147879504,,,0.0023251297257887195,,0.002366404217962484,,0.002962387502486369,,,0.002596898135296492,-0.000880886151620396,,-0.0006115020073939752,,,,,0.003006934682974885,,0.0035080904634706995,-0.0007392279350012195,,,,-0.0016945860713375414,-0.0022594480951167216,,-0.0012267555608455822,-0.0013743034805349132,-0.0023804899573551174,-0.0006621230344961254,-0.0006610286162572888,-0.0011591951096685791,-0.0008600479845928167,-0.001999611564178299,0.0001856935218795128
73,2026-08-31,6,HK0006000050,01659001W,-0.000560115284083557,-0.0006115020073939752,,,-0.0007003893394670049,,,-0.0010280779250274028,0.000985030327181428,0.0029191409696033557,,,,-0.002666148752237732,0.0012230040147879504,,,-0.002338726975647133,0.0022722858683844305,-0.0006032010751669077,,0.002962387502486369,,,,,,,,-0.0006967287680063759,,-0.0008563646955795712,-0.001025441827783743,-0.0010552039916508172,-0.0008987018265969884,,,,,-0.0016945860713375414,-0.0022594480951167216,,,,-0.0023804899573551174,-0.0006621230344961254,-0.0006610286162572888,-0.0011591951096685791,,-0.001999611564178299,-0.00022500641419193865
74,2026-08-31,6098,JP3970300004,31851001W,0.0016525715406432223,0.001809603225500723,,,0.002072136335936061,0.00209383409861602,,,0.000985030327181428,0.0029191409696033557,,,,,0.0012230040147879504,,,0.0023251297257887195,,0.002366404217962484,,0.002962387502486369,,,0.002596898135296492,0.003447606145134998,,-0.0006115020073939752,,,,,-0.001025441827783743,,-0.0008987018265969884,-0.0007392279350012195,,,,,-0.0022594480951167216,,-0.0012267555608455822,-0.0013743034805349132,,-0.0006621230344961254,,,-0.0008600479845928167,-0.001999611564178299,0.00022385926780389172
75,2026-08-31,6146,JP3548600000,20149101W,,-0.0006115020073939752,-0.0007661346989188884,,-0.0007003893394670049,,,-0.0010280779250274028,,,,0.002816354315744083,0.0024839895207183836,,,,,,-0.0007750432419295732,-0.0006032010751669077,,,,,,-0.000880886151620396,,0.0023804899573551174,,-0.0006967287680063759,-0.0006419298761407058,-0.0008563646955795712,,,,-0.0007392279350012195,,,,-0.0016945860713375414,,,,,,,,,,-0.001999611564178299,-5.509927673108584e-06
76,2026-08-31,6178,JP3752900005,32061101W,0.0016525715406432223,-0.0006115020073939752,0.0022594480951167216,,-0.0007003893394670049,0.00209383409861602,,,0.000985030327181428,0.0029191409696033557,,,,,,0.0037728520078835824,0.001801451859620089,,-0.0007750432419295732,,-0.0015322693978377768,,,,,,,,,-0.0006967287680063759,-0.0006419298761407058,0.0016874359191378049,-0.001025441827783743,-0.0010552039916508172,-0.0008987018265969884,-0.0007392279350012195,,-0.002072136335936061,,0.0016803458522506713,0.002234202865003686,0.002115991073204549,,-0.0013743034805349132,0.002366404217962484,0.0019319918494476317,-0.0006610286162572888,,-0.0008600479845928167,0.001970060654362856,0.0001309724894682606
77,2026-08-31,6273,JP3162600005,20812401W,,,,,,-0.0010693109968867907,,,-0.0029191409696033557,,,,0.0024839895207183836,-0.002666148752237732,-0.003602903719240178,,,-0.002338726975647133,,-0.0006032010751669077,,-0.0010150312508519282,,,,-0.000880886151620396,,-0.0006115020073939752,,,-0.0006419298761407058,-0.0008563646955795712,-0.001025441827783743,,-0.0008987018265969884,-0.0007392279350012195,,,,,-0.0022594480951167216,-0.001075059980741021,,,-0.0023804899573551174,-0.0006621230344961254,-0.0006610286162572888,-0.0011591951096685791,,-0.001999611564178299,-0.0004136678635495572
78,2026-08-31,6301,JP3304200003,00649401W,-0.000560115284083557,,,,0.002072136335936061,-0.0010693109968867907,,,,,,,-0.0013886191417904852,,,,,,,-0.0006032010751669077,,-0.0010150312508519282,,,-0.0013198756199196693,-0.000880886151620396,,-0.0006115020073939752,,-0.0006967287680063759,-0.0006419298761407058,,,,-0.0008987018265969884,-0.0007392279350012195,,-0.002072136335936061,,,,-0.001075059980741021,0.0024091705592509624,0.0027021777894301337,,,-0.0006610286162572888,-0.0011591951096685791,0.002531153878706707,-0.001999611564178299,-3.878518228097555e-05
79,2026-08-31,6326,JP3266400005,00650601W,0.0016525715406432223,0.001809603225500723,0.0022594480951167216,,0.002072136335936061,,,,0.000985030327181428,,,,,,,,,,,-0.0006032010751669077,,-0.0010150312508519282,,,-0.0013198756199196693,-0.000880886151620396,,0.0023804899573551174,,-0.0006967287680063759,-0.0006419298761407058,-0.0008563646955795712,-0.001025441827783743,,-0.0008987018265969884,0.0021734908306285856,,,,,0.002234202865003686,,0.0024091705592509624,0.0027021777894301337,0.002366404217962484,,,,0.002531153878706707,,0.00031575392249969555
80,2026-08-31,6361,JP3166000004,10040801W,,0.001809603225500723,-0.0007661346989188884,,0.002072136335936061,,,,-0.0029191409696033557,0.0029191409696033557,,,0.0024839895207183836,,-0.003602903719240178,,,,,-0.0006032010751669077,,-0.0010150312508519282,,,,-0.000880886151620396,,-0.0006115020073939752,,-0.0006967287680063759,-0.0006419298761407058,,,,-0.0008987018265969884,-0.0007392279350012195,,-0.002072136335936061,,-0.0016945860713375414,,,-0.0012267555608455822,-0.0013743034805349132,,-0.0006621230344961254,-0.0006610286162572888,-0.0011591951096685791,-0.0008600479845928167,,-0.00023074568885815918
81,2026-08-31,6367,JP3481800005,10113801W,,-0.0006115020073939752,,,-0.0007003893394670049,,,,,0.0029191409696033557,,,-0.0013886191417904852,,,,,,,-0.0006032010751669077,,-0.0010150312508519282,,,-0.0013198756199196693,-0.000880886151620396,,-0.0006115020073939752,,,-0.0006419298761407058,,-0.001025441827783743,,-0.0008987018265969884,-0.0007392279350012195,,-0.002072136335936061,,,,,,,,,-0.0006610286162572888,,,-0.001999611564178299,-9.611178211889481e-05
82,2026-08-31,6383,JP3497400006,10224501W,-0.000560115284083557,-0.0006115020073939752,,,-0.0007003893394670049,,,,0.000985030327181428,,,,-0.0013886191417904852,,0.0012230040147879504,,,,,-0.0006032010751669077,,0.002962387502486369,,,,-0.000880886151620396,,-0.0006115020073939752,,-0.0006967287680063759,-0.0006419298761407058,-0.0008563646955795712,0.003006934682974885,,0.0035080904634706995,-0.0007392279350012195,,-0.002072136335936061,,-0.0016945860713375414,,-0.001075059980741021,,,,-0.0006621230344961254,-0.0006610286162572888,-0.0011591951096685791,-0.0008600479845928167,-0.001999611564178299,-0.00011067732653201739
83,2026-08-31,6479,JP3906000009,01900201W,0.0016525715406432223,,0.0022594480951167216,,,,,,,,,,-0.0013886191417904852,,,,,,,-0.0006032010751669077,,-0.0010150312508519282,,,0.002596898135296492,0.003447606145134998,,-0.0006115020073939752,,0.002050883655567486,0.0018864260039417912,0.0016874359191378049,0.003006934682974885,,0.0035080904634706995,-0.0007392279350012195,,-0.002072136335936061,,,0.002234202865003686,,0.0024091705592509624,0.0027021777894301337,0.002366404217962484,-0.0006621230344961254,-0.0006610286162572888,-0.0011591951096685791,,,0.00025505496246210773
84,2026-08-31,6501,JP3788600009,00565001W,-0.000560115284083557,-0.0006115020073939752,-0.0007661346989188884,,-0.0007003893394670049,,,,0.000985030327181428,0.0029191409696033557,,,-0.0013886191417904852,,0.0012230040147879504,,,,,-0.0006032010751669077,,0.002962387502486369,,,,-0.000880886151620396,,0.0023804899573551174,,,,,-0.001025441827783743,,-0.0008987018265969884,0.0021734908306285856,,0.002050883655567486,,0.0016803458522506713,,,,-0.0013743034805349132,,,,0.0022722858683844305,-0.0008600479845928167,,0.00021304008219289215
85,2026-08-31,6503,JP3902400005,01904301W,0.0016525715406432223,0.001809603225500723,0.0022594480951167216,,0.002072136335936061,,,,0.000985030327181428,0.0029191409696033557,,,0.0024839895207183836,,0.0012230040147879504,,,,,-0.0006032010751669077,,-0.0010150312508519282,,,,,,0.0023804899573551174,,,,,-0.001025441827783743,,-0.0008987018265969884,,,,,,,,,-0.0013743034805349132,,-0.0006621230344961254,-0.0006610286162572888,,-0.0008600479845928167,-0.001999611564178299,4.6170382722449605e-05
86,2026-08-31,6504,JP3820000002,10185101W,0.0016525715406432223,0.001809603225500723,0.0022594480951167216,,0.002072136335936061,-0.0010693109968867907,,,-0.0029191409696033557,0.0029191409696033557,,,,,,,,,,-0.0006032010751669077,,,,,-0.0013198756199196693,-0.000880886151620396,,-0.0006115020073939752,,,-0.0006419298761407058,,,,-0.0008987018265969884,-0.0007392279350012195,,-0.002072136335936061,,,,-0.001075059980741021,,,,,-0.0006610286162572888,-0.0011591951096685791,,-0.001999611564178299,-0.00014614851279620185
87,2026-08-31,6525,JP3293330001,35871501W,-0.000560115284083557,-0.0006115020073939752,-0.0007661346989188884,,-0.0007003893394670049,,,-0.0010280779250274028,,,,,-0.0013886191417904852,,,,,,-0.0007750432419295732,-0.0006032010751669077,,,,,-0.0013198756199196693,,,,,-0.0006967287680063759,-0.0006419298761407058,-0.0008563646955795712,,,,,,,,-0.0016945860713375414,,,,,,,,,,,-0.00017743308754338046
88,2026-08-31,6586,JP3862400003,00697201W,0.0016525715406432223,,0.0022594480951167216,,,-0.0010693109968867907,,,0.000985030327181428,,,,-0.0013886191417904852,-0.002666148752237732,0.0012230040147879504,,,,,-0.0006032010751669077,,-0.0010150312508519282,,,-0.0013198756199196693,-0.000880886151620396,,-0.0006115020073939752,,-0.0006967287680063759,-0.0006419298761407058,,0.003006934682974885,,0.0035080904634706995,-0.0007392279350012195,,-0.002072136335936061,,-0.0016945860713375414,,,,,,0.0019319918494476317,,0.0022722858683844305,,-0.001999611564178299,8.199457108856629e-05
89,2026-08-31,6594,JP3734800000,22182101W,-0.000560115284083557,-0.0006115020073939752,,,-0.0007003893394670049,,,,,,,,0.0024839895207183836,,,,,,,-0.0006032010751669077,,,,,,-0.000880886151620396,,-0.0006115020073939752,,0.002050883655567486,0.0018864260039417912,0.0016874359191378049,,,-0.0008987018265969884,-0.0007392279350012195,,-0.002072136335936061,,,,0.002115991073204549,,,,0.0019319918494476317,,,,-0.001999611564178299,2.8166393786599873e-05
90,2026-08-31,66,HK0066009694,24301101W,-0.000560115284083557,-0.0006115020073939752,-0.0007661346989188884,,,-0.0010693109968867907,,,-0.0029191409696033557,,,,-0.0013886191417904852,-0.002666148752237732,-0.003602903719240178,,,-0.002338726975647133,,-0.0006032010751669077,,,,,-0.0013198756199196693,-0.000880886151620396,,,,-0.0006967287680063759,-0.0006419298761407058,-0.0008563646955795712,-0.001025441827783743,,-0.0008987018265969884,-0.0007392279350012195,,-0.002072136335936061,,,,-0.001075059980741021,0.0024091705592509624,0.0027021777894301337,,-0.0006621230344961254,-0.0006610286162572888,-0.0011591951096685791,0.002531153878706707,-0.001999611564178299,-0.00026792001992545234
91,2026-08-31,669,HK0669013440,10340901W,-0.000560115284083557,-0.0006115020073939752,-0.0007661346989188884,,-0.0007003893394670049,,,,0.000985030327181428,0.0029191409696033557,,,-0.0013886191417904852,,0.0012230040147879504,,,,,-0.0006032010751669077,,-0.0010150312508519282,,,,-0.000880886151620396,,-0.0006115020073939752,,-0.0006967287680063759,-0.0006419298761407058,,,,-0.0008987018265969884,-0.0007392279350012195,,-0.002072136335936061,,,,,,,,,,,,-0.001999611564178299,-4.492022401310164e-05
92,2026-08-31,6701,JP3733000008,00765201W,-0.000560115284083557,-0.0006115020073939752,0.0022594480951167216,,-0.0007003893394670049,,,0.0030297144911792407,,,,-0.002836328459827374,,,,,,0.0023251297257887195,-0.0007750432419295732,-0.0006032010751669077,,,,,,-0.000880886151620396,,0.0023804899573551174,,0.002050883655567486,0.0018864260039417912,,,,,0.0021734908306285856,,0.002050883655567486,,,,,,,,,,,,,0.00017437246553487633
93,2026-08-31,6702,JP3818000006,01846701W,-0.000560115284083557,-0.0006115020073939752,-0.0007661346989188884,,,-0.0010693109968867907,,-0.0010280779250274028,,,,-0.002836328459827374,-0.0013886191417904852,,,,,0.0023251297257887195,,-0.0006032010751669077,,,,,,,,0.0023804899573551174,,0.002050883655567486,0.0018864260039417912,-0.0008563646955795712,,,,0.0021734908306285856,,,,,,-0.001075059980741021,,,,,,,,,-6.495501967305048e-05
94,2026-08-31,6723,JP3164720009,25766401W,,-0.0006115020073939752,-0.0007661346989188884,,-0.0007003893394670049,-0.0010693109968867907,,,,,,0.002816354315744083,-0.0013886191417904852,-0.002666148752237732,,,,-0.002338726975647133,-0.0007750432419295732,-0.0006032010751669077,,,,,-0.0013198756199196693,-0.000880886151620396,,0.0023804899573551174,,-0.0006967287680063759,-0.0006419298761407058,-0.0008563646955795712,,,,0.0021734908306285856,,0.002050883655567486,,,,-0.001075059980741021,,,,,,,,,2.733314029823246e-05
95,2026-08-31,6752,JP3866800000,00711401W,0.0016525715406432223,0.001809603225500723,-0.0007661346989188884,,0.002072136335936061,,,,,,,,-0.0013886191417904852,,,-0.0012497572276114369,,,-0.0007750432419295732,-0.0006032010751669077,-0.0015322693978377768,0.002962387502486369,,,-0.0013198756199196693,-0.000880886151620396,,-0.0006115020073939752,,-0.0006967287680063759,-0.0006419298761407058,-0.0008563646955795712,0.003006934682974885,-0.0010552039916508172,,-0.0007392279350012195,,-0.002072136335936061,,0.0016803458522506713,,,,,,-0.0006621230344961254,-0.0006610286162572888,-0.0011591951096685791,,,-0.00035828049060969175
96,2026-08-31,6758,JP3435000009,00981801W,-0.000560115284083557,,-0.0007661346989188884,,,,,0.0030297144911792407,,,0.004165857425371455,,0.0024839895207183836,,,-0.0012497572276114369,,,-0.0007750432419295732,-0.0006032010751669077,,0.002962387502486369,,,,-0.000880886151620396,,-0.0006115020073939752,,-0.0006967287680063759,-0.0006419298761407058,,0.003006934682974885,-0.0010552039916508172,,-0.0007392279350012195,0.005478387847063832,-0.002072136335936061,,0.0016803458522506713,,,,,,,,0.0022722858683844305,,,0.00039380488697619793
97,2026-08-31,6762,JP3538800008,01027501W,,,-0.0007661346989188884,,0.002072136335936061,,,,,,,-0.002836328459827374,-0.0013886191417904852,,,,,,-0.0007750432419295732,-0.0006032010751669077,,,,,-0.0013198756199196693,-0.000880886151620396,,-0.0006115020073939752,,-0.0006967287680063759,-0.0006419298761407058,0.0016874359191378049,,,,-0.0007392279350012195,,,,,,,,,,,,,,,-0.00022725916138792917
98,2026-08-31,6823,HK0000093390,30958701W,-0.000560115284083557,-0.0006115020073939752,-0.0007661346989188884,,-0.0007003893394670049,,,-0.0010280779250274028,,,,0.002816354315744083,,,,,,,,,-0.0015322693978377768,,,,,0.003447606145134998,,,,,-0.0006419298761407058,-0.0008563646955795712,,,,,,,,,,,,,,-0.0006621230344961254,-0.0006610286162572888,,,,-6.274613144453439e-05
99,2026-08-31,6841,JP3955000009,10067101W,-0.000560115284083557,-0.0006115020073939752,-0.0007661346989188884,,-0.0007003893394670049,-0.0010693109968867907,,-0.0010280779250274028,,,,-0.002836328459827374,,,,,,,-0.0007750432419295732,-0.0006032010751669077,,,,,-0.0013198756199196693,-0.000880886151620396,,-0.0006115020073939752,,-0.0006967287680063759,-0.0006419298761407058,,,,,-0.0007392279350012195,,-0.002072136335936061,,-0.0016945860713375414,,-0.001075059980741021,,,,,,,,,-0.00046927692788981443
100,2026-08-31,6857,JP3122400009,10024501W,0.0016525715406432223,0.001809603225500723,0.0022594480951167216,,0.002072136335936061,-0.0010693109968867907,,-0.0010280779250274028,,,,,0.0024839895207183836,,,,,,0.0022722858683844305,0.002366404217962484,,,,,0.002596898135296492,0.003447606145134998,,-0.0006115020073939752,,,,,,,,-0.0007392279350012195,,,,,,-0.001075059980741021,,,,,,,,,0.00016888612338393903
101,2026-08-31,6861,JP3236200006,10322801W,-0.000560115284083557,,,,,-0.0010693109968867907,,,,,-0.004165857425371455,-0.002836328459827374,,-0.002666148752237732,,,,-0.002338726975647133,-0.0007750432419295732,-0.0006032010751669077,,,,,-0.0013198756199196693,0.003447606145134998,,-0.0006115020073939752,,-0.0006967287680063759,-0.0006419298761407058,-0.0008563646955795712,,,,-0.0007392279350012195,,,,,,-0.001075059980741021,,,,,,,,-0.001999611564178299,-0.0006792202629693593
102,2026-08-31,6902,JP3551500006,01911201W,-0.000560115284083557,-0.0006115020073939752,0.0022594480951167216,,-0.0007003893394670049,,,-0.0010280779250274028,,,,,-0.0013886191417904852,,,-0.0012497572276114369,,,-0.0007750432419295732,-0.0006032010751669077,-0.0015322693978377768,0.002962387502486369,,,,-0.000880886151620396,,-0.0006115020073939752,,0.002050883655567486,0.0018864260039417912,0.0016874359191378049,-0.001025441827783743,0.004122910441604739,,-0.0007392279350012195,-0.005554476567161941,-0.002072136335936061,,0.0016803458522506713,,,,,,0.0019319918494476317,-0.0006610286162572888,-0.0011591951096685791,,-0.001999611564178299,-0.00036486357459146896
103,2026-08-31,6920,JP3979200007,20197401W,,-0.0006115020073939752,0.0022594480951167216,,-0.0007003893394670049,-0.0010693109968867907,,-0.0010280779250274028,,,,0.002816354315744083,0.0024839895207183836,,,,,,,0.002366404217962484,,,,,0.002596898135296492,-0.000880886151620396,,0.0023804899573551174,,,,-0.0008563646955795712,,,,,,0.002050883655567486,,-0.0016945860713375414,,,,,,,,,,-0.001999611564178299,0.00025360522311310813
104,2026-08-31,6954,JP3802400006,10004801W,-0.000560115284083557,,,,-0.0007003893394670049,-0.0010693109968867907,,,0.000985030327181428,,,,0.0024839895207183836,-0.002666148752237732,0.0012230040147879504,,,-0.002338726975647133,,-0.0006032010751669077,,,,,,0.003447606145134998,,-0.0006115020073939752,,-0.0006967287680063759,-0.0006419298761407058,-0.0008563646955795712,,,-0.0008987018265969884,-0.0007392279350012195,,,,,-0.0022594480951167216,-0.001075059980741021,-0.0012267555608455822,-0.0013743034805349132,-0.0023804899573551174,-0.0006621230344961254,-0.0006610286162572888,,-0.0008600479845928167,-0.001999611564178299,-0.00030944778821376554
105,2026-08-31,6971,JP3249600002,00651201W,,0.001809603225500723,0.0022594480951167216,,0.002072136335936061,-0.0010693109968867907,,,,,0.004165857425371455,,,-0.002666148752237732,,,,,,-0.0006032010751669077,,,,,,-0.000880886151620396,,-0.0006115020073939752,,0.002050883655567486,0.0018864260039417912,0.0016874359191378049,,,,-0.0007392279350012195,,,,,,-0.001075059980741021,,,,,,,,-0.001999611564178299,0.0002291226969740066
106,2026-08-31,6981,JP3914400001,10022601W,0.0016525715406432223,,0.0022594480951167216,,,,,-0.0010280779250274028,,,,,-0.0013886191417904852,,,,,,-0.0007750432419295732,-0.0006032010751669077,,,,,-0.0013198756199196693,-0.000880886151620396,,-0.0006115020073939752,,-0.0006967287680063759,-0.0006419298761407058,-0.0008563646955795712,,,,-0.0007392279350012195,,-0.002072136335936061,,,,,,,,,,,,-0.001999611564178299,-0.00025920357331975664
107,2026-08-31,6988,JP3684000007,10068301W,,,-0.0007661346989188884,,,-0.0010693109968867907,,,,,,-0.002836328459827374,-0.0013886191417904852,,,-0.0012497572276114369,,,-0.0007750432419295732,-0.0006032010751669077,-0.0015322693978377768,-0.0010150312508519282,,,-0.0013198756199196693,-0.000880886151620396,,-0.0006115020073939752,,-0.0006967287680063759,-0.0006419298761407058,,,,,-0.0007392279350012195,,,,-0.0016945860713375414,,,,,,0.0019319918494476317,-0.0006610286162572888,,,,-0.00044910461127487466
108,2026-08-31,7011,JP3900000005,10001201W,,0.001809603225500723,0.0022594480951167216,,0.002072136335936061,,,,0.000985030327181428,0.0029191409696033557,,,,,0.0012230040147879504,,,,,-0.0006032010751669077,,0.002962387502486369,,,,-0.000880886151620396,,0.0023804899573551174,,0.002050883655567486,,-0.0008563646955795712,-0.001025441827783743,,-0.0008987018265969884,0.0021734908306285856,,0.002050883655567486,,0.0016803458522506713,,,-0.0012267555608455822,-0.0013743034805349132,,0.0019319918494476317,0.0019319918494476317,0.0022722858683844305,-0.0008600479845928167,,0.00037225570504843337
109,2026-08-31,7012,JP3224200000,10028801W,0.0016525715406432223,0.001809603225500723,0.0022594480951167216,,0.002072136335936061,0.00209383409861602,,,0.000985030327181428,,,,0.0024839895207183836,,,,,0.0023251297257887195,,-0.0006032010751669077,,-0.0010150312508519282,,,,-0.000880886151620396,,-0.0006115020073939752,,0.002050883655567486,,0.0016874359191378049,0.003006934682974885,,0.0035080904634706995,-0.0007392279350012195,,,,,0.002234202865003686,0.002115991073204549,,,0.002366404217962484,-0.0006621230344961254,-0.0006610286162572888,-0.0011591951096685791,-0.0008600479845928167,,0.00034962763622828537
110,2026-08-31,7013,JP3134800006,10036201W,0.0016525715406432223,0.001809603225500723,0.0022594480951167216,,0.002072136335936061,-0.0010693109968867907,,,,,,,-0.0013886191417904852,,,,,,,-0.0006032010751669077,,-0.0010150312508519282,,,0.002596898135296492,-0.000880886151620396,,-0.0006115020073939752,,0.002050883655567486,0.0018864260039417912,-0.0008563646955795712,0.003006934682974885,,0.0035080904634706995,-0.0007392279350012195,,-0.002072136335936061,,,0.002234202865003686,,,,,-0.0006621230344961254,-0.0006610286162572888,-0.0011591951096685791,-0.0008600479845928167,,1.9763690420076477e-05
111,2026-08-31,7181,JP3233250004,32061001W,-0.000560115284083557,-0.0006115020073939752,0.0022594480951167216,,-0.0007003893394670049,-0.0010693109968867907,,,0.000985030327181428,0.0029191409696033557,,0.002816354315744083,,,,-0.0012497572276114369,0.001801451859620089,,,,-0.0015322693978377768,,,,,,,,,0.002050883655567486,0.0018864260039417912,-0.0008563646955795712,,-0.0010552039916508172,-0.0008987018265969884,-0.0007392279350012195,,-0.002072136335936061,,,,-0.001075059980741021,0.0024091705592509624,0.0027021777894301337,0.002366404217962484,-0.0006621230344961254,-0.0006610286162572888,,,,0.00017134522763333855
112,2026-08-31,7182,JP3946750001,32060901W,0.0016525715406432223,,,,,0.00209383409861602,,,0.000985030327181428,0.0029191409696033557,0.004165857425371455,,,,,0.0037728520078835824,0.001801451859620089,,,,-0.0015322693978377768,,,,,,,,,,-0.0006419298761407058,,,,-0.0008987018265969884,,,,,0.0016803458522506713,0.002234202865003686,0.002115991073204549,-0.0012267555608455822,-0.0013743034805349132,-0.0023804899573551174,,,,-0.0008600479845928167,0.001970060654362856,0.0003306326386549738
113,2026-08-31,7186,JP3305990008,01557901W,0.0016525715406432223,0.001809603225500723,,,0.002072136335936061,0.00209383409861602,,-0.0010280779250274028,0.000985030327181428,,,,,,,0.0037728520078835824,0.001801451859620089,,-0.0007750432419295732,,,,,,,,,,,,,,0.003006934682974885,,0.0035080904634706995,,,,,,0.002234202865003686,0.002115991073204549,-0.0012267555608455822,-0.0013743034805349132,,,,,-0.0008600479845928167,,0.0002977306876717827
114,2026-08-31,7201,JP3672400003,01911301W,-0.000560115284083557,0.001809603225500723,0.0022594480951167216,,0.002072136335936061,,,0.0030297144911792407,,,-0.004165857425371455,,,,,-0.0012497572276114369,,,,-0.0006032010751669077,-0.0015322693978377768,-0.0010150312508519282,,,,-0.000880886151620396,,,,0.002050883655567486,0.0018864260039417912,-0.0008563646955795712,-0.001025441827783743,-0.0010552039916508172,,0.0021734908306285856,-0.005554476567161941,0.002050883655567486,,0.0016803458522506713,0.002234202865003686,,,,,,-0.0006610286162572888,-0.0011591951096685791,,,-0.00031108010289808316
115,2026-08-31,7202,JP3137200006,01893101W,-0.000560115284083557,-0.0006115020073939752,-0.0007661346989188884,,-0.0007003893394670049,,,-0.0010280779250274028,,,,,,,,-0.0012497572276114369,,,-0.0007750432419295732,-0.0006032010751669077,-0.0015322693978377768,-0.0010150312508519282,,,,-0.000880886151620396,,-0.0006115020073939752,,-0.0006967287680063759,-0.0006419298761407058,0.0016874359191378049,-0.001025441827783743,0.004122910441604739,,-0.0007392279350012195,,,,,0.002234202865003686,,,,,0.0019319918494476317,-0.0006610286162572888,-0.0011591951096685791,,,-0.00018993495065538254
116,2026-08-31,7203,JP3633400001,01966101W,-0.000560115284083557,-0.0006115020073939752,,,-0.0007003893394670049,,,-0.0010280779250274028,,,-0.004165857425371455,,-0.0013886191417904852,,,-0.0012497572276114369,,,-0.0007750432419295732,-0.0006032010751669077,-0.0015322693978377768,-0.0010150312508519282,,,-0.0013198756199196693,-0.000880886151620396,,,,-0.0006967287680063759,-0.0006419298761407058,,-0.001025441827783743,0.004122910441604739,,0.0021734908306285856,0.005478387847063832,0.002050883655567486,,0.0016803458522506713,0.002234202865003686,,,,,,-0.0006610286162572888,-0.0011591951096685791,,,-0.00018601159565792316
117,2026-08-31,7259,JP3102000001,10224001W,-0.000560115284083557,-0.0006115020073939752,0.0022594480951167216,,-0.0007003893394670049,,,-0.0010280779250274028,,,,,-0.0013886191417904852,,,-0.0012497572276114369,,,0.0022722858683844305,-0.0006032010751669077,-0.0015322693978377768,0.002962387502486369,,,,-0.000880886151620396,,-0.0006115020073939752,,0.002050883655567486,0.0018864260039417912,0.0016874359191378049,-0.001025441827783743,0.004122910441604739,,,0.005478387847063832,0.002050883655567486,,,0.002234202865003686,,,,,0.0019319918494476317,,,,,0.0003347381040215948
118,2026-08-31,7267,JP3854600008,00569101W,-0.000560115284083557,0.001809603225500723,-0.0007661346989188884,,0.002072136335936061,,,,,,,,,,,-0.0012497572276114369,,,-0.0007750432419295732,-0.0006032010751669077,,-0.0010150312508519282,,,-0.0013198756199196693,-0.000880886151620396,,-0.0006115020073939752,,-0.0006967287680063759,-0.0006419298761407058,0.0016874359191378049,-0.001025441827783743,-0.0010552039916508172,,0.0021734908306285856,-0.005554476567161941,0.002050883655567486,,0.0016803458522506713,0.002234202865003686,,,,,,,-0.0011591951096685791,,,-0.0001438515474735846
119,2026-08-31,7269,JP3397200001,10115501W,-0.000560115284083557,-0.0006115020073939752,0.0022594480951167216,,-0.0007003893394670049,,,-0.0010280779250274028,,,-0.004165857425371455,,-0.0013886191417904852,,,-0.0012497572276114369,,,-0.0007750432419295732,-0.0006032010751669077,-0.0015322693978377768,-0.0010150312508519282,,,,-0.000880886151620396,,-0.0006115020073939752,,0.002050883655567486,,0.0016874359191378049,,0.004122910441604739,,-0.0007392279350012195,0.005478387847063832,,,,,,,,,0.0019319918494476317,,0.0022722858683844305,,,-6.185104820345585e-05
120,2026-08-31,7270,JP3814800003,01846601W,-0.000560115284083557,-0.0006115020073939752,-0.0007661346989188884,,-0.0007003893394670049,,,-0.0010280779250274028,,,,,-0.0013886191417904852,,,-0.0012497572276114369,,,-0.0007750432419295732,-0.0006032010751669077,,-0.0010150312508519282,,,-0.0013198756199196693,-0.000880886151620396,,-0.0006115020073939752,,-0.0006967287680063759,-0.0006419298761407058,0.0016874359191378049,0.003006934682974885,-0.0010552039916508172,,-0.0007392279350012195,-0.005554476567161941,-0.002072136335936061,,,0.002234202865003686,,,,,0.0019319918494476317,-0.0006610286162572888,,,,-0.0003191492433370779
121,2026-08-31,7272,JP3942800008,10066701W,0.0016525715406432223,0.001809603225500723,-0.0007661346989188884,,0.002072136335936061,,,,,,-0.004165857425371455,,-0.0013886191417904852,,,-0.0012497572276114369,,,-0.0007750432419295732,-0.0006032010751669077,-0.0015322693978377768,-0.0010150312508519282,,,-0.0013198756199196693,-0.000880886151620396,,-0.0006115020073939752,,-0.0006967287680063759,-0.0006419298761407058,-0.0008563646955795712,-0.001025441827783743,-0.0010552039916508172,,-0.0007392279350012195,0.005478387847063832,-0.002072136335936061,,,0.002234202865003686,,,,,,-0.0006610286162572888,-0.0011591951096685791,,,-0.00047746488142578586
122,2026-08-31,7309,JP3358000002,10485801W,,0.001809603225500723,,,,,,,,,0.004165857425371455,,-0.0013886191417904852,-0.002666148752237732,,-0.0012497572276114369,,-0.002338726975647133,-0.0007750432419295732,-0.0006032010751669077,-0.0015322693978377768,-0.0010150312508519282,,,-0.0013198756199196693,-0.000880886151620396,,-0.0006115020073939752,,-0.0006967287680063759,-0.0006419298761407058,-0.0008563646955795712,,-0.0010552039916508172,,-0.0007392279350012195,-0.005554476567161941,-0.002072136335936061,,-0.0016945860713375414,-0.0022594480951167216,,,,,-0.0006621230344961254,-0.0006610286162572888,-0.0011591951096685791,,-0.001999611564178299,-0.0005836904960509932
123,2026-08-31,7453,JP3976300008,20675501W,0.0016525715406432223,0.001809603225500723,,,0.002072136335936061,,,0.0030297144911792407,,,,,0.0024839895207183836,,,-0.0012497572276114369,,,,-0.0006032010751669077,-0.0015322693978377768,0.002962387502486369,,,,0.003447606145134998,,0.0023804899573551174,,,,,-0.001025441827783743,-0.0010552039916508172,,-0.0007392279350012195,,,,-0.0016945860713375414,-0.0022594480951167216,,,,,-0.0006621230344961254,-0.0006610286162572888,-0.0011591951096685791,,,-0.00015180837967836803
124,2026-08-31,7532,JP3639650005,21318601W,-0.000560115284083557,-0.0006115020073939752,-0.0007661346989188884,,-0.0007003893394670049,,,0.0030297144911792407,,,,,-0.0013886191417904852,,,-0.0012497572276114369,,,-0.0007750432419295732,-0.0006032010751669077,-0.0015322693978377768,0.002962387502486369,,,,0.003447606145134998,,-0.0006115020073939752,,-0.0006967287680063759,-0.0006419298761407058,,0.003006934682974885,-0.0010552039916508172,,,,,,,,,,,,-0.0006621230344961254,-0.0006610286162572888,,,,-0.00011504986782807752
125,2026-08-31,7550,JP3429300001,20750101W,-0.000560115284083557,-0.0006115020073939752,-0.0007661346989188884,,-0.0007003893394670049,,,-0.0010280779250274028,,,0.004165857425371455,,-0.0013886191417904852,,,-0.0012497572276114369,,,-0.0007750432419295732,-0.0006032010751669077,-0.0015322693978377768,-0.0010150312508519282,,,,-0.000880886151620396,,0.0023804899573551174,,,,0.0016874359191378049,,0.004122910441604739,,-0.0007392279350012195,,,,-0.0016945860713375414,,,,,,-0.0006621230344961254,-0.0006610286162572888,-0.0011591951096685791,,,-1.37118183469739e-06
126,2026-08-31,7733,JP3201200007,10068601W,0.0016525715406432223,0.001809603225500723,,,,0.00209383409861602,,,,,,,,,,,,,-0.0007750432419295732,-0.0006032010751669077,-0.0015322693978377768,-0.0010150312508519282,,,-0.0013198756199196693,,,-0.0006115020073939752,,-0.0006967287680063759,-0.0006419298761407058,,,-0.0010552039916508172,,-0.0007392279350012195,,-0.002072136335936061,,,,0.002115991073204549,,-0.0013743034805349132,0.002366404217962484,-0.0006621230344961254,-0.0006610286162572888,-0.0011591951096685791,,,-0.00030106820776244726
127,2026-08-31,7735,JP3494600004,10038801W,0.0016525715406432223,,0.0022594480951167216,,,0.00209383409861602,,-0.0010280779250274028,,,-0.004165857425371455,,,,,,,,-0.0007750432419295732,-0.0006032010751669077,,,,,-0.0013198756199196693,-0.000880886151620396,,-0.0006115020073939752,,-0.0006967287680063759,-0.0006419298761407058,-0.0008563646955795712,,,,-0.0007392279350012195,,,,-0.0016945860713375414,,0.002115991073204549,,,,,,,,,-0.0003252650934863424
128,2026-08-31,7741,JP3837800006,10043301W,-0.000560115284083557,,,,,-0.0010693109968867907,,,-0.0029191409696033557,,,,,,,,,,,0.002366404217962484,-0.0015322693978377768,,,,0.002596898135296492,,,-0.0006115020073939752,,,,-0.0008563646955795712,,-0.0010552039916508172,,-0.0007392279350012195,,,,,-0.0022594480951167216,-0.001075059980741021,,-0.0013743034805349132,-0.0023804899573551174,-0.0006621230344961254,-0.0006610286162572888,-0.0011591951096685791,-0.0008600479845928167,-0.001999611564178299,-0.00046249572240719477
129,2026-08-31,7751,JP3242800005,00272101W,-0.000560115284083557,-0.0006115020073939752,0.0022594480951167216,,-0.0007003893394670049,,,0.0030297144911792407,,,,,,,,,,,,-0.0006032010751669077,,,,,,-0.000880886151620396,,-0.0006115020073939752,,0.002050883655567486,0.0018864260039417912,0.0016874359191378049,,,,-0.0007392279350012195,,-0.002072136335936061,,0.0016803458522506713,,0.002115991073204549,,,,,,,,,0.00011085588031171878
130,2026-08-31,7832,JP3778630008,20400902W,-0.000560115284083557,-0.0006115020073939752,0.0022594480951167216,,-0.0007003893394670049,,,0.0030297144911792407,,,,,0.0024839895207183836,,,-0.0012497572276114369,,,-0.0007750432419295732,-0.0006032010751669077,-0.0015322693978377768,-0.0010150312508519282,,,,-0.000880886151620396,,-0.0006115020073939752,,,,,0.003006934682974885,-0.0010552039916508172,,-0.0007392279350012195,,,,-0.0016945860713375414,,,,,,-0.0006621230344961254,-0.0006610286162572888,,,-0.001999611564178299,-0.00013907019352722618
131,2026-08-31,7911,JP3629000005,10072901W,-0.000560115284083557,-0.0006115020073939752,-0.0007661346989188884,,-0.0007003893394670049,0.00209383409861602,,,-0.0029191409696033557,,,,-0.0013886191417904852,,,,,,,-0.0006032010751669077,,-0.0010150312508519282,,,-0.0013198756199196693,-0.000880886151620396,,-0.0006115020073939752,,-0.0006967287680063759,-0.0006419298761407058,0.0016874359191378049,,,-0.0008987018265969884,,,0.002050883655567486,,,0.002234202865003686,0.002115991073204549,,,0.002366404217962484,,-0.0006610286162572888,-0.0011591951096685791,0.002531153878706707,-0.001999611564178299,0.00012427225252441715
132,2026-08-31,7912,JP3493800001,01782701W,,-0.0006115020073939752,0.0022594480951167216,,-0.0007003893394670049,,,,0.000985030327181428,,,,,,0.0012230040147879504,,,,,-0.0006032010751669077,,,,,-0.0013198756199196693,0.003447606145134998,,-0.0006115020073939752,,-0.0006967287680063759,-0.0006419298761407058,0.0016874359191378049,0.003006934682974885,,-0.0008987018265969884,-0.0007392279350012195,,-0.002072136335936061,,,,,0.0024091705592509624,0.0027021777894301337,0.002366404217962484,-0.0006621230344961254,-0.0006610286162572888,-0.0011591951096685791,0.002531153878706707,-0.001999611564178299,0.00015660489106935412
133,2026-08-31,7936,JP3118000003,10084001W,0.0016525715406432223,0.001809603225500723,0.0022594480951167216,,0.002072136335936061,,,0.0030297144911792407,,,,,-0.0013886191417904852,,,-0.0012497572276114369,,0.0023251297257887195,0.0022722858683844305,0.002366404217962484,-0.0015322693978377768,0.002962387502486369,,,0.002596898135296492,0.003447606145134998,,-0.0006115020073939752,,0.002050883655567486,0.0018864260039417912,,-0.001025441827783743,-0.0010552039916508172,,-0.0007392279350012195,,,,-0.0016945860713375414,,,,,,-0.0006621230344961254,-0.0006610286162572888,,,,0.0002550373097470088
134,2026-08-31,7974,JP3756600007,10245001W,-0.000560115284083557,-0.0006115020073939752,,,-0.0007003893394670049,-0.0010693109968867907,,-0.0010280779250274028,,,,0.002816354315744083,,,,,,,,,-0.0015322693978377768,,,,,-0.000880886151620396,,,,,,0.0016874359191378049,,,,,,,,,,,,,,-0.0006621230344961254,-0.0006610286162572888,-0.0011591951096685791,,,-8.658931561363228e-05
135,2026-08-31,8001,JP3143600009,10043501W,-0.000560115284083557,-0.0006115020073939752,-0.0007661346989188884,,,-0.0010693109968867907,,,0.000985030327181428,,,,-0.0013886191417904852,,0.0012230040147879504,,,,,-0.0006032010751669077,,-0.0010150312508519282,,,-0.0013198756199196693,-0.000880886151620396,,-0.0006115020073939752,,-0.0006967287680063759,-0.0006419298761407058,,-0.001025441827783743,,-0.0008987018265969884,-0.0007392279350012195,,,,0.0016803458522506713,,,0.0024091705592509624,0.0027021777894301337,0.002366404217962484,,,,0.002531153878706707,,0.00013718605046000024
136,2026-08-31,8002,JP3877600001,10054501W,-0.000560115284083557,,-0.0007661346989188884,,0.002072136335936061,,,,0.000985030327181428,,,,-0.0013886191417904852,,0.0012230040147879504,,,,,-0.0006032010751669077,,-0.0010150312508519282,,,,-0.000880886151620396,,-0.0006115020073939752,,,,0.0016874359191378049,,,-0.0008987018265969884,-0.0007392279350012195,,-0.002072136335936061,,0.0016803458522506713,0.002234202865003686,,0.0024091705592509624,0.0027021777894301337,0.002366404217962484,-0.0006621230344961254,-0.0006610286162572888,-0.0011591951096685791,0.002531153878706707,,0.00016700617120649335
137,2026-08-31,8015,JP3635000007,10194001W,,,-0.0007661346989188884,,,,,,0.000985030327181428,,,,-0.0013886191417904852,0.002666148752237732,0.0012230040147879504,,,0.0023251297257887195,,-0.0006032010751669077,,-0.0010150312508519282,,,-0.0013198756199196693,0.003447606145134998,,-0.0006115020073939752,,-0.0006967287680063759,-0.0006419298761407058,0.0016874359191378049,-0.001025441827783743,,-0.0008987018265969884,-0.0007392279350012195,,-0.002072136335936061,,0.0016803458522506713,0.002234202865003686,,,,0.002366404217962484,-0.0006621230344961254,-0.0006610286162572888,,,,4.850110064665432e-05
138,2026-08-31,8031,JP3893600001,00747101W,-0.000560115284083557,-0.0006115020073939752,-0.0007661346989188884,,,,,,-0.0029191409696033557,,,,-0.0013886191417904852,,-0.003602903719240178,,,,,-0.0006032010751669077,,0.002962387502486369,,,-0.0013198756199196693,-0.000880886151620396,,-0.0006115020073939752,,-0.0006967287680063759,-0.0006419298761407058,-0.0008563646955795712,,,-0.0008987018265969884,-0.0007392279350012195,,,,0.0016803458522506713,,,0.0024091705592509624,0.0027021777894301337,0.002366404217962484,-0.0006621230344961254,-0.0006610286162572888,-0.0011591951096685791,0.002531153878706707,,-3.6502862651580056e-05
139,2026-08-31,8035,JP3571400005,10065801W,0.0016525715406432223,,,,,,,-0.0010280779250274028,,,,,0.0024839895207183836,,,,,,-0.0007750432419295732,0.002366404217962484,,,,,-0.0013198756199196693,-0.000880886151620396,,-0.0006115020073939752,,-0.0006967287680063759,-0.0006419298761407058,-0.0008563646955795712,,,,-0.0007392279350012195,,-0.002072136335936061,,,,,,,,,,,,-0.001999611564178299,-0.0001146132507791733
140,2026-08-31,8053,JP3404600003,10184601W,0.0016525715406432223,-0.0006115020073939752,0.0022594480951167216,,,,,,0.000985030327181428,,,,-0.0013886191417904852,,0.0012230040147879504,,,,,-0.0006032010751669077,,-0.0010150312508519282,,,-0.0013198756199196693,-0.000880886151620396,,0.0023804899573551174,,,,,-0.001025441827783743,,-0.0008987018265969884,0.0021734908306285856,,0.002050883655567486,,0.0016803458522506713,0.002234202865003686,,0.0024091705592509624,0.0027021777894301337,,,0.0019319918494476317,0.0022722858683844305,0.002531153878706707,,0.0004669854565070162
141,2026-08-31,8058,JP3898400001,10055501W,0.0016525715406432223,0.001809603225500723,0.0022594480951167216,,0.002072136335936061,0.00209383409861602,,,0.000985030327181428,,,,-0.0013886191417904852,,0.0012230040147879504,,,,,-0.0006032010751669077,,0.002962387502486369,,,-0.0013198756199196693,-0.000880886151620396,,-0.0006115020073939752,,-0.0006967287680063759,-0.0006419298761407058,0.0016874359191378049,0.003006934682974885,,-0.0008987018265969884,-0.0007392279350012195,,,,0.0016803458522506713,0.002234202865003686,,,,0.002366404217962484,,,,,,0.00021025780442365008
142,2026-08-31,8113,JP3951600000,10485401W,-0.000560115284083557,-0.0006115020073939752,,,,,,,,,,,-0.0013886191417904852,-0.002666148752237732,0.0012230040147879504,,0.001801451859620089,,-0.0007750432419295732,-0.0006032010751669077,,,,,-0.0013198756199196693,,,-0.0006115020073939752,,-0.0006967287680063759,-0.0006419298761407058,-0.0008563646955795712,,,,-0.0007392279350012195,,,,-0.0016945860713375414,,,-0.0012267555608455822,-0.0013743034805349132,,,,,-0.0008600479845928167,-0.001999611564178299,-0.0002143006520736036
143,2026-08-31,8136,JP3343200006,10136001W,0.0016525715406432223,0.001809603225500723,,,0.002072136335936061,,,-0.0010280779250274028,,,0.004165857425371455,,-0.0013886191417904852,,,0.0037728520078835824,,,,0.002366404217962484,-0.0015322693978377768,0.002962387502486369,,,0.002596898135296492,0.003447606145134998,,-0.0006115020073939752,,,0.0018864260039417912,,0.003006934682974885,-0.0010552039916508172,,-0.0007392279350012195,,,,-0.0016945860713375414,-0.0022594480951167216,,,,,-0.0006621230344961254,-0.0006610286162572888,,,-0.001999611564178299,0.0002879308569462606
144,2026-08-31,823,HK0823032773,27457801W,-0.000560115284083557,,,,,,,,,,,,,,,,-0.005332297504475464,-0.002338726975647133,,,,,,,,,,-0.0006115020073939752,,,,-0.0008563646955795712,0.003006934682974885,-0.0010552039916508172,0.0035080904634706995,,,,,,,-0.001075059980741021,,,,0.0019319918494476317,,,,,-0.00011678378524227005
145,2026-08-31,8267,JP3388200002,22239801W,-0.000560115284083557,-0.0006115020073939752,,,,,,,,,,-0.002836328459827374,-0.0013886191417904852,0.002666148752237732,-0.003602903719240178,,0.001801451859620089,0.0023251297257887195,-0.0007750432419295732,-0.0006032010751669077,,,,,,,,0.0023804899573551174,,,,-0.0008563646955795712,,,,0.0021734908306285856,0.005478387847063832,0.002050883655567486,,0.0016803458522506713,0.002234202865003686,-0.001075059980741021,-0.0012267555608455822,-0.0013743034805349132,0.002366404217962484,0.0019319918494476317,0.0019319918494476317,0.0022722858683844305,-0.0008600479845928167,0.001970060654362856,0.000349303976769776
146,2026-08-31,83,HK0083000502,10344001W,-0.000560115284083557,,,,,,,,,,,,,-0.002666148752237732,,,0.001801451859620089,-0.002338726975647133,,,,,,,,,,0.0023804899573551174,,,,,-0.001025441827783743,-0.0010552039916508172,-0.0008987018265969884,,-0.005554476567161941,0.002050883655567486,,,,-0.001075059980741021,,,,,-0.0006610286162572888,0.0022722858683844305,,,-0.0001587488537711166
147,2026-08-31,8306,JP3902900004,25294003W,0.0016525715406432223,0.001809603225500723,0.0022594480951167216,,0.002072136335936061,0.00209383409861602,,-0.0010280779250274028,0.000985030327181428,,,,,,,0.0037728520078835824,0.001801451859620089,,,,,,,,,,,,,,,,0.003006934682974885,,0.0035080904634706995,,,,,0.0016803458522506713,,,-0.0012267555608455822,-0.0013743034805349132,-0.0023804899573551174,,,,-0.0008600479845928167,0.001970060654362856,0.0002282492126066317
148,2026-08-31,8308,JP3500610005,25293801W,0.0016525715406432223,0.001809603225500723,-0.0007661346989188884,,0.002072136335936061,0.00209383409861602,,-0.0010280779250274028,0.000985030327181428,,,,,,,0.0037728520078835824,0.001801451859620089,,-0.0007750432419295732,,,,,,,,,,,,-0.0006419298761407058,,,,-0.0008987018265969884,,,,,,0.002234202865003686,0.002115991073204549,-0.0012267555608455822,-0.0013743034805349132,,,,,-0.0008600479845928167,0.001970060654362856,0.00014274095520932955
149,2026-08-31,8309,JP3892100003,25431801W,0.0016525715406432223,0.001809603225500723,-0.0007661346989188884,,0.002072136335936061,,,0.0030297144911792407,0.000985030327181428,,,,,,,0.0037728520078835824,0.001801451859620089,,,,0.0029844948719079086,,,,,,,,,,,,,,-0.0008987018265969884,,,,,,0.002234202865003686,0.002115991073204549,,,,,,,-0.0008600479845928167,0.001970060654362856,0.0005310183754357528
150,2026-08-31,8316,JP3890350006,01013701W,,-0.0006115020073939752,-0.0007661346989188884,,-0.0007003893394670049,,,-0.0010280779250274028,0.000985030327181428,,,,,,,0.0037728520078835824,0.001801451859620089,,0.0022722858683844305,,,,,,,,,,,,0.0018864260039417912,,0.003006934682974885,,0.0035080904634706995,,,,,0.0016803458522506713,0.002234202865003686,,-0.0012267555608455822,-0.0013743034805349132,-0.0023804899573551174,,,,-0.0008600479845928167,,0.000260125567539503
151,2026-08-31,8331,JP3511800009,01574801W,0.0016525715406432223,0.001809603225500723,,,0.002072136335936061,0.00209383409861602,,,0.000985030327181428,,,,,,,0.0037728520078835824,0.001801451859620089,,-0.0007750432419295732,,,,,,,,,,,,,,0.003006934682974885,,0.0035080904634706995,,,,,,0.002234202865003686,0.002115991073204549,-0.0012267555608455822,-0.0013743034805349132,,,,,-0.0008600479845928167,,0.0003314370559831296
152,2026-08-31,8411,JP3885780001,24813602W,0.0016525715406432223,0.001809603225500723,0.0022594480951167216,,0.002072136335936061,,,,0.000985030327181428,,0.004165857425371455,,,,,0.0037728520078835824,0.001801451859620089,,0.0022722858683844305,,,,,,,,,,,,0.0018864260039417912,,,,-0.0008987018265969884,,,,,0.0016803458522506713,0.002234202865003686,,,,,,,,-0.0008600479845928167,0.001970060654362856,0.0005203303834081625
153,2026-08-31,8473,JP3436120004,24221801W,-0.000560115284083557,0.001809603225500723,0.0022594480951167216,,0.002072136335936061,-0.0010693109968867907,,0.0030297144911792407,,,0.004165857425371455,-0.002836328459827374,0.0024839895207183836,,,-0.0012497572276114369,,,0.0022722858683844305,,-0.0015322693978377768,,,,,,,,,0.002050883655567486,0.0018864260039417912,0.0016874359191378049,-0.001025441827783743,0.004122910441604739,-0.0008987018265969884,0.0021734908306285856,,0.002050883655567486,,,0.002234202865003686,-0.001075059980741021,0.0024091705592509624,0.0027021777894301337,0.002366404217962484,0.0019319918494476317,0.0019319918494476317,,0.002531153878706707,0.001970060654362856,0.0007764836177250995
154,2026-08-31,8591,JP3200450009,01566801W,-0.000560115284083557,0.001809603225500723,-0.0007661346989188884,,0.002072136335936061,,,,-0.0029191409696033557,-0.002962387502486369,0.004165857425371455,,-0.0013886191417904852,,,-0.0012497572276114369,0.001801451859620089,,-0.0007750432419295732,,0.0029844948719079086,,,,,,,,,,,0.0016874359191378049,0.003006934682974885,-0.0010552039916508172,-0.0008987018265969884,-0.0007392279350012195,,,,,,,,,,,-0.0006610286162572888,,-0.0008600479845928167,,0.00023993638009344674
155,2026-08-31,8593,JP3499800005,20162801W,-0.000560115284083557,-0.0006115020073939752,-0.0007661346989188884,,-0.0007003893394670049,-0.0010693109968867907,,-0.0010280779250274028,0.000985030327181428,-0.002962387502486369,,,-0.0013886191417904852,,,-0.0012497572276114369,0.001801451859620089,,-0.0007750432419295732,,-0.0015322693978377768,,,,,,,,,,,0.0016874359191378049,-0.001025441827783743,-0.0010552039916508172,-0.0008987018265969884,-0.0007392279350012195,,-0.002072136335936061,,,,,,,0.002366404217962484,-0.0006621230344961254,-0.0006610286162572888,,,,-0.0002831866533383598
156,2026-08-31,8601,JP3502200003,01548301W,0.0016525715406432223,0.001809603225500723,0.0022594480951167216,,0.002072136335936061,-0.0010693109968867907,,,,,0.004165857425371455,-0.002836328459827374,,,,-0.0012497572276114369,0.001801451859620089,,-0.0007750432419295732,,0.0029844948719079086,,,,,,,,,-0.0006967287680063759,-0.0006419298761407058,,-0.001025441827783743,-0.0010552039916508172,-0.0008987018265969884,0.0021734908306285856,,0.002050883655567486,,,0.002234202865003686,-0.001075059980741021,,,,-0.0006621230344961254,0.0019319918494476317,,-0.0008600479845928167,0.001970060654362856,0.0003655251857716705
157,2026-08-31,8604,JP3762600009,01561301W,0.0016525715406432223,0.001809603225500723,-0.0007661346989188884,,0.002072136335936061,,,0.0030297144911792407,-0.0029191409696033557,-0.002962387502486369,,-0.002836328459827374,,,,-0.0012497572276114369,0.001801451859620089,,-0.0007750432419295732,,-0.0015322693978377768,,,,,,,,,-0.0006967287680063759,-0.0006419298761407058,0.0016874359191378049,0.003006934682974885,0.004122910441604739,0.0035080904634706995,-0.0007392279350012195,,-0.002072136335936061,,,,,,,,-0.0006621230344961254,-0.0006610286162572888,,-0.0008600479845928167,,-0.00018576455802717248
158,2026-08-31,8630,JP3165000005,01593301W,-0.000560115284083557,,0.0022594480951167216,,,-0.0010693109968867907,,,,,,0.002816354315744083,,,,-0.0012497572276114369,,,0.0022722858683844305,,-0.0015322693978377768,,,,,,,,,0.002050883655567486,0.0018864260039417912,0.0016874359191378049,0.003006934682974885,0.004122910441604739,0.0035080904634706995,,,,,,-0.0022594480951167216,-0.001075059980741021,0.0024091705592509624,0.0027021777894301337,0.002366404217962484,,,,-0.0008600479845928167,-0.001999611564178299,0.0004171539935502183
159,2026-08-31,8697,JP3183200009,24094801W,0.0016525715406432223,0.001809603225500723,-0.0007661346989188884,,0.002072136335936061,-0.0010693109968867907,,-0.0010280779250274028,0.000985030327181428,0.0029191409696033557,0.004165857425371455,,,,,0.0037728520078835824,0.001801451859620089,,,,-0.0015322693978377768,,,,,,,,,-0.0006967287680063759,-0.0006419298761407058,,,-0.0010552039916508172,-0.0008987018265969884,-0.0007392279350012195,,,,,0.002234202865003686,-0.001075059980741021,-0.0012267555608455822,-0.0013743034805349132,-0.0023804899573551174,-0.0006621230344961254,-0.0006610286162572888,,-0.0008600479845928167,0.001970060654362856,0.00012866583320788518
160,2026-08-31,8725,JP3890310000,01577902W,0.0016525715406432223,0.001809603225500723,0.0022594480951167216,,0.002072136335936061,-0.0010693109968867907,,,0.000985030327181428,,,0.002816354315744083,,,,-0.0012497572276114369,,,-0.0007750432419295732,,-0.0015322693978377768,,,,,,,,,-0.0006967287680063759,-0.0006419298761407058,0.0016874359191378049,,-0.0010552039916508172,,,,,,,-0.0022594480951167216,-0.001075059980741021,,,0.002366404217962484,0.0019319918494476317,,,,,6.579824864859417e-05
161,2026-08-31,8750,JP3476480003,29430901W,0.0016525715406432223,0.001809603225500723,0.0022594480951167216,,0.002072136335936061,-0.0010693109968867907,,,0.000985030327181428,0.0029191409696033557,,0.002816354315744083,,,,-0.0012497572276114369,0.001801451859620089,,-0.0007750432419295732,,,,,,,,,,,-0.0006967287680063759,-0.0006419298761407058,0.0016874359191378049,-0.001025441827783743,-0.0010552039916508172,-0.0008987018265969884,,,,,,,-0.001075059980741021,,,0.002366404217962484,,,,0.002531153878706707,,0.00039319642142895
162,2026-08-31,8766,JP3910660004,01565902W,,-0.0006115020073939752,-0.0007661346989188884,,-0.0007003893394670049,-0.0010693109968867907,,,0.000985030327181428,0.0029191409696033557,,0.002816354315744083,,,,-0.0012497572276114369,,,-0.0007750432419295732,,-0.0015322693978377768,,,,,,,,,-0.0006967287680063759,-0.0006419298761407058,,0.003006934682974885,-0.0010552039916508172,0.0035080904634706995,-0.0007392279350012195,,,,,-0.0022594480951167216,-0.001075059980741021,-0.0012267555608455822,-0.0013743034805349132,,,,,-0.0008600479845928167,,7.608408151569984e-06
163,2026-08-31,8795,JP3539220008,25081801W,0.0016525715406432223,-0.0006115020073939752,0.0022594480951167216,,-0.0007003893394670049,-0.0010693109968867907,,,0.000985030327181428,0.0029191409696033557,,0.002816354315744083,,,,-0.0012497572276114369,,,-0.0007750432419295732,,-0.0015322693978377768,,,,,,,,,-0.0006967287680063759,-0.0006419298761407058,0.0016874359191378049,0.003006934682974885,0.004122910441604739,0.0035080904634706995,0.0021734908306285856,,0.002050883655567486,,,-0.0022594480951167216,-0.001075059980741021,,,0.002366404217962484,-0.0006621230344961254,-0.0006610286162572888,,-0.0008600479845928167,,0.0003623968277510003
164,2026-08-31,8801,JP3893200000,10052201W,-0.000560115284083557,,,,,,,,,,,,,0.002666148752237732,,,0.001801451859620089,0.0023251297257887195,,,,,,,,,,-0.0006115020073939752,,,,0.0016874359191378049,,-0.0010552039916508172,-0.0008987018265969884,,-0.005554476567161941,-0.002072136335936061,,0.0016803458522506713,0.002234202865003686,,,,0.002366404217962484,-0.0006621230344961254,-0.0006610286162572888,-0.0011591951096685791,,,-7.890836024988561e-05
165,2026-08-31,8802,JP3899600005,01562501W,0.0016525715406432223,,,,,,,,,,,,,0.002666148752237732,,,0.001801451859620089,0.0023251297257887195,,,,,,,,,,,,,,0.0016874359191378049,0.003006934682974885,-0.0010552039916508172,-0.0008987018265969884,,0.005478387847063832,0.002050883655567486,,0.0016803458522506713,,,,,0.002366404217962484,0.0019319918494476317,-0.0006610286162572888,-0.0011591951096685791,,,0.00047315300261215596
166,2026-08-31,8830,JP3409000001,10260501W,-0.000560115284083557,,,,,,,,,,,,,,,,0.001801451859620089,,,,,,,,,,,-0.0006115020073939752,,,,0.0016874359191378049,0.003006934682974885,-0.0010552039916508172,0.0035080904634706995,,-0.005554476567161941,-0.002072136335936061,,,,,,,0.002366404217962484,-0.0006621230344961254,-0.0006610286162572888,-0.0011591951096685791,,,-6.41304057551969e-05
167,2026-08-31,8951,JP3027670003,25211901W,,,,,,,,,,,,,,,,,0.001801451859620089,-0.002338726975647133,,,,,,,,,,-0.0006115020073939752,,,,-0.0008563646955795712,-0.001025441827783743,-0.0010552039916508172,-0.0008987018265969884,,,-0.002072136335936061,,-0.0016945860713375414,-0.0022594480951167216,,,,-0.0023804899573551174,0.0019319918494476317,0.0019319918494476317,0.0022722858683844305,,,-0.00010805957740053151
168,2026-08-31,9020,JP3783600004,20172701W,-0.000560115284083557,-0.0006115020073939752,,,-0.0007003893394670049,,,,-0.0029191409696033557,-0.002962387502486369,,,-0.0013886191417904852,-0.002666148752237732,-0.003602903719240178,,,-0.002338726975647133,,-0.0006032010751669077,,-0.0010150312508519282,,,-0.0013198756199196693,-0.000880886151620396,,,,0.002050883655567486,,,0.003006934682974885,,0.0035080904634706995,-0.0007392279350012195,,,,0.0016803458522506713,0.002234202865003686,,0.0024091705592509624,0.0027021777894301337,,0.0019319918494476317,-0.0006610286162572888,-0.0011591951096685791,-0.0008600479845928167,,-0.00011272684425496577
169,2026-08-31,9021,JP3659000008,22237601W,-0.000560115284083557,-0.0006115020073939752,0.0022594480951167216,,-0.0007003893394670049,-0.0010693109968867907,,,-0.0029191409696033557,-0.002962387502486369,,,-0.0013886191417904852,,-0.003602903719240178,,,,,-0.0006032010751669077,,-0.0010150312508519282,,,,-0.000880886151620396,,-0.0006115020073939752,,0.002050883655567486,0.0018864260039417912,0.0016874359191378049,,,-0.0008987018265969884,0.0021734908306285856,,0.002050883655567486,,,0.002234202865003686,-0.001075059980741021,0.0024091705592509624,0.0027021777894301337,0.002366404217962484,0.0019319918494476317,-0.0006610286162572888,-0.0011591951096685791,-0.0008600479845928167,,2.7845463754330878e-05
170,2026-08-31,9022,JP3566800003,21290101W,-0.000560115284083557,-0.0006115020073939752,0.0022594480951167216,,-0.0007003893394670049,-0.0010693109968867907,,,,-0.002962387502486369,,,-0.0013886191417904852,-0.002666148752237732,-0.003602903719240178,,,-0.002338726975647133,,-0.0006032010751669077,,,,,,-0.000880886151620396,,0.0023804899573551174,,0.002050883655567486,0.0018864260039417912,0.0016874359191378049,-0.001025441827783743,,-0.0008987018265969884,0.0021734908306285856,,0.002050883655567486,,0.0016803458522506713,,-0.001075059980741021,0.0024091705592509624,0.0027021777894301337,,0.0019319918494476317,0.0019319918494476317,,0.002531153878706707,,0.00018889349887626946
171,2026-08-31,9042,JP3774200004,10107001W,-0.000560115284083557,-0.0006115020073939752,-0.0007661346989188884,,-0.0007003893394670049,,,,,-0.002962387502486369,,,-0.0013886191417904852,,-0.003602903719240178,,,-0.002338726975647133,,-0.0006032010751669077,,-0.0010150312508519282,,,-0.0013198756199196693,-0.000880886151620396,,,,0.002050883655567486,0.0018864260039417912,0.0016874359191378049,0.003006934682974885,,0.0035080904634706995,-0.0007392279350012195,,-0.002072136335936061,,,0.002234202865003686,,0.0024091705592509624,0.0027021777894301337,0.002366404217962484,-0.0006621230344961254,-0.0006610286162572888,-0.0011591951096685791,,,-2.0709834764689472e-05
172,2026-08-31,9101,JP3753000003,10015301W,-0.000560115284083557,0.001809603225500723,-0.0007661346989188884,,0.002072136335936061,-0.0010693109968867907,,,-0.0029191409696033557,,,,-0.0013886191417904852,-0.002666148752237732,-0.003602903719240178,,,-0.002338726975647133,,-0.0006032010751669077,,-0.0010150312508519282,,,-0.0013198756199196693,-0.000880886151620396,,-0.0006115020073939752,,-0.0006967287680063759,-0.0006419298761407058,-0.0008563646955795712,0.003006934682974885,,0.0035080904634706995,-0.0007392279350012195,,,,,,-0.001075059980741021,0.0024091705592509624,0.0027021777894301337,0.002366404217962484,0.0019319918494476317,-0.0006610286162572888,-0.0011591951096685791,0.002531153878706707,-0.001999611564178299,4.260830289788234e-05
173,2026-08-31,9104,JP3362700001,10057401W,,0.001809603225500723,0.0022594480951167216,,0.002072136335936061,-0.0010693109968867907,,,-0.0029191409696033557,,,,-0.0013886191417904852,-0.002666148752237732,-0.003602903719240178,,,-0.002338726975647133,,-0.0006032010751669077,,-0.0010150312508519282,,,-0.0013198756199196693,-0.000880886151620396,,,,-0.0006967287680063759,-0.0006419298761407058,,-0.001025441827783743,,-0.0008987018265969884,,,0.002050883655567486,,,,-0.001075059980741021,0.0024091705592509624,0.0027021777894301337,,0.0019319918494476317,-0.0006610286162572888,-0.0011591951096685791,0.002531153878706707,,-3.683707046105407e-05
174,2026-08-31,9107,JP3223800008,10104201W,,0.001809603225500723,0.0022594480951167216,,0.002072136335936061,,,,,0.0029191409696033557,,,-0.0013886191417904852,-0.002666148752237732,-0.003602903719240178,,,-0.002338726975647133,,-0.0006032010751669077,,-0.0010150312508519282,,,-0.0013198756199196693,-0.000880886151620396,,-0.0006115020073939752,,-0.0006967287680063759,-0.0006419298761407058,-0.0008563646955795712,-0.001025441827783743,,-0.0008987018265969884,0.0021734908306285856,,,,,,,0.0024091705592509624,0.0027021777894301337,,0.0019319918494476317,0.0019319918494476317,0.0022722858683844305,0.002531153878706707,-0.001999611564178299,0.0003004012374815262
175,2026-08-31,9202,JP3429800000,10024701W,-0.000560115284083557,-0.0006115020073939752,0.0022594480951167216,,,,,,-0.0029191409696033557,,,,-0.0013886191417904852,,-0.003602903719240178,,,,,-0.0006032010751669077,,-0.0010150312508519282,,,,-0.000880886151620396,,0.0023804899573551174,,0.002050883655567486,,0.0016874359191378049,,,-0.0008987018265969884,0.0021734908306285856,,0.002050883655567486,,,0.002234202865003686,,0.0024091705592509624,0.0027021777894301337,0.002366404217962484,0.0019319918494476317,0.0019319918494476317,0.0022722858683844305,-0.0008600479845928167,,0.0003394698312531317
176,2026-08-31,9432,JP3735400008,00790801W,-0.000560115284083557,-0.0006115020073939752,-0.0007661346989188884,,-0.0007003893394670049,,,-0.0010280779250274028,,,,-0.002836328459827374,,,,,,,,,0.0029844948719079086,,,,,-0.000880886151620396,,,,,-0.0006419298761407058,0.0016874359191378049,,,,,,,,0.0016803458522506713,0.002234202865003686,,,,,-0.0006621230344961254,-0.0006610286162572888,-0.0011591951096685791,,,6.27448879599672e-06
177,2026-08-31,9433,JP3496400007,20158401W,-0.000560115284083557,-0.0006115020073939752,-0.0007661346989188884,,-0.0007003893394670049,,,-0.0010280779250274028,,0.0029191409696033557,,-0.002836328459827374,,,,,,,,,,,,,,0.003447606145134998,,,,,-0.0006419298761407058,,,,,,,,,,0.002234202865003686,,,,,,0.0019319918494476317,,,,2.0292665486837466e-06
178,2026-08-31,9434,JP3732000009,22315002W,-0.000560115284083557,-0.0006115020073939752,-0.0007661346989188884,,-0.0007003893394670049,-0.0010693109968867907,,,,,,-0.002836328459827374,,,,,,,,,,,,,,-0.000880886151620396,,,,,-0.0006419298761407058,,,,,,,,,,0.002234202865003686,,,,,-0.0006621230344961254,-0.0006610286162572888,-0.0011591951096685791,,,-0.0002621369651798512
179,2026-08-31,9435,JP3783420007,21220001W,-0.000560115284083557,-0.0006115020073939752,0.0022594480951167216,,-0.0007003893394670049,,,,0.000985030327181428,,,,,-0.002666148752237732,0.0012230040147879504,,,-0.002338726975647133,,-0.0006032010751669077,,-0.0010150312508519282,,,,-0.000880886151620396,,-0.0006115020073939752,,0.002050883655567486,0.0018864260039417912,,-0.001025441827783743,,-0.0008987018265969884,-0.0007392279350012195,,-0.002072136335936061,,,,,0.0024091705592509624,0.0027021777894301337,,-0.0006621230344961254,-0.0006610286162572888,-0.0011591951096685791,0.002531153878706707,,-2.1252398132611523e-05
180,2026-08-31,9502,JP3526600006,10045001W,0.0016525715406432223,-0.0006115020073939752,,,-0.0007003893394670049,-0.0010693109968867907,,,0.000985030327181428,,-0.004165857425371455,0.002816354315744083,,,0.0012230040147879504,,,,,-0.0006032010751669077,,-0.0010150312508519282,,,,,,,,,,-0.0008563646955795712,,0.004122910441604739,-0.0008987018265969884,,,,,,0.002234202865003686,-0.001075059980741021,0.0024091705592509624,0.0027021777894301337,0.002366404217962484,-0.0006621230344961254,,,0.002531153878706707,-0.001999611564178299,0.0002075769863678387
181,2026-08-31,9503,JP3228600007,10030201W,-0.000560115284083557,0.001809603225500723,,,0.002072136335936061,-0.0010693109968867907,,,0.000985030327181428,,,,,,0.0012230040147879504,,,,-0.0007750432419295732,0.002366404217962484,,-0.0010150312508519282,,,,,,,,-0.0006967287680063759,,-0.0008563646955795712,0.003006934682974885,0.004122910441604739,0.0035080904634706995,,,,,,0.002234202865003686,-0.001075059980741021,0.0024091705592509624,0.0027021777894301337,0.002366404217962484,0.0019319918494476317,0.0019319918494476317,0.0022722858683844305,0.002531153878706707,,0.0007387402993689146
182,2026-08-31,9531,JP3573000001,10084801W,0.0016525715406432223,-0.0006115020073939752,,,-0.0007003893394670049,-0.0010693109968867907,,,0.000985030327181428,,0.004165857425371455,,,0.002666148752237732,0.0012230040147879504,,,0.0023251297257887195,0.0022722858683844305,0.002366404217962484,,0.002962387502486369,,,,,,,,0.002050883655567486,,0.0016874359191378049,0.003006934682974885,0.004122910441604739,0.0035080904634706995,,,,,,,-0.001075059980741021,0.0024091705592509624,0.0027021777894301337,0.002366404217962484,0.0019319918494476317,0.0019319918494476317,0.0022722858683844305,0.002531153878706707,-0.001999611564178299,0.001171187969508997
183,2026-08-31,9532,JP3180400008,10084601W,0.0016525715406432223,-0.0006115020073939752,,,-0.0007003893394670049,-0.0010693109968867907,,,0.000985030327181428,0.0029191409696033557,,,,,0.0012230040147879504,,,0.0023251297257887195,,0.002366404217962484,,0.002962387502486369,,,,,,,,0.002050883655567486,,,0.003006934682974885,0.004122910441604739,-0.0008987018265969884,,,,,-0.0016945860713375414,,,0.0024091705592509624,0.0027021777894301337,0.002366404217962484,0.0019319918494476317,0.0019319918494476317,0.0022722858683844305,,-0.001999611564178299,0.0007373129177877072
184,2026-08-31,9602,JP3598600009,10274401W,-0.000560115284083557,-0.0006115020073939752,-0.0007661346989188884,,-0.0007003893394670049,-0.0010693109968867907,,,,0.0029191409696033557,,-0.002836328459827374,,,,,,,,,-0.0015322693978377768,,,,,-0.000880886151620396,,,,,-0.0006419298761407058,,,,,,,,,-0.0016945860713375414,,,,,,-0.0006621230344961254,-0.0006610286162572888,,,,-0.00027447892625277254
185,2026-08-31,9697,JP3218900003,20109901W,,,-0.0007661346989188884,,,,,,,0.0029191409696033557,-0.004165857425371455,,,,,,,,,,-0.0015322693978377768,,,,,0.003447606145134998,,,,,-0.0006419298761407058,-0.0008563646955795712,,,,,,,,-0.0016945860713375414,-0.0022594480951167216,,,,,-0.0006621230344961254,-0.0006610286162572888,-0.0011591951096685791,,,-0.0003817756402939363
186,2026-08-31,9735,JP3421800008,01974101W,0.0016525715406432223,-0.0006115020073939752,,,-0.0007003893394670049,,,,,0.0029191409696033557,,,-0.0013886191417904852,-0.002666148752237732,,,,,,-0.0006032010751669077,,,,,-0.0013198756199196693,0.003447606145134998,,0.0023804899573551174,,-0.0006967287680063759,-0.0006419298761407058,,-0.001025441827783743,,-0.0008987018265969884,,,,,,,,,,,0.0019319918494476317,,,-0.0008600479845928167,-0.001999611564178299,1.0511176064373875e-05
187,2026-08-31,9766,JP3300200007,20059501W,0.0016525715406432223,0.001809603225500723,,,0.002072136335936061,,,,,0.0029191409696033557,,,,,,,,,,,-0.0015322693978377768,,,,,0.003447606145134998,,,,,-0.0006419298761407058,,,,,,,,,-0.0016945860713375414,-0.0022594480951167216,,,,,-0.0006621230344961254,-0.0006610286162572888,-0.0011591951096685791,,,-7.548326611684415e-05
188,2026-08-31,9843,JP3756100008,22181201W,,-0.0006115020073939752,0.0022594480951167216,,-0.0007003893394670049,,,-0.0010280779250274028,,,-0.004165857425371455,,-0.0013886191417904852,-0.002666148752237732,,-0.0012497572276114369,,,0.0022722858683844305,-0.0006032010751669077,-0.0015322693978377768,-0.0010150312508519282,,,,-0.000880886151620396,,0.0023804899573551174,,,,-0.0008563646955795712,-0.001025441827783743,0.004122910441604739,,0.0021734908306285856,0.005478387847063832,,,,,,,,,,,0.0022722858683844305,,-0.001999611564178299,-4.740733622976233e-05
189,2026-08-31,9983,JP3802300008,21294801W,,0.001809603225500723,,,,,,,,,,,,,,-0.0012497572276114369,,,,-0.0006032010751669077,-0.0015322693978377768,,,,,0.003447606145134998,,-0.0006115020073939752,,-0.0006967287680063759,-0.0006419298761407058,-0.0008563646955795712,0.003006934682974885,-0.0010552039916508172,,-0.0007392279350012195,,,,,-0.0022594480951167216,,,,,-0.0006621230344961254,-0.0006610286162572888,-0.0011591951096685791,,,-0.00029839101402163553
190,2026-08-31,9984,JP3436100006,20422201W,0.0016525715406432223,-0.0006115020073939752,0.0022594480951167216,,-0.0007003893394670049,-0.0010693109968867907,,0.0030297144911792407,,,-0.004165857425371455,-0.002836328459827374,,,,,,,,,-0.0015322693978377768,,,,,-0.000880886151620396,,,,,0.0018864260039417912,,,,,,,,,0.0016803458522506713,,,,,,-0.0006621230344961254,-0.0006610286162572888,-0.0011591951096685791,,,-0.0004775873262942676
191,2026-08-31,9CI,SGXE62145532,35029801W,-0.000560115284083557,,,,,,,,,,,,,,,,0.001801451859620089,,,,,,,,,,,-0.0006115020073939752,,,,-0.0008563646955795712,-0.001025441827783743,-0.0010552039916508172,-0.0008987018265969884,,-0.005554476567161941,,,,,,,,,-0.0006621230344961254,-0.0006610286162572888,-0.0011591951096685791,,,-0.00028932373438600147
192,2026-08-31,A,US00846U1016,12655401,-0.000560115284083557,,,,,,,,,,,,,,,,,,,-0.0006032010751669077,,-0.0010150312508519282,,,,,,-0.0006115020073939752,,,-0.0006419298761407058,,,-0.0010552039916508172,,-0.0007392279350012195,,,,,,,,-0.0013743034805349132,,-0.0006621230344961254,-0.0006610286162572888,-0.0011591951096685791,-0.0008600479845928167,,-0.00024565200994430586
193,2026-08-31,A17U,SG1M77906915,25607801W,-0.000560115284083557,,,,,,,,,,,,,,,,0.001801451859620089,,,,,,,,,,,0.0023804899573551174,,,,-0.0008563646955795712,-0.001025441827783743,-0.0010552039916508172,-0.0008987018265969884,,,0.002050883655567486,,-0.0016945860713375414,,-0.001075059980741021,,,,0.0019319918494476317,0.0019319918494476317,0.0022722858683844305,,,0.0002021807529382112
194,2026-08-31,A5G,IE00BF0L3536,01550501W,-0.000560115284083557,-0.0006115020073939752,0.0022594480951167216,,-0.0007003893394670049,-0.0010693109968867907,,-0.0010280779250274028,0.000985030327181428,,-0.004165857425371455,0.002816354315744083,,,,0.0037728520078835824,0.001801451859620089,,,,0.0029844948719079086,,,,,,,,,,-0.0006419298761407058,-0.0008563646955795712,0.003006934682974885,,0.0035080904634706995,,,,,,,,0.0024091705592509624,0.0027021777894301337,,,,,,,0.0004391532186465054
195,2026-08-31,A6I,KYG4124C1096,03696501W,,,,,,,,,0.000985030327181428,0.0029191409696033557,,,-0.0013886191417904852,-0.002666148752237732,0.0012230040147879504,,,-0.002338726975647133,,-0.0006032010751669077,,,,,0.002596898135296492,,,-0.0006115020073939752,,0.002050883655567486,0.0018864260039417912,,,,,-0.0007392279350012195,,-0.002072136335936061,,,,,-0.0012267555608455822,-0.0013743034805349132,,-0.0006621230344961254,-0.0006610286162572888,-0.0011591951096685791,-0.0008600479845928167,-0.001999611564178299,-0.00012663976285596005
196,2026-08-31,AAF,GB00BKDRYJ47,33273901W,-0.000560115284083557,-0.0006115020073939752,,,-0.0007003893394670049,0.00209383409861602,,,,0.0029191409696033557,,0.002816354315744083,,,,,,,,,0.0029844948719079086,,,,,-0.000880886151620396,,,,,,0.0016874359191378049,,,,,,,,-0.0016945860713375414,,,,,,0.0019319918494476317,0.0019319918494476317,0.0022722858683844305,,,0.0006739289878592746
197,2026-08-31,AAL,GB00BTK05J60,01550802W,,-0.0006115020073939752,-0.0007661346989188884,,-0.0007003893394670049,,,-0.0010280779250274028,,,,,,,,0.0037728520078835824,,,,-0.0006032010751669077,0.0029844948719079086,0.002962387502486369,,,,-0.000880886151620396,,-0.0006115020073939752,,-0.0006967287680063759,-0.0006419298761407058,,,,,-0.0007392279350012195,,,,0.0016803458522506713,,-0.001075059980741021,-0.0012267555608455822,,,,,,,,0.00015016190445240864
198,2026-08-31,AAPL,US0378331005,00169001,-0.000560115284083557,-0.0006115020073939752,-0.0007661346989188884,-0.0023947443882374837,-0.0007003893394670049,-0.0010693109968867907,-0.004760979914710235,-0.0010280779250274028,,,,0.002816354315744083,,0.002666148752237732,,,,0.0023251297257887195,-0.0007750432419295732,0.002366404217962484,,,,,0.002596898135296492,-0.000880886151620396,0.00588121048287735,-0.0006115020073939752,,-0.0006967287680063759,,-0.0008563646955795712,,,,,,,,0.0016803458522506713,,-0.001075059980741021,,,,,,,,0.001970060654362856,0.00011281157170492051
199,2026-08-31,ABBN,CH0012221716,21041801W,,,,,,,,,0.000985030327181428,,,,,,0.0012230040147879504,,,,,-0.0006032010751669077,,0.002962387502486369,,,0.002596898135296492,,,-0.0006115020073939752,,,,,-0.001025441827783743,,-0.0008987018265969884,-0.0007392279350012195,,,,,,,-0.0012267555608455822,-0.0013743034805349132,,-0.0006621230344961254,-0.0006610286162572888,,-0.0008600479845928167,,-0.00011245688336720059
200,2026-08-31,ABBV,US00287Y1091,01610101,-0.000560115284083557,-0.0006115020073939752,,,,0.00209383409861602,0.004544571736768861,,0.000985030327181428,,,,,,0.0012230040147879504,,,,-0.0007750432419295732,-0.0006032010751669077,0.0029844948719079086,-0.0010150312508519282,,,-0.0013198756199196693,,,0.0023804899573551174,0.0061526509667024585,-0.0006967287680063759,-0.0006419298761407058,-0.0008563646955795712,,-0.0010552039916508172,,,-0.005554476567161941,,,0.0016803458522506713,,-0.001075059980741021,-0.0012267555608455822,,,-0.0006621230344961254,-0.0006610286162572888,-0.0011591951096685791,-0.0008600479845928167,,8.353982073221284e-05
201,2026-08-31,ABF,GB0006731235,01740401W,-0.000560115284083557,-0.0006115020073939752,,,,-0.0010693109968867907,,,,,,,-0.0013886191417904852,,,,0.001801451859620089,,-0.0007750432419295732,-0.0006032010751669077,-0.0015322693978377768,,,,-0.0013198756199196693,,,-0.0006115020073939752,,-0.0006967287680063759,-0.0006419298761407058,,,,,-0.0007392279350012195,0.005478387847063832,,,,,-0.001075059980741021,0.0024091705592509624,,,0.0019319918494476317,,,0.002531153878706707,-0.001999611564178299,0.00013613526551815345
202,2026-08-31,ABI,BE0974293251,24163701W,0.0016525715406432223,0.001809603225500723,,,,0.00209383409861602,,,,,,,-0.0013886191417904852,-0.002666148752237732,-0.003602903719240178,,0.001801451859620089,-0.002338726975647133,,-0.0006032010751669077,-0.0015322693978377768,,,,,,,-0.0006115020073939752,,-0.0006967287680063759,,-0.0008563646955795712,,,,-0.0007392279350012195,,,,0.0016803458522506713,,,-0.0012267555608455822,-0.0013743034805349132,-0.0023804899573551174,-0.0006621230344961254,,,-0.0008600479845928167,,-0.00041477980870683034
203,2026-08-31,ABN,NL0011540547,32076490W,0.0016525715406432223,0.001809603225500723,-0.0007661346989188884,,0.002072136335936061,0.00209383409861602,,0.0030297144911792407,0.000985030327181428,,-0.004165857425371455,,,,,0.0037728520078835824,0.001801451859620089,,-0.0007750432419295732,,0.0029844948719079086,,,,,,,,,,-0.0006419298761407058,-0.0008563646955795712,-0.001025441827783743,,-0.0008987018265969884,,,,,,0.002234202865003686,0.002115991073204549,,,,,,,,,0.00031601920185891057
204,2026-08-31,ABNB,US0090661010,03746001,0.0016525715406432223,,-0.0007661346989188884,,-0.0007003893394670049,,,-0.0010280779250274028,,,,,,,,0.0037728520078835824,,,-0.0007750432419295732,-0.0006032010751669077,-0.0015322693978377768,-0.0010150312508519282,-0.00952195982942047,,,-0.000880886151620396,,-0.0006115020073939752,,,-0.0006419298761407058,,,,,-0.0007392279350012195,,,,,,,,,,-0.0006621230344961254,,0.0022722858683844305,,,-0.00015758520519899413
205,2026-08-31,ABT,US0028241000,00107801,-0.000560115284083557,-0.0006115020073939752,,,,,,,0.000985030327181428,,,,,,0.0012230040147879504,,,,-0.0007750432419295732,-0.0006032010751669077,0.0029844948719079086,,,,-0.0013198756199196693,,,-0.0006115020073939752,-0.006248786138057184,-0.0006967287680063759,-0.0006419298761407058,,,-0.0010552039916508172,,-0.0007392279350012195,,,,0.0016803458522506713,,-0.001075059980741021,,,,-0.0006621230344961254,-0.0006610286162572888,-0.0011591951096685791,,,-5.373513507838719e-05
206,2026-08-31,ABVX,FR0012333284,31991901W,0.0016525715406432223,-0.0006115020073939752,,,,,,,0.000985030327181428,,,,,,,,,-0.002338726975647133,-0.0007750432419295732,-0.0006032010751669077,-0.0015322693978377768,,,,-0.0013198756199196693,,,,,-0.0006967287680063759,-0.0006419298761407058,-0.0008563646955795712,,-0.0010552039916508172,,-0.0007392279350012195,-0.005554476567161941,,,-0.0016945860713375414,-0.0022594480951167216,,-0.0012267555608455822,-0.0013743034805349132,-0.0023804899573551174,-0.0006621230344961254,-0.0006610286162572888,-0.0011591951096685791,-0.0008600479845928167,-0.001999611564178299,-0.0007866787882438229
207,2026-08-31,ABX,CA06849F1080,00205501C,-0.000560115284083557,,0.0022594480951167216,,-0.0007003893394670049,0.00209383409861602,,,,,,0.002816354315744083,0.0024839895207183836,,,0.0037728520078835824,,,0.0022722858683844305,-0.0006032010751669077,0.0029844948719079086,-0.0010150312508519282,,,0.002596898135296492,0.003447606145134998,,0.0023804899573551174,,0.002050883655567486,0.0018864260039417912,0.0016874359191378049,,,,0.0021734908306285856,,0.002050883655567486,,0.0016803458522506713,,0.002115991073204549,0.0024091705592509624,,,0.0019319918494476317,0.0019319918494476317,0.0022722858683844305,,,0.001053507543659739
208,2026-08-31,AC,FR0000120404,10000101W,-0.000560115284083557,-0.0006115020073939752,-0.0007661346989188884,,-0.0007003893394670049,,,-0.0010280779250274028,,,-0.004165857425371455,,,,,-0.0012497572276114369,,-0.002338726975647133,-0.0007750432419295732,-0.0006032010751669077,-0.0015322693978377768,,,,-0.0013198756199196693,,,-0.0006115020073939752,,-0.0006967287680063759,-0.0006419298761407058,-0.0008563646955795712,,-0.0010552039916508172,,-0.0007392279350012195,,,,,,,,,,-0.0006621230344961254,-0.0006610286162572888,,,,-0.0007298587263054384
209,2026-08-31,ACA,FR0000045072,02456302W,,-0.0006115020073939752,-0.0007661346989188884,,,,,-0.0010280779250274028,0.000985030327181428,,,,-0.0013886191417904852,,,0.0037728520078835824,0.001801451859620089,,-0.0007750432419295732,,,,,,,,,,,,-0.0006419298761407058,-0.0008563646955795712,-0.001025441827783743,,-0.0008987018265969884,,,,,0.0016803458522506713,0.002234202865003686,0.002115991073204549,0.0024091705592509624,0.0027021777894301337,,,,,0.002531153878706707,0.001970060654362856,0.0003088797411979677
210,2026-08-31,ACGL,BMG0450A1053,06130201,-0.000560115284083557,-0.0006115020073939752,-0.0007661346989188884,,-0.0007003893394670049,-0.0010693109968867907,-0.004760979914710235,-0.0010280779250274028,0.000985030327181428,,0.004165857425371455,,,,,-0.0012497572276114369,,,0.0022722858683844305,,-0.0015322693978377768,,,,,,,,,0.002050883655567486,0.0018864260039417912,,-0.001025441827783743,0.004122910441604739,-0.0008987018265969884,0.0021734908306285856,,,-0.0024839895207183836,,,-0.001075059980741021,0.0024091705592509624,0.0027021777894301337,,0.0019319918494476317,0.0019319918494476317,,0.002531153878706707,-0.001999611564178299,0.0004216839151951175
211,2026-08-31,ACS,ES0167050915,22218601W,,-0.0006115020073939752,0.0022594480951167216,,-0.0007003893394670049,,,,0.000985030327181428,,,,0.0024839895207183836,0.002666148752237732,0.0012230040147879504,,,0.0023251297257887195,,-0.0006032010751669077,,0.002962387502486369,,,-0.0013198756199196693,,,-0.0006115020073939752,,,,0.0016874359191378049,,,-0.0008987018265969884,-0.0007392279350012195,,,,0.0016803458522506713,0.002234202865003686,,,-0.0013743034805349132,0.002366404217962484,0.0019319918494476317,0.0019319918494476317,0.0022722858683844305,-0.0008600479845928167,0.001970060654362856,0.0003138431255818826
212,2026-08-31,AD,NL0011794037,02366702W,-0.000560115284083557,-0.0006115020073939752,,,,,,,,,,0.002816354315744083,,0.002666148752237732,0.0012230040147879504,,0.001801451859620089,0.0023251297257887195,,0.002366404217962484,-0.0015322693978377768,,,,,,,-0.0006115020073939752,,0.002050883655567486,0.0018864260039417912,0.0016874359191378049,,,,-0.0007392279350012195,,,,,0.002234202865003686,0.002115991073204549,0.0024091705592509624,0.0027021777894301337,0.002366404217962484,0.0019319918494476317,0.0019319918494476317,0.0022722858683844305,0.002531153878706707,,0.0008460410100601649
213,2026-08-31,ADBE,US00724F1012,01254001,,-0.0006115020073939752,-0.0007661346989188884,0.004650259451577439,0.002072136335936061,0.00209383409861602,0.004544571736768861,-0.0010280779250274028,,,,0.002816354315744083,,0.002666148752237732,,,,,-0.0007750432419295732,0.002366404217962484,,,,,,-0.000880886151620396,,-0.0006115020073939752,0.0061526509667024585,0.002050883655567486,0.0018864260039417912,,,,,0.0021734908306285856,,0.002050883655567486,,,,0.002115991073204549,,,,,,,,,0.0007355069477171667
214,2026-08-31,ADDT B,SE0014781795,24731801W,-0.000560115284083557,-0.0006115020073939752,-0.0007661346989188884,,-0.0007003893394670049,-0.0010693109968867907,,,0.000985030327181428,,,,-0.0013886191417904852,,0.0012230040147879504,,,,,-0.0006032010751669077,,,,,,0.003447606145134998,,-0.0006115020073939752,,-0.0006967287680063759,-0.0006419298761407058,-0.0008563646955795712,,,-0.0008987018265969884,-0.0007392279350012195,,,,-0.0016945860713375414,-0.0022594480951167216,-0.001075059980741021,-0.0012267555608455822,-0.0013743034805349132,,-0.0006621230344961254,-0.0006610286162572888,,-0.0008600479845928167,,-0.00020700431582404479
215,2026-08-31,ADI,US0326541051,00163201,,,-0.0007661346989188884,,,,,,,,0.004165857425371455,0.002816354315744083,,-0.002666148752237732,,,,-0.002338726975647133,0.0022722858683844305,-0.0006032010751669077,,,,,,-0.000880886151620396,,0.0023804899573551174,,,-0.0006419298761407058,,,,,-0.0007392279350012195,,,,0.0016803458522506713,,,,,,,,,,,0.0002923766068122506
216,2026-08-31,ADM,GB00B02J6398,27097901W,-0.000560115284083557,-0.0006115020073939752,-0.0007661346989188884,,-0.0007003893394670049,-0.0010693109968867907,,-0.0010280779250274028,-0.0029191409696033557,,,0.002816354315744083,,,,-0.0012497572276114369,-0.005332297504475464,,-0.0007750432419295732,,,,,,,,,,,-0.0006967287680063759,-0.0006419298761407058,,0.003006934682974885,-0.0010552039916508172,0.0035080904634706995,-0.0007392279350012195,,,,-0.0016945860713375414,,,,,,-0.0006621230344961254,-0.0006610286162572888,,-0.0008600479845928167,,-0.00016744657410573238
217,2026-08-31,ADM,US0394831020,00172201,0.0016525715406432223,0.001809603225500723,,0.004650259451577439,,,,,,,,,-0.0013886191417904852,,0.0012230040147879504,,,,-0.0007750432419295732,-0.0006032010751669077,0.0029844948719079086,,,,-0.0013198756199196693,,,-0.0006115020073939752,,-0.0006967287680063759,-0.0006419298761407058,-0.0008563646955795712,,,,0.0021734908306285856,0.005478387847063832,0.002050883655567486,-0.0024839895207183836,,0.002234202865003686,,-0.0012267555608455822,-0.0013743034805349132,0.002366404217962484,0.0019319918494476317,0.0019319918494476317,0.0022722858683844305,0.002531153878706707,,0.000773609751582775
218,2026-08-31,ADP,FR0010340141,27814201W,-0.000560115284083557,-0.0006115020073939752,-0.0007661346989188884,,-0.0007003893394670049,0.00209383409861602,,,-0.0029191409696033557,-0.002962387502486369,,,,,-0.003602903719240178,,,-0.002338726975647133,,-0.0006032010751669077,,-0.0010150312508519282,,,0.002596898135296492,-0.000880886151620396,,-0.0006115020073939752,,0.002050883655567486,0.0018864260039417912,,0.003006934682974885,,0.0035080904634706995,-0.0007392279350012195,,-0.002072136335936061,,,,0.002115991073204549,,,,,-0.0006610286162572888,-0.0011591951096685791,-0.0008600479845928167,0.001970060654362856,-0.0001811989554695338
219,2026-08-31,ADP,US0530151036,00189101,-0.000560115284083557,-0.0006115020073939752,-0.0007661346989188884,,-0.0007003893394670049,,,,0.000985030327181428,0.0029191409696033557,,,,0.002666148752237732,0.0012230040147879504,,,,,0.002366404217962484,,-0.0010150312508519282,,,,0.003447606145134998,-0.0029844948719079086,-0.0006115020073939752,,-0.0006967287680063759,-0.0006419298761407058,-0.0008563646955795712,-0.001025441827783743,,-0.0008987018265969884,-0.0007392279350012195,,,-0.0024839895207183836,0.0016803458522506713,0.002234202865003686,,,,,-0.0006621230344961254,-0.0006610286162572888,,-0.0008600479845928167,0.001970060654362856,0.00010564036700195217
220,2026-08-31,ADS,DE000A1EWWW0,22124401W,,-0.0006115020073939752,-0.0007661346989188884,,-0.0007003893394670049,,,-0.0010280779250274028,,,,,-0.0013886191417904852,,,-0.0012497572276114369,,0.0023251297257887195,,-0.0006032010751669077,-0.0015322693978377768,0.002962387502486369,,,,-0.000880886151620396,,-0.0006115020073939752,,-0.0006967287680063759,,,0.003006934682974885,0.004122910441604739,,-0.0007392279350012195,,-0.002072136335936061,,,,,,,,-0.0006621230344961254,-0.0006610286162572888,-0.0011591951096685791,,,-0.00019327512393903178
221,2026-08-31,ADSK,US0527691069,00187801,-0.000560115284083557,-0.0006115020073939752,-0.0007661346989188884,-0.0023947443882374837,-0.0007003893394670049,,,0.0030297144911792407,,,,0.002816354315744083,,0.002666148752237732,,,,,,-0.0006032010751669077,,,,,,0.003447606145134998,0.00588121048287735,-0.0006115020073939752,,0.002050883655567486,-0.0006419298761407058,,,,,0.0021734908306285856,,0.002050883655567486,-0.0024839895207183836,,,,,,,,,,,0.001970060654362856,0.00039567252285064306
222,2026-08-31,ADYEN,NL0012969182,32740101W,-0.000560115284083557,-0.0006115020073939752,-0.0007661346989188884,,-0.0007003893394670049,,,-0.0010280779250274028,-0.0029191409696033557,,,,0.0024839895207183836,,,-0.0012497572276114369,,,-0.0007750432419295732,,-0.0015322693978377768,,,,,,,,,-0.0006967287680063759,-0.0006419298761407058,-0.0008563646955795712,,-0.0010552039916508172,,-0.0007392279350012195,,-0.002072136335936061,,-0.0016945860713375414,,,-0.0012267555608455822,-0.0013743034805349132,-0.0023804899573551174,-0.0006621230344961254,-0.0006610286162572888,,-0.0008600479845928167,-0.001999611564178299,-0.00047078331844093015
223,2026-08-31,AEE,US0236081024,01086001,-0.000560115284083557,-0.0006115020073939752,,,-0.0007003893394670049,,,0.0030297144911792407,-0.0029191409696033557,,,0.002816354315744083,,,,,,,,-0.0006032010751669077,,,0.010524271390412098,,,,0.00588121048287735,,,,,,,-0.0010552039916508172,-0.0008987018265969884,,,,,,,,,,,,-0.0006610286162572888,-0.0011591951096685791,-0.0008600479845928167,,7.184371690233618e-05
224,2026-08-31,AEM,CA0084741085,00118601C,-0.000560115284083557,-0.0006115020073939752,,,-0.0007003893394670049,,,,,0.0029191409696033557,,0.002816354315744083,0.0024839895207183836,,,0.0037728520078835824,,,0.0022722858683844305,0.002366404217962484,0.0029844948719079086,,0.010524271390412098,0.008887162507459107,0.002596898135296492,0.003447606145134998,,0.0023804899573551174,,0.002050883655567486,0.0018864260039417912,,,,,0.0021734908306285856,,0.002050883655567486,,0.0016803458522506713,,,0.0024091705592509624,,,-0.0006621230344961254,0.0019319918494476317,,,,0.0010982971507015379
225,2026-08-31,AENA,ES0105046017,31921901W,-0.000560115284083557,-0.0006115020073939752,,,-0.0007003893394670049,-0.0010693109968867907,,,,-0.002962387502486369,,,,-0.002666148752237732,-0.003602903719240178,,,-0.002338726975647133,,-0.0006032010751669077,,-0.0010150312508519282,,,,,,-0.0006115020073939752,,-0.0006967287680063759,,-0.0008563646955795712,0.003006934682974885,,0.0035080904634706995,-0.0007392279350012195,,,,,-0.0022594480951167216,,,,-0.0023804899573551174,,-0.0006610286162572888,-0.0011591951096685791,-0.0008600479845928167,,-0.0003111003005836816
226,2026-08-31,AEP,US0255371017,00144001,-0.000560115284083557,-0.0006115020073939752,,,-0.0007003893394670049,,,-0.0010280779250274028,,,,,,,,,,,0.0022722858683844305,-0.0006032010751669077,,-0.0010150312508519282,-0.00952195982942047,0.008887162507459107,,,,,,,,,-0.001025441827783743,-0.0010552039916508172,-0.0008987018265969884,,,,,0.0016803458522506713,,,,,,-0.0006621230344961254,-0.0006610286162572888,,-0.0008600479845928167,,-0.0001418493964958981
227,2026-08-31,AER,NL0000687663,17609201,0.0016525715406432223,0.001809603225500723,0.0022594480951167216,0.004650259451577439,0.002072136335936061,0.00209383409861602,0.004544571736768861,,-0.0029191409696033557,-0.002962387502486369,,,,-0.002666148752237732,-0.003602903719240178,,,-0.002338726975647133,,-0.0006032010751669077,,-0.0010150312508519282,,,,-0.000880886151620396,-0.0029844948719079086,-0.0006115020073939752,,0.002050883655567486,0.0018864260039417912,0.0016874359191378049,0.003006934682974885,,-0.0008987018265969884,0.0021734908306285856,,0.002050883655567486,,0.0016803458522506713,,0.002115991073204549,0.0024091705592509624,0.0027021777894301337,,0.0019319918494476317,-0.0006610286162572888,-0.0011591951096685791,0.002531153878706707,0.001970060654362856,0.00038602901558865355
228,2026-08-31,AFL,US0010551028,00144901,-0.000560115284083557,-0.0006115020073939752,-0.0007661346989188884,-0.0023947443882374837,-0.0007003893394670049,-0.0010693109968867907,,-0.0010280779250274028,0.000985030327181428,,,,,,,-0.0012497572276114369,,,0.0022722858683844305,,,,,,,,,,,,,-0.0008563646955795712,,-0.0010552039916508172,-0.0008987018265969884,-0.0007392279350012195,,,,,,,,,,-0.0006621230344961254,-0.0006610286162572888,,,,-0.00010369976417271698
229,2026-08-31,AFRM,US00827B1061,03741301,-0.000560115284083557,-0.0006115020073939752,-0.0007661346989188884,-0.0023947443882374837,-0.0007003893394670049,0.00209383409861602,,-0.0010280779250274028,-0.0029191409696033557,-0.002962387502486369,-0.004165857425371455,,,,,-0.0012497572276114369,-0.005332297504475464,,0.0022722858683844305,,-0.0015322693978377768,,,,,,,,,,,,,0.004122910441604739,,-0.0007392279350012195,,,-0.0024839895207183836,-0.0016945860713375414,,-0.001075059980741021,-0.0012267555608455822,-0.0013743034805349132,-0.0023804899573551174,-0.0006621230344961254,-0.0006610286162572888,,-0.0008600479845928167,-0.001999611564178299,-0.0006131526248769386
230,2026-08-31,AGI,CA0115321089,12345501C,-0.000560115284083557,-0.0006115020073939752,,,-0.0007003893394670049,0.00209383409861602,,0.0030297144911792407,,0.0029191409696033557,,0.002816354315744083,0.0024839895207183836,,,0.0037728520078835824,,,0.0022722858683844305,0.002366404217962484,,0.002962387502486369,,0.008887162507459107,0.002596898135296492,-0.000880886151620396,,-0.0006115020073939752,,0.002050883655567486,0.0018864260039417912,,,,,,,0.002050883655567486,,-0.0016945860713375414,,0.002115991073204549,0.0024091705592509624,,,,-0.0006610286162572888,,,,0.0008700110632767131
231,2026-08-31,AGN,BMG0112X1056,01559801W,-0.000560115284083557,,-0.0007661346989188884,,,,,-0.0010280779250274028,0.000985030327181428,0.0029191409696033557,-0.004165857425371455,,,,,-0.0012497572276114369,0.001801451859620089,,,,-0.0015322693978377768,,,,,,,,,,0.0018864260039417912,-0.0008563646955795712,,-0.0010552039916508172,-0.0008987018265969884,-0.0007392279350012195,,,,,,,,,0.002366404217962484,-0.0006621230344961254,-0.0006610286162572888,,-0.0008600479845928167,0.001970060654362856,-0.00020221802004243263
232,2026-08-31,AGS,BE0974264930,01644701W,-0.000560115284083557,-0.0006115020073939752,0.0022594480951167216,,-0.0007003893394670049,-0.0010693109968867907,,-0.0010280779250274028,,,,,,,,-0.0012497572276114369,0.001801451859620089,,0.0022722858683844305,,-0.0015322693978377768,,,,,,,,,0.002050883655567486,0.0018864260039417912,,-0.001025441827783743,-0.0010552039916508172,-0.0008987018265969884,0.0021734908306285856,,0.002050883655567486,,,,-0.001075059980741021,0.0024091705592509624,0.0027021777894301337,0.002366404217962484,-0.0006621230344961254,0.0019319918494476317,,0.002531153878706707,,0.00032566514898782126
233,2026-08-31,AI,FR0000120073,10120201W,-0.000560115284083557,-0.0006115020073939752,-0.0007661346989188884,,-0.0007003893394670049,-0.0010693109968867907,,-0.0010280779250274028,,,,,,,,0.0037728520078835824,,,-0.0007750432419295732,-0.0006032010751669077,,-0.0010150312508519282,,,-0.0013198756199196693,-0.000880886151620396,,-0.0006115020073939752,,-0.0006967287680063759,-0.0006419298761407058,-0.0008563646955795712,,,,-0.0007392279350012195,,,,0.0016803458522506713,,,-0.0012267555608455822,,,-0.0006621230344961254,-0.0006610286162572888,-0.0011591951096685791,,,-0.00022494583940382693
234,2026-08-31,AIA,NZAIAE0002S6,22276101W,-0.000560115284083557,-0.0006115020073939752,0.0022594480951167216,,-0.0007003893394670049,,,,-0.0029191409696033557,,,,,-0.002666148752237732,-0.003602903719240178,,,-0.002338726975647133,,-0.0006032010751669077,,-0.0010150312508519282,,,0.002596898135296492,-0.000880886151620396,,,,0.002050883655567486,0.0018864260039417912,-0.0008563646955795712,-0.001025441827783743,,-0.0008987018265969884,,,,,-0.0016945860713375414,-0.0022594480951167216,,-0.0012267555608455822,-0.0013743034805349132,-0.0023804899573551174,-0.0006621230344961254,-0.0006610286162572888,-0.0011591951096685791,-0.0008600479845928167,-0.001999611564178299,-0.0003759917231589687
235,2026-08-31,AIG,US0268747849,00148701,-0.000560115284083557,-0.0006115020073939752,0.0022594480951167216,,,-0.0010693109968867907,,,0.000985030327181428,,-0.004165857425371455,,,,,-0.0012497572276114369,,,,,,,,,,,,,,0.002050883655567486,,0.0016874359191378049,-0.001025441827783743,-0.0010552039916508172,-0.0008987018265969884,,,,0.004818341118501925,,,-0.001075059980741021,,,,,,,0.002531153878706707,,-7.425139118106716e-05
236,2026-08-31,AIR,NL0000235190,22083302W,-0.000560115284083557,-0.0006115020073939752,0.0022594480951167216,,-0.0007003893394670049,,,,,0.0029191409696033557,,,-0.0013886191417904852,,,,,0.0023251297257887195,,0.002366404217962484,,0.002962387502486369,,,,0.003447606145134998,,-0.0006115020073939752,,,,,-0.001025441827783743,,-0.0008987018265969884,-0.0007392279350012195,,0.002050883655567486,,0.0016803458522506713,0.002234202865003686,,,,,-0.0006621230344961254,-0.0006610286162572888,,-0.0008600479845928167,0.001970060654362856,0.00027445782058528796
237,2026-08-31,AJG,US3635761097,00497301,-0.000560115284083557,-0.0006115020073939752,-0.0007661346989188884,-0.0023947443882374837,-0.0007003893394670049,,,-0.0010280779250274028,,,,,,,,-0.0012497572276114369,,,-0.0007750432419295732,,-0.0015322693978377768,,,,,,-0.0029844948719079086,,,-0.0006967287680063759,-0.0006419298761407058,,-0.001025441827783743,-0.0010552039916508172,-0.0008987018265969884,-0.0007392279350012195,,,-0.0024839895207183836,,,-0.001075059980741021,-0.0012267555608455822,-0.0013743034805349132,,-0.0006621230344961254,-0.0006610286162572888,,-0.0008600479845928167,-0.001999611564178299,-0.00040454709788696405
238,2026-08-31,AKRBP,NO0010345853,27569602W,,,-0.0007661346989188884,,0.002072136335936061,0.00209383409861602,,-0.0010280779250274028,-0.0029191409696033557,,,,-0.0013886191417904852,,-0.003602903719240178,,0.001801451859620089,,0.0022722858683844305,,,-0.0010150312508519282,,,,,,-0.0006115020073939752,,,,,,,,,,,,,,0.002115991073204549,,,,0.0019319918494476317,-0.0006610286162572888,-0.0011591951096685791,-0.0008600479845928167,0.001970060654362856,2.9752708453260204e-05
239,2026-08-31,AKZA,NL0013267909,01533401W,-0.000560115284083557,-0.0006115020073939752,0.0022594480951167216,,-0.0007003893394670049,,,,,-0.002962387502486369,,-0.002836328459827374,-0.0013886191417904852,,,-0.0012497572276114369,,,,-0.0006032010751669077,,-0.0010150312508519282,,,,-0.000880886151620396,,-0.0006115020073939752,,,,-0.0008563646955795712,,,,,,,,,,,,,,-0.0006621230344961254,-0.0006610286162572888,,,,-0.000423815027544206
240,2026-08-31,ALA,CA0213611001,12219401C,0.0016525715406432223,0.001809603225500723,,,0.002072136335936061,,,0.0030297144911792407,0.000985030327181428,,,,,0.002666148752237732,0.0012230040147879504,,,0.0023251297257887195,-0.0007750432419295732,-0.0006032010751669077,,-0.0010150312508519282,-0.00952195982942047,-0.009998057820891495,,,,,,-0.0006967287680063759,,,-0.001025441827783743,-0.0010552039916508172,-0.0008987018265969884,,,,,,,,-0.0012267555608455822,-0.0013743034805349132,0.002366404217962484,-0.0006621230344961254,-0.0006610286162572888,,-0.0008600479845928167,,1.1684148765925021e-05
241,2026-08-31,ALAB,US04626A1034,04509401,,0.001809603225500723,-0.0007661346989188884,,,-0.0010693109968867907,,0.0030297144911792407,,,-0.004165857425371455,0.002816354315744083,0.0024839895207183836,,,,,,0.0022722858683844305,-0.0006032010751669077,,,,,0.002596898135296492,-0.000880886151620396,0.00588121048287735,0.0023804899573551174,0.0061526509667024585,-0.0006967287680063759,-0.0006419298761407058,-0.0008563646955795712,,,,-0.0007392279350012195,,,0.004818341118501925,-0.0016945860713375414,,-0.001075059980741021,,,,,,,,-0.001999611564178299,0.0001689706360961744
242,2026-08-31,ALC,CH0432492467,03505601W,-0.000560115284083557,-0.0006115020073939752,,,,,,,0.000985030327181428,,,,,,,,,-0.002338726975647133,-0.0007750432419295732,-0.0006032010751669077,-0.0015322693978377768,-0.0010150312508519282,,,-0.0013198756199196693,,,-0.0006115020073939752,,-0.0006967287680063759,-0.0006419298761407058,,,-0.0010552039916508172,,-0.0007392279350012195,,,,,,-0.001075059980741021,-0.0012267555608455822,-0.0013743034805349132,,,,0.0022722858683844305,-0.0008600479845928167,-0.001999611564178299,-0.000368370890485344
243,2026-08-31,ALFA,SE0000695876,25192101W,0.0016525715406432223,-0.0006115020073939752,-0.0007661346989188884,,-0.0007003893394670049,-0.0010693109968867907,,,0.000985030327181428,,,,-0.0013886191417904852,,,,,,,-0.0006032010751669077,,-0.0010150312508519282,,,-0.0013198756199196693,-0.000880886151620396,,-0.0006115020073939752,,-0.0006967287680063759,-0.0006419298761407058,-0.0008563646955795712,,,-0.0008987018265969884,-0.0007392279350012195,,-0.002072136335936061,,,,-0.001075059980741021,,,,-0.0006621230344961254,-0.0006610286162572888,,-0.0008600479845928167,,-0.00022688555525627663
244,2026-08-31,ALL,AU000000ALL7,21262801W,-0.000560115284083557,-0.0006115020073939752,-0.0007661346989188884,,-0.0007003893394670049,,,-0.0010280779250274028,,,0.004165857425371455,,,-0.002666148752237732,,0.0037728520078835824,,-0.002338726975647133,0.0022722858683844305,-0.0006032010751669077,-0.0015322693978377768,-0.0010150312508519282,,,0.002596898135296492,-0.000880886151620396,,-0.0006115020073939752,,0.002050883655567486,0.0018864260039417912,-0.0008563646955795712,0.003006934682974885,-0.0010552039916508172,,-0.0007392279350012195,,,,-0.0016945860713375414,-0.0022594480951167216,,,,,-0.0006621230344961254,-0.0006610286162572888,,,-0.001999611564178299,7.618545749750275e-05
245,2026-08-31,ALL,US0200021014,02834901,,0.001809603225500723,0.0022594480951167216,0.004650259451577439,0.002072136335936061,-0.0010693109968867907,-0.004760979914710235,0.0030297144911792407,0.000985030327181428,,0.004165857425371455,,,,,-0.0012497572276114369,,,0.0022722858683844305,,,,,,,,0.00588121048287735,,,,0.0018864260039417912,,-0.001025441827783743,,-0.0008987018265969884,0.0021734908306285856,,0.002050883655567486,-0.0024839895207183836,,,-0.001075059980741021,0.0024091705592509624,0.0027021777894301337,0.002366404217962484,0.0019319918494476317,0.0019319918494476317,,-0.0008600479845928167,,0.0006816332967753033
246,2026-08-31,ALNY,US02043Q1076,26426501,-0.000560115284083557,-0.0006115020073939752,,,,,,,0.000985030327181428,,,,,,0.0012230040147879504,,,0.0023251297257887195,0.0022722858683844305,-0.0006032010751669077,-0.0015322693978377768,-0.0010150312508519282,,,0.002596898135296492,,,-0.0006115020073939752,0.0061526509667024585,0.002050883655567486,0.0018864260039417912,0.0016874359191378049,,0.004122910441604739,,0.0021734908306285856,0.005478387847063832,0.002050883655567486,,-0.0016945860713375414,,,-0.0012267555608455822,-0.0013743034805349132,,-0.0006621230344961254,-0.0006610286162572888,-0.0011591951096685791,-0.0008600479845928167,0.001970060654362856,0.00045217342741424657
247,2026-08-31,ALO,FR0010220475,21839901W,-0.000560115284083557,-0.0006115020073939752,-0.0007661346989188884,,-0.0007003893394670049,0.00209383409861602,,,0.000985030327181428,0.0029191409696033557,,,,,0.0012230040147879504,,,,,-0.0006032010751669077,,-0.0010150312508519282,,,,,,-0.0006115020073939752,,-0.0006967287680063759,0.0018864260039417912,0.0016874359191378049,0.003006934682974885,,0.0035080904634706995,-0.0007392279350012195,,-0.002072136335936061,,,0.002234202865003686,0.002115991073204549,,,0.002366404217962484,0.0019319918494476317,,,-0.0008600479845928167,,0.0003560385472924173
248,2026-08-31,ALV,DE0008404005,01572401W,-0.000560115284083557,-0.0006115020073939752,-0.0007661346989188884,,-0.0007003893394670049,-0.0010693109968867907,,,,,,,,,,-0.0012497572276114369,0.001801451859620089,,-0.0007750432419295732,,-0.0015322693978377768,,,,,,,,,-0.0006967287680063759,-0.0006419298761407058,,-0.001025441827783743,-0.0010552039916508172,-0.0008987018265969884,-0.0007392279350012195,,,,0.0016803458522506713,,,,,0.002366404217962484,0.0019319918494476317,0.0019319918494476317,,-0.0008600479845928167,,-0.00010889661135323786
249,2026-08-31,AM,FR0014004L86,10051701W,-0.000560115284083557,-0.0006115020073939752,0.0022594480951167216,,-0.0007003893394670049,,,,0.000985030327181428,0.0029191409696033557,,,0.0024839895207183836,,0.0012230040147879504,,,,,-0.0006032010751669077,,,,,,-0.000880886151620396,,-0.0006115020073939752,,,0.0018864260039417912,0.0016874359191378049,-0.001025441827783743,,-0.0008987018265969884,,,,,,0.002234202865003686,,,,,0.0019319918494476317,,0.0022722858683844305,-0.0008600479845928167,0.001970060654362856,0.0002629290294711919
250,2026-08-31,AMAT,US0382221051,00170401,,,-0.0007661346989188884,,,,,-0.0010280779250274028,,,-0.004165857425371455,,-0.0013886191417904852,,,,,,,0.002366404217962484,,,,,,-0.000880886151620396,-0.0029844948719079086,-0.0006115020073939752,-0.006248786138057184,-0.0006967287680063759,-0.0006419298761407058,-0.0008563646955795712,,,,-0.0007392279350012195,,,,,,,,,,,,,,,-0.00038423634914982823
251,2026-08-31,AMD,US0079031078,00116101,0.0016525715406432223,,-0.0007661346989188884,,-0.0007003893394670049,,,-0.0010280779250274028,,,-0.004165857425371455,,,-0.002666148752237732,,,,,,-0.0006032010751669077,,,,,,-0.000880886151620396,,0.0023804899573551174,,-0.0006967287680063759,-0.0006419298761407058,-0.0008563646955795712,,,,,,,0.004818341118501925,0.0016803458522506713,,-0.001075059980741021,,,,,,,,-0.001999611564178299,-0.00036787869221253363
252,2026-08-31,AME,US0311001004,00159801,-0.000560115284083557,-0.0006115020073939752,-0.0007661346989188884,-0.0023947443882374837,-0.0007003893394670049,-0.0010693109968867907,-0.004760979914710235,,0.000985030327181428,0.0029191409696033557,,,,-0.002666148752237732,0.0012230040147879504,,,-0.002338726975647133,,-0.0006032010751669077,,-0.0010150312508519282,,,,0.003447606145134998,-0.0029844948719079086,-0.0006115020073939752,,-0.0006967287680063759,-0.0006419298761407058,-0.0008563646955795712,-0.001025441827783743,,-0.0008987018265969884,-0.0007392279350012195,,,0.004818341118501925,,-0.0022594480951167216,-0.001075059980741021,-0.0012267555608455822,-0.0013743034805349132,-0.0023804899573551174,-0.0006621230344961254,-0.0006610286162572888,,-0.0008600479845928167,-0.001999611564178299,-0.0003639154748981293
253,2026-08-31,AMGN,US0311621009,00160201,-0.000560115284083557,-0.0006115020073939752,,,,-0.0010693109968867907,-0.004760979914710235,,,,,,,,,,,,,-0.0006032010751669077,0.0029844948719079086,-0.0010150312508519282,,,,,,-0.0006115020073939752,,,,-0.0008563646955795712,,,,-0.0007392279350012195,,-0.002072136335936061,-0.0024839895207183836,0.0016803458522506713,,-0.001075059980741021,,,,-0.0006621230344961254,-0.0006610286162572888,-0.0011591951096685791,-0.0008600479845928167,0.001970060654362856,-0.00020173085446335964
254,2026-08-31,AMP,US03076C1062,16470801,0.0016525715406432223,,-0.0007661346989188884,0.004650259451577439,0.002072136335936061,0.00209383409861602,0.004544571736768861,-0.0010280779250274028,0.000985030327181428,,,,,,,-0.0012497572276114369,,,,,-0.0015322693978377768,,,,,,,,,,0.0018864260039417912,,-0.001025441827783743,,-0.0008987018265969884,,,,,,,0.002115991073204549,,,,0.0019319918494476317,0.0019319918494476317,,,0.001970060654362856,0.00022179371838956105
255,2026-08-31,AMRZ,CH1430134226,36691101W,-0.000560115284083557,,-0.0007661346989188884,,,,,,,,,,,,,-0.0012497572276114369,,,-0.0007750432419295732,-0.0006032010751669077,,-0.0010150312508519282,,,-0.0013198756199196693,,,-0.0006115020073939752,,-0.0006967287680063759,-0.0006419298761407058,-0.0008563646955795712,,,,-0.0007392279350012195,,,,,,,,,,-0.0006621230344961254,0.0019319918494476317,0.0022722858683844305,,,-5.842856659538989e-05
256,2026-08-31,AMS,ES0109067019,29450801W,,-0.0006115020073939752,-0.0007661346989188884,,-0.0007003893394670049,,,-0.0010280779250274028,,,0.004165857425371455,,,,,-0.0012497572276114369,,-0.002338726975647133,,-0.0006032010751669077,,,,,,-0.000880886151620396,,-0.0006115020073939752,,-0.0006967287680063759,,-0.0008563646955795712,,-0.0010552039916508172,,-0.0007392279350012195,,,,,,,,,,,0.0019319918494476317,0.0022722858683844305,,,7.966347561808436e-05
257,2026-08-31,AMT,US03027X1000,10536501,0.0016525715406432223,,,,,,,,,,,,,0.002666148752237732,,,0.001801451859620089,,,,,,,,,,,-0.0006115020073939752,,,,,,-0.0010552039916508172,-0.0008987018265969884,,0.005478387847063832,0.002050883655567486,,0.0016803458522506713,,,,,,,-0.0006610286162572888,-0.0011591951096685791,,,0.0002092917256969701
258,2026-08-31,AMUN,FR0004125920,32072301W,-0.000560115284083557,0.001809603225500723,0.0022594480951167216,,0.002072136335936061,,,0.0030297144911792407,,-0.002962387502486369,,,,,,-0.0012497572276114369,,,0.0022722858683844305,,,,,,,,,,,,,-0.0008563646955795712,-0.001025441827783743,-0.0010552039916508172,-0.0008987018265969884,,,,,,,,,,,,-0.0006610286162572888,,0.002531153878706707,-0.001999611564178299,9.71738244164751e-05
259,2026-08-31,AMZN,US0231351067,06476801,0.0016525715406432223,0.001809603225500723,0.0022594480951167216,0.004650259451577439,0.002072136335936061,,0.004544571736768861,0.0030297144911792407,,,,,0.0024839895207183836,,,-0.0012497572276114369,,,0.0022722858683844305,-0.0006032010751669077,0.0029844948719079086,0.002962387502486369,0.010524271390412098,0.008887162507459107,0.002596898135296492,0.003447606145134998,-0.0029844948719079086,-0.0006115020073939752,-0.006248786138057184,,0.0018864260039417912,,,,,-0.0007392279350012195,,,,0.0016803458522506713,,,,,,-0.0006621230344961254,-0.0006610286162572888,-0.0011591951096685791,,,0.0005052071027227726
260,2026-08-31,ANA,ES0125220311,10271201W,-0.000560115284083557,0.001809603225500723,,,0.002072136335936061,-0.0010693109968867907,,-0.0010280779250274028,0.000985030327181428,,,,,0.002666148752237732,0.0012230040147879504,,,0.0023251297257887195,-0.0007750432419295732,-0.0006032010751669077,,-0.0010150312508519282,,,,,,,,-0.0006967287680063759,,,0.003006934682974885,-0.0010552039916508172,0.0035080904634706995,,,,,,0.002234202865003686,-0.001075059980741021,-0.0012267555608455822,-0.0013743034805349132,0.002366404217962484,,,,-0.0008600479845928167,0.001970060654362856,0.0001525759963165853
261,2026-08-31,ANET,US0404132054,02074801,-0.000560115284083557,-0.0006115020073939752,-0.0007661346989188884,-0.0023947443882374837,-0.0007003893394670049,-0.0010693109968867907,-0.004760979914710235,,,,-0.004165857425371455,,,,,,,,-0.0007750432419295732,-0.0006032010751669077,,,,,,0.003447606145134998,0.00588121048287735,-0.0006115020073939752,-0.006248786138057184,-0.0006967287680063759,-0.0006419298761407058,-0.0008563646955795712,,,,,,,-0.0024839895207183836,,,-0.001075059980741021,,,,,,,,,-0.0006131853774091293
262,2026-08-31,ANTO,GB0000456144,20018901W,0.0016525715406432223,0.001809603225500723,-0.0007661346989188884,,,,,-0.0010280779250274028,,,,,0.0024839895207183836,,,-0.0012497572276114369,,,,-0.0006032010751669077,-0.0015322693978377768,0.002962387502486369,,,,-0.000880886151620396,,,,-0.0006967287680063759,-0.0006419298761407058,,,,,-0.0007392279350012195,,,,,,,-0.0012267555608455822,,,-0.0006621230344961254,-0.0006610286162572888,-0.0011591951096685791,,,-0.00034439902487889284
263,2026-08-31,ANZ,AU000000ANZ3,01588901W,-0.000560115284083557,-0.0006115020073939752,,,-0.0007003893394670049,,,-0.0010280779250274028,,,-0.004165857425371455,0.002816354315744083,,,,0.0037728520078835824,0.001801451859620089,,-0.0007750432419295732,,,,,,,,,,,,-0.0006419298761407058,-0.0008563646955795712,-0.001025441827783743,,-0.0008987018265969884,,,,,0.0016803458522506713,,,,-0.0013743034805349132,,,,,,,-7.120877339585693e-05
264,2026-08-31,AON,IE00BLP1HW54,00322101,-0.000560115284083557,-0.0006115020073939752,-0.0007661346989188884,-0.0023947443882374837,-0.0007003893394670049,-0.0010693109968867907,,-0.0010280779250274028,-0.0029191409696033557,-0.002962387502486369,,,,,,-0.0012497572276114369,,,0.0022722858683844305,,,,,,,,,,,,,-0.0008563646955795712,-0.001025441827783743,-0.0010552039916508172,-0.0008987018265969884,-0.0007392279350012195,,,-0.0024839895207183836,,,-0.001075059980741021,-0.0012267555608455822,,,-0.0006621230344961254,-0.0006610286162572888,,-0.0008600479845928167,,-0.0003517415916455484
265,2026-08-31,APA,AU000000APA1,24253601W,-0.000560115284083557,-0.0006115020073939752,,,-0.0007003893394670049,,,-0.0010280779250274028,0.000985030327181428,-0.002962387502486369,,,,,0.0012230040147879504,,,-0.002338726975647133,0.0022722858683844305,-0.0006032010751669077,,-0.0010150312508519282,,,,,,,,0.002050883655567486,,-0.0008563646955795712,-0.001025441827783743,-0.0010552039916508172,-0.0008987018265969884,,,,,-0.0016945860713375414,-0.0022594480951167216,-0.001075059980741021,-0.0012267555608455822,-0.0013743034805349132,-0.0023804899573551174,-0.0006621230344961254,,,-0.0008600479845928167,0.001970060654362856,-0.00042675132424272843
266,2026-08-31,APD,US0091581068,00120901,,,-0.0007661346989188884,,,-0.0010693109968867907,,0.0030297144911792407,,-0.002962387502486369,,,,,,-0.0012497572276114369,,,,-0.0006032010751669077,,-0.0010150312508519282,,,,-0.000880886151620396,0.00588121048287735,-0.0006115020073939752,,-0.0006967287680063759,-0.0006419298761407058,-0.0008563646955795712,,,,0.0021734908306285856,,,,,,,-0.0012267555608455822,,,-0.0006621230344961254,-0.0006610286162572888,-0.0011591951096685791,,,-0.0001429467212991987
267,2026-08-31,APH,US0320951017,01428201,,,,,0.002072136335936061,,,-0.0010280779250274028,,,,,0.0024839895207183836,,,,,,-0.0007750432419295732,-0.0006032010751669077,,,,,,-0.000880886151620396,,0.0023804899573551174,-0.006248786138057184,,,0.0016874359191378049,,,,,,0.002050883655567486,,,,,,,,,,,,,-2.7061966613521874e-05
268,2026-08-31,APO,US03769M1062,18425401,-0.000560115284083557,-0.0006115020073939752,-0.0007661346989188884,-0.0023947443882374837,-0.0007003893394670049,,,-0.0010280779250274028,0.000985030327181428,,,-0.002836328459827374,,,,-0.0012497572276114369,-0.005332297504475464,,-0.0007750432419295732,,-0.0015322693978377768,,,,,,,,,-0.0006967287680063759,-0.0006419298761407058,0.0016874359191378049,-0.001025441827783743,-0.0010552039916508172,-0.0008987018265969884,0.0021734908306285856,,0.002050883655567486,-0.0024839895207183836,,,-0.001075059980741021,-0.0012267555608455822,-0.0013743034805349132,,,,,-0.0008600479845928167,0.001970060654362856,-0.0004209607262087643
269,2026-08-31,APP,US03831W1080,03821201,-0.000560115284083557,-0.0006115020073939752,-0.0007661346989188884,,-0.0007003893394670049,,0.004544571736768861,,,,,-0.002836328459827374,,0.002666148752237732,,,,,0.0022722858683844305,0.002366404217962484,,,,,0.002596898135296492,0.003447606145134998,0.00588121048287735,-0.0006115020073939752,0.0061526509667024585,,0.0018864260039417912,,,,,0.0021734908306285856,,0.002050883655567486,,,,0.002115991073204549,,,,,,,,0.001970060654362856,0.0004964081545752825
270,2026-08-31,ARES,US03990B1017,02041201,-0.000560115284083557,-0.0006115020073939752,-0.0007661346989188884,-0.0023947443882374837,-0.0007003893394670049,,,-0.0010280779250274028,,-0.002962387502486369,,,,,,-0.0012497572276114369,0.001801451859620089,,-0.0007750432419295732,,,,,,,,-0.0029844948719079086,,,-0.0006967287680063759,-0.0006419298761407058,,,-0.0010552039916508172,,-0.0007392279350012195,,-0.002072136335936061,-0.0024839895207183836,-0.0016945860713375414,,-0.001075059980741021,-0.0012267555608455822,-0.0013743034805349132,,-0.0006621230344961254,,,-0.0008600479845928167,,-0.0003688899043044702
271,2026-08-31,ARGX,NL0010832176,31800501W,-0.000560115284083557,-0.0006115020073939752,,,,0.00209383409861602,,,0.000985030327181428,,,,,,0.0012230040147879504,,,,-0.0007750432419295732,-0.0006032010751669077,-0.0015322693978377768,,,,0.002596898135296492,,,,,,,,,0.004122910441604739,,0.0021734908306285856,,,,,-0.0022594480951167216,0.002115991073204549,-0.0012267555608455822,-0.0013743034805349132,-0.0023804899573551174,-0.0006621230344961254,-0.0006610286162572888,-0.0011591951096685791,-0.0008600479845928167,-0.001999611564178299,-0.00016858460914101408
272,2026-08-31,ARX,CA00208D4084,10523901C,-0.000560115284083557,,-0.0007661346989188884,,0.002072136335936061,,,,-0.0029191409696033557,,,,,,-0.003602903719240178,,-0.005332297504475464,,-0.0007750432419295732,,,-0.0010150312508519282,-0.00952195982942047,,,,,-0.0006115020073939752,,,,,,,,,,,,,-0.0022594480951167216,,,,,0.0019319918494476317,-0.0006610286162572888,,,,-0.00035141302598078395
273,2026-08-31,ASM,NL0000334118,00116601W,,,,,,0.00209383409861602,,-0.0010280779250274028,,,,-0.002836328459827374,-0.0013886191417904852,,,,,,0.0022722858683844305,-0.0006032010751669077,,,,,0.002596898135296492,-0.000880886151620396,,-0.0006115020073939752,,,0.0018864260039417912,-0.0008563646955795712,,,,-0.0007392279350012195,,-0.002072136335936061,,,,0.002115991073204549,,,,,,,,-0.001999611564178299,-0.00015596733372933772
274,2026-08-31,ASML,NL0010273215,06121401W,0.0016525715406432223,0.001809603225500723,-0.0007661346989188884,,0.002072136335936061,,,-0.0010280779250274028,,,0.004165857425371455,,0.0024839895207183836,,,,,0.0023251297257887195,-0.0007750432419295732,0.002366404217962484,,,,,,-0.000880886151620396,,-0.0006115020073939752,,-0.0006967287680063759,-0.0006419298761407058,-0.0008563646955795712,,,,-0.0007392279350012195,,,,0.0016803458522506713,,,,,,,,,,,0.0003029391116559717
275,2026-08-31,ASRNL,NL0011872643,01551203W,-0.000560115284083557,-0.0006115020073939752,-0.0007661346989188884,,-0.0007003893394670049,-0.0010693109968867907,,-0.0010280779250274028,0.000985030327181428,,-0.004165857425371455,0.002816354315744083,,,,-0.0012497572276114369,-0.005332297504475464,,-0.0007750432419295732,,-0.0015322693978377768,,,,,,,,,-0.0006967287680063759,-0.0006419298761407058,0.0016874359191378049,-0.001025441827783743,0.004122910441604739,-0.0008987018265969884,-0.0007392279350012195,,,,,,-0.001075059980741021,-0.0012267555608455822,-0.0013743034805349132,0.002366404217962484,-0.0006621230344961254,-0.0006610286162572888,,-0.0008600479845928167,,-0.0003658938678441344
276,2026-08-31,ASSA B,SE0007100581,22349201W,,-0.0006115020073939752,-0.0007661346989188884,,-0.0007003893394670049,-0.0010693109968867907,,,0.000985030327181428,,,,-0.0013886191417904852,,0.0012230040147879504,,,,,-0.0006032010751669077,,,,,,-0.000880886151620396,,-0.0006115020073939752,,-0.0006967287680063759,,-0.0008563646955795712,-0.001025441827783743,,-0.0008987018265969884,,,,,,,,,,,-0.0006621230344961254,0.0019319918494476317,0.0022722858683844305,-0.0008600479845928167,,-3.1710721476977844e-05
277,2026-08-31,ASTS,US00217D1000,03859801,-0.000560115284083557,-0.0006115020073939752,-0.0007661346989188884,-0.0023947443882374837,-0.0007003893394670049,,,-0.0010280779250274028,,-0.002962387502486369,0.004165857425371455,,,,,,,,,,-0.0015322693978377768,,,-0.009998057820891495,,-0.000880886151620396,,,,,-0.0006419298761407058,-0.0008563646955795712,,,,,,,-0.0024839895207183836,-0.0016945860713375414,-0.0022594480951167216,,,,,-0.0006621230344961254,-0.0006610286162572888,-0.0011591951096685791,,,-0.0003162337359389054
278,2026-08-31,ASX,AU000000ASX7,22613601W,-0.000560115284083557,-0.0006115020073939752,-0.0007661346989188884,,-0.0007003893394670049,-0.0010693109968867907,,-0.0010280779250274028,-0.0029191409696033557,0.0029191409696033557,,-0.002836328459827374,,,,-0.0012497572276114369,0.001801451859620089,,-0.0007750432419295732,,0.0029844948719079086,,,,,,,,,-0.0006967287680063759,-0.0006419298761407058,-0.0008563646955795712,-0.001025441827783743,-0.0010552039916508172,-0.0008987018265969884,0.0021734908306285856,,0.002050883655567486,,-0.0016945860713375414,,-0.001075059980741021,-0.0012267555608455822,-0.0013743034805349132,-0.0023804899573551174,,-0.0006610286162572888,,-0.0008600479845928167,,-9.815593559330316e-05
279,2026-08-31,ATCO A,SE0017486889,01742001W,0.0016525715406432223,,-0.0007661346989188884,,-0.0007003893394670049,-0.0010693109968867907,,,0.000985030327181428,,,,-0.0013886191417904852,,0.0012230040147879504,,,,,0.002366404217962484,,-0.0010150312508519282,,,-0.0013198756199196693,-0.000880886151620396,,-0.0006115020073939752,,-0.0006967287680063759,-0.0006419298761407058,-0.0008563646955795712,-0.001025441827783743,,-0.0008987018265969884,-0.0007392279350012195,,-0.002072136335936061,,,,-0.001075059980741021,-0.0012267555608455822,-0.0013743034805349132,-0.0023804899573551174,-0.0006621230344961254,-0.0006610286162572888,,-0.0008600479845928167,,-0.00021165039514521163
280,2026-08-31,ATCO B,SE0017486897,01742002W,,,,,,,,,0.000985030327181428,,,,-0.0013886191417904852,,0.0012230040147879504,,,,,0.002366404217962484,,-0.0010150312508519282,,,-0.0013198756199196693,-0.000880886151620396,,-0.0006115020073939752,,-0.0006967287680063759,-0.0006419298761407058,-0.0008563646955795712,-0.001025441827783743,,-0.0008987018265969884,-0.0007392279350012195,,-0.002072136335936061,,,,,-0.0012267555608455822,-0.0013743034805349132,-0.0023804899573551174,-0.0006621230344961254,-0.0006610286162572888,,-0.0008600479845928167,,-0.00017596461376438716
281,2026-08-31,ATD,CA01626P1484,06465502C,-0.000560115284083557,0.001809603225500723,,,,,,,,,,,-0.0013886191417904852,,0.0012230040147879504,,0.001801451859620089,,,-0.0006032010751669077,,,,,,,,-0.0006115020073939752,,,,,,,,,,,,,,-0.001075059980741021,,,,,,,-0.0008600479845928167,,-2.767226333761783e-05
282,2026-08-31,ATO,US0495601058,00438301,,0.001809603225500723,,0.004650259451577439,,,,-0.0010280779250274028,-0.0029191409696033557,,,,,-0.002666148752237732,-0.003602903719240178,,,-0.002338726975647133,,-0.0006032010751669077,,,,0.008887162507459107,,,-0.0029844948719079086,,,-0.0006967287680063759,,-0.0008563646955795712,0.003006934682974885,-0.0010552039916508172,0.0035080904634706995,,,,,,-0.0022594480951167216,,,,-0.0023804899573551174,-0.0006621230344961254,-0.0006610286162572888,-0.0011591951096685791,-0.0008600479845928167,-0.001999611564178299,-0.000350473328222429
283,2026-08-31,ATRL,CA04764T1049,01435201C,-0.000560115284083557,-0.0006115020073939752,-0.0007661346989188884,,-0.0007003893394670049,,,,0.000985030327181428,0.0029191409696033557,,,0.0024839895207183836,,0.0012230040147879504,,,,,0.002366404217962484,,0.002962387502486369,,,0.002596898135296492,-0.000880886151620396,,-0.0006115020073939752,,0.002050883655567486,0.0018864260039417912,0.0016874359191378049,0.003006934682974885,,0.0035080904634706995,-0.0007392279350012195,,,,,,,0.0024091705592509624,,,-0.0006621230344961254,-0.0006610286162572888,,0.002531153878706707,,0.000576998068003519
284,2026-08-31,AV.,GB00BPQY8M80,01554502W,0.0016525715406432223,-0.0006115020073939752,-0.0007661346989188884,,-0.0007003893394670049,,,-0.0010280779250274028,0.000985030327181428,0.0029191409696033557,,,,,,-0.0012497572276114369,0.001801451859620089,,-0.0007750432419295732,,-0.0015322693978377768,,,,,,,,,-0.0006967287680063759,-0.0006419298761407058,0.0016874359191378049,-0.001025441827783743,0.004122910441604739,-0.0008987018265969884,-0.0007392279350012195,,-0.002072136335936061,,,,-0.001075059980741021,-0.0012267555608455822,-0.0013743034805349132,0.002366404217962484,-0.0006621230344961254,-0.0006610286162572888,,-0.0008600479845928167,0.001970060654362856,-0.00010491838965360887
285,2026-08-31,AVGO,US11135F1012,18071101,,-0.0006115020073939752,-0.0007661346989188884,-0.0023947443882374837,-0.0007003893394670049,0.00209383409861602,0.004544571736768861,-0.0010280779250274028,,,,,-0.0013886191417904852,,,,,,0.0022722858683844305,-0.0006032010751669077,,,,,0.002596898135296492,-0.000880886151620396,,-0.0006115020073939752,0.0061526509667024585,,,-0.0008563646955795712,,,,-0.0007392279350012195,,,,0.0016803458522506713,,,,,,,,,,,0.00016996837546875504
286,2026-08-31,AVOL,CH0023405456,27468901W,0.0016525715406432223,-0.0006115020073939752,0.0022594480951167216,,-0.0007003893394670049,,,-0.0010280779250274028,,,,,-0.0013886191417904852,0.002666148752237732,,0.0037728520078835824,,0.0023251297257887195,,0.002366404217962484,0.0029844948719079086,-0.0010150312508519282,,,,-0.000880886151620396,,-0.0006115020073939752,,0.002050883655567486,0.0018864260039417912,-0.0008563646955795712,,0.004122910441604739,,,0.005478387847063832,0.002050883655567486,,,0.002234202865003686,,,,,0.0019319918494476317,0.0019319918494476317,0.0022722858683844305,,0.001970060654362856,0.001003903343231285
287,2026-08-31,AWK,US0304201033,17943701,-0.000560115284083557,-0.0006115020073939752,,-0.0023947443882374837,-0.0007003893394670049,-0.0010693109968867907,-0.004760979914710235,,,,,0.002816354315744083,,-0.002666148752237732,-0.003602903719240178,,,,-0.0007750432419295732,-0.0006032010751669077,,-0.0010150312508519282,-0.00952195982942047,-0.009998057820891495,,,,,,-0.0006967287680063759,,,,-0.0010552039916508172,-0.0008987018265969884,,,,,,,-0.001075059980741021,-0.0012267555608455822,-0.0013743034805349132,-0.0023804899573551174,-0.0006621230344961254,-0.0006610286162572888,-0.0011591951096685791,-0.0008600479845928167,,-0.0005474509896312497
288,2026-08-31,AXON,US05464C1018,14391201,-0.000560115284083557,-0.0006115020073939752,-0.0007661346989188884,-0.0023947443882374837,-0.0007003893394670049,-0.0010693109968867907,,,0.000985030327181428,,,,-0.0013886191417904852,-0.002666148752237732,,,,-0.002338726975647133,,-0.0006032010751669077,,-0.0010150312508519282,,,-0.0013198756199196693,-0.000880886151620396,-0.0029844948719079086,-0.0006115020073939752,,-0.0006967287680063759,-0.0006419298761407058,,,,,-0.0007392279350012195,,-0.002072136335936061,-0.0024839895207183836,-0.0016945860713375414,-0.0022594480951167216,-0.001075059980741021,-0.0012267555608455822,-0.0013743034805349132,-0.0023804899573551174,-0.0006621230344961254,-0.0006610286162572888,-0.0011591951096685791,-0.0008600479845928167,,-0.00046903134956005214
289,2026-08-31,AXP,US0258161092,00144701,-0.000560115284083557,-0.0006115020073939752,-0.0007661346989188884,-0.0023947443882374837,-0.0007003893394670049,,,-0.0010280779250274028,-0.0029191409696033557,,,,0.0024839895207183836,,,-0.0012497572276114369,0.001801451859620089,,-0.0007750432419295732,,-0.0015322693978377768,,,,,,,,,-0.0006967287680063759,-0.0006419298761407058,,,-0.0010552039916508172,-0.0008987018265969884,,,,,,,,-0.0012267555608455822,-0.0013743034805349132,,,,,-0.0008600479845928167,,-0.0003159521582903175
290,2026-08-31,AYV,FR0013258662,21517902W,-0.000560115284083557,0.001809603225500723,-0.0007661346989188884,,0.002072136335936061,,,,0.000985030327181428,-0.002962387502486369,,,,,0.0012230040147879504,,,,,-0.0006032010751669077,,0.002962387502486369,,,,,,0.0023804899573551174,,0.002050883655567486,0.0018864260039417912,0.0016874359191378049,0.003006934682974885,,0.0035080904634706995,0.0021734908306285856,,0.002050883655567486,,0.0016803458522506713,0.002234202865003686,0.002115991073204549,0.0024091705592509624,0.0027021777894301337,0.002366404217962484,-0.0006621230344961254,0.0019319918494476317,-0.0011591951096685791,0.002531153878706707,0.001970060654362856,0.0006495398353570559
291,2026-08-31,AZN,GB0009895292,02827201W,-0.000560115284083557,-0.0006115020073939752,,,,,,,,,,,,,,,,,,-0.0006032010751669077,-0.0015322693978377768,-0.0010150312508519282,,,,,,-0.0006115020073939752,,,,,,-0.0010552039916508172,,-0.0007392279350012195,,,,0.0016803458522506713,,,,,,-0.0006621230344961254,,,-0.0008600479845928167,,-0.00026743020082018294
292,2026-08-31,AZO,US0533321024,02380901,-0.000560115284083557,,-0.0007661346989188884,,,,,,,,,,-0.0013886191417904852,-0.002666148752237732,,-0.0012497572276114369,,,-0.0007750432419295732,0.002366404217962484,,-0.0010150312508519282,,,-0.0013198756199196693,-0.000880886151620396,-0.0029844948719079086,-0.0006115020073939752,,-0.0006967287680063759,-0.0006419298761407058,-0.0008563646955795712,,-0.0010552039916508172,,-0.0007392279350012195,,,,,,,,,,-0.0006621230344961254,,,,,-0.0001469506606347227
293,2026-08-31,AZRG,IL0011194789,29478801W,0.0016525715406432223,,,,,,,,,,,,,,,,0.001801451859620089,-0.002338726975647133,,,,,,,,,,-0.0006115020073939752,,,,,-0.001025441827783743,-0.0010552039916508172,-0.0008987018265969884,,,,,,,,,,-0.0023804899573551174,-0.0006621230344961254,,,,,-0.00016648283082443748
294,2026-08-31,BA,US0970231058,00228501,-0.000560115284083557,-0.0006115020073939752,-0.0007661346989188884,-0.0023947443882374837,-0.0007003893394670049,,-0.004760979914710235,,0.000985030327181428,,,,0.0024839895207183836,0.002666148752237732,,,,,,-0.0006032010751669077,,-0.0010150312508519282,,,0.002596898135296492,-0.000880886151620396,0.00588121048287735,-0.0006115020073939752,0.0061526509667024585,0.002050883655567486,0.0018864260039417912,0.0016874359191378049,0.003006934682974885,,0.0035080904634706995,0.0021734908306285856,,0.002050883655567486,,0.0016803458522506713,0.002234202865003686,0.002115991073204549,-0.0012267555608455822,-0.0013743034805349132,,-0.0006621230344961254,-0.0006610286162572888,-0.0011591951096685791,-0.0008600479845928167,0.001970060654362856,0.00029859456997068334
295,2026-08-31,BA.,GB0002634946,06347701W,-0.000560115284083557,-0.0006115020073939752,-0.0007661346989188884,,-0.0007003893394670049,,,,0.000985030327181428,,,,-0.0013886191417904852,,0.0012230040147879504,,,,,-0.0006032010751669077,,,,,,-0.000880886151620396,,0.0023804899573551174,,-0.0006967287680063759,-0.0006419298761407058,,-0.001025441827783743,,-0.0008987018265969884,0.0021734908306285856,,0.002050883655567486,,0.0016803458522506713,,,-0.0012267555608455822,-0.0013743034805349132,,0.0019319918494476317,0.0019319918494476317,0.0022722858683844305,-0.0008600479845928167,,0.00015248579273643295
296,2026-08-31,BAC,US0605051046,00764701,0.0016525715406432223,,,0.004650259451577439,,,,0.0030297144911792407,0.000985030327181428,,,-0.002836328459827374,,,,-0.0012497572276114369,0.001801451859620089,,,,,,,,,,,,,,,,-0.001025441827783743,,-0.0008987018265969884,,,,,0.0016803458522506713,,,,,,,,,,,3.696268147195658e-05
297,2026-08-31,BAER,CH0102484968,29285401W,0.0016525715406432223,0.001809603225500723,0.0022594480951167216,,0.002072136335936061,0.00209383409861602,,-0.0010280779250274028,,-0.002962387502486369,,,,,,0.0037728520078835824,0.001801451859620089,,0.0022722858683844305,,0.0029844948719079086,,,,,,,,,,,,-0.001025441827783743,-0.0010552039916508172,-0.0008987018265969884,0.0021734908306285856,,0.002050883655567486,,,,0.002115991073204549,,,,0.0019319918494476317,0.0019319918494476317,,,,0.0005647798657203016
298,2026-08-31,BALL,US0584981064,00198801,-0.000560115284083557,-0.0006115020073939752,,,,,,0.0030297144911792407,,-0.002962387502486369,,,-0.0013886191417904852,,,-0.0012497572276114369,,,,-0.0006032010751669077,,-0.0010150312508519282,,,,-0.000880886151620396,,0.0023804899573551174,,,,0.0016874359191378049,,,,,,0.002050883655567486,,,,,,,,-0.0006621230344961254,-0.0006610286162572888,,,,9.41189884561721e-06
299,2026-08-31,BAM,CA1130041058,04181701,-0.000560115284083557,-0.0006115020073939752,-0.0007661346989188884,-0.0023947443882374837,-0.0007003893394670049,-0.0010693109968867907,,-0.0010280779250274028,,,0.004165857425371455,,,,,-0.0012497572276114369,,,-0.0007750432419295732,,0.0029844948719079086,,,,,,,,,-0.0006967287680063759,-0.0006419298761407058,-0.0008563646955795712,,-0.0010552039916508172,-0.0008987018265969884,,,,-0.0024839895207183836,-0.0016945860713375414,,-0.001075059980741021,-0.0012267555608455822,-0.0013743034805349132,-0.0023804899573551174,-0.0006621230344961254,-0.0006610286162572888,,0.002531153878706707,-0.001999611564178299,0.00013388358980482302
300,2026-08-31,BAMI,IT0005218380,22508101W,,-0.0006115020073939752,0.0022594480951167216,,,-0.0010693109968867907,,-0.0010280779250274028,0.000985030327181428,,-0.004165857425371455,,,,,0.0037728520078835824,0.001801451859620089,,,,,,,,,,,,,,-0.0006419298761407058,-0.0008563646955795712,-0.001025441827783743,,-0.0008987018265969884,,,,,,,,0.0024091705592509624,0.0027021777894301337,,,,,-0.0008600479845928167,,-8.953584181627006e-05
301,2026-08-31,BARC,GB0031348658,01267301W,,-0.0006115020073939752,,,-0.0007003893394670049,0.00209383409861602,,-0.0010280779250274028,0.000985030327181428,-0.002962387502486369,,0.002816354315744083,,,,0.0037728520078835824,0.001801451859620089,,-0.0007750432419295732,,0.0029844948719079086,,,,,,,,,,,,-0.001025441827783743,,-0.0008987018265969884,,,,,0.0016803458522506713,0.002234202865003686,0.002115991073204549,0.0024091705592509624,0.0027021777894301337,,,,,0.002531153878706707,0.001970060654362856,0.0006275451600173455
302,2026-08-31,BARN,CH0009002962,22415901W,-0.000560115284083557,-0.0006115020073939752,,,,,,,,,,,0.0024839895207183836,,0.0012230040147879504,,,,,-0.0006032010751669077,0.0029844948719079086,,,,,,,,,0.002050883655567486,0.0018864260039417912,0.0016874359191378049,,,,0.0021734908306285856,0.005478387847063832,0.002050883655567486,,,0.002234202865003686,,-0.0012267555608455822,-0.0013743034805349132,0.002366404217962484,0.0019319918494476317,0.0019319918494476317,0.0022722858683844305,,0.001970060654362856,0.000797801811788655
303,2026-08-31,BAS,DE000BASF111,01743601W,-0.000560115284083557,-0.0006115020073939752,-0.0007661346989188884,,-0.0007003893394670049,-0.0010693109968867907,,,,,,-0.002836328459827374,0.0024839895207183836,,,0.0037728520078835824,,,-0.0007750432419295732,-0.0006032010751669077,-0.0015322693978377768,-0.0010150312508519282,,,,,,,,-0.0006967287680063759,-0.0006419298761407058,-0.0008563646955795712,,,,0.0021734908306285856,,-0.002072136335936061,,0.0016803458522506713,,,,,,,-0.0006610286162572888,-0.0011591951096685791,,,-0.0003987406851245649
304,2026-08-31,BATS,GB0002875804,00193201W,-0.000560115284083557,-0.0006115020073939752,,,,,,,,,,-0.002836328459827374,,-0.002666148752237732,0.0012230040147879504,,-0.005332297504475464,-0.002338726975647133,0.0022722858683844305,-0.0006032010751669077,-0.0015322693978377768,,,,0.002596898135296492,,,-0.0006115020073939752,,0.002050883655567486,0.0018864260039417912,-0.0008563646955795712,,,,-0.0007392279350012195,-0.005554476567161941,-0.002072136335936061,,0.0016803458522506713,,0.002115991073204549,0.0024091705592509624,,-0.0023804899573551174,-0.0006621230344961254,-0.0006610286162572888,-0.0011591951096685791,-0.0008600479845928167,,-0.0007977470744328692
305,2026-08-31,BAYN,DE000BAY0017,10008001W,0.0016525715406432223,0.001809603225500723,,,,-0.0010693109968867907,,,,,,,,,,,,,,-0.0006032010751669077,,0.002962387502486369,,,,,,-0.0006115020073939752,,,0.0018864260039417912,-0.0008563646955795712,,-0.0010552039916508172,,-0.0007392279350012195,,-0.002072136335936061,,0.0016803458522506713,0.002234202865003686,-0.001075059980741021,-0.0012267555608455822,-0.0013743034805349132,0.002366404217962484,,0.0019319918494476317,,-0.0008600479845928167,0.001970060654362856,-8.525150234012361e-05
306,2026-08-31,BBD.B,CA0977518616,01407801C,,0.001809603225500723,0.0022594480951167216,,0.002072136335936061,,,,0.000985030327181428,,,,,-0.002666148752237732,0.0012230040147879504,,,0.0023251297257887195,,0.002366404217962484,,,,,0.002596898135296492,-0.000880886151620396,,0.0023804899573551174,,0.002050883655567486,0.0018864260039417912,,-0.001025441827783743,,-0.0008987018265969884,0.0021734908306285856,,0.002050883655567486,,,,,,,,0.0019319918494476317,0.0019319918494476317,0.0022722858683844305,-0.0008600479845928167,,0.0005259340325828834
307,2026-08-31,BBVA,ES0113211835,01518103W,-0.000560115284083557,,-0.0007661346989188884,,,,,-0.0010280779250274028,0.000985030327181428,,,,0.0024839895207183836,,,0.0037728520078835824,0.001801451859620089,,-0.0007750432419295732,,0.0029844948719079086,,,,,,,,,,-0.0006419298761407058,-0.0008563646955795712,-0.001025441827783743,,-0.0008987018265969884,,,,,0.0016803458522506713,,,,,,,,,-0.0008600479845928167,,0.00022059794551448206
308,2026-08-31,BBY,US0865161014,00218401,,-0.0006115020073939752,-0.0007661346989188884,,,,,,,,-0.004165857425371455,,-0.0013886191417904852,0.002666148752237732,,-0.0012497572276114369,,0.0023251297257887195,,0.002366404217962484,,-0.0010150312508519282,-0.00952195982942047,-0.009998057820891495,,-0.000880886151620396,,0.0023804899573551174,,0.002050883655567486,-0.0006419298761407058,,-0.001025441827783743,-0.0010552039916508172,,,-0.005554476567161941,0.002050883655567486,,,,,,,,0.0019319918494476317,,,,0.001970060654362856,-0.00018869833494770176
309,2026-08-31,BCE,CA05534B7604,00213701C,-0.000560115284083557,-0.0006115020073939752,,,,-0.0010693109968867907,,0.0030297144911792407,,-0.002962387502486369,,,,,,,,,,,,,,-0.009998057820891495,,-0.000880886151620396,,,,,0.0018864260039417912,-0.0008563646955795712,,,,,,,,,,,,,,-0.0006621230344961254,-0.0006610286162572888,-0.0011591951096685791,,,-0.00014122668538400115
310,2026-08-31,BCP,PTBCP0AM0015,02384802W,0.0016525715406432223,-0.0006115020073939752,-0.0007661346989188884,,-0.0007003893394670049,,,0.0030297144911792407,0.000985030327181428,,-0.004165857425371455,,0.0024839895207183836,,,0.0037728520078835824,,,-0.0007750432419295732,,0.0029844948719079086,,,,,,,,,,-0.0006419298761407058,,0.003006934682974885,,0.0035080904634706995,,,,,,,,,,,,,,-0.0008600479845928167,,0.00026883889224207626
311,2026-08-31,BCVN,CH0531751755,01553102W,,,,,,,,,0.000985030327181428,,,,,,,0.0037728520078835824,0.001801451859620089,,-0.0007750432419295732,,,,,,,,,,,,-0.0006419298761407058,-0.0008563646955795712,-0.001025441827783743,,-0.0008987018265969884,,,,,,,,-0.0012267555608455822,-0.0013743034805349132,-0.0023804899573551174,,,,-0.0008600479845928167,,-4.9330049223825506e-05
312,2026-08-31,BDX,US0758871091,00211101,-0.000560115284083557,-0.0006115020073939752,,,,-0.0010693109968867907,-0.004760979914710235,,0.000985030327181428,,,,,,0.0012230040147879504,,,-0.002338726975647133,-0.0007750432419295732,-0.0006032010751669077,0.0029844948719079086,-0.0010150312508519282,,,,,,-0.0006115020073939752,,-0.0006967287680063759,-0.0006419298761407058,,,-0.0010552039916508172,,,0.005478387847063832,,-0.0024839895207183836,,,-0.001075059980741021,-0.0012267555608455822,,,,-0.0006610286162572888,,-0.0008600479845928167,,-8.675379092712258e-06
313,2026-08-31,BE,US0937121079,03366801,0.0016525715406432223,0.001809603225500723,,0.004650259451577439,0.002072136335936061,,,,0.000985030327181428,-0.002962387502486369,,,0.0024839895207183836,,0.0012230040147879504,,,,,-0.0006032010751669077,,0.002962387502486369,,,0.002596898135296492,0.003447606145134998,0.00588121048287735,0.0023804899573551174,0.0061526509667024585,-0.0006967287680063759,-0.0006419298761407058,,-0.001025441827783743,,-0.0008987018265969884,,,,0.004818341118501925,-0.0016945860713375414,-0.0022594480951167216,,-0.0012267555608455822,-0.0013743034805349132,-0.0023804899573551174,-0.0006621230344961254,-0.0006610286162572888,-0.0011591951096685791,-0.0008600479845928167,,-5.1125796182864615e-05
314,2026-08-31,BEAN,CH1101098163,21177301W,,0.001809603225500723,-0.0007661346989188884,,,-0.0010693109968867907,,,-0.0029191409696033557,0.0029191409696033557,,,-0.0013886191417904852,,,,,,,0.002366404217962484,,-0.0010150312508519282,,,0.002596898135296492,0.003447606145134998,,-0.0006115020073939752,,-0.0006967287680063759,-0.0006419298761407058,,-0.001025441827783743,,-0.0008987018265969884,-0.0007392279350012195,,,,-0.0016945860713375414,-0.0022594480951167216,-0.001075059980741021,-0.0012267555608455822,-0.0013743034805349132,-0.0023804899573551174,-0.0006621230344961254,-0.0006610286162572888,-0.0011591951096685791,-0.0008600479845928167,-0.001999611564178299,-0.0001799921427052669
315,2026-08-31,BEI,DE0005200000,10008301W,-0.000560115284083557,,,,,-0.0010693109968867907,,,,,,-0.002836328459827374,,-0.002666148752237732,,,0.001801451859620089,,-0.0007750432419295732,-0.0006032010751669077,-0.0015322693978377768,,,,,,,-0.0006115020073939752,,-0.0006967287680063759,-0.0006419298761407058,-0.0008563646955795712,,,,-0.0007392279350012195,-0.005554476567161941,-0.002072136335936061,,,,-0.001075059980741021,,,,-0.0006621230344961254,-0.0006610286162572888,-0.0011591951096685791,-0.0008600479845928167,-0.001999611564178299,-0.0008180641467056781
316,2026-08-31,BEIJ B,SE0015949748,10321902W,-0.000560115284083557,-0.0006115020073939752,-0.0007661346989188884,,-0.0007003893394670049,-0.0010693109968867907,,,0.000985030327181428,,,,-0.0013886191417904852,,0.0012230040147879504,,,,,-0.0006032010751669077,,-0.0010150312508519282,,,-0.0013198756199196693,-0.000880886151620396,,-0.0006115020073939752,,-0.0006967287680063759,-0.0006419298761407058,-0.0008563646955795712,,,-0.0008987018265969884,-0.0007392279350012195,,,,-0.0016945860713375414,,-0.001075059980741021,,,,-0.0006621230344961254,0.0019319918494476317,0.0022722858683844305,-0.0008600479845928167,,-6.531397363258759e-05
317,2026-08-31,BEPC,CA11285B1085,03679001,-0.000560115284083557,-0.0006115020073939752,,-0.0023947443882374837,-0.0007003893394670049,,,,0.000985030327181428,,,,,-0.002666148752237732,0.0012230040147879504,,,-0.002338726975647133,,-0.0006032010751669077,,-0.0010150312508519282,-0.00952195982942047,-0.009998057820891495,,,,,,-0.0006967287680063759,,-0.0008563646955795712,,-0.0010552039916508172,,,,,,,0.002234202865003686,,-0.0012267555608455822,,,-0.0006621230344961254,-0.0006610286162572888,,-0.0008600479845928167,,-0.0003491288808855829
318,2026-08-31,BESI,NL0012866412,06181401W,,0.001809603225500723,-0.0007661346989188884,,,0.00209383409861602,,-0.0010280779250274028,,,,-0.002836328459827374,-0.0013886191417904852,,,,,,-0.0007750432419295732,-0.0006032010751669077,,,,,-0.0013198756199196693,,,-0.0006115020073939752,,-0.0006967287680063759,-0.0006419298761407058,-0.0008563646955795712,,,,-0.0007392279350012195,,-0.002072136335936061,,-0.0016945860713375414,,,,,,,,,,,-0.00037868569572667606
319,2026-08-31,BG,AT0000BAWAG2,32571101W,,-0.0006115020073939752,-0.0007661346989188884,,-0.0007003893394670049,0.00209383409861602,,,0.000985030327181428,-0.002962387502486369,,,,,,0.0037728520078835824,0.001801451859620089,,-0.0007750432419295732,,,,,,,,,,,,-0.0006419298761407058,,,,-0.0008987018265969884,,,,,,,0.002115991073204549,,,-0.0023804899573551174,,,,-0.0008600479845928167,,-2.230195908567888e-05
320,2026-08-31,BG,CH1300646267,14443501,0.0016525715406432223,0.001809603225500723,,,,,,,,,,,-0.0013886191417904852,,0.0012230040147879504,,,0.0023251297257887195,-0.0007750432419295732,-0.0006032010751669077,-0.0015322693978377768,,,,-0.0013198756199196693,,,-0.0006115020073939752,,-0.0006967287680063759,-0.0006419298761407058,0.0016874359191378049,,,,-0.0007392279350012195,0.005478387847063832,-0.002072136335936061,-0.0024839895207183836,,0.002234202865003686,,,0.0027021777894301337,0.002366404217962484,-0.0006621230344961254,-0.0006610286162572888,-0.0011591951096685791,0.002531153878706707,,0.00015468455509605545
321,2026-08-31,BHP,AU000000BHP4,01331201W,-0.000560115284083557,-0.0006115020073939752,-0.0007661346989188884,,-0.0007003893394670049,-0.0010693109968867907,,-0.0010280779250274028,,,,,-0.0013886191417904852,,,0.0037728520078835824,,,-0.0007750432419295732,-0.0006032010751669077,-0.0015322693978377768,-0.0010150312508519282,,,-0.0013198756199196693,-0.000880886151620396,,-0.0006115020073939752,,-0.0006967287680063759,-0.0006419298761407058,-0.0008563646955795712,,,,-0.0007392279350012195,,,,0.0016803458522506713,,,,,,,-0.0006610286162572888,,,,-0.00027379782680585153
322,2026-08-31,BIIB,US09062X1037,02446801,,-0.0006115020073939752,,,,-0.0010693109968867907,-0.004760979914710235,,0.000985030327181428,,,,,,0.0012230040147879504,,,-0.002338726975647133,-0.0007750432419295732,-0.0006032010751669077,-0.0015322693978377768,-0.0010150312508519282,,,-0.0013198756199196693,,,-0.0006115020073939752,,-0.0006967287680063759,-0.0006419298761407058,-0.0008563646955795712,,-0.0010552039916508172,,0.0021734908306285856,0.005478387847063832,0.002050883655567486,-0.0024839895207183836,,,-0.001075059980741021,-0.0012267555608455822,0.0027021777894301337,,0.0019319918494476317,0.0019319918494476317,0.0022722858683844305,0.002531153878706707,,0.00015455824637619064
323,2026-08-31,BIM,FR0013280286,27057801W,-0.000560115284083557,-0.0006115020073939752,,,,-0.0010693109968867907,,,-0.0029191409696033557,,,,,,-0.003602903719240178,,,,-0.0007750432419295732,-0.0006032010751669077,,,,,-0.0013198756199196693,,,-0.0006115020073939752,,,-0.0006419298761407058,-0.0008563646955795712,,-0.0010552039916508172,,0.0021734908306285856,0.005478387847063832,0.002050883655567486,,-0.0016945860713375414,,-0.001075059980741021,,,,0.0019319918494476317,,,0.002531153878706707,-0.001999611564178299,0.0001591285740276308
324,2026-08-31,BIRG,IE00BD1RP616,06359001W,,0.001809603225500723,0.0022594480951167216,,0.002072136335936061,,,,0.000985030327181428,,-0.004165857425371455,,,,,0.0037728520078835824,0.001801451859620089,,,,,,,,,,,,,,-0.0006419298761407058,-0.0008563646955795712,-0.001025441827783743,,-0.0008987018265969884,,,,,,,,,,,,,,,,-5.665629781693403e-05
325,2026-08-31,BK,US0640581007,00201901,0.0016525715406432223,,,,,,,0.0030297144911792407,,,,,-0.0013886191417904852,,,-0.0012497572276114369,0.001801451859620089,,,,0.0029844948719079086,,,,,,-0.0029844948719079086,,,,,,,-0.0010552039916508172,-0.0008987018265969884,-0.0007392279350012195,,,0.004818341118501925,,,,-0.0012267555608455822,-0.0013743034805349132,,-0.0006621230344961254,-0.0006610286162572888,,-0.0008600479845928167,,0.00016672619147923046
326,2026-08-31,BKNG,US09857L1089,11931401,-0.000560115284083557,-0.0006115020073939752,-0.0007661346989188884,-0.0023947443882374837,-0.0007003893394670049,,0.004544571736768861,-0.0010280779250274028,,,,,,-0.002666148752237732,,0.0037728520078835824,,0.0023251297257887195,-0.0007750432419295732,0.002366404217962484,,,,,0.002596898135296492,0.003447606145134998,,-0.0006115020073939752,0.0061526509667024585,,,,,-0.0010552039916508172,,-0.0007392279350012195,,,,,,,,,,-0.0006621230344961254,,,,,0.0002826411520237151
327,2026-08-31,BKR,US05722G1004,03210601,,,,,-0.0007003893394670049,-0.0010693109968867907,-0.004760979914710235,,0.000985030327181428,,,-0.002836328459827374,0.0024839895207183836,,0.0012230040147879504,,0.001801451859620089,,-0.0007750432419295732,,,-0.0010150312508519282,,,,,,-0.0006115020073939752,,,,,,,,,,,,,,-0.001075059980741021,,,,-0.0006621230344961254,-0.0006610286162572888,,-0.0008600479845928167,,-0.00034537380029584755
328,2026-08-31,BKT,ES0113679I37,01584601W,,,-0.0007661346989188884,,,,,-0.0010280779250274028,0.000985030327181428,,-0.004165857425371455,,,,,0.0037728520078835824,0.001801451859620089,,-0.0007750432419295732,,0.0029844948719079086,,,,,,,,,,-0.0006419298761407058,-0.0008563646955795712,-0.001025441827783743,,-0.0008987018265969884,,,,,,,,,,,,,,-0.0008600479845928167,0.001970060654362856,4.96543622857617e-06
329,2026-08-31,BKW,CH0130293662,10289002W,-0.000560115284083557,-0.0006115020073939752,,,-0.0007003893394670049,-0.0010693109968867907,,-0.0010280779250274028,0.000985030327181428,0.0029191409696033557,,-0.002836328459827374,,,0.0012230040147879504,,,,-0.0007750432419295732,-0.0006032010751669077,,-0.0010150312508519282,,,,,,,,-0.0006967287680063759,,-0.0008563646955795712,,-0.0010552039916508172,-0.0008987018265969884,,,,,-0.0016945860713375414,,-0.001075059980741021,,,,0.0019319918494476317,0.0019319918494476317,0.0022722858683844305,0.002531153878706707,-0.001999611564178299,5.804491492717733e-05
330,2026-08-31,BLK,US09290D1019,12443401,,0.001809603225500723,,,,,,,,,,,-0.0013886191417904852,,,-0.0012497572276114369,0.001801451859620089,,-0.0007750432419295732,,-0.0015322693978377768,,,,,,-0.0029844948719079086,,,-0.0006967287680063759,-0.0006419298761407058,,-0.001025441827783743,-0.0010552039916508172,-0.0008987018265969884,-0.0007392279350012195,,,0.004818341118501925,,,-0.001075059980741021,-0.0012267555608455822,-0.0013743034805349132,-0.0023804899573551174,-0.0006621230344961254,-0.0006610286162572888,,-0.0008600479845928167,-0.001999611564178299,-0.00030904123904940253
331,2026-08-31,BMED,IT0004776628,21295501W,,0.001809603225500723,,,0.002072136335936061,-0.0010693109968867907,,,0.000985030327181428,0.0029191409696033557,,,,,,-0.0012497572276114369,0.001801451859620089,,0.0022722858683844305,,0.0029844948719079086,,,,,,,,,-0.0006967287680063759,-0.0006419298761407058,-0.0008563646955795712,0.003006934682974885,-0.0010552039916508172,0.0035080904634706995,-0.0007392279350012195,,-0.002072136335936061,,,,-0.001075059980741021,,,-0.0023804899573551174,-0.0006621230344961254,-0.0006610286162572888,,-0.0008600479845928167,0.001970060654362856,0.00031136007190697625
332,2026-08-31,BMO,CA0636711016,01558001C,-0.000560115284083557,,-0.0007661346989188884,,-0.0007003893394670049,,,,0.000985030327181428,0.0029191409696033557,,-0.002836328459827374,,,,-0.0012497572276114369,0.001801451859620089,,,,,,,,,,,,,,-0.0006419298761407058,-0.0008563646955795712,-0.001025441827783743,,-0.0008987018265969884,,,,,0.0016803458522506713,,,-0.0012267555608455822,-0.0013743034805349132,,,,,-0.0008600479845928167,,-0.00011628150836230326
333,2026-08-31,BMPS,IT0005508921,02458401W,-0.000560115284083557,-0.0006115020073939752,0.0022594480951167216,,-0.0007003893394670049,,,,0.000985030327181428,-0.002962387502486369,,,,,,0.0037728520078835824,,,0.0022722858683844305,,0.0029844948719079086,,,,,,,,,,-0.0006419298761407058,-0.0008563646955795712,0.003006934682974885,,0.0035080904634706995,,,,,,,,0.0024091705592509624,0.0027021777894301337,,,,,-0.0008600479845928167,,0.0004427205302143873
334,2026-08-31,BMW,DE0005190003,10002201W,-0.000560115284083557,-0.0006115020073939752,0.0022594480951167216,,-0.0007003893394670049,,,-0.0010280779250274028,,,,,-0.0013886191417904852,-0.002666148752237732,,-0.0012497572276114369,,,,-0.0006032010751669077,-0.0015322693978377768,-0.0010150312508519282,,,,,,-0.0006115020073939752,,0.002050883655567486,,-0.0008563646955795712,-0.001025441827783743,-0.0010552039916508172,,-0.0007392279350012195,-0.005554476567161941,-0.002072136335936061,,0.0016803458522506713,0.002234202865003686,,,,,-0.0006621230344961254,-0.0006610286162572888,-0.0011591951096685791,,,-0.0006042196706211149
335,2026-08-31,BMY,US1101221083,00240301,0.0016525715406432223,0.001809603225500723,,,,-0.0010693109968867907,-0.004760979914710235,,0.000985030327181428,,,,,,0.0012230040147879504,,,,0.0022722858683844305,-0.0006032010751669077,,-0.0010150312508519282,,,,,,-0.0006115020073939752,,-0.0006967287680063759,,-0.0008563646955795712,,-0.0010552039916508172,,-0.0007392279350012195,,-0.002072136335936061,,0.0016803458522506713,,-0.001075059980741021,0.0024091705592509624,0.0027021777894301337,,0.0019319918494476317,,,-0.0008600479845928167,0.001970060654362856,-8.946816590321138e-05
336,2026-08-31,BN,CA11271J1075,00236901C,,,,,,,,,-0.0029191409696033557,-0.002962387502486369,,,-0.0013886191417904852,,,-0.0012497572276114369,-0.005332297504475464,,-0.0007750432419295732,,0.0029844948719079086,,,,,,,,,-0.0006967287680063759,-0.0006419298761407058,-0.0008563646955795712,-0.001025441827783743,-0.0010552039916508172,-0.0008987018265969884,,,,,,,,-0.0012267555608455822,-0.0013743034805349132,0.002366404217962484,-0.0006621230344961254,-0.0006610286162572888,,-0.0008600479845928167,,-0.0002665087227484696
337,2026-08-31,BN,FR0000120644,01745202W,,-0.0006115020073939752,,,,-0.0010693109968867907,,,,,,,-0.0013886191417904852,,,,0.001801451859620089,,-0.0007750432419295732,-0.0006032010751669077,-0.0015322693978377768,,,,,,,-0.0006115020073939752,,-0.0006967287680063759,-0.0006419298761407058,-0.0008563646955795712,,,,-0.0007392279350012195,,,,,,,,,,-0.0006621230344961254,-0.0006610286162572888,,-0.0008600479845928167,,-0.0003081651237837258
338,2026-08-31,BN4,SG1U68934629,10007601W,-0.000560115284083557,-0.0006115020073939752,-0.0007661346989188884,,-0.0007003893394670049,,,,0.000985030327181428,-0.002962387502486369,,,0.0024839895207183836,-0.002666148752237732,-0.003602903719240178,,,-0.002338726975647133,,-0.0006032010751669077,,-0.0010150312508519282,,,,,,,,0.002050883655567486,0.0018864260039417912,-0.0008563646955795712,-0.001025441827783743,,-0.0008987018265969884,0.0021734908306285856,,0.002050883655567486,,,,0.002115991073204549,,,,-0.0006621230344961254,-0.0006610286162572888,-0.0011591951096685791,,,-0.00011250724203097767
339,2026-08-31,BNP,FR0000131104,01553204W,-0.000560115284083557,-0.0006115020073939752,,,-0.0007003893394670049,,,-0.0010280779250274028,0.000985030327181428,,,,,,,0.0037728520078835824,0.001801451859620089,,-0.0007750432419295732,,,,,,,,,,,,-0.0006419298761407058,,0.003006934682974885,,0.0035080904634706995,,,,,0.0016803458522506713,0.002234202865003686,0.002115991073204549,0.0024091705592509624,0.0027021777894301337,,,,,0.002531153878706707,0.001970060654362856,0.0004930249097659222
340,2026-08-31,BNR,DE000A1DAHH0,26983501W,-0.000560115284083557,0.001809603225500723,-0.0007661346989188884,,0.002072136335936061,,,,0.000985030327181428,,,,,0.002666148752237732,0.0012230040147879504,,,0.0023251297257887195,,-0.0006032010751669077,,-0.0010150312508519282,,,-0.0013198756199196693,-0.000880886151620396,,-0.0006115020073939752,,-0.0006967287680063759,-0.0006419298761407058,-0.0008563646955795712,-0.001025441827783743,,-0.0008987018265969884,,,,,,,-0.001075059980741021,-0.0012267555608455822,-0.0013743034805349132,0.002366404217962484,0.0019319918494476317,0.0019319918494476317,0.0022722858683844305,0.002531153878706707,,0.00031208637293079664
341,2026-08-31,BNS,CA0641491075,01558201C,-0.000560115284083557,-0.0006115020073939752,-0.0007661346989188884,,-0.0007003893394670049,,,-0.0010280779250274028,0.000985030327181428,,0.004165857425371455,-0.002836328459827374,,,,-0.0012497572276114369,0.001801451859620089,,0.0022722858683844305,,,,,,,,,,,,-0.0006419298761407058,-0.0008563646955795712,-0.001025441827783743,,-0.0008987018265969884,,,,,0.0016803458522506713,,,-0.0012267555608455822,,,,,,,,6.050202597649619e-05
342,2026-08-31,BNZL,GB00B0744B38,10009501W,-0.000560115284083557,-0.0006115020073939752,0.0022594480951167216,,-0.0007003893394670049,-0.0010693109968867907,,,0.000985030327181428,,,,0.0024839895207183836,0.002666148752237732,0.0012230040147879504,,,0.0023251297257887195,,-0.0006032010751669077,,-0.0010150312508519282,,,-0.0013198756199196693,-0.000880886151620396,,-0.0006115020073939752,,-0.0006967287680063759,-0.0006419298761407058,,-0.001025441827783743,,-0.0008987018265969884,-0.0007392279350012195,,,,,,-0.001075059980741021,,,0.002366404217962484,0.0019319918494476317,0.0019319918494476317,0.0022722858683844305,0.002531153878706707,,0.0003095955749140401
343,2026-08-31,BOL,SE0020050417,06489402W,,,0.0022594480951167216,,0.002072136335936061,,,-0.0010280779250274028,,,,0.002816354315744083,-0.0013886191417904852,,,-0.0012497572276114369,,,,0.002366404217962484,-0.0015322693978377768,0.002962387502486369,,,,-0.000880886151620396,,-0.0006115020073939752,,0.002050883655567486,0.0018864260039417912,0.0016874359191378049,,,,-0.0007392279350012195,,,,,,0.002115991073204549,0.0024091705592509624,,,0.0019319918494476317,,,,,0.0003001754276720481
344,2026-08-31,BP.,GB0007980591,00241001W,-0.000560115284083557,,-0.0007661346989188884,,-0.0007003893394670049,-0.0010693109968867907,,0.0030297144911792407,0.000985030327181428,,,,-0.0013886191417904852,0.002666148752237732,0.0012230040147879504,,,0.0023251297257887195,,,,0.002962387502486369,,,,,,-0.0006115020073939752,,,,,,,,,,,,,0.002234202865003686,-0.001075059980741021,,,0.002366404217962484,,0.0019319918494476317,0.0022722858683844305,-0.0008600479845928167,0.001970060654362856,0.00035513435811378944
345,2026-08-31,BPE,IT0000066123,20064701W,,-0.0006115020073939752,0.0022594480951167216,,,-0.0010693109968867907,,,,,,,,,,0.0037728520078835824,0.001801451859620089,,0.0022722858683844305,,0.0029844948719079086,,,,,,,,,,-0.0006419298761407058,-0.0008563646955795712,0.003006934682974885,,0.0035080904634706995,,,,,,,,,,,,,,0.002531153878706707,,0.0006286533549590793
346,2026-08-31,BR,US11133T1034,17692801,-0.000560115284083557,-0.0006115020073939752,-0.0007661346989188884,-0.0023947443882374837,-0.0007003893394670049,,,,0.000985030327181428,,,,,,0.0012230040147879504,,,,,-0.0006032010751669077,,-0.0010150312508519282,,,0.002596898135296492,-0.000880886151620396,,-0.0006115020073939752,,0.002050883655567486,0.0018864260039417912,,-0.001025441827783743,,-0.0008987018265969884,,,,,,,,0.0024091705592509624,0.0027021777894301337,,,0.0019319918494476317,,,,0.0001288237653229723
347,2026-08-31,BRKB,US0846707026,00217602,-0.000560115284083557,-0.0006115020073939752,,,-0.0007003893394670049,,,-0.0010280779250274028,-0.0029191409696033557,,-0.004165857425371455,,-0.0013886191417904852,,,-0.0012497572276114369,-0.005332297504475464,,-0.0007750432419295732,,,,,,,,,,,-0.0006967287680063759,-0.0006419298761407058,-0.0008563646955795712,,0.004122910441604739,,,,,,0.0016803458522506713,,,,,,-0.0006621230344961254,-0.0006610286162572888,,,-0.001999611564178299,-0.00041669544913727026
348,2026-08-31,BRO,US1152361010,01541701,-0.000560115284083557,-0.0006115020073939752,-0.0007661346989188884,-0.0023947443882374837,-0.0007003893394670049,-0.0010693109968867907,-0.004760979914710235,-0.0010280779250274028,,-0.002962387502486369,0.004165857425371455,,,,,-0.0012497572276114369,,,-0.0007750432419295732,,-0.0015322693978377768,,,,,,,,,-0.0006967287680063759,-0.0006419298761407058,,,-0.0010552039916508172,0.0035080904634706995,-0.0007392279350012195,,,-0.0024839895207183836,-0.0016945860713375414,,-0.001075059980741021,-0.0012267555608455822,,,-0.0006621230344961254,,,-0.0008600479845928167,-0.001999611564178299,-0.0002915391725065173
349,2026-08-31,BS6,SG1U76934819,28437501W,-0.000560115284083557,-0.0006115020073939752,0.0022594480951167216,,-0.0007003893394670049,0.00209383409861602,,,,0.0029191409696033557,,,-0.0013886191417904852,-0.002666148752237732,,,,,,0.002366404217962484,,0.002962387502486369,,,0.002596898135296492,0.003447606145134998,,-0.0006115020073939752,,0.002050883655567486,0.0018864260039417912,,0.003006934682974885,,0.0035080904634706995,-0.0007392279350012195,,-0.002072136335936061,,,,0.002115991073204549,0.0024091705592509624,0.0027021777894301337,,,-0.0006610286162572888,-0.0011591951096685791,0.002531153878706707,-0.001999611564178299,0.0005255557300860105
350,2026-08-31,BSX,US1011371077,02527901,-0.000560115284083557,-0.0006115020073939752,,,,0.00209383409861602,0.004544571736768861,,0.000985030327181428,,,,,,0.0012230040147879504,,,,0.0022722858683844305,-0.0006032010751669077,,-0.0010150312508519282,,,0.002596898135296492,,,-0.0006115020073939752,,0.002050883655567486,0.0018864260039417912,,,0.004122910441604739,,,0.005478387847063832,,0.004818341118501925,,,0.002115991073204549,0.0024091705592509624,0.0027021777894301337,,-0.0006621230344961254,,,-0.0008600479845928167,,0.000627523957848476
351,2026-08-31,BT.A,GB0030913577,00241101W,-0.000560115284083557,-0.0006115020073939752,-0.0007661346989188884,,-0.0007003893394670049,-0.0010693109968867907,,-0.0010280779250274028,,,,,,,,,,,,,0.0029844948719079086,,,,,-0.000880886151620396,,,,,-0.0006419298761407058,-0.0008563646955795712,,,,,,,,,,,,,,0.0019319918494476317,-0.0006610286162572888,,,,0.0001417439762971821
352,2026-08-31,BURL,US1220171060,01867501,,,-0.0007661346989188884,,,,,-0.0010280779250274028,,,,,,0.002666148752237732,,-0.0012497572276114369,,,,-0.0006032010751669077,0.0029844948719079086,0.002962387502486369,,,,-0.000880886151620396,0.00588121048287735,-0.0006115020073939752,,,,,,-0.0010552039916508172,,0.0021734908306285856,,0.002050883655567486,,,,,,,,-0.0006621230344961254,-0.0006610286162572888,-0.0011591951096685791,,0.001970060654362856,0.00023349616869047942
353,2026-08-31,BVI,FR0006174348,28696101W,-0.000560115284083557,-0.0006115020073939752,-0.0007661346989188884,,-0.0007003893394670049,-0.0010693109968867907,,,0.000985030327181428,,,,,0.002666148752237732,0.0012230040147879504,,,,,-0.0006032010751669077,,,,,-0.0013198756199196693,-0.000880886151620396,,-0.0006115020073939752,,-0.0006967287680063759,-0.0006419298761407058,-0.0008563646955795712,0.003006934682974885,,0.0035080904634706995,-0.0007392279350012195,,,,-0.0016945860713375414,,-0.001075059980741021,,,,,-0.0006610286162572888,-0.0011591951096685791,,0.001970060654362856,-3.605661867668467e-06
354,2026-08-31,BX,US09260D1072,17708801,-0.000560115284083557,-0.0006115020073939752,,-0.0023947443882374837,-0.0007003893394670049,,,0.0030297144911792407,,-0.002962387502486369,-0.004165857425371455,,,,,-0.0012497572276114369,,,-0.0007750432419295732,,-0.0015322693978377768,,,,,,-0.0029844948719079086,,,-0.0006967287680063759,-0.0006419298761407058,-0.0008563646955795712,,-0.0010552039916508172,-0.0008987018265969884,-0.0007392279350012195,,,-0.0024839895207183836,,,-0.001075059980741021,-0.0012267555608455822,-0.0013743034805349132,-0.0023804899573551174,-0.0006621230344961254,-0.0006610286162572888,,-0.0008600479845928167,,-0.0005708800068915412
355,2026-08-31,BXB,AU000000BXB1,10046101W,-0.000560115284083557,-0.0006115020073939752,0.0022594480951167216,,-0.0007003893394670049,,,,-0.0029191409696033557,,,,,,-0.003602903719240178,,,,,0.002366404217962484,,,,,,,,-0.0006115020073939752,,,,-0.0008563646955795712,0.003006934682974885,,0.0035080904634706995,,,,,,,,,,,0.0019319918494476317,-0.0006610286162572888,-0.0011591951096685791,,,8.306663008548672e-05
356,2026-08-31,BZU,IT0001347308,10231703W,-0.000560115284083557,-0.0006115020073939752,0.0022594480951167216,,-0.0007003893394670049,-0.0010693109968867907,,,,0.0029191409696033557,,,-0.0013886191417904852,,,-0.0012497572276114369,,,-0.0007750432419295732,-0.0006032010751669077,,-0.0010150312508519282,,,-0.0013198756199196693,-0.000880886151620396,,-0.0006115020073939752,,-0.0006967287680063759,-0.0006419298761407058,,,,,-0.0007392279350012195,,,,-0.0016945860713375414,,,0.0024091705592509624,,,0.0019319918494476317,0.0019319918494476317,0.0022722858683844305,,,0.00013456023439564234
357,2026-08-31,C,US1729674242,00324301,,,0.0022594480951167216,,,0.00209383409861602,0.004544571736768861,,,,,-0.002836328459827374,,,,-0.0012497572276114369,0.001801451859620089,,-0.0007750432419295732,,,,,,,,,,,,,,-0.001025441827783743,,-0.0008987018265969884,,,,0.004818341118501925,0.0016803458522506713,,0.002115991073204549,,,0.002366404217962484,,,,-0.0008600479845928167,,4.00390317863657e-05
358,2026-08-31,C38U,SG1M51904654,25511801W,,,,,,,,,,,,,,,,,0.001801451859620089,-0.002338726975647133,,,,,,,,,,-0.0006115020073939752,,,,-0.0008563646955795712,-0.001025441827783743,-0.0010552039916508172,-0.0008987018265969884,,,,,,-0.0022594480951167216,,,,-0.0023804899573551174,-0.0006621230344961254,-0.0006610286162572888,,,,-0.0002496326492241944
359,2026-08-31,C6L,SG1V61937297,10071301W,0.0016525715406432223,-0.0006115020073939752,0.0022594480951167216,,-0.0007003893394670049,-0.0010693109968867907,,,-0.0029191409696033557,,,,,,-0.003602903719240178,,,,,-0.0006032010751669077,,0.002962387502486369,,,-0.0013198756199196693,-0.000880886151620396,,-0.0006115020073939752,,-0.0006967287680063759,-0.0006419298761407058,-0.0008563646955795712,-0.001025441827783743,,-0.0008987018265969884,-0.0007392279350012195,,,,,0.002234202865003686,0.002115991073204549,,,,0.0019319918494476317,0.0019319918494476317,0.0022722858683844305,,,-1.902299828302955e-05
360,2026-08-31,CA,FR0000120172,10034601W,-0.000560115284083557,-0.0006115020073939752,,,,,,,,,,,,0.002666148752237732,0.0012230040147879504,,0.001801451859620089,0.0023251297257887195,-0.0007750432419295732,-0.0006032010751669077,-0.0015322693978377768,,,,-0.0013198756199196693,,,-0.0006115020073939752,,-0.0006967287680063759,-0.0006419298761407058,-0.0008563646955795712,,,,-0.0007392279350012195,-0.005554476567161941,-0.002072136335936061,,0.0016803458522506713,0.002234202865003686,0.002115991073204549,0.0024091705592509624,0.0027021777894301337,0.002366404217962484,0.0019319918494476317,0.0019319918494476317,0.0022722858683844305,0.002531153878706707,0.001970060654362856,0.00020380140991000132
361,2026-08-31,CABK,ES0140609019,28687901W,0.0016525715406432223,,,,,,,-0.0010280779250274028,0.000985030327181428,,-0.004165857425371455,,0.0024839895207183836,,,0.0037728520078835824,0.001801451859620089,,-0.0007750432419295732,,,,,,,,,,,,-0.0006419298761407058,-0.0008563646955795712,-0.001025441827783743,,-0.0008987018265969884,,,,,0.0016803458522506713,,,,,,,,,-0.0008600479845928167,,-0.00015039620074930204
362,2026-08-31,CAE,CA1247651088,00252601C,-0.000560115284083557,-0.0006115020073939752,-0.0007661346989188884,,-0.0007003893394670049,-0.0010693109968867907,,,0.000985030327181428,,,,0.0024839895207183836,-0.002666148752237732,,,,-0.002338726975647133,,-0.0006032010751669077,,-0.0010150312508519282,,,-0.0013198756199196693,-0.000880886151620396,,-0.0006115020073939752,,-0.0006967287680063759,-0.0006419298761407058,-0.0008563646955795712,,,,-0.0007392279350012195,,-0.002072136335936061,,,,-0.001075059980741021,-0.0012267555608455822,-0.0013743034805349132,,-0.0006621230344961254,,,-0.0008600479845928167,,-0.00030354001209319286
363,2026-08-31,CAH,US14149Y1082,00275101,,-0.0006115020073939752,,,,0.00209383409861602,0.004544571736768861,,0.000985030327181428,,,,,,0.0012230040147879504,,,0.0023251297257887195,-0.0007750432419295732,0.002366404217962484,0.0029844948719079086,0.002962387502486369,,,-0.0013198756199196693,,,0.0023804899573551174,-0.006248786138057184,-0.0006967287680063759,-0.0006419298761407058,0.0016874359191378049,,0.004122910441604739,,0.0021734908306285856,,0.002050883655567486,,,0.002234202865003686,,-0.0012267555608455822,,0.002366404217962484,0.0019319918494476317,0.0019319918494476317,0.0022722858683844305,-0.0008600479845928167,,0.000868264726204419
364,2026-08-31,CAP,FR0000125338,10194402W,-0.000560115284083557,-0.0006115020073939752,-0.0007661346989188884,,-0.0007003893394670049,,,-0.0010280779250274028,,,,-0.002836328459827374,,,,,,,-0.0007750432419295732,-0.0006032010751669077,,,,,-0.0013198756199196693,-0.000880886151620396,,-0.0006115020073939752,,-0.0006967287680063759,-0.0006419298761407058,,,,,-0.0007392279350012195,,-0.002072136335936061,,,,0.002115991073204549,,,,,,,,,-0.0003830399904720087
365,2026-08-31,CARL B,DK0010181759,10113005W,,,,,,,,,,,,,-0.0013886191417904852,,-0.003602903719240178,,0.001801451859620089,,-0.0007750432419295732,-0.0006032010751669077,-0.0015322693978377768,,,,-0.0013198756199196693,,,-0.0006115020073939752,,-0.0006967287680063759,-0.0006419298761407058,0.0016874359191378049,,,,-0.0007392279350012195,-0.005554476567161941,,,,,,,,,-0.0006621230344961254,-0.0006610286162572888,,,0.001970060654362856,-0.0003944336079933918
366,2026-08-31,CARR,US14448C1045,03619101,,,-0.0007661346989188884,,,,,,0.000985030327181428,,,,,,0.0012230040147879504,,,,,-0.0006032010751669077,,-0.0010150312508519282,,,-0.0013198756199196693,-0.000880886151620396,,-0.0006115020073939752,,-0.0006967287680063759,-0.0006419298761407058,-0.0008563646955795712,,,-0.0008987018265969884,0.0021734908306285856,,0.002050883655567486,,,,-0.001075059980741021,-0.0012267555608455822,-0.0013743034805349132,,-0.0006621230344961254,-0.0006610286162572888,-0.0011591951096685791,,,-5.7662539138018814e-05
367,2026-08-31,CASY,US1475281036,00280701,0.0016525715406432223,0.001809603225500723,,,,-0.0010693109968867907,,,,,,0.002816354315744083,-0.0013886191417904852,,0.0012230040147879504,,0.001801451859620089,,,-0.0006032010751669077,0.0029844948719079086,,0.010524271390412098,0.008887162507459107,0.002596898135296492,,,-0.0006115020073939752,,-0.0006967287680063759,,,,,,-0.0007392279350012195,,,-0.0024839895207183836,-0.0016945860713375414,-0.0022594480951167216,-0.001075059980741021,-0.0012267555608455822,-0.0013743034805349132,,-0.0006621230344961254,-0.0006610286162572888,,-0.0008600479845928167,,0.0002385333566583815
368,2026-08-31,CAT,US1491231015,00281701,,,,,,,,,,,,,,0.002666148752237732,,,,,,-0.0006032010751669077,,-0.0010150312508519282,,,-0.0013198756199196693,-0.000880886151620396,-0.0029844948719079086,-0.0006115020073939752,,-0.0006967287680063759,-0.0006419298761407058,,-0.001025441827783743,,-0.0008987018265969884,-0.0007392279350012195,,,,0.0016803458522506713,,,-0.0012267555608455822,-0.0013743034805349132,-0.0023804899573551174,-0.0006621230344961254,-0.0006610286162572888,-0.0011591951096685791,-0.0008600479845928167,0.001970060654362856,-0.00024262405850533866
369,2026-08-31,CB,CH0044328745,02803401,-0.000560115284083557,-0.0006115020073939752,,,-0.0007003893394670049,,,,0.000985030327181428,,,,,,,-0.0012497572276114369,,,,,-0.0015322693978377768,,,,,,,,,,,,-0.001025441827783743,-0.0010552039916508172,-0.0008987018265969884,,,,,,,,,,,,,,,,-0.00014224783679882015
370,2026-08-31,CBA,AU000000CBA7,02451201W,-0.000560115284083557,-0.0006115020073939752,-0.0007661346989188884,,-0.0007003893394670049,-0.0010693109968867907,,-0.0010280779250274028,0.000985030327181428,,-0.004165857425371455,,,,,0.0037728520078835824,0.001801451859620089,,-0.0007750432419295732,,0.0029844948719079086,,,,,,,,,,-0.0006419298761407058,-0.0008563646955795712,-0.001025441827783743,,-0.0008987018265969884,,,,,0.0016803458522506713,,-0.001075059980741021,-0.0012267555608455822,-0.0013743034805349132,-0.0023804899573551174,,,,-0.0008600479845928167,,-0.00011100263848134264
371,2026-08-31,CBK,DE000CBK1001,01557501W,-0.000560115284083557,-0.0006115020073939752,-0.0007661346989188884,,-0.0007003893394670049,0.00209383409861602,,-0.0010280779250274028,,,,0.002816354315744083,,,,0.0037728520078835824,0.001801451859620089,,-0.0007750432419295732,,-0.0015322693978377768,,,,,,,,,,-0.0006419298761407058,,0.003006934682974885,,0.0035080904634706995,,,,,,,0.002115991073204549,,,,,,,-0.0008600479845928167,,0.00024639241034727527
372,2026-08-31,CBOE,US12503M1080,18450001,0.0016525715406432223,0.001809603225500723,-0.0007661346989188884,0.004650259451577439,0.002072136335936061,,,-0.0010280779250274028,-0.0029191409696033557,,,,,,,-0.0012497572276114369,-0.005332297504475464,,0.0022722858683844305,,0.0029844948719079086,,,,,,0.00588121048287735,,,,,-0.0008563646955795712,,-0.0010552039916508172,-0.0008987018265969884,0.0021734908306285856,,0.002050883655567486,,-0.0016945860713375414,,,-0.0012267555608455822,-0.0013743034805349132,-0.0023804899573551174,-0.0006621230344961254,-0.0006610286162572888,,-0.0008600479845928167,-0.001999611564178299,2.6398041053381523e-05
373,2026-08-31,CBRE,US12504L1098,26077401,0.0016525715406432223,,,,,,,,,,,,,0.002666148752237732,,,0.001801451859620089,0.0023251297257887195,,,,,,,,,,-0.0006115020073939752,-0.006248786138057184,,,0.0016874359191378049,,-0.0010552039916508172,,,0.005478387847063832,,,,,,,,0.002366404217962484,-0.0006621230344961254,-0.0006610286162572888,,,,0.00023535350438852893
374,2026-08-31,CCEP,GB00BDCPN049,01275602W,,-0.0006115020073939752,,,,,,,,,,,,,0.0012230040147879504,,0.001801451859620089,,,-0.0006032010751669077,-0.0015322693978377768,,,,0.002596898135296492,,,-0.0006115020073939752,,,,,,,,-0.0007392279350012195,,,,,,,,,,-0.0006621230344961254,-0.0006610286162572888,,-0.0008600479845928167,,-0.00017771908728958543
375,2026-08-31,CCH,CH0198251305,22126104W,-0.000560115284083557,-0.0006115020073939752,,,,,,,,,,,0.0024839895207183836,,-0.003602903719240178,,,,,-0.0006032010751669077,,,,,,,,-0.0006115020073939752,,,,,,,,-0.0007392279350012195,,,,,,,,-0.0013743034805349132,,-0.0006621230344961254,-0.0006610286162572888,,-0.0008600479845928167,,-0.0001932377776255756
376,2026-08-31,CCI,US22822V1017,11349001,-0.000560115284083557,,,,,,,,,,,,,-0.002666148752237732,,,0.001801451859620089,,,,,,,,,,,-0.0006115020073939752,,,,-0.0008563646955795712,-0.001025441827783743,-0.0010552039916508172,-0.0008987018265969884,,,,,,,0.002115991073204549,,,,,,,,,-2.6673880190893465e-05
377,2026-08-31,CCL.B,CA1249003098,01406201C,-0.000560115284083557,-0.0006115020073939752,-0.0007661346989188884,,-0.0007003893394670049,,,-0.0010280779250274028,,,,,,,,-0.0012497572276114369,,,-0.0007750432419295732,-0.0006032010751669077,0.0029844948719079086,-0.0010150312508519282,-0.00952195982942047,,-0.0013198756199196693,-0.000880886151620396,,-0.0006115020073939752,,-0.0006967287680063759,-0.0006419298761407058,,,,,,,,,-0.0016945860713375414,,,,,,-0.0006621230344961254,,,,,-1.1406814214097837e-05
378,2026-08-31,CCO,CA13321L1085,02437001C,-0.000560115284083557,,-0.0007661346989188884,,-0.0007003893394670049,,,-0.0010280779250274028,0.000985030327181428,,,0.002816354315744083,0.0024839895207183836,-0.002666148752237732,0.0012230040147879504,,0.001801451859620089,,0.0022722858683844305,,,-0.0010150312508519282,,,,,,-0.0006115020073939752,,,,,,,,,,,,,-0.0022594480951167216,-0.001075059980741021,,,-0.0023804899573551174,-0.0006621230344961254,-0.0006610286162572888,-0.0011591951096685791,-0.0008600479845928167,-0.001999611564178299,1.827559817051899e-05
379,2026-08-31,CDE,US1921085049,00315301,-0.000560115284083557,-0.0006115020073939752,-0.0007661346989188884,-0.0023947443882374837,-0.0007003893394670049,,,-0.0010280779250274028,,0.0029191409696033557,,0.002816354315744083,,,,0.0037728520078835824,,,0.0022722858683844305,-0.0006032010751669077,,0.002962387502486369,,,0.002596898135296492,0.003447606145134998,0.00588121048287735,0.0023804899573551174,-0.006248786138057184,0.002050883655567486,0.0018864260039417912,,,,,0.0021734908306285856,,0.002050883655567486,,-0.0016945860713375414,,,0.0024091705592509624,,,-0.0006621230344961254,0.0019319918494476317,0.0022722858683844305,,,0.0006370313726543065
380,2026-08-31,CDNS,US1273871087,01342101,-0.000560115284083557,-0.0006115020073939752,-0.0007661346989188884,-0.0023947443882374837,-0.0007003893394670049,-0.0010693109968867907,-0.004760979914710235,,,,,,-0.0013886191417904852,,,,,,,-0.0006032010751669077,,,,,,0.003447606145134998,-0.0029844948719079086,-0.0006115020073939752,-0.006248786138057184,-0.0006967287680063759,-0.0006419298761407058,-0.0008563646955795712,,,,-0.0007392279350012195,,,,,,-0.001075059980741021,,,,,,,,,-0.00042679371540812105
381,2026-08-31,CDW,US12514G1085,02832002,,-0.0006115020073939752,-0.0007661346989188884,,-0.0007003893394670049,-0.0010693109968867907,,-0.0010280779250274028,,,,-0.002836328459827374,-0.0013886191417904852,0.002666148752237732,,,,0.0023251297257887195,-0.0007750432419295732,-0.0006032010751669077,,,,,-0.0013198756199196693,-0.000880886151620396,-0.0029844948719079086,-0.0006115020073939752,-0.006248786138057184,-0.0006967287680063759,-0.0006419298761407058,0.0016874359191378049,,,,-0.0007392279350012195,,,-0.0024839895207183836,,,,,,,,,,,0.001970060654362856,-0.000357242854707113
382,2026-08-31,CEG,US21037T1097,04061401,-0.000560115284083557,,,0.004650259451577439,,0.00209383409861602,0.004544571736768861,,0.000985030327181428,0.0029191409696033557,,,,0.002666148752237732,0.0012230040147879504,,,0.0023251297257887195,-0.0007750432419295732,0.002366404217962484,,,-0.00952195982942047,,,,0.00588121048287735,,,0.002050883655567486,,0.0016874359191378049,,0.004122910441604739,0.0035080904634706995,,,,,,,0.002115991073204549,-0.0012267555608455822,,,-0.0006621230344961254,0.0019319918494476317,0.0022722858683844305,-0.0008600479845928167,,0.0008163181803258853
383,2026-08-31,CEN,NZCENE0001S6,22791601W,,0.001809603225500723,,,0.002072136335936061,-0.0010693109968867907,,0.0030297144911792407,0.000985030327181428,,,0.002816354315744083,,,0.0012230040147879504,,,,0.0022722858683844305,0.002366404217962484,,0.002962387502486369,,,,,,,,0.002050883655567486,,-0.0008563646955795712,-0.001025441827783743,0.004122910441604739,-0.0008987018265969884,,,,,-0.0016945860713375414,-0.0022594480951167216,-0.001075059980741021,,,,-0.0006621230344961254,,,-0.0008600479845928167,-0.001999611564178299,0.00041606978928742007
384,2026-08-31,CF,US1252691001,16394601,0.0016525715406432223,0.001809603225500723,,0.004650259451577439,0.002072136335936061,-0.0010693109968867907,,,,,,,,,,-0.0012497572276114369,,,-0.0007750432419295732,0.002366404217962484,,-0.0010150312508519282,-0.00952195982942047,,,0.003447606145134998,-0.0029844948719079086,-0.0006115020073939752,,,,0.0016874359191378049,,,,-0.0007392279350012195,,,-0.0024839895207183836,,,-0.001075059980741021,0.0024091705592509624,,,0.0019319918494476317,0.0019319918494476317,0.0022722858683844305,,,0.0002704863086023182
385,2026-08-31,CFG,US1746101054,02182501,,-0.0006115020073939752,-0.0007661346989188884,,-0.0007003893394670049,0.00209383409861602,0.004544571736768861,,0.000985030327181428,,,-0.002836328459827374,,,,-0.0012497572276114369,0.001801451859620089,,,,,,,,,,,,,,,-0.0008563646955795712,-0.001025441827783743,,-0.0008987018265969884,,,,,,,0.002115991073204549,,,,,,,,,1.1371622533823468e-05
386,2026-08-31,CFR,CH0210483332,10290201W,0.0016525715406432223,0.001809603225500723,-0.0007661346989188884,,0.002072136335936061,,,-0.0010280779250274028,,,0.004165857425371455,,-0.0013886191417904852,-0.002666148752237732,,0.0037728520078835824,,-0.002338726975647133,-0.0007750432419295732,-0.0006032010751669077,-0.0015322693978377768,-0.0010150312508519282,,,-0.0013198756199196693,-0.000880886151620396,,-0.0006115020073939752,,-0.0006967287680063759,-0.0006419298761407058,-0.0008563646955795712,,-0.0010552039916508172,,-0.0007392279350012195,,,,,,,,,,-0.0006621230344961254,-0.0006610286162572888,-0.0011591951096685791,,,-0.0001506382889847006
387,2026-08-31,CG,US14316J1088,18945901,-0.000560115284083557,-0.0006115020073939752,-0.0007661346989188884,-0.0023947443882374837,-0.0007003893394670049,,,-0.0010280779250274028,,-0.002962387502486369,,-0.002836328459827374,,,,-0.0012497572276114369,-0.005332297504475464,,-0.0007750432419295732,,-0.0015322693978377768,,,,,,-0.0029844948719079086,,,-0.0006967287680063759,-0.0006419298761407058,-0.0008563646955795712,-0.001025441827783743,-0.0010552039916508172,-0.0008987018265969884,-0.0007392279350012195,,-0.002072136335936061,-0.0024839895207183836,-0.0016945860713375414,,-0.001075059980741021,-0.0012267555608455822,-0.0013743034805349132,,-0.0006621230344961254,-0.0006610286162572888,,,,-0.0007444923991304654
388,2026-08-31,CHD,US1713401024,00302601,,,,,,-0.0010693109968867907,,,,,,,0.0024839895207183836,,0.0012230040147879504,,0.001801451859620089,,0.0022722858683844305,-0.0006032010751669077,0.0029844948719079086,,,,0.002596898135296492,,,-0.0006115020073939752,,,,-0.0008563646955795712,,,,-0.0007392279350012195,,,,-0.0016945860713375414,-0.0022594480951167216,-0.001075059980741021,-0.0012267555608455822,-0.0013743034805349132,-0.0023804899573551174,-0.0006621230344961254,-0.0006610286162572888,,-0.0008600479845928167,,6.758637252480134e-05
389,2026-08-31,CHRW,US12541W2098,06560901,,-0.0006115020073939752,-0.0007661346989188884,,-0.0007003893394670049,0.00209383409861602,0.004544571736768861,,0.000985030327181428,,,,,0.002666148752237732,0.0012230040147879504,,,0.0023251297257887195,,-0.0006032010751669077,,0.002962387502486369,,,,-0.000880886151620396,0.00588121048287735,0.0023804899573551174,-0.006248786138057184,,,-0.0008563646955795712,-0.001025441827783743,,-0.0008987018265969884,,,,-0.0024839895207183836,-0.0016945860713375414,,,,,,-0.0006621230344961254,-0.0006610286162572888,,-0.0008600479845928167,,6.409976522289153e-05
390,2026-08-31,CHTR,US16119P1084,12613603,-0.000560115284083557,,,,0.002072136335936061,0.00209383409861602,0.004544571736768861,-0.0010280779250274028,,-0.002962387502486369,,0.002816354315744083,,,,,,,,,,,,,,0.003447606145134998,,,,,-0.0006419298761407058,0.0016874359191378049,,,,,,,-0.0024839895207183836,0.0016803458522506713,0.002234202865003686,,,,,0.0019319918494476317,0.0019319918494476317,,,,0.0003376066885703822
391,2026-08-31,CI,US1255231003,00254701,-0.000560115284083557,-0.0006115020073939752,,,,0.00209383409861602,0.004544571736768861,,0.000985030327181428,,,,,,0.0012230040147879504,,,0.0023251297257887195,-0.0007750432419295732,-0.0006032010751669077,,,,,,,,-0.0006115020073939752,0.0061526509667024585,0.002050883655567486,0.0018864260039417912,0.0016874359191378049,,-0.0010552039916508172,,0.0021734908306285856,-0.005554476567161941,0.002050883655567486,,0.0016803458522506713,0.002234202865003686,0.002115991073204549,0.0024091705592509624,0.0027021777894301337,0.002366404217962484,0.0019319918494476317,0.0019319918494476317,0.0022722858683844305,0.002531153878706707,0.001970060654362856,0.0008307524924732613
392,2026-08-31,CIEN,US1717793095,06435601,,,-0.0007661346989188884,,-0.0007003893394670049,,,,,,,,0.0024839895207183836,,,,,,,-0.0006032010751669077,,,,,,0.003447606145134998,0.00588121048287735,0.0023804899573551174,0.0061526509667024585,-0.0006967287680063759,-0.0006419298761407058,,,,,,,,0.004818341118501925,,,,,,,,,,,,0.0001472905383925269
393,2026-08-31,CINF,US1720621010,01482401,-0.000560115284083557,-0.0006115020073939752,-0.0007661346989188884,-0.0023947443882374837,-0.0007003893394670049,-0.0010693109968867907,-0.004760979914710235,-0.0010280779250274028,0.000985030327181428,0.0029191409696033557,0.004165857425371455,,,,,-0.0012497572276114369,,,0.0022722858683844305,,-0.0015322693978377768,,,,,,0.00588121048287735,,,,0.0018864260039417912,0.0016874359191378049,-0.001025441827783743,,-0.0008987018265969884,,,,-0.0024839895207183836,-0.0016945860713375414,,,0.0024091705592509624,0.0027021777894301337,,0.0019319918494476317,,,0.002531153878706707,-0.001999611564178299,0.000358054070722562
394,2026-08-31,CL,US1941621039,00317001,-0.000560115284083557,,,,,-0.0010693109968867907,-0.004760979914710235,,,,,,0.0024839895207183836,0.002666148752237732,0.0012230040147879504,,-0.005332297504475464,,-0.0007750432419295732,0.002366404217962484,0.0029844948719079086,,,0.008887162507459107,-0.0013198756199196693,,,-0.0006115020073939752,,-0.0006967287680063759,-0.0006419298761407058,,,,,-0.0007392279350012195,,,,,-0.0022594480951167216,-0.001075059980741021,-0.0012267555608455822,-0.0013743034805349132,-0.0023804899573551174,-0.0006621230344961254,-0.0006610286162572888,,-0.0008600479845928167,0.001970060654362856,-0.00019890265854545256
395,2026-08-31,CLNX,ES0105066007,31965901W,-0.000560115284083557,,-0.0007661346989188884,,-0.0007003893394670049,-0.0010693109968867907,,,,-0.002962387502486369,,,,,,,,,,,-0.0015322693978377768,,,,,,,,,,-0.0006419298761407058,-0.0008563646955795712,,,,,,,,,,,,,,-0.0006621230344961254,-0.0006610286162572888,-0.0011591951096685791,,,-0.0003917821892637027
396,2026-08-31,CLS,CA15101Q2071,11215801C,0.0016525715406432223,0.001809603225500723,,,0.002072136335936061,0.00209383409861602,,,,,-0.004165857425371455,,-0.0013886191417904852,0.002666148752237732,,,,0.0023251297257887195,-0.0007750432419295732,0.002366404217962484,,,,,0.002596898135296492,0.003447606145134998,,-0.0006115020073939752,,0.002050883655567486,0.0018864260039417912,0.0016874359191378049,,,,-0.0007392279350012195,,0.002050883655567486,,,,0.002115991073204549,,,,,,,,0.001970060654362856,0.0002495806006975938
397,2026-08-31,CM,CA1360691010,01558101C,-0.000560115284083557,-0.0006115020073939752,-0.0007661346989188884,,-0.0007003893394670049,,,-0.0010280779250274028,0.000985030327181428,,,-0.002836328459827374,,,,-0.0012497572276114369,0.001801451859620089,,,,,,,,,,,,,,-0.0006419298761407058,-0.0008563646955795712,,,-0.0008987018265969884,,,,,0.0016803458522506713,,,-0.0012267555608455822,-0.0013743034805349132,,,,,-0.0008600479845928167,0.001970060654362856,-0.00020064023957474687
398,2026-08-31,CMCSA,US20030N1019,00322601,-0.000560115284083557,-0.0006115020073939752,0.0022594480951167216,-0.0023947443882374837,-0.0007003893394670049,-0.0010693109968867907,-0.004760979914710235,,,,,,,,,,,,,,,,,,,-0.000880886151620396,,,,,-0.0006419298761407058,0.0016874359191378049,,,,,,,,0.0016803458522506713,,,,,,0.0019319918494476317,0.0019319918494476317,0.0022722858683844305,,,2.2517074384792103e-05
399,2026-08-31,CME,US12572Q1058,14907001,-0.000560115284083557,-0.0006115020073939752,-0.0007661346989188884,-0.0023947443882374837,-0.0007003893394670049,-0.0010693109968867907,-0.004760979914710235,,0.000985030327181428,0.0029191409696033557,0.004165857425371455,,,,,-0.0012497572276114369,0.001801451859620089,,0.0022722858683844305,,-0.0015322693978377768,,,,,,,,,-0.0006967287680063759,-0.0006419298761407058,-0.0008563646955795712,-0.001025441827783743,-0.0010552039916508172,-0.0008987018265969884,-0.0007392279350012195,,,,,,-0.001075059980741021,-0.0012267555608455822,-0.0013743034805349132,-0.0023804899573551174,-0.0006621230344961254,-0.0006610286162572888,,-0.0008600479845928167,,-0.00011259949990207692
400,2026-08-31,CMG,US1696561059,16591401,-0.000560115284083557,,-0.0007661346989188884,,-0.0007003893394670049,,,-0.0010280779250274028,,,,,,,,-0.0012497572276114369,,,-0.0007750432419295732,-0.0006032010751669077,,-0.0010150312508519282,-0.00952195982942047,,-0.0013198756199196693,-0.000880886151620396,,-0.0006115020073939752,0.0061526509667024585,-0.0006967287680063759,-0.0006419298761407058,,,-0.0010552039916508172,,-0.0007392279350012195,,,,,-0.0022594480951167216,,,,,-0.0006621230344961254,-0.0006610286162572888,,,,-0.00024843076118038625
401,2026-08-31,CMI,US2310211063,00365001,0.0016525715406432223,0.001809603225500723,-0.0007661346989188884,0.004650259451577439,0.002072136335936061,,,,,,,,,,0.0012230040147879504,,,,,-0.0006032010751669077,,,,,-0.0013198756199196693,-0.000880886151620396,0.00588121048287735,-0.0006115020073939752,-0.006248786138057184,-0.0006967287680063759,-0.0006419298761407058,-0.0008563646955795712,-0.001025441827783743,,-0.0008987018265969884,0.0021734908306285856,,0.002050883655567486,,,,-0.001075059980741021,-0.0012267555608455822,,,-0.0006621230344961254,-0.0006610286162572888,-0.0011591951096685791,-0.0008600479845928167,,-6.409150989084392e-05
402,2026-08-31,CMS,US1258961002,00343901,-0.000560115284083557,-0.0006115020073939752,,-0.0023947443882374837,-0.0007003893394670049,,,-0.0010280779250274028,-0.0029191409696033557,,,0.002816354315744083,,,,,,,-0.0007750432419295732,-0.0006032010751669077,,-0.0010150312508519282,-0.00952195982942047,-0.009998057820891495,,,-0.0029844948719079086,,,-0.0006967287680063759,,0.0016874359191378049,-0.001025441827783743,-0.0010552039916508172,-0.0008987018265969884,,,,,,,,,,,-0.0006621230344961254,-0.0006610286162572888,-0.0011591951096685791,,,-0.00030416419089136977
403,2026-08-31,CNA,GB00B033F229,21342301W,-0.000560115284083557,-0.0006115020073939752,,,-0.0007003893394670049,0.00209383409861602,,-0.0010280779250274028,0.000985030327181428,0.0029191409696033557,,,,0.002666148752237732,0.0012230040147879504,,,0.0023251297257887195,0.0022722858683844305,0.002366404217962484,,-0.0010150312508519282,,,,,,,,0.002050883655567486,,0.0016874359191378049,-0.001025441827783743,-0.0010552039916508172,-0.0008987018265969884,,,,,-0.0016945860713375414,0.002234202865003686,0.002115991073204549,0.0024091705592509624,0.0027021777894301337,0.002366404217962484,-0.0006621230344961254,-0.0006610286162572888,-0.0011591951096685791,0.002531153878706707,,0.0006511044696794499
404,2026-08-31,CNC,US15135B1017,14555201,0.0016525715406432223,0.001809603225500723,,,,0.00209383409861602,0.004544571736768861,,0.000985030327181428,,,,,,0.0012230040147879504,,,0.0023251297257887195,-0.0007750432419295732,-0.0006032010751669077,0.0029844948719079086,-0.0010150312508519282,,,-0.0013198756199196693,,,0.0023804899573551174,0.0061526509667024585,-0.0006967287680063759,-0.0006419298761407058,0.0016874359191378049,,-0.0010552039916508172,,0.0021734908306285856,0.005478387847063832,0.002050883655567486,0.004818341118501925,,0.002234202865003686,-0.001075059980741021,-0.0012267555608455822,0.0027021777894301337,0.002366404217962484,0.0019319918494476317,0.0019319918494476317,0.0022722858683844305,-0.0008600479845928167,0.001970060654362856,0.001044463563579071
405,2026-08-31,CNP,US15189T1079,00574201,-0.000560115284083557,-0.0006115020073939752,,,-0.0007003893394670049,,,,-0.0029191409696033557,-0.002962387502486369,,0.002816354315744083,,,,,,,,-0.0006032010751669077,,,,-0.009998057820891495,,,0.00588121048287735,,,,,,,-0.0010552039916508172,-0.0008987018265969884,,,,,,,-0.001075059980741021,-0.0012267555608455822,-0.0013743034805349132,,-0.0006621230344961254,-0.0006610286162572888,-0.0011591951096685791,-0.0008600479845928167,,-0.0003218066613031329
406,2026-08-31,CNQ,CA1363851017,01505501C,0.0016525715406432223,,,,-0.0007003893394670049,,,-0.0010280779250274028,,,,,-0.0013886191417904852,,,,0.001801451859620089,,0.0022722858683844305,,,-0.0010150312508519282,,,,,,-0.0006115020073939752,,,,,,,,,,,,,-0.0022594480951167216,,,,-0.0023804899573551174,-0.0006621230344961254,-0.0006610286162572888,-0.0011591951096685791,-0.0008600479845928167,,-0.00013467951148849995
407,2026-08-31,CNR,CA1363751027,00269601C,-0.000560115284083557,,-0.0007661346989188884,,,-0.0010693109968867907,,,-0.0029191409696033557,-0.002962387502486369,,,,-0.002666148752237732,-0.003602903719240178,,,-0.002338726975647133,,-0.0006032010751669077,,-0.0010150312508519282,,,,-0.000880886151620396,,-0.0006115020073939752,,-0.0006967287680063759,-0.0006419298761407058,-0.0008563646955795712,-0.001025441827783743,,-0.0008987018265969884,-0.0007392279350012195,,,,0.0016803458522506713,-0.0022594480951167216,,,,-0.0023804899573551174,-0.0006621230344961254,-0.0006610286162572888,-0.0011591951096685791,,,-0.0004930454296725834
408,2026-08-31,COF,US14040H1059,03099001,-0.000560115284083557,,0.0022594480951167216,,,,,,,,0.004165857425371455,-0.002836328459827374,,,,-0.0012497572276114369,,,0.0022722858683844305,,-0.0015322693978377768,,,,,,0.00588121048287735,,,0.002050883655567486,0.0018864260039417912,-0.0008563646955795712,,-0.0010552039916508172,0.0035080904634706995,,,,0.004818341118501925,,,,,,,0.0019319918494476317,0.0019319918494476317,,0.002531153878706707,,0.00039244208945755525
409,2026-08-31,COHR,US19247G1076,01456101,-0.000560115284083557,-0.0006115020073939752,-0.0007661346989188884,-0.0023947443882374837,-0.0007003893394670049,0.00209383409861602,,-0.0010280779250274028,,,,,-0.0013886191417904852,,,,,-0.002338726975647133,0.0022722858683844305,-0.0006032010751669077,,,,,,-0.000880886151620396,-0.0029844948719079086,-0.0006115020073939752,,-0.0006967287680063759,,,,,,-0.0007392279350012195,,-0.002072136335936061,,,,,,,,,,,,,-0.0002255808673236287
410,2026-08-31,COIN,US19260Q1076,03474901,-0.000560115284083557,-0.0006115020073939752,-0.0007661346989188884,-0.0023947443882374837,-0.0007003893394670049,-0.0010693109968867907,-0.004760979914710235,-0.0010280779250274028,0.000985030327181428,-0.002962387502486369,0.004165857425371455,,,,,-0.0012497572276114369,-0.005332297504475464,,-0.0007750432419295732,,-0.0015322693978377768,,,,,,0.00588121048287735,,,-0.0006967287680063759,-0.0006419298761407058,-0.0008563646955795712,,-0.0010552039916508172,,,,,-0.0024839895207183836,-0.0016945860713375414,,-0.001075059980741021,-0.0012267555608455822,-0.0013743034805349132,-0.0023804899573551174,,,,-0.0008600479845928167,-0.001999611564178299,-0.00045229944737661457
411,2026-08-31,COL,AU0000030678,32949801W,-0.000560115284083557,-0.0006115020073939752,,,,-0.0010693109968867907,,,,,,0.002816354315744083,,0.002666148752237732,0.0012230040147879504,,0.001801451859620089,0.0023251297257887195,-0.0007750432419295732,0.002366404217962484,,,,,-0.0013198756199196693,,,0.0023804899573551174,,-0.0006967287680063759,-0.0006419298761407058,,,,,0.0021734908306285856,,0.002050883655567486,,-0.0016945860713375414,,-0.001075059980741021,-0.0012267555608455822,-0.0013743034805349132,,-0.0006621230344961254,-0.0006610286162572888,-0.0011591951096685791,-0.0008600479845928167,0.001970060654362856,0.0002938284221829042
412,2026-08-31,COLO B,DK0060448595,10153801W,-0.000560115284083557,-0.0006115020073939752,,,,-0.0010693109968867907,,,,,,,,,,,,,-0.0007750432419295732,-0.0006032010751669077,,-0.0010150312508519282,,,-0.0013198756199196693,,,0.0023804899573551174,,-0.0006967287680063759,-0.0006419298761407058,-0.0008563646955795712,,-0.0010552039916508172,,,,,,,,,-0.0012267555608455822,-0.0013743034805349132,,,-0.0006610286162572888,-0.0011591951096685791,0.002531153878706707,0.001970060654362856,-0.00011294276463192431
413,2026-08-31,CON,DE0005439004,10060901W,0.0016525715406432223,-0.0006115020073939752,0.0022594480951167216,,-0.0007003893394670049,,,-0.0010280779250274028,,,,,0.0024839895207183836,,,-0.0012497572276114369,,,-0.0007750432419295732,-0.0006032010751669077,0.0029844948719079086,-0.0010150312508519282,,,-0.0013198756199196693,-0.000880886151620396,,-0.0006115020073939752,,-0.0006967287680063759,-0.0006419298761407058,-0.0008563646955795712,,-0.0010552039916508172,,-0.0007392279350012195,-0.005554476567161941,-0.002072136335936061,,,,,,,,-0.0006621230344961254,-0.0006610286162572888,-0.0011591951096685791,,,-0.0003125839950816495
414,2026-08-31,COO,US2166485019,00350401,-0.000560115284083557,-0.0006115020073939752,,,,,,,,,,,,,-0.003602903719240178,,,-0.002338726975647133,-0.0007750432419295732,-0.0006032010751669077,0.0029844948719079086,,,,-0.0013198756199196693,,,-0.0006115020073939752,,-0.0006967287680063759,-0.0006419298761407058,,,-0.0010552039916508172,,0.0021734908306285856,,,-0.0024839895207183836,,,-0.001075059980741021,-0.0012267555608455822,,,-0.0006621230344961254,-0.0006610286162572888,,,,-3.4495281598971525e-05
415,2026-08-31,COP,US20825C1045,00854901,,,,,-0.0007003893394670049,,,0.0030297144911792407,,,,,,,,,,,-0.0007750432419295732,,,-0.0010150312508519282,-0.00952195982942047,,,,,-0.0006115020073939752,,,,,,,,,,,,,,,,,,-0.0006621230344961254,-0.0006610286162572888,-0.0011591951096685791,,,-5.141941907370294e-05
416,2026-08-31,COR,US03073E1055,03167301,,,,,,,,,0.000985030327181428,,,,,,0.0012230040147879504,,,0.0023251297257887195,-0.0007750432419295732,0.002366404217962484,-0.0015322693978377768,0.002962387502486369,,,,,,-0.0006115020073939752,-0.006248786138057184,,0.0018864260039417912,0.0016874359191378049,,-0.0010552039916508172,,-0.0007392279350012195,-0.005554476567161941,-0.002072136335936061,,,0.002234202865003686,,,,0.002366404217962484,-0.0006621230344961254,-0.0006610286162572888,-0.0011591951096685791,-0.0008600479845928167,0.001970060654362856,-0.00026046308158121265
417,2026-08-31,COST,US22160K1051,02902801,,,,,,-0.0010693109968867907,,,,,,0.002816354315744083,0.0024839895207183836,0.002666148752237732,0.0012230040147879504,,,0.0023251297257887195,-0.0007750432419295732,0.002366404217962484,0.0029844948719079086,,,,,,,-0.0006115020073939752,,-0.0006967287680063759,-0.0006419298761407058,,,,,,,,0.004818341118501925,0.0016803458522506713,-0.0022594480951167216,-0.001075059980741021,-0.0012267555608455822,-0.0013743034805349132,,-0.0006621230344961254,-0.0006610286162572888,-0.0011591951096685791,-0.0008600479845928167,,0.0003246999036396879
418,2026-08-31,COV,FR0000064578,22228401W,-0.000560115284083557,,,,,,,,,,,,,,,,-0.005332297504475464,,,,,,,,,,,-0.0006115020073939752,,,,,0.003006934682974885,-0.0010552039916508172,0.0035080904634706995,,,-0.002072136335936061,,,0.002234202865003686,0.002115991073204549,,,,-0.0006621230344961254,-0.0006610286162572888,-0.0011591951096685791,,,-0.0001292462910454983
419,2026-08-31,CP,CA13646K1084,00269801C,-0.000560115284083557,-0.0006115020073939752,-0.0007661346989188884,,-0.0007003893394670049,,,,,,,,,-0.002666148752237732,-0.003602903719240178,,,-0.002338726975647133,,-0.0006032010751669077,,-0.0010150312508519282,,,,-0.000880886151620396,,-0.0006115020073939752,,-0.0006967287680063759,-0.0006419298761407058,-0.0008563646955795712,,,-0.0008987018265969884,-0.0007392279350012195,,,,0.0016803458522506713,-0.0022594480951167216,,,-0.0013743034805349132,-0.0023804899573551174,-0.0006621230344961254,-0.0006610286162572888,-0.0011591951096685791,-0.0008600479845928167,-0.001999611564178299,-0.0003820101112580879
420,2026-08-31,CPAY,US2199481068,18470001,,,-0.0007661346989188884,,,,,0.0030297144911792407,-0.0029191409696033557,-0.002962387502486369,,,,,,-0.0012497572276114369,,,-0.0007750432419295732,,0.0029844948719079086,,,,,,-0.0029844948719079086,,,-0.0006967287680063759,-0.0006419298761407058,,,-0.0010552039916508172,,-0.0007392279350012195,,,-0.0024839895207183836,-0.0016945860713375414,,-0.001075059980741021,-0.0012267555608455822,-0.0013743034805349132,,-0.0006621230344961254,-0.0006610286162572888,,-0.0008600479845928167,,-0.00012558856611784452
421,2026-08-31,CPG,GB00BD6K4575,24309001W,-0.000560115284083557,-0.0006115020073939752,-0.0007661346989188884,,-0.0007003893394670049,,,-0.0010280779250274028,,,-0.004165857425371455,,,0.002666148752237732,,0.0037728520078835824,,0.0023251297257887195,0.0022722858683844305,-0.0006032010751669077,,-0.0010150312508519282,,,0.002596898135296492,-0.000880886151620396,,-0.0006115020073939752,,0.002050883655567486,0.0018864260039417912,0.0016874359191378049,-0.001025441827783743,-0.0010552039916508172,,-0.0007392279350012195,,,,,,,,,,-0.0006621230344961254,,,,,-8.376470996305101e-06
422,2026-08-31,CPR,NL0015435975,24693901W,,-0.0006115020073939752,,,,,,,,,,,-0.0013886191417904852,-0.002666148752237732,-0.003602903719240178,,,-0.002338726975647133,0.0022722858683844305,-0.0006032010751669077,-0.0015322693978377768,,,,0.002596898135296492,,,0.0023804899573551174,,0.002050883655567486,0.0018864260039417912,-0.0008563646955795712,,,,0.0021734908306285856,,,,-0.0016945860713375414,,,,,,-0.0006621230344961254,,,-0.0008600479845928167,,-0.00013938321957705362
423,2026-08-31,CPRT,US2172041061,02990101,-0.000560115284083557,-0.0006115020073939752,-0.0007661346989188884,-0.0023947443882374837,-0.0007003893394670049,,,,,0.0029191409696033557,,,,-0.002666148752237732,-0.003602903719240178,,,-0.002338726975647133,,-0.0006032010751669077,,-0.0010150312508519282,,,,-0.000880886151620396,,-0.0006115020073939752,-0.006248786138057184,-0.0006967287680063759,,-0.0008563646955795712,,,,,,,0.004818341118501925,,-0.0022594480951167216,,,,-0.0023804899573551174,0.0019319918494476317,,0.0022722858683844305,,-0.001999611564178299,-0.00014433904869452143
424,2026-08-31,CPU,AU000000CPU5,22309601W,,-0.0006115020073939752,-0.0007661346989188884,,-0.0007003893394670049,-0.0010693109968867907,,,0.000985030327181428,-0.002962387502486369,,,,,0.0012230040147879504,,,,,-0.0006032010751669077,,,,,0.002596898135296492,,,-0.0006115020073939752,,,,-0.0008563646955795712,-0.001025441827783743,,-0.0008987018265969884,,,,,-0.0016945860713375414,-0.0022594480951167216,-0.001075059980741021,,,-0.0023804899573551174,-0.0006621230344961254,-0.0006610286162572888,,-0.0008600479845928167,,-0.0002780858587492395
425,2026-08-31,CPW,IL0010824113,06318501W,,,,,,,,,,,,-0.002836328459827374,,,,,,,,-0.0006032010751669077,,,,,,,,-0.0006115020073939752,,0.002050883655567486,0.0018864260039417912,,,,,,,,,,,,,,,,,,,,-0.00011955742522248103
426,2026-08-31,CRBG,US21871X1090,04108401,-0.000560115284083557,-0.0006115020073939752,-0.0007661346989188884,-0.0023947443882374837,-0.0007003893394670049,0.00209383409861602,0.004544571736768861,-0.0010280779250274028,0.000985030327181428,,,-0.002836328459827374,,,,-0.0012497572276114369,,,-0.0007750432419295732,,-0.0015322693978377768,,,,,,,,,-0.0006967287680063759,-0.0006419298761407058,0.0016874359191378049,-0.001025441827783743,-0.0010552039916508172,-0.0008987018265969884,-0.0007392279350012195,,,-0.0024839895207183836,,,-0.001075059980741021,-0.0012267555608455822,-0.0013743034805349132,0.002366404217962484,-0.0006621230344961254,,,0.002531153878706707,0.001970060654362856,-0.00016123353164522393
427,2026-08-31,CRCL,US1725731079,05146101,-0.000560115284083557,0.001809603225500723,0.0022594480951167216,,,,,-0.0010280779250274028,,,,0.002816354315744083,,,,,,,-0.0007750432419295732,-0.0006032010751669077,,,,,-0.0013198756199196693,-0.000880886151620396,-0.0029844948719079086,-0.0006115020073939752,,,,,,,,,,,-0.0024839895207183836,0.0016803458522506713,,,,,,,,,,0.001970060654362856,3.5774708798203595e-05
428,2026-08-31,CRDO,KYG254571055,04053201,0.0016525715406432223,0.001809603225500723,-0.0007661346989188884,,,,0.004544571736768861,,,,,,0.0024839895207183836,,,,,,0.0022722858683844305,0.002366404217962484,,,,,0.002596898135296492,0.003447606145134998,0.00588121048287735,0.0023804899573551174,0.0061526509667024585,,0.0018864260039417912,,,,,,,,0.004818341118501925,-0.0016945860713375414,,,,,,,,,,-0.001999611564178299,0.000518666072713147
429,2026-08-31,CRM,US79466L3024,15785501,,,0.0022594480951167216,0.004650259451577439,0.002072136335936061,,,0.0030297144911792407,,,0.004165857425371455,,,,,,,,-0.0007750432419295732,-0.0006032010751669077,,,,,,0.003447606145134998,,-0.0006115020073939752,,,,,,,,,,,-0.0024839895207183836,0.0016803458522506713,,,,,,,,,,0.001970060654362856,0.0003760504695486545
430,2026-08-31,CRWD,US22788C1053,03518201,-0.000560115284083557,-0.0006115020073939752,-0.0007661346989188884,-0.0023947443882374837,-0.0007003893394670049,-0.0010693109968867907,-0.004760979914710235,,,,,,,,,,,,,-0.0006032010751669077,,,,,-0.0013198756199196693,-0.000880886151620396,,-0.0006115020073939752,,-0.0006967287680063759,-0.0006419298761407058,-0.0008563646955795712,,,,-0.0007392279350012195,,,,,,-0.001075059980741021,,,,,,,,,-0.0003297203008607081
431,2026-08-31,CRWV,US21873S1087,05113901,-0.000560115284083557,-0.0006115020073939752,-0.0007661346989188884,-0.0023947443882374837,-0.0007003893394670049,,,-0.0010280779250274028,,,0.004165857425371455,-0.002836328459827374,,,,,,-0.002338726975647133,0.0022722858683844305,-0.0006032010751669077,,,,,-0.0013198756199196693,-0.000880886151620396,-0.0029844948719079086,-0.0006115020073939752,,,,0.0016874359191378049,,,,,,,-0.0024839895207183836,0.0016803458522506713,,,,,,,,,,0.001970060654362856,-4.558214272687521e-05
432,2026-08-31,CS,FR0000120628,06312001W,-0.000560115284083557,-0.0006115020073939752,-0.0007661346989188884,,-0.0007003893394670049,,,-0.0010280779250274028,0.000985030327181428,,,,,,,-0.0012497572276114369,0.001801451859620089,,-0.0007750432419295732,,-0.0015322693978377768,,,,,,,,,-0.0006967287680063759,-0.0006419298761407058,0.0016874359191378049,-0.001025441827783743,-0.0010552039916508172,-0.0008987018265969884,-0.0007392279350012195,,-0.002072136335936061,,0.0016803458522506713,,,,,0.002366404217962484,0.0019319918494476317,,,,,-0.00013419791782405077
433,2026-08-31,CSA,IE00B4BNMY34,14335702W,,,,,,,,,,,,,,0.002666148752237732,,,,0.0023251297257887195,-0.0007750432419295732,-0.0006032010751669077,,,,,-0.0013198756199196693,-0.000880886151620396,,-0.0006115020073939752,,-0.0006967287680063759,-0.0006419298761407058,0.0016874359191378049,,,,0.0021734908306285856,,0.002050883655567486,,0.0016803458522506713,,,,,,,,,,,0.000167598738048863
434,2026-08-31,CSCO,US17275R1023,02077901,-0.000560115284083557,-0.0006115020073939752,-0.0007661346989188884,,-0.0007003893394670049,-0.0010693109968867907,,-0.0010280779250274028,,,,,-0.0013886191417904852,,,,,,-0.0007750432419295732,-0.0006032010751669077,,,,,,-0.000880886151620396,-0.0029844948719079086,-0.0006115020073939752,,-0.0006967287680063759,-0.0006419298761407058,-0.0008563646955795712,,,,-0.0007392279350012195,,-0.002072136335936061,,0.0016803458522506713,,,,,,,,,,,-0.00031683838688274573
435,2026-08-31,CSL,AU000000CSL8,22300301W,-0.000560115284083557,-0.0006115020073939752,,,,-0.0010693109968867907,,,0.000985030327181428,,,,,,0.0012230040147879504,,,,-0.0007750432419295732,-0.0006032010751669077,-0.0015322693978377768,-0.0010150312508519282,,,-0.0013198756199196693,,,0.0023804899573551174,,-0.0006967287680063759,-0.0006419298761407058,-0.0008563646955795712,,-0.0010552039916508172,,0.0021734908306285856,0.005478387847063832,0.002050883655567486,,,,-0.001075059980741021,,-0.0013743034805349132,,,-0.0006610286162572888,,0.002531153878706707,,0.00013423108713377392
436,2026-08-31,CSU,CA21037X1006,17430201C,-0.000560115284083557,-0.0006115020073939752,,,-0.0007003893394670049,,,-0.0010280779250274028,,,,,-0.0013886191417904852,0.002666148752237732,,,,0.0023251297257887195,-0.0007750432419295732,-0.0006032010751669077,,,,,-0.0013198756199196693,-0.000880886151620396,,-0.0006115020073939752,,-0.0006967287680063759,-0.0006419298761407058,,,,,,,,,,,-0.001075059980741021,,,,,,,,0.001970060654362856,-6.01510583884924e-05
437,2026-08-31,CSX,US1264081035,00257401,,,-0.0007661346989188884,0.004650259451577439,,,,,-0.0029191409696033557,-0.002962387502486369,,,,,-0.003602903719240178,,,-0.002338726975647133,,-0.0006032010751669077,,-0.0010150312508519282,,,,-0.000880886151620396,,0.0023804899573551174,,-0.0006967287680063759,-0.0006419298761407058,-0.0008563646955795712,-0.001025441827783743,,-0.0008987018265969884,,,,0.004818341118501925,,-0.0022594480951167216,,,,-0.0023804899573551174,-0.0006621230344961254,-0.0006610286162572888,-0.0011591951096685791,,,-0.0003579346922777538
438,2026-08-31,CTAS,US1729081059,00306201,-0.000560115284083557,-0.0006115020073939752,-0.0007661346989188884,-0.0023947443882374837,-0.0007003893394670049,-0.0010693109968867907,-0.004760979914710235,,,,,,-0.0013886191417904852,,0.0012230040147879504,,,,,0.002366404217962484,,-0.0010150312508519282,,,,0.003447606145134998,-0.0029844948719079086,-0.0006115020073939752,,-0.0006967287680063759,-0.0006419298761407058,-0.0008563646955795712,,,-0.0008987018265969884,-0.0007392279350012195,,,,,-0.0022594480951167216,-0.001075059980741021,-0.0012267555608455822,-0.0013743034805349132,-0.0023804899573551174,-0.0006621230344961254,-0.0006610286162572888,-0.0011591951096685791,-0.0008600479845928167,,-0.00032614158914328234
439,2026-08-31,CTC.A,CA1366812024,00270301C,-0.000560115284083557,-0.0006115020073939752,,,,,,-0.0010280779250274028,,,0.004165857425371455,,,,,-0.0012497572276114369,,,-0.0007750432419295732,-0.0006032010751669077,0.0029844948719079086,,,-0.009998057820891495,-0.0013198756199196693,-0.000880886151620396,,-0.0006115020073939752,,-0.0006967287680063759,-0.0006419298761407058,0.0016874359191378049,-0.001025441827783743,-0.0010552039916508172,,-0.0007392279350012195,,-0.002072136335936061,,,0.002234202865003686,,,,,,-0.0006610286162572888,,,,0.0001548095116486262
440,2026-08-31,CTSH,US1924461023,11186401,-0.000560115284083557,-0.0006115020073939752,-0.0007661346989188884,-0.0023947443882374837,-0.0007003893394670049,,,-0.0010280779250274028,,,,,,,,,,,-0.0007750432419295732,-0.0006032010751669077,,,,,-0.0013198756199196693,-0.000880886151620396,-0.0029844948719079086,-0.0006115020073939752,,-0.0006967287680063759,-0.0006419298761407058,0.0016874359191378049,,,,0.0021734908306285856,,0.002050883655567486,-0.0024839895207183836,,,0.002115991073204549,,,,,,,,-0.001999611564178299,-2.9897722115474962e-05
441,2026-08-31,CTVA,US22052L1044,03516801,,,,,,,,,,0.0029191409696033557,,-0.002836328459827374,,,,-0.0012497572276114369,,,-0.0007750432419295732,-0.0006032010751669077,,,,,-0.0013198756199196693,-0.000880886151620396,-0.0029844948719079086,-0.0006115020073939752,,-0.0006967287680063759,-0.0006419298761407058,,,,,-0.0007392279350012195,,,-0.0024839895207183836,,,-0.001075059980741021,-0.0012267555608455822,,,-0.0006621230344961254,,,,,-0.0003006788958770224
442,2026-08-31,CU,CA1367178326,01443301C,0.0016525715406432223,0.001809603225500723,,,0.002072136335936061,-0.0010693109968867907,,0.0030297144911792407,0.000985030327181428,-0.002962387502486369,,,,,0.0012230040147879504,,,-0.002338726975647133,-0.0007750432419295732,-0.0006032010751669077,,-0.0010150312508519282,,,,,,,,,,-0.0008563646955795712,-0.001025441827783743,,-0.0008987018265969884,,,,,,-0.0022594480951167216,-0.001075059980741021,-0.0012267555608455822,-0.0013743034805349132,-0.0023804899573551174,,0.0019319918494476317,0.0022722858683844305,-0.0008600479845928167,0.001970060654362856,-0.0002105150892336459
443,2026-08-31,CVC,JE00BRX98089,36139901W,-0.000560115284083557,-0.0006115020073939752,-0.0007661346989188884,,-0.0007003893394670049,,,-0.0010280779250274028,,-0.002962387502486369,,,,,,-0.0012497572276114369,-0.005332297504475464,,0.0022722858683844305,,,,,,,,,,,,,-0.0008563646955795712,,,,-0.0007392279350012195,,,,-0.0016945860713375414,-0.0022594480951167216,,,,-0.0023804899573551174,-0.0006621230344961254,-0.0006610286162572888,,-0.0008600479845928167,-0.001999611564178299,-0.00035655883561434604
444,2026-08-31,CVE,CA15135U1093,18379101C,0.0016525715406432223,,-0.0007661346989188884,,,,,-0.0010280779250274028,,,,0.002816354315744083,-0.0013886191417904852,,0.0012230040147879504,,0.001801451859620089,,0.0022722858683844305,,,0.002962387502486369,0.010524271390412098,,,,,0.0023804899573551174,,,,,,,,,,,,,,,,,,0.0019319918494476317,0.0019319918494476317,0.0022722858683844305,-0.0008600479845928167,,0.0004332365037000235
445,2026-08-31,CVNA,US1468691027,03099901,0.0016525715406432223,0.001809603225500723,-0.0007661346989188884,,,,,-0.0010280779250274028,,,,,0.0024839895207183836,0.002666148752237732,,-0.0012497572276114369,,0.0023251297257887195,0.0022722858683844305,-0.0006032010751669077,-0.0015322693978377768,-0.0010150312508519282,0.010524271390412098,,0.002596898135296492,-0.000880886151620396,,-0.0006115020073939752,0.0061526509667024585,0.002050883655567486,0.0018864260039417912,0.0016874359191378049,,,,-0.0007392279350012195,,,,,-0.0022594480951167216,,,,,-0.0006621230344961254,-0.0006610286162572888,,,,0.00013337610502866046
446,2026-08-31,CVS,US1266501006,00724101,0.0016525715406432223,0.001809603225500723,,,,0.00209383409861602,0.004544571736768861,,0.000985030327181428,,,,,,0.0012230040147879504,,,0.0023251297257887195,-0.0007750432419295732,-0.0006032010751669077,,-0.0010150312508519282,,,-0.0013198756199196693,,,-0.0006115020073939752,0.0061526509667024585,-0.0006967287680063759,-0.0006419298761407058,0.0016874359191378049,,-0.0010552039916508172,,,-0.005554476567161941,,0.004818341118501925,0.0016803458522506713,0.002234202865003686,-0.001075059980741021,-0.0012267555608455822,0.0027021777894301337,0.002366404217962484,-0.0006621230344961254,-0.0006610286162572888,-0.0011591951096685791,,0.001970060654362856,0.000188981480593079
447,2026-08-31,CVX,US1667641005,00299101,,,0.0022594480951167216,,0.002072136335936061,,,-0.0010280779250274028,0.000985030327181428,,,,-0.0013886191417904852,,0.0012230040147879504,,0.001801451859620089,,-0.0007750432419295732,,,,-0.00952195982942047,,,,,-0.0006115020073939752,,,,,,,,,,,0.004818341118501925,,,-0.001075059980741021,,,,-0.0006621230344961254,-0.0006610286162572888,-0.0011591951096685791,-0.0008600479845928167,-0.001999611564178299,-9.501898363365855e-05
448,2026-08-31,CW,US2315611010,00366201,-0.000560115284083557,-0.0006115020073939752,-0.0007661346989188884,-0.0023947443882374837,-0.0007003893394670049,-0.0010693109968867907,-0.004760979914710235,,0.000985030327181428,,,,,,0.0012230040147879504,,,,,-0.0006032010751669077,,-0.0010150312508519282,,,,0.003447606145134998,,-0.0006115020073939752,,-0.0006967287680063759,-0.0006419298761407058,,,,-0.0008987018265969884,-0.0007392279350012195,,,,-0.0016945860713375414,-0.0022594480951167216,-0.001075059980741021,-0.0012267555608455822,-0.0013743034805349132,-0.0023804899573551174,-0.0006621230344961254,-0.0006610286162572888,-0.0011591951096685791,-0.0008600479845928167,,-0.0003693862531049553
449,2026-08-31,D,US25746U1097,00402901,-0.000560115284083557,-0.0006115020073939752,,-0.0023947443882374837,-0.0007003893394670049,,-0.004760979914710235,0.0030297144911792407,-0.0029191409696033557,,-0.004165857425371455,,,,-0.003602903719240178,,,,,-0.0006032010751669077,,-0.0010150312508519282,,,,,0.00588121048287735,,,,,0.0016874359191378049,-0.001025441827783743,-0.0010552039916508172,-0.0008987018265969884,,,,,0.0016803458522506713,,,,,,-0.0006621230344961254,-0.0006610286162572888,-0.0011591951096685791,-0.0008600479845928167,,-0.0005616233078228969
450,2026-08-31,D05,SG1L01001701,01574301W,-0.000560115284083557,-0.0006115020073939752,,,-0.0007003893394670049,-0.0010693109968867907,,,0.000985030327181428,,0.004165857425371455,-0.002836328459827374,-0.0013886191417904852,,,0.0037728520078835824,0.001801451859620089,,-0.0007750432419295732,,,,,,,,,,,,-0.0006419298761407058,-0.0008563646955795712,0.003006934682974885,,0.0035080904634706995,,,,,,,-0.001075059980741021,-0.0012267555608455822,-0.0013743034805349132,-0.0023804899573551174,,,,-0.0008600479845928167,,0.00011673985766515143
451,2026-08-31,DAL,US2473617023,00385103,0.0016525715406432223,0.001809603225500723,-0.0007661346989188884,0.004650259451577439,0.002072136335936061,0.00209383409861602,0.004544571736768861,,-0.0029191409696033557,,,,-0.0013886191417904852,0.002666148752237732,,,,,,-0.0006032010751669077,,-0.0010150312508519282,,,-0.0013198756199196693,-0.000880886151620396,,-0.0006115020073939752,,0.002050883655567486,-0.0006419298761407058,0.0016874359191378049,0.003006934682974885,,0.0035080904634706995,0.0021734908306285856,,,-0.0024839895207183836,0.0016803458522506713,0.002234202865003686,0.002115991073204549,0.0024091705592509624,0.0027021777894301337,0.002366404217962484,0.0019319918494476317,0.0019319918494476317,,0.002531153878706707,0.001970060654362856,0.0007935483734924784
452,2026-08-31,DANSKE,DK0010274414,01555201W,,,,,,-0.0010693109968867907,,-0.0010280779250274028,0.000985030327181428,-0.002962387502486369,,,,,,0.0037728520078835824,0.001801451859620089,,-0.0007750432419295732,,,,,,,,,,,,-0.0006419298761407058,-0.0008563646955795712,-0.001025441827783743,,-0.0008987018265969884,,,,,,,,,,,,,,-0.0008600479845928167,0.001970060654362856,-9.248900340510523e-05
453,2026-08-31,DASH,US25809K1051,03742001,,,-0.0007661346989188884,,,,0.004544571736768861,-0.0010280779250274028,,,,,,,,-0.0012497572276114369,,,0.0022722858683844305,-0.0006032010751669077,0.0029844948719079086,0.002962387502486369,,,0.002596898135296492,-0.000880886151620396,-0.0029844948719079086,-0.0006115020073939752,-0.006248786138057184,0.002050883655567486,,,,0.004122910441604739,,-0.0007392279350012195,,,,,,,,,,-0.0006621230344961254,-0.0006610286162572888,,,,0.0002692260318030113
454,2026-08-31,DB1,DE0005810055,24377401W,-0.000560115284083557,,-0.0007661346989188884,,-0.0007003893394670049,-0.0010693109968867907,,0.0030297144911792407,0.000985030327181428,0.0029191409696033557,,,,,,-0.0012497572276114369,0.001801451859620089,,-0.0007750432419295732,,,,,,,,,,,-0.0006967287680063759,-0.0006419298761407058,-0.0008563646955795712,-0.001025441827783743,-0.0010552039916508172,-0.0008987018265969884,,,,,,,-0.001075059980741021,-0.0012267555608455822,-0.0013743034805349132,-0.0023804899573551174,-0.0006621230344961254,-0.0006610286162572888,,-0.0008600479845928167,0.001970060654362856,-6.23140646689424e-05
455,2026-08-31,DBK,DE0005140008,01557601W,,,,,,0.00209383409861602,,-0.0010280779250274028,0.000985030327181428,,,,,,,0.0037728520078835824,0.001801451859620089,,-0.0007750432419295732,,,,,,,,,,,-0.0006967287680063759,-0.0006419298761407058,-0.0008563646955795712,0.003006934682974885,-0.0010552039916508172,0.0035080904634706995,0.0021734908306285856,,0.002050883655567486,,0.0016803458522506713,0.002234202865003686,0.002115991073204549,0.0024091705592509624,0.0027021777894301337,,-0.0006621230344961254,,,,0.001970060654362856,0.0004889434875179439
456,2026-08-31,DDOG,US23804L1035,03562001,-0.000560115284083557,,-0.0007661346989188884,-0.0023947443882374837,-0.0007003893394670049,-0.0010693109968867907,-0.004760979914710235,,,,,,,,,,,,-0.0007750432419295732,-0.0006032010751669077,,,,,-0.0013198756199196693,-0.000880886151620396,,-0.0006115020073939752,,-0.0006967287680063759,-0.0006419298761407058,-0.0008563646955795712,,,,-0.0007392279350012195,,,,,,-0.001075059980741021,,,,,,,,,-0.00035676599020244276
457,2026-08-31,DE,US2441991054,00383501,-0.000560115284083557,-0.0006115020073939752,,-0.0023947443882374837,-0.0007003893394670049,-0.0010693109968867907,,,,-0.002962387502486369,,,,,-0.003602903719240178,,,-0.002338726975647133,,-0.0006032010751669077,,-0.0010150312508519282,,,-0.0013198756199196693,-0.000880886151620396,-0.0029844948719079086,-0.0006115020073939752,,-0.0006967287680063759,-0.0006419298761407058,-0.0008563646955795712,-0.001025441827783743,,-0.0008987018265969884,-0.0007392279350012195,,,-0.0024839895207183836,0.0016803458522506713,,-0.001075059980741021,-0.0012267555608455822,-0.0013743034805349132,,-0.0006621230344961254,-0.0006610286162572888,-0.0011591951096685791,,0.001970060654362856,-0.0004487134279090836
458,2026-08-31,DECK,US2435371073,02901501,0.0016525715406432223,,-0.0007661346989188884,0.004650259451577439,0.002072136335936061,,,,,,0.004165857425371455,,0.0024839895207183836,,,-0.0012497572276114369,,,-0.0007750432419295732,0.002366404217962484,,-0.0010150312508519282,,,0.002596898135296492,-0.000880886151620396,,-0.0006115020073939752,,,,,,0.004122910441604739,,,,,,-0.0016945860713375414,-0.0022594480951167216,,,,,0.0019319918494476317,0.0019319918494476317,0.0022722858683844305,,-0.001999611564178299,0.0005532897346424882
459,2026-08-31,DELL,US24703L2025,01448908,0.0016525715406432223,0.001809603225500723,0.0022594480951167216,0.004650259451577439,0.002072136335936061,,,0.0030297144911792407,,,,,-0.0013886191417904852,-0.002666148752237732,,,,0.0023251297257887195,-0.0007750432419295732,0.002366404217962484,,,,,,0.003447606145134998,,0.0023804899573551174,0.0061526509667024585,0.002050883655567486,-0.0006419298761407058,0.0016874359191378049,,,,0.0021734908306285856,,0.002050883655567486,,0.0016803458522506713,,0.002115991073204549,,,,,,,,,0.0006641776210657573
460,2026-08-31,DEMANT,DK0060738599,20454401W,0.0016525715406432223,,,,,,,,0.000985030327181428,,,,,,0.0012230040147879504,,,,-0.0007750432419295732,-0.0006032010751669077,,-0.0010150312508519282,,,-0.0013198756199196693,,,-0.0006115020073939752,,-0.0006967287680063759,-0.0006419298761407058,-0.0008563646955795712,,-0.0010552039916508172,,-0.0007392279350012195,,,,-0.0016945860713375414,,,,,,-0.0006621230344961254,0.0019319918494476317,,,0.001970060654362856,-7.229626026772634e-05
461,2026-08-31,DG,FR0000125486,10229602W,-0.000560115284083557,-0.0006115020073939752,,,-0.0007003893394670049,,,,0.000985030327181428,,,,,,,,,,,-0.0006032010751669077,,-0.0010150312508519282,,,-0.0013198756199196693,-0.000880886151620396,,-0.0006115020073939752,,-0.0006967287680063759,-0.0006419298761407058,0.0016874359191378049,-0.001025441827783743,,-0.0008987018265969884,-0.0007392279350012195,,,,0.0016803458522506713,0.002234202865003686,0.002115991073204549,0.0024091705592509624,0.0027021777894301337,0.002366404217962484,0.0019319918494476317,0.0019319918494476317,0.0022722858683844305,0.002531153878706707,0.001970060654362856,0.00042118134197496095
462,2026-08-31,DG,US2566771059,00401602,-0.000560115284083557,,,,,,,,,,,0.002816354315744083,0.0024839895207183836,,0.0012230040147879504,,-0.005332297504475464,,,-0.0006032010751669077,,,,,,,,-0.0006115020073939752,,,-0.0006419298761407058,,,,,,0.005478387847063832,,,,,,,,,,,,0.002531153878706707,,0.00024140970907161725
463,2026-08-31,DGE,GB0002374006,01863601W,-0.000560115284083557,,,,,-0.0010693109968867907,,,,,,-0.002836328459827374,-0.0013886191417904852,,-0.003602903719240178,,,-0.002338726975647133,-0.0007750432419295732,-0.0006032010751669077,-0.0015322693978377768,,,,-0.0013198756199196693,,,-0.0006115020073939752,,-0.0006967287680063759,-0.0006419298761407058,-0.0008563646955795712,,,,-0.0007392279350012195,-0.005554476567161941,,,,,-0.001075059980741021,,,-0.0023804899573551174,-0.0006621230344961254,-0.0006610286162572888,-0.0011591951096685791,0.002531153878706707,,-0.0007733932270538299
464,2026-08-31,DGX,US74834L1008,06416601,0.0016525715406432223,,,,,,,,,,,,,,,,,,-0.0007750432419295732,-0.0006032010751669077,,-0.0010150312508519282,,,,,,-0.0006115020073939752,,-0.0006967287680063759,-0.0006419298761407058,,,-0.0010552039916508172,,-0.0007392279350012195,,,-0.0024839895207183836,,,,,,,,-0.0006610286162572888,,,,-0.00016561052544205159
465,2026-08-31,DHER,DE000A2E4K43,32485901W,-0.000560115284083557,-0.0006115020073939752,-0.0007661346989188884,,-0.0007003893394670049,,,-0.0010280779250274028,,,,,,0.002666148752237732,,-0.0012497572276114369,,,0.0022722858683844305,-0.0006032010751669077,-0.0015322693978377768,,,,,-0.000880886151620396,,-0.0006115020073939752,,,0.0018864260039417912,0.0016874359191378049,,0.004122910441604739,,-0.0007392279350012195,0.005478387847063832,-0.002072136335936061,,,,,,,,-0.0006621230344961254,-0.0006610286162572888,-0.0011591951096685791,,0.001970060654362856,3.197954126565194e-05
466,2026-08-31,DHI,US23331A1097,02534001,-0.000560115284083557,-0.0006115020073939752,,-0.0023947443882374837,-0.0007003893394670049,,-0.004760979914710235,0.0030297144911792407,,,,,-0.0013886191417904852,,,-0.0012497572276114369,,,-0.0007750432419295732,-0.0006032010751669077,-0.0015322693978377768,-0.0010150312508519282,,,-0.0013198756199196693,-0.000880886151620396,,-0.0006115020073939752,,-0.0006967287680063759,-0.0006419298761407058,,,-0.0010552039916508172,,,,,,,,,,,,,0.0019319918494476317,0.0022722858683844305,,-0.001999611564178299,-0.0002275192581913104
467,2026-08-31,DHL,DE0005552004,24145601W,,,-0.0007661346989188884,,,,,,,,,,,0.002666148752237732,0.0012230040147879504,,,0.0023251297257887195,,-0.0006032010751669077,,,,,,-0.000880886151620396,,-0.0006115020073939752,,,-0.0006419298761407058,-0.0008563646955795712,-0.001025441827783743,,-0.0008987018265969884,,,,,0.0016803458522506713,,,,,0.002366404217962484,0.0019319918494476317,0.0019319918494476317,0.0022722858683844305,0.002531153878706707,,0.00033990096527666033
468,2026-08-31,DHR,US2358511028,00373501,,-0.0006115020073939752,,,,-0.0010693109968867907,,,0.000985030327181428,,,,,,,,,-0.002338726975647133,,-0.0006032010751669077,,-0.0010150312508519282,,,,,,-0.0006115020073939752,,-0.0006967287680063759,-0.0006419298761407058,-0.0008563646955795712,,-0.0010552039916508172,,-0.0007392279350012195,-0.005554476567161941,,0.004818341118501925,0.0016803458522506713,,-0.001075059980741021,-0.0012267555608455822,-0.0013743034805349132,,-0.0006621230344961254,-0.0006610286162572888,,,,-0.00044850457989402344
469,2026-08-31,DIE,BE0974259880,10178301W,-0.000560115284083557,,-0.0007661346989188884,,,,,-0.0010280779250274028,,,0.004165857425371455,,0.0024839895207183836,0.002666148752237732,,-0.0012497572276114369,,0.0023251297257887195,,0.002366404217962484,,,,,,-0.000880886151620396,,-0.0006115020073939752,,,,-0.0008563646955795712,-0.001025441827783743,-0.0010552039916508172,,0.0021734908306285856,,-0.002072136335936061,,-0.0016945860713375414,,,,,,-0.0006621230344961254,,,,0.001970060654362856,0.00025376021883652877
470,2026-08-31,DIM,FR0013154002,21150901W,-0.000560115284083557,-0.0006115020073939752,,,,-0.0010693109968867907,,,-0.0029191409696033557,,,,,,-0.003602903719240178,,,,,-0.0006032010751669077,-0.0015322693978377768,0.002962387502486369,,,,,,-0.0006115020073939752,,-0.0006967287680063759,-0.0006419298761407058,-0.0008563646955795712,,-0.0010552039916508172,,-0.0007392279350012195,,-0.002072136335936061,,,,-0.001075059980741021,-0.0012267555608455822,-0.0013743034805349132,,-0.0006621230344961254,-0.0006610286162572888,-0.0011591951096685791,-0.0008600479845928167,,-0.000662611680157513
471,2026-08-31,DIS,US2546871060,00398001,,,-0.0007661346989188884,,,-0.0010693109968867907,-0.004760979914710235,,,,,,,,,,,,,,-0.0015322693978377768,,,,,-0.000880886151620396,,,,,,,,,,,,,,0.0016803458522506713,,,,,,-0.0006621230344961254,-0.0006610286162572888,-0.0011591951096685791,,,-0.00035137700187978565
472,2026-08-31,DKS,US2533931026,15013901,,-0.0006115020073939752,-0.0007661346989188884,-0.0023947443882374837,-0.0007003893394670049,,,-0.0010280779250274028,,,-0.004165857425371455,,-0.0013886191417904852,,,-0.0012497572276114369,,,-0.0007750432419295732,-0.0006032010751669077,-0.0015322693978377768,-0.0010150312508519282,-0.00952195982942047,,-0.0013198756199196693,-0.000880886151620396,-0.0029844948719079086,-0.0006115020073939752,-0.006248786138057184,-0.0006967287680063759,-0.0006419298761407058,0.0016874359191378049,-0.001025441827783743,-0.0010552039916508172,,-0.0007392279350012195,,,,,,,,,,,-0.0006610286162572888,-0.0011591951096685791,,,-0.0008542687918621213
473,2026-08-31,DLR,US2538681030,16099101,-0.000560115284083557,,,,,,,,,,,,,,,,,,,,,,,,,,,0.0023804899573551174,,,,,-0.001025441827783743,-0.0010552039916508172,-0.0008987018265969884,,,,,,,-0.001075059980741021,,,,-0.0006621230344961254,-0.0006610286162572888,-0.0011591951096685791,,,-0.00014799480163852667
474,2026-08-31,DLTR,US2567461080,03158701,0.0016525715406432223,0.001809603225500723,,0.004650259451577439,,0.00209383409861602,0.004544571736768861,,,,,,0.0024839895207183836,,-0.003602903719240178,,0.001801451859620089,,-0.0007750432419295732,-0.0006032010751669077,0.0029844948719079086,,0.010524271390412098,,,,,-0.0006115020073939752,,0.002050883655567486,0.0018864260039417912,0.0016874359191378049,,,,-0.0007392279350012195,,,,,-0.0022594480951167216,0.002115991073204549,,-0.0013743034805349132,,,0.0019319918494476317,0.0022722858683844305,-0.0008600479845928167,,0.0005707514781797906
475,2026-08-31,DNB,NO0010161896,20070503W,-0.000560115284083557,-0.0006115020073939752,,,-0.0007003893394670049,-0.0010693109968867907,,-0.0010280779250274028,0.000985030327181428,-0.002962387502486369,-0.004165857425371455,,,,,0.0037728520078835824,0.001801451859620089,,-0.0007750432419295732,,-0.0015322693978377768,,,,,,,,,,-0.0006419298761407058,-0.0008563646955795712,-0.001025441827783743,,-0.0008987018265969884,,,,,,,-0.001075059980741021,0.0024091705592509624,0.0027021777894301337,,,,,0.002531153878706707,,-0.000185046781913639
476,2026-08-31,DOL,CA25675T1075,18368301C,-0.000560115284083557,-0.0006115020073939752,-0.0007661346989188884,,-0.0007003893394670049,,,,,,,,-0.0013886191417904852,0.002666148752237732,,-0.0012497572276114369,,,-0.0007750432419295732,0.002366404217962484,0.0029844948719079086,-0.0010150312508519282,,0.008887162507459107,,0.003447606145134998,,-0.0006115020073939752,,-0.0006967287680063759,,,,-0.0010552039916508172,,-0.0007392279350012195,,,,-0.0016945860713375414,-0.0022594480951167216,,,,,-0.0006621230344961254,-0.0006610286162572888,,,0.001970060654362856,0.00018968834684180729
477,2026-08-31,DOV,US2600031080,00405801,-0.000560115284083557,-0.0006115020073939752,-0.0007661346989188884,-0.0023947443882374837,-0.0007003893394670049,,,,0.000985030327181428,,,,-0.0013886191417904852,,0.0012230040147879504,,,,,-0.0006032010751669077,,,,,,-0.000880886151620396,0.00588121048287735,0.0023804899573551174,,-0.0006967287680063759,-0.0006419298761407058,,-0.001025441827783743,,-0.0008987018265969884,0.0021734908306285856,,0.002050883655567486,,,,,,,,-0.0006621230344961254,-0.0006610286162572888,,,-0.001999611564178299,3.240402677011456e-05
478,2026-08-31,DOW,US2605571031,03444301,-0.000560115284083557,-0.0006115020073939752,0.0022594480951167216,-0.0023947443882374837,-0.0007003893394670049,,,,,-0.002962387502486369,,,-0.0013886191417904852,,,-0.0012497572276114369,,,-0.0007750432419295732,-0.0006032010751669077,,0.002962387502486369,-0.00952195982942047,-0.009998057820891495,-0.0013198756199196693,-0.000880886151620396,0.00588121048287735,-0.0006115020073939752,-0.006248786138057184,-0.0006967287680063759,-0.0006419298761407058,-0.0008563646955795712,,,,0.0021734908306285856,,0.002050883655567486,0.004818341118501925,0.0016803458522506713,,,-0.0012267555608455822,,,0.0019319918494476317,,,,,-0.0002369143660566907
479,2026-08-31,DRI,US2371941053,03184601,-0.000560115284083557,-0.0006115020073939752,-0.0007661346989188884,-0.0023947443882374837,-0.0007003893394670049,,,-0.0010280779250274028,,,,,,0.002666148752237732,,-0.0012497572276114369,,,,-0.0006032010751669077,,-0.0010150312508519282,-0.00952195982942047,,,0.003447606145134998,,-0.0006115020073939752,,,-0.0006419298761407058,,-0.001025441827783743,-0.0010552039916508172,,-0.0007392279350012195,,,,,,,,,,-0.0006621230344961254,-0.0006610286162572888,-0.0011591951096685791,,0.001970060654362856,-0.0002931179457372579
480,2026-08-31,DSCT,IL0006912120,00620301W,,-0.0006115020073939752,-0.0007661346989188884,,-0.0007003893394670049,,,,,,0.004165857425371455,0.002816354315744083,,,,0.0037728520078835824,0.001801451859620089,,-0.0007750432419295732,,0.0029844948719079086,,,,,,,,,,-0.0006419298761407058,-0.0008563646955795712,0.003006934682974885,,0.0035080904634706995,,,,,,0.002234202865003686,0.002115991073204549,0.0024091705592509624,0.0027021777894301337,,,,,0.002531153878706707,,0.0010364116549900098
481,2026-08-31,DSFIR,CH1216478797,10245411W,,-0.0006115020073939752,0.0022594480951167216,,-0.0007003893394670049,-0.0010693109968867907,,-0.0010280779250274028,,,,-0.002836328459827374,0.0024839895207183836,,,-0.0012497572276114369,,,-0.0007750432419295732,-0.0006032010751669077,-0.0015322693978377768,,,,-0.0013198756199196693,,,-0.0006115020073939752,,-0.0006967287680063759,-0.0006419298761407058,,,,,-0.0007392279350012195,,,,,,-0.001075059980741021,-0.0012267555608455822,,,-0.0006621230344961254,-0.0006610286162572888,-0.0011591951096685791,,,-0.0006089728480985924
482,2026-08-31,DSV,DK0060079531,21302901W,-0.000560115284083557,-0.0006115020073939752,-0.0007661346989188884,,-0.0007003893394670049,0.00209383409861602,,,0.000985030327181428,,,,0.0024839895207183836,,0.0012230040147879504,,,,,-0.0006032010751669077,,-0.0010150312508519282,,,-0.0013198756199196693,-0.000880886151620396,,-0.0006115020073939752,,-0.0006967287680063759,-0.0006419298761407058,0.0016874359191378049,-0.001025441827783743,,-0.0008987018265969884,-0.0007392279350012195,,-0.002072136335936061,,,,,-0.0012267555608455822,-0.0013743034805349132,,-0.0006621230344961254,-0.0006610286162572888,,,,-0.00013101850438394834
483,2026-08-31,DSY,FR0014003TT8,06316901W,-0.000560115284083557,-0.0006115020073939752,-0.0007661346989188884,,-0.0007003893394670049,-0.0010693109968867907,,,,,,-0.002836328459827374,,,,,,,-0.0007750432419295732,-0.0006032010751669077,,,,,-0.0013198756199196693,,,-0.0006115020073939752,,-0.0006967287680063759,-0.0006419298761407058,-0.0008563646955795712,,,,-0.0007392279350012195,,-0.002072136335936061,,,,-0.001075059980741021,,,,,,,,,-0.0004375823975747542
484,2026-08-31,DTE,DE0005557508,22161601W,0.0016525715406432223,,0.0022594480951167216,,,,,,,,,,,,,,,,,,,,,,,-0.000880886151620396,,,,,-0.0006419298761407058,,,,,,,,,0.0016803458522506713,,,,,,0.0019319918494476317,0.0019319918494476317,0.0022722858683844305,,,0.0001680087192559467
485,2026-08-31,DTE,US2333311072,00389701,-0.000560115284083557,-0.0006115020073939752,,-0.0023947443882374837,-0.0007003893394670049,,,0.0030297144911792407,-0.0029191409696033557,-0.002962387502486369,,,,,0.0012230040147879504,,,,-0.0007750432419295732,-0.0006032010751669077,,-0.0010150312508519282,,,,,-0.0029844948719079086,,,-0.0006967287680063759,,0.0016874359191378049,,-0.0010552039916508172,-0.0008987018265969884,,,,,,,,-0.0012267555608455822,-0.0013743034805349132,,-0.0006621230344961254,-0.0006610286162572888,-0.0011591951096685791,-0.0008600479845928167,,-0.0004129516440844672
486,2026-08-31,DTG,DE000DTR0CK8,35159001W,0.0016525715406432223,-0.0006115020073939752,-0.0007661346989188884,,-0.0007003893394670049,0.00209383409861602,,,0.000985030327181428,,,,,,0.0012230040147879504,,,,,-0.0006032010751669077,,-0.0010150312508519282,,,-0.0013198756199196693,-0.000880886151620396,,-0.0006115020073939752,,-0.0006967287680063759,-0.0006419298761407058,-0.0008563646955795712,-0.001025441827783743,,-0.0008987018265969884,0.0021734908306285856,,0.002050883655567486,,0.0016803458522506713,0.002234202865003686,,-0.0012267555608455822,-0.0013743034805349132,0.002366404217962484,,0.0019319918494476317,0.0022722858683844305,0.002531153878706707,,0.0003481043590874742
487,2026-08-31,DUK,US26441C2044,00409301,-0.000560115284083557,-0.0006115020073939752,,,-0.0007003893394670049,-0.0010693109968867907,-0.004760979914710235,-0.0010280779250274028,0.000985030327181428,,-0.004165857425371455,,,,,,,,-0.0007750432419295732,-0.0006032010751669077,,-0.0010150312508519282,-0.00952195982942047,-0.009998057820891495,,,,,,0.002050883655567486,,,-0.001025441827783743,-0.0010552039916508172,-0.0008987018265969884,,,,,0.0016803458522506713,,,,,,-0.0006621230344961254,-0.0006610286162572888,,,,-0.000607958971377128
488,2026-08-31,DVN,US25179M1036,01493401,-0.000560115284083557,,-0.0007661346989188884,-0.0023947443882374837,-0.0007003893394670049,,,-0.0010280779250274028,-0.0029191409696033557,,,,,,,,-0.005332297504475464,,-0.0007750432419295732,,,-0.0010150312508519282,-0.00952195982942047,,,,,-0.0006115020073939752,,,,,,,,,,,,,,,,,,-0.0006621230344961254,,,0.002531153878706707,,-0.00031317053049641355
489,2026-08-31,DXCM,US2521311074,16288701,,0.001809603225500723,,,,,,,-0.0029191409696033557,,,,,,-0.003602903719240178,,,0.0023251297257887195,0.0022722858683844305,0.002366404217962484,0.0029844948719079086,0.002962387502486369,,,0.002596898135296492,,,0.0023804899573551174,0.0061526509667024585,,,,,-0.0010552039916508172,,0.0021734908306285856,,0.002050883655567486,-0.0024839895207183836,-0.0016945860713375414,,,-0.0012267555608455822,-0.0013743034805349132,,-0.0006621230344961254,,0.0022722858683844305,-0.0008600479845928167,,0.0005316437713469155
490,2026-08-31,EBAY,US2786421030,11452401,-0.000560115284083557,-0.0006115020073939752,-0.0007661346989188884,-0.0023947443882374837,-0.0007003893394670049,,,0.0030297144911792407,,,,,,,,0.0037728520078835824,,,-0.0007750432419295732,-0.0006032010751669077,,,,,,-0.000880886151620396,-0.0029844948719079086,-0.0006115020073939752,0.0061526509667024585,-0.0006967287680063759,-0.0006419298761407058,,-0.001025441827783743,-0.0010552039916508172,,-0.0007392279350012195,,,,,,,,,,-0.0006621230344961254,-0.0006610286162572888,,,,2.8291567169640884e-05
491,2026-08-31,EBS,AT0000652011,21465902W,,,,,,0.00209383409861602,,,,,-0.004165857425371455,,-0.0013886191417904852,,,0.0037728520078835824,0.001801451859620089,,-0.0007750432419295732,,0.0029844948719079086,,,,,,,,,,,,-0.001025441827783743,,-0.0008987018265969884,,,,,,,0.002115991073204549,,,,,,,,,0.0001393632254172488
492,2026-08-31,ECL,US2788651006,00421301,-0.000560115284083557,-0.0006115020073939752,-0.0007661346989188884,-0.0023947443882374837,-0.0007003893394670049,-0.0010693109968867907,,-0.0010280779250274028,,-0.002962387502486369,,-0.002836328459827374,,,,-0.0012497572276114369,,,-0.0007750432419295732,-0.0006032010751669077,0.0029844948719079086,-0.0010150312508519282,-0.00952195982942047,,-0.0013198756199196693,-0.000880886151620396,,-0.0006115020073939752,-0.006248786138057184,-0.0006967287680063759,-0.0006419298761407058,-0.0008563646955795712,,,,-0.0007392279350012195,,,,,,-0.001075059980741021,-0.0012267555608455822,,,-0.0006621230344961254,-0.0006610286162572888,-0.0011591951096685791,,,-0.0005924885679731006
493,2026-08-31,ED,US2091151041,00341301,-0.000560115284083557,-0.0006115020073939752,,,-0.0007003893394670049,,-0.004760979914710235,-0.0010280779250274028,0.000985030327181428,,,,,,0.0012230040147879504,,,,-0.0007750432419295732,-0.0006032010751669077,,-0.0010150312508519282,0.010524271390412098,0.008887162507459107,,,,,,-0.0006967287680063759,,,-0.001025441827783743,-0.0010552039916508172,-0.0008987018265969884,,,,,,,,,,,-0.0006621230344961254,-0.0006610286162572888,,,,-0.00023189430837798554
494,2026-08-31,EDP,PTEDP0AM0009,06491001W,,0.001809603225500723,,,0.002072136335936061,-0.0010693109968867907,,-0.0010280779250274028,0.000985030327181428,,,-0.002836328459827374,,,0.0012230040147879504,,,,,-0.0006032010751669077,,0.002962387502486369,,,,,,,,-0.0006967287680063759,,,-0.001025441827783743,-0.0010552039916508172,-0.0008987018265969884,,,,,,0.002234202865003686,-0.001075059980741021,0.0024091705592509624,,0.002366404217962484,,-0.0006610286162572888,,0.002531153878706707,,-7.49155377387727e-06
495,2026-08-31,EDPR,ES0127797019,28897002W,0.0016525715406432223,0.001809603225500723,,,0.002072136335936061,0.00209383409861602,,,,0.0029191409696033557,,-0.002836328459827374,,-0.002666148752237732,-0.003602903719240178,,,-0.002338726975647133,0.0022722858683844305,-0.0006032010751669077,,0.002962387502486369,,,,,,,,0.002050883655567486,,,-0.001025441827783743,-0.0010552039916508172,-0.0008987018265969884,,,,,,,-0.001075059980741021,-0.0012267555608455822,-0.0013743034805349132,-0.0023804899573551174,-0.0006621230344961254,-0.0006610286162572888,-0.0011591951096685791,-0.0008600479845928167,,-0.0003133663889031671
496,2026-08-31,EDVM.F,GB00BL6K5J42,10880401,,,,,,,,,,,,0.002816354315744083,,,,0.0037728520078835824,,,0.0022722858683844305,0.002366404217962484,0.0029844948719079086,,,,0.002596898135296492,-0.000880886151620396,0.00588121048287735,-0.0006115020073939752,0.0061526509667024585,0.002050883655567486,0.0018864260039417912,0.0016874359191378049,,,,0.0021734908306285856,,0.002050883655567486,0.004818341118501925,-0.0016945860713375414,,,0.0024091705592509624,,,0.0019319918494476317,0.0019319918494476317,0.0022722858683844305,,,0.0011948054876739112
497,2026-08-31,EFN,CA2861812014,17031101C,,-0.0006115020073939752,-0.0007661346989188884,,,,,,0.000985030327181428,-0.002962387502486369,,,,-0.002666148752237732,0.0012230040147879504,,,-0.002338726975647133,,-0.0006032010751669077,,-0.0010150312508519282,,,-0.0013198756199196693,-0.000880886151620396,,-0.0006115020073939752,,-0.0006967287680063759,-0.0006419298761407058,,-0.001025441827783743,,-0.0008987018265969884,,,,,,,,-0.0012267555608455822,,,-0.0006621230344961254,-0.0006610286162572888,-0.0011591951096685791,-0.0008600479845928167,0.001970060654362856,-0.00031064412643235634
498,2026-08-31,EFX,US2944291051,00442301,-0.000560115284083557,-0.0006115020073939752,-0.0007661346989188884,-0.0023947443882374837,-0.0007003893394670049,,,,,-0.002962387502486369,,,,,-0.003602903719240178,,,,,-0.0006032010751669077,,-0.0010150312508519282,,,,-0.000880886151620396,,-0.0006115020073939752,0.0061526509667024585,,-0.0006419298761407058,,0.003006934682974885,,0.0035080904634706995,,,,,,,,-0.0012267555608455822,,,,,,-0.0008600479845928167,,-5.75986478613134e-05
499,2026-08-31,EG,BMG3223R1088,06138801,-0.000560115284083557,-0.0006115020073939752,-0.0007661346989188884,-0.0023947443882374837,-0.0007003893394670049,0.00209383409861602,0.004544571736768861,-0.0010280779250274028,0.000985030327181428,,,,,,,-0.0012497572276114369,,,0.0022722858683844305,,-0.0015322693978377768,,,,,,-0.0029844948719079086,,,0.002050883655567486,0.0018864260039417912,,-0.001025441827783743,,-0.0008987018265969884,-0.0007392279350012195,,-0.002072136335936061,,,,0.002115991073204549,0.0024091705592509624,0.0027021777894301337,0.002366404217962484,0.0019319918494476317,0.0019319918494476317,,0.002531153878706707,,0.0003252952066674756
500,2026-08-31,EIX,US2810201077,00984601,-0.000560115284083557,-0.0006115020073939752,,,-0.0007003893394670049,,,0.0030297144911792407,0.000985030327181428,,0.004165857425371455,0.002816354315744083,,,0.0012230040147879504,,,,,0.002366404217962484,,,0.010524271390412098,,,,,,,0.002050883655567486,,0.0016874359191378049,-0.001025441827783743,0.004122910441604739,-0.0008987018265969884,,,,,0.0016803458522506713,0.002234202865003686,0.002115991073204549,0.0024091705592509624,0.0027021777894301337,,0.0019319918494476317,-0.0006610286162572888,,0.002531153878706707,0.001970060654362856,0.001036687624300744
501,2026-08-31,EL,FR0000121667,10124803W,-0.000560115284083557,-0.0006115020073939752,,,,-0.0010693109968867907,,,0.000985030327181428,,,,,,,,,,-0.0007750432419295732,-0.0006032010751669077,-0.0015322693978377768,-0.0010150312508519282,,,-0.0013198756199196693,,,-0.0006115020073939752,,-0.0006967287680063759,-0.0006419298761407058,,,-0.0010552039916508172,,-0.0007392279350012195,,,,,,,,-0.0013743034805349132,,,-0.0006610286162572888,-0.0011591951096685791,-0.0008600479845928167,,-0.00039649530416284743
502,2026-08-31,EL,US5184391044,06156701,0.0016525715406432223,0.001809603225500723,,0.004650259451577439,,0.00209383409861602,0.004544571736768861,,,,,,,,0.0012230040147879504,,-0.005332297504475464,,0.0022722858683844305,-0.0006032010751669077,0.0029844948719079086,,,,0.002596898135296492,,,0.0023804899573551174,,0.002050883655567486,0.0018864260039417912,-0.0008563646955795712,,,,,-0.005554476567161941,,,,,-0.001075059980741021,-0.0012267555608455822,-0.0013743034805349132,,-0.0006621230344961254,-0.0006610286162572888,,-0.0008600479845928167,0.001970060654362856,0.00014451864090202693
503,2026-08-31,ELE,ES0130670112,01532101W,,0.001809603225500723,,,0.002072136335936061,,,,0.000985030327181428,0.0029191409696033557,,-0.002836328459827374,,0.002666148752237732,0.0012230040147879504,,,0.0023251297257887195,,0.002366404217962484,,0.002962387502486369,,,,,,,,,,-0.0008563646955795712,0.003006934682974885,-0.0010552039916508172,0.0035080904634706995,,,,,,,0.002115991073204549,,,,,0.0019319918494476317,0.0022722858683844305,-0.0008600479845928167,0.001970060654362856,0.0004501284207204441
504,2026-08-31,ELI,BE0003822393,26974401W,,,,,,0.00209383409861602,,,-0.0029191409696033557,-0.002962387502486369,-0.004165857425371455,-0.002836328459827374,,,-0.003602903719240178,,,-0.002338726975647133,-0.0007750432419295732,-0.0006032010751669077,,0.002962387502486369,,,,,,,,-0.0006967287680063759,,-0.0008563646955795712,0.003006934682974885,-0.0010552039916508172,0.0035080904634706995,,,,,,,0.002115991073204549,,-0.0013743034805349132,,-0.0006621230344961254,-0.0006610286162572888,-0.0011591951096685791,-0.0008600479845928167,,-0.0007515851525309173
505,2026-08-31,ELISA,FI0009007884,23408701W,-0.000560115284083557,-0.0006115020073939752,-0.0007661346989188884,,-0.0007003893394670049,-0.0010693109968867907,,-0.0010280779250274028,,-0.002962387502486369,,-0.002836328459827374,,,,,,,,,,,,,,-0.000880886151620396,,,,,-0.0006419298761407058,-0.0008563646955795712,,,,,,,,-0.0016945860713375414,,,,,,-0.0006621230344961254,,,,,-0.0004236627525156517
506,2026-08-31,ELV,US0367521038,14504601,,,,,,-0.0010693109968867907,-0.004760979914710235,,0.000985030327181428,,,,,,0.0012230040147879504,,,0.0023251297257887195,-0.0007750432419295732,-0.0006032010751669077,,-0.0010150312508519282,,,-0.0013198756199196693,,,-0.0006115020073939752,,-0.0006967287680063759,-0.0006419298761407058,0.0016874359191378049,,-0.0010552039916508172,,,-0.005554476567161941,0.002050883655567486,,0.0016803458522506713,0.002234202865003686,-0.001075059980741021,0.0024091705592509624,0.0027021777894301337,0.002366404217962484,0.0019319918494476317,0.0019319918494476317,0.0022722858683844305,0.002531153878706707,,0.0002603959236311101
507,2026-08-31,EMA,CA2908761018,02579201C,-0.000560115284083557,0.001809603225500723,,,0.002072136335936061,-0.0010693109968867907,,0.0030297144911792407,0.000985030327181428,-0.002962387502486369,,,,,0.0012230040147879504,,,,-0.0007750432419295732,-0.0006032010751669077,,-0.0010150312508519282,,-0.009998057820891495,,,,,,,,0.0016874359191378049,-0.001025441827783743,-0.0010552039916508172,-0.0008987018265969884,,,,,,,-0.001075059980741021,-0.0012267555608455822,-0.0013743034805349132,,-0.0006621230344961254,-0.0006610286162572888,-0.0011591951096685791,-0.0008600479845928167,,-0.00027530484901336306
508,2026-08-31,EME,US29084Q1004,00622301,0.0016525715406432223,0.001809603225500723,0.0022594480951167216,0.004650259451577439,0.002072136335936061,0.00209383409861602,0.004544571736768861,,0.000985030327181428,0.0029191409696033557,,,-0.0013886191417904852,0.002666148752237732,0.0012230040147879504,,,0.0023251297257887195,,0.002366404217962484,,-0.0010150312508519282,,,0.002596898135296492,0.003447606145134998,-0.0029844948719079086,-0.0006115020073939752,,,,0.0016874359191378049,,,-0.0008987018265969884,-0.0007392279350012195,,,,,,0.002115991073204549,,,,-0.0006621230344961254,-0.0006610286162572888,,-0.0008600479845928167,,0.0005405735091263867
509,2026-08-31,EMP.A,CA2918434077,01431201C,-0.000560115284083557,0.001809603225500723,,,,0.00209383409861602,,,,,,0.002816354315744083,-0.0013886191417904852,0.002666148752237732,0.0012230040147879504,,0.001801451859620089,,-0.0007750432419295732,-0.0006032010751669077,0.0029844948719079086,,,,-0.0013198756199196693,,,-0.0006115020073939752,,-0.0006967287680063759,-0.0006419298761407058,0.0016874359191378049,,,,-0.0007392279350012195,0.005478387847063832,-0.002072136335936061,,,,-0.001075059980741021,-0.0012267555608455822,,0.002366404217962484,0.0019319918494476317,0.0019319918494476317,0.0022722858683844305,,,0.0006725599299376951
510,2026-08-31,EMR,US2910111044,00432101,-0.000560115284083557,-0.0006115020073939752,-0.0007661346989188884,-0.0023947443882374837,-0.0007003893394670049,-0.0010693109968867907,,,0.000985030327181428,,,,-0.0013886191417904852,-0.002666148752237732,0.0012230040147879504,,,-0.002338726975647133,,-0.0006032010751669077,,-0.0010150312508519282,,,,-0.000880886151620396,-0.0029844948719079086,-0.0006115020073939752,,-0.0006967287680063759,,-0.0008563646955795712,-0.001025441827783743,,-0.0008987018265969884,-0.0007392279350012195,,,-0.0024839895207183836,,,-0.001075059980741021,-0.0012267555608455822,-0.0013743034805349132,,-0.0006621230344961254,-0.0006610286162572888,-0.0011591951096685791,-0.0008600479845928167,,-0.00036386344301074655
511,2026-08-31,EMSN,CH0016440353,10228301W,,,-0.0007661346989188884,,,-0.0010693109968867907,,-0.0010280779250274028,,0.0029191409696033557,,,-0.0013886191417904852,,,-0.0012497572276114369,,,-0.0007750432419295732,0.002366404217962484,,,,,-0.0013198756199196693,0.003447606145134998,,-0.0006115020073939752,,-0.0006967287680063759,-0.0006419298761407058,-0.0008563646955795712,,,,-0.0007392279350012195,,,,-0.0016945860713375414,,-0.001075059980741021,-0.0012267555608455822,,,-0.0006621230344961254,-0.0006610286162572888,-0.0011591951096685791,,,-8.653135417812991e-05
512,2026-08-31,EN,FR0000120503,10109701W,,,0.0022594480951167216,,,,,,0.000985030327181428,,,,,0.002666148752237732,0.0012230040147879504,,,0.0023251297257887195,,-0.0006032010751669077,,-0.0010150312508519282,,,-0.0013198756199196693,-0.000880886151620396,,-0.0006115020073939752,,-0.0006967287680063759,,-0.0008563646955795712,-0.001025441827783743,,-0.0008987018265969884,,,,,0.0016803458522506713,0.002234202865003686,0.002115991073204549,0.0024091705592509624,0.0027021777894301337,0.002366404217962484,0.0019319918494476317,0.0019319918494476317,0.0022722858683844305,0.002531153878706707,0.001970060654362856,0.0005334586536484131
513,2026-08-31,ENB,CA29250N1050,00613501C,-0.000560115284083557,,-0.0007661346989188884,,-0.0007003893394670049,-0.0010693109968867907,,-0.0010280779250274028,0.000985030327181428,,,,-0.0013886191417904852,,0.0012230040147879504,,0.001801451859620089,,-0.0007750432419295732,,,-0.0010150312508519282,,,,,,0.0023804899573551174,,,,,,,,,,,,,,-0.001075059980741021,,,,-0.0006621230344961254,-0.0006610286162572888,-0.0011591951096685791,-0.0008600479845928167,0.001970060654362856,-0.00012820050250249534
514,2026-08-31,ENEL,IT0003128367,20179401W,,,,,,-0.0010693109968867907,,,0.000985030327181428,,0.004165857425371455,-0.002836328459827374,,0.002666148752237732,0.0012230040147879504,,,0.0023251297257887195,-0.0007750432419295732,0.002366404217962484,,0.002962387502486369,,,,,,,,0.002050883655567486,,-0.0008563646955795712,0.003006934682974885,-0.0010552039916508172,0.0035080904634706995,,,,,0.0016803458522506713,0.002234202865003686,,,,0.002366404217962484,,,,,0.001970060654362856,0.0004880850868863513
515,2026-08-31,ENGI,FR0010208488,22094203W,-0.000560115284083557,,,,,-0.0010693109968867907,,-0.0010280779250274028,0.000985030327181428,,,-0.002836328459827374,,0.002666148752237732,0.0012230040147879504,,,0.0023251297257887195,-0.0007750432419295732,-0.0006032010751669077,,-0.0010150312508519282,,,,,,,,-0.0006967287680063759,,-0.0008563646955795712,-0.001025441827783743,0.004122910441604739,-0.0008987018265969884,,,,,0.0016803458522506713,0.002234202865003686,,0.0024091705592509624,0.0027021777894301337,0.002366404217962484,,,,-0.0008600479845928167,0.001970060654362856,4.470964905860377e-05
516,2026-08-31,ENI,IT0003132476,06161601W,-0.000560115284083557,,-0.0007661346989188884,,,0.00209383409861602,,,0.000985030327181428,,,-0.002836328459827374,0.0024839895207183836,,0.0012230040147879504,,0.001801451859620089,,-0.0007750432419295732,,,-0.0010150312508519282,,,,,,-0.0006115020073939752,,,,,,,,,,,,,0.002234202865003686,0.002115991073204549,,,0.002366404217962484,,-0.0006610286162572888,,,,5.833481505054534e-05
517,2026-08-31,ENLT,IL0007200111,29241401W,,,,,,,,,-0.0029191409696033557,-0.002962387502486369,,,,-0.002666148752237732,-0.003602903719240178,,,-0.002338726975647133,0.0022722858683844305,-0.0006032010751669077,,0.002962387502486369,,,,,,,,,,-0.0008563646955795712,,-0.0010552039916508172,,,,,,-0.0016945860713375414,,,-0.0012267555608455822,-0.0013743034805349132,-0.0023804899573551174,-0.0006621230344961254,-0.0006610286162572888,-0.0011591951096685791,-0.0008600479845928167,0.001970060654362856,-0.0005549409433200865
518,2026-08-31,ENR,DE000ENER6Y0,34015301W,,,-0.0007661346989188884,,,0.00209383409861602,,,,0.0029191409696033557,,,,0.002666148752237732,,,,0.0023251297257887195,,0.002366404217962484,,0.002962387502486369,,,0.002596898135296492,-0.000880886151620396,,-0.0006115020073939752,,0.002050883655567486,0.0018864260039417912,,,,,,,,,0.0016803458522506713,,0.002115991073204549,-0.0012267555608455822,-0.0013743034805349132,,,,0.0022722858683844305,-0.0008600479845928167,0.001970060654362856,0.0004465072060045648
519,2026-08-31,ENTG,US29362U1043,13757301,-0.000560115284083557,-0.0006115020073939752,,,-0.0007003893394670049,,,0.0030297144911792407,,,,,,,,,,-0.002338726975647133,-0.0007750432419295732,-0.0006032010751669077,,,,,-0.0013198756199196693,-0.000880886151620396,,0.0023804899573551174,,-0.0006967287680063759,-0.0006419298761407058,-0.0008563646955795712,,,,0.0021734908306285856,,,-0.0024839895207183836,,,-0.001075059980741021,,,,,,,,,-5.227840949295572e-05
520,2026-08-31,ENX,NL0006294274,24649804W,-0.000560115284083557,-0.0006115020073939752,-0.0007661346989188884,,-0.0007003893394670049,-0.0010693109968867907,,,0.000985030327181428,0.0029191409696033557,0.004165857425371455,,,,,0.0037728520078835824,0.001801451859620089,,-0.0007750432419295732,,-0.0015322693978377768,,,,,,,,,-0.0006967287680063759,-0.0006419298761407058,-0.0008563646955795712,,-0.0010552039916508172,-0.0008987018265969884,-0.0007392279350012195,,,,,0.002234202865003686,-0.001075059980741021,-0.0012267555608455822,-0.0013743034805349132,-0.0023804899573551174,-0.0006621230344961254,-0.0006610286162572888,,-0.0008600479845928167,0.001970060654362856,6.743542844950552e-05
521,2026-08-31,EOAN,DE000ENAG999,10059001W,-0.000560115284083557,0.001809603225500723,,,0.002072136335936061,-0.0010693109968867907,,-0.0010280779250274028,0.000985030327181428,,,,,0.002666148752237732,0.0012230040147879504,,,0.0023251297257887195,-0.0007750432419295732,0.002366404217962484,,-0.0010150312508519282,,,,,,,,-0.0006967287680063759,,-0.0008563646955795712,-0.001025441827783743,0.004122910441604739,-0.0008987018265969884,,,,,0.0016803458522506713,0.002234202865003686,,0.0024091705592509624,0.0027021777894301337,0.002366404217962484,0.0019319918494476317,,,0.002531153878706707,0.001970060654362856,0.0005440636036511584
522,2026-08-31,EOG,US26875P1012,01647801,,,,,,,0.004544571736768861,-0.0010280779250274028,-0.0029191409696033557,,,,,,,,,,-0.0007750432419295732,,,-0.0010150312508519282,-0.00952195982942047,,,,,-0.0006115020073939752,,,,,,,,,,,-0.0024839895207183836,,-0.0022594480951167216,,,,,,-0.0006610286162572888,,,-0.001999611564178299,-0.00017275876371498835
523,2026-08-31,EPI A,SE0015658109,32746601W,,-0.0006115020073939752,-0.0007661346989188884,,-0.0007003893394670049,,,,0.000985030327181428,,,,-0.0013886191417904852,,0.0012230040147879504,,,,,-0.0006032010751669077,,-0.0010150312508519282,,,-0.0013198756199196693,-0.000880886151620396,,-0.0006115020073939752,,-0.0006967287680063759,-0.0006419298761407058,-0.0008563646955795712,-0.001025441827783743,,-0.0008987018265969884,-0.0007392279350012195,,,,,,-0.001075059980741021,-0.0012267555608455822,-0.0013743034805349132,,-0.0006621230344961254,-0.0006610286162572888,,-0.0008600479845928167,-0.001999611564178299,-0.00020943321011963314
524,2026-08-31,EPI B,SE0015658117,32746602W,,,,,,,,,0.000985030327181428,,,,-0.0013886191417904852,,0.0012230040147879504,,,,,-0.0006032010751669077,,-0.0010150312508519282,,,-0.0013198756199196693,-0.000880886151620396,,-0.0006115020073939752,,-0.0006967287680063759,-0.0006419298761407058,-0.0008563646955795712,-0.001025441827783743,,-0.0008987018265969884,-0.0007392279350012195,,-0.002072136335936061,,,,,,,,-0.0006621230344961254,,,-0.0008600479845928167,-0.001999611564178299,-0.00019098608871795676
525,2026-08-31,EQIX,US29444U7000,13874301,-0.000560115284083557,,,,,,,,,,,,,0.002666148752237732,,,,0.0023251297257887195,,,,,,,,,,0.0023804899573551174,-0.006248786138057184,,,,,-0.0010552039916508172,0.0035080904634706995,,,,,,-0.0022594480951167216,-0.001075059980741021,,,,-0.0006621230344961254,-0.0006610286162572888,-0.0011591951096685791,,,-5.643554621257694e-05
526,2026-08-31,EQNR,NO0010096985,22054601W,-0.000560115284083557,,-0.0007661346989188884,,0.002072136335936061,-0.0010693109968867907,,0.0030297144911792407,,,,,0.0024839895207183836,,0.0012230040147879504,,,0.0023251297257887195,-0.0007750432419295732,,,,,,,,,0.0023804899573551174,,,,,,,,,,,,,0.002234202865003686,-0.001075059980741021,,,,0.0019319918494476317,,0.0022722858683844305,0.002531153878706707,,0.00043966792106271425
527,2026-08-31,EQR,US29476L1070,02873301,0.0016525715406432223,,,,,,,,,,,,,,,,,,,,,,,,,,,-0.0006115020073939752,,,,,-0.001025441827783743,-0.0010552039916508172,-0.0008987018265969884,,,,,,,,,,,,,,,,-6.758336445386672e-05
528,2026-08-31,EQT,SE0012853455,33386601W,-0.000560115284083557,-0.0006115020073939752,-0.0007661346989188884,,-0.0007003893394670049,,,-0.0010280779250274028,,-0.002962387502486369,,,,,,-0.0012497572276114369,-0.005332297504475464,,0.0022722858683844305,,,,,,,,,,,-0.0006967287680063759,-0.0006419298761407058,-0.0008563646955795712,,-0.0010552039916508172,-0.0008987018265969884,,,0.002050883655567486,,-0.0016945860713375414,-0.0022594480951167216,,-0.0012267555608455822,-0.0013743034805349132,-0.0023804899573551174,-0.0006621230344961254,-0.0006610286162572888,,-0.0008600479845928167,-0.001999611564178299,-0.0003720766775370172
529,2026-08-31,EQT,US26884L1098,00443001,-0.000560115284083557,,-0.0007661346989188884,-0.0023947443882374837,-0.0007003893394670049,-0.0010693109968867907,,-0.0010280779250274028,0.000985030327181428,,,,,-0.002666148752237732,,,-0.005332297504475464,-0.002338726975647133,0.0022722858683844305,,,-0.0010150312508519282,,,,,,0.0023804899573551174,,,,,,,,,,,,,-0.0022594480951167216,,,,,,0.0019319918494476317,0.0022722858683844305,-0.0008600479845928167,-0.001999611564178299,-0.00022214816855810134
530,2026-08-31,EQX,CA29446Y5020,01835101C,-0.000560115284083557,-0.0006115020073939752,-0.0007661346989188884,,-0.0007003893394670049,,,-0.0010280779250274028,,0.0029191409696033557,,0.002816354315744083,0.0024839895207183836,,,0.0037728520078835824,,,-0.0007750432419295732,-0.0006032010751669077,0.0029844948719079086,0.002962387502486369,,0.008887162507459107,-0.0013198756199196693,-0.000880886151620396,,0.0023804899573551174,,-0.0006967287680063759,-0.0006419298761407058,,,,,0.0021734908306285856,,0.002050883655567486,,,,,,,,-0.0006621230344961254,,,,,0.0005862079433249885
531,2026-08-31,ERF,FR0014000MR3,22581601W,,0.001809603225500723,,,,,,,-0.0029191409696033557,,,,,,-0.003602903719240178,,,,-0.0007750432419295732,-0.0006032010751669077,0.0029844948719079086,,,,,,,-0.0006115020073939752,,,,0.0016874359191378049,,-0.0010552039916508172,,-0.0007392279350012195,0.005478387847063832,0.002050883655567486,,,,,,,0.002366404217962484,0.0019319918494476317,,,,,0.00036049801037289834
532,2026-08-31,ERIC B,SE0000108656,00443906W,-0.000560115284083557,-0.0006115020073939752,0.0022594480951167216,,-0.0007003893394670049,-0.0010693109968867907,,-0.0010280779250274028,,,,-0.002836328459827374,-0.0013886191417904852,0.002666148752237732,,,,0.0023251297257887195,,-0.0006032010751669077,,,,,,-0.000880886151620396,,-0.0006115020073939752,,0.002050883655567486,0.0018864260039417912,-0.0008563646955795712,,,,-0.0007392279350012195,,-0.002072136335936061,,,,-0.001075059980741021,,,,,,,,,-0.00022640994006542192
533,2026-08-31,ES,US30040W1080,00797001,-0.000560115284083557,-0.0006115020073939752,,-0.0023947443882374837,-0.0007003893394670049,-0.0010693109968867907,-0.004760979914710235,-0.0010280779250274028,0.000985030327181428,,,,,,0.0012230040147879504,,,,0.0022722858683844305,-0.0006032010751669077,,,,0.008887162507459107,,,0.00588121048287735,,,0.002050883655567486,,,-0.001025441827783743,-0.0010552039916508172,-0.0008987018265969884,,,,,,,,0.0024091705592509624,0.0027021777894301337,,,,,-0.0008600479845928167,,-2.1401857396334985e-05
534,2026-08-31,ESLT,IL0010811243,06538001W,-0.000560115284083557,,,,-0.0007003893394670049,-0.0010693109968867907,,,0.000985030327181428,0.0029191409696033557,,,0.0024839895207183836,,0.0012230040147879504,,,,,-0.0006032010751669077,,0.002962387502486369,,,,,,0.0023804899573551174,,,,,,,0.0035080904634706995,,,,,,,-0.001075059980741021,-0.0012267555608455822,-0.0013743034805349132,,-0.0006621230344961254,-0.0006610286162572888,-0.0011591951096685791,-0.0008600479845928167,,2.5788377847876815e-05
535,2026-08-31,ESS,US2971781057,03029301,0.0016525715406432223,,,,,,,,,,,,,,,,,,,,,,,,,,,-0.0006115020073939752,,,,,,-0.0010552039916508172,-0.0008987018265969884,,,,,-0.0016945860713375414,,-0.001075059980741021,,,,-0.0006621230344961254,,,,,-8.797398859394686e-05
536,2026-08-31,ESSITY B,SE0009922164,32477001W,,-0.0006115020073939752,,,,,,,,,,-0.002836328459827374,-0.0013886191417904852,,,,0.001801451859620089,,-0.0007750432419295732,-0.0006032010751669077,-0.0015322693978377768,,,,-0.0013198756199196693,,,0.0023804899573551174,,-0.0006967287680063759,-0.0006419298761407058,-0.0008563646955795712,,,,,-0.005554476567161941,,,,,,0.0024091705592509624,,,,,0.0022722858683844305,-0.0008600479845928167,-0.001999611564178299,-0.00043319162003288596
537,2026-08-31,ETN,IE00B8KQN827,00419901,-0.000560115284083557,-0.0006115020073939752,-0.0007661346989188884,-0.0023947443882374837,-0.0007003893394670049,-0.0010693109968867907,-0.004760979914710235,,0.000985030327181428,-0.002962387502486369,,,-0.0013886191417904852,,0.0012230040147879504,,,,,-0.0006032010751669077,,-0.0010150312508519282,,,-0.0013198756199196693,-0.000880886151620396,-0.0029844948719079086,-0.0006115020073939752,,-0.0006967287680063759,-0.0006419298761407058,,-0.001025441827783743,,-0.0008987018265969884,-0.0007392279350012195,,,-0.0024839895207183836,,,-0.001075059980741021,-0.0012267555608455822,-0.0013743034805349132,-0.0023804899573551174,-0.0006621230344961254,-0.0006610286162572888,-0.0011591951096685791,-0.0008600479845928167,,-0.0004941974610504109
538,2026-08-31,ETR,US29364G1031,00736601,,-0.0006115020073939752,,-0.0023947443882374837,-0.0007003893394670049,,0.004544571736768861,-0.0010280779250274028,-0.0029191409696033557,,,0.002816354315744083,,,-0.003602903719240178,,,,,-0.0006032010751669077,,-0.0010150312508519282,,0.008887162507459107,,,-0.0029844948719079086,,,,,,-0.001025441827783743,-0.0010552039916508172,-0.0008987018265969884,,,,,,,,-0.0012267555608455822,-0.0013743034805349132,,,-0.0006610286162572888,-0.0011591951096685791,-0.0008600479845928167,,-0.0001768240000333767
539,2026-08-31,EVK,DE000EVNK013,29542101W,,0.001809603225500723,-0.0007661346989188884,,0.002072136335936061,-0.0010693109968867907,,,,,,,,,,-0.0012497572276114369,,,-0.0007750432419295732,-0.0006032010751669077,,-0.0010150312508519282,,,-0.0013198756199196693,-0.000880886151620396,,-0.0006115020073939752,,-0.0006967287680063759,-0.0006419298761407058,-0.0008563646955795712,,,,-0.0007392279350012195,,-0.002072136335936061,,,,-0.001075059980741021,-0.0012267555608455822,,,0.0019319918494476317,0.0019319918494476317,0.0022722858683844305,,,-9.495732462793214e-05
540,2026-08-31,EVN,AU000000EVN4,25335001W,-0.000560115284083557,-0.0006115020073939752,0.0022594480951167216,,-0.0007003893394670049,0.00209383409861602,,-0.0010280779250274028,,,,0.002816354315744083,0.0024839895207183836,,,-0.0012497572276114369,,,0.0022722858683844305,0.002366404217962484,-0.0015322693978377768,0.002962387502486369,,,0.002596898135296492,0.003447606145134998,,0.0023804899573551174,,,,,,,,,,0.002050883655567486,,-0.0016945860713375414,,0.002115991073204549,,,,0.0019319918494476317,,0.0022722858683844305,,,0.0004639393572326192
541,2026-08-31,EVO,SE0012673267,31943201W,0.0016525715406432223,,0.0022594480951167216,,,,,-0.0010280779250274028,,,,,,-0.002666148752237732,,0.0037728520078835824,,-0.002338726975647133,-0.0007750432419295732,-0.0006032010751669077,,-0.0010150312508519282,,,-0.0013198756199196693,-0.000880886151620396,,0.0023804899573551174,,-0.0006967287680063759,-0.0006419298761407058,-0.0008563646955795712,-0.001025441827783743,-0.0010552039916508172,,0.0021734908306285856,,,,-0.0016945860713375414,,,,,,0.0019319918494476317,0.0019319918494476317,0.0022722858683844305,,-0.001999611564178299,4.393851312393667e-05
542,2026-08-31,EVRG,US30034W1062,00633801,,,,,,,,0.0030297144911792407,,,,0.002816354315744083,,,,,,,-0.0007750432419295732,-0.0006032010751669077,,,-0.00952195982942047,,,,-0.0029844948719079086,,,-0.0006967287680063759,,-0.0008563646955795712,-0.001025441827783743,-0.0010552039916508172,-0.0008987018265969884,,,,,,,,,,,-0.0006621230344961254,-0.0006610286162572888,-0.0011591951096685791,,,-2.0311811079456835e-05
543,2026-08-31,EW,US28176E1082,13336601,-0.000560115284083557,-0.0006115020073939752,,,,,,,0.000985030327181428,,,,,,0.0012230040147879504,,,,-0.0007750432419295732,-0.0006032010751669077,,-0.0010150312508519282,,,-0.0013198756199196693,,,0.0023804899573551174,,-0.0006967287680063759,-0.0006419298761407058,,,-0.0010552039916508172,,,,,0.004818341118501925,,-0.0022594480951167216,-0.001075059980741021,-0.0012267555608455822,-0.0013743034805349132,-0.0023804899573551174,-0.0006621230344961254,-0.0006610286162572888,-0.0011591951096685791,-0.0008600479845928167,-0.001999611564178299,-0.0003273733372990788
544,2026-08-31,EXC,US30161N1019,00853901,-0.000560115284083557,-0.0006115020073939752,,,-0.0007003893394670049,,,-0.0010280779250274028,0.000985030327181428,,,,,,0.0012230040147879504,,,,-0.0007750432419295732,-0.0006032010751669077,,,,,,,,,,-0.0006967287680063759,,,-0.001025441827783743,-0.0010552039916508172,-0.0008987018265969884,,,,,0.0016803458522506713,,,,0.0027021777894301337,,,-0.0006610286162572888,-0.0011591951096685791,,,-0.000148806791877187
545,2026-08-31,EXE,US1651677353,02778621,-0.000560115284083557,,,-0.0023947443882374837,-0.0007003893394670049,,,-0.0010280779250274028,-0.0029191409696033557,,,,,,,,-0.005332297504475464,,0.0022722858683844305,,,,,,,,,0.0023804899573551174,,,,,,,,,,,,,,0.002115991073204549,,,,0.0019319918494476317,0.0019319918494476317,0.0022722858683844305,0.002531153878706707,-0.001999611564178299,9.276707053963518e-05
546,2026-08-31,EXO,NL0012059018,01633102W,0.0016525715406432223,0.001809603225500723,0.0022594480951167216,,0.002072136335936061,,,-0.0010280779250274028,,,0.004165857425371455,-0.002836328459827374,,,,0.0037728520078835824,-0.005332297504475464,,,,,,,,,,,,,-0.0006967287680063759,-0.0006419298761407058,-0.0008563646955795712,-0.001025441827783743,-0.0010552039916508172,-0.0008987018265969884,0.0021734908306285856,,0.002050883655567486,,-0.0016945860713375414,-0.0022594480951167216,,-0.0012267555608455822,-0.0013743034805349132,-0.0023804899573551174,0.0019319918494476317,0.0019319918494476317,,0.002531153878706707,-0.001999611564178299,0.00010559467541164299
547,2026-08-31,EXPD,US3021301094,00449401,0.0016525715406432223,0.001809603225500723,0.0022594480951167216,0.004650259451577439,0.002072136335936061,-0.0010693109968867907,,,0.000985030327181428,,,,,0.002666148752237732,0.0012230040147879504,,,0.0023251297257887195,,0.002366404217962484,,-0.0010150312508519282,,,,-0.000880886151620396,,-0.0006115020073939752,0.0061526509667024585,-0.0006967287680063759,-0.0006419298761407058,,-0.001025441827783743,,-0.0008987018265969884,,,,-0.0024839895207183836,-0.0016945860713375414,,-0.001075059980741021,,,,-0.0006621230344961254,-0.0006610286162572888,,,,0.0002662135523456802
548,2026-08-31,EXPE,US30212P3038,12629602,-0.000560115284083557,,,0.004650259451577439,0.002072136335936061,,0.004544571736768861,0.0030297144911792407,,,,,,0.002666148752237732,,0.0037728520078835824,,,0.0022722858683844305,0.002366404217962484,0.0029844948719079086,0.002962387502486369,,-0.009998057820891495,,-0.000880886151620396,0.00588121048287735,0.0023804899573551174,,0.002050883655567486,0.0018864260039417912,,0.003006934682974885,0.004122910441604739,,0.0021734908306285856,0.005478387847063832,0.002050883655567486,,,,,,,,0.0019319918494476317,0.0019319918494476317,0.0022722858683844305,,0.001970060654362856,0.0014685512903406302
549,2026-08-31,EXPN,GB00B19NLV48,27932701W,-0.000560115284083557,-0.0006115020073939752,-0.0007661346989188884,,-0.0007003893394670049,,,,0.000985030327181428,,,,,,0.0012230040147879504,,,,,-0.0006032010751669077,,-0.0010150312508519282,,,0.002596898135296492,-0.000880886151620396,,-0.0006115020073939752,,0.002050883655567486,0.0018864260039417912,,-0.001025441827783743,,-0.0008987018265969884,,,,,,,,,,,,,,-0.0008600479845928167,,-1.0660472049118162e-05
550,2026-08-31,EXR,US30225T1025,16047901,-0.000560115284083557,,,,,,,,,,,,,,,,,,,,,,,,,,,-0.0006115020073939752,,,,,-0.001025441827783743,-0.0010552039916508172,-0.0008987018265969884,,,,,,,-0.001075059980741021,,,,-0.0006621230344961254,-0.0006610286162572888,,,,-0.00013154267072990918
551,2026-08-31,F,US3453708600,00483901,0.0016525715406432223,0.001809603225500723,0.0022594480951167216,0.004650259451577439,0.002072136335936061,,0.004544571736768861,,,,0.004165857425371455,,,,,-0.0012497572276114369,,,-0.0007750432419295732,-0.0006032010751669077,,,0.010524271390412098,0.008887162507459107,-0.0013198756199196693,-0.000880886151620396,-0.0029844948719079086,-0.0006115020073939752,,-0.0006967287680063759,-0.0006419298761407058,,-0.001025441827783743,-0.0010552039916508172,,-0.0007392279350012195,0.005478387847063832,-0.002072136335936061,,0.0016803458522506713,0.002234202865003686,,,,,,0.0019319918494476317,,,0.001970060654362856,0.0004749513434534009
552,2026-08-31,F34,SG1T56930848,24611601W,0.0016525715406432223,-0.0006115020073939752,,,,,,,,,,,-0.0013886191417904852,,0.0012230040147879504,,0.001801451859620089,0.0023251297257887195,-0.0007750432419295732,-0.0006032010751669077,-0.0015322693978377768,,,,,,,-0.0006115020073939752,,,,0.0016874359191378049,,,,0.0021734908306285856,,0.002050883655567486,,0.0016803458522506713,0.002234202865003686,0.002115991073204549,0.0024091705592509624,0.0027021777894301337,0.002366404217962484,-0.0006621230344961254,-0.0006610286162572888,-0.0011591951096685791,0.002531153878706707,,0.00037706861415293255
553,2026-08-31,FANG,US25278X1090,17075001,-0.000560115284083557,,,,-0.0007003893394670049,,,-0.0010280779250274028,-0.0029191409696033557,,,,,-0.002666148752237732,-0.003602903719240178,,-0.005332297504475464,-0.002338726975647133,-0.0007750432419295732,,,-0.0010150312508519282,-0.00952195982942047,,,,,-0.0006115020073939752,,,,,,,,,,,-0.0024839895207183836,,,-0.001075059980741021,,,-0.0023804899573551174,-0.0006621230344961254,-0.0006610286162572888,-0.0011591951096685791,,,-0.0007042468005892242
554,2026-08-31,FAST,US3119001044,01422501,-0.000560115284083557,-0.0006115020073939752,-0.0007661346989188884,-0.0023947443882374837,-0.0007003893394670049,-0.0010693109968867907,-0.004760979914710235,,,0.0029191409696033557,,,0.0024839895207183836,,0.0012230040147879504,,,0.0023251297257887195,,0.002366404217962484,,-0.0010150312508519282,,,0.002596898135296492,0.003447606145134998,,-0.0006115020073939752,0.0061526509667024585,-0.0006967287680063759,-0.0006419298761407058,,,,-0.0008987018265969884,-0.0007392279350012195,,,-0.0024839895207183836,-0.0016945860713375414,-0.0022594480951167216,-0.001075059980741021,-0.0012267555608455822,-0.0013743034805349132,-0.0023804899573551174,-0.0006621230344961254,-0.0006610286162572888,-0.0011591951096685791,-0.0008600479845928167,-0.001999611564178299,-8.696788888736219e-05
555,2026-08-31,FBK,IT0000072170,31791101W,,,-0.0007661346989188884,,,-0.0010693109968867907,,-0.0010280779250274028,0.000985030327181428,0.0029191409696033557,,,,,,-0.0012497572276114369,0.001801451859620089,,-0.0007750432419295732,,0.0029844948719079086,,,,,,,,,,-0.0006419298761407058,-0.0008563646955795712,-0.001025441827783743,,-0.0008987018265969884,,,,,-0.0016945860713375414,,-0.001075059980741021,-0.0012267555608455822,-0.0013743034805349132,-0.0023804899573551174,,,,-0.0008600479845928167,,6.296292005154816e-05
556,2026-08-31,FCNC.A,US31946M1036,00469001,-0.000560115284083557,0.001809603225500723,0.0022594480951167216,0.004650259451577439,0.002072136335936061,,,0.0030297144911792407,-0.0029191409696033557,,,-0.002836328459827374,,,,-0.0012497572276114369,0.001801451859620089,,-0.0007750432419295732,,,,,,,,,,,,-0.0006419298761407058,,,,-0.0008987018265969884,,,,-0.0024839895207183836,,,-0.001075059980741021,,,,,,,0.002531153878706707,,2.9936648149234424e-05
557,2026-08-31,FCX,US35671D8570,01459002,0.0016525715406432223,0.001809603225500723,,,0.002072136335936061,,,,,,,0.002816354315744083,,,,-0.0012497572276114369,,,,-0.0006032010751669077,,-0.0010150312508519282,0.010524271390412098,,,0.003447606145134998,-0.0029844948719079086,-0.0006115020073939752,,-0.0006967287680063759,-0.0006419298761407058,-0.0008563646955795712,,,,-0.0007392279350012195,,,,0.0016803458522506713,,0.002115991073204549,-0.0012267555608455822,,,-0.0006621230344961254,-0.0006610286162572888,-0.0011591951096685791,,,5.1444183681843794e-05
558,2026-08-31,FDX,US31428X1063,00459801,,,,,,,,,,-0.002962387502486369,,,,0.002666148752237732,,,,,,-0.0006032010751669077,,-0.0010150312508519282,,,,-0.000880886151620396,,0.0023804899573551174,,-0.0006967287680063759,-0.0006419298761407058,,-0.001025441827783743,,-0.0008987018265969884,-0.0007392279350012195,,-0.002072136335936061,,0.0016803458522506713,,,,0.0027021777894301337,0.002366404217962484,0.0019319918494476317,-0.0006610286162572888,,0.002531153878706707,,2.299313905528421e-06
559,2026-08-31,FE,US3379321074,00809901,,,,0.004650259451577439,,,,-0.0010280779250274028,,-0.002962387502486369,,,,,0.0012230040147879504,,,,-0.0007750432419295732,-0.0006032010751669077,,-0.0010150312508519282,0.010524271390412098,,,,-0.0029844948719079086,,,-0.0006967287680063759,,0.0016874359191378049,-0.001025441827783743,-0.0010552039916508172,-0.0008987018265969884,,,,,,,-0.001075059980741021,-0.0012267555608455822,,,-0.0006621230344961254,-0.0006610286162572888,-0.0011591951096685791,-0.0008600479845928167,,-0.0003277058574566353
560,2026-08-31,FER,NL0015001FS8,27121701W,-0.000560115284083557,,-0.0007661346989188884,,-0.0007003893394670049,-0.0010693109968867907,,,0.000985030327181428,-0.002962387502486369,,,-0.0013886191417904852,,,,,-0.002338726975647133,,-0.0006032010751669077,,-0.0010150312508519282,,,-0.0013198756199196693,-0.000880886151620396,,0.0023804899573551174,,-0.0006967287680063759,-0.0006419298761407058,-0.0008563646955795712,,,-0.0008987018265969884,0.0021734908306285856,,0.002050883655567486,,,,-0.001075059980741021,-0.0012267555608455822,-0.0013743034805349132,,-0.0006621230344961254,,,-0.0008600479845928167,0.001970060654362856,-0.00020134186632453867
561,2026-08-31,FERG,US31488V1070,10064401,-0.000560115284083557,-0.0006115020073939752,-0.0007661346989188884,,-0.0007003893394670049,,,,0.000985030327181428,,,,,0.002666148752237732,0.0012230040147879504,,,0.0023251297257887195,,-0.0006032010751669077,,-0.0010150312508519282,,,0.002596898135296492,-0.000880886151620396,,-0.0006115020073939752,,,,,-0.001025441827783743,,-0.0008987018265969884,,,,,,,,,,,-0.0006621230344961254,-0.0006610286162572888,,,,2.2158803612050595e-05
562,2026-08-31,FFH,CA3039011026,01642801C,0.0016525715406432223,-0.0006115020073939752,-0.0007661346989188884,,-0.0007003893394670049,,,,-0.0029191409696033557,,,,0.0024839895207183836,,,-0.0012497572276114369,,,-0.0007750432419295732,,-0.0015322693978377768,,,,,,,,,,,0.0016874359191378049,-0.001025441827783743,,-0.0008987018265969884,-0.0007392279350012195,,-0.002072136335936061,,,,,0.0024091705592509624,0.0027021777894301337,0.002366404217962484,-0.0006621230344961254,-0.0006610286162572888,,0.002531153878706707,,-9.116918462451498e-05
563,2026-08-31,FFIV,US3156161024,12107701,-0.000560115284083557,-0.0006115020073939752,0.0022594480951167216,,,-0.0010693109968867907,-0.004760979914710235,0.0030297144911792407,,,,-0.002836328459827374,-0.0013886191417904852,,,,,,-0.0007750432419295732,-0.0006032010751669077,,,,,,-0.000880886151620396,,-0.0006115020073939752,,-0.0006967287680063759,-0.0006419298761407058,,,,,-0.0007392279350012195,,,-0.0024839895207183836,,,-0.001075059980741021,,,,,,,,,-0.00034719131374165153
564,2026-08-31,FGR,FR0000130452,22230701W,-0.000560115284083557,-0.0006115020073939752,0.0022594480951167216,,-0.0007003893394670049,,,,0.000985030327181428,,,,,0.002666148752237732,0.0012230040147879504,,,,,-0.0006032010751669077,,-0.0010150312508519282,,,-0.0013198756199196693,-0.000880886151620396,,-0.0006115020073939752,,-0.0006967287680063759,-0.0006419298761407058,0.0016874359191378049,-0.001025441827783743,,-0.0008987018265969884,-0.0007392279350012195,,-0.002072136335936061,,,0.002234202865003686,0.002115991073204549,0.0024091705592509624,0.0027021777894301337,0.002366404217962484,0.0019319918494476317,0.0019319918494476317,0.0022722858683844305,0.002531153878706707,0.001970060654362856,0.00039273032695318175
565,2026-08-31,FI,US3377381088,01263501,-0.000560115284083557,-0.0006115020073939752,0.0022594480951167216,-0.0023947443882374837,-0.0007003893394670049,,,,-0.0029191409696033557,-0.002962387502486369,-0.004165857425371455,,,,,-0.0012497572276114369,,,-0.0007750432419295732,,,,,,,,-0.0029844948719079086,,,,-0.0006419298761407058,,,-0.0010552039916508172,,-0.0007392279350012195,,,-0.0024839895207183836,,,-0.001075059980741021,0.0024091705592509624,0.0027021777894301337,0.002366404217962484,,0.0019319918494476317,,0.002531153878706707,-0.001999611564178299,-0.00023047278125632722
566,2026-08-31,FICO,US3032501047,01382401,-0.000560115284083557,-0.0006115020073939752,-0.0007661346989188884,-0.0023947443882374837,-0.0007003893394670049,,,-0.0010280779250274028,,,0.004165857425371455,,,-0.002666148752237732,,,,0.0023251297257887195,-0.0007750432419295732,0.002366404217962484,,,,,0.002596898135296492,-0.000880886151620396,0.00588121048287735,-0.0006115020073939752,0.0061526509667024585,,,,,,,,,,-0.0024839895207183836,-0.0016945860713375414,,0.002115991073204549,,,,,,,,,0.00039338472102128005
567,2026-08-31,FIS,US31620M1062,16599301,-0.000560115284083557,-0.0006115020073939752,,-0.0023947443882374837,-0.0007003893394670049,0.00209383409861602,0.004544571736768861,0.0030297144911792407,-0.0029191409696033557,-0.002962387502486369,-0.004165857425371455,,,,,-0.0012497572276114369,,,0.0022722858683844305,,0.0029844948719079086,,,,,,-0.0029844948719079086,,,0.002050883655567486,0.0018864260039417912,0.0016874359191378049,-0.001025441827783743,-0.0010552039916508172,-0.0008987018265969884,-0.0007392279350012195,,,0.004818341118501925,-0.0016945860713375414,,0.002115991073204549,0.0024091705592509624,-0.0013743034805349132,,,,,-0.0008600479845928167,-0.001999611564178299,8.648554603953607e-05
568,2026-08-31,FITB,US3167731005,00464001,-0.000560115284083557,-0.0006115020073939752,-0.0007661346989188884,-0.0023947443882374837,-0.0007003893394670049,,,-0.0010280779250274028,,,,-0.002836328459827374,,,,-0.0012497572276114369,0.001801451859620089,,-0.0007750432419295732,,,,,,,,,,,,-0.0006419298761407058,-0.0008563646955795712,-0.001025441827783743,,-0.0008987018265969884,,,,-0.0024839895207183836,,,,-0.0012267555608455822,,,,,,,,-0.0002543011544487168
569,2026-08-31,FIX,US1999081045,06499701,0.0016525715406432223,0.001809603225500723,,0.004650259451577439,0.002072136335936061,0.00209383409861602,0.004544571736768861,,-0.0029191409696033557,0.0029191409696033557,,,,0.002666148752237732,0.0012230040147879504,,,0.0023251297257887195,,0.002366404217962484,,0.002962387502486369,,,0.002596898135296492,0.003447606145134998,0.00588121048287735,0.0023804899573551174,,0.002050883655567486,0.0018864260039417912,0.0016874359191378049,0.003006934682974885,,0.0035080904634706995,0.0021734908306285856,,0.002050883655567486,0.004818341118501925,-0.0016945860713375414,,0.002115991073204549,-0.0012267555608455822,-0.0013743034805349132,-0.0023804899573551174,-0.0006621230344961254,,,-0.0008600479845928167,,0.000832577586247735
570,2026-08-31,FLEX,SG9999000020,03017001,0.0016525715406432223,0.001809603225500723,-0.0007661346989188884,0.004650259451577439,0.002072136335936061,0.00209383409861602,0.004544571736768861,-0.0010280779250274028,,,,,-0.0013886191417904852,0.002666148752237732,,,,0.0023251297257887195,-0.0007750432419295732,-0.0006032010751669077,,,,,-0.0013198756199196693,-0.000880886151620396,-0.0029844948719079086,-0.0006115020073939752,-0.006248786138057184,,-0.0006419298761407058,0.0016874359191378049,,,,-0.0007392279350012195,,,,,,0.002115991073204549,,,,,,,,0.001970060654362856,0.0001638723321868664
571,2026-08-31,FLUT,IE00BWT6H894,24317401,-0.000560115284083557,-0.0006115020073939752,,-0.0023947443882374837,-0.0007003893394670049,,0.004544571736768861,-0.0010280779250274028,,,0.004165857425371455,,,,,-0.0012497572276114369,,-0.002338726975647133,-0.0007750432419295732,-0.0006032010751669077,0.0029844948719079086,-0.0010150312508519282,-0.00952195982942047,-0.009998057820891495,-0.0013198756199196693,-0.000880886151620396,-0.0029844948719079086,-0.0006115020073939752,,-0.0006967287680063759,-0.0006419298761407058,0.0016874359191378049,,-0.0010552039916508172,,-0.0007392279350012195,,,,,,,,,,-0.0006621230344961254,0.0019319918494476317,,,,0.00018888064611911285
572,2026-08-31,FM,CA3359341052,10646401C,-0.000560115284083557,-0.0006115020073939752,-0.0007661346989188884,,-0.0007003893394670049,0.00209383409861602,,-0.0010280779250274028,,-0.002962387502486369,,,,,,-0.0012497572276114369,,,-0.0007750432419295732,-0.0006032010751669077,,-0.0010150312508519282,,-0.009998057820891495,-0.0013198756199196693,-0.000880886151620396,,-0.0006115020073939752,,-0.0006967287680063759,-0.0006419298761407058,,,,,-0.0007392279350012195,,,,,,-0.001075059980741021,-0.0012267555608455822,,,-0.0006621230344961254,-0.0006610286162572888,,,,-0.0004097554743539473
573,2026-08-31,FME,DE0005785802,21278201W,-0.000560115284083557,-0.0006115020073939752,,,,-0.0010693109968867907,,,,,,,,,,,,,,-0.0006032010751669077,,0.002962387502486369,,,,,,-0.0006115020073939752,,0.002050883655567486,0.0018864260039417912,0.0016874359191378049,,-0.0010552039916508172,,-0.0007392279350012195,0.005478387847063832,0.002050883655567486,,,0.002234202865003686,,0.0024091705592509624,0.0027021777894301337,0.002366404217962484,0.0019319918494476317,0.0019319918494476317,0.0022722858683844305,0.002531153878706707,,0.0006889426712141871
574,2026-08-31,FMG,AU000000FMG4,21242701W,-0.000560115284083557,-0.0006115020073939752,-0.0007661346989188884,,-0.0007003893394670049,-0.0010693109968867907,,-0.0010280779250274028,,,,0.002816354315744083,-0.0013886191417904852,,,-0.0012497572276114369,,,-0.0007750432419295732,0.002366404217962484,-0.0015322693978377768,-0.0010150312508519282,,,-0.0013198756199196693,-0.000880886151620396,,0.0023804899573551174,,-0.0006967287680063759,-0.0006419298761407058,-0.0008563646955795712,,,,0.0021734908306285856,,,,,,-0.001075059980741021,0.0024091705592509624,,,0.0019319918494476317,0.0019319918494476317,0.0022722858683844305,,,0.00020558878321698181
575,2026-08-31,FN,KYG3323L1005,17958301,-0.000560115284083557,-0.0006115020073939752,-0.0007661346989188884,-0.0023947443882374837,-0.0007003893394670049,,,-0.0010280779250274028,,,-0.004165857425371455,,-0.0013886191417904852,,,,,0.0023251297257887195,-0.0007750432419295732,-0.0006032010751669077,,,,,,0.003447606145134998,-0.0029844948719079086,-0.0006115020073939752,,-0.0006967287680063759,,0.0016874359191378049,,,,-0.0007392279350012195,,-0.002072136335936061,-0.0024839895207183836,-0.0016945860713375414,,,,,,,,,,,-0.00041729869669029587
576,2026-08-31,FNF,US31620R3030,16526401,-0.000560115284083557,-0.0006115020073939752,-0.0007661346989188884,-0.0023947443882374837,-0.0007003893394670049,,,-0.0010280779250274028,0.000985030327181428,,0.004165857425371455,,,,,-0.0012497572276114369,,,-0.0007750432419295732,,-0.0015322693978377768,,,,,,-0.0029844948719079086,,,-0.0006967287680063759,-0.0006419298761407058,0.0016874359191378049,-0.001025441827783743,-0.0010552039916508172,-0.0008987018265969884,-0.0007392279350012195,,-0.002072136335936061,,,,,,,0.002366404217962484,0.0019319918494476317,0.0019319918494476317,,0.002531153878706707,,9.209684102568545e-05
577,2026-08-31,FNV,CA3518581051,17899701C,-0.000560115284083557,-0.0006115020073939752,,,-0.0007003893394670049,,,0.0030297144911792407,,0.0029191409696033557,,,,,,0.0037728520078835824,,,0.0022722858683844305,0.002366404217962484,,-0.0010150312508519282,-0.00952195982942047,0.008887162507459107,0.002596898135296492,-0.000880886151620396,,0.0023804899573551174,,,,,,,,-0.0007392279350012195,,,,,,-0.001075059980741021,,,,-0.0006621230344961254,-0.0006610286162572888,-0.0011591951096685791,,,0.00036009301283497025
578,2026-08-31,FORTUM,FI0009007132,22559701W,0.0016525715406432223,-0.0006115020073939752,,,-0.0007003893394670049,-0.0010693109968867907,,-0.0010280779250274028,0.000985030327181428,0.0029191409696033557,,,,,0.0012230040147879504,,,,-0.0007750432419295732,-0.0006032010751669077,,-0.0010150312508519282,,,,,,,,-0.0006967287680063759,,,-0.001025441827783743,-0.0010552039916508172,-0.0008987018265969884,,,,,-0.0016945860713375414,-0.0022594480951167216,-0.001075059980741021,,-0.0013743034805349132,,-0.0006621230344961254,0.0019319918494476317,0.0022722858683844305,0.002531153878706707,-0.001999611564178299,8.126770231315191e-05
579,2026-08-31,FOX,US35137L2043,03463602,0.0016525715406432223,0.001809603225500723,0.0022594480951167216,0.004650259451577439,0.002072136335936061,,,,,,,,,,,,,,,,-0.0015322693978377768,,,,,-0.000880886151620396,,,,,-0.0006419298761407058,,,,,,,,,,,,,,,,0.0019319918494476317,0.0022722858683844305,,,0.00010181629009203555
580,2026-08-31,FOXA,US35137L1052,03463601,0.0016525715406432223,0.001809603225500723,0.0022594480951167216,0.004650259451577439,0.002072136335936061,,,0.0030297144911792407,,,,,,,,,,,,,-0.0015322693978377768,,,,,-0.000880886151620396,,,,,-0.0006419298761407058,,,,,,,,-0.0024839895207183836,,,,,,,,,0.0022722858683844305,,,0.00013946915821090716
581,2026-08-31,FPH,NZFAPE0001S2,10125601W,-0.000560115284083557,-0.0006115020073939752,,,,-0.0010693109968867907,,,-0.0029191409696033557,,,,,,-0.003602903719240178,,,,,0.002366404217962484,,,,,0.002596898135296492,,,-0.0006115020073939752,,-0.0006967287680063759,-0.0006419298761407058,-0.0008563646955795712,,-0.0010552039916508172,,-0.0007392279350012195,,,,-0.0016945860713375414,-0.0022594480951167216,,-0.0012267555608455822,-0.0013743034805349132,-0.0023804899573551174,-0.0006621230344961254,-0.0006610286162572888,-0.0011591951096685791,-0.0008600479845928167,-0.001999611564178299,-0.00041441764524344075
582,2026-08-31,FRES,GB00B2QPKJ12,28879901W,-0.000560115284083557,-0.0006115020073939752,0.0022594480951167216,,-0.0007003893394670049,-0.0010693109968867907,,,,,,,0.0024839895207183836,,,0.0037728520078835824,,,0.0022722858683844305,0.002366404217962484,-0.0015322693978377768,0.002962387502486369,,,0.002596898135296492,0.003447606145134998,,-0.0006115020073939752,,0.002050883655567486,0.0018864260039417912,,,,,,,0.002050883655567486,,-0.0016945860713375414,,-0.001075059980741021,,,,,0.0019319918494476317,0.0022722858683844305,,,0.0004010199691396604
583,2026-08-31,FSLR,US3364331070,17540401,-0.000560115284083557,-0.0006115020073939752,0.0022594480951167216,-0.0023947443882374837,-0.0007003893394670049,0.00209383409861602,0.004544571736768861,,,,-0.004165857425371455,-0.002836328459827374,0.0024839895207183836,-0.002666148752237732,,,,,-0.0007750432419295732,-0.0006032010751669077,,,,,,-0.000880886151620396,0.00588121048287735,-0.0006115020073939752,,0.002050883655567486,0.0018864260039417912,0.0016874359191378049,,,,0.0021734908306285856,,0.002050883655567486,-0.0024839895207183836,,,0.002115991073204549,,,,,,,,-0.001999611564178299,-5.679115960532657e-05
584,2026-08-31,FTAI,KYG3730V1059,01948401,,-0.0006115020073939752,-0.0007661346989188884,-0.0023947443882374837,-0.0007003893394670049,,0.004544571736768861,,-0.0029191409696033557,-0.002962387502486369,,,-0.0013886191417904852,0.002666148752237732,-0.003602903719240178,,,,,-0.0006032010751669077,,-0.0010150312508519282,,,0.002596898135296492,-0.000880886151620396,0.00588121048287735,-0.0006115020073939752,0.0061526509667024585,0.002050883655567486,0.0018864260039417912,,-0.001025441827783743,,-0.0008987018265969884,0.0021734908306285856,,-0.002072136335936061,,-0.0016945860713375414,-0.0022594480951167216,0.002115991073204549,-0.0012267555608455822,-0.0013743034805349132,-0.0023804899573551174,-0.0006621230344961254,-0.0006610286162572888,-0.0011591951096685791,-0.0008600479845928167,0.001970060654362856,-0.00017530152817794216
585,2026-08-31,FTI,GB00BDSFG982,03092301,-0.000560115284083557,,-0.0007661346989188884,-0.0023947443882374837,-0.0007003893394670049,,,,0.000985030327181428,,,-0.002836328459827374,0.0024839895207183836,0.002666148752237732,0.0012230040147879504,,0.001801451859620089,0.0023251297257887195,,,,,0.010524271390412098,,,,,-0.0006115020073939752,,,,,,,,,,,-0.0024839895207183836,,,,,,,-0.0006621230344961254,,,-0.0008600479845928167,,-3.542329376607191e-05
586,2026-08-31,FTNT,US34959E1091,18337701,-0.000560115284083557,0.001809603225500723,,,,-0.0010693109968867907,-0.004760979914710235,0.0030297144911792407,,,0.004165857425371455,,,0.002666148752237732,,,,0.0023251297257887195,-0.0007750432419295732,0.002366404217962484,,,,,-0.0013198756199196693,-0.000880886151620396,,-0.0006115020073939752,,-0.0006967287680063759,-0.0006419298761407058,-0.0008563646955795712,,,,-0.0007392279350012195,,,0.004818341118501925,,,-0.001075059980741021,,,,,,,,0.001970060654362856,0.00029878130503937876
587,2026-08-31,FTS,CA3495531079,01439001C,-0.000560115284083557,-0.0006115020073939752,,,-0.0007003893394670049,-0.0010693109968867907,,,,,,,,,,,,,-0.0007750432419295732,-0.0006032010751669077,,-0.0010150312508519282,-0.00952195982942047,0.008887162507459107,,,,,,-0.0006967287680063759,,-0.0008563646955795712,,-0.0010552039916508172,-0.0008987018265969884,,,,,,,-0.001075059980741021,-0.0012267555608455822,-0.0013743034805349132,,-0.0006621230344961254,-0.0006610286162572888,-0.0011591951096685791,-0.0008600479845928167,,-0.0003669188372848043
588,2026-08-31,FTV,US34959J1088,02659001,-0.000560115284083557,-0.0006115020073939752,-0.0007661346989188884,-0.0023947443882374837,-0.0007003893394670049,,,,0.000985030327181428,,,,0.0024839895207183836,-0.002666148752237732,0.0012230040147879504,,,-0.002338726975647133,,-0.0006032010751669077,,,,,,-0.000880886151620396,-0.0029844948719079086,-0.0006115020073939752,0.0061526509667024585,-0.0006967287680063759,,,-0.001025441827783743,,-0.0008987018265969884,-0.0007392279350012195,,-0.002072136335936061,-0.0024839895207183836,,,,-0.0012267555608455822,,,-0.0006621230344961254,0.0019319918494476317,0.0022722858683844305,,-0.001999611564178299,-0.00011133613431804786
589,2026-08-31,FUTU,US36118L1061,03460390,-0.000560115284083557,-0.0006115020073939752,-0.0007661346989188884,-0.0023947443882374837,-0.0007003893394670049,,-0.004760979914710235,,0.000985030327181428,0.0029191409696033557,,-0.002836328459827374,,,,-0.0012497572276114369,,,-0.0007750432419295732,,0.0029844948719079086,,,,,,0.00588121048287735,,,0.002050883655567486,0.0018864260039417912,0.0016874359191378049,,0.004122910441604739,,0.0021734908306285856,,0.002050883655567486,-0.0024839895207183836,-0.0016945860713375414,,-0.001075059980741021,0.0024091705592509624,0.0027021777894301337,,-0.0006621230344961254,0.0019319918494476317,,-0.0008600479845928167,,0.000381209826748386
590,2026-08-31,FWONK,US5312297550,02718703,-0.000560115284083557,0.001809603225500723,-0.0007661346989188884,,,-0.0010693109968867907,-0.004760979914710235,-0.0010280779250274028,,,-0.004165857425371455,0.002816354315744083,,,,,,,,,0.0029844948719079086,,,,,0.003447606145134998,,,,,0.0018864260039417912,,,,,,,,-0.0024839895207183836,,-0.0022594480951167216,,,,,-0.0006621230344961254,-0.0006610286162572888,-0.0011591951096685791,,,-8.892262211721418e-05
591,2026-08-31,G,IT0000062072,01580401W,-0.000560115284083557,,-0.0007661346989188884,,-0.0007003893394670049,,,,0.000985030327181428,,,,,,,-0.0012497572276114369,0.001801451859620089,,-0.0007750432419295732,,-0.0015322693978377768,,,,,,,,,-0.0006967287680063759,-0.0006419298761407058,,-0.001025441827783743,-0.0010552039916508172,-0.0008987018265969884,0.0021734908306285856,,0.002050883655567486,,,,,,,0.002366404217962484,0.0019319918494476317,0.0019319918494476317,,-0.0008600479845928167,,4.474416404961667e-05
592,2026-08-31,G1A,DE0006602006,10036801W,-0.000560115284083557,-0.0006115020073939752,-0.0007661346989188884,,-0.0007003893394670049,,,,,0.0029191409696033557,,,-0.0013886191417904852,,,,,0.0023251297257887195,,-0.0006032010751669077,,-0.0010150312508519282,,,,-0.000880886151620396,,-0.0006115020073939752,,-0.0006967287680063759,-0.0006419298761407058,,,,-0.0008987018265969884,-0.0007392279350012195,,-0.002072136335936061,,-0.0016945860713375414,,,,,,,,,,,-1.5014492810140073e-05
593,2026-08-31,GALD,CH1335392721,36083501W,-0.000560115284083557,-0.0006115020073939752,,,,,,,0.000985030327181428,,,,,,0.0012230040147879504,,,-0.002338726975647133,0.0022722858683844305,-0.0006032010751669077,,0.002962387502486369,,,,,,0.0023804899573551174,,,,,,-0.0010552039916508172,,,,,,,-0.0022594480951167216,-0.001075059980741021,-0.0012267555608455822,-0.0013743034805349132,-0.0023804899573551174,-0.0006621230344961254,-0.0006610286162572888,-0.0011591951096685791,-0.0008600479845928167,,-0.0002663394096239594
594,2026-08-31,GALP,PTGAL0AM0009,27944801W,,,0.0022594480951167216,,,-0.0010693109968867907,,0.0030297144911792407,0.000985030327181428,,,,-0.0013886191417904852,0.002666148752237732,0.0012230040147879504,,0.001801451859620089,0.0023251297257887195,-0.0007750432419295732,,,0.002962387502486369,,,,,,0.0023804899573551174,,,,,,,,,,,,,,-0.001075059980741021,,,0.002366404217962484,,0.0019319918494476317,0.0022722858683844305,-0.0008600479845928167,0.001970060654362856,0.00038904015945432773
595,2026-08-31,GBLB,BE0003797140,02140803W,-0.000560115284083557,-0.0006115020073939752,-0.0007661346989188884,,-0.0007003893394670049,,,-0.0010280779250274028,-0.0029191409696033557,-0.002962387502486369,,,0.0024839895207183836,,,-0.0012497572276114369,-0.005332297504475464,,-0.0007750432419295732,,-0.0015322693978377768,,,,,,,,,-0.0006967287680063759,-0.0006419298761407058,,0.003006934682974885,-0.0010552039916508172,0.0035080904634706995,-0.0007392279350012195,,-0.002072136335936061,,-0.0016945860713375414,,,-0.0012267555608455822,-0.0013743034805349132,0.002366404217962484,-0.0006621230344961254,-0.0006610286162572888,,-0.0008600479845928167,-0.001999611564178299,-0.0004769202507980502
596,2026-08-31,GD,US3695501086,00504601,-0.000560115284083557,-0.0006115020073939752,-0.0007661346989188884,,-0.0007003893394670049,-0.0010693109968867907,,,0.000985030327181428,,,,0.0024839895207183836,,0.0012230040147879504,,,,,-0.0006032010751669077,,-0.0010150312508519282,,,,0.003447606145134998,,0.0023804899573551174,0.0061526509667024585,-0.0006967287680063759,,,-0.001025441827783743,,-0.0008987018265969884,0.0021734908306285856,,0.002050883655567486,0.004818341118501925,0.0016803458522506713,,,,,,,,0.0022722858683844305,-0.0008600479845928167,,0.00024928534515769347
597,2026-08-31,GE,US3696043013,00504701,-0.000560115284083557,,-0.0007661346989188884,,-0.0007003893394670049,-0.0010693109968867907,,,0.000985030327181428,,,,0.0024839895207183836,,0.0012230040147879504,,,,,0.002366404217962484,,-0.0010150312508519282,,,,-0.000880886151620396,,0.0023804899573551174,0.0061526509667024585,-0.0006967287680063759,,,0.003006934682974885,,0.0035080904634706995,,,,,0.0016803458522506713,,-0.001075059980741021,-0.0012267555608455822,-0.0013743034805349132,-0.0023804899573551174,-0.0006621230344961254,-0.0006610286162572888,-0.0011591951096685791,-0.0008600479845928167,0.001970060654362856,0.00012378670285264338
598,2026-08-31,GEBN,CH0030170408,22891801W,-0.000560115284083557,-0.0006115020073939752,-0.0007661346989188884,,-0.0007003893394670049,-0.0010693109968867907,,,,,,,,,,,,,,0.002366404217962484,,-0.0010150312508519282,,,-0.0013198756199196693,,,-0.0006115020073939752,,-0.0006967287680063759,-0.0006419298761407058,-0.0008563646955795712,-0.001025441827783743,,-0.0008987018265969884,-0.0007392279350012195,,,,-0.0016945860713375414,-0.0022594480951167216,-0.001075059980741021,,-0.0013743034805349132,-0.0023804899573551174,-0.0006621230344961254,-0.0006610286162572888,-0.0011591951096685791,,,-0.00019905524443232658
599,2026-08-31,GEHC,US36266G1076,04181801,-0.000560115284083557,-0.0006115020073939752,,,,,,,0.000985030327181428,,,,,,0.0012230040147879504,,,,-0.0007750432419295732,-0.0006032010751669077,,-0.0010150312508519282,,,-0.0013198756199196693,,,-0.0006115020073939752,,-0.0006967287680063759,-0.0006419298761407058,0.0016874359191378049,,-0.0010552039916508172,,-0.0007392279350012195,-0.005554476567161941,,-0.0024839895207183836,,0.002234202865003686,,0.0024091705592509624,0.0027021777894301337,0.002366404217962484,-0.0006621230344961254,,,0.002531153878706707,0.001970060654362856,5.08132594043685e-05
600,2026-08-31,GEN,US6687711084,01585501,,-0.0006115020073939752,,,-0.0007003893394670049,0.00209383409861602,0.004544571736768861,-0.0010280779250274028,,,,0.002816354315744083,,,,,,-0.002338726975647133,,-0.0006032010751669077,,,,,,0.003447606145134998,,-0.0006115020073939752,,0.002050883655567486,0.0018864260039417912,0.0016874359191378049,,,,0.0021734908306285856,,0.002050883655567486,-0.0024839895207183836,,,0.002115991073204549,,,,,,,,0.001970060654362856,0.0004117565468793592
601,2026-08-31,GET,FR0010533075,20208603W,-0.000560115284083557,-0.0006115020073939752,0.0022594480951167216,,-0.0007003893394670049,-0.0010693109968867907,,,0.000985030327181428,-0.002962387502486369,,,,-0.002666148752237732,-0.003602903719240178,,,-0.002338726975647133,,-0.0006032010751669077,,,,,,-0.000880886151620396,,-0.0006115020073939752,,,,,0.003006934682974885,,0.0035080904634706995,-0.0007392279350012195,,,,,-0.0022594480951167216,-0.001075059980741021,-0.0012267555608455822,-0.0013743034805349132,-0.0023804899573551174,,-0.0006610286162572888,-0.0011591951096685791,-0.0008600479845928167,,-0.00031122719634039996
602,2026-08-31,GEV,US36828A1016,04516901,-0.000560115284083557,-0.0006115020073939752,-0.0007661346989188884,-0.0023947443882374837,-0.0007003893394670049,,,,0.000985030327181428,0.0029191409696033557,,,-0.0013886191417904852,0.002666148752237732,,,,0.0023251297257887195,,0.002366404217962484,,0.002962387502486369,,,0.002596898135296492,-0.000880886151620396,0.00588121048287735,0.0023804899573551174,-0.006248786138057184,0.002050883655567486,0.0018864260039417912,,0.003006934682974885,,0.0035080904634706995,0.0021734908306285856,,0.002050883655567486,,0.0016803458522506713,,0.002115991073204549,,-0.0013743034805349132,-0.0023804899573551174,-0.0006621230344961254,,0.0022722858683844305,-0.0008600479845928167,0.001970060654362856,0.0005634685281592383
603,2026-08-31,GFC,FR0010040865,22188401W,-0.000560115284083557,,,,,,,,,,,,,-0.002666148752237732,,,-0.005332297504475464,-0.002338726975647133,,,,,,,,,,-0.0006115020073939752,,,,-0.0008563646955795712,-0.001025441827783743,0.004122910441604739,-0.0008987018265969884,,,0.002050883655567486,,,0.002234202865003686,,,,,,,,,,-0.00013731137792782414
604,2026-08-31,GFL,CA36168Q1046,03561201C,-0.000560115284083557,-0.0006115020073939752,-0.0007661346989188884,,-0.0007003893394670049,,,,-0.0029191409696033557,-0.002962387502486369,,,,-0.002666148752237732,-0.003602903719240178,,,-0.002338726975647133,,-0.0006032010751669077,,,,,0.002596898135296492,-0.000880886151620396,,-0.0006115020073939752,,0.002050883655567486,0.0018864260039417912,,,,-0.0008987018265969884,-0.0007392279350012195,,,,,,,-0.0012267555608455822,-0.0013743034805349132,,-0.0006621230344961254,-0.0006610286162572888,-0.0011591951096685791,-0.0008600479845928167,,-0.0003761216153601539
605,2026-08-31,GIB.A,CA12532H1047,02186401C,-0.000560115284083557,-0.0006115020073939752,-0.0007661346989188884,,-0.0007003893394670049,,,-0.0010280779250274028,,,,0.002816354315744083,,,,,,,-0.0007750432419295732,-0.0006032010751669077,,,,,-0.0013198756199196693,-0.000880886151620396,,-0.0006115020073939752,,-0.0006967287680063759,-0.0006419298761407058,0.0016874359191378049,,,,,,0.002050883655567486,,,,,,,,,,,,,0.0001043881266621022
606,2026-08-31,GIL,CA3759161035,11148601C,0.0016525715406432223,0.001809603225500723,0.0022594480951167216,,0.002072136335936061,,,0.0030297144911792407,,,-0.004165857425371455,,-0.0013886191417904852,,,-0.0012497572276114369,,-0.002338726975647133,-0.0007750432419295732,-0.0006032010751669077,-0.0015322693978377768,-0.0010150312508519282,,,-0.0013198756199196693,-0.000880886151620396,,0.0023804899573551174,,-0.0006967287680063759,-0.0006419298761407058,,-0.001025441827783743,-0.0010552039916508172,,,,,,,,,,,,-0.0006621230344961254,-0.0006610286162572888,-0.0011591951096685791,,,-0.0005221517619003123
607,2026-08-31,GILD,US3755581036,02485601,-0.000560115284083557,-0.0006115020073939752,,,,-0.0010693109968867907,-0.004760979914710235,,0.000985030327181428,,,,,,0.0012230040147879504,,,,0.0022722858683844305,0.002366404217962484,,,,,0.002596898135296492,,,-0.0006115020073939752,,0.002050883655567486,0.0018864260039417912,-0.0008563646955795712,,0.004122910441604739,,-0.0007392279350012195,,,,,,,0.0024091705592509624,0.0027021777894301337,,,-0.0006610286162572888,,-0.0008600479845928167,,0.0002332811915941526
608,2026-08-31,GIS,US3703341046,00507101,-0.000560115284083557,-0.0006115020073939752,,-0.0023947443882374837,,-0.0010693109968867907,-0.004760979914710235,,,,,,-0.0013886191417904852,,0.0012230040147879504,,0.001801451859620089,-0.002338726975647133,-0.0007750432419295732,-0.0006032010751669077,,,-0.00952195982942047,,-0.0013198756199196693,,,-0.0006115020073939752,,-0.0006967287680063759,-0.0006419298761407058,-0.0008563646955795712,,,,-0.0007392279350012195,-0.005554476567161941,-0.002072136335936061,-0.0024839895207183836,,,-0.001075059980741021,0.0024091705592509624,0.0027021777894301337,,-0.0006621230344961254,,-0.0011591951096685791,0.002531153878706707,,-0.0004933887672872018
609,2026-08-31,GIVN,CH0010645932,23741901W,-0.000560115284083557,-0.0006115020073939752,-0.0007661346989188884,,-0.0007003893394670049,-0.0010693109968867907,,-0.0010280779250274028,,,,-0.002836328459827374,-0.0013886191417904852,,,-0.0012497572276114369,,,-0.0007750432419295732,-0.0006032010751669077,-0.0015322693978377768,-0.0010150312508519282,,,-0.0013198756199196693,-0.000880886151620396,,-0.0006115020073939752,,-0.0006967287680063759,-0.0006419298761407058,-0.0008563646955795712,,,,-0.0007392279350012195,,,,,,-0.001075059980741021,-0.0012267555608455822,,,-0.0006621230344961254,-0.0006610286162572888,,,,-0.0006300896140230389
610,2026-08-31,GJF,NO0010582521,29609101W,-0.000560115284083557,-0.0006115020073939752,-0.0007661346989188884,,-0.0007003893394670049,,,-0.0010280779250274028,,0.0029191409696033557,,,-0.0013886191417904852,,,-0.0012497572276114369,,,-0.0007750432419295732,,,,,,,,,,,-0.0006967287680063759,-0.0006419298761407058,,0.003006934682974885,-0.0010552039916508172,0.0035080904634706995,-0.0007392279350012195,,,,-0.0016945860713375414,-0.0022594480951167216,,-0.0012267555608455822,-0.0013743034805349132,,,-0.0006610286162572888,,-0.0008600479845928167,,-6.013634835671903e-05
611,2026-08-31,GLE,FR0000130809,01578401W,-0.000560115284083557,,0.0022594480951167216,,,0.00209383409861602,,0.0030297144911792407,-0.0029191409696033557,,,,,,,0.0037728520078835824,0.001801451859620089,,,,-0.0015322693978377768,,,,,,,,,,,,0.003006934682974885,,0.0035080904634706995,,,,,0.0016803458522506713,0.002234202865003686,0.002115991073204549,0.0024091705592509624,0.0027021777894301337,,,,,-0.0008600479845928167,0.001970060654362856,0.0003539014094350322
612,2026-08-31,GLEN,JE00B4T3BW64,26740701W,0.0016525715406432223,0.001809603225500723,-0.0007661346989188884,,0.002072136335936061,0.00209383409861602,,-0.0010280779250274028,,,,0.002816354315744083,-0.0013886191417904852,,,-0.0012497572276114369,,,-0.0007750432419295732,-0.0006032010751669077,,-0.0010150312508519282,,,,-0.000880886151620396,,-0.0006115020073939752,,,,0.0016874359191378049,,,,-0.0007392279350012195,,-0.002072136335936061,,0.0016803458522506713,,-0.001075059980741021,-0.0012267555608455822,,,-0.0006621230344961254,-0.0006610286162572888,-0.0011591951096685791,,,-7.701668684261494e-05
613,2026-08-31,GLW,US2193501051,00353201,-0.000560115284083557,-0.0006115020073939752,-0.0007661346989188884,-0.0023947443882374837,-0.0007003893394670049,,,-0.0010280779250274028,,,,,,,,,,,,-0.0006032010751669077,,,,,,-0.000880886151620396,,0.0023804899573551174,,,,,,,,,,0.002050883655567486,,,,,,,,,,,,,-2.9159524663841374e-05
614,2026-08-31,GM,US37045V1008,00507319,0.0016525715406432223,0.001809603225500723,0.0022594480951167216,0.004650259451577439,0.002072136335936061,,0.004544571736768861,-0.0010280779250274028,,,,,-0.0013886191417904852,,,-0.0012497572276114369,,,-0.0007750432419295732,-0.0006032010751669077,0.0029844948719079086,0.002962387502486369,,,-0.0013198756199196693,-0.000880886151620396,,-0.0006115020073939752,,0.002050883655567486,-0.0006419298761407058,0.0016874359191378049,0.003006934682974885,0.004122910441604739,,,0.005478387847063832,0.002050883655567486,,0.0016803458522506713,0.002234202865003686,,,,,0.0019319918494476317,-0.0006610286162572888,-0.0011591951096685791,,,0.0007555294788043803
615,2026-08-31,GMAB,DK0010272202,24520701W,-0.000560115284083557,,,,,0.00209383409861602,,,0.000985030327181428,,,,,,0.0012230040147879504,,,-0.002338726975647133,-0.0007750432419295732,-0.0006032010751669077,,,,,-0.0013198756199196693,,,-0.0006115020073939752,,-0.0006967287680063759,-0.0006419298761407058,,,-0.0010552039916508172,,-0.0007392279350012195,0.005478387847063832,,,,,0.002115991073204549,0.0024091705592509624,,,-0.0006621230344961254,0.0019319918494476317,0.0022722858683844305,,,0.0002087930203938763
616,2026-08-31,GMG,AU000000GMG2,27181001W,0.0016525715406432223,,,,,,,,,,,,,-0.002666148752237732,,,-0.005332297504475464,,,,,,,,,,,-0.0006115020073939752,,,,-0.0008563646955795712,-0.001025441827783743,-0.0010552039916508172,-0.0008987018265969884,,,,,,-0.0022594480951167216,,,,-0.0023804899573551174,-0.0006621230344961254,-0.0006610286162572888,,,,-0.00041758386344101266
617,2026-08-31,GOOG,US02079K1079,16032903,,0.001809603225500723,0.0022594480951167216,0.004650259451577439,0.002072136335936061,,,0.0030297144911792407,,0.0029191409696033557,-0.004165857425371455,,,,,,,,,,,,,0.008887162507459107,,0.003447606145134998,,,,,0.0018864260039417912,-0.0008563646955795712,,,,,,,,0.0016803458522506713,-0.0022594480951167216,,,,,-0.0006621230344961254,-0.0006610286162572888,-0.0011591951096685791,,,6.755818362753719e-05
618,2026-08-31,GOOGL,US02079K3059,16032901,,0.001809603225500723,0.0022594480951167216,0.004650259451577439,0.002072136335936061,,,0.0030297144911792407,,0.0029191409696033557,-0.004165857425371455,,,,,,,,,,,,,0.008887162507459107,,0.003447606145134998,,,,,0.0018864260039417912,,,,,,,,0.004818341118501925,0.0016803458522506713,-0.0022594480951167216,,,,,-0.0006621230344961254,-0.0006610286162572888,-0.0011591951096685791,,,0.00011062955234806579
619,2026-08-31,GPC,US3724601055,00512501,-0.000560115284083557,-0.0006115020073939752,-0.0007661346989188884,,-0.0007003893394670049,,,-0.0010280779250274028,,,-0.004165857425371455,,-0.0013886191417904852,0.002666148752237732,,-0.0012497572276114369,,,-0.0007750432419295732,-0.0006032010751669077,,,,,-0.0013198756199196693,-0.000880886151620396,,-0.0006115020073939752,,-0.0006967287680063759,-0.0006419298761407058,0.0016874359191378049,-0.001025441827783743,-0.0010552039916508172,,0.0021734908306285856,,0.002050883655567486,,,,,,,,-0.0006621230344961254,-0.0006610286162572888,-0.0011591951096685791,,0.001970060654362856,-0.00034597430499509524
620,2026-08-31,GPN,US37940X1028,14191301,-0.000560115284083557,-0.0006115020073939752,,,-0.0007003893394670049,0.00209383409861602,0.004544571736768861,,-0.0029191409696033557,-0.002962387502486369,,,,,,-0.0012497572276114369,,,-0.0007750432419295732,,,,,,,,-0.0029844948719079086,,,-0.0006967287680063759,-0.0006419298761407058,0.0016874359191378049,-0.001025441827783743,-0.0010552039916508172,-0.0008987018265969884,-0.0007392279350012195,,-0.002072136335936061,-0.0024839895207183836,,,,-0.0012267555608455822,,,-0.0006621230344961254,-0.0006610286162572888,,-0.0008600479845928167,-0.001999611564178299,-0.0002962454604189405
621,2026-08-31,GRMN,CH0114405324,14145901,0.0016525715406432223,0.001809603225500723,,0.004650259451577439,0.002072136335936061,,-0.004760979914710235,0.0030297144911792407,,,,,0.0024839895207183836,-0.002666148752237732,,0.0037728520078835824,,-0.002338726975647133,0.0022722858683844305,-0.0006032010751669077,-0.0015322693978377768,,0.010524271390412098,0.008887162507459107,0.002596898135296492,0.003447606145134998,,0.0023804899573551174,,,,-0.0008563646955795712,0.003006934682974885,-0.0010552039916508172,,-0.0007392279350012195,,,,,-0.0022594480951167216,,,,,-0.0006621230344961254,-0.0006610286162572888,-0.0011591951096685791,,-0.001999611564178299,4.111143379484978e-05
622,2026-08-31,GS,US38141G1040,11462801,0.0016525715406432223,0.001809603225500723,0.0022594480951167216,0.004650259451577439,0.002072136335936061,,,0.0030297144911792407,0.000985030327181428,,,-0.002836328459827374,-0.0013886191417904852,,,-0.0012497572276114369,,,,,-0.0015322693978377768,,,,,,-0.0029844948719079086,,,-0.0006967287680063759,,,0.003006934682974885,-0.0010552039916508172,-0.0008987018265969884,-0.0007392279350012195,,-0.002072136335936061,,0.0016803458522506713,,,,-0.0013743034805349132,,-0.0006621230344961254,-0.0006610286162572888,,-0.0008600479845928167,0.001970060654362856,-0.0001807815779418557
623,2026-08-31,GSK,GB00BN7SWP63,00518002W,-0.000560115284083557,-0.0006115020073939752,,,,,,,,,,,,,0.0012230040147879504,,,,,-0.0006032010751669077,-0.0015322693978377768,0.002962387502486369,,,,,,-0.0006115020073939752,,-0.0006967287680063759,0.0018864260039417912,,,-0.0010552039916508172,,-0.0007392279350012195,0.005478387847063832,,,,0.002234202865003686,,0.0024091705592509624,0.0027021777894301337,,0.0019319918494476317,0.0019319918494476317,,0.002531153878706707,0.001970060654362856,0.00035380422352671243
624,2026-08-31,GWO,CA39138C1068,01643101C,0.0016525715406432223,,-0.0007661346989188884,,,,,,0.000985030327181428,0.0029191409696033557,0.004165857425371455,,,,,-0.0012497572276114369,,,-0.0007750432419295732,,-0.0015322693978377768,,,,,,,,,,-0.0006419298761407058,,-0.001025441827783743,,-0.0008987018265969884,-0.0007392279350012195,,,,0.0016803458522506713,,,-0.0012267555608455822,-0.0013743034805349132,,-0.0006621230344961254,-0.0006610286162572888,,-0.0008600479845928167,0.001970060654362856,9.374419526748533e-06
625,2026-08-31,GWW,US3848021040,00525601,,,,,,-0.0010693109968867907,,,-0.0029191409696033557,,,,0.0024839895207183836,0.002666148752237732,0.0012230040147879504,,,0.0023251297257887195,,0.002366404217962484,,-0.0010150312508519282,,,-0.0013198756199196693,-0.000880886151620396,-0.0029844948719079086,-0.0006115020073939752,0.0061526509667024585,-0.0006967287680063759,-0.0006419298761407058,,-0.001025441827783743,,-0.0008987018265969884,-0.0007392279350012195,,,-0.0024839895207183836,,-0.0022594480951167216,-0.001075059980741021,-0.0012267555608455822,-0.0013743034805349132,,-0.0006621230344961254,-0.0006610286162572888,-0.0011591951096685791,-0.0008600479845928167,,-0.00010631923898177352
626,2026-08-31,H,CA4488112083,02494401C,,,,,-0.0007003893394670049,-0.0010693109968867907,,-0.0010280779250274028,0.000985030327181428,-0.002962387502486369,,,,,0.0012230040147879504,,,,-0.0007750432419295732,-0.0006032010751669077,,,,,,,,,,-0.0006967287680063759,,,,-0.0010552039916508172,-0.0008987018265969884,,,,,,-0.0022594480951167216,-0.001075059980741021,-0.0012267555608455822,-0.0013743034805349132,,-0.0006621230344961254,-0.0006610286162572888,,-0.0008600479845928167,,-0.0004545584846528371
627,2026-08-31,H,US4485791028,18336601,,0.001809603225500723,,,,,0.004544571736768861,,,,-0.004165857425371455,,,,,-0.0012497572276114369,,-0.002338726975647133,-0.0007750432419295732,-0.0006032010751669077,,-0.0010150312508519282,,,-0.0013198756199196693,-0.000880886151620396,-0.0029844948719079086,-0.0006115020073939752,,-0.0006967287680063759,-0.0006419298761407058,,-0.001025441827783743,-0.0010552039916508172,,-0.0007392279350012195,-0.005554476567161941,-0.002072136335936061,,,,,,,,-0.0006621230344961254,-0.0006610286162572888,-0.0011591951096685791,,,-0.0007583960371700567
628,2026-08-31,H78,BMG4587L1090,21057604W,,,,,,,,,,,,,,-0.002666148752237732,,,,-0.002338726975647133,,,,,,,,,,-0.0006115020073939752,,,,-0.0008563646955795712,0.003006934682974885,0.004122910441604739,-0.0008987018265969884,,-0.005554476567161941,,,,,0.002115991073204549,,,-0.0023804899573551174,-0.0006621230344961254,-0.0006610286162572888,-0.0011591951096685791,,,-0.0002637093729256941
629,2026-08-31,HAG,DE000HAG0005,34011501W,-0.000560115284083557,,-0.0007661346989188884,,-0.0007003893394670049,,,,0.000985030327181428,,,,-0.0013886191417904852,,,,,,,-0.0006032010751669077,,0.002962387502486369,,,,-0.000880886151620396,,0.0023804899573551174,,-0.0006967287680063759,-0.0006419298761407058,,0.003006934682974885,,0.0035080904634706995,0.0021734908306285856,,0.002050883655567486,,-0.0016945860713375414,,-0.001075059980741021,-0.0012267555608455822,-0.0013743034805349132,,-0.0006621230344961254,,,-0.0008600479845928167,0.001970060654362856,0.0001228446996560173
630,2026-08-31,HAL,US4062161017,00543901,-0.000560115284083557,,-0.0007661346989188884,-0.0023947443882374837,-0.0007003893394670049,-0.0010693109968867907,-0.004760979914710235,-0.0010280779250274028,0.000985030327181428,,,-0.002836328459827374,,,0.0012230040147879504,,0.001801451859620089,,-0.0007750432419295732,,,-0.0010150312508519282,,,,,,-0.0006115020073939752,,,,,,,,,,,0.004818341118501925,,,-0.001075059980741021,,,,-0.0006621230344961254,,,,,-0.0003434197974415871
631,2026-08-31,HARL,IL0005850180,22488802W,,,-0.0007661346989188884,,,,,,0.000985030327181428,,0.004165857425371455,,,,,-0.0012497572276114369,0.001801451859620089,,0.0022722858683844305,,-0.0015322693978377768,,,,,,,,,0.002050883655567486,0.0018864260039417912,0.0016874359191378049,,-0.0010552039916508172,-0.0008987018265969884,0.0021734908306285856,,0.002050883655567486,,,,,,,,-0.0006621230344961254,,,-0.0008600479845928167,,0.00035104998656984506
632,2026-08-31,HBAN,US4461501045,00578601,-0.000560115284083557,-0.0006115020073939752,-0.0007661346989188884,-0.0023947443882374837,-0.0007003893394670049,0.00209383409861602,,-0.0010280779250274028,0.000985030327181428,,-0.004165857425371455,-0.002836328459827374,,,,-0.0012497572276114369,0.001801451859620089,,-0.0007750432419295732,,,,,,,,,,,,-0.0006419298761407058,-0.0008563646955795712,-0.001025441827783743,,-0.0008987018265969884,,,,,,,0.002115991073204549,,0.0027021777894301337,,,,,0.002531153878706707,,-0.0001885057671360993
633,2026-08-31,HCA,US40412C1018,02226004,-0.000560115284083557,-0.0006115020073939752,,,,0.00209383409861602,,,-0.0029191409696033557,,,,,,-0.003602903719240178,,,0.0023251297257887195,-0.0007750432419295732,0.002366404217962484,0.0029844948719079086,-0.0010150312508519282,,,,,,-0.0006115020073939752,0.0061526509667024585,0.002050883655567486,0.0018864260039417912,0.0016874359191378049,,0.004122910441604739,,-0.0007392279350012195,0.005478387847063832,,-0.0024839895207183836,,,0.002115991073204549,0.0024091705592509624,0.0027021777894301337,0.002366404217962484,0.0019319918494476317,0.0019319918494476317,,0.002531153878706707,,0.0010413467377773974
634,2026-08-31,HD,US4370761029,00568001,-0.000560115284083557,-0.0006115020073939752,-0.0007661346989188884,-0.0023947443882374837,-0.0007003893394670049,,-0.004760979914710235,-0.0010280779250274028,,,-0.004165857425371455,,-0.0013886191417904852,0.002666148752237732,,-0.0012497572276114369,,,-0.0007750432419295732,-0.0006032010751669077,,-0.0010150312508519282,,,-0.0013198756199196693,-0.000880886151620396,-0.0029844948719079086,-0.0006115020073939752,-0.006248786138057184,-0.0006967287680063759,-0.0006419298761407058,-0.0008563646955795712,-0.001025441827783743,-0.0010552039916508172,,-0.0007392279350012195,,,,0.0016803458522506713,,,,,,-0.0006621230344961254,-0.0006610286162572888,-0.0011591951096685791,,0.001970060654362856,-0.0008444149071720885
635,2026-08-31,HEI,DE0006047004,10037301W,-0.000560115284083557,-0.0006115020073939752,,,-0.0007003893394670049,,,-0.0010280779250274028,,,,,-0.0013886191417904852,,,0.0037728520078835824,,,-0.0007750432419295732,-0.0006032010751669077,,-0.0010150312508519282,,,,-0.000880886151620396,,-0.0006115020073939752,,-0.0006967287680063759,-0.0006419298761407058,-0.0008563646955795712,,,,-0.0007392279350012195,,,,,,0.002115991073204549,0.0024091705592509624,,,,,,,,-1.9431972553490416e-05
636,2026-08-31,HEI,US4228061093,00556701,,0.001809603225500723,,,,-0.0010693109968867907,-0.004760979914710235,,0.000985030327181428,,,,0.0024839895207183836,,0.0012230040147879504,,,-0.002338726975647133,,-0.0006032010751669077,,,,,0.002596898135296492,0.003447606145134998,,-0.0006115020073939752,,,,,-0.001025441827783743,,-0.0008987018265969884,-0.0007392279350012195,,,-0.0024839895207183836,,-0.0022594480951167216,-0.001075059980741021,-0.0012267555608455822,-0.0013743034805349132,-0.0023804899573551174,-0.0006621230344961254,-0.0006610286162572888,-0.0011591951096685791,-0.0008600479845928167,,-0.0003683335207138321
637,2026-08-31,HEIA,NL0000009165,10483302W,,-0.0006115020073939752,,,,,,,,,,,,,-0.003602903719240178,,-0.005332297504475464,,0.0022722858683844305,-0.0006032010751669077,,,,,,,,-0.0006115020073939752,,0.002050883655567486,0.0018864260039417912,-0.0008563646955795712,,,,-0.0007392279350012195,,-0.002072136335936061,,0.0016803458522506713,,,,-0.0013743034805349132,,,,,,,-0.00022014693084916647
638,2026-08-31,HEIA,US4228062083,00556702,,,,,,,,,0.000985030327181428,,,,0.0024839895207183836,,0.0012230040147879504,,,-0.002338726975647133,,-0.0006032010751669077,,,,,0.002596898135296492,0.003447606145134998,,-0.0006115020073939752,,,,,-0.001025441827783743,,-0.0008987018265969884,-0.0007392279350012195,,,,,-0.0022594480951167216,,-0.0012267555608455822,-0.0013743034805349132,-0.0023804899573551174,-0.0006621230344961254,-0.0006610286162572888,-0.0011591951096685791,-0.0008600479845928167,,-0.0002476213155238165
639,2026-08-31,HEIO,NL0000008977,20649301W,,,,,,,,,,,,,,,-0.003602903719240178,,,,,-0.0006032010751669077,,,,,,,,-0.0006115020073939752,,0.002050883655567486,0.0018864260039417912,-0.0008563646955795712,,,,-0.0007392279350012195,,-0.002072136335936061,,0.0016803458522506713,0.002234202865003686,,,,,0.0019319918494476317,0.0019319918494476317,,,0.001970060654362856,4.562109774916838e-05
640,2026-08-31,HELN,CH0466642201,01634902W,-0.000560115284083557,-0.0006115020073939752,-0.0007661346989188884,,-0.0007003893394670049,-0.0010693109968867907,,-0.0010280779250274028,0.000985030327181428,,,0.002816354315744083,,,,-0.0012497572276114369,0.001801451859620089,,0.0022722858683844305,,0.0029844948719079086,,,,,,,,,-0.0006967287680063759,-0.0006419298761407058,-0.0008563646955795712,-0.001025441827783743,-0.0010552039916508172,-0.0008987018265969884,0.0021734908306285856,,,,,,,-0.0012267555608455822,-0.0013743034805349132,,-0.0006621230344961254,-0.0006610286162572888,,-0.0008600479845928167,,0.00025132369533570256
641,2026-08-31,HEN,DE0006048408,10194202W,0.0016525715406432223,,,,,,,,,,,-0.002836328459827374,,-0.002666148752237732,0.0012230040147879504,,0.001801451859620089,,,-0.0006032010751669077,-0.0015322693978377768,,,,,,,-0.0006115020073939752,,-0.0006967287680063759,-0.0006419298761407058,-0.0008563646955795712,,,,-0.0007392279350012195,0.005478387847063832,-0.002072136335936061,,,,,0.0024091705592509624,0.0027021777894301337,,,-0.0006610286162572888,,,-0.001999611564178299,-0.00017521570709677013
642,2026-08-31,HEN3,DE0006048432,10194201W,,,,,,-0.0010693109968867907,,,,,,-0.002836328459827374,,-0.002666148752237732,0.0012230040147879504,,0.001801451859620089,,,-0.0006032010751669077,-0.0015322693978377768,,,,,,,-0.0006115020073939752,,-0.0006967287680063759,-0.0006419298761407058,-0.0008563646955795712,,,,-0.0007392279350012195,0.005478387847063832,-0.002072136335936061,,,,,0.0024091705592509624,0.0027021777894301337,,,-0.0006610286162572888,,,-0.001999611564178299,-0.00020390568310681
643,2026-08-31,HEXA B,SE0015961909,10306502W,-0.000560115284083557,-0.0006115020073939752,-0.0007661346989188884,,-0.0007003893394670049,-0.0010693109968867907,,-0.0010280779250274028,,,,-0.002836328459827374,-0.0013886191417904852,-0.002666148752237732,,,,-0.002338726975647133,0.0022722858683844305,-0.0006032010751669077,,,,,0.002596898135296492,-0.000880886151620396,,-0.0006115020073939752,,0.002050883655567486,0.0018864260039417912,-0.0008563646955795712,,,,-0.0007392279350012195,,-0.002072136335936061,,,,-0.001075059980741021,,,,,,,,,-0.0003605646777554942
644,2026-08-31,HIG,US4165151048,06173901,-0.000560115284083557,-0.0006115020073939752,,-0.0023947443882374837,-0.0007003893394670049,-0.0010693109968867907,-0.004760979914710235,-0.0010280779250274028,,,,,,,,-0.0012497572276114369,,,,,-0.0015322693978377768,,,,,,,,,0.002050883655567486,0.0018864260039417912,,-0.001025441827783743,0.004122910441604739,-0.0008987018265969884,-0.0007392279350012195,,,,,,-0.001075059980741021,0.0024091705592509624,0.0027021777894301337,0.002366404217962484,0.0019319918494476317,0.0019319918494476317,,,,-2.7861991508053703e-05
645,2026-08-31,HLMA,GB0004052071,10017401W,-0.000560115284083557,-0.0006115020073939752,-0.0007661346989188884,,-0.0007003893394670049,-0.0010693109968867907,,-0.0010280779250274028,,,0.004165857425371455,,,,,,,,-0.0007750432419295732,-0.0006032010751669077,,,,,,-0.000880886151620396,,-0.0006115020073939752,,-0.0006967287680063759,-0.0006419298761407058,,,,,-0.0007392279350012195,,-0.002072136335936061,,-0.0016945860713375414,,-0.001075059980741021,,,,,,,,,-5.891484180264215e-05
646,2026-08-31,HLN,GB00BMX86B70,35344401W,,-0.0006115020073939752,,,,-0.0010693109968867907,,,0.000985030327181428,,,,,,0.0012230040147879504,,,-0.002338726975647133,,-0.0006032010751669077,,-0.0010150312508519282,,,,,,-0.0006115020073939752,,,,-0.0008563646955795712,,-0.0010552039916508172,,,,,,,,,,,,,0.0019319918494476317,,,,-8.812183679399376e-05
647,2026-08-31,HLT,US43300A2033,00564304,-0.000560115284083557,-0.0006115020073939752,-0.0007661346989188884,,-0.0007003893394670049,,,-0.0010280779250274028,,,,,,-0.002666148752237732,,-0.0012497572276114369,,,-0.0007750432419295732,-0.0006032010751669077,-0.0015322693978377768,0.002962387502486369,0.010524271390412098,0.008887162507459107,,-0.000880886151620396,-0.0029844948719079086,-0.0006115020073939752,0.0061526509667024585,-0.0006967287680063759,-0.0006419298761407058,,-0.001025441827783743,-0.0010552039916508172,,-0.0007392279350012195,,,,,,,,,,-0.0006621230344961254,-0.0006610286162572888,,,,-0.0002727150454233019
648,2026-08-31,HM B,SE0000106270,10227601W,-0.000560115284083557,-0.0006115020073939752,,,-0.0007003893394670049,,,-0.0010280779250274028,,,-0.004165857425371455,,0.0024839895207183836,0.002666148752237732,,-0.0012497572276114369,,0.0023251297257887195,0.0022722858683844305,0.002366404217962484,,0.002962387502486369,,,,-0.000880886151620396,,0.0023804899573551174,,-0.0006967287680063759,0.0018864260039417912,-0.0008563646955795712,-0.001025441827783743,-0.0010552039916508172,,,,0.002050883655567486,,,,,,,,0.0019319918494476317,0.0019319918494476317,0.0022722858683844305,,0.001970060654362856,0.00022080725073378026
649,2026-08-31,HNR1,DE0008402215,20482501W,-0.000560115284083557,-0.0006115020073939752,-0.0007661346989188884,,-0.0007003893394670049,-0.0010693109968867907,,-0.0010280779250274028,,,,0.002816354315744083,,,,-0.0012497572276114369,,,,,,,,,,,,,,,0.0018864260039417912,-0.0008563646955795712,,0.004122910441604739,-0.0008987018265969884,-0.0007392279350012195,,,,,,,0.0024091705592509624,0.0027021777894301337,0.002366404217962484,0.0019319918494476317,0.0019319918494476317,,,,0.0003390352948038369
650,2026-08-31,HO,FR0000121329,01355601W,-0.000560115284083557,-0.0006115020073939752,,,-0.0007003893394670049,,,,0.000985030327181428,0.0029191409696033557,,,,,0.0012230040147879504,,,0.0023251297257887195,,-0.0006032010751669077,,0.002962387502486369,,,,-0.000880886151620396,,0.0023804899573551174,,,,,-0.001025441827783743,,-0.0008987018265969884,0.0021734908306285856,,0.002050883655567486,,,0.002234202865003686,,-0.0012267555608455822,-0.0013743034805349132,,0.0019319918494476317,0.0019319918494476317,0.0022722858683844305,-0.0008600479845928167,0.001970060654362856,0.00040827337346945725
651,2026-08-31,HOLN,CH0012214059,10130401W,,-0.0006115020073939752,0.0022594480951167216,,-0.0007003893394670049,,,0.0030297144911792407,,,,,-0.0013886191417904852,,,-0.0012497572276114369,,,-0.0007750432419295732,-0.0006032010751669077,-0.0015322693978377768,-0.0010150312508519282,,,-0.0013198756199196693,-0.000880886151620396,,-0.0006115020073939752,,-0.0006967287680063759,-0.0006419298761407058,-0.0008563646955795712,,,,-0.0007392279350012195,,-0.002072136335936061,,,,-0.001075059980741021,-0.0012267555608455822,,,-0.0006621230344961254,-0.0006610286162572888,,,,-0.0003555135107625875
652,2026-08-31,HOOD,US7707001027,03929301,0.0016525715406432223,0.001809603225500723,-0.0007661346989188884,0.004650259451577439,0.002072136335936061,-0.0010693109968867907,,,0.000985030327181428,,,-0.002836328459827374,-0.0013886191417904852,,,-0.0012497572276114369,-0.005332297504475464,,-0.0007750432419295732,,-0.0015322693978377768,,,,,,-0.0029844948719079086,,,-0.0006967287680063759,-0.0006419298761407058,,,-0.0010552039916508172,,-0.0007392279350012195,,-0.002072136335936061,,,,-0.001075059980741021,-0.0012267555608455822,-0.0013743034805349132,-0.0023804899573551174,-0.0006621230344961254,-0.0006610286162572888,,-0.0008600479845928167,,-0.0005357370414535985
653,2026-08-31,HOT,DE0006070006,10005401W,0.0016525715406432223,0.001809603225500723,,,,,,,0.000985030327181428,,,,0.0024839895207183836,0.002666148752237732,0.0012230040147879504,,,0.0023251297257887195,,-0.0006032010751669077,,0.002962387502486369,,,-0.0013198756199196693,-0.000880886151620396,,-0.0006115020073939752,,-0.0006967287680063759,-0.0006419298761407058,0.0016874359191378049,,,-0.0008987018265969884,,,,,,0.002234202865003686,,-0.0012267555608455822,-0.0013743034805349132,0.002366404217962484,,0.0019319918494476317,0.0022722858683844305,-0.0008600479845928167,0.001970060654362856,0.0002452626761903401
654,2026-08-31,HPE,US42824C1099,02615601,0.0016525715406432223,0.001809603225500723,0.0022594480951167216,0.004650259451577439,0.002072136335936061,0.00209383409861602,0.004544571736768861,0.0030297144911792407,,,,,0.0024839895207183836,,,,,,-0.0007750432419295732,-0.0006032010751669077,,,,,-0.0013198756199196693,-0.000880886151620396,,-0.0006115020073939752,,0.002050883655567486,-0.0006419298761407058,0.0016874359191378049,,,,0.0021734908306285856,,0.002050883655567486,,0.0016803458522506713,,,,,,,,,,0.001970060654362856,0.0004881830674672221
655,2026-08-31,HPQ,US40434L1052,00560601,-0.000560115284083557,-0.0006115020073939752,0.0022594480951167216,0.004650259451577439,0.002072136335936061,-0.0010693109968867907,,0.0030297144911792407,,,,,-0.0013886191417904852,-0.002666148752237732,,,,0.0023251297257887195,-0.0007750432419295732,0.002366404217962484,,,,,-0.0013198756199196693,-0.000880886151620396,,-0.0006115020073939752,,-0.0006967287680063759,-0.0006419298761407058,0.0016874359191378049,,,,0.0021734908306285856,,0.002050883655567486,-0.0024839895207183836,0.0016803458522506713,,0.002115991073204549,,,,,,,,,0.00042435035655988924
656,2026-08-31,HSBA,GB0005405286,01550902W,,-0.0006115020073939752,-0.0007661346989188884,,-0.0007003893394670049,,,-0.0010280779250274028,0.000985030327181428,,,0.002816354315744083,,,,0.0037728520078835824,0.001801451859620089,,-0.0007750432419295732,,,,,,,,,,,,-0.0006419298761407058,,-0.001025441827783743,,-0.0008987018265969884,,,,,0.0016803458522506713,,,,,,,,,-0.0008600479845928167,,0.00014556485539079885
657,2026-08-31,HSY,US4278661081,00559701,-0.000560115284083557,,,,,0.00209383409861602,0.004544571736768861,,,,,,0.0024839895207183836,,0.0012230040147879504,,-0.005332297504475464,,-0.0007750432419295732,-0.0006032010751669077,0.0029844948719079086,,,0.008887162507459107,-0.0013198756199196693,,,-0.0006115020073939752,,-0.0006967287680063759,-0.0006419298761407058,,,,,-0.0007392279350012195,-0.005554476567161941,,-0.0024839895207183836,,-0.0022594480951167216,0.002115991073204549,-0.0012267555608455822,-0.0013743034805349132,-0.0023804899573551174,-0.0006621230344961254,-0.0006610286162572888,,-0.0008600479845928167,,-0.00020084566293546678
658,2026-08-31,HUBB,US4435106079,00576401,,,-0.0007661346989188884,,,-0.0010693109968867907,,,0.000985030327181428,-0.002962387502486369,,,-0.0013886191417904852,,0.0012230040147879504,,,,,-0.0006032010751669077,,-0.0010150312508519282,,,,-0.000880886151620396,,-0.0006115020073939752,-0.006248786138057184,-0.0006967287680063759,-0.0006419298761407058,,-0.001025441827783743,,-0.0008987018265969884,-0.0007392279350012195,,,-0.0024839895207183836,,,-0.001075059980741021,,,,-0.0006621230344961254,-0.0006610286162572888,,-0.0008600479845928167,,-0.00032221724239291967
659,2026-08-31,HUM,US4448591028,02791401,0.0016525715406432223,,,,,,,,0.000985030327181428,,,,,,0.0012230040147879504,,,0.0023251297257887195,-0.0007750432419295732,-0.0006032010751669077,-0.0015322693978377768,-0.0010150312508519282,,,-0.0013198756199196693,,,-0.0006115020073939752,0.0061526509667024585,-0.0006967287680063759,-0.0006419298761407058,0.0016874359191378049,,-0.0010552039916508172,,-0.0007392279350012195,-0.005554476567161941,-0.002072136335936061,0.004818341118501925,,0.002234202865003686,,-0.0012267555608455822,,0.002366404217962484,,-0.0006610286162572888,,0.002531153878706707,0.001970060654362856,-2.7666502254637215e-05
660,2026-08-31,HWM,US4432011082,02819201,,0.001809603225500723,-0.0007661346989188884,,,,,,,,,,0.0024839895207183836,,,,,,,-0.0006032010751669077,,0.002962387502486369,,,0.002596898135296492,0.003447606145134998,0.00588121048287735,0.0023804899573551174,,-0.0006967287680063759,,-0.0008563646955795712,0.003006934682974885,,0.0035080904634706995,,,,,,-0.0022594480951167216,-0.001075059980741021,-0.0012267555608455822,-0.0013743034805349132,-0.0023804899573551174,-0.0006621230344961254,-0.0006610286162572888,-0.0011591951096685791,-0.0008600479845928167,,-4.735843354734532e-05
661,2026-08-31,IAG,AU000000IAG3,23911601W,-0.000560115284083557,,0.0022594480951167216,,-0.0007003893394670049,-0.0010693109968867907,,-0.0010280779250274028,,,-0.004165857425371455,0.002816354315744083,,,,-0.0012497572276114369,-0.005332297504475464,,-0.0007750432419295732,,-0.0015322693978377768,,,,,,,,,-0.0006967287680063759,-0.0006419298761407058,0.0016874359191378049,,-0.0010552039916508172,-0.0008987018265969884,-0.0007392279350012195,,,,-0.0016945860713375414,-0.0022594480951167216,-0.001075059980741021,,-0.0013743034805349132,0.002366404217962484,-0.0006621230344961254,-0.0006610286162572888,,-0.0008600479845928167,,-0.00045667490259166494
662,2026-08-31,IAG,CA45075E1043,12947201C,-0.000560115284083557,-0.0006115020073939752,-0.0007661346989188884,,-0.0007003893394670049,,,-0.0010280779250274028,,0.0029191409696033557,,,,,,-0.0012497572276114369,0.001801451859620089,,-0.0007750432419295732,,,,,,,,,,,-0.0006967287680063759,-0.0006419298761407058,-0.0008563646955795712,,-0.0010552039916508172,-0.0008987018265969884,,,,,,,,-0.0012267555608455822,-0.0013743034805349132,,,,,-0.0008600479845928167,,-8.666723806883689e-05
663,2026-08-31,IAG,ES0177542018,01314501W,-0.000560115284083557,-0.0006115020073939752,0.0022594480951167216,,-0.0007003893394670049,0.00209383409861602,,,-0.0029191409696033557,,,,-0.0013886191417904852,,-0.003602903719240178,,,,,0.002366404217962484,,,,,-0.0013198756199196693,-0.000880886151620396,,-0.0006115020073939752,,-0.0006967287680063759,-0.0006419298761407058,0.0016874359191378049,0.003006934682974885,,0.0035080904634706995,-0.0007392279350012195,,0.002050883655567486,,,0.002234202865003686,0.002115991073204549,0.0024091705592509624,0.0027021777894301337,0.002366404217962484,0.0019319918494476317,0.0019319918494476317,-0.0011591951096685791,0.002531153878706707,,0.0005639439874096989
664,2026-08-31,IBE,ES0144580Y14,10095701W,-0.000560115284083557,,,,,-0.0010693109968867907,,,0.000985030327181428,,,,,,0.0012230040147879504,,,,0.0022722858683844305,-0.0006032010751669077,,,,,,,,,,,,-0.0008563646955795712,-0.001025441827783743,-0.0010552039916508172,-0.0008987018265969884,,,,,0.0016803458522506713,,-0.001075059980741021,-0.0012267555608455822,-0.0013743034805349132,,-0.0006621230344961254,0.0019319918494476317,0.0022722858683844305,-0.0008600479845928167,,-1.7145924028450863e-06
665,2026-08-31,IBKR,US45841N1072,17670101,0.0016525715406432223,0.001809603225500723,-0.0007661346989188884,,,,,,0.000985030327181428,0.0029191409696033557,,-0.002836328459827374,0.0024839895207183836,,,-0.0012497572276114369,-0.005332297504475464,,-0.0007750432419295732,,0.0029844948719079086,,,,,,0.00588121048287735,,,-0.0006967287680063759,-0.0006419298761407058,,0.003006934682974885,-0.0010552039916508172,0.0035080904634706995,0.0021734908306285856,,0.002050883655567486,,,,-0.001075059980741021,-0.0012267555608455822,-0.0013743034805349132,,-0.0006621230344961254,0.0019319918494476317,,-0.0008600479845928167,0.001970060654362856,0.00020715195710834113
666,2026-08-31,IBM,US4592001014,00606601,-0.000560115284083557,-0.0006115020073939752,-0.0007661346989188884,-0.0023947443882374837,-0.0007003893394670049,-0.0010693109968867907,-0.004760979914710235,-0.0010280779250274028,,,,,-0.0013886191417904852,0.002666148752237732,,,,,0.0022722858683844305,-0.0006032010751669077,,,,,,-0.000880886151620396,-0.0029844948719079086,-0.0006115020073939752,,0.002050883655567486,0.0018864260039417912,,,,,-0.0007392279350012195,,,-0.0024839895207183836,0.0016803458522506713,,,,,,,,,,0.001970060654362856,-0.00013598597890193085
667,2026-08-31,ICE,US45866F1049,16361001,-0.000560115284083557,-0.0006115020073939752,-0.0007661346989188884,-0.0023947443882374837,-0.0007003893394670049,,,,-0.0029191409696033557,,0.004165857425371455,,,,,-0.0012497572276114369,,,0.0022722858683844305,,,,,,,,,,,,,-0.0008563646955795712,-0.001025441827783743,-0.0010552039916508172,-0.0008987018265969884,-0.0007392279350012195,,,0.004818341118501925,,,-0.001075059980741021,-0.0012267555608455822,-0.0013743034805349132,-0.0023804899573551174,-0.0006621230344961254,-0.0006610286162572888,,-0.0008600479845928167,,-9.115599492151355e-05
668,2026-08-31,ICL,IL0002810146,22021102W,,,,,,,,,,,,-0.002836328459827374,-0.0013886191417904852,,,-0.0012497572276114369,,,-0.0007750432419295732,-0.0006032010751669077,-0.0015322693978377768,-0.0010150312508519282,,,-0.0013198756199196693,-0.000880886151620396,,-0.0006115020073939752,,-0.0006967287680063759,-0.0006419298761407058,0.0016874359191378049,,,,-0.0007392279350012195,,-0.002072136335936061,,,,,,,,0.0019319918494476317,-0.0006610286162572888,-0.0011591951096685791,,,-0.0005003792548474239
669,2026-08-31,IDR,ES0118594417,21686101W,,,0.0022594480951167216,,0.002072136335936061,,,,,,0.004165857425371455,-0.002836328459827374,0.0024839895207183836,0.002666148752237732,,,,0.0023251297257887195,-0.0007750432419295732,-0.0006032010751669077,,,,,,,,-0.0006115020073939752,,0.002050883655567486,0.0018864260039417912,0.0016874359191378049,,,,-0.0007392279350012195,,,,,,0.002115991073204549,,,,,,,,0.001970060654362856,0.0002810069281745214
670,2026-08-31,IDXX,US45168D1046,02419701,-0.000560115284083557,,,,,-0.0010693109968867907,-0.004760979914710235,,-0.0029191409696033557,,,,,,0.0012230040147879504,,,0.0023251297257887195,,0.002366404217962484,,-0.0010150312508519282,,,0.002596898135296492,,,-0.0006115020073939752,0.0061526509667024585,-0.0006967287680063759,-0.0006419298761407058,-0.0008563646955795712,,-0.0010552039916508172,,,,,-0.0024839895207183836,-0.0016945860713375414,-0.0022594480951167216,-0.001075059980741021,-0.0012267555608455822,-0.0013743034805349132,-0.0023804899573551174,-0.0006621230344961254,-0.0006610286162572888,-0.0011591951096685791,-0.0008600479845928167,,-0.00030518737555287304
671,2026-08-31,IEX,US45167R1041,01526701,-0.000560115284083557,,,,,,,,0.000985030327181428,,,,,-0.002666148752237732,0.0012230040147879504,,,-0.002338726975647133,,-0.0006032010751669077,,-0.0010150312508519282,,,,-0.000880886151620396,-0.0029844948719079086,-0.0006115020073939752,,-0.0006967287680063759,-0.0006419298761407058,,-0.001025441827783743,,-0.0008987018265969884,-0.0007392279350012195,,,0.004818341118501925,-0.0016945860713375414,-0.0022594480951167216,-0.001075059980741021,-0.0012267555608455822,-0.0013743034805349132,,-0.0006621230344961254,-0.0006610286162572888,,-0.0008600479845928167,-0.001999611564178299,-0.00028131659709731006
672,2026-08-31,IFC,CA45823T1066,16249101C,-0.000560115284083557,-0.0006115020073939752,0.0022594480951167216,,-0.0007003893394670049,,,,-0.0029191409696033557,,,,,,,-0.0012497572276114369,-0.005332297504475464,,,,,,,,,,,,,0.002050883655567486,0.0018864260039417912,-0.0008563646955795712,-0.001025441827783743,-0.0010552039916508172,-0.0008987018265969884,-0.0007392279350012195,,,,,,,,,,,,,-0.0008600479845928167,-0.001999611564178299,-0.00025989820833334634
673,2026-08-31,IFF,US4595061015,00607801,-0.000560115284083557,,,,,-0.0010693109968867907,,0.0030297144911792407,,,,,-0.0013886191417904852,,,-0.0012497572276114369,,,0.0022722858683844305,-0.0006032010751669077,0.0029844948719079086,-0.0010150312508519282,,,0.002596898135296492,-0.000880886151620396,-0.0029844948719079086,-0.0006115020073939752,,0.002050883655567486,0.0018864260039417912,-0.0008563646955795712,,,,-0.0007392279350012195,,,-0.0024839895207183836,,,,,,,-0.0006621230344961254,-0.0006610286162572888,-0.0011591951096685791,,,0.00023722240685708653
674,2026-08-31,IFT,NZIFTE0003S3,20982801W,,-0.0006115020073939752,0.0022594480951167216,,-0.0007003893394670049,,,,-0.0029191409696033557,-0.002962387502486369,,,,,,-0.0012497572276114369,-0.005332297504475464,,0.0022722858683844305,,,,,,,,,,,0.002050883655567486,0.0018864260039417912,-0.0008563646955795712,-0.001025441827783743,-0.0010552039916508172,-0.0008987018265969884,-0.0007392279350012195,,,,-0.0016945860713375414,,,-0.0012267555608455822,-0.0013743034805349132,,-0.0006621230344961254,-0.0006610286162572888,,-0.0008600479845928167,-0.001999611564178299,-0.00034418353838903905
675,2026-08-31,IFX,DE0006231004,13274001W,0.0016525715406432223,-0.0006115020073939752,-0.0007661346989188884,,-0.0007003893394670049,,,-0.0010280779250274028,,,-0.004165857425371455,,-0.0013886191417904852,,,,,,-0.0007750432419295732,-0.0006032010751669077,,,,,-0.0013198756199196693,,,-0.0006115020073939752,,-0.0006967287680063759,-0.0006419298761407058,-0.0008563646955795712,,,,0.0021734908306285856,,,,,,,,,,,,,,,-0.00034697078724060224
676,2026-08-31,IG,IT0005211237,32281101W,0.0016525715406432223,,,,0.002072136335936061,0.00209383409861602,,,0.000985030327181428,-0.002962387502486369,,-0.002836328459827374,,,0.0012230040147879504,,,,,-0.0006032010751669077,,0.002962387502486369,,,,,,,,,,0.0016874359191378049,-0.001025441827783743,-0.0010552039916508172,0.0035080904634706995,,,,,,,0.002115991073204549,0.0024091705592509624,0.0027021777894301337,,0.0019319918494476317,0.0019319918494476317,0.0022722858683844305,0.002531153878706707,0.001970060654362856,0.00032131418054319314
677,2026-08-31,IGM,CA4495861060,01433301C,0.0016525715406432223,0.001809603225500723,,,0.002072136335936061,,,0.0030297144911792407,,-0.002962387502486369,,,-0.0013886191417904852,,,-0.0012497572276114369,0.001801451859620089,,,,,,,,,,,,,-0.0006967287680063759,-0.0006419298761407058,,-0.001025441827783743,-0.0010552039916508172,-0.0008987018265969884,-0.0007392279350012195,,,,-0.0016945860713375414,,,,,,-0.0006621230344961254,-0.0006610286162572888,,-0.0008600479845928167,-0.001999611564178299,-0.00010533919896053959
678,2026-08-31,IHG,GB00BHJYC057,02006701W,-0.000560115284083557,-0.0006115020073939752,-0.0007661346989188884,,-0.0007003893394670049,,,-0.0010280779250274028,,,,,,-0.002666148752237732,,0.0037728520078835824,,0.0023251297257887195,0.0022722858683844305,0.002366404217962484,,0.002962387502486369,,,0.002596898135296492,-0.000880886151620396,,0.0023804899573551174,,,,,-0.001025441827783743,-0.0010552039916508172,,,,,,-0.0016945860713375414,,,,,,-0.0006621230344961254,-0.0006610286162572888,,,,0.000204813727156223
679,2026-08-31,III,GB00B1YW4409,21083501W,,-0.0006115020073939752,-0.0007661346989188884,,-0.0007003893394670049,0.00209383409861602,,-0.0010280779250274028,0.000985030327181428,,,0.002816354315744083,,,,0.0037728520078835824,-0.005332297504475464,,-0.0007750432419295732,,-0.0015322693978377768,,,,,,,,,-0.0006967287680063759,-0.0006419298761407058,-0.0008563646955795712,,-0.0010552039916508172,-0.0008987018265969884,-0.0007392279350012195,,,,-0.0016945860713375414,-0.0022594480951167216,0.002115991073204549,0.0024091705592509624,0.0027021777894301337,,-0.0006621230344961254,-0.0006610286162572888,,0.002531153878706707,-0.001999611564178299,1.5109284149727045e-05
680,2026-08-31,ILMN,US4523271090,13820501,,0.001809603225500723,,,,-0.0010693109968867907,-0.004760979914710235,,,,,,,,0.0012230040147879504,,,,0.0022722858683844305,0.002366404217962484,0.0029844948719079086,0.002962387502486369,,,0.002596898135296492,,,-0.0006115020073939752,,0.002050883655567486,0.0018864260039417912,-0.0008563646955795712,,0.004122910441604739,,-0.0007392279350012195,,,-0.0024839895207183836,-0.0016945860713375414,,-0.001075059980741021,-0.0012267555608455822,-0.0013743034805349132,-0.0023804899573551174,-0.0006621230344961254,-0.0006610286162572888,,-0.0008600479845928167,,0.00020671503466357884
681,2026-08-31,IMB,GB0004544929,21277301W,0.0016525715406432223,-0.0006115020073939752,,,,0.00209383409861602,,,,,,,,,0.0012230040147879504,,,,-0.0007750432419295732,-0.0006032010751669077,,,,,-0.0013198756199196693,,,-0.0006115020073939752,,-0.0006967287680063759,-0.0006419298761407058,,,,,,0.005478387847063832,,,,0.002234202865003686,0.002115991073204549,0.0024091705592509624,0.0027021777894301337,,0.0019319918494476317,0.0019319918494476317,0.0022722858683844305,0.002531153878706707,0.001970060654362856,0.0005688440938821787
682,2026-08-31,IMO,CA4530384086,00590303C,,,,,,,,-0.0010280779250274028,0.000985030327181428,,,,-0.0013886191417904852,,0.0012230040147879504,,,,-0.0007750432419295732,,,-0.0010150312508519282,0.010524271390412098,,,,,-0.0006115020073939752,,,,,,,,,,,,,,-0.001075059980741021,,,,-0.0006621230344961254,-0.0006610286162572888,,-0.0008600479845928167,,-9.919365338461646e-05
683,2026-08-31,INCY,US45337C1027,02912701,-0.000560115284083557,-0.0006115020073939752,,,,-0.0010693109968867907,,,0.000985030327181428,,,,,,0.0012230040147879504,,,,0.0022722858683844305,0.002366404217962484,-0.0015322693978377768,0.002962387502486369,,,0.002596898135296492,,,0.0023804899573551174,-0.006248786138057184,0.002050883655567486,0.0018864260039417912,,,0.004122910441604739,,0.0021734908306285856,0.005478387847063832,0.002050883655567486,-0.0024839895207183836,,,0.002115991073204549,0.0024091705592509624,0.0027021777894301337,,0.0019319918494476317,0.0019319918494476317,0.0022722858683844305,-0.0008600479845928167,-0.001999611564178299,0.00067292591844499
684,2026-08-31,INDT,SE0001515552,27419601W,,,-0.0007661346989188884,,,-0.0010693109968867907,,,0.000985030327181428,,,,-0.0013886191417904852,,0.0012230040147879504,,,,,-0.0006032010751669077,,-0.0010150312508519282,,,-0.0013198756199196693,0.003447606145134998,,-0.0006115020073939752,,-0.0006967287680063759,-0.0006419298761407058,-0.0008563646955795712,-0.001025441827783743,,-0.0008987018265969884,-0.0007392279350012195,,,,-0.0016945860713375414,,-0.001075059980741021,-0.0012267555608455822,-0.0013743034805349132,,-0.0006621230344961254,,,-0.0008600479845928167,,-0.00017866312583055346
685,2026-08-31,INDU A,SE0000190126,10303601W,,,,,,,,,,0.0029191409696033557,,0.002816354315744083,,,,0.0037728520078835824,-0.005332297504475464,,-0.0007750432419295732,,-0.0015322693978377768,,,,,,,,,0.002050883655567486,0.0018864260039417912,0.0016874359191378049,-0.001025441827783743,0.004122910441604739,-0.0008987018265969884,-0.0007392279350012195,,,,-0.0016945860713375414,-0.0022594480951167216,,0.0024091705592509624,0.0027021777894301337,,-0.0006621230344961254,-0.0006610286162572888,,0.002531153878706707,-0.001999611564178299,0.0002889802359945091
686,2026-08-31,INDU C,SE0000107203,10303603W,,,,,,,,,,0.0029191409696033557,,0.002816354315744083,,,,0.0037728520078835824,-0.005332297504475464,,-0.0007750432419295732,,-0.0015322693978377768,,,,,,,,,0.002050883655567486,0.0018864260039417912,0.0016874359191378049,-0.001025441827783743,0.004122910441604739,-0.0008987018265969884,-0.0007392279350012195,,,,-0.0016945860713375414,-0.0022594480951167216,,0.0024091705592509624,0.0027021777894301337,,-0.0006621230344961254,-0.0006610286162572888,,0.002531153878706707,-0.001999611564178299,0.0002889802359945091
687,2026-08-31,INF,GB00BMJ6DW54,22060101W,-0.000560115284083557,,-0.0007661346989188884,,,-0.0010693109968867907,,-0.0010280779250274028,,,,,,,,,,,,,-0.0015322693978377768,,,,,-0.000880886151620396,,,,,,,,,,,,,,,,,,,,-0.0006621230344961254,,,,,-0.00021583953346605898
688,2026-08-31,INGA,NL0011821202,01561704W,,0.001809603225500723,0.0022594480951167216,,0.002072136335936061,,,-0.0010280779250274028,0.000985030327181428,-0.002962387502486369,,0.002816354315744083,,,,0.0037728520078835824,0.001801451859620089,,0.0022722858683844305,,,,,,,,,,,,0.0018864260039417912,0.0016874359191378049,-0.001025441827783743,,-0.0008987018265969884,,,,,0.0016803458522506713,0.002234202865003686,0.002115991073204549,0.0024091705592509624,0.0027021777894301337,,,,,0.002531153878706707,0.001970060654362856,0.0005951465240777579
689,2026-08-31,INPST,LU2290522684,34636101W,,0.001809603225500723,-0.0007661346989188884,,0.002072136335936061,0.00209383409861602,,,-0.0029191409696033557,,,,,0.002666148752237732,-0.003602903719240178,,,,,0.002366404217962484,,-0.0010150312508519282,,,-0.0013198756199196693,,,-0.0006115020073939752,,-0.0006967287680063759,-0.0006419298761407058,0.0016874359191378049,,,,-0.0007392279350012195,,,,-0.0016945860713375414,,-0.001075059980741021,-0.0012267555608455822,-0.0013743034805349132,,,,,-0.0008600479845928167,0.001970060654362856,-3.254399201659307e-05
690,2026-08-31,INSM,US4576693075,13618601,-0.000560115284083557,0.001809603225500723,,,,,,,0.000985030327181428,,,,,,0.0012230040147879504,,,,0.0022722858683844305,-0.0006032010751669077,-0.0015322693978377768,-0.0010150312508519282,,,,,,-0.0006115020073939752,0.0061526509667024585,-0.0006967287680063759,-0.0006419298761407058,,,-0.0010552039916508172,,-0.0007392279350012195,-0.005554476567161941,,,-0.0016945860713375414,-0.0022594480951167216,,-0.0012267555608455822,-0.0013743034805349132,-0.0023804899573551174,-0.0006621230344961254,-0.0006610286162572888,-0.0011591951096685791,-0.0008600479845928167,,-0.0004454318711649136
691,2026-08-31,INTC,US4581401001,00600801,0.0016525715406432223,0.001809603225500723,0.0022594480951167216,0.004650259451577439,0.002072136335936061,0.00209383409861602,,0.0030297144911792407,,,,,-0.0013886191417904852,-0.002666148752237732,,,,-0.002338726975647133,0.0022722858683844305,-0.0006032010751669077,,,,,,-0.000880886151620396,,-0.0006115020073939752,,0.002050883655567486,0.0018864260039417912,-0.0008563646955795712,,,,0.0021734908306285856,,,0.004818341118501925,0.0016803458522506713,,-0.001075059980741021,,,,,,,,,0.0003077096986869158
692,2026-08-31,INTU,US4612021034,02792801,-0.000560115284083557,-0.0006115020073939752,-0.0007661346989188884,,,,,-0.0010280779250274028,,,,0.002816354315744083,,,,,,,-0.0007750432419295732,-0.0006032010751669077,,,,,,-0.000880886151620396,,-0.0006115020073939752,,,,,,,,0.0021734908306285856,,0.002050883655567486,,,,0.002115991073204549,,,,,,,,,0.00019953212983575677
693,2026-08-31,INVH,US46187W1071,03000401,,,,,,,,,,,,,,,,,0.001801451859620089,,,,,,,,,,,-0.0006115020073939752,0.0061526509667024585,,,,-0.001025441827783743,-0.0010552039916508172,-0.0008987018265969884,,,,,,,-0.001075059980741021,,,,,0.0019319918494476317,0.0022722858683844305,,,0.0001775245326220384
694,2026-08-31,IOT,US79589L1061,04029201,-0.000560115284083557,-0.0006115020073939752,,-0.0023947443882374837,-0.0007003893394670049,-0.0010693109968867907,,0.0030297144911792407,,,0.004165857425371455,,-0.0013886191417904852,,,,,,0.0022722858683844305,-0.0006032010751669077,,,,,0.002596898135296492,-0.000880886151620396,,-0.0006115020073939752,,,,,,,,-0.0007392279350012195,,,-0.0024839895207183836,-0.0016945860713375414,,-0.001075059980741021,,,,,,,,,0.0002383019337582448
695,2026-08-31,IP,US4601461035,00610401,0.0016525715406432223,-0.0006115020073939752,,-0.0023947443882374837,-0.0007003893394670049,0.00209383409861602,,0.0030297144911792407,,-0.002962387502486369,,,0.0024839895207183836,,,-0.0012497572276114369,,,-0.0007750432419295732,-0.0006032010751669077,0.0029844948719079086,-0.0010150312508519282,-0.00952195982942047,-0.009998057820891495,-0.0013198756199196693,-0.000880886151620396,,-0.0006115020073939752,,-0.0006967287680063759,-0.0006419298761407058,0.0016874359191378049,,,,,,0.002050883655567486,-0.0024839895207183836,,,-0.001075059980741021,-0.0012267555608455822,,,-0.0006621230344961254,-0.0006610286162572888,-0.0011591951096685791,,,1.0739699398816638e-05
696,2026-08-31,IPN,FR0010259150,27472201W,0.0016525715406432223,0.001809603225500723,,,,,,,0.000985030327181428,,,,,,0.0012230040147879504,,,,-0.0007750432419295732,-0.0006032010751669077,,-0.0010150312508519282,,,,,,0.0023804899573551174,,-0.0006967287680063759,-0.0006419298761407058,,,-0.0010552039916508172,,0.0021734908306285856,,0.002050883655567486,,,,-0.001075059980741021,,,,0.0019319918494476317,0.0019319918494476317,0.0022722858683844305,,,0.00024081167228864233
697,2026-08-31,IQV,US46266C1053,01792801,,,,,,,,,0.000985030327181428,,,,,,0.0012230040147879504,,,,-0.0007750432419295732,-0.0006032010751669077,0.0029844948719079086,-0.0010150312508519282,,,,,,-0.0006115020073939752,,,-0.0006419298761407058,0.0016874359191378049,,-0.0010552039916508172,,,,,-0.0024839895207183836,,,,,,,-0.0006621230344961254,0.0019319918494476317,,-0.0008600479845928167,0.001970060654362856,0.00018176516435470245
698,2026-08-31,IR,US45687V1061,03009802,-0.000560115284083557,-0.0006115020073939752,-0.0007661346989188884,-0.0023947443882374837,-0.0007003893394670049,,,,0.000985030327181428,,,,-0.0013886191417904852,-0.002666148752237732,0.0012230040147879504,,,-0.002338726975647133,,-0.0006032010751669077,,-0.0010150312508519282,,,-0.0013198756199196693,-0.000880886151620396,-0.0029844948719079086,-0.0006115020073939752,,-0.0006967287680063759,-0.0006419298761407058,,-0.001025441827783743,,-0.0008987018265969884,-0.0007392279350012195,,,-0.0024839895207183836,,-0.0022594480951167216,,-0.0012267555608455822,-0.0013743034805349132,,-0.0006621230344961254,,,-0.0008600479845928167,-0.001999611564178299,-0.0003293181894936024
699,2026-08-31,IREN,AU0000185993,03996001,-0.000560115284083557,-0.0006115020073939752,0.0022594480951167216,-0.0023947443882374837,-0.0007003893394670049,,,,,,,0.002816354315744083,,-0.002666148752237732,,,,-0.002338726975647133,0.0022722858683844305,-0.0006032010751669077,,,,,,-0.000880886151620396,-0.0029844948719079086,-0.0006115020073939752,-0.006248786138057184,0.002050883655567486,0.0018864260039417912,,,,,-0.0007392279350012195,,0.002050883655567486,-0.0024839895207183836,,,,,,,,,,,,4.2447545804167306e-05
700,2026-08-31,IRM,US46284V1017,06237401,,,,,,,,,,,,,,-0.002666148752237732,,,0.001801451859620089,0.0023251297257887195,,,,,,,,,,-0.0006115020073939752,0.0061526509667024585,,,0.0016874359191378049,0.003006934682974885,-0.0010552039916508172,0.0035080904634706995,,0.005478387847063832,0.002050883655567486,,,-0.0022594480951167216,-0.001075059980741021,,,,-0.0006621230344961254,-0.0006610286162572888,-0.0011591951096685791,,,0.00042360638008758655
701,2026-08-31,ISP,IT0000072618,01634803W,,,-0.0007661346989188884,,,,,,0.000985030327181428,,,,,,,0.0037728520078835824,0.001801451859620089,,,,0.0029844948719079086,,,,,,,,,,-0.0006419298761407058,-0.0008563646955795712,-0.001025441827783743,,-0.0008987018265969884,,,,,0.0016803458522506713,,,,,,,,,,,0.00031012807492560967
702,2026-08-31,ISRG,US46120E6023,13672501,,,,,,,,,,,,,,,0.0012230040147879504,,,,-0.0007750432419295732,-0.0006032010751669077,-0.0015322693978377768,,,,,,,0.0023804899573551174,0.0061526509667024585,,-0.0006419298761407058,,,,,,,,0.004818341118501925,,-0.0022594480951167216,,-0.0012267555608455822,-0.0013743034805349132,-0.0023804899573551174,-0.0006621230344961254,-0.0006610286162572888,,-0.0008600479845928167,-0.001999611564178299,-0.0002673256795269588
703,2026-08-31,ITRK,GB0031638363,25238401W,-0.000560115284083557,-0.0006115020073939752,-0.0007661346989188884,,-0.0007003893394670049,-0.0010693109968867907,,,,,,,,0.002666148752237732,,,,,,-0.0006032010751669077,,,,,-0.0013198756199196693,-0.000880886151620396,,-0.0006115020073939752,,-0.0006967287680063759,-0.0006419298761407058,,-0.001025441827783743,,-0.0008987018265969884,-0.0007392279350012195,,,,-0.0016945860713375414,,-0.001075059980741021,,,,,-0.0006610286162572888,-0.0011591951096685791,-0.0008600479845928167,,-0.00019427838833495283
704,2026-08-31,ITW,US4523081093,00587801,-0.000560115284083557,-0.0006115020073939752,-0.0007661346989188884,-0.0023947443882374837,-0.0007003893394670049,-0.0010693109968867907,,,0.000985030327181428,-0.002962387502486369,,,-0.0013886191417904852,0.002666148752237732,0.0012230040147879504,,,,,0.002366404217962484,,-0.0010150312508519282,,,-0.0013198756199196693,-0.000880886151620396,-0.0029844948719079086,-0.0006115020073939752,,-0.0006967287680063759,-0.0006419298761407058,-0.0008563646955795712,-0.001025441827783743,,-0.0008987018265969884,-0.0007392279350012195,,,-0.0024839895207183836,,-0.0022594480951167216,-0.001075059980741021,,,-0.0023804899573551174,-0.0006621230344961254,-0.0006610286162572888,-0.0011591951096685791,,0.001970060654362856,-0.000262740168721847
705,2026-08-31,ITX,ES0148396007,24566301W,-0.000560115284083557,-0.0006115020073939752,-0.0007661346989188884,,-0.0007003893394670049,,,,,,,,0.0024839895207183836,,,-0.0012497572276114369,,,,0.002366404217962484,0.0029844948719079086,,,,,,,-0.0006115020073939752,,-0.0006967287680063759,-0.0006419298761407058,-0.0008563646955795712,-0.001025441827783743,-0.0010552039916508172,,-0.0007392279350012195,,,,,-0.0022594480951167216,,,,,-0.0006621230344961254,-0.0006610286162572888,-0.0011591951096685791,,,6.738920063746769e-05
706,2026-08-31,IVN,CA46579R1047,01600501C,-0.000560115284083557,-0.0006115020073939752,-0.0007661346989188884,,-0.0007003893394670049,0.00209383409861602,,-0.0010280779250274028,,,,-0.002836328459827374,,,,-0.0012497572276114369,,,-0.0007750432419295732,-0.0006032010751669077,-0.0015322693978377768,-0.0010150312508519282,-0.00952195982942047,-0.009998057820891495,-0.0013198756199196693,-0.000880886151620396,,-0.0006115020073939752,,-0.0006967287680063759,-0.0006419298761407058,,,,,,,,,-0.0016945860713375414,,,-0.0012267555608455822,,,-0.0006621230344961254,-0.0006610286162572888,-0.0011591951096685791,,,-0.0006226791182454935
707,2026-08-31,IVSB.F,SE0015811963,01569902,,,,,,,,,,,,,,,,,,,,,,,,,,,,,,,,,,,,,,,0.004818341118501925,,,,,,,,,,,,2.6905038822303842e-05
708,2026-08-31,J,US46982L1089,00621601,,-0.0006115020073939752,,,-0.0007003893394670049,0.00209383409861602,,,0.000985030327181428,-0.002962387502486369,,,,0.002666148752237732,0.0012230040147879504,,,,,-0.0006032010751669077,,-0.0010150312508519282,,,,-0.000880886151620396,-0.0029844948719079086,-0.0006115020073939752,0.0061526509667024585,-0.0006967287680063759,-0.0006419298761407058,0.0016874359191378049,-0.001025441827783743,,-0.0008987018265969884,-0.0007392279350012195,,-0.002072136335936061,-0.0024839895207183836,,,-0.001075059980741021,-0.0012267555608455822,-0.0013743034805349132,,-0.0006621230344961254,-0.0006610286162572888,-0.0011591951096685791,-0.0008600479845928167,,-0.00022298064278401737
709,2026-08-31,J36,BMG507361001,10042403W,-0.000560115284083557,-0.0006115020073939752,-0.0007661346989188884,,-0.0007003893394670049,,,,0.000985030327181428,,,,,,0.0012230040147879504,,,0.0023251297257887195,,-0.0006032010751669077,,-0.0010150312508519282,,,,-0.000880886151620396,,-0.0006115020073939752,,0.002050883655567486,0.0018864260039417912,-0.0008563646955795712,-0.001025441827783743,,-0.0008987018265969884,,,,,0.0016803458522506713,0.002234202865003686,,,,0.002366404217962484,0.0019319918494476317,0.0019319918494476317,0.0022722858683844305,,,0.00032419116253372106
710,2026-08-31,JBHT,US4456581077,00578301,0.0016525715406432223,0.001809603225500723,-0.0007661346989188884,,,,,,-0.0029191409696033557,,,,,0.002666148752237732,0.0012230040147879504,,,0.0023251297257887195,,0.002366404217962484,,-0.0010150312508519282,,,0.002596898135296492,0.003447606145134998,0.00588121048287735,0.0023804899573551174,0.0061526509667024585,,,,-0.001025441827783743,,-0.0008987018265969884,0.0021734908306285856,,,,-0.0016945860713375414,-0.0022594480951167216,,-0.0012267555608455822,-0.0013743034805349132,,,,,-0.0008600479845928167,,0.0002026707825445821
711,2026-08-31,JBL,US4663131039,02819501,0.0016525715406432223,-0.0006115020073939752,-0.0007661346989188884,,-0.0007003893394670049,0.00209383409861602,,-0.0010280779250274028,,,-0.004165857425371455,,-0.0013886191417904852,0.002666148752237732,,,,0.0023251297257887195,-0.0007750432419295732,0.002366404217962484,,,,,,-0.000880886151620396,-0.0029844948719079086,-0.0006115020073939752,,-0.0006967287680063759,-0.0006419298761407058,0.0016874359191378049,,,,,,,-0.0024839895207183836,,,,,,,,,,,0.001970060654362856,-9.182082796151415e-05
712,2026-08-31,JCI,IE00BY7QL619,00626801,0.0016525715406432223,0.001809603225500723,-0.0007661346989188884,0.004650259451577439,,,,,0.000985030327181428,,,,,,0.0012230040147879504,,,,,-0.0006032010751669077,,-0.0010150312508519282,,,,-0.000880886151620396,-0.0029844948719079086,-0.0006115020073939752,0.0061526509667024585,-0.0006967287680063759,-0.0006419298761407058,,-0.001025441827783743,,-0.0008987018265969884,-0.0007392279350012195,,-0.002072136335936061,0.004818341118501925,,,,-0.0012267555608455822,-0.0013743034805349132,,-0.0006621230344961254,-0.0006610286162572888,-0.0011591951096685791,-0.0008600479845928167,,-0.00010705872631579024
713,2026-08-31,JMT,PTJMT0AE0001,22110201W,-0.000560115284083557,-0.0006115020073939752,,,,,,,,,,0.002816354315744083,-0.0013886191417904852,0.002666148752237732,0.0012230040147879504,,0.001801451859620089,0.0023251297257887195,-0.0007750432419295732,0.002366404217962484,-0.0015322693978377768,,,,-0.0013198756199196693,,,0.0023804899573551174,,,-0.0006419298761407058,0.0016874359191378049,,,,0.0021734908306285856,,0.002050883655567486,,,0.002234202865003686,0.002115991073204549,,,0.002366404217962484,0.0019319918494476317,0.0019319918494476317,0.0022722858683844305,,0.001970060654362856,0.0007000824915010135
714,2026-08-31,JNJ,US4781601046,00626601,-0.000560115284083557,-0.0006115020073939752,,,,-0.0010693109968867907,,,,,,,,,,,,,-0.0007750432419295732,0.002366404217962484,,,,,-0.0013198756199196693,,,-0.0006115020073939752,,-0.0006967287680063759,-0.0006419298761407058,-0.0008563646955795712,,-0.0010552039916508172,,-0.0007392279350012195,,,,0.0016803458522506713,,-0.001075059980741021,,,,-0.0006621230344961254,-0.0006610286162572888,-0.0011591951096685791,-0.0008600479845928167,,-0.0001862758919115796
715,2026-08-31,JPM,US46625H1005,00296801,,0.001809603225500723,-0.0007661346989188884,0.004650259451577439,0.002072136335936061,,,-0.0010280779250274028,0.000985030327181428,,,-0.002836328459827374,,,,-0.0012497572276114369,0.001801451859620089,,-0.0007750432419295732,,,,,,,,,,,,-0.0006419298761407058,-0.0008563646955795712,,,-0.0008987018265969884,,,,0.004818341118501925,0.0016803458522506713,,,,,,,,,-0.0008600479845928167,,-8.826625780353797e-05
716,2026-08-31,K,CA4969024047,00864401C,-0.000560115284083557,-0.0006115020073939752,,,-0.0007003893394670049,,,,,0.0029191409696033557,,0.002816354315744083,0.0024839895207183836,,,0.0037728520078835824,,,0.0022722858683844305,0.002366404217962484,,,0.010524271390412098,0.008887162507459107,0.002596898135296492,0.003447606145134998,,-0.0006115020073939752,,0.002050883655567486,0.0018864260039417912,,,,,0.0021734908306285856,,0.002050883655567486,,,,,0.0024091705592509624,,,0.0019319918494476317,0.0019319918494476317,0.0022722858683844305,,,0.0009925320322789945
717,2026-08-31,KBC,BE0003565737,01570301W,,-0.0006115020073939752,-0.0007661346989188884,,-0.0007003893394670049,,,-0.0010280779250274028,,,-0.004165857425371455,0.002816354315744083,,,,0.0037728520078835824,0.001801451859620089,,-0.0007750432419295732,,0.0029844948719079086,,,,,,,,,,-0.0006419298761407058,,-0.001025441827783743,,-0.0008987018265969884,,,,,,,,,,,,,,,,0.0001556294173927537
718,2026-08-31,KBX,DE000KBX1006,32874501W,-0.000560115284083557,-0.0006115020073939752,-0.0007661346989188884,,-0.0007003893394670049,,,,0.000985030327181428,,,,,,0.0012230040147879504,,,,,-0.0006032010751669077,,0.002962387502486369,,,0.002596898135296492,-0.000880886151620396,,-0.0006115020073939752,,0.002050883655567486,0.0018864260039417912,-0.0008563646955795712,-0.001025441827783743,,-0.0008987018265969884,-0.0007392279350012195,,,,,,,,,,,0.0019319918494476317,0.0022722858683844305,-0.0008600479845928167,,8.317968522832169e-05
719,2026-08-31,KDP,US49271V1008,02887702,-0.000560115284083557,-0.0006115020073939752,,,,0.00209383409861602,0.004544571736768861,,,,,,,-0.002666148752237732,0.0012230040147879504,,0.001801451859620089,-0.002338726975647133,,-0.0006032010751669077,-0.0015322693978377768,,,0.008887162507459107,,,,-0.0006115020073939752,,,,,,,,-0.0007392279350012195,-0.005554476567161941,,-0.0024839895207183836,,,,,,-0.0023804899573551174,-0.0006621230344961254,-0.0006610286162572888,-0.0011591951096685791,-0.0008600479845928167,,-0.0003921901146296012
720,2026-08-31,KER,FR0000121485,22237901W,-0.000560115284083557,-0.0006115020073939752,-0.0007661346989188884,,-0.0007003893394670049,,,-0.0010280779250274028,,,,,-0.0013886191417904852,,,0.0037728520078835824,,-0.002338726975647133,-0.0007750432419295732,-0.0006032010751669077,,-0.0010150312508519282,,,-0.0013198756199196693,,,-0.0006115020073939752,,-0.0006967287680063759,-0.0006419298761407058,-0.0008563646955795712,-0.001025441827783743,-0.0010552039916508172,,0.0021734908306285856,-0.005554476567161941,-0.002072136335936061,,,,,,,,,,,,,-0.0004064346247420661
721,2026-08-31,KESKOB,FI0009000202,10197101W,-0.000560115284083557,,,,,-0.0010693109968867907,,,,,,,,,0.0012230040147879504,,,0.0023251297257887195,-0.0007750432419295732,0.002366404217962484,0.0029844948719079086,,,,,,,0.0023804899573551174,,,,,,,,,,,,-0.0016945860713375414,0.002234202865003686,,,,,,-0.0006610286162572888,-0.0011591951096685791,,,0.0003395383448181273
722,2026-08-31,KEY,CA4932711001,15413501C,-0.000560115284083557,,-0.0007661346989188884,,-0.0007003893394670049,-0.0010693109968867907,,,0.000985030327181428,,,,0.0024839895207183836,,0.0012230040147879504,,0.001801451859620089,,-0.0007750432419295732,,,-0.0010150312508519282,,,,,,-0.0006115020073939752,,,,,,,,,,,,,,-0.001075059980741021,,,,-0.0006621230344961254,-0.0006610286162572888,-0.0011591951096685791,-0.0008600479845928167,0.001970060654362856,-9.566560768727947e-05
723,2026-08-31,KEY,US4932671088,00978301,-0.000560115284083557,-0.0006115020073939752,-0.0007661346989188884,,-0.0007003893394670049,0.00209383409861602,0.004544571736768861,-0.0010280779250274028,0.000985030327181428,,0.004165857425371455,-0.002836328459827374,,,,-0.0012497572276114369,0.001801451859620089,,0.0022722858683844305,,,,,,,,,,,,0.0018864260039417912,,-0.001025441827783743,,-0.0008987018265969884,,,,0.004818341118501925,,,0.002115991073204549,,,,,,,,,0.0003385436014758067
724,2026-08-31,KEYS,US49338L1035,02023201,,0.001809603225500723,,0.004650259451577439,0.002072136335936061,,,0.0030297144911792407,,,,,0.0024839895207183836,,,,,,,-0.0006032010751669077,,,,,,-0.000880886151620396,-0.0029844948719079086,-0.0006115020073939752,,,-0.0006419298761407058,,,,,-0.0007392279350012195,,-0.002072136335936061,0.004818341118501925,,,,,,,,,,,,7.896605448356964e-05
725,2026-08-31,KGF,GB0033195214,10076001W,-0.000560115284083557,-0.0006115020073939752,-0.0007661346989188884,,-0.0007003893394670049,,,-0.0010280779250274028,,,,,,,,-0.0012497572276114369,,,,-0.0006032010751669077,,-0.0010150312508519282,,,,-0.000880886151620396,,-0.0006115020073939752,,0.002050883655567486,0.0018864260039417912,0.0016874359191378049,-0.001025441827783743,-0.0010552039916508172,,,0.005478387847063832,0.002050883655567486,,,0.002234202865003686,,,,,0.0019319918494476317,0.0019319918494476317,0.0022722858683844305,,,0.00036471658051438223
726,2026-08-31,KHC,US5007541064,00556804,-0.000560115284083557,,,,,-0.0010693109968867907,-0.004760979914710235,,,,,,,-0.002666148752237732,0.0012230040147879504,,-0.005332297504475464,-0.002338726975647133,-0.0007750432419295732,-0.0006032010751669077,,,0.010524271390412098,,-0.0013198756199196693,,,-0.0006115020073939752,,-0.0006967287680063759,-0.0006419298761407058,-0.0008563646955795712,,,,0.0021734908306285856,0.005478387847063832,0.002050883655567486,-0.0024839895207183836,0.0016803458522506713,,-0.001075059980741021,-0.0012267555608455822,0.0027021777894301337,,0.0019319918494476317,0.0019319918494476317,,-0.0008600479845928167,,-0.00010851167714338411
727,2026-08-31,KIM,US49446R1095,02473101,,,,,,,,,,,,,,,,,,,,,,,,,,,,-0.0006115020073939752,,,,,-0.001025441827783743,-0.0010552039916508172,-0.0008987018265969884,,,,,,,,,,,,,,,,-7.3205456844437e-05
728,2026-08-31,KKR,US48251W1045,17974101,-0.000560115284083557,-0.0006115020073939752,,,-0.0007003893394670049,0.00209383409861602,0.004544571736768861,,0.000985030327181428,,,-0.002836328459827374,,,,-0.0012497572276114369,-0.005332297504475464,,-0.0007750432419295732,,-0.0015322693978377768,,,,,,-0.0029844948719079086,,,,-0.0006419298761407058,,0.003006934682974885,,0.0035080904634706995,-0.0007392279350012195,,-0.002072136335936061,,,,-0.001075059980741021,-0.0012267555608455822,-0.0013743034805349132,,-0.0006621230344961254,-0.0006610286162572888,,-0.0008600479845928167,,-0.00032632261591369595
729,2026-08-31,KLAC,US4824801009,00630401,,,-0.0007661346989188884,,,-0.0010693109968867907,,,,,,,,0.002666148752237732,,,,,,0.002366404217962484,,,,,0.002596898135296492,-0.000880886151620396,,-0.0006115020073939752,,-0.0006967287680063759,-0.0006419298761407058,-0.0008563646955795712,,,,-0.0007392279350012195,,,,,,,,,,,,,,,4.1558663098868075e-05
730,2026-08-31,KMB,US4943681035,00643501,-0.000560115284083557,-0.0006115020073939752,,-0.0023947443882374837,,-0.0010693109968867907,-0.004760979914710235,,,,,,0.0024839895207183836,0.002666148752237732,-0.003602903719240178,,,,-0.0007750432419295732,0.002366404217962484,,,,,-0.0013198756199196693,,,-0.0006115020073939752,,-0.0006967287680063759,-0.0006419298761407058,-0.0008563646955795712,,,,-0.0007392279350012195,,,-0.0024839895207183836,,,-0.001075059980741021,,,,-0.0006621230344961254,-0.0006610286162572888,-0.0011591951096685791,,0.001970060654362856,-0.00028440006102492613
731,2026-08-31,KMI,US49456B1017,00631004,-0.000560115284083557,,,,-0.0007003893394670049,-0.0010693109968867907,,,0.000985030327181428,,,0.002816354315744083,,-0.002666148752237732,,,0.001801451859620089,-0.002338726975647133,,,,-0.0010150312508519282,,,,,,0.0023804899573551174,,,,,,,,,,,,,-0.0022594480951167216,,,,-0.0023804899573551174,-0.0006621230344961254,-0.0006610286162572888,-0.0011591951096685791,-0.0008600479845928167,,-9.916489823707133e-05
732,2026-08-31,KNEBV,FI0009013403,10102301W,-0.000560115284083557,-0.0006115020073939752,-0.0007661346989188884,,-0.0007003893394670049,,,,0.000985030327181428,0.0029191409696033557,,,-0.0013886191417904852,0.002666148752237732,0.0012230040147879504,,,0.0023251297257887195,,0.002366404217962484,,-0.0010150312508519282,,,-0.0013198756199196693,-0.000880886151620396,,-0.0006115020073939752,,-0.0006967287680063759,-0.0006419298761407058,-0.0008563646955795712,-0.001025441827783743,,-0.0008987018265969884,-0.0007392279350012195,,,,,,,,,,-0.0006621230344961254,-0.0006610286162572888,-0.0011591951096685791,,0.001970060654362856,0.00013595615676496652
733,2026-08-31,KNIN,CH0025238863,21144701W,,0.001809603225500723,-0.0007661346989188884,,0.002072136335936061,-0.0010693109968867907,,,0.000985030327181428,0.0029191409696033557,,,,0.002666148752237732,0.0012230040147879504,,,0.0023251297257887195,,0.002366404217962484,,-0.0010150312508519282,,,-0.0013198756199196693,-0.000880886151620396,,-0.0006115020073939752,,-0.0006967287680063759,-0.0006419298761407058,-0.0008563646955795712,-0.001025441827783743,,-0.0008987018265969884,,,,,,,-0.001075059980741021,,,0.002366404217962484,,0.0019319918494476317,0.0022722858683844305,0.002531153878706707,0.001970060654362856,0.000522014804364209
734,2026-08-31,KO,US1912161007,00314401,,0.001809603225500723,,,,-0.0010693109968867907,,,,,,,,,,,0.001801451859620089,-0.002338726975647133,0.0022722858683844305,0.002366404217962484,-0.0015322693978377768,,,,0.002596898135296492,,,-0.0006115020073939752,,-0.0006967287680063759,,-0.0008563646955795712,,,,0.0021734908306285856,,0.002050883655567486,,0.0016803458522506713,-0.0022594480951167216,-0.001075059980741021,-0.0012267555608455822,-0.0013743034805349132,-0.0023804899573551174,-0.0006621230344961254,-0.0006610286162572888,-0.0011591951096685791,-0.0008600479845928167,,-0.00013800656030914913
735,2026-08-31,KOG,NO0013536151,21178701W,0.0016525715406432223,0.001809603225500723,0.0022594480951167216,,,0.00209383409861602,,,0.000985030327181428,0.0029191409696033557,,,0.0024839895207183836,,,,,0.0023251297257887195,,0.002366404217962484,,0.002962387502486369,,,0.002596898135296492,,,-0.0006115020073939752,,,,,0.003006934682974885,,0.0035080904634706995,-0.0007392279350012195,,,,-0.0016945860713375414,,0.002115991073204549,-0.0012267555608455822,-0.0013743034805349132,-0.0023804899573551174,-0.0006621230344961254,-0.0006610286162572888,,-0.0008600479845928167,0.001970060654362856,0.00036959267499321065
736,2026-08-31,KPN,NL0000009082,06144001W,-0.000560115284083557,-0.0006115020073939752,-0.0007661346989188884,,-0.0007003893394670049,,,-0.0010280779250274028,,-0.002962387502486369,,0.002816354315744083,,,,,,,,,-0.0015322693978377768,,,,,,,,,,-0.0006419298761407058,-0.0008563646955795712,,,,,,,,,,,,,,,-0.0006610286162572888,,,,-0.0001871442774763868
737,2026-08-31,KR,US5010441013,00650201,-0.000560115284083557,-0.0006115020073939752,,-0.0023947443882374837,,0.00209383409861602,,,,,,0.002816354315744083,-0.0013886191417904852,0.002666148752237732,0.0012230040147879504,,0.001801451859620089,0.0023251297257887195,-0.0007750432419295732,-0.0006032010751669077,0.0029844948719079086,,,-0.009998057820891495,-0.0013198756199196693,,,0.0023804899573551174,,-0.0006967287680063759,-0.0006419298761407058,0.0016874359191378049,,,,0.0021734908306285856,,0.002050883655567486,,,0.002234202865003686,-0.001075059980741021,-0.0012267555608455822,0.0027021777894301337,0.002366404217962484,0.0019319918494476317,,,-0.0008600479845928167,0.001970060654362856,0.0006816409322655008
738,2026-08-31,KRX,IE0004927939,10257401W,-0.000560115284083557,-0.0006115020073939752,-0.0007661346989188884,,-0.0007003893394670049,,,,,,,,0.0024839895207183836,,,,,,,-0.0006032010751669077,,-0.0010150312508519282,,,-0.0013198756199196693,-0.000880886151620396,,-0.0006115020073939752,,-0.0006967287680063759,-0.0006419298761407058,0.0016874359191378049,-0.001025441827783743,,-0.0008987018265969884,-0.0007392279350012195,,,,,,,,,,-0.0006621230344961254,-0.0006610286162572888,,,,-0.00010310945438101837
739,2026-08-31,KRZ,IE0004906560,10080103W,-0.000560115284083557,-0.0006115020073939752,,,,,,,,,,-0.002836328459827374,,-0.002666148752237732,,,0.001801451859620089,-0.002338726975647133,-0.0007750432419295732,-0.0006032010751669077,-0.0015322693978377768,,,,,,,-0.0006115020073939752,,-0.0006967287680063759,-0.0006419298761407058,-0.0008563646955795712,,,,-0.0007392279350012195,-0.005554476567161941,-0.002072136335936061,,-0.0016945860713375414,,,,,,-0.0006621230344961254,-0.0006610286162572888,-0.0011591951096685791,,-0.001999611564178299,-0.0008211032157861278
740,2026-08-31,KVUE,US49177J1025,04189701,0.0016525715406432223,0.001809603225500723,,0.004650259451577439,,0.00209383409861602,0.004544571736768861,,,,,,,,0.0012230040147879504,,,-0.002338726975647133,0.0022722858683844305,-0.0006032010751669077,,,,-0.009998057820891495,0.002596898135296492,,,-0.0006115020073939752,,,,-0.0008563646955795712,,,,,,,0.004818341118501925,,,0.002115991073204549,,,,-0.0006621230344961254,-0.0006610286162572888,-0.0011591951096685791,-0.0008600479845928167,,0.00011179113065256598
741,2026-08-31,L,CA5394811015,00677101C,-0.000560115284083557,-0.0006115020073939752,,,,,,,,,,0.002816354315744083,,0.002666148752237732,0.0012230040147879504,,0.001801451859620089,,-0.0007750432419295732,-0.0006032010751669077,0.0029844948719079086,,,0.008887162507459107,,,,-0.0006115020073939752,,-0.0006967287680063759,-0.0006419298761407058,,,,,,,,,,,,-0.0012267555608455822,-0.0013743034805349132,,,0.0019319918494476317,0.0022722858683844305,-0.0008600479845928167,,0.0004318334794415896
742,2026-08-31,L,US5404241086,00678101,,,,,,,,,-0.0029191409696033557,,-0.004165857425371455,,,,,-0.0012497572276114369,,,-0.0007750432419295732,,,,,,,,-0.0029844948719079086,,,,,0.0016874359191378049,-0.001025441827783743,-0.0010552039916508172,-0.0008987018265969884,-0.0007392279350012195,,-0.002072136335936061,,,,,,,0.002366404217962484,,,,-0.0008600479845928167,,-0.00036356942357782196
743,2026-08-31,LAND,GB00BYW0PQ60,01560201W,,,,,,,,,,,,,,,,,-0.005332297504475464,,,,,,,,,,,-0.0006115020073939752,,,,,-0.001025441827783743,0.004122910441604739,-0.0008987018265969884,,-0.005554476567161941,,,-0.0016945860713375414,,,,,,-0.0006621230344961254,-0.0006610286162572888,-0.0011591951096685791,,,-0.0003830517646104322
744,2026-08-31,LDO,IT0003856405,01626701W,-0.000560115284083557,-0.0006115020073939752,0.0022594480951167216,,-0.0007003893394670049,0.00209383409861602,,,0.000985030327181428,0.0029191409696033557,,,,,,,,0.0023251297257887195,,-0.0006032010751669077,,0.002962387502486369,,,,,,-0.0006115020073939752,,,,0.0016874359191378049,0.003006934682974885,,0.0035080904634706995,-0.0007392279350012195,,,,,0.002234202865003686,0.002115991073204549,,,,,0.0019319918494476317,0.0022722858683844305,-0.0008600479845928167,,0.000510893077208065
745,2026-08-31,LDOS,US5253271028,16512301,-0.000560115284083557,-0.0006115020073939752,,-0.0023947443882374837,-0.0007003893394670049,,,,0.000985030327181428,-0.002962387502486369,,,,0.002666148752237732,0.0012230040147879504,,,,,-0.0006032010751669077,,,,,,-0.000880886151620396,0.00588121048287735,0.0023804899573551174,,,,0.0016874359191378049,-0.001025441827783743,,-0.0008987018265969884,0.0021734908306285856,,0.002050883655567486,,,,,0.0024091705592509624,0.0027021777894301337,0.002366404217962484,0.0019319918494476317,0.0019319918494476317,0.0022722858683844305,0.002531153878706707,,0.00047550569525364847
746,2026-08-31,LEN,US5260571048,00666901,-0.000560115284083557,-0.0006115020073939752,-0.0007661346989188884,-0.0023947443882374837,-0.0007003893394670049,,-0.004760979914710235,,,,-0.004165857425371455,,0.0024839895207183836,,,-0.0012497572276114369,,,-0.0007750432419295732,-0.0006032010751669077,,-0.0010150312508519282,-0.00952195982942047,-0.009998057820891495,-0.0013198756199196693,-0.000880886151620396,,-0.0006115020073939752,,-0.0006967287680063759,-0.0006419298761407058,-0.0008563646955795712,-0.001025441827783743,-0.0010552039916508172,,-0.0007392279350012195,-0.005554476567161941,-0.002072136335936061,,,,,,,,-0.0006621230344961254,-0.0006610286162572888,-0.0011591951096685791,,-0.001999611564178299,-0.001048441336149228
747,2026-08-31,LGEN,GB0005603997,01560301W,-0.000560115284083557,0.001809603225500723,-0.0007661346989188884,,0.002072136335936061,,,-0.0010280779250274028,0.000985030327181428,0.0029191409696033557,,,0.0024839895207183836,,,-0.0012497572276114369,0.001801451859620089,,,,,,,,,,,,,,0.0018864260039417912,0.0016874359191378049,-0.001025441827783743,-0.0010552039916508172,-0.0008987018265969884,0.0021734908306285856,,0.002050883655567486,,0.0016803458522506713,,,-0.0012267555608455822,-0.0013743034805349132,,-0.0006621230344961254,0.0019319918494476317,,-0.0008600479845928167,0.001970060654362856,0.0002494766077291069
748,2026-08-31,LH,US5049221055,01496001,,,,,,,,,,,,,,,0.0012230040147879504,,,,-0.0007750432419295732,-0.0006032010751669077,0.0029844948719079086,0.002962387502486369,,,,,,-0.0006115020073939752,,,,0.0016874359191378049,,-0.0010552039916508172,,,,,-0.0024839895207183836,,,,,,0.002366404217962484,-0.0006621230344961254,,,,,0.00020974070653474443
749,2026-08-31,LHA,DE0008232125,10010301W,0.0016525715406432223,,-0.0007661346989188884,,0.002072136335936061,0.00209383409861602,,,-0.0029191409696033557,,,,,,-0.003602903719240178,,,,,-0.0006032010751669077,,,,,-0.0013198756199196693,,,-0.0006115020073939752,,-0.0006967287680063759,-0.0006419298761407058,0.0016874359191378049,-0.001025441827783743,,-0.0008987018265969884,-0.0007392279350012195,,,,0.0016803458522506713,0.002234202865003686,0.002115991073204549,0.0024091705592509624,0.0027021777894301337,0.002366404217962484,0.0019319918494476317,-0.0006610286162572888,-0.0011591951096685791,-0.0008600479845928167,0.001970060654362856,4.8834473315433146e-05
750,2026-08-31,LHX,US5024311095,00549201,-0.000560115284083557,-0.0006115020073939752,0.0022594480951167216,,-0.0007003893394670049,0.00209383409861602,0.004544571736768861,,0.000985030327181428,,,,,,0.0012230040147879504,,,,,-0.0006032010751669077,,-0.0010150312508519282,,,,-0.000880886151620396,-0.0029844948719079086,-0.0006115020073939752,,-0.0006967287680063759,-0.0006419298761407058,,-0.001025441827783743,,-0.0008987018265969884,,,,0.004818341118501925,,,0.002115991073204549,,,,-0.0006621230344961254,,,-0.0008600479845928167,,6.0942479745912376e-05
751,2026-08-31,LI,FR0000121964,01593601W,-0.000560115284083557,,,,,,,,,,,,,,,,,,,,,,,,,,,-0.0006115020073939752,,,,-0.0008563646955795712,,0.004122910441604739,-0.0008987018265969884,,,,,,,0.002115991073204549,,,,,0.0019319918494476317,0.0022722858683844305,,,0.00019452223110550954
752,2026-08-31,LIFCO B,SE0015949201,23422502W,-0.000560115284083557,-0.0006115020073939752,-0.0007661346989188884,,-0.0007003893394670049,-0.0010693109968867907,,,0.000985030327181428,,,,,,0.0012230040147879504,,,,,-0.0006032010751669077,,-0.0010150312508519282,,,,0.003447606145134998,,-0.0006115020073939752,,-0.0006967287680063759,-0.0006419298761407058,-0.0008563646955795712,,,-0.0008987018265969884,-0.0007392279350012195,,,,-0.0016945860713375414,,-0.001075059980741021,-0.0012267555608455822,-0.0013743034805349132,,-0.0006621230344961254,,,-0.0008600479845928167,,-0.00016363265668445403
753,2026-08-31,LII,US5261071071,12238001,-0.000560115284083557,-0.0006115020073939752,-0.0007661346989188884,-0.0023947443882374837,-0.0007003893394670049,0.00209383409861602,0.004544571736768861,,,,,,-0.0013886191417904852,0.002666148752237732,0.0012230040147879504,,,0.0023251297257887195,,0.002366404217962484,,,,,-0.0013198756199196693,-0.000880886151620396,-0.0029844948719079086,-0.0006115020073939752,-0.006248786138057184,-0.0006967287680063759,-0.0006419298761407058,-0.0008563646955795712,,,-0.0008987018265969884,-0.0007392279350012195,,,-0.0024839895207183836,-0.0016945860713375414,,0.002115991073204549,,,,-0.0006621230344961254,,,,,8.600692834265639e-05
754,2026-08-31,LIN,IE000S9YS762,02512401,-0.000560115284083557,-0.0006115020073939752,-0.0007661346989188884,,-0.0007003893394670049,-0.0010693109968867907,,-0.0010280779250274028,,,,,,,,-0.0012497572276114369,,,-0.0007750432419295732,-0.0006032010751669077,0.0029844948719079086,-0.0010150312508519282,0.010524271390412098,0.008887162507459107,,-0.000880886151620396,-0.0029844948719079086,-0.0006115020073939752,,-0.0006967287680063759,-0.0006419298761407058,-0.0008563646955795712,,,,-0.0007392279350012195,,,,0.0016803458522506713,,-0.001075059980741021,-0.0012267555608455822,,,-0.0006621230344961254,-0.0006610286162572888,-0.0011591951096685791,,,-6.552180574264212e-05
755,2026-08-31,LISN,CH0010570759,10189502W,-0.000560115284083557,-0.0006115020073939752,,,,-0.0010693109968867907,,,,,,-0.002836328459827374,-0.0013886191417904852,,,,0.001801451859620089,,,-0.0006032010751669077,,,,,,,,0.0023804899573551174,,-0.0006967287680063759,-0.0006419298761407058,,,,,,,,,-0.0016945860713375414,-0.0022594480951167216,-0.001075059980741021,-0.0012267555608455822,-0.0013743034805349132,-0.0023804899573551174,-0.0006621230344961254,-0.0006610286162572888,-0.0011591951096685791,-0.0008600479845928167,-0.001999611564178299,-0.00047934020860578995
756,2026-08-31,LISP,CH0010570767,10189503W,-0.000560115284083557,,,,,,,,,,,-0.002836328459827374,-0.0013886191417904852,,,,0.001801451859620089,,,-0.0006032010751669077,,,,,,,,0.0023804899573551174,,0.002050883655567486,0.0018864260039417912,0.0016874359191378049,,,,0.0021734908306285856,0.005478387847063832,0.002050883655567486,,-0.0016945860713375414,0.002234202865003686,,0.0024091705592509624,0.0027021777894301337,0.002366404217962484,0.0019319918494476317,0.0019319918494476317,0.0022722858683844305,0.002531153878706707,-0.001999611564178299,0.0007037278082535618
757,2026-08-31,LITE,US55024U1097,02324901,-0.000560115284083557,,-0.0007661346989188884,-0.0023947443882374837,-0.0007003893394670049,0.00209383409861602,,-0.0010280779250274028,,,0.004165857425371455,,0.0024839895207183836,,,,,,0.0022722858683844305,-0.0006032010751669077,,,,,0.002596898135296492,-0.000880886151620396,,-0.0006115020073939752,0.0061526509667024585,,0.0018864260039417912,,,,,-0.0007392279350012195,,,,-0.0016945860713375414,,0.002115991073204549,,,,,,,,,0.0003683240391017382
758,2026-08-31,LLOY,GB0008706128,01592901W,-0.000560115284083557,-0.0006115020073939752,,,-0.0007003893394670049,0.00209383409861602,,-0.0010280779250274028,-0.0029191409696033557,,,0.002816354315744083,,,,0.0037728520078835824,0.001801451859620089,,-0.0007750432419295732,,,,,,,,,,,,,,-0.001025441827783743,,-0.0008987018265969884,,,,,0.0016803458522506713,0.002234202865003686,0.002115991073204549,,,,,,,,0.001970060654362856,0.0002090467189407398
759,2026-08-31,LLY,US5324571083,00673001,0.0016525715406432223,-0.0006115020073939752,,,,,,,-0.0029191409696033557,,,,,,-0.003602903719240178,,,0.0023251297257887195,0.0022722858683844305,0.002366404217962484,0.0029844948719079086,0.002962387502486369,,,0.002596898135296492,,,-0.0006115020073939752,,0.002050883655567486,,,,-0.0010552039916508172,,,,,,0.0016803458522506713,-0.0022594480951167216,,-0.0012267555608455822,-0.0013743034805349132,-0.0023804899573551174,-0.0006621230344961254,-0.0006610286162572888,-0.0011591951096685791,-0.0008600479845928167,0.001970060654362856,0.00015368390754598522
760,2026-08-31,LMT,US5398301094,00677401,-0.000560115284083557,-0.0006115020073939752,,,-0.0007003893394670049,0.00209383409861602,0.004544571736768861,,0.000985030327181428,,,,-0.0013886191417904852,0.002666148752237732,0.0012230040147879504,,,0.0023251297257887195,,0.002366404217962484,,0.002962387502486369,,,0.002596898135296492,-0.000880886151620396,0.00588121048287735,0.0023804899573551174,,0.002050883655567486,0.0018864260039417912,0.0016874359191378049,-0.001025441827783743,,-0.0008987018265969884,0.0021734908306285856,,0.002050883655567486,,0.0016803458522506713,,0.002115991073204549,,,,,,,,0.001970060654362856,0.0006590137826985184
761,2026-08-31,LNT,US0188021085,01155401,-0.000560115284083557,,,0.004650259451577439,,,,,,-0.002962387502486369,,0.002816354315744083,,,,,,,-0.0007750432419295732,-0.0006032010751669077,,-0.0010150312508519282,0.010524271390412098,0.008887162507459107,,,,,,-0.0006967287680063759,,,,-0.0010552039916508172,-0.0008987018265969884,,,,,,-0.0022594480951167216,,-0.0012267555608455822,-0.0013743034805349132,-0.0023804899573551174,-0.0006621230344961254,-0.0006610286162572888,-0.0011591951096685791,-0.0008600479845928167,,-0.00019767283064286558
762,2026-08-31,LOGN,CH0025751329,10269601W,-0.000560115284083557,-0.0006115020073939752,-0.0007661346989188884,,-0.0007003893394670049,-0.0010693109968867907,,0.0030297144911792407,,,,0.002816354315744083,,0.002666148752237732,,,,0.0023251297257887195,-0.0007750432419295732,0.002366404217962484,,,,,,0.003447606145134998,,-0.0006115020073939752,,,0.0018864260039417912,,,,,0.0021734908306285856,,0.002050883655567486,,-0.0016945860713375414,,,,,,,,,,,0.0005397531132967457
763,2026-08-31,LONN,CH0013841017,23139701W,,0.001809603225500723,,,,,,,-0.0029191409696033557,,,,,,-0.003602903719240178,,,,,-0.0006032010751669077,,,,,,,,,,,,,,-0.0010552039916508172,,-0.0007392279350012195,,,,,,,-0.0012267555608455822,-0.0013743034805349132,,-0.0006621230344961254,-0.0006610286162572888,-0.0011591951096685791,-0.0008600479845928167,,-0.00036750136972210173
764,2026-08-31,LOTB,BE0003604155,21188501W,,0.001809603225500723,,,,-0.0010693109968867907,,,,,,,-0.0013886191417904852,,-0.003602903719240178,,0.001801451859620089,,-0.0007750432419295732,-0.0006032010751669077,-0.0015322693978377768,,,,,,,-0.0006115020073939752,,-0.0006967287680063759,-0.0006419298761407058,,,,,-0.0007392279350012195,,,,-0.0016945860713375414,-0.0022594480951167216,-0.001075059980741021,-0.0012267555608455822,-0.0013743034805349132,-0.0023804899573551174,-0.0006621230344961254,-0.0006610286162572888,-0.0011591951096685791,-0.0008600479845928167,-0.001999611564178299,-0.000543178643781701
765,2026-08-31,LOW,US5486611073,00682901,-0.000560115284083557,-0.0006115020073939752,-0.0007661346989188884,-0.0023947443882374837,-0.0007003893394670049,,,-0.0010280779250274028,,,-0.004165857425371455,,0.0024839895207183836,-0.002666148752237732,,-0.0012497572276114369,,0.0023251297257887195,-0.0007750432419295732,0.002366404217962484,,-0.0010150312508519282,-0.00952195982942047,-0.009998057820891495,-0.0013198756199196693,-0.000880886151620396,,-0.0006115020073939752,-0.006248786138057184,-0.0006967287680063759,-0.0006419298761407058,,-0.001025441827783743,-0.0010552039916508172,,,,,,0.0016803458522506713,,,,,,-0.0006621230344961254,,,,,-0.0005117019164165797
766,2026-08-31,LPLA,US50212V1008,17851901,0.0016525715406432223,,,,,0.00209383409861602,0.004544571736768861,0.0030297144911792407,-0.0029191409696033557,-0.002962387502486369,-0.004165857425371455,,0.0024839895207183836,,,-0.0012497572276114369,-0.005332297504475464,,-0.0007750432419295732,,-0.0015322693978377768,,,,,,-0.0029844948719079086,,,-0.0006967287680063759,-0.0006419298761407058,0.0016874359191378049,-0.001025441827783743,-0.0010552039916508172,-0.0008987018265969884,-0.0007392279350012195,,,,-0.0016945860713375414,,,-0.0012267555608455822,-0.0013743034805349132,,-0.0006621230344961254,-0.0006610286162572888,,-0.0008600479845928167,-0.001999611564178299,-0.0005186390564818494
767,2026-08-31,LR,FR0010307819,27703901W,,-0.0006115020073939752,-0.0007661346989188884,,-0.0007003893394670049,-0.0010693109968867907,,,0.000985030327181428,,,,-0.0013886191417904852,,0.0012230040147879504,,,,,-0.0006032010751669077,,-0.0010150312508519282,,,,-0.000880886151620396,,-0.0006115020073939752,,-0.0006967287680063759,-0.0006419298761407058,,-0.001025441827783743,,-0.0008987018265969884,-0.0007392279350012195,,,,,,,,,,-0.0006621230344961254,,,-0.0008600479845928167,,-0.00013891339362419268
768,2026-08-31,LRCX,US5128073062,00656501,0.0016525715406432223,0.001809603225500723,-0.0007661346989188884,0.004650259451577439,0.002072136335936061,,,-0.0010280779250274028,,,,,0.0024839895207183836,,,,,0.0023251297257887195,,0.002366404217962484,,,,,0.002596898135296492,0.003447606145134998,0.00588121048287735,0.0023804899573551174,0.0061526509667024585,-0.0006967287680063759,,-0.0008563646955795712,,,,-0.0007392279350012195,,,,,,,,,,,,,,,0.000376735798402537
769,2026-08-31,LSEG,GB00B0SWJX34,24670601W,0.0016525715406432223,0.001809603225500723,0.0022594480951167216,,0.002072136335936061,-0.0010693109968867907,,-0.0010280779250274028,0.000985030327181428,0.0029191409696033557,0.004165857425371455,,,,,-0.0012497572276114369,0.001801451859620089,,0.0022722858683844305,,-0.0015322693978377768,,,,,,,,,-0.0006967287680063759,,,,-0.0010552039916508172,-0.0008987018265969884,-0.0007392279350012195,,,,0.0016803458522506713,0.002234202865003686,-0.001075059980741021,-0.0012267555608455822,-0.0013743034805349132,,,,,-0.0008600479845928167,0.001970060654362856,0.00020279182455985322
770,2026-08-31,LUG,CA5503711080,06574401C,-0.000560115284083557,-0.0006115020073939752,-0.0007661346989188884,,-0.0007003893394670049,,,-0.0010280779250274028,,0.0029191409696033557,,,0.0024839895207183836,,,0.0037728520078835824,,,,0.002366404217962484,0.0029844948719079086,,0.010524271390412098,0.008887162507459107,0.002596898135296492,0.003447606145134998,,-0.0006115020073939752,,,,,,,,-0.0007392279350012195,,0.002050883655567486,,-0.0016945860713375414,,,,,,-0.0006621230344961254,-0.0006610286162572888,,,,0.0005665086625125047
771,2026-08-31,LUMI,IL0006046119,00201805W,-0.000560115284083557,-0.0006115020073939752,,,-0.0007003893394670049,,,,0.000985030327181428,,,0.002816354315744083,-0.0013886191417904852,,,-0.0012497572276114369,0.001801451859620089,,,,0.0029844948719079086,,,,,,,,,,-0.0006419298761407058,-0.0008563646955795712,0.003006934682974885,,0.0035080904634706995,,,,,,,,0.0024091705592509624,0.0027021777894301337,,,,,0.002531153878706707,,0.0006932659953956742
772,2026-08-31,LUN,CA5503721063,10829701C,,0.001809603225500723,-0.0007661346989188884,,0.002072136335936061,0.00209383409861602,,-0.0010280779250274028,,0.0029191409696033557,,,,,,-0.0012497572276114369,,,0.0022722858683844305,0.002366404217962484,0.0029844948719079086,0.002962387502486369,,,0.002596898135296492,-0.000880886151620396,,-0.0006115020073939752,,0.002050883655567486,0.0018864260039417912,,,,,,,,,,,0.002115991073204549,,,,-0.0006621230344961254,,,,,0.0005943757423159819
773,2026-08-31,LUND B,SE0000108847,10156302W,,,,,,,,,-0.0029191409696033557,,0.004165857425371455,0.002816354315744083,,,,-0.0012497572276114369,,,0.0022722858683844305,,,,,,,,,,,0.002050883655567486,0.0018864260039417912,,-0.001025441827783743,-0.0010552039916508172,-0.0008987018265969884,,,,,-0.0016945860713375414,-0.0022594480951167216,,0.0024091705592509624,0.0027021777894301337,,-0.0006621230344961254,-0.0006610286162572888,,,-0.001999611564178299,0.0003350697295308689
774,2026-08-31,LVS,US5178341070,16184401,-0.000560115284083557,-0.0006115020073939752,-0.0007661346989188884,-0.0023947443882374837,-0.0007003893394670049,,,-0.0010280779250274028,,,,,,0.002666148752237732,,-0.0012497572276114369,,-0.002338726975647133,,-0.0006032010751669077,0.0029844948719079086,-0.0010150312508519282,0.010524271390412098,,0.002596898135296492,-0.000880886151620396,0.00588121048287735,-0.0006115020073939752,0.0061526509667024585,0.002050883655567486,0.0018864260039417912,0.0016874359191378049,-0.001025441827783743,0.004122910441604739,,0.0021734908306285856,0.005478387847063832,0.002050883655567486,,,,,,,,,0.0019319918494476317,0.0022722858683844305,,0.001970060654362856,0.0007646782902630899
775,2026-08-31,LYB,NL0009434992,29452401,0.0016525715406432223,0.001809603225500723,0.0022594480951167216,0.004650259451577439,0.002072136335936061,0.00209383409861602,,0.0030297144911792407,,-0.002962387502486369,,,0.0024839895207183836,,,-0.0012497572276114369,,,-0.0007750432419295732,-0.0006032010751669077,0.0029844948719079086,-0.0010150312508519282,-0.00952195982942047,-0.009998057820891495,-0.0013198756199196693,-0.000880886151620396,-0.0029844948719079086,0.0023804899573551174,-0.006248786138057184,-0.0006967287680063759,-0.0006419298761407058,-0.0008563646955795712,,,,-0.0007392279350012195,,-0.002072136335936061,0.004818341118501925,,,-0.001075059980741021,-0.0012267555608455822,,,,-0.0006610286162572888,-0.0011591951096685791,,,-8.984386848372051e-05
776,2026-08-31,LYC,AU000000LYC6,21265801W,-0.000560115284083557,-0.0006115020073939752,-0.0007661346989188884,,-0.0007003893394670049,0.00209383409861602,,-0.0010280779250274028,,0.0029191409696033557,,,,,,-0.0012497572276114369,,,-0.0007750432419295732,-0.0006032010751669077,-0.0015322693978377768,,,,,-0.000880886151620396,,,,-0.0006967287680063759,-0.0006419298761407058,-0.0008563646955795712,,,,,,,,-0.0016945860713375414,,0.002115991073204549,-0.0012267555608455822,,,-0.0006621230344961254,-0.0006610286162572888,-0.0011591951096685791,,,-0.00022665841775101835
777,2026-08-31,LYV,US5380341090,16574601,-0.000560115284083557,-0.0006115020073939752,,-0.0023947443882374837,-0.0007003893394670049,,,0.0030297144911792407,,,,0.002816354315744083,,,,,,,,,0.0029844948719079086,,,,,-0.000880886151620396,,,,,-0.0006419298761407058,0.0016874359191378049,,,,,,,-0.0024839895207183836,,,,,,,-0.0006621230344961254,-0.0006610286162572888,,,,0.0003801391291532044
778,2026-08-31,MA,US57636Q1040,16022501,-0.000560115284083557,-0.0006115020073939752,-0.0007661346989188884,-0.0023947443882374837,-0.0007003893394670049,,,0.0030297144911792407,-0.0029191409696033557,-0.002962387502486369,,,,,,-0.0012497572276114369,-0.005332297504475464,,-0.0007750432419295732,,,,,,,,-0.0029844948719079086,,,-0.0006967287680063759,-0.0006419298761407058,-0.0008563646955795712,,-0.0010552039916508172,-0.0008987018265969884,-0.0007392279350012195,,,0.004818341118501925,,,-0.001075059980741021,-0.0012267555608455822,-0.0013743034805349132,-0.0023804899573551174,-0.0006621230344961254,-0.0006610286162572888,,-0.0008600479845928167,,-0.0004702968743516309
779,2026-08-31,MAA,US59522J1034,02964901,,,,,,,,,,,,,,,,,,,,,,,,,,,,-0.0006115020073939752,-0.006248786138057184,,,-0.0008563646955795712,-0.001025441827783743,-0.0010552039916508172,-0.0008987018265969884,,-0.005554476567161941,,,-0.0016945860713375414,,-0.001075059980741021,,,,,-0.0006610286162572888,,,,-0.00041401481440115885
780,2026-08-31,MAERSK A,DK0010244425,10329203W,,,,,,,,,-0.0029191409696033557,0.0029191409696033557,,,-0.0013886191417904852,-0.002666148752237732,-0.003602903719240178,,,,,-0.0006032010751669077,,-0.0010150312508519282,,,-0.0013198756199196693,-0.000880886151620396,,-0.0006115020073939752,,-0.0006967287680063759,-0.0006419298761407058,-0.0008563646955795712,0.003006934682974885,,0.0035080904634706995,-0.0007392279350012195,,-0.002072136335936061,,0.0016803458522506713,0.002234202865003686,,,,0.002366404217962484,0.0019319918494476317,0.0019319918494476317,0.0022722858683844305,0.002531153878706707,-0.001999611564178299,0.00028032583266287083
781,2026-08-31,MAERSK B,DK0010244508,10329204W,-0.000560115284083557,0.001809603225500723,-0.0007661346989188884,,0.002072136335936061,-0.0010693109968867907,,,-0.0029191409696033557,0.0029191409696033557,,,-0.0013886191417904852,-0.002666148752237732,-0.003602903719240178,,,,,-0.0006032010751669077,,-0.0010150312508519282,,,-0.0013198756199196693,-0.000880886151620396,,-0.0006115020073939752,,-0.0006967287680063759,-0.0006419298761407058,-0.0008563646955795712,0.003006934682974885,,0.0035080904634706995,-0.0007392279350012195,,-0.002072136335936061,,0.0016803458522506713,,-0.001075059980741021,,,0.002366404217962484,0.0019319918494476317,0.0019319918494476317,0.0022722858683844305,0.002531153878706707,-0.001999611564178299,0.00023759869859842826
782,2026-08-31,MAP,ES0124244E34,01628101W,,-0.0006115020073939752,-0.0007661346989188884,,-0.0007003893394670049,-0.0010693109968867907,,-0.0010280779250274028,0.000985030327181428,,,0.002816354315744083,0.0024839895207183836,,,-0.0012497572276114369,,,-0.0007750432419295732,,-0.0015322693978377768,,,,,,,,,,,0.0016874359191378049,-0.001025441827783743,-0.0010552039916508172,-0.0008987018265969884,-0.0007392279350012195,,,,,-0.0022594480951167216,,,,0.002366404217962484,-0.0006621230344961254,,,,,-7.817637202565554e-05
783,2026-08-31,MAR,US5719032022,02893002,-0.000560115284083557,-0.0006115020073939752,-0.0007661346989188884,,-0.0007003893394670049,,,0.0030297144911792407,,,,,,-0.002666148752237732,,-0.0012497572276114369,,,-0.0007750432419295732,-0.0006032010751669077,,,0.010524271390412098,0.008887162507459107,,-0.000880886151620396,,0.0023804899573551174,,-0.0006967287680063759,-0.0006419298761407058,,-0.001025441827783743,-0.0010552039916508172,,,,,,,,,,,,-0.0006621230344961254,-0.0006610286162572888,,,,-4.0631408359142085e-05
784,2026-08-31,MAS,US5745991068,00708501,-0.000560115284083557,0.001809603225500723,0.0022594480951167216,0.004650259451577439,0.002072136335936061,,,,,-0.002962387502486369,,,,-0.002666148752237732,0.0012230040147879504,,,0.0023251297257887195,,0.002366404217962484,,-0.0010150312508519282,,,0.002596898135296492,-0.000880886151620396,0.00588121048287735,0.0023804899573551174,,-0.0006967287680063759,,,-0.001025441827783743,,-0.0008987018265969884,0.0021734908306285856,,0.002050883655567486,-0.0024839895207183836,-0.0016945860713375414,,,0.0024091705592509624,0.0027021777894301337,,,0.0019319918494476317,0.0022722858683844305,0.002531153878706707,,0.0005871679460804981
785,2026-08-31,MBG,DE0007100000,01782801W,-0.000560115284083557,-0.0006115020073939752,0.0022594480951167216,,-0.0007003893394670049,,,-0.0010280779250274028,,,,,-0.0013886191417904852,,,-0.0012497572276114369,,,-0.0007750432419295732,-0.0006032010751669077,,-0.0010150312508519282,,,-0.0013198756199196693,-0.000880886151620396,,-0.0006115020073939752,,-0.0006967287680063759,-0.0006419298761407058,-0.0008563646955795712,-0.001025441827783743,-0.0010552039916508172,,-0.0007392279350012195,-0.005554476567161941,-0.002072136335936061,,0.0016803458522506713,0.002234202865003686,,,,,0.0019319918494476317,0.0019319918494476317,0.0022722858683844305,,,-0.0002923928067624793
786,2026-08-31,MC,FR0000121014,01444702W,-0.000560115284083557,,-0.0007661346989188884,,,,,-0.0010280779250274028,,,,,-0.0013886191417904852,,,0.0037728520078835824,,,,-0.0006032010751669077,-0.0015322693978377768,-0.0010150312508519282,,,,-0.000880886151620396,,-0.0006115020073939752,,-0.0006967287680063759,-0.0006419298761407058,-0.0008563646955795712,-0.001025441827783743,-0.0010552039916508172,,-0.0007392279350012195,,,,0.0016803458522506713,,,,,,,,,,,-0.00022982780344107134
787,2026-08-31,MCD,US5801351017,00715401,-0.000560115284083557,-0.0006115020073939752,-0.0007661346989188884,-0.0023947443882374837,-0.0007003893394670049,,-0.004760979914710235,,,,,,,-0.002666148752237732,,0.0037728520078835824,,-0.002338726975647133,-0.0007750432419295732,-0.0006032010751669077,,-0.0010150312508519282,0.010524271390412098,0.008887162507459107,,-0.000880886151620396,-0.0029844948719079086,-0.0006115020073939752,,-0.0006967287680063759,,-0.0008563646955795712,-0.001025441827783743,-0.0010552039916508172,,-0.0007392279350012195,,,,0.0016803458522506713,-0.0022594480951167216,,,,,-0.0006621230344961254,-0.0006610286162572888,-0.0011591951096685791,,,-0.0004215889300778748
788,2026-08-31,MCHP,US5950171042,02796501,0.0016525715406432223,0.001809603225500723,-0.0007661346989188884,0.004650259451577439,0.002072136335936061,0.00209383409861602,0.004544571736768861,0.0030297144911792407,,,-0.004165857425371455,,0.0024839895207183836,,,,,-0.002338726975647133,-0.0007750432419295732,-0.0006032010751669077,,,,,-0.0013198756199196693,-0.000880886151620396,-0.0029844948719079086,-0.0006115020073939752,,-0.0006967287680063759,-0.0006419298761407058,-0.0008563646955795712,,,,-0.0007392279350012195,,,,,,-0.001075059980741021,,,,,,,,,-0.00010778830468564251
789,2026-08-31,MCK,US58155Q1031,00717101,,-0.0006115020073939752,,,,,,,0.000985030327181428,,,,,,0.0012230040147879504,,,0.0023251297257887195,-0.0007750432419295732,0.002366404217962484,,,,,,,,-0.0006115020073939752,-0.006248786138057184,0.002050883655567486,0.0018864260039417912,0.0016874359191378049,,-0.0010552039916508172,,-0.0007392279350012195,,,,0.0016803458522506713,0.002234202865003686,,,,0.002366404217962484,-0.0006621230344961254,,0.0022722858683844305,-0.0008600479845928167,,0.00024589902393263316
790,2026-08-31,MCO,US6153691059,13966501,-0.000560115284083557,-0.0006115020073939752,-0.0007661346989188884,,-0.0007003893394670049,-0.0010693109968867907,-0.004760979914710235,,-0.0029191409696033557,-0.002962387502486369,,,,,,-0.0012497572276114369,-0.005332297504475464,,0.0022722858683844305,,,,,,,,0.00588121048287735,,,-0.0006967287680063759,-0.0006419298761407058,-0.0008563646955795712,-0.001025441827783743,-0.0010552039916508172,-0.0008987018265969884,-0.0007392279350012195,,,,-0.0016945860713375414,,-0.001075059980741021,-0.0012267555608455822,-0.0013743034805349132,-0.0023804899573551174,-0.0006621230344961254,-0.0006610286162572888,,-0.0008600479845928167,,-0.0005350972667099397
791,2026-08-31,MDB,US60937P1066,03252601,-0.000560115284083557,-0.0006115020073939752,-0.0007661346989188884,-0.0023947443882374837,-0.0007003893394670049,-0.0010693109968867907,-0.004760979914710235,-0.0010280779250274028,,,,,,,,,,,,-0.0006032010751669077,,,,,,-0.000880886151620396,0.00588121048287735,0.0023804899573551174,,-0.0006967287680063759,-0.0006419298761407058,-0.0008563646955795712,,,,0.0021734908306285856,,0.002050883655567486,,-0.0016945860713375414,,-0.001075059980741021,,,,,,,,-0.001999611564178299,-0.00014529620623216462
792,2026-08-31,MDLZ,US6092071058,14295301,-0.000560115284083557,-0.0006115020073939752,,-0.0023947443882374837,,,,,,,,,0.0024839895207183836,,0.0012230040147879504,,0.001801451859620089,-0.002338726975647133,-0.0007750432419295732,-0.0006032010751669077,,,-0.00952195982942047,-0.009998057820891495,-0.0013198756199196693,,,-0.0006115020073939752,,-0.0006967287680063759,-0.0006419298761407058,,,,,-0.0007392279350012195,,,0.004818341118501925,0.0016803458522506713,,,,,,-0.0006621230344961254,-0.0006610286162572888,-0.0011591951096685791,-0.0008600479845928167,,-0.0003212956062585026
793,2026-08-31,MDT,IE00BTN1Y115,00722801,-0.000560115284083557,-0.0006115020073939752,,,,-0.0010693109968867907,,,0.000985030327181428,,,,,,,,,-0.002338726975647133,-0.0007750432419295732,-0.0006032010751669077,,-0.0010150312508519282,,,-0.0013198756199196693,,,-0.0006115020073939752,,-0.0006967287680063759,-0.0006419298761407058,,,-0.0010552039916508172,,-0.0007392279350012195,,,0.004818341118501925,0.0016803458522506713,,,,,,-0.0006621230344961254,-0.0006610286162572888,-0.0011591951096685791,,,-0.00026455570312934016
794,2026-08-31,MEL,NZMELE0002S7,27004501W,-0.000560115284083557,0.001809603225500723,,,0.002072136335936061,,,-0.0010280779250274028,0.000985030327181428,0.0029191409696033557,,0.002816354315744083,,-0.002666148752237732,0.0012230040147879504,,,,-0.0007750432419295732,-0.0006032010751669077,,-0.0010150312508519282,,,,,,,,-0.0006967287680063759,,-0.0008563646955795712,-0.001025441827783743,-0.0010552039916508172,-0.0008987018265969884,,,,,-0.0016945860713375414,-0.0022594480951167216,-0.001075059980741021,-0.0012267555608455822,-0.0013743034805349132,,-0.0006621230344961254,0.0019319918494476317,0.0022722858683844305,-0.0008600479845928167,-0.001999611564178299,6.916485531649748e-05
795,2026-08-31,MELI,US58733R1023,17808101,-0.000560115284083557,-0.0006115020073939752,-0.0007661346989188884,-0.0023947443882374837,-0.0007003893394670049,,,-0.0010280779250274028,,,,,-0.0013886191417904852,0.002666148752237732,,-0.0012497572276114369,,0.0023251297257887195,-0.0007750432419295732,-0.0006032010751669077,0.0029844948719079086,-0.0010150312508519282,,0.008887162507459107,-0.0013198756199196693,-0.000880886151620396,0.00588121048287735,0.0023804899573551174,-0.006248786138057184,,-0.0006419298761407058,0.0016874359191378049,,,,0.0021734908306285856,0.005478387847063832,0.002050883655567486,,,,,,,,0.0019319918494476317,0.0019319918494476317,0.0022722858683844305,,0.001970060654362856,0.0006020531905788047
796,2026-08-31,MET,US59156R1086,13376801,-0.000560115284083557,-0.0006115020073939752,,-0.0023947443882374837,-0.0007003893394670049,0.00209383409861602,0.004544571736768861,,0.000985030327181428,,,,,,,-0.0012497572276114369,,,-0.0007750432419295732,,-0.0015322693978377768,,,,,,-0.0029844948719079086,,,-0.0006967287680063759,-0.0006419298761407058,0.0016874359191378049,-0.001025441827783743,-0.0010552039916508172,-0.0008987018265969884,-0.0007392279350012195,,,,0.0016803458522506713,,,,,0.002366404217962484,0.0019319918494476317,0.0019319918494476317,,,0.001970060654362856,2.831877964162432e-05
797,2026-08-31,META,US30303M1027,17061701,-0.000560115284083557,-0.0006115020073939752,-0.0007661346989188884,,-0.0007003893394670049,0.00209383409861602,,-0.0010280779250274028,,,,0.002816354315744083,,,,,,,,,,,,0.008887162507459107,,0.003447606145134998,,,,,-0.0006419298761407058,,,,,,,,0.004818341118501925,0.0016803458522506713,-0.0022594480951167216,,,,,-0.0006621230344961254,-0.0006610286162572888,,,,0.00013989160961623524
798,2026-08-31,MFC,CA56501R1064,12404201C,-0.000560115284083557,-0.0006115020073939752,-0.0007661346989188884,,-0.0007003893394670049,,,-0.0010280779250274028,0.000985030327181428,0.0029191409696033557,-0.004165857425371455,,,,,-0.0012497572276114369,,,-0.0007750432419295732,,-0.0015322693978377768,,,,,,,,,,,0.0016874359191378049,-0.001025441827783743,-0.0010552039916508172,-0.0008987018265969884,,,,,0.0016803458522506713,,,,,0.002366404217962484,0.0019319918494476317,0.0019319918494476317,,-0.0008600479845928167,0.001970060654362856,-0.00015715072881918046
799,2026-08-31,MG,CA5592224011,00694601C,,,0.0022594480951167216,,0.002072136335936061,,,0.0030297144911792407,,,0.004165857425371455,,0.0024839895207183836,,,-0.0012497572276114369,,,-0.0007750432419295732,-0.0006032010751669077,0.0029844948719079086,0.002962387502486369,,,-0.0013198756199196693,-0.000880886151620396,,0.0023804899573551174,,-0.0006967287680063759,-0.0006419298761407058,,-0.001025441827783743,-0.0010552039916508172,,0.0021734908306285856,0.005478387847063832,0.002050883655567486,,,0.002234202865003686,,,,,0.0019319918494476317,0.0019319918494476317,0.0022722858683844305,,,0.0009214791816058876
800,2026-08-31,MKC,US5797802064,00714601,-0.000560115284083557,-0.0006115020073939752,,-0.0023947443882374837,,,,,,,,,,-0.002666148752237732,0.0012230040147879504,,0.001801451859620089,-0.002338726975647133,0.0022722858683844305,-0.0006032010751669077,,,,,0.002596898135296492,,,0.0023804899573551174,,-0.0006967287680063759,-0.0006419298761407058,-0.0008563646955795712,,,,-0.0007392279350012195,,-0.002072136335936061,-0.0024839895207183836,,,0.002115991073204549,,,,-0.0006621230344961254,-0.0006610286162572888,,,,-0.000147070441307462
801,2026-08-31,MKL,US5705351048,01290901,-0.000560115284083557,-0.0006115020073939752,-0.0007661346989188884,-0.0023947443882374837,-0.0007003893394670049,,,-0.0010280779250274028,,,-0.004165857425371455,,-0.0013886191417904852,,,-0.0012497572276114369,-0.005332297504475464,,-0.0007750432419295732,,-0.0015322693978377768,,,,,,,,,-0.0006967287680063759,-0.0006419298761407058,,-0.001025441827783743,0.004122910441604739,-0.0008987018265969884,-0.0007392279350012195,,,,,,,0.0024091705592509624,0.0027021777894301337,0.002366404217962484,,,,0.002531153878706707,,-0.00027643734281576404
802,2026-08-31,MKS,GB0031274896,01886001W,-0.000560115284083557,-0.0006115020073939752,,,,0.00209383409861602,,,,,,0.002816354315744083,0.0024839895207183836,,0.0012230040147879504,,0.001801451859620089,0.0023251297257887195,-0.0007750432419295732,0.002366404217962484,0.0029844948719079086,,,,-0.0013198756199196693,,,-0.0006115020073939752,,0.002050883655567486,-0.0006419298761407058,0.0016874359191378049,,,,-0.0007392279350012195,,-0.002072136335936061,,,,-0.001075059980741021,-0.0012267555608455822,-0.0013743034805349132,0.002366404217962484,0.0019319918494476317,0.0019319918494476317,0.0022722858683844305,-0.0008600479845928167,,0.0006787464396355998
803,2026-08-31,ML,FR001400AJ45,10127703W,,-0.0006115020073939752,-0.0007661346989188884,,-0.0007003893394670049,,,-0.0010280779250274028,,,,,-0.0013886191417904852,,,-0.0012497572276114369,,,,-0.0006032010751669077,,-0.0010150312508519282,,,,-0.000880886151620396,,0.0023804899573551174,,-0.0006967287680063759,-0.0006419298761407058,-0.0008563646955795712,-0.001025441827783743,-0.0010552039916508172,,0.0021734908306285856,,0.002050883655567486,,,,,,,,0.0019319918494476317,,,,,-9.043562666841479e-06
804,2026-08-31,MLM,US5732841060,02973301,-0.000560115284083557,-0.0006115020073939752,-0.0007661346989188884,-0.0023947443882374837,-0.0007003893394670049,-0.0010693109968867907,,-0.0010280779250274028,,-0.002962387502486369,,,,,,-0.0012497572276114369,,,-0.0007750432419295732,-0.0006032010751669077,,-0.0010150312508519282,,,,-0.000880886151620396,,0.0023804899573551174,,-0.0006967287680063759,-0.0006419298761407058,,,,,,,,-0.0024839895207183836,,,-0.001075059980741021,-0.0012267555608455822,,,-0.0006621230344961254,,,,,-0.00041573156435174336
805,2026-08-31,MMC,US5717481023,00706501,-0.000560115284083557,-0.0006115020073939752,-0.0007661346989188884,-0.0023947443882374837,-0.0007003893394670049,-0.0010693109968867907,-0.004760979914710235,,-0.0029191409696033557,-0.002962387502486369,0.004165857425371455,,,,,-0.0012497572276114369,,,-0.0007750432419295732,,,,,,,,,,,-0.0006967287680063759,-0.0006419298761407058,,-0.001025441827783743,-0.0010552039916508172,-0.0008987018265969884,-0.0007392279350012195,,,,,,-0.001075059980741021,-0.0012267555608455822,-0.0013743034805349132,,-0.0006621230344961254,-0.0006610286162572888,,-0.0008600479845928167,,-0.000336970810215772
806,2026-08-31,MMM,US88579Y1010,00743501,,,,,,-0.0010693109968867907,-0.004760979914710235,,0.000985030327181428,,,,0.0024839895207183836,0.002666148752237732,0.0012230040147879504,,,,,0.002366404217962484,,0.002962387502486369,,,-0.0013198756199196693,-0.000880886151620396,0.00588121048287735,-0.0006115020073939752,0.0061526509667024585,-0.0006967287680063759,-0.0006419298761407058,,-0.001025441827783743,,-0.0008987018265969884,0.0021734908306285856,,0.002050883655567486,0.004818341118501925,,,-0.001075059980741021,-0.0012267555608455822,,,-0.0006621230344961254,-0.0006610286162572888,,-0.0008600479845928167,0.001970060654362856,0.00015502884303233823
807,2026-08-31,MNG,GB00BKFB1C65,33375401W,,0.001809603225500723,-0.0007661346989188884,,0.002072136335936061,,,-0.0010280779250274028,0.000985030327181428,,,,,,,-0.0012497572276114369,,,0.0022722858683844305,,-0.0015322693978377768,,,,,,,,,0.002050883655567486,0.0018864260039417912,0.0016874359191378049,-0.001025441827783743,0.004122910441604739,-0.0008987018265969884,0.0021734908306285856,,,,,,,-0.0012267555608455822,-0.0013743034805349132,0.002366404217962484,,-0.0006610286162572888,,-0.0008600479845928167,0.001970060654362856,0.00011982601184332469
808,2026-08-31,MO,US02209S1033,00854301,,,,,,,,,,,,0.002816354315744083,-0.0013886191417904852,-0.002666148752237732,0.0012230040147879504,,-0.005332297504475464,,-0.0007750432419295732,0.002366404217962484,-0.0015322693978377768,,-0.00952195982942047,-0.009998057820891495,-0.0013198756199196693,,,-0.0006115020073939752,,-0.0006967287680063759,-0.0006419298761407058,-0.0008563646955795712,,,,-0.0007392279350012195,,,-0.0024839895207183836,,-0.0022594480951167216,0.002115991073204549,0.0024091705592509624,0.0027021777894301337,-0.0023804899573551174,-0.0006621230344961254,-0.0006610286162572888,-0.0011591951096685791,,,-0.0002854517114050917
809,2026-08-31,MONC,IT0004965148,31689501W,-0.000560115284083557,-0.0006115020073939752,,,-0.0007003893394670049,,,,,,,,-0.0013886191417904852,-0.002666148752237732,,0.0037728520078835824,,-0.002338726975647133,,-0.0006032010751669077,-0.0015322693978377768,,,,,-0.000880886151620396,,-0.0006115020073939752,,-0.0006967287680063759,-0.0006419298761407058,-0.0008563646955795712,-0.001025441827783743,-0.0010552039916508172,,,,,,-0.0016945860713375414,-0.0022594480951167216,,,,,,-0.0006610286162572888,,,-0.001999611564178299,-0.0003682467349303107
810,2026-08-31,MOWI,NO0003054108,21542201W,-0.000560115284083557,-0.0006115020073939752,,,,0.00209383409861602,,,,,,-0.002836328459827374,-0.0013886191417904852,,-0.003602903719240178,,-0.005332297504475464,,0.0022722858683844305,-0.0006032010751669077,,,,,0.002596898135296492,,,-0.0006115020073939752,,0.002050883655567486,0.0018864260039417912,,,,,-0.0007392279350012195,,,,-0.0016945860713375414,,0.002115991073204549,0.0024091705592509624,0.0027021777894301337,,-0.0006621230344961254,-0.0006610286162572888,-0.0011591951096685791,,,-0.00016189898740606338
811,2026-08-31,MPC,US56585A1025,18698901,0.0016525715406432223,,0.0022594480951167216,0.004650259451577439,0.002072136335936061,0.00209383409861602,0.004544571736768861,0.0030297144911792407,0.000985030327181428,,,0.002816354315744083,-0.0013886191417904852,0.002666148752237732,0.0012230040147879504,,,0.0023251297257887195,,,,0.002962387502486369,,,,,,-0.0006115020073939752,,,,,,,,,,,-0.0024839895207183836,,,,,,0.002366404217962484,-0.0006621230344961254,,,-0.0008600479845928167,0.001970060654362856,0.0006116094363007647
812,2026-08-31,MPL,AU000000MPL3,26723101W,-0.000560115284083557,-0.0006115020073939752,-0.0007661346989188884,,-0.0007003893394670049,,,-0.0010280779250274028,,0.0029191409696033557,,0.002816354315744083,,,,-0.0012497572276114369,-0.005332297504475464,,-0.0007750432419295732,,-0.0015322693978377768,,,,,,,,,-0.0006967287680063759,-0.0006419298761407058,,-0.001025441827783743,-0.0010552039916508172,-0.0008987018265969884,-0.0007392279350012195,,,,-0.0016945860713375414,-0.0022594480951167216,-0.001075059980741021,-0.0012267555608455822,-0.0013743034805349132,,-0.0006621230344961254,-0.0006610286162572888,,-0.0008600479845928167,-0.001999611564178299,-0.0003098128561207129
813,2026-08-31,MPWR,US6098391054,16088801,0.0016525715406432223,0.001809603225500723,-0.0007661346989188884,,,,,0.0030297144911792407,,,-0.004165857425371455,0.002816354315744083,-0.0013886191417904852,,,,,,-0.0007750432419295732,-0.0006032010751669077,,,,,-0.0013198756199196693,-0.000880886151620396,-0.0029844948719079086,-0.0006115020073939752,-0.006248786138057184,-0.0006967287680063759,-0.0006419298761407058,-0.0008563646955795712,,,,-0.0007392279350012195,,,,-0.0016945860713375414,,-0.001075059980741021,,,,,,,,-0.001999611564178299,-0.00026571807779026237
814,2026-08-31,MQG,AU000000MQG1,21285601W,,0.001809603225500723,0.0022594480951167216,,,-0.0010693109968867907,,0.0030297144911792407,0.000985030327181428,-0.002962387502486369,,,,,,0.0037728520078835824,0.001801451859620089,,,,0.0029844948719079086,,,,,,,,,-0.0006967287680063759,,,-0.001025441827783743,-0.0010552039916508172,-0.0008987018265969884,-0.0007392279350012195,,-0.002072136335936061,,,,-0.001075059980741021,-0.0012267555608455822,-0.0013743034805349132,,-0.0006621230344961254,-0.0006610286162572888,,-0.0008600479845928167,,7.083260461313089e-05
815,2026-08-31,MRK,DE0006599905,22030101W,-0.000560115284083557,-0.0006115020073939752,,,,-0.0010693109968867907,,,,,,,,,-0.003602903719240178,,,,-0.0007750432419295732,-0.0006032010751669077,,-0.0010150312508519282,,,-0.0013198756199196693,,,-0.0006115020073939752,,-0.0006967287680063759,-0.0006419298761407058,-0.0008563646955795712,,-0.0010552039916508172,,-0.0007392279350012195,-0.005554476567161941,,,,,,,,,,,,0.002531153878706707,,-0.0002731741783465625
816,2026-08-31,MRK,US58933Y1055,00725701,-0.000560115284083557,-0.0006115020073939752,,,,-0.0010693109968867907,-0.004760979914710235,,,,,,,,,,,,-0.0007750432419295732,-0.0006032010751669077,,-0.0010150312508519282,,,-0.0013198756199196693,,,-0.0006115020073939752,-0.006248786138057184,-0.0006967287680063759,-0.0006419298761407058,-0.0008563646955795712,,-0.0010552039916508172,,-0.0007392279350012195,,-0.002072136335936061,,0.0016803458522506713,,-0.001075059980741021,-0.0012267555608455822,0.0027021777894301337,,-0.0006621230344961254,-0.0006610286162572888,-0.0011591951096685791,,,-0.0005546567374209228
817,2026-08-31,MRO,GB00BNGDN821,27065401W,-0.000560115284083557,-0.0006115020073939752,0.0022594480951167216,,-0.0007003893394670049,0.00209383409861602,,,0.000985030327181428,,,,,,0.0012230040147879504,,,,,-0.0006032010751669077,,-0.0010150312508519282,,,-0.0013198756199196693,-0.000880886151620396,,,,-0.0006967287680063759,-0.0006419298761407058,0.0016874359191378049,,,-0.0008987018265969884,0.0021734908306285856,,0.002050883655567486,,,,,-0.0012267555608455822,-0.0013743034805349132,,-0.0006621230344961254,-0.0006610286162572888,-0.0011591951096685791,-0.0008600479845928167,,-3.3954308535441595e-06
818,2026-08-31,MRU,CA59162N1096,02189401C,-0.000560115284083557,-0.0006115020073939752,,,,,,,,,,,,,0.0012230040147879504,,0.001801451859620089,,-0.0007750432419295732,-0.0006032010751669077,,,0.010524271390412098,,,,,-0.0006115020073939752,,-0.0006967287680063759,-0.0006419298761407058,,,,,,,,,,-0.0022594480951167216,,,,,-0.0006621230344961254,,,-0.0008600479845928167,,-8.398651048010921e-05
819,2026-08-31,MRVL,US5738741041,13731001,,,-0.0007661346989188884,,-0.0007003893394670049,,,-0.0010280779250274028,,,,,,-0.002666148752237732,,,,-0.002338726975647133,0.0022722858683844305,-0.0006032010751669077,,,,,0.002596898135296492,-0.000880886151620396,-0.0029844948719079086,-0.0006115020073939752,,0.002050883655567486,0.0018864260039417912,,,,,-0.0007392279350012195,,,0.004818341118501925,,,,,,,,,,,,-3.9771512660522116e-05
820,2026-08-31,MS,US6174464486,01212401,0.0016525715406432223,0.001809603225500723,,0.004650259451577439,0.002072136335936061,,,0.0030297144911792407,,-0.002962387502486369,,-0.002836328459827374,-0.0013886191417904852,,,-0.0012497572276114369,,,-0.0007750432419295732,,-0.0015322693978377768,,,,,,0.00588121048287735,,,-0.0006967287680063759,,,-0.001025441827783743,-0.0010552039916508172,-0.0008987018265969884,0.0021734908306285856,,0.002050883655567486,,0.0016803458522506713,,,-0.0012267555608455822,-0.0013743034805349132,,-0.0006621230344961254,-0.0006610286162572888,,-0.0008600479845928167,,-0.0001827386161266683
821,2026-08-31,MSCI,US55354G1004,17850701,-0.000560115284083557,-0.0006115020073939752,-0.0007661346989188884,-0.0023947443882374837,-0.0007003893394670049,-0.0010693109968867907,,-0.0010280779250274028,-0.0029191409696033557,-0.002962387502486369,0.004165857425371455,,,,,-0.0012497572276114369,-0.005332297504475464,,-0.0007750432419295732,,,,,,,,0.00588121048287735,,,-0.0006967287680063759,-0.0006419298761407058,-0.0008563646955795712,,-0.0010552039916508172,-0.0008987018265969884,-0.0007392279350012195,,,0.004818341118501925,-0.0016945860713375414,,-0.001075059980741021,-0.0012267555608455822,-0.0013743034805349132,-0.0023804899573551174,-0.0006621230344961254,-0.0006610286162572888,,-0.0008600479845928167,,-0.0003815709539418635
822,2026-08-31,MSFT,US5949181045,01214101,-0.000560115284083557,-0.0006115020073939752,,-0.0023947443882374837,-0.0007003893394670049,,,-0.0010280779250274028,,,,,-0.0013886191417904852,,,,,,,0.002366404217962484,,,,,,-0.000880886151620396,-0.0029844948719079086,-0.0006115020073939752,,,,,,,,-0.0007392279350012195,,0.002050883655567486,,0.0016803458522506713,,,,,,,,,,,3.452951752156283e-05
823,2026-08-31,MSI,US6200763075,00758501,-0.000560115284083557,-0.0006115020073939752,-0.0007661346989188884,-0.0023947443882374837,-0.0007003893394670049,-0.0010693109968867907,,,,,,,-0.0013886191417904852,0.002666148752237732,,,,,-0.0007750432419295732,-0.0006032010751669077,,,,,-0.0013198756199196693,-0.000880886151620396,-0.0029844948719079086,-0.0006115020073939752,-0.006248786138057184,-0.0006967287680063759,-0.0006419298761407058,-0.0008563646955795712,,,,-0.0007392279350012195,,,-0.0024839895207183836,,,-0.001075059980741021,,,,,,,,0.001970060654362856,-0.00034823735737259885
824,2026-08-31,MSTR,US5949724083,11153401,-0.000560115284083557,-0.0006115020073939752,,0.004650259451577439,0.002072136335936061,,,,,,-0.004165857425371455,-0.002836328459827374,,-0.002666148752237732,,,,-0.002338726975647133,-0.0007750432419295732,-0.0006032010751669077,,,,,-0.0013198756199196693,-0.000880886151620396,-0.0029844948719079086,0.0023804899573551174,,-0.0006967287680063759,-0.0006419298761407058,-0.0008563646955795712,,,,-0.0007392279350012195,,,-0.0024839895207183836,0.0016803458522506713,,,,,,,,,,,-0.0005658101834053725
825,2026-08-31,MT,LU1598757687,06524801W,0.0016525715406432223,-0.0006115020073939752,-0.0007661346989188884,,-0.0007003893394670049,0.00209383409861602,,-0.0010280779250274028,,,,,-0.0013886191417904852,,,-0.0012497572276114369,,,,-0.0006032010751669077,-0.0015322693978377768,-0.0010150312508519282,,,,,,-0.0006115020073939752,,0.002050883655567486,0.0018864260039417912,-0.0008563646955795712,,,,-0.0007392279350012195,,,,0.0016803458522506713,,0.002115991073204549,,,,-0.0006621230344961254,-0.0006610286162572888,-0.0011591951096685791,,,-0.0002001086516904233
826,2026-08-31,MTB,US55261F1049,00469901,-0.000560115284083557,,,,,,,0.0030297144911792407,0.000985030327181428,,,-0.002836328459827374,,,,-0.0012497572276114369,0.001801451859620089,,,,,,,,,,,,,,,,-0.001025441827783743,,-0.0008987018265969884,,,,-0.0024839895207183836,,,,,,,,,,,,-3.840965352048808e-05
827,2026-08-31,MTD,US5926881054,06577201,-0.000560115284083557,,,,,-0.0010693109968867907,,,,,,,,,0.0012230040147879504,,,0.0023251297257887195,-0.0007750432419295732,0.002366404217962484,,-0.0010150312508519282,,,,,,-0.0006115020073939752,-0.006248786138057184,-0.0006967287680063759,-0.0006419298761407058,-0.0008563646955795712,,-0.0010552039916508172,,-0.0007392279350012195,,,-0.0024839895207183836,-0.0016945860713375414,-0.0022594480951167216,-0.001075059980741021,,-0.0013743034805349132,,-0.0006621230344961254,-0.0006610286162572888,,-0.0008600479845928167,0.001970060654362856,-0.0002332476683052605
828,2026-08-31,MTX,DE000A0D9PT0,27309901W,-0.000560115284083557,-0.0006115020073939752,0.0022594480951167216,,-0.0007003893394670049,-0.0010693109968867907,,,,,,,,,,,,,,-0.0006032010751669077,,0.002962387502486369,,,0.002596898135296492,,,0.0023804899573551174,,0.002050883655567486,0.0018864260039417912,0.0016874359191378049,-0.001025441827783743,,-0.0008987018265969884,,,,,,,,,,,-0.0006621230344961254,-0.0006610286162572888,-0.0011591951096685791,-0.0008600479845928167,,-4.5577958559149726e-05
829,2026-08-31,MTZ,US5763231090,00249701,0.0016525715406432223,0.001809603225500723,-0.0007661346989188884,0.004650259451577439,0.002072136335936061,0.00209383409861602,0.004544571736768861,,,,,,,0.002666148752237732,0.0012230040147879504,,,0.0023251297257887195,,-0.0006032010751669077,,,,,0.002596898135296492,0.003447606145134998,-0.0029844948719079086,-0.0006115020073939752,0.0061526509667024585,,0.0018864260039417912,0.0016874359191378049,,,,-0.0007392279350012195,,-0.002072136335936061,,,,0.002115991073204549,-0.0012267555608455822,-0.0013743034805349132,,-0.0006621230344961254,-0.0006610286162572888,-0.0011591951096685791,-0.0008600479845928167,,0.0002807457554231555
830,2026-08-31,MU,US5951121038,00734301,0.0016525715406432223,0.001809603225500723,0.0022594480951167216,0.004650259451577439,0.002072136335936061,0.00209383409861602,0.004544571736768861,-0.0010280779250274028,,,0.004165857425371455,,0.0024839895207183836,,,,,,0.0022722858683844305,0.002366404217962484,,,,,0.002596898135296492,0.003447606145134998,0.00588121048287735,0.0023804899573551174,0.0061526509667024585,,,-0.0008563646955795712,,,,-0.0007392279350012195,,,0.004818341118501925,0.0016803458522506713,,0.002115991073204549,,,,,,,,-0.001999611564178299,0.0008133001445826637
831,2026-08-31,MUV2,DE0008430026,01567701W,-0.000560115284083557,-0.0006115020073939752,-0.0007661346989188884,,-0.0007003893394670049,,,-0.0010280779250274028,0.000985030327181428,0.0029191409696033557,,,,,,-0.0012497572276114369,0.001801451859620089,,,,-0.0015322693978377768,,,,,,,,,0.002050883655567486,0.0018864260039417912,,0.003006934682974885,-0.0010552039916508172,0.0035080904634706995,,,,,,,0.002115991073204549,0.0024091705592509624,0.0027021777894301337,0.002366404217962484,,-0.0006610286162572888,,0.002531153878706707,,0.00043872657949541114
832,2026-08-31,MZTF,IL0006954379,22276501W,-0.000560115284083557,-0.0006115020073939752,-0.0007661346989188884,,-0.0007003893394670049,,,,0.000985030327181428,,,,,,,0.0037728520078835824,0.001801451859620089,,-0.0007750432419295732,,0.0029844948719079086,,,,,,,,,,-0.0006419298761407058,-0.0008563646955795712,,,-0.0008987018265969884,,,,,,,,0.0024091705592509624,0.0027021777894301337,,,,,0.002531153878706707,,0.00048810254713184696
833,2026-08-31,NA,CA6330671034,01562001C,-0.000560115284083557,-0.0006115020073939752,-0.0007661346989188884,,-0.0007003893394670049,,,-0.0010280779250274028,0.000985030327181428,0.0029191409696033557,0.004165857425371455,-0.002836328459827374,,,,-0.0012497572276114369,0.001801451859620089,,-0.0007750432419295732,,,,,,,,,,,,-0.0006419298761407058,-0.0008563646955795712,-0.001025441827783743,,-0.0008987018265969884,,,,,,,,-0.0012267555608455822,-0.0013743034805349132,,,,,-0.0008600479845928167,0.001970060654362856,3.405150118678963e-06
834,2026-08-31,NAB,AU000000NAB4,01480201W,-0.000560115284083557,-0.0006115020073939752,-0.0007661346989188884,,-0.0007003893394670049,-0.0010693109968867907,,-0.0010280779250274028,0.000985030327181428,-0.002962387502486369,-0.004165857425371455,-0.002836328459827374,,,,0.0037728520078835824,0.001801451859620089,,-0.0007750432419295732,,0.0029844948719079086,,,,,,,,,,-0.0006419298761407058,-0.0008563646955795712,-0.001025441827783743,,-0.0008987018265969884,,,,,0.0016803458522506713,,-0.001075059980741021,,-0.0013743034805349132,-0.0023804899573551174,,,,,,-0.0002574744675139063
835,2026-08-31,NBIS,NL0009805522,18711801,-0.000560115284083557,-0.0006115020073939752,0.0022594480951167216,-0.0023947443882374837,-0.0007003893394670049,,,-0.0010280779250274028,,,0.004165857425371455,-0.002836328459827374,,-0.002666148752237732,,,,-0.002338726975647133,0.0022722858683844305,-0.0006032010751669077,,,,,0.002596898135296492,-0.000880886151620396,-0.0029844948719079086,0.0023804899573551174,,0.002050883655567486,,,,,,-0.0007392279350012195,,,-0.0024839895207183836,,,,,,,,,,,,-4.9665647717016185e-05
836,2026-08-31,NBIX,US64125C1099,06292101,-0.000560115284083557,,,,,0.00209383409861602,0.004544571736768861,,0.000985030327181428,,,,,,0.0012230040147879504,,,,0.0022722858683844305,-0.0006032010751669077,-0.0015322693978377768,0.002962387502486369,,,0.002596898135296492,,,0.0023804899573551174,,0.002050883655567486,0.0018864260039417912,0.0016874359191378049,,0.004122910441604739,,0.0021734908306285856,0.005478387847063832,0.002050883655567486,,-0.0016945860713375414,,0.002115991073204549,,,,-0.0006621230344961254,,0.0022722858683844305,-0.0008600479845928167,-0.001999611564178299,0.0006515020887187049
837,2026-08-31,NDA SE,FI4000297767,21488101W,-0.000560115284083557,-0.0006115020073939752,-0.0007661346989188884,,-0.0007003893394670049,-0.0010693109968867907,,-0.0010280779250274028,0.000985030327181428,-0.002962387502486369,,0.002816354315744083,,,,0.0037728520078835824,0.001801451859620089,,-0.0007750432419295732,,0.0029844948719079086,,,,,,,,,,-0.0006419298761407058,-0.0008563646955795712,-0.001025441827783743,,-0.0008987018265969884,,,,,0.0016803458522506713,,,,,,,,,0.002531153878706707,0.001970060654362856,0.0003795014699805657
838,2026-08-31,NDAQ,US6311031081,14933701,,,-0.0007661346989188884,,,,,0.0030297144911792407,-0.0029191409696033557,-0.002962387502486369,0.004165857425371455,,-0.0013886191417904852,,,-0.0012497572276114369,,,0.0022722858683844305,,-0.0015322693978377768,,,,,,-0.0029844948719079086,,,-0.0006967287680063759,-0.0006419298761407058,-0.0008563646955795712,,-0.0010552039916508172,-0.0008987018265969884,-0.0007392279350012195,,,0.004818341118501925,-0.0016945860713375414,,,-0.0012267555608455822,-0.0013743034805349132,-0.0023804899573551174,-0.0006621230344961254,-0.0006610286162572888,,-0.0008600479845928167,-0.001999611564178299,-0.00016597017584262872
839,2026-08-31,NDSN,US6556631025,00792101,-0.000560115284083557,-0.0006115020073939752,-0.0007661346989188884,-0.0023947443882374837,-0.0007003893394670049,,,,0.000985030327181428,,,,0.0024839895207183836,-0.002666148752237732,0.0012230040147879504,,,-0.002338726975647133,,-0.0006032010751669077,,,,,,-0.000880886151620396,,0.0023804899573551174,,,-0.0006419298761407058,-0.0008563646955795712,-0.001025441827783743,,-0.0008987018265969884,,,,-0.0024839895207183836,-0.0016945860713375414,-0.0022594480951167216,-0.001075059980741021,-0.0012267555608455822,-0.0013743034805349132,-0.0023804899573551174,-0.0006621230344961254,-0.0006610286162572888,,-0.0008600479845928167,-0.001999611564178299,-0.00033314244892454584
840,2026-08-31,NEE,US65339F1012,00451701,,,,0.004650259451577439,,,-0.004760979914710235,,0.000985030327181428,,,,,-0.002666148752237732,0.0012230040147879504,,,-0.002338726975647133,0.0022722858683844305,-0.0006032010751669077,,-0.0010150312508519282,,-0.009998057820891495,,,,,,0.002050883655567486,,,,-0.0010552039916508172,-0.0008987018265969884,,,,,0.0016803458522506713,,,,,-0.0023804899573551174,-0.0006621230344961254,,,-0.0008600479845928167,,-0.000225572904178772
841,2026-08-31,NEM,DE0006452907,22862301W,-0.000560115284083557,-0.0006115020073939752,-0.0007661346989188884,,-0.0007003893394670049,,,-0.0010280779250274028,,,,0.002816354315744083,-0.0013886191417904852,,,,,,-0.0007750432419295732,-0.0006032010751669077,,,,,,-0.000880886151620396,,-0.0006115020073939752,,,,,,,,-0.0007392279350012195,,,,-0.0016945860713375414,,,,,,,,,,,3.8035888364181302e-06
842,2026-08-31,NEM,US6516391066,00788101,-0.000560115284083557,-0.0006115020073939752,,-0.0023947443882374837,-0.0007003893394670049,0.00209383409861602,,,,,,0.002816354315744083,,,,0.0037728520078835824,,,,0.002366404217962484,,,,,0.002596898135296492,-0.000880886151620396,0.00588121048287735,0.0023804899573551174,,,,,,,,0.0021734908306285856,,0.002050883655567486,0.004818341118501925,0.0016803458522506713,,0.002115991073204549,0.0024091705592509624,,,0.0019319918494476317,0.0019319918494476317,0.0022722858683844305,,,0.0007758312837737669
843,2026-08-31,NESN,CH0038863350,01660301W,0.0016525715406432223,-0.0006115020073939752,,,,-0.0010693109968867907,,,,,,,,,,,,,-0.0007750432419295732,-0.0006032010751669077,-0.0015322693978377768,,,,-0.0013198756199196693,,,0.0023804899573551174,,-0.0006967287680063759,-0.0006419298761407058,-0.0008563646955795712,,,,,,,,0.0016803458522506713,,-0.001075059980741021,-0.0012267555608455822,-0.0013743034805349132,,-0.0006621230344961254,-0.0006610286162572888,,,0.001970060654362856,-0.00032370972170399283
844,2026-08-31,NESTE,FI0009013296,27274601W,0.0016525715406432223,,-0.0007661346989188884,,,0.00209383409861602,,-0.0010280779250274028,0.000985030327181428,,,0.002816354315744083,-0.0013886191417904852,,0.0012230040147879504,,,0.0023251297257887195,0.0022722858683844305,,,0.002962387502486369,,,,,,,,,,,,,,,,,,,,0.002115991073204549,,,,-0.0006621230344961254,,,-0.0008600479845928167,,0.00031892451956489436
845,2026-08-31,NET,US18915M1071,03560401,-0.000560115284083557,,-0.0007661346989188884,-0.0023947443882374837,-0.0007003893394670049,-0.0010693109968867907,-0.004760979914710235,-0.0010280779250274028,,,0.004165857425371455,,,,,,,,-0.0007750432419295732,-0.0006032010751669077,,,,,-0.0013198756199196693,-0.000880886151620396,,-0.0006115020073939752,-0.006248786138057184,-0.0006967287680063759,-0.0006419298761407058,-0.0008563646955795712,,,,-0.0007392279350012195,,,-0.0024839895207183836,,,-0.001075059980741021,,,,,,,,0.001970060654362856,-0.0002644412337334733
846,2026-08-31,NFLX,US64110L1061,14757901,-0.000560115284083557,-0.0006115020073939752,-0.0007661346989188884,-0.0023947443882374837,-0.0007003893394670049,,,-0.0010280779250274028,,,,0.002816354315744083,,,,,,,,,-0.0015322693978377768,,,0.008887162507459107,,-0.000880886151620396,,,,,,,,,,,,,0.004818341118501925,,-0.0022594480951167216,,,,,-0.0006621230344961254,-0.0006610286162572888,,,,-6.994361913971436e-05
847,2026-08-31,NG.,GB00BDR05C01,21181901W,-0.000560115284083557,-0.0006115020073939752,,,-0.0007003893394670049,0.00209383409861602,,-0.0010280779250274028,,,-0.004165857425371455,,,-0.002666148752237732,,,,,,-0.0006032010751669077,,0.002962387502486369,,,,,,,,-0.0006967287680063759,,-0.0008563646955795712,-0.001025441827783743,-0.0010552039916508172,-0.0008987018265969884,,,,,0.0016803458522506713,,0.002115991073204549,,,,,-0.0006610286162572888,-0.0011591951096685791,,,-0.0004092082181057285
848,2026-08-31,NHY,NO0005052605,01238301W,-0.000560115284083557,,-0.0007661346989188884,,,0.00209383409861602,,0.0030297144911792407,,,,,-0.0013886191417904852,,,-0.0012497572276114369,,,-0.0007750432419295732,-0.0006032010751669077,,-0.0010150312508519282,,,-0.0013198756199196693,-0.000880886151620396,,-0.0006115020073939752,,-0.0006967287680063759,-0.0006419298761407058,-0.0008563646955795712,,,,-0.0007392279350012195,,-0.002072136335936061,,,,0.002115991073204549,,,,,,,,,-6.989496666443432e-05
849,2026-08-31,NI,US65473P1057,00797401,,-0.0006115020073939752,,,-0.0007003893394670049,,,,,,-0.004165857425371455,,,,,,,,-0.0007750432419295732,-0.0006032010751669077,,-0.0010150312508519282,,0.008887162507459107,,,,,,-0.0006967287680063759,,,,-0.0010552039916508172,-0.0008987018265969884,,,,,,,,-0.0012267555608455822,-0.0013743034805349132,,-0.0006621230344961254,-0.0006610286162572888,,-0.0008600479845928167,,-0.00046572135054759903
850,2026-08-31,NIBE B,SE0015988019,23424601W,-0.000560115284083557,-0.0006115020073939752,-0.0007661346989188884,,-0.0007003893394670049,,,,0.000985030327181428,,,,0.0024839895207183836,,0.0012230040147879504,,,,,-0.0006032010751669077,,0.002962387502486369,,,-0.0013198756199196693,-0.000880886151620396,,0.0023804899573551174,,-0.0006967287680063759,-0.0006419298761407058,-0.0008563646955795712,-0.001025441827783743,,-0.0008987018265969884,0.0021734908306285856,,,,-0.0016945860713375414,,,-0.0012267555608455822,-0.0013743034805349132,,-0.0006621230344961254,0.0019319918494476317,0.0022722858683844305,,,5.33557830901691e-05
851,2026-08-31,NKE,US6541061031,00790601,-0.000560115284083557,-0.0006115020073939752,,-0.0023947443882374837,-0.0007003893394670049,,,,,,-0.004165857425371455,,,,,-0.0012497572276114369,,,-0.0007750432419295732,-0.0006032010751669077,-0.0015322693978377768,-0.0010150312508519282,-0.00952195982942047,,-0.0013198756199196693,0.003447606145134998,-0.0029844948719079086,-0.0006115020073939752,,-0.0006967287680063759,-0.0006419298761407058,-0.0008563646955795712,-0.001025441827783743,-0.0010552039916508172,,-0.0007392279350012195,-0.005554476567161941,-0.002072136335936061,,,,,,,,-0.0006621230344961254,-0.0006610286162572888,-0.0011591951096685791,,,-0.001000211135895303
852,2026-08-31,NLY,US0357108390,06555601,0.0016525715406432223,,,0.004650259451577439,,-0.0010693109968867907,-0.004760979914710235,,0.000985030327181428,-0.002962387502486369,,,,,,-0.0012497572276114369,,,0.0022722858683844305,,-0.0015322693978377768,,,,,,-0.0029844948719079086,,,,0.0018864260039417912,,-0.001025441827783743,,0.0035080904634706995,-0.0007392279350012195,,-0.002072136335936061,,,,0.002115991073204549,0.0024091705592509624,0.0027021777894301337,,-0.0006621230344961254,-0.0006610286162572888,,0.002531153878706707,,-1.7019874585826253e-05
853,2026-08-31,NN,NL0010773842,26084001W,-0.000560115284083557,-0.0006115020073939752,-0.0007661346989188884,,-0.0007003893394670049,-0.0010693109968867907,,-0.0010280779250274028,,,-0.004165857425371455,0.002816354315744083,,,,-0.0012497572276114369,0.001801451859620089,,-0.0007750432419295732,,-0.0015322693978377768,,,,,,,,,-0.0006967287680063759,-0.0006419298761407058,0.0016874359191378049,0.003006934682974885,-0.0010552039916508172,0.0035080904634706995,-0.0007392279350012195,,-0.002072136335936061,,,,-0.001075059980741021,-0.0012267555608455822,-0.0013743034805349132,0.002366404217962484,,-0.0006610286162572888,,,,-0.0001917415281698458
854,2026-08-31,NOC,US6668071029,00798501,-0.000560115284083557,,,,,-0.0010693109968867907,-0.004760979914710235,,0.000985030327181428,,,,,,0.0012230040147879504,,,,,-0.0006032010751669077,,,,,,-0.000880886151620396,0.00588121048287735,0.0023804899573551174,,,,,-0.001025441827783743,,-0.0008987018265969884,0.0021734908306285856,,0.002050883655567486,0.004818341118501925,,,,0.0024091705592509624,0.0027021777894301337,,-0.0006621230344961254,-0.0006610286162572888,,0.002531153878706707,,0.0002181164758607232
855,2026-08-31,NOKIA,FI0009000681,02367102W,-0.000560115284083557,-0.0006115020073939752,-0.0007661346989188884,,-0.0007003893394670049,,,-0.0010280779250274028,,,,-0.002836328459827374,-0.0013886191417904852,,,,,,-0.0007750432419295732,-0.0006032010751669077,,,,,-0.0013198756199196693,-0.000880886151620396,,-0.0006115020073939752,,-0.0006967287680063759,-0.0006419298761407058,,,,,-0.0007392279350012195,,-0.002072136335936061,,0.0016803458522506713,,-0.001075059980741021,,,,,,,,,-0.0004417843466135442
856,2026-08-31,NOVN,CH0012005267,10131001W,-0.000560115284083557,-0.0006115020073939752,,,,-0.0010693109968867907,,,0.000985030327181428,,,,,,0.0012230040147879504,,,,-0.0007750432419295732,0.002366404217962484,-0.0015322693978377768,-0.0010150312508519282,,,-0.0013198756199196693,,,-0.0006115020073939752,,-0.0006967287680063759,-0.0006419298761407058,-0.0008563646955795712,,-0.0010552039916508172,,-0.0007392279350012195,,-0.002072136335936061,,0.0016803458522506713,,,,,,-0.0006621230344961254,0.0019319918494476317,0.0022722858683844305,,,-9.153631123265208e-05
857,2026-08-31,NOVO B,DK0062498333,00802002W,,0.001809603225500723,,,,-0.0010693109968867907,,,-0.0029191409696033557,,,,,,-0.003602903719240178,,,0.0023251297257887195,,0.002366404217962484,-0.0015322693978377768,-0.0010150312508519282,,,0.002596898135296492,,,-0.0006115020073939752,,0.002050883655567486,,,,0.004122910441604739,,-0.0007392279350012195,,-0.002072136335936061,,,,0.002115991073204549,0.0024091705592509624,0.0027021777894301337,,0.0019319918494476317,,,0.002531153878706707,,0.00024661461906536444
858,2026-08-31,NOW,US81762P1021,17100701,-0.000560115284083557,-0.0006115020073939752,-0.0007661346989188884,-0.0023947443882374837,-0.0007003893394670049,,,-0.0010280779250274028,,,,,,,,,,,-0.0007750432419295732,-0.0006032010751669077,,,,,-0.0013198756199196693,-0.000880886151620396,,-0.0006115020073939752,-0.006248786138057184,-0.0006967287680063759,-0.0006419298761407058,,,,,-0.0007392279350012195,,,,,,-0.001075059980741021,,,,,,,,,-0.00033801197999766666
859,2026-08-31,NRG,US6293775085,13599003,0.0016525715406432223,-0.0006115020073939752,,-0.0023947443882374837,-0.0007003893394670049,0.00209383409861602,0.004544571736768861,-0.0010280779250274028,0.000985030327181428,-0.002962387502486369,,0.002816354315744083,,0.002666148752237732,0.0012230040147879504,,,0.0023251297257887195,-0.0007750432419295732,-0.0006032010751669077,,-0.0010150312508519282,,-0.009998057820891495,,,-0.0029844948719079086,,,-0.0006967287680063759,,0.0016874359191378049,,0.004122910441604739,-0.0008987018265969884,,,,,,0.002234202865003686,-0.001075059980741021,-0.0012267555608455822,-0.0013743034805349132,0.002366404217962484,-0.0006621230344961254,,,-0.0008600479845928167,0.001970060654362856,0.00019358740569137863
860,2026-08-31,NSC,US6558441084,00792301,,0.001809603225500723,-0.0007661346989188884,0.004650259451577439,0.002072136335936061,-0.0010693109968867907,-0.004760979914710235,,,-0.002962387502486369,,,,-0.002666148752237732,-0.003602903719240178,,,-0.002338726975647133,,-0.0006032010751669077,,-0.0010150312508519282,,,-0.0013198756199196693,-0.000880886151620396,-0.0029844948719079086,-0.0006115020073939752,,-0.0006967287680063759,-0.0006419298761407058,-0.0008563646955795712,-0.001025441827783743,,-0.0008987018265969884,-0.0007392279350012195,,,0.004818341118501925,,-0.0022594480951167216,-0.001075059980741021,,,-0.0023804899573551174,-0.0006621230344961254,-0.0006610286162572888,-0.0011591951096685791,-0.0008600479845928167,,-0.0004862768304650658
861,2026-08-31,NSIS B,DK0060336014,24133601W,-0.000560115284083557,,-0.0007661346989188884,,,-0.0010693109968867907,,,,,,-0.002836328459827374,-0.0013886191417904852,,,-0.0012497572276114369,,,,-0.0006032010751669077,,-0.0010150312508519282,,,,-0.000880886151620396,,-0.0006115020073939752,,-0.0006967287680063759,-0.0006419298761407058,-0.0008563646955795712,,,,-0.0007392279350012195,,,,,,-0.001075059980741021,-0.0012267555608455822,,,-0.0006621230344961254,-0.0006610286162572888,-0.0011591951096685791,,,-0.0004586810515430619
862,2026-08-31,NST,AU000000NST8,25962501W,-0.000560115284083557,-0.0006115020073939752,,,-0.0007003893394670049,,,-0.0010280779250274028,,0.0029191409696033557,,0.002816354315744083,-0.0013886191417904852,,,-0.0012497572276114369,,,0.0022722858683844305,-0.0006032010751669077,-0.0015322693978377768,0.002962387502486369,,,,-0.000880886151620396,,-0.0006115020073939752,,,,-0.0008563646955795712,,,,-0.0007392279350012195,,-0.002072136335936061,,,,0.002115991073204549,,,,,-0.0006610286162572888,-0.0011591951096685791,,,-1.789862260699482e-05
863,2026-08-31,NTAP,US64110D1046,06159101,-0.000560115284083557,-0.0006115020073939752,,,,-0.0010693109968867907,-0.004760979914710235,0.0030297144911792407,,,,,-0.0013886191417904852,0.002666148752237732,,,,0.0023251297257887195,-0.0007750432419295732,0.002366404217962484,,,,,-0.0013198756199196693,-0.000880886151620396,,-0.0006115020073939752,,-0.0006967287680063759,-0.0006419298761407058,,,,,0.0021734908306285856,,0.002050883655567486,-0.0024839895207183836,,,-0.001075059980741021,,,,,,,,0.001970060654362856,0.0001908123267591876
864,2026-08-31,NTGY,ES0116870314,22058601W,0.0016525715406432223,0.001809603225500723,,,0.002072136335936061,-0.0010693109968867907,,,0.000985030327181428,,0.004165857425371455,,,0.002666148752237732,0.0012230040147879504,,,0.0023251297257887195,-0.0007750432419295732,0.002366404217962484,,,,,,,,,,,,0.0016874359191378049,0.003006934682974885,-0.0010552039916508172,0.0035080904634706995,,,,,,,-0.001075059980741021,0.0024091705592509624,0.0027021777894301337,0.002366404217962484,0.0019319918494476317,0.0019319918494476317,0.0022722858683844305,0.002531153878706707,,0.0009767893025281731
865,2026-08-31,NTR,CA67077M1086,01658201C,-0.000560115284083557,-0.0006115020073939752,-0.0007661346989188884,,-0.0007003893394670049,,,-0.0010280779250274028,,,,-0.002836328459827374,,,,-0.0012497572276114369,,,,-0.0006032010751669077,,,-0.00952195982942047,,,-0.000880886151620396,,-0.0006115020073939752,,0.002050883655567486,0.0018864260039417912,0.0016874359191378049,,,,0.0021734908306285856,,0.002050883655567486,,0.0016803458522506713,,0.002115991073204549,0.0024091705592509624,,,,,,,,1.2126457716527742e-05
866,2026-08-31,NTRA,US6323071042,02417601,0.0016525715406432223,0.001809603225500723,,,,,,,-0.0029191409696033557,,,,,,0.0012230040147879504,,,0.0023251297257887195,-0.0007750432419295732,-0.0006032010751669077,0.0029844948719079086,-0.0010150312508519282,,,-0.0013198756199196693,,,-0.0006115020073939752,,-0.0006967287680063759,-0.0006419298761407058,-0.0008563646955795712,,-0.0010552039916508172,,-0.0007392279350012195,,,,-0.0016945860713375414,-0.0022594480951167216,,-0.0012267555608455822,-0.0013743034805349132,-0.0023804899573551174,-0.0006621230344961254,-0.0006610286162572888,-0.0011591951096685791,-0.0008600479845928167,,-0.00017710563157193878
867,2026-08-31,NTRS,US6658591044,00798201,0.0016525715406432223,0.001809603225500723,,0.004650259451577439,,,,0.0030297144911792407,0.000985030327181428,,,-0.002836328459827374,,,,-0.0012497572276114369,0.001801451859620089,,-0.0007750432419295732,,,,,,,,-0.0029844948719079086,,,-0.0006967287680063759,-0.0006419298761407058,-0.0008563646955795712,-0.001025441827783743,-0.0010552039916508172,-0.0008987018265969884,-0.0007392279350012195,,-0.002072136335936061,,,,,-0.0012267555608455822,-0.0013743034805349132,,-0.0006621230344961254,-0.0006610286162572888,,-0.0008600479845928167,,-0.00021072501358234075
868,2026-08-31,NUE,US6703461052,00803001,0.0016525715406432223,0.001809603225500723,,0.004650259451577439,0.002072136335936061,,,0.0030297144911792407,,,,,,,,-0.0012497572276114369,,,,-0.0006032010751669077,,0.002962387502486369,,,,-0.000880886151620396,-0.0029844948719079086,0.0023804899573551174,0.0061526509667024585,,,0.0016874359191378049,,,,-0.0007392279350012195,,,,,,,,,,-0.0006621230344961254,-0.0006610286162572888,-0.0011591951096685791,,,0.000183242894522513
869,2026-08-31,NVDA,US67066G1040,11776801,0.0016525715406432223,,-0.0007661346989188884,,,0.00209383409861602,0.004544571736768861,-0.0010280779250274028,,,,,-0.0013886191417904852,,,,,0.0023251297257887195,0.0022722858683844305,0.002366404217962484,,,,,0.002596898135296492,0.003447606145134998,0.00588121048287735,-0.0006115020073939752,-0.006248786138057184,0.002050883655567486,,,,,,,,,0.004818341118501925,0.0016803458522506713,,0.002115991073204549,,,,,,,,-0.001999611564178299,0.00041638238858654356
870,2026-08-31,NVMI,IL0010845571,13390501W,,,,,,,,,,,,,0.0024839895207183836,-0.002666148752237732,,,,-0.002338726975647133,,-0.0006032010751669077,,,,,,,,-0.0006115020073939752,,-0.0006967287680063759,-0.0006419298761407058,-0.0008563646955795712,,,,-0.0007392279350012195,,-0.002072136335936061,,-0.0016945860713375414,,,,,,,,,,,-0.0002806105427218061
871,2026-08-31,NVR,US62944T1051,01245901,-0.000560115284083557,-0.0006115020073939752,-0.0007661346989188884,-0.0023947443882374837,-0.0007003893394670049,,-0.004760979914710235,-0.0010280779250274028,,,,,-0.0013886191417904852,,,-0.0012497572276114369,,,-0.0007750432419295732,-0.0006032010751669077,,-0.0010150312508519282,-0.00952195982942047,-0.009998057820891495,-0.0013198756199196693,-0.000880886151620396,-0.0029844948719079086,-0.0006115020073939752,,-0.0006967287680063759,-0.0006419298761407058,-0.0008563646955795712,,-0.0010552039916508172,,-0.0007392279350012195,-0.005554476567161941,,,-0.0016945860713375414,,,,,,,0.0019319918494476317,0.0022722858683844305,,-0.001999611564178299,-0.0005809413044801001
872,2026-08-31,NWG,GB00BM8PJY71,01563402W,,,0.0022594480951167216,,0.002072136335936061,,,0.0030297144911792407,0.000985030327181428,0.0029191409696033557,-0.004165857425371455,0.002816354315744083,,,,0.0037728520078835824,0.001801451859620089,,,,,,,,,,,,,,0.0018864260039417912,,0.003006934682974885,,0.0035080904634706995,,,,,0.0016803458522506713,0.002234202865003686,0.002115991073204549,0.0024091705592509624,0.0027021777894301337,,,,,,,0.0006578304861746106
873,2026-08-31,NWSA,US65249B1098,01804301,,-0.0006115020073939752,-0.0007661346989188884,-0.0023947443882374837,-0.0007003893394670049,,,-0.0010280779250274028,,,0.004165857425371455,,,,,,,,,,,,,,,-0.000880886151620396,,,,,-0.0006419298761407058,-0.0008563646955795712,,,,,,,,,,,,,,-0.0006621230344961254,-0.0006610286162572888,-0.0011591951096685791,,,2.9644096585257776e-05
874,2026-08-31,NXPI,NL0009538784,18472501,-0.000560115284083557,-0.0006115020073939752,-0.0007661346989188884,,-0.0007003893394670049,0.00209383409861602,,-0.0010280779250274028,,,-0.004165857425371455,0.002816354315744083,,,,,,,,-0.0006032010751669077,,,,,,-0.000880886151620396,,0.0023804899573551174,,,0.0018864260039417912,,,,,0.0021734908306285856,,,0.004818341118501925,,,0.002115991073204549,,,,,,,,,5.733191284881152e-05
875,2026-08-31,NXT,GB0032089863,10014901W,,,,,,,,-0.0010280779250274028,,,,,0.0024839895207183836,,,-0.0012497572276114369,,0.0023251297257887195,0.0022722858683844305,0.002366404217962484,-0.0015322693978377768,,,,0.002596898135296492,0.003447606145134998,,-0.0006115020073939752,,,0.0018864260039417912,,,-0.0010552039916508172,,-0.0007392279350012195,,,,-0.0016945860713375414,,,,,,-0.0006621230344961254,,,,,8.266197167856027e-05
876,2026-08-31,O,US7561091049,03082201,-0.000560115284083557,,,,,,,,,,,,,,,,,,,,,,,,,,,0.0023804899573551174,,,,,-0.001025441827783743,-0.0010552039916508172,-0.0008987018265969884,,,,,0.0016803458522506713,,-0.001075059980741021,,,,,-0.0006610286162572888,,,,-8.294044723304914e-05
877,2026-08-31,O39,SG1S04926220,01575301W,-0.000560115284083557,-0.0006115020073939752,-0.0007661346989188884,,-0.0007003893394670049,-0.0010693109968867907,,-0.0010280779250274028,0.000985030327181428,0.0029191409696033557,,,,,,-0.0012497572276114369,0.001801451859620089,,-0.0007750432419295732,,0.0029844948719079086,,,,,,,,,,-0.0006419298761407058,-0.0008563646955795712,,,-0.0008987018265969884,,,,,,,-0.001075059980741021,,,-0.0023804899573551174,,,,-0.0008600479845928167,,0.00011914953216200527
878,2026-08-31,ODFL,US6795801009,02461701,,0.001809603225500723,-0.0007661346989188884,0.004650259451577439,,-0.0010693109968867907,,,-0.0029191409696033557,0.0029191409696033557,,,,,,,,,,0.002366404217962484,,-0.0010150312508519282,,,-0.0013198756199196693,-0.000880886151620396,,-0.0006115020073939752,-0.006248786138057184,-0.0006967287680063759,-0.0006419298761407058,-0.0008563646955795712,-0.001025441827783743,,-0.0008987018265969884,-0.0007392279350012195,,,-0.0024839895207183836,-0.0016945860713375414,-0.0022594480951167216,-0.001075059980741021,-0.0012267555608455822,-0.0013743034805349132,-0.0023804899573551174,-0.0006621230344961254,-0.0006610286162572888,-0.0011591951096685791,-0.0008600479845928167,-0.001999611564178299,-0.0002583724807686173
879,2026-08-31,OKE,US6826801036,00815101,-0.000560115284083557,,-0.0007661346989188884,-0.0023947443882374837,-0.0007003893394670049,-0.0010693109968867907,-0.004760979914710235,-0.0010280779250274028,0.000985030327181428,,,0.002816354315744083,0.0024839895207183836,,0.0012230040147879504,,0.001801451859620089,,-0.0007750432419295732,,,-0.0010150312508519282,,,,,,-0.0006115020073939752,,,,,,,,,,,-0.0024839895207183836,,,-0.001075059980741021,,,,-0.0006621230344961254,-0.0006610286162572888,-0.0011591951096685791,-0.0008600479845928167,,-0.00015509313546349055
880,2026-08-31,OKTA,US6792951054,03073601,-0.000560115284083557,-0.0006115020073939752,-0.0007661346989188884,-0.0023947443882374837,-0.0007003893394670049,,,,,,0.004165857425371455,,,-0.002666148752237732,,,,-0.002338726975647133,,-0.0006032010751669077,,,,,-0.0013198756199196693,-0.000880886151620396,-0.0029844948719079086,-0.0006115020073939752,,-0.0006967287680063759,,-0.0008563646955795712,,,,-0.0007392279350012195,,,-0.0024839895207183836,,,-0.001075059980741021,,,,,,,,-0.001999611564178299,-9.331503773005893e-05
881,2026-08-31,OMC,US6819191064,00406601,-0.000560115284083557,-0.0006115020073939752,-0.0007661346989188884,-0.0023947443882374837,-0.0007003893394670049,0.00209383409861602,0.004544571736768861,-0.0010280779250274028,,,0.004165857425371455,-0.002836328459827374,,,,,,,,,,,,,,-0.000880886151620396,,,,,-0.0006419298761407058,-0.0008563646955795712,,,,,,,-0.0024839895207183836,,0.002234202865003686,,,,,-0.0006621230344961254,,,,,9.976100139032443e-05
882,2026-08-31,OMV,AT0000743059,10279802W,-0.000560115284083557,,-0.0007661346989188884,,0.002072136335936061,0.00209383409861602,,-0.0010280779250274028,,,,0.002816354315744083,0.0024839895207183836,,0.0012230040147879504,,0.001801451859620089,,-0.0007750432419295732,,,-0.0010150312508519282,,,,,,-0.0006115020073939752,,,,,,,,,,,,,0.002234202865003686,0.002115991073204549,,,0.002366404217962484,0.0019319918494476317,,,0.002531153878706707,,0.0004925373065699767
883,2026-08-31,ON,US6821891057,13493201,,,-0.0007661346989188884,,,,,-0.0010280779250274028,,,,,-0.0013886191417904852,,,,,,-0.0007750432419295732,-0.0006032010751669077,,,,,-0.0013198756199196693,-0.000880886151620396,-0.0029844948719079086,-0.0006115020073939752,,-0.0006967287680063759,-0.0006419298761407058,-0.0008563646955795712,,,,-0.0007392279350012195,,-0.002072136335936061,,,,,,,,,,,,,-0.00029106986218779645
884,2026-08-31,OPCE,IL0011415713,32523701W,,,,,,,,,0.000985030327181428,,,,,,0.0012230040147879504,,,,0.0022722858683844305,-0.0006032010751669077,,-0.0010150312508519282,,,,,,,,-0.0006967287680063759,,,,-0.0010552039916508172,,,,,,-0.0016945860713375414,-0.0022594480951167216,,-0.0012267555608455822,-0.0013743034805349132,-0.0023804899573551174,-0.0006621230344961254,,,-0.0008600479845928167,-0.001999611564178299,-0.00016506952142754332
885,2026-08-31,OR,FR0000120321,10058103W,,,,,,-0.0010693109968867907,,,,,,,,,0.0012230040147879504,,0.001801451859620089,,-0.0007750432419295732,-0.0006032010751669077,-0.0015322693978377768,,,,-0.0013198756199196693,,,-0.0006115020073939752,,-0.0006967287680063759,-0.0006419298761407058,-0.0008563646955795712,,,,-0.0007392279350012195,,,,0.0016803458522506713,-0.0022594480951167216,-0.001075059980741021,-0.0012267555608455822,-0.0013743034805349132,-0.0023804899573551174,-0.0006621230344961254,-0.0006610286162572888,-0.0011591951096685791,-0.0008600479845928167,-0.001999611564178299,-0.0005051307993665375
886,2026-08-31,ORA,FR0000133308,22094001W,,0.001809603225500723,-0.0007661346989188884,,0.002072136335936061,0.00209383409861602,,-0.0010280779250274028,,,0.004165857425371455,,,,,,,,,,,,,,,,,,,,-0.0006419298761407058,-0.0008563646955795712,,,,,,,,,0.002234202865003686,,,,,0.0019319918494476317,,,,,0.00030425708008689827
887,2026-08-31,ORCL,US68389X1054,01214201,-0.000560115284083557,-0.0006115020073939752,-0.0007661346989188884,-0.0023947443882374837,-0.0007003893394670049,0.00209383409861602,0.004544571736768861,-0.0010280779250274028,,,-0.004165857425371455,,,0.002666148752237732,,,,-0.002338726975647133,,-0.0006032010751669077,,,,,,-0.000880886151620396,-0.0029844948719079086,0.0023804899573551174,-0.006248786138057184,-0.0006967287680063759,-0.0006419298761407058,-0.0008563646955795712,,,,-0.0007392279350012195,,,0.004818341118501925,0.0016803458522506713,,0.002115991073204549,,,,,,,,0.001970060654362856,-0.0003466487694417727
888,2026-08-31,ORG,AU000000ORG5,01752501W,-0.000560115284083557,-0.0006115020073939752,,,-0.0007003893394670049,-0.0010693109968867907,,-0.0010280779250274028,0.000985030327181428,0.0029191409696033557,,,,0.002666148752237732,0.0012230040147879504,,,0.0023251297257887195,-0.0007750432419295732,-0.0006032010751669077,,-0.0010150312508519282,,,,,,,,-0.0006967287680063759,,-0.0008563646955795712,-0.001025441827783743,0.004122910441604739,-0.0008987018265969884,,,,,-0.0016945860713375414,,-0.001075059980741021,,,0.002366404217962484,-0.0006621230344961254,-0.0006610286162572888,,-0.0008600479845928167,-0.001999611564178299,7.966198287245967e-05
889,2026-08-31,ORK,NO0003733800,10091303W,-0.000560115284083557,-0.0006115020073939752,,,,,,,,,,,,,0.0012230040147879504,,0.001801451859620089,,,-0.0006032010751669077,,,,,,,,-0.0006115020073939752,,,,,,,,-0.0007392279350012195,0.005478387847063832,,,-0.0016945860713375414,,,,,,,0.0019319918494476317,0.0022722858683844305,,-0.001999611564178299,0.000267471098862177
890,2026-08-31,ORLY,US67103H1077,02818001,,,-0.0007661346989188884,,,,,-0.0010280779250274028,,,,,-0.0013886191417904852,-0.002666148752237732,,-0.0012497572276114369,,0.0023251297257887195,,0.002366404217962484,,,,,0.002596898135296492,0.003447606145134998,-0.0029844948719079086,-0.0006115020073939752,,,,,,-0.0010552039916508172,,-0.0007392279350012195,,,,,,,,,,-0.0006621230344961254,-0.0006610286162572888,,,,6.8926612538869985e-06
891,2026-08-31,ORNBV,FI0009014377,21145302W,0.0016525715406432223,0.001809603225500723,,,,0.00209383409861602,,,-0.0029191409696033557,,,,,,0.0012230040147879504,,,0.0023251297257887195,0.0022722858683844305,0.002366404217962484,-0.0015322693978377768,0.002962387502486369,,,0.002596898135296492,,,0.0023804899573551174,,0.002050883655567486,0.0018864260039417912,,,0.004122910441604739,,,,,,-0.0016945860713375414,-0.0022594480951167216,0.002115991073204549,0.0024091705592509624,,,-0.0006621230344961254,-0.0006610286162572888,,-0.0008600479845928167,,0.00026640970013178296
892,2026-08-31,ORSTED,DK0060094928,23264602W,0.0016525715406432223,-0.0006115020073939752,,,-0.0007003893394670049,0.00209383409861602,,-0.0010280779250274028,-0.0029191409696033557,0.0029191409696033557,0.004165857425371455,,,,-0.003602903719240178,,,,-0.0007750432419295732,-0.0006032010751669077,,-0.0010150312508519282,,,,,,,,-0.0006967287680063759,,-0.0008563646955795712,-0.001025441827783743,-0.0010552039916508172,-0.0008987018265969884,,,,,,,-0.001075059980741021,-0.0012267555608455822,-0.0013743034805349132,,0.0019319918494476317,-0.0006610286162572888,-0.0011591951096685791,,,-8.910952966525527e-06
893,2026-08-31,OTIS,US68902V1070,03619001,-0.000560115284083557,-0.0006115020073939752,-0.0007661346989188884,-0.0023947443882374837,-0.0007003893394670049,-0.0010693109968867907,-0.004760979914710235,,0.000985030327181428,-0.002962387502486369,,,-0.0013886191417904852,-0.002666148752237732,0.0012230040147879504,,,0.0023251297257887195,,0.002366404217962484,,-0.0010150312508519282,,,,-0.000880886151620396,,-0.0006115020073939752,0.0061526509667024585,-0.0006967287680063759,-0.0006419298761407058,,-0.001025441827783743,,-0.0008987018265969884,,,,,,,,,,,-0.0006621230344961254,,,,,-8.47175441172608e-05
894,2026-08-31,OXY,US6745991058,00806801,,,0.0022594480951167216,0.004650259451577439,0.002072136335936061,,,,,,,-0.002836328459827374,,,-0.003602903719240178,,,-0.002338726975647133,-0.0007750432419295732,,,-0.0010150312508519282,,,,,,-0.0006115020073939752,,,,,,,,,,,0.004818341118501925,,,-0.001075059980741021,,,,-0.0006621230344961254,-0.0006610286162572888,,0.002531153878706707,,-0.00010621134442122818
895,2026-08-31,P911,DE000PAG9113,35451901W,-0.000560115284083557,,,,,,,,,,,,-0.0013886191417904852,,,-0.0012497572276114369,,,-0.0007750432419295732,-0.0006032010751669077,-0.0015322693978377768,-0.0010150312508519282,,,-0.0013198756199196693,,,0.0023804899573551174,,-0.0006967287680063759,-0.0006419298761407058,-0.0008563646955795712,-0.001025441827783743,-0.0010552039916508172,,,-0.005554476567161941,-0.002072136335936061,,0.0016803458522506713,,,,,,,,,,,-0.0005521984169305027
896,2026-08-31,PAAS,CA6979001089,02067001C,-0.000560115284083557,-0.0006115020073939752,-0.0007661346989188884,,-0.0007003893394670049,-0.0010693109968867907,,-0.0010280779250274028,,0.0029191409696033557,,0.002816354315744083,0.0024839895207183836,,,-0.0012497572276114369,,,0.0022722858683844305,0.002366404217962484,0.0029844948719079086,0.002962387502486369,0.010524271390412098,0.008887162507459107,0.002596898135296492,0.003447606145134998,,0.0023804899573551174,,0.002050883655567486,0.0018864260039417912,,,,,0.0021734908306285856,,0.002050883655567486,,,,-0.001075059980741021,0.0024091705592509624,,,-0.0006621230344961254,0.0019319918494476317,0.0022722858683844305,,,0.000988673629589906
897,2026-08-31,PAH3,DE000PAH0038,10218701W,-0.000560115284083557,0.001809603225500723,-0.0007661346989188884,,0.002072136335936061,,,-0.0010280779250274028,,,,,,,,,,,,-0.0006032010751669077,-0.0015322693978377768,,,,0.002596898135296492,,,-0.0006115020073939752,,0.002050883655567486,0.0018864260039417912,,-0.001025441827783743,-0.0010552039916508172,,-0.0007392279350012195,-0.005554476567161941,-0.002072136335936061,,0.0016803458522506713,-0.0022594480951167216,,,,,-0.0006621230344961254,0.0019319918494476317,,,-0.001999611564178299,-0.00040263442557565227
898,2026-08-31,PANW,US6974351057,17106701,-0.000560115284083557,-0.0006115020073939752,-0.0007661346989188884,-0.0023947443882374837,-0.0007003893394670049,-0.0010693109968867907,-0.004760979914710235,-0.0010280779250274028,,,0.004165857425371455,-0.002836328459827374,,,,,,,-0.0007750432419295732,-0.0006032010751669077,,,,,-0.0013198756199196693,-0.000880886151620396,,-0.0006115020073939752,-0.006248786138057184,-0.0006967287680063759,-0.0006419298761407058,-0.0008563646955795712,,,,-0.0007392279350012195,,,-0.0024839895207183836,,,-0.001075059980741021,,,,,,,,,-0.0004410030778030753
899,2026-08-31,PAYX,US7043261079,00840201,-0.000560115284083557,-0.0006115020073939752,-0.0007661346989188884,,-0.0007003893394670049,,,,0.000985030327181428,,,,,,0.0012230040147879504,,,,,-0.0006032010751669077,,-0.0010150312508519282,,,,0.003447606145134998,,0.0023804899573551174,-0.006248786138057184,-0.0006967287680063759,-0.0006419298761407058,-0.0008563646955795712,-0.001025441827783743,,-0.0008987018265969884,-0.0007392279350012195,,,-0.0024839895207183836,,,,,,-0.0023804899573551174,,-0.0006610286162572888,-0.0011591951096685791,,0.001970060654362856,-0.0002067727056921984
900,2026-08-31,PCAR,US6937181088,00825301,0.0016525715406432223,,-0.0007661346989188884,,,0.00209383409861602,0.004544571736768861,,,-0.002962387502486369,,,-0.0013886191417904852,,,,,,,-0.0006032010751669077,,-0.0010150312508519282,,,-0.0013198756199196693,-0.000880886151620396,,0.0023804899573551174,-0.006248786138057184,-0.0006967287680063759,-0.0006419298761407058,-0.0008563646955795712,-0.001025441827783743,,-0.0008987018265969884,,,,-0.0024839895207183836,,,0.002115991073204549,,,,,-0.0006610286162572888,-0.0011591951096685791,,,-0.00015068877535550954
901,2026-08-31,PCG,US69331C1080,00826401,,-0.0006115020073939752,,,-0.0007003893394670049,0.00209383409861602,0.004544571736768861,,,,,-0.002836328459827374,,,,,,,,-0.0006032010751669077,,,,,,,,,,0.002050883655567486,,,0.003006934682974885,-0.0010552039916508172,0.0035080904634706995,,,,,0.0016803458522506713,,0.002115991073204549,0.0024091705592509624,0.0027021777894301337,,0.0019319918494476317,-0.0006610286162572888,-0.0011591951096685791,,,0.00022769452410131562
902,2026-08-31,PEG,US7445731067,00881001,-0.000560115284083557,,,0.004650259451577439,,,,0.0030297144911792407,0.000985030327181428,,,,,,0.0012230040147879504,,,,-0.0007750432419295732,-0.0006032010751669077,,,,,,,0.00588121048287735,,,,,0.0016874359191378049,-0.001025441827783743,-0.0010552039916508172,-0.0008987018265969884,,,,,,-0.0022594480951167216,,,,,-0.0006621230344961254,,,-0.0008600479845928167,,6.921335202805656e-05
903,2026-08-31,PEP,US7134481081,00847901,-0.000560115284083557,-0.0006115020073939752,,-0.0023947443882374837,,-0.0010693109968867907,,,,,,,,,,,0.001801451859620089,,0.0022722858683844305,0.002366404217962484,,,,,0.002596898135296492,,,-0.0006115020073939752,,0.002050883655567486,0.0018864260039417912,,,,,,,,0.004818341118501925,0.0016803458522506713,,,,,,-0.0006621230344961254,-0.0006610286162572888,-0.0011591951096685791,-0.0008600479845928167,0.001970060654362856,0.00017428909666382364
904,2026-08-31,PFE,US7170811035,00853001,-0.000560115284083557,-0.0006115020073939752,,,,-0.0010693109968867907,-0.004760979914710235,,0.000985030327181428,,,,,,0.0012230040147879504,,,-0.002338726975647133,-0.0007750432419295732,-0.0006032010751669077,,,,,-0.0013198756199196693,,,-0.0006115020073939752,,-0.0006967287680063759,-0.0006419298761407058,-0.0008563646955795712,,-0.0010552039916508172,,-0.0007392279350012195,-0.005554476567161941,-0.002072136335936061,,0.0016803458522506713,0.002234202865003686,-0.001075059980741021,0.0024091705592509624,0.0027021777894301337,,,-0.0006610286162572888,-0.0011591951096685791,0.002531153878706707,,-0.000403428876173256
905,2026-08-31,PFG,US74251V1026,14570101,-0.000560115284083557,,,,,,,,0.000985030327181428,0.0029191409696033557,,-0.002836328459827374,,,,-0.0012497572276114369,,,,,-0.0015322693978377768,,,,,,,,,-0.0006967287680063759,,,-0.001025441827783743,-0.0010552039916508172,-0.0008987018265969884,,,,-0.0024839895207183836,,,,,,,0.0019319918494476317,0.0019319918494476317,,0.002531153878706707,0.001970060654362856,-1.550834013957583e-05
906,2026-08-31,PG,US7427181091,00876201,-0.000560115284083557,-0.0006115020073939752,,-0.0023947443882374837,,-0.0010693109968867907,,,,,,,-0.0013886191417904852,,,,0.001801451859620089,,,0.002366404217962484,,,0.010524271390412098,0.008887162507459107,,,,-0.0006115020073939752,,-0.0006967287680063759,-0.0006419298761407058,-0.0008563646955795712,,,,-0.0007392279350012195,,,0.004818341118501925,0.0016803458522506713,-0.0022594480951167216,-0.001075059980741021,,,-0.0023804899573551174,-0.0006621230344961254,-0.0006610286162572888,-0.0011591951096685791,-0.0008600479845928167,,-9.814275367442282e-05
907,2026-08-31,PGHN,CH0024608827,27586301W,-0.000560115284083557,-0.0006115020073939752,-0.0007661346989188884,,-0.0007003893394670049,-0.0010693109968867907,,-0.0010280779250274028,0.000985030327181428,,-0.004165857425371455,,,,,-0.0012497572276114369,-0.005332297504475464,,-0.0007750432419295732,,,,,,,,,,,-0.0006967287680063759,-0.0006419298761407058,,-0.001025441827783743,-0.0010552039916508172,-0.0008987018265969884,0.0021734908306285856,,0.002050883655567486,,-0.0016945860713375414,-0.0022594480951167216,,,,-0.0023804899573551174,,-0.0006610286162572888,,0.002531153878706707,-0.001999611564178299,-0.0003233215784382824
908,2026-08-31,PGR,US7433151039,01334101,-0.000560115284083557,0.001809603225500723,-0.0007661346989188884,0.004650259451577439,0.002072136335936061,-0.0010693109968867907,-0.004760979914710235,-0.0010280779250274028,,,0.004165857425371455,,,,,-0.0012497572276114369,-0.005332297504475464,,,,,,,,,,-0.0029844948719079086,,,,0.0018864260039417912,0.0016874359191378049,0.003006934682974885,0.004122910441604739,0.0035080904634706995,-0.0007392279350012195,,,,,,-0.001075059980741021,0.0024091705592509624,0.0027021777894301337,0.002366404217962484,0.0019319918494476317,,,-0.0008600479845928167,,0.0003314500912574373
909,2026-08-31,PH,US7010941042,00835801,-0.000560115284083557,-0.0006115020073939752,-0.0007661346989188884,-0.0023947443882374837,-0.0007003893394670049,-0.0010693109968867907,-0.004760979914710235,,0.000985030327181428,,,,-0.0013886191417904852,,0.0012230040147879504,,,,,-0.0006032010751669077,,-0.0010150312508519282,,,,-0.000880886151620396,,-0.0006115020073939752,,-0.0006967287680063759,-0.0006419298761407058,-0.0008563646955795712,-0.001025441827783743,,-0.0008987018265969884,-0.0007392279350012195,,,,,-0.0022594480951167216,-0.001075059980741021,-0.0012267555608455822,-0.0013743034805349132,-0.0023804899573551174,-0.0006621230344961254,-0.0006610286162572888,,-0.0008600479845928167,,-0.0003915788774091567
910,2026-08-31,PHIA,NL0000009538,00854601W,-0.000560115284083557,0.001809603225500723,,,,-0.0010693109968867907,,,0.000985030327181428,,,,,,0.0012230040147879504,,,,0.0022722858683844305,-0.0006032010751669077,-0.0015322693978377768,0.002962387502486369,,,0.002596898135296492,,,0.0023804899573551174,,0.002050883655567486,0.0018864260039417912,-0.0008563646955795712,,0.004122910441604739,,0.0021734908306285856,0.005478387847063832,0.002050883655567486,,,0.002234202865003686,,,,0.002366404217962484,0.0019319918494476317,0.0019319918494476317,0.0022722858683844305,-0.0008600479845928167,,0.0006234883296467263
911,2026-08-31,PHM,US7458671010,00882301,,,,,,,,-0.0010280779250274028,,,,,-0.0013886191417904852,,,-0.0012497572276114369,,,-0.0007750432419295732,-0.0006032010751669077,-0.0015322693978377768,-0.0010150312508519282,,,-0.0013198756199196693,-0.000880886151620396,,-0.0006115020073939752,-0.006248786138057184,-0.0006967287680063759,-0.0006419298761407058,-0.0008563646955795712,,-0.0010552039916508172,,,-0.005554476567161941,,,,,,,,,,,0.0022722858683844305,,-0.001999611564178299,-0.0005574140633092857
912,2026-08-31,PHNX,GB00BGXQNP29,28815303W,-0.000560115284083557,0.001809603225500723,-0.0007661346989188884,,0.002072136335936061,-0.0010693109968867907,,-0.0010280779250274028,,0.0029191409696033557,,0.002816354315744083,,,,-0.0012497572276114369,0.001801451859620089,,,,0.0029844948719079086,,,,,,,,,0.002050883655567486,0.0018864260039417912,0.0016874359191378049,-0.001025441827783743,0.004122910441604739,-0.0008987018265969884,-0.0007392279350012195,,-0.002072136335936061,,,0.002234202865003686,-0.001075059980741021,-0.0012267555608455822,-0.0013743034805349132,0.002366404217962484,-0.0006621230344961254,-0.0006610286162572888,,-0.0008600479845928167,0.001970060654362856,0.00047536695894192973
913,2026-08-31,PHOE,IL0007670123,22489301W,-0.000560115284083557,-0.0006115020073939752,,,-0.0007003893394670049,,,,0.000985030327181428,0.0029191409696033557,,,,,,-0.0012497572276114369,,,-0.0007750432419295732,,,,,,,,,,,,0.0018864260039417912,0.0016874359191378049,0.003006934682974885,0.004122910441604739,0.0035080904634706995,0.0021734908306285856,,0.002050883655567486,,,,,,,,-0.0006621230344961254,,,-0.0008600479845928167,,0.0004100048773947085
914,2026-08-31,PKG,US6951561090,12897801,,,-0.0007661346989188884,,,-0.0010693109968867907,,0.0030297144911792407,,-0.002962387502486369,,,-0.0013886191417904852,,,-0.0012497572276114369,,,-0.0007750432419295732,-0.0006032010751669077,0.0029844948719079086,-0.0010150312508519282,,,-0.0013198756199196693,-0.000880886151620396,,0.0023804899573551174,-0.006248786138057184,-0.0006967287680063759,-0.0006419298761407058,,,,,,,,-0.0024839895207183836,-0.0016945860713375414,,,,,,-0.0006621230344961254,-0.0006610286162572888,-0.0011591951096685791,,,-0.00011117863962873253
915,2026-08-31,PLD,US74340W1036,02998401,0.0016525715406432223,,,,,,,,,,,,,,,,,,,,,,,,,,,-0.0006115020073939752,,,,,,-0.0010552039916508172,-0.0008987018265969884,,,,,0.0016803458522506713,,,,,-0.0023804899573551174,-0.0006621230344961254,-0.0006610286162572888,-0.0011591951096685791,,,-0.0001728450764674283
916,2026-08-31,PLS,AU000000PLS0,28694501W,0.0016525715406432223,0.001809603225500723,,,0.002072136335936061,-0.0010693109968867907,,-0.0010280779250274028,,,,,,,,-0.0012497572276114369,,,-0.0007750432419295732,-0.0006032010751669077,-0.0015322693978377768,-0.0010150312508519282,,,-0.0013198756199196693,-0.000880886151620396,,,,-0.0006967287680063759,-0.0006419298761407058,-0.0008563646955795712,,,,0.0021734908306285856,,,,-0.0016945860713375414,,-0.001075059980741021,-0.0012267555608455822,,,-0.0006621230344961254,-0.0006610286162572888,-0.0011591951096685791,,,-0.0003546121706744356
917,2026-08-31,PLTR,US69608A1088,03691001,-0.000560115284083557,0.001809603225500723,-0.0007661346989188884,,-0.0007003893394670049,,,,,,-0.004165857425371455,,,,,,,,0.0022722858683844305,-0.0006032010751669077,,,,,0.002596898135296492,0.003447606145134998,0.00588121048287735,0.0023804899573551174,,-0.0006967287680063759,,-0.0008563646955795712,,,,-0.0007392279350012195,,,,,,-0.001075059980741021,,,,,,,,-0.001999611564178299,-0.00016968390888765102
918,2026-08-31,PM,US7181721090,17962101,,-0.0006115020073939752,,-0.0023947443882374837,,,,,,,,,,-0.002666148752237732,0.0012230040147879504,,-0.005332297504475464,,0.0022722858683844305,0.002366404217962484,,,,,0.002596898135296492,,,0.0023804899573551174,,,,-0.0008563646955795712,,,,,,,,0.0016803458522506713,-0.0022594480951167216,,-0.0012267555608455822,-0.0013743034805349132,-0.0023804899573551174,-0.0006621230344961254,-0.0006610286162572888,-0.0011591951096685791,-0.0008600479845928167,,-0.00027772135200571123
919,2026-08-31,PME,AU000000PME8,24233301W,-0.000560115284083557,-0.0006115020073939752,,,,-0.0010693109968867907,,,0.000985030327181428,,,,,,0.0012230040147879504,,,,0.0022722858683844305,0.002366404217962484,-0.0015322693978377768,-0.0010150312508519282,,,0.002596898135296492,,,-0.0006115020073939752,,,,-0.0008563646955795712,,-0.0010552039916508172,,-0.0007392279350012195,,,,-0.0016945860713375414,-0.0022594480951167216,,-0.0012267555608455822,-0.0013743034805349132,-0.0023804899573551174,-0.0006621230344961254,-0.0006610286162572888,-0.0011591951096685791,-0.0008600479845928167,-0.001999611564178299,-0.0002583135593677966
920,2026-08-31,PNC,US6934751057,00824501,,-0.0006115020073939752,-0.0007661346989188884,,-0.0007003893394670049,,,,0.000985030327181428,,,-0.002836328459827374,,,,-0.0012497572276114369,0.001801451859620089,,,,,,,,,,,,,,,-0.0008563646955795712,-0.001025441827783743,,-0.0008987018265969884,,,,,,,,,,,,,,,,-0.00012696815203205292
921,2026-08-31,PNDORA,DK0060252690,29552601W,0.0016525715406432223,0.001809603225500723,-0.0007661346989188884,,0.002072136335936061,,,-0.0010280779250274028,,,,,-0.0013886191417904852,0.002666148752237732,,0.0037728520078835824,,0.0023251297257887195,-0.0007750432419295732,0.002366404217962484,-0.0015322693978377768,-0.0010150312508519282,,,-0.0013198756199196693,-0.000880886151620396,,-0.0006115020073939752,,,-0.0006419298761407058,,,-0.0010552039916508172,,-0.0007392279350012195,0.005478387847063832,,,-0.0016945860713375414,,,,,,0.0019319918494476317,0.0019319918494476317,0.0022722858683844305,,0.001970060654362856,0.00038911562009711866
922,2026-08-31,POLI,IL0006625771,03057902W,-0.000560115284083557,-0.0006115020073939752,-0.0007661346989188884,,-0.0007003893394670049,-0.0010693109968867907,,,0.000985030327181428,,,0.002816354315744083,,,,0.0037728520078835824,0.001801451859620089,,,,0.0029844948719079086,,,,,,,,,,,,0.003006934682974885,,0.0035080904634706995,,,,,,,,0.0024091705592509624,0.0027021777894301337,,,,,0.002531153878706707,,0.0008142819652833551
923,2026-08-31,POW,CA7392391016,00870201C,0.0016525715406432223,,-0.0007661346989188884,,,,,-0.0010280779250274028,0.000985030327181428,0.0029191409696033557,0.004165857425371455,,,,,-0.0012497572276114369,,,-0.0007750432419295732,,-0.0015322693978377768,,,,,,,,,,-0.0006419298761407058,0.0016874359191378049,-0.001025441827783743,,-0.0008987018265969884,-0.0007392279350012195,,,,0.0016803458522506713,,,-0.0012267555608455822,-0.0013743034805349132,0.002366404217962484,-0.0006621230344961254,,,-0.0008600479845928167,0.001970060654362856,7.275944147223167e-05
924,2026-08-31,PPG,US6935061076,00824701,-0.000560115284083557,-0.0006115020073939752,-0.0007661346989188884,-0.0023947443882374837,-0.0007003893394670049,,,-0.0010280779250274028,,-0.002962387502486369,,-0.002836328459827374,,,,-0.0012497572276114369,,,-0.0007750432419295732,-0.0006032010751669077,,-0.0010150312508519282,,,,-0.000880886151620396,,0.0023804899573551174,,,,,,,,,,,-0.0024839895207183836,,,,,,,-0.0006621230344961254,-0.0006610286162572888,,,,-0.0005064892169444019
925,2026-08-31,PPL,CA7063271034,13061801C,-0.000560115284083557,,-0.0007661346989188884,,-0.0007003893394670049,-0.0010693109968867907,,-0.0010280779250274028,0.000985030327181428,,,,,-0.002666148752237732,0.0012230040147879504,,-0.005332297504475464,-0.002338726975647133,-0.0007750432419295732,,,-0.0010150312508519282,,,,,,-0.0006115020073939752,,,,,,,,,,,,,-0.0022594480951167216,-0.001075059980741021,,,-0.0023804899573551174,-0.0006621230344961254,-0.0006610286162572888,-0.0011591951096685791,-0.0008600479845928167,,-0.0005902771182247341
926,2026-08-31,PPL,US69351T1060,00845501,-0.000560115284083557,-0.0006115020073939752,,-0.0023947443882374837,-0.0007003893394670049,,,-0.0010280779250274028,,,,,,,,,,,,-0.0006032010751669077,,-0.0010150312508519282,,-0.009998057820891495,,,-0.0029844948719079086,,,,,,-0.001025441827783743,-0.0010552039916508172,-0.0008987018265969884,,,,,,,,,,,-0.0006621230344961254,-0.0006610286162572888,-0.0011591951096685791,-0.0008600479845928167,,-0.0003774505677688872
927,2026-08-31,PRU,GB0007099541,01578201W,-0.000560115284083557,-0.0006115020073939752,0.0022594480951167216,,-0.0007003893394670049,0.00209383409861602,,,0.000985030327181428,0.0029191409696033557,,,,,,-0.0012497572276114369,,,0.0022722858683844305,,-0.0015322693978377768,,,,,,,,,0.002050883655567486,0.0018864260039417912,0.0016874359191378049,-0.001025441827783743,0.004122910441604739,-0.0008987018265969884,-0.0007392279350012195,,-0.002072136335936061,,,,0.002115991073204549,0.0024091705592509624,0.0027021777894301337,,-0.0006621230344961254,-0.0006610286162572888,,-0.0008600479845928167,,0.00020829129688742593
928,2026-08-31,PRU,US7443201022,14335601,-0.000560115284083557,-0.0006115020073939752,0.0022594480951167216,,,-0.0010693109968867907,-0.004760979914710235,,0.000985030327181428,,,,,,,-0.0012497572276114369,,,-0.0007750432419295732,,-0.0015322693978377768,,,,,,,,,,0.0018864260039417912,0.0016874359191378049,-0.001025441827783743,0.004122910441604739,-0.0008987018265969884,0.0021734908306285856,,0.002050883655567486,-0.0024839895207183836,0.0016803458522506713,,-0.001075059980741021,,,0.002366404217962484,0.0019319918494476317,0.0019319918494476317,,,0.001970060654362856,0.00010023838429482627
929,2026-08-31,PRX,NL0013654783,33364502W,-0.000560115284083557,-0.0006115020073939752,0.0022594480951167216,,-0.0007003893394670049,,,-0.0010280779250274028,,,,,,-0.002666148752237732,,-0.0012497572276114369,,-0.002338726975647133,-0.0007750432419295732,-0.0006032010751669077,-0.0015322693978377768,0.002962387502486369,,,,,,-0.0006115020073939752,,-0.0006967287680063759,-0.0006419298761407058,,0.003006934682974885,0.004122910441604739,,-0.0007392279350012195,,,,0.0016803458522506713,,,,,,-0.0006621230344961254,-0.0006610286162572888,-0.0011591951096685791,,-0.001999611564178299,-0.0003296257297700127
930,2026-08-31,PRY,IT0004176001,28452101W,0.0016525715406432223,,,,,0.00209383409861602,,,,,,,0.0024839895207183836,,0.0012230040147879504,,,,,-0.0006032010751669077,,0.002962387502486369,,,0.002596898135296492,-0.000880886151620396,,-0.0006115020073939752,,0.002050883655567486,0.0018864260039417912,0.0016874359191378049,,,-0.0008987018265969884,,,,,,,,,,,-0.0006621230344961254,,,-0.0008600479845928167,,8.01747367662444e-05
931,2026-08-31,PSA,US74460D1090,01009601,-0.000560115284083557,,,,,,,,,,,,,0.002666148752237732,,,,0.0023251297257887195,,,,,,,,,,-0.0006115020073939752,,,,-0.0008563646955795712,-0.001025441827783743,-0.0010552039916508172,-0.0008987018265969884,,,,,,,-0.001075059980741021,,,-0.0023804899573551174,-0.0006621230344961254,-0.0006610286162572888,,,,-9.570270802125644e-05
932,2026-08-31,PSON,GB0006776081,10057201W,-0.000560115284083557,-0.0006115020073939752,-0.0007661346989188884,,-0.0007003893394670049,,,-0.0010280779250274028,,,0.004165857425371455,,,,,-0.0012497572276114369,,-0.002338726975647133,-0.0007750432419295732,-0.0006032010751669077,,-0.0010150312508519282,,,-0.0013198756199196693,-0.000880886151620396,,-0.0006115020073939752,,-0.0006967287680063759,-0.0006419298761407058,,-0.001025441827783743,-0.0010552039916508172,,,0.005478387847063832,,,-0.0016945860713375414,,,,,,,0.0019319918494476317,0.0022722858683844305,,,0.00019317563099798687
933,2026-08-31,PST,IT0003796171,23332001W,,,-0.0007661346989188884,,,-0.0010693109968867907,,-0.0010280779250274028,,,,,,,,-0.0012497572276114369,0.001801451859620089,,-0.0007750432419295732,,,,,,,,,,,-0.0006967287680063759,-0.0006419298761407058,,,-0.0010552039916508172,0.0035080904634706995,-0.0007392279350012195,,,,,,,,,,-0.0006621230344961254,,,,0.001970060654362856,-4.457152349338208e-05
934,2026-08-31,PSTG,US74624M1027,02575601,-0.000560115284083557,,,,-0.0007003893394670049,-0.0010693109968867907,,-0.0010280779250274028,,,,,-0.0013886191417904852,0.002666148752237732,,,,0.0023251297257887195,-0.0007750432419295732,-0.0006032010751669077,,,,,,-0.000880886151620396,-0.0029844948719079086,-0.0006115020073939752,,-0.0006967287680063759,-0.0006419298761407058,,,,,-0.0007392279350012195,,-0.002072136335936061,,-0.0016945860713375414,,-0.001075059980741021,,,,,,,,0.001970060654362856,-0.00020289008156963942
935,2026-08-31,PSX,US7185461040,17084101,0.0016525715406432223,,0.0022594480951167216,0.004650259451577439,0.002072136335936061,0.00209383409861602,0.004544571736768861,-0.0010280779250274028,0.000985030327181428,,,0.002816354315744083,-0.0013886191417904852,0.002666148752237732,0.0012230040147879504,,,0.0023251297257887195,,,,0.002962387502486369,,,,,,-0.0006115020073939752,,,,,,,,,,,0.004818341118501925,,,0.002115991073204549,,,0.002366404217962484,-0.0006621230344961254,-0.0006610286162572888,-0.0011591951096685791,-0.0008600479845928167,,0.0004912146571788065
936,2026-08-31,PTC,US69370C1009,01869901,,,-0.0007661346989188884,0.004650259451577439,0.002072136335936061,-0.0010693109968867907,,-0.0010280779250274028,,,0.004165857425371455,-0.002836328459827374,,,,,,,0.0022722858683844305,-0.0006032010751669077,,,,,0.002596898135296492,0.003447606145134998,,-0.0006115020073939752,,0.002050883655567486,0.0018864260039417912,0.0016874359191378049,,,,,,,-0.0024839895207183836,,,,,,,,,,,,0.000265686328182985
937,2026-08-31,PUB,FR0000130577,10129202W,,-0.0006115020073939752,-0.0007661346989188884,,-0.0007003893394670049,,,-0.0010280779250274028,,0.0029191409696033557,,-0.002836328459827374,,,,,,,,,-0.0015322693978377768,,,,,-0.000880886151620396,,,,,-0.0006419298761407058,,,,,,,,,,0.002234202865003686,,,,,,0.0019319918494476317,0.0022722858683844305,,,-7.028083888922657e-05
938,2026-08-31,PWR,US74762E1029,06644601,0.0016525715406432223,0.001809603225500723,,0.004650259451577439,0.002072136335936061,-0.0010693109968867907,,,,,,,-0.0013886191417904852,0.002666148752237732,0.0012230040147879504,,,0.0023251297257887195,,-0.0006032010751669077,,-0.0010150312508519282,,,,0.003447606145134998,,-0.0006115020073939752,-0.006248786138057184,-0.0006967287680063759,-0.0006419298761407058,,-0.001025441827783743,,-0.0008987018265969884,-0.0007392279350012195,,,,,,-0.001075059980741021,-0.0012267555608455822,-0.0013743034805349132,,-0.0006621230344961254,-0.0006610286162572888,-0.0011591951096685791,-0.0008600479845928167,,-0.00013332629155081048
939,2026-08-31,PYPL,US70450Y1038,02461601,-0.000560115284083557,-0.0006115020073939752,,,-0.0007003893394670049,,,0.0030297144911792407,-0.0029191409696033557,,,,-0.0013886191417904852,,,-0.0012497572276114369,-0.005332297504475464,,-0.0007750432419295732,,,,,,,,,,,-0.0006967287680063759,-0.0006419298761407058,0.0016874359191378049,,-0.0010552039916508172,,,,0.002050883655567486,,,,,0.0024091705592509624,,,0.0019319918494476317,0.0019319918494476317,,0.002531153878706707,,0.00010386401374233617
940,2026-08-31,QAN,AU000000QAN2,22024401W,-0.000560115284083557,,,,0.002072136335936061,,,,-0.0029191409696033557,,,,-0.0013886191417904852,0.002666148752237732,-0.003602903719240178,,,0.0023251297257887195,,0.002366404217962484,,,,,,-0.000880886151620396,,-0.0006115020073939752,,0.002050883655567486,0.0018864260039417912,0.0016874359191378049,,,,-0.0007392279350012195,,-0.002072136335936061,,,0.002234202865003686,0.002115991073204549,0.0024091705592509624,0.0027021777894301337,0.002366404217962484,0.0019319918494476317,-0.0006610286162572888,-0.0011591951096685791,0.002531153878706707,0.001970060654362856,0.00042548454679805416
941,2026-08-31,QBE,AU000000QBE9,01575601W,-0.000560115284083557,,,,0.002072136335936061,-0.0010693109968867907,,-0.0010280779250274028,0.000985030327181428,,0.004165857425371455,0.002816354315744083,,,,-0.0012497572276114369,,,,,,,,,,,,,,,,,,0.004122910441604739,-0.0008987018265969884,0.0021734908306285856,,0.002050883655567486,,,-0.0022594480951167216,-0.001075059980741021,,,0.002366404217962484,0.0019319918494476317,0.0019319918494476317,,-0.0008600479845928167,,0.0005662078824698696
942,2026-08-31,QCOM,US7475251036,02480001,-0.000560115284083557,-0.0006115020073939752,-0.0007661346989188884,-0.0023947443882374837,-0.0007003893394670049,-0.0010693109968867907,,-0.0010280779250274028,,,,0.002816354315744083,-0.0013886191417904852,,,,,,-0.0007750432419295732,-0.0006032010751669077,,,,,-0.0013198756199196693,-0.000880886151620396,-0.0029844948719079086,-0.0006115020073939752,,-0.0006967287680063759,-0.0006419298761407058,,,,,-0.0007392279350012195,,,0.004818341118501925,0.0016803458522506713,,,,,,,,,,,-6.961346291787207e-05
943,2026-08-31,QSR,CA76131D1033,16447102C,,,-0.0007661346989188884,,,,,-0.0010280779250274028,,,-0.004165857425371455,,,,,-0.0012497572276114369,,-0.002338726975647133,,-0.0006032010751669077,,,,-0.009998057820891495,,0.003447606145134998,,-0.0006115020073939752,,-0.0006967287680063759,-0.0006419298761407058,-0.0008563646955795712,,-0.0010552039916508172,,,,,,,,,,,,-0.0006621230344961254,,,,0.001970060654362856,-0.000522175337845537
944,2026-08-31,RAA,DE0007010803,24441701W,-0.000560115284083557,-0.0006115020073939752,-0.0007661346989188884,,-0.0007003893394670049,-0.0010693109968867907,,,,,,,-0.0013886191417904852,,0.0012230040147879504,,,,,0.002366404217962484,,-0.0010150312508519282,,,,-0.000880886151620396,,-0.0006115020073939752,,-0.0006967287680063759,-0.0006419298761407058,-0.0008563646955795712,-0.001025441827783743,,-0.0008987018265969884,-0.0007392279350012195,,,,-0.0016945860713375414,-0.0022594480951167216,-0.001075059980741021,,-0.0013743034805349132,-0.0023804899573551174,-0.0006621230344961254,-0.0006610286162572888,,-0.0008600479845928167,-0.001999611564178299,-0.0002037076303565664
945,2026-08-31,RACE,NL0011585146,02546601W,,,-0.0007661346989188884,,,,,,,,,,-0.0013886191417904852,,,-0.0012497572276114369,,,-0.0007750432419295732,0.002366404217962484,,,,,,0.003447606145134998,,-0.0006115020073939752,,-0.0006967287680063759,-0.0006419298761407058,-0.0008563646955795712,0.003006934682974885,-0.0010552039916508172,,-0.0007392279350012195,,,,,-0.0022594480951167216,,,,,-0.0006621230344961254,-0.0006610286162572888,,,,-4.3257522025821654e-05
946,2026-08-31,RBA,CA74935Q1072,06560501,-0.000560115284083557,-0.0006115020073939752,-0.0007661346989188884,-0.0023947443882374837,-0.0007003893394670049,,,,0.000985030327181428,,,,,-0.002666148752237732,,,,-0.002338726975647133,,-0.0006032010751669077,,-0.0010150312508519282,,,-0.0013198756199196693,-0.000880886151620396,-0.0029844948719079086,-0.0006115020073939752,,-0.0006967287680063759,-0.0006419298761407058,,-0.001025441827783743,,-0.0008987018265969884,-0.0007392279350012195,,,-0.0024839895207183836,,,-0.001075059980741021,-0.0012267555608455822,-0.0013743034805349132,,-0.0006621230344961254,-0.0006610286162572888,,-0.0008600479845928167,,-0.00032455095891618794
947,2026-08-31,RBI,AT0000606306,27281701W,0.0016525715406432223,,-0.0007661346989188884,,0.002072136335936061,0.00209383409861602,,-0.0010280779250274028,,,-0.004165857425371455,0.002816354315744083,-0.0013886191417904852,,,0.0037728520078835824,0.001801451859620089,,-0.0007750432419295732,,,,,,,,,,,,-0.0006419298761407058,-0.0008563646955795712,-0.001025441827783743,,-0.0008987018265969884,,,,,,,,-0.0012267555608455822,-0.0013743034805349132,,,,,0.002531153878706707,,7.529352510933462e-05
948,2026-08-31,RBLX,US7710491033,03745301,0.0016525715406432223,,0.0022594480951167216,,,,,0.0030297144911792407,,,,,,,,,,,,,0.0029844948719079086,,,,,-0.000880886151620396,,,,,-0.0006419298761407058,,,,,,,,,-0.0016945860713375414,,,,,,-0.0006621230344961254,,0.0022722858683844305,,,0.00035973099618846484
949,2026-08-31,RCI.B,CA7751092007,00921501C,-0.000560115284083557,-0.0006115020073939752,-0.0007661346989188884,,-0.0007003893394670049,-0.0010693109968867907,,,,-0.002962387502486369,,-0.002836328459827374,,,,,,,,,0.0029844948719079086,,,,,-0.000880886151620396,,,,,0.0018864260039417912,0.0016874359191378049,,,,,,,,,0.002234202865003686,,,,,-0.0006621230344961254,,-0.0011591951096685791,,,-3.351199861383344e-05
950,2026-08-31,RCL,LR0008862868,02819101,,,-0.0007661346989188884,,0.002072136335936061,,0.004544571736768861,,,,0.004165857425371455,,,,,-0.0012497572276114369,,-0.002338726975647133,0.0022722858683844305,-0.0006032010751669077,0.0029844948719079086,,0.010524271390412098,0.008887162507459107,0.002596898135296492,-0.000880886151620396,-0.0029844948719079086,-0.0006115020073939752,,,0.0018864260039417912,-0.0008563646955795712,0.003006934682974885,0.004122910441604739,,-0.0007392279350012195,,,,,,,,,,-0.0006621230344961254,-0.0006610286162572888,-0.0011591951096685791,,,0.0006272293937534968
951,2026-08-31,RDDT,US75734B1008,04509701,0.0016525715406432223,0.001809603225500723,,0.004650259451577439,0.002072136335936061,0.00209383409861602,0.004544571736768861,0.0030297144911792407,,0.0029191409696033557,,,,,,,,,,,-0.0015322693978377768,,,-0.009998057820891495,,-0.000880886151620396,,,,,,,,,,,,,,-0.0016945860713375414,-0.0022594480951167216,,,,,-0.0006621230344961254,-0.0006610286162572888,,,,0.0002192117902841768
952,2026-08-31,REA,AU000000REA9,24801501W,-0.000560115284083557,,,,-0.0007003893394670049,-0.0010693109968867907,,-0.0010280779250274028,,0.0029191409696033557,,-0.002836328459827374,,,,,,,,,-0.0015322693978377768,,,,,,,,,,-0.0006419298761407058,-0.0008563646955795712,,,,,,,,-0.0016945860713375414,-0.0022594480951167216,,,,,-0.0006621230344961254,-0.0006610286162572888,-0.0011591951096685791,,,-0.00040096142177405456
953,2026-08-31,REC,IT0003828271,10242901W,,-0.0006115020073939752,,,,,,,0.000985030327181428,,,,,,0.0012230040147879504,,,,,-0.0006032010751669077,-0.0015322693978377768,,,,,,,-0.0006115020073939752,,,,,,-0.0010552039916508172,,-0.0007392279350012195,,,,-0.0016945860713375414,,0.002115991073204549,,,,-0.0006621230344961254,-0.0006610286162572888,,,,-0.0001656134989717963
954,2026-08-31,RED,ES0173093024,23411701W,-0.000560115284083557,-0.0006115020073939752,,,,-0.0010693109968867907,,-0.0010280779250274028,,,,-0.002836328459827374,,-0.002666148752237732,-0.003602903719240178,,,-0.002338726975647133,-0.0007750432419295732,-0.0006032010751669077,,-0.0010150312508519282,,,,,,,,-0.0006967287680063759,,,-0.001025441827783743,-0.0010552039916508172,-0.0008987018265969884,,,,,-0.0016945860713375414,,,,,-0.0023804899573551174,,-0.0006610286162572888,-0.0011591951096685791,0.002531153878706707,,-0.0005117245608797388
955,2026-08-31,REG,US7588491032,02909901,-0.000560115284083557,,,,,,,,,,,,,,,,,,,,,,,,,,,-0.0006115020073939752,,,,,0.003006934682974885,-0.0010552039916508172,0.0035080904634706995,,,,,-0.0016945860713375414,,,,,,-0.0006621230344961254,-0.0006610286162572888,-0.0011591951096685791,,,3.065040016556964e-05
956,2026-08-31,REGN,US75886F1075,02381201,0.0016525715406432223,0.001809603225500723,,,,0.00209383409861602,0.004544571736768861,,0.000985030327181428,,,,,,,,,-0.002338726975647133,-0.0007750432419295732,-0.0006032010751669077,,-0.0010150312508519282,,,,,,-0.0006115020073939752,,-0.0006967287680063759,-0.0006419298761407058,,,-0.0010552039916508172,,-0.0007392279350012195,,,0.004818341118501925,,,0.002115991073204549,0.0024091705592509624,0.0027021777894301337,,,,0.0022722858683844305,0.002531153878706707,-0.001999611564178299,0.00031066744325752925
957,2026-08-31,REL,GB00B2B0DG97,10033801W,-0.000560115284083557,-0.0006115020073939752,-0.0007661346989188884,,-0.0007003893394670049,,,,0.000985030327181428,-0.002962387502486369,,,-0.0013886191417904852,0.002666148752237732,0.0012230040147879504,,,,,0.002366404217962484,,,,,0.002596898135296492,0.003447606145134998,,-0.0006115020073939752,,,,-0.0008563646955795712,-0.001025441827783743,,-0.0008987018265969884,-0.0007392279350012195,,,,,,,,,,-0.0006621230344961254,,,,0.001970060654362856,-1.5671841321241426e-05
958,2026-08-31,REP,ES0173516115,01531901W,0.0016525715406432223,,-0.0007661346989188884,,0.002072136335936061,0.00209383409861602,,-0.0010280779250274028,,,,,0.0024839895207183836,,0.0012230040147879504,,0.001801451859620089,,-0.0007750432419295732,,,-0.0010150312508519282,,,,,,-0.0006115020073939752,,,,,,,,,,,,,0.002234202865003686,,,,0.002366404217962484,0.0019319918494476317,-0.0006610286162572888,-0.0011591951096685791,-0.0008600479845928167,,0.00011621770415096543
959,2026-08-31,RF,US7591EP1005,00467401,-0.000560115284083557,-0.0006115020073939752,,,-0.0007003893394670049,,,0.0030297144911792407,,0.0029191409696033557,,-0.002836328459827374,,,,-0.0012497572276114369,0.001801451859620089,,-0.0007750432419295732,,,,,,,,,,,,,,-0.001025441827783743,,-0.0008987018265969884,,,,-0.0024839895207183836,,,,,,,,,,0.002531153878706707,,0.00010378256397563948
960,2026-08-31,RHM,DE0007030009,10031201W,-0.000560115284083557,-0.0006115020073939752,-0.0007661346989188884,,-0.0007003893394670049,0.00209383409861602,,,-0.0029191409696033557,0.0029191409696033557,,,0.0024839895207183836,,-0.003602903719240178,,,,,-0.0006032010751669077,,-0.0010150312508519282,,,,,,-0.0006115020073939752,,,,,0.003006934682974885,,0.0035080904634706995,-0.0007392279350012195,,,,,,0.002115991073204549,-0.0012267555608455822,-0.0013743034805349132,-0.0023804899573551174,-0.0006621230344961254,-0.0006610286162572888,-0.0011591951096685791,-0.0008600479845928167,,-4.963732317638286e-05
961,2026-08-31,RI,FR0000120693,10139601W,-0.000560115284083557,-0.0006115020073939752,,,,-0.0010693109968867907,,,,,,-0.002836328459827374,-0.0013886191417904852,-0.002666148752237732,,,0.001801451859620089,-0.002338726975647133,0.0022722858683844305,-0.0006032010751669077,,,,,,,,-0.0006115020073939752,,,0.0018864260039417912,-0.0008563646955795712,,,,-0.0007392279350012195,-0.005554476567161941,,,,,-0.001075059980741021,0.0024091705592509624,0.0027021777894301337,,-0.0006621230344961254,-0.0006610286162572888,-0.0011591951096685791,0.002531153878706707,,-0.00024327358202469245
962,2026-08-31,RIO,AU000000RIO1,01956515W,-0.000560115284083557,-0.0006115020073939752,-0.0007661346989188884,,-0.0007003893394670049,,,-0.0010280779250274028,,,,0.002816354315744083,,,,-0.0012497572276114369,,,-0.0007750432419295732,-0.0006032010751669077,-0.0015322693978377768,,,,,-0.000880886151620396,,-0.0006115020073939752,,,-0.0006419298761407058,,,,,-0.0007392279350012195,,,,0.0016803458522506713,,,,,,,-0.0006610286162572888,-0.0011591951096685791,,,-0.00020600506212865827
963,2026-08-31,RIO,GB0007188757,01956501W,-0.000560115284083557,-0.0006115020073939752,-0.0007661346989188884,,-0.0007003893394670049,,,-0.0010280779250274028,,,,0.002816354315744083,,,,-0.0012497572276114369,,,-0.0007750432419295732,-0.0006032010751669077,-0.0015322693978377768,,,,,-0.000880886151620396,,-0.0006115020073939752,,,,,,,,-0.0007392279350012195,,,,0.0016803458522506713,,0.002115991073204549,0.0024091705592509624,,,0.0019319918494476317,-0.0006610286162572888,-0.0011591951096685791,,,-5.6066276837800454e-05
964,2026-08-31,RIVN,US76954A1034,03981101,0.0016525715406432223,-0.0006115020073939752,0.0022594480951167216,-0.0023947443882374837,-0.0007003893394670049,,,,,,,,0.0024839895207183836,,,-0.0012497572276114369,,-0.002338726975647133,0.0022722858683844305,-0.0006032010751669077,0.0029844948719079086,-0.0010150312508519282,0.010524271390412098,,0.002596898135296492,-0.000880886151620396,-0.0029844948719079086,0.0023804899573551174,,0.002050883655567486,0.0018864260039417912,-0.0008563646955795712,,0.004122910441604739,,-0.0007392279350012195,0.005478387847063832,-0.002072136335936061,,,,,,,,-0.0006621230344961254,-0.0006610286162572888,-0.0011591951096685791,,,0.00031235271688403093
965,2026-08-31,RJF,US7547301090,00889801,0.0016525715406432223,-0.0006115020073939752,,,-0.0007003893394670049,0.00209383409861602,0.004544571736768861,,,,,-0.002836328459827374,0.0024839895207183836,,,-0.0012497572276114369,0.001801451859620089,,-0.0007750432419295732,,-0.0015322693978377768,,,,,,,,,-0.0006967287680063759,-0.0006419298761407058,,-0.001025441827783743,-0.0010552039916508172,-0.0008987018265969884,,,,-0.0024839895207183836,,,0.002115991073204549,,,,,,,-0.0008600479845928167,,-0.0001648261169957789
966,2026-08-31,RKLB,US7731211089,03950301,-0.000560115284083557,-0.0006115020073939752,-0.0007661346989188884,-0.0023947443882374837,-0.0007003893394670049,,,,-0.0029191409696033557,0.0029191409696033557,,,,-0.002666148752237732,-0.003602903719240178,,,-0.002338726975647133,,-0.0006032010751669077,,-0.0010150312508519282,,,0.002596898135296492,-0.000880886151620396,-0.0029844948719079086,0.0023804899573551174,-0.006248786138057184,-0.0006967287680063759,-0.0006419298761407058,-0.0008563646955795712,,,,-0.0007392279350012195,,,-0.0024839895207183836,-0.0016945860713375414,-0.0022594480951167216,,-0.0012267555608455822,-0.0013743034805349132,-0.0023804899573551174,-0.0006621230344961254,-0.0006610286162572888,-0.0011591951096685791,-0.0008600479845928167,-0.001999611564178299,-0.0004705660116208764
967,2026-08-31,RKT,US77311W1018,03672201,-0.000560115284083557,-0.0006115020073939752,,-0.0023947443882374837,-0.0007003893394670049,0.00209383409861602,0.004544571736768861,-0.0010280779250274028,,-0.002962387502486369,,,0.0024839895207183836,,,-0.0012497572276114369,-0.005332297504475464,,-0.0007750432419295732,,-0.0015322693978377768,,,,,,-0.0029844948719079086,,,-0.0006967287680063759,-0.0006419298761407058,-0.0008563646955795712,,-0.0010552039916508172,,0.0021734908306285856,,0.002050883655567486,-0.0024839895207183836,,,-0.001075059980741021,-0.0012267555608455822,0.0027021777894301337,0.002366404217962484,-0.0006621230344961254,-0.0006610286162572888,,-0.0008600479845928167,-0.001999611564178299,-0.000260740080505331
968,2026-08-31,RMD,US7611521078,03188701,-0.000560115284083557,,,,,0.00209383409861602,0.004544571736768861,,0.000985030327181428,,,,,,0.0012230040147879504,,,,-0.0007750432419295732,0.002366404217962484,,,,,,,,-0.0006115020073939752,-0.006248786138057184,,,,,-0.0010552039916508172,,-0.0007392279350012195,0.005478387847063832,,-0.0024839895207183836,,,0.002115991073204549,,,,,,0.0022722858683844305,-0.0008600479845928167,-0.001999611564178299,0.00030664814746719977
969,2026-08-31,RMS,FR0000052292,20305301W,-0.000560115284083557,-0.0006115020073939752,-0.0007661346989188884,,-0.0007003893394670049,,,-0.0010280779250274028,,,0.004165857425371455,,0.0024839895207183836,-0.002666148752237732,,0.0037728520078835824,,-0.002338726975647133,-0.0007750432419295732,-0.0006032010751669077,,,,,,-0.000880886151620396,,-0.0006115020073939752,,-0.0006967287680063759,-0.0006419298761407058,-0.0008563646955795712,-0.001025441827783743,-0.0010552039916508172,,-0.0007392279350012195,,,,,-0.0022594480951167216,,,,,-0.0006621230344961254,-0.0006610286162572888,,,-0.001999611564178299,-9.001364646782588e-05
970,2026-08-31,RNO,FR0000131906,21047901W,-0.000560115284083557,-0.0006115020073939752,-0.0007661346989188884,,-0.0007003893394670049,,,-0.0010280779250274028,,,-0.004165857425371455,,,,,-0.0012497572276114369,,0.0023251297257887195,0.0022722858683844305,-0.0006032010751669077,,-0.0010150312508519282,,,0.002596898135296492,-0.000880886151620396,,0.0023804899573551174,,0.002050883655567486,0.0018864260039417912,0.0016874359191378049,0.003006934682974885,-0.0010552039916508172,,0.0021734908306285856,0.005478387847063832,0.002050883655567486,,0.0016803458522506713,0.002234202865003686,,,,,,0.0019319918494476317,0.0022722858683844305,,0.001970060654362856,0.0004359001536124775
971,2026-08-31,RO,CH0012032113,02564804W,-0.000560115284083557,-0.0006115020073939752,,,,-0.0010693109968867907,,,-0.0029191409696033557,,,,,,,,,0.0023251297257887195,0.0022722858683844305,0.002366404217962484,-0.0015322693978377768,,,,0.002596898135296492,,,-0.0006115020073939752,,,,-0.0008563646955795712,,-0.0010552039916508172,,-0.0007392279350012195,,,,0.0016803458522506713,,,,,,,-0.0006610286162572888,,,0.001970060654362856,-2.383260933023595e-05
972,2026-08-31,ROK,US7739031091,00920301,,0.001809603225500723,,,,-0.0010693109968867907,,,0.000985030327181428,,,,0.0024839895207183836,,0.0012230040147879504,,,,,-0.0006032010751669077,,0.002962387502486369,,,,-0.000880886151620396,,0.0023804899573551174,0.0061526509667024585,-0.0006967287680063759,-0.0006419298761407058,,-0.001025441827783743,,-0.0008987018265969884,-0.0007392279350012195,,,-0.0024839895207183836,,,-0.001075059980741021,-0.0012267555608455822,-0.0013743034805349132,-0.0023804899573551174,-0.0006621230344961254,-0.0006610286162572888,-0.0011591951096685791,-0.0008600479845928167,,-0.00015107369888143023
973,2026-08-31,ROL,US7757111049,00922501,-0.000560115284083557,-0.0006115020073939752,-0.0007661346989188884,-0.0023947443882374837,-0.0007003893394670049,-0.0010693109968867907,-0.004760979914710235,,0.000985030327181428,,,,,,0.0012230040147879504,,,,,0.002366404217962484,,-0.0010150312508519282,,,,-0.000880886151620396,-0.0029844948719079086,-0.0006115020073939752,,-0.0006967287680063759,-0.0006419298761407058,,-0.001025441827783743,,-0.0008987018265969884,-0.0007392279350012195,,,,-0.0016945860713375414,-0.0022594480951167216,-0.001075059980741021,-0.0012267555608455822,-0.0013743034805349132,,-0.0006621230344961254,-0.0006610286162572888,-0.0011591951096685791,-0.0008600479845928167,,-0.0002896795643064936
974,2026-08-31,ROP,US7766961061,02492501,-0.000560115284083557,-0.0006115020073939752,-0.0007661346989188884,-0.0023947443882374837,-0.0007003893394670049,-0.0010693109968867907,,-0.0010280779250274028,,,,,-0.0013886191417904852,-0.002666148752237732,,,,-0.002338726975647133,-0.0007750432419295732,-0.0006032010751669077,,,,,-0.0013198756199196693,0.003447606145134998,-0.0029844948719079086,-0.0006115020073939752,,,-0.0006419298761407058,,,,,-0.0007392279350012195,,,-0.0024839895207183836,,,,,,,,,,,,-0.00035089097425865625
975,2026-08-31,ROST,US7782961038,00924801,0.0016525715406432223,0.001809603225500723,,0.004650259451577439,0.002072136335936061,,-0.004760979914710235,0.0030297144911792407,,,,,,,,-0.0012497572276114369,,,-0.0007750432419295732,-0.0006032010751669077,0.0029844948719079086,,,,,0.003447606145134998,0.00588121048287735,0.0023804899573551174,0.0061526509667024585,,-0.0006419298761407058,,-0.001025441827783743,-0.0010552039916508172,,,,,,,-0.0022594480951167216,,,,,-0.0006621230344961254,-0.0006610286162572888,,,,0.0002776293904686321
976,2026-08-31,RR.,GB00B63H8491,10049901W,-0.000560115284083557,,0.0022594480951167216,,,,,,0.000985030327181428,0.0029191409696033557,,,0.0024839895207183836,0.002666148752237732,0.0012230040147879504,,,0.0023251297257887195,,0.002366404217962484,,0.002962387502486369,,,-0.0013198756199196693,-0.000880886151620396,,-0.0006115020073939752,,-0.0006967287680063759,-0.0006419298761407058,,,,,,,,,,,,-0.0012267555608455822,-0.0013743034805349132,-0.0023804899573551174,-0.0006621230344961254,-0.0006610286162572888,,-0.0008600479845928167,0.001970060654362856,0.00016581848698476139
977,2026-08-31,RS,US7595091023,03067101,0.0016525715406432223,0.001809603225500723,,0.004650259451577439,0.002072136335936061,,,0.0030297144911792407,,,,,0.0024839895207183836,,,-0.0012497572276114369,,,-0.0007750432419295732,-0.0006032010751669077,-0.0015322693978377768,-0.0010150312508519282,,-0.009998057820891495,,-0.000880886151620396,-0.0029844948719079086,-0.0006115020073939752,0.0061526509667024585,-0.0006967287680063759,-0.0006419298761407058,0.0016874359191378049,,,,-0.0007392279350012195,,-0.002072136335936061,,,,,,,,-0.0006621230344961254,-0.0006610286162572888,-0.0011591951096685791,,,-0.00012005367318186882
978,2026-08-31,RSG,US7607591002,11216801,-0.000560115284083557,-0.0006115020073939752,-0.0007661346989188884,-0.0023947443882374837,-0.0007003893394670049,-0.0010693109968867907,-0.004760979914710235,,-0.0029191409696033557,-0.002962387502486369,,,,,-0.003602903719240178,,,-0.002338726975647133,,-0.0006032010751669077,,-0.0010150312508519282,,,-0.0013198756199196693,-0.000880886151620396,-0.0029844948719079086,-0.0006115020073939752,,-0.0006967287680063759,-0.0006419298761407058,-0.0008563646955795712,-0.001025441827783743,,-0.0008987018265969884,-0.0007392279350012195,,,0.004818341118501925,,-0.0022594480951167216,-0.001075059980741021,-0.0012267555608455822,-0.0013743034805349132,,,-0.0006610286162572888,,-0.0008600479845928167,,-0.0005951317414539967
979,2026-08-31,RTO,GB00B082RF11,10009102W,-0.000560115284083557,-0.0006115020073939752,0.0022594480951167216,,-0.0007003893394670049,-0.0010693109968867907,,,0.000985030327181428,,,,-0.0013886191417904852,,0.0012230040147879504,,,,,-0.0006032010751669077,,0.002962387502486369,,,-0.0013198756199196693,,,-0.0006115020073939752,,-0.0006967287680063759,-0.0006419298761407058,,-0.001025441827783743,,-0.0008987018265969884,-0.0007392279350012195,,,,,,-0.001075059980741021,-0.0012267555608455822,-0.0013743034805349132,,,,,-0.0008600479845928167,,-0.00015720107950275032
980,2026-08-31,RTX,US75513E1010,01098301,-0.000560115284083557,,,,,-0.0010693109968867907,,,0.000985030327181428,,,,0.0024839895207183836,,0.0012230040147879504,,,,,-0.0006032010751669077,,,,,,-0.000880886151620396,0.00588121048287735,-0.0006115020073939752,,,,,-0.001025441827783743,,-0.0008987018265969884,0.0021734908306285856,,0.002050883655567486,0.004818341118501925,0.0016803458522506713,,-0.001075059980741021,-0.0012267555608455822,-0.0013743034805349132,,-0.0006621230344961254,-0.0006610286162572888,,-0.0008600479845928167,,1.7070952236671165e-05
981,2026-08-31,RVMD,US76155X1000,03608301,-0.000560115284083557,-0.0006115020073939752,,,,,,,0.000985030327181428,,,,,,,,,-0.002338726975647133,,-0.0006032010751669077,0.0029844948719079086,,,,-0.0013198756199196693,,,0.0023804899573551174,,-0.0006967287680063759,-0.0006419298761407058,-0.0008563646955795712,,-0.0010552039916508172,,-0.0007392279350012195,-0.005554476567161941,-0.002072136335936061,,-0.0016945860713375414,-0.0022594480951167216,,-0.0012267555608455822,-0.0013743034805349132,-0.0023804899573551174,-0.0006621230344961254,-0.0006610286162572888,-0.0011591951096685791,-0.0008600479845928167,,-0.00044576170811915406
982,2026-08-31,RWE,DE0007037129,10095301W,-0.000560115284083557,-0.0006115020073939752,,,-0.0007003893394670049,0.00209383409861602,,,,0.0029191409696033557,0.004165857425371455,-0.002836328459827374,,-0.002666148752237732,-0.003602903719240178,,,,-0.0007750432419295732,-0.0006032010751669077,,-0.0010150312508519282,,,,,,,,-0.0006967287680063759,,-0.0008563646955795712,0.003006934682974885,-0.0010552039916508172,-0.0008987018265969884,,,,,0.0016803458522506713,0.002234202865003686,0.002115991073204549,,,,0.0019319918494476317,-0.0006610286162572888,-0.0011591951096685791,0.002531153878706707,,0.00025878552721514273
983,2026-08-31,RXL,FR0010451203,10326003W,0.0016525715406432223,-0.0006115020073939752,-0.0007661346989188884,,,0.00209383409861602,,,0.000985030327181428,,,,-0.0013886191417904852,0.002666148752237732,0.0012230040147879504,,,0.0023251297257887195,,-0.0006032010751669077,,,,,0.002596898135296492,-0.000880886151620396,,0.0023804899573551174,,0.002050883655567486,0.0018864260039417912,,-0.001025441827783743,,-0.0008987018265969884,0.0021734908306285856,,0.002050883655567486,,,0.002234202865003686,0.002115991073204549,0.0024091705592509624,0.0027021777894301337,0.002366404217962484,,,,0.002531153878706707,,0.0006399945422033215
984,2026-08-31,RY,CA7800871021,01563301C,-0.000560115284083557,-0.0006115020073939752,-0.0007661346989188884,,-0.0007003893394670049,,,-0.0010280779250274028,0.000985030327181428,0.0029191409696033557,,-0.002836328459827374,,,,-0.0012497572276114369,0.001801451859620089,,,,,,,,,,,,,,-0.0006419298761407058,-0.0008563646955795712,-0.001025441827783743,,-0.0008987018265969884,,,,,0.0016803458522506713,,,-0.0012267555608455822,-0.0013743034805349132,,,,,-0.0008600479845928167,,-0.00014387414245192168
985,2026-08-31,RYA,IE00BYTBXV33,06483501W,-0.000560115284083557,-0.0006115020073939752,-0.0007661346989188884,,-0.0007003893394670049,-0.0010693109968867907,,,-0.0029191409696033557,0.0029191409696033557,,,,,-0.003602903719240178,,,,,0.002366404217962484,,-0.0010150312508519282,,,-0.0013198756199196693,-0.000880886151620396,,-0.0006115020073939752,,-0.0006967287680063759,-0.0006419298761407058,0.0016874359191378049,-0.001025441827783743,,-0.0008987018265969884,-0.0007392279350012195,,-0.002072136335936061,,,,,0.0024091705592509624,0.0027021777894301337,,0.0019319918494476317,0.0019319918494476317,0.0022722858683844305,0.002531153878706707,-0.001999611564178299,0.00026975809649133493
986,2026-08-31,S32,AU000000S320,31968701W,-0.000560115284083557,-0.0006115020073939752,-0.0007661346989188884,,-0.0007003893394670049,-0.0010693109968867907,,-0.0010280779250274028,,0.0029191409696033557,,,,,,-0.0012497572276114369,,,0.0022722858683844305,-0.0006032010751669077,,0.002962387502486369,,,,-0.000880886151620396,,-0.0006115020073939752,,,0.0018864260039417912,,,,,-0.0007392279350012195,,,,,,-0.001075059980741021,-0.0012267555608455822,,,,-0.0006610286162572888,-0.0011591951096685791,,,-2.2128898532812823e-05
987,2026-08-31,S63,SG1F60858221,21488201W,-0.000560115284083557,-0.0006115020073939752,-0.0007661346989188884,,-0.0007003893394670049,,,,,,,,-0.0013886191417904852,0.002666148752237732,,,,0.0023251297257887195,,-0.0006032010751669077,,-0.0010150312508519282,,,-0.0013198756199196693,-0.000880886151620396,,-0.0006115020073939752,,-0.0006967287680063759,-0.0006419298761407058,,-0.001025441827783743,,-0.0008987018265969884,-0.0007392279350012195,,,,,,-0.001075059980741021,-0.0012267555608455822,-0.0013743034805349132,,-0.0006621230344961254,-0.0006610286162572888,-0.0011591951096685791,-0.0008600479845928167,0.001970060654362856,-0.0001654501600779792
988,2026-08-31,S68,SG1J26887955,24190401W,-0.000560115284083557,-0.0006115020073939752,-0.0007661346989188884,,-0.0007003893394670049,-0.0010693109968867907,,-0.0010280779250274028,-0.0029191409696033557,,,,,,,-0.0012497572276114369,,,-0.0007750432419295732,,,,,,,,,,,-0.0006967287680063759,-0.0006419298761407058,-0.0008563646955795712,-0.001025441827783743,-0.0010552039916508172,-0.0008987018265969884,-0.0007392279350012195,,,,-0.0016945860713375414,-0.0022594480951167216,-0.001075059980741021,-0.0012267555608455822,-0.0013743034805349132,-0.0023804899573551174,-0.0006621230344961254,-0.0006610286162572888,,-0.0008600479845928167,-0.001999611564178299,-0.0004273093789291464
989,2026-08-31,SAAB B,SE0021921269,22250501W,,0.001809603225500723,,,,,,,-0.0029191409696033557,0.0029191409696033557,,,0.0024839895207183836,,-0.003602903719240178,,,,,-0.0006032010751669077,,0.002962387502486369,,,,0.003447606145134998,,-0.0006115020073939752,,,,0.0016874359191378049,0.003006934682974885,,0.0035080904634706995,-0.0007392279350012195,,,,,,,-0.0012267555608455822,-0.0013743034805349132,,-0.0006621230344961254,-0.0006610286162572888,,-0.0008600479845928167,,3.729349678087565e-05
990,2026-08-31,SAB,ES0113860A34,24543601W,-0.000560115284083557,-0.0006115020073939752,-0.0007661346989188884,,-0.0007003893394670049,-0.0010693109968867907,,0.0030297144911792407,0.000985030327181428,,0.004165857425371455,,0.0024839895207183836,,,0.0037728520078835824,0.001801451859620089,,-0.0007750432419295732,,-0.0015322693978377768,,,,,,,,,,-0.0006419298761407058,,0.003006934682974885,,0.0035080904634706995,,,,,,0.002234202865003686,,,,,,,,,,0.000465224707369392
991,2026-08-31,SAF,FR0000073272,10130501W,-0.000560115284083557,,0.0022594480951167216,,-0.0007003893394670049,,,,0.000985030327181428,0.0029191409696033557,,,0.0024839895207183836,,,,,0.0023251297257887195,,0.002366404217962484,,-0.0010150312508519282,,,-0.0013198756199196693,-0.000880886151620396,,-0.0006115020073939752,,-0.0006967287680063759,-0.0006419298761407058,,,,-0.0008987018265969884,,,,,0.0016803458522506713,,,-0.0012267555608455822,-0.0013743034805349132,,-0.0006621230344961254,-0.0006610286162572888,,-0.0008600479845928167,0.001970060654362856,0.00014210085691282784
992,2026-08-31,SALM,NO0010310956,28452301W,-0.000560115284083557,-0.0006115020073939752,,,,0.00209383409861602,,,,,,,0.0024839895207183836,,-0.003602903719240178,,-0.005332297504475464,-0.002338726975647133,-0.0007750432419295732,-0.0006032010751669077,,,,,,,,-0.0006115020073939752,,-0.0006967287680063759,-0.0006419298761407058,,,,,0.0021734908306285856,-0.005554476567161941,0.002050883655567486,,-0.0016945860713375414,,,-0.0012267555608455822,-0.0013743034805349132,-0.0023804899573551174,-0.0006621230344961254,0.0019319918494476317,0.0022722858683844305,-0.0008600479845928167,,-0.00040042226182507393
993,2026-08-31,SAMPO,FI4000552500,01577301W,-0.000560115284083557,-0.0006115020073939752,,,-0.0007003893394670049,-0.0010693109968867907,,-0.0010280779250274028,-0.0029191409696033557,,-0.004165857425371455,0.002816354315744083,,,,-0.0012497572276114369,-0.005332297504475464,,,,,,,,,,,,,,0.0018864260039417912,,-0.001025441827783743,-0.0010552039916508172,-0.0008987018265969884,-0.0007392279350012195,,-0.002072136335936061,,-0.0016945860713375414,,-0.001075059980741021,,,,,-0.0006610286162572888,,,-0.001999611564178299,-0.00042812435521204505
994,2026-08-31,SAN,ES0113900J37,01414001W,-0.000560115284083557,-0.0006115020073939752,-0.0007661346989188884,,-0.0007003893394670049,-0.0010693109968867907,,,,,,,-0.0013886191417904852,,,0.0037728520078835824,0.001801451859620089,,-0.0007750432419295732,,0.0029844948719079086,,,,,,,,,,-0.0006419298761407058,,0.003006934682974885,,-0.0008987018265969884,,,,,,,,-0.0012267555608455822,-0.0013743034805349132,,,,,-0.0008600479845928167,,0.00022586217186678547
995,2026-08-31,SAN,FR0000120578,10120401W,-0.000560115284083557,-0.0006115020073939752,,,,,,,0.000985030327181428,,,,,,0.0012230040147879504,,,,-0.0007750432419295732,-0.0006032010751669077,0.0029844948719079086,-0.0010150312508519282,,,-0.0013198756199196693,,,0.0023804899573551174,,-0.0006967287680063759,-0.0006419298761407058,0.0016874359191378049,,-0.0010552039916508172,,0.0021734908306285856,,0.002050883655567486,,0.0016803458522506713,0.002234202865003686,,0.0024091705592509624,,0.002366404217962484,0.0019319918494476317,,,0.002531153878706707,,0.0006078591257355747
996,2026-08-31,SAND,SE0000667891,01959102W,0.0016525715406432223,,-0.0007661346989188884,,0.002072136335936061,0.00209383409861602,,,0.000985030327181428,,,,-0.0013886191417904852,,0.0012230040147879504,,,,,-0.0006032010751669077,,,,,,0.003447606145134998,,-0.0006115020073939752,,,,,-0.001025441827783743,,-0.0008987018265969884,-0.0007392279350012195,,,,,,0.002115991073204549,,,,-0.0006621230344961254,,,-0.0008600479845928167,-0.001999611564178299,7.0912470817504085e-06
997,2026-08-31,SAP,CA8029121057,06561301C,-0.000560115284083557,-0.0006115020073939752,,,,0.00209383409861602,,,,,,,0.0024839895207183836,,0.0012230040147879504,,-0.005332297504475464,,0.0022722858683844305,-0.0006032010751669077,,,,0.008887162507459107,0.002596898135296492,,,0.0023804899573551174,,0.002050883655567486,0.0018864260039417912,,,,,0.0021734908306285856,,0.002050883655567486,,,,0.002115991073204549,,-0.0013743034805349132,,-0.0006621230344961254,,,-0.0008600479845928167,,0.00016807465131397957
998,2026-08-31,SAP,DE0007164600,10348702W,-0.000560115284083557,-0.0006115020073939752,,,-0.0007003893394670049,,,,,,,,,,,,,,-0.0007750432419295732,-0.0006032010751669077,,,,,,-0.000880886151620396,,-0.0006115020073939752,,-0.0006967287680063759,,-0.0008563646955795712,,,,,,,,0.0016803458522506713,,,,,,,,,,,-0.00010947947043964405
999,2026-08-31,SATS,US2787681061,17920201,-0.000560115284083557,-0.0006115020073939752,0.0022594480951167216,-0.0023947443882374837,-0.0007003893394670049,,,-0.0010280779250274028,,-0.002962387502486369,,0.002816354315744083,,,,,,,,,,,,,,-0.000880886151620396,,,,,-0.0006419298761407058,-0.0008563646955795712,,,,,,,-0.0024839895207183836,,,,,,,-0.0006621230344961254,-0.0006610286162572888,-0.0011591951096685791,,,-0.00016657036945592663
1000,2026-08-31,SBAC,US78410G1040,12138201,-0.000560115284083557,,,,,,,,,,,,,-0.002666148752237732,,,,0.0023251297257887195,,,,,,,,,,-0.0006115020073939752,-0.006248786138057184,,,,0.003006934682974885,-0.0010552039916508172,0.0035080904634706995,,,,,-0.0016945860713375414,,-0.001075059980741021,,,,-0.0006621230344961254,0.0019319918494476317,,,,6.890437136733569e-05
1001,2026-08-31,SBRY,GB00B019KW72,01957901W,-0.000560115284083557,-0.0006115020073939752,,,,,,,,,,0.002816354315744083,,,0.0012230040147879504,,0.001801451859620089,0.0023251297257887195,-0.0007750432419295732,0.002366404217962484,-0.0015322693978377768,,,,-0.0013198756199196693,,,-0.0006115020073939752,,-0.0006967287680063759,-0.0006419298761407058,0.0016874359191378049,,,,-0.0007392279350012195,-0.005554476567161941,-0.002072136335936061,,,0.002234202865003686,0.002115991073204549,,,0.002366404217962484,-0.0006621230344961254,-0.0006610286162572888,-0.0011591951096685791,-0.0008600479845928167,,-5.26762518009217e-07
1002,2026-08-31,SBUX,US8552441094,02543401,,0.001809603225500723,,0.004650259451577439,0.002072136335936061,,,0.0030297144911792407,,,,,,-0.002666148752237732,,-0.0012497572276114369,,0.0023251297257887195,-0.0007750432419295732,-0.0006032010751669077,,-0.0010150312508519282,,-0.009998057820891495,-0.0013198756199196693,-0.000880886151620396,0.00588121048287735,-0.0006115020073939752,0.0061526509667024585,-0.0006967287680063759,-0.0006419298761407058,-0.0008563646955795712,-0.001025441827783743,-0.0010552039916508172,,,-0.005554476567161941,,,,,,,,,-0.0006621230344961254,-0.0006610286162572888,-0.0011591951096685791,,,-7.40984539931378e-05
1003,2026-08-31,SCA B,SE0000112724,01236807W,-0.000560115284083557,-0.0006115020073939752,-0.0007661346989188884,,-0.0007003893394670049,-0.0010693109968867907,,-0.0010280779250274028,,,,,-0.0013886191417904852,,,0.0037728520078835824,,,-0.0007750432419295732,-0.0006032010751669077,,-0.0010150312508519282,,,-0.0013198756199196693,-0.000880886151620396,,,,-0.0006967287680063759,-0.0006419298761407058,-0.0008563646955795712,,,,-0.0007392279350012195,,,,,,-0.001075059980741021,-0.0012267555608455822,,,-0.0006621230344961254,-0.0006610286162572888,,,,-0.00021060648853594088
1004,2026-08-31,SCG,AU000000SCG8,29610801W,-0.000560115284083557,,,,,,,,,,,,,,,,,,,,,,,,,,,,,,,-0.0008563646955795712,-0.001025441827783743,0.004122910441604739,-0.0008987018265969884,,,,,,,,,,,-0.0006621230344961254,-0.0006610286162572888,-0.0011591951096685791,,,-4.809382253928965e-05
1005,2026-08-31,SCHN,CH0024638212,10134301W,-0.000560115284083557,-0.0006115020073939752,-0.0007661346989188884,,-0.0007003893394670049,-0.0010693109968867907,,,0.000985030327181428,0.0029191409696033557,,,0.0024839895207183836,,0.0012230040147879504,,,0.0023251297257887195,,-0.0006032010751669077,,0.002962387502486369,,,,,,-0.0006115020073939752,,-0.0006967287680063759,-0.0006419298761407058,-0.0008563646955795712,,,-0.0008987018265969884,-0.0007392279350012195,,,,,,-0.001075059980741021,,,,,-0.0006610286162572888,,-0.0008600479845928167,,1.9284130426223617e-05
1006,2026-08-31,SCHP,CH0024638196,10134303W,-0.000560115284083557,-0.0006115020073939752,-0.0007661346989188884,,-0.0007003893394670049,,,,0.000985030327181428,0.0029191409696033557,,,0.0024839895207183836,,0.0012230040147879504,,,0.0023251297257887195,,-0.0006032010751669077,,0.002962387502486369,,,,,,-0.0006115020073939752,,-0.0006967287680063759,-0.0006419298761407058,-0.0008563646955795712,,,-0.0008987018265969884,-0.0007392279350012195,,,,,,,,,,,-0.0006610286162572888,,-0.0008600479845928167,,5.667239324027374e-05
1007,2026-08-31,SCHW,US8085131055,01398801,0.0016525715406432223,0.001809603225500723,-0.0007661346989188884,0.004650259451577439,0.002072136335936061,0.00209383409861602,,,0.000985030327181428,,0.004165857425371455,-0.002836328459827374,0.0024839895207183836,,,-0.0012497572276114369,0.001801451859620089,,0.0022722858683844305,,,,,,,,,,,,,-0.0008563646955795712,-0.001025441827783743,-0.0010552039916508172,-0.0008987018265969884,-0.0007392279350012195,,,0.004818341118501925,,,,-0.0012267555608455822,-0.0013743034805349132,-0.0023804899573551174,,-0.0006610286162572888,,-0.0008600479845928167,,0.00012366154812154032
1008,2026-08-31,SCMN,CH0008742519,11492701W,-0.000560115284083557,-0.0006115020073939752,-0.0007661346989188884,,-0.0007003893394670049,-0.0010693109968867907,,-0.0010280779250274028,,,,,,,,,,,,,0.0029844948719079086,,,,,-0.000880886151620396,,,,,-0.0006419298761407058,0.0016874359191378049,,,,,,,,,,,,,,0.0019319918494476317,-0.0006610286162572888,,,,0.00018976547945477804
1009,2026-08-31,SDR,GB00BP9LHF23,01563801W,-0.000560115284083557,-0.0006115020073939752,0.0022594480951167216,,-0.0007003893394670049,,,-0.0010280779250274028,0.000985030327181428,0.0029191409696033557,-0.004165857425371455,,,,,-0.0012497572276114369,0.001801451859620089,,0.0022722858683844305,,-0.0015322693978377768,,,,,,,,,0.002050883655567486,0.0018864260039417912,,-0.001025441827783743,-0.0010552039916508172,-0.0008987018265969884,-0.0007392279350012195,,-0.002072136335936061,,-0.0016945860713375414,,0.002115991073204549,,,,-0.0006621230344961254,-0.0006610286162572888,,-0.0008600479845928167,,-0.00019623843022894963
1010,2026-08-31,SDZ,CH1243598427,04336201W,-0.000560115284083557,-0.0006115020073939752,,,,,,,0.000985030327181428,,,,,,0.0012230040147879504,,,,0.0022722858683844305,-0.0006032010751669077,,0.002962387502486369,,,0.002596898135296492,,,0.0023804899573551174,,0.002050883655567486,0.0018864260039417912,,,-0.0010552039916508172,,0.0021734908306285856,,0.002050883655567486,,,,-0.001075059980741021,-0.0012267555608455822,-0.0013743034805349132,,-0.0006621230344961254,-0.0006610286162572888,-0.0011591951096685791,-0.0008600479845928167,,0.00012506170969108963
1011,2026-08-31,SE,US81141R1005,03254690,0.0016525715406432223,,-0.0007661346989188884,,,,,-0.0010280779250274028,,0.0029191409696033557,,0.002816354315744083,,,,,,,,,-0.0015322693978377768,,,0.008887162507459107,,-0.000880886151620396,,,,,,0.0016874359191378049,,,,,,,-0.0024839895207183836,,,,,,,,0.0019319918494476317,0.0022722858683844305,,,0.0002693879074664174
1012,2026-08-31,SEB A,SE0000148884,01567101W,,,-0.0007661346989188884,,,-0.0010693109968867907,,0.0030297144911792407,0.000985030327181428,-0.002962387502486369,,,,,,0.0037728520078835824,0.001801451859620089,,-0.0007750432419295732,,,,,,,,,,,,-0.0006419298761407058,-0.0008563646955795712,-0.001025441827783743,,-0.0008987018265969884,,,,,,,-0.001075059980741021,,,,,,,0.002531153878706707,0.001970060654362856,0.00014699502556400325
1013,2026-08-31,SECU B,SE0000163594,10498101W,-0.000560115284083557,-0.0006115020073939752,-0.0007661346989188884,,-0.0007003893394670049,,,,0.000985030327181428,,,,,0.002666148752237732,0.0012230040147879504,,,0.0023251297257887195,,-0.0006032010751669077,,,,,-0.0013198756199196693,-0.000880886151620396,,-0.0006115020073939752,,-0.0006967287680063759,-0.0006419298761407058,-0.0008563646955795712,,,-0.0008987018265969884,-0.0007392279350012195,,,,,0.002234202865003686,,0.0024091705592509624,0.0027021777894301337,0.002366404217962484,0.0019319918494476317,0.0019319918494476317,0.0022722858683844305,0.002531153878706707,,0.0004545582556143792
1014,2026-08-31,SGE,GB00B8C3BL03,10464301W,-0.000560115284083557,-0.0006115020073939752,-0.0007661346989188884,,-0.0007003893394670049,-0.0010693109968867907,,-0.0010280779250274028,,,,,,0.002666148752237732,,,,,-0.0007750432419295732,-0.0006032010751669077,,,,,-0.0013198756199196693,-0.000880886151620396,,-0.0006115020073939752,,-0.0006967287680063759,-0.0006419298761407058,0.0016874359191378049,,,,-0.0007392279350012195,,,,-0.0016945860713375414,,,,,,,,,,0.001970060654362856,-0.00013233084612634106
1015,2026-08-31,SGH,AU0000364754,20832601W,-0.000560115284083557,-0.0006115020073939752,-0.0007661346989188884,,-0.0007003893394670049,-0.0010693109968867907,,,-0.0029191409696033557,,,,0.0024839895207183836,,-0.003602903719240178,,,,,-0.0006032010751669077,,-0.0010150312508519282,,,-0.0013198756199196693,-0.000880886151620396,,-0.0006115020073939752,,-0.0006967287680063759,-0.0006419298761407058,-0.0008563646955795712,,,0.0035080904634706995,0.0021734908306285856,,0.002050883655567486,,,,-0.001075059980741021,-0.0012267555608455822,-0.0013743034805349132,,,-0.0006610286162572888,,-0.0008600479845928167,,-0.00011375139785710264
1016,2026-08-31,SGO,FR0000125007,10181101W,-0.000560115284083557,-0.0006115020073939752,-0.0007661346989188884,,-0.0007003893394670049,-0.0010693109968867907,,,,,,,,,,,,,,-0.0006032010751669077,,-0.0010150312508519282,,,-0.0013198756199196693,-0.000880886151620396,,-0.0006115020073939752,,-0.0006967287680063759,-0.0006419298761407058,-0.0008563646955795712,-0.001025441827783743,,-0.0008987018265969884,-0.0007392279350012195,,,,0.0016803458522506713,0.002234202865003686,,0.0024091705592509624,0.0027021777894301337,0.002366404217962484,0.0019319918494476317,0.0019319918494476317,0.0022722858683844305,0.002531153878706707,,0.00028032554564556546
1017,2026-08-31,SGRO,GB00B5ZN1N88,01564401W,-0.000560115284083557,,,,,,,,,,,,,-0.002666148752237732,,,-0.005332297504475464,-0.002338726975647133,,,,,,,,,,-0.0006115020073939752,,,,-0.0008563646955795712,,0.004122910441604739,-0.0008987018265969884,,0.005478387847063832,0.002050883655567486,,,-0.0022594480951167216,-0.001075059980741021,,,-0.0023804899573551174,-0.0006621230344961254,-0.0006610286162572888,-0.0011591951096685791,,,-0.00017559813894875892
1018,2026-08-31,SGSN,CH1256740924,10134001W,-0.000560115284083557,-0.0006115020073939752,-0.0007661346989188884,,-0.0007003893394670049,-0.0010693109968867907,,,,-0.002962387502486369,,,,0.002666148752237732,0.0012230040147879504,,,,,-0.0006032010751669077,,-0.0010150312508519282,,,-0.0013198756199196693,-0.000880886151620396,,-0.0006115020073939752,,-0.0006967287680063759,-0.0006419298761407058,-0.0008563646955795712,-0.001025441827783743,,-0.0008987018265969884,-0.0007392279350012195,,,,,,-0.001075059980741021,,,,-0.0006621230344961254,,,-0.0008600479845928167,0.001970060654362856,-0.00024329744922122975
1019,2026-08-31,SHB A,SE0007100599,01565401W,-0.000560115284083557,-0.0006115020073939752,,,-0.0007003893394670049,-0.0010693109968867907,,-0.0010280779250274028,0.000985030327181428,-0.002962387502486369,,0.002816354315744083,-0.0013886191417904852,,,0.0037728520078835824,0.001801451859620089,,-0.0007750432419295732,,,,,,,,,,,,-0.0006419298761407058,-0.0008563646955795712,,,-0.0008987018265969884,,,,,,,-0.001075059980741021,,,,,,,0.002531153878706707,0.001970060654362856,0.00016109731345652294
1020,2026-08-31,SHEL,GB00BP6MXD84,01238401W,-0.000560115284083557,,-0.0007661346989188884,,-0.0007003893394670049,,,0.0030297144911792407,0.000985030327181428,,,,-0.0013886191417904852,,0.0012230040147879504,,0.001801451859620089,,0.0022722858683844305,,,,,,,,,-0.0006115020073939752,,,,,,,,,,,,,0.002234202865003686,0.002115991073204549,,,,0.0019319918494476317,0.0019319918494476317,0.0022722858683844305,,,0.00047412238551875586
1021,2026-08-31,SHL,DE000SHL1006,32676501W,-0.000560115284083557,-0.0006115020073939752,,,,-0.0010693109968867907,,,0.000985030327181428,,,,,,0.0012230040147879504,,,,-0.0007750432419295732,-0.0006032010751669077,,-0.0010150312508519282,,,-0.0013198756199196693,,,0.0023804899573551174,,-0.0006967287680063759,-0.0006419298761407058,-0.0008563646955795712,,-0.0010552039916508172,,0.0021734908306285856,,-0.002072136335936061,,,0.002234202865003686,,,,0.002366404217962484,-0.0006621230344961254,0.0019319918494476317,,0.002531153878706707,,0.00012771295680686726
1022,2026-08-31,SHOP,CA82509L1076,02365001C,-0.000560115284083557,-0.0006115020073939752,-0.0007661346989188884,,-0.0007003893394670049,-0.0010693109968867907,,-0.0010280779250274028,,,,,,,,,,,-0.0007750432419295732,-0.0006032010751669077,,,,,-0.0013198756199196693,-0.000880886151620396,,-0.0006115020073939752,,-0.0006967287680063759,-0.0006419298761407058,,,,,-0.0007392279350012195,,,,,,-0.001075059980741021,,,,,,,,-0.001999611564178299,-0.00023211134886671111
1023,2026-08-31,SHW,US8243481061,00966701,-0.000560115284083557,,-0.0007661346989188884,,,-0.0010693109968867907,,0.0030297144911792407,,-0.002962387502486369,,,,,,-0.0012497572276114369,,,-0.0007750432419295732,-0.0006032010751669077,,-0.0010150312508519282,0.010524271390412098,,,-0.000880886151620396,,-0.0006115020073939752,,-0.0006967287680063759,-0.0006419298761407058,,,,,,,,0.004818341118501925,,,,-0.0012267555608455822,,,-0.0006621230344961254,,,,,-0.0001334028392635986
1024,2026-08-31,SIE,DE0007236101,01934901W,-0.000560115284083557,-0.0006115020073939752,-0.0007661346989188884,,-0.0007003893394670049,-0.0010693109968867907,,,0.000985030327181428,,,,,,0.0012230040147879504,,,,,-0.0006032010751669077,,-0.0010150312508519282,,,-0.0013198756199196693,-0.000880886151620396,,-0.0006115020073939752,,-0.0006967287680063759,-0.0006419298761407058,-0.0008563646955795712,-0.001025441827783743,,-0.0008987018265969884,-0.0007392279350012195,,,,0.0016803458522506713,,-0.001075059980741021,,,,-0.0006621230344961254,0.0019319918494476317,,-0.0008600479845928167,,-0.0001249563846991589
1025,2026-08-31,SIG,AU000000SIG5,25438001W,-0.000560115284083557,,,,,,,,0.000985030327181428,,,,,,0.0012230040147879504,,,0.0023251297257887195,0.0022722858683844305,-0.0006032010751669077,-0.0015322693978377768,-0.0010150312508519282,,,-0.0013198756199196693,,,-0.0006115020073939752,,-0.0006967287680063759,-0.0006419298761407058,-0.0008563646955795712,,-0.0010552039916508172,,-0.0007392279350012195,-0.005554476567161941,-0.002072136335936061,,-0.0016945860713375414,,,-0.0012267555608455822,-0.0013743034805349132,,-0.0006621230344961254,-0.0006610286162572888,-0.0011591951096685791,-0.0008600479845928167,,-0.0004802681800778001
1026,2026-08-31,SIKA,CH0418792922,10135001W,,,-0.0007661346989188884,,,-0.0010693109968867907,,-0.0010280779250274028,,,,,,,,-0.0012497572276114369,,,-0.0007750432419295732,-0.0006032010751669077,-0.0015322693978377768,-0.0010150312508519282,,,-0.0013198756199196693,,,-0.0006115020073939752,,-0.0006967287680063759,-0.0006419298761407058,-0.0008563646955795712,,,,-0.0007392279350012195,,,,,,-0.001075059980741021,,,,-0.0006621230344961254,,,,,-0.00039659058454383385
1027,2026-08-31,SKA B,SE0000113250,10098002W,-0.000560115284083557,-0.0006115020073939752,-0.0007661346989188884,,-0.0007003893394670049,,,,0.000985030327181428,0.0029191409696033557,,,-0.0013886191417904852,,0.0012230040147879504,,,0.0023251297257887195,,-0.0006032010751669077,,-0.0010150312508519282,,,-0.0013198756199196693,0.003447606145134998,,-0.0006115020073939752,,,-0.0006419298761407058,-0.0008563646955795712,0.003006934682974885,,0.0035080904634706995,-0.0007392279350012195,,-0.002072136335936061,,,0.002234202865003686,,0.0024091705592509624,0.0027021777894301337,0.002366404217962484,0.0019319918494476317,0.0019319918494476317,0.0022722858683844305,0.002531153878706707,,0.0006427550767147803
1028,2026-08-31,SKF B,SE0000108227,01174905W,0.0016525715406432223,0.001809603225500723,-0.0007661346989188884,,0.002072136335936061,-0.0010693109968867907,,,0.000985030327181428,,,,-0.0013886191417904852,,0.0012230040147879504,,,,,-0.0006032010751669077,,-0.0010150312508519282,,,-0.0013198756199196693,-0.000880886151620396,,-0.0006115020073939752,,-0.0006967287680063759,-0.0006419298761407058,-0.0008563646955795712,-0.001025441827783743,,-0.0008987018265969884,-0.0007392279350012195,,-0.002072136335936061,,,,-0.001075059980741021,,,,-0.0006621230344961254,-0.0006610286162572888,,0.002531153878706707,,-7.546789727914775e-05
1029,2026-08-31,SLB,AN8068571086,00946501,-0.000560115284083557,,-0.0007661346989188884,-0.0023947443882374837,-0.0007003893394670049,-0.0010693109968867907,-0.004760979914710235,-0.0010280779250274028,0.000985030327181428,,,-0.002836328459827374,-0.0013886191417904852,,0.0012230040147879504,,0.001801451859620089,,-0.0007750432419295732,,,-0.0010150312508519282,-0.00952195982942047,,,,,-0.0006115020073939752,,,,,,,,,,,-0.0024839895207183836,,,-0.001075059980741021,,,,-0.0006621230344961254,-0.0006610286162572888,,-0.0008600479845928167,,-0.0004964066589236134
1030,2026-08-31,SLF,CA8667961053,13328901C,-0.000560115284083557,-0.0006115020073939752,-0.0007661346989188884,,-0.0007003893394670049,,,-0.0010280779250274028,0.000985030327181428,,,,,,,-0.0012497572276114369,,,-0.0007750432419295732,,-0.0015322693978377768,,,,,,,,,,-0.0006419298761407058,,-0.001025441827783743,,-0.0008987018265969884,,,,,,,,-0.0012267555608455822,-0.0013743034805349132,,,-0.0006610286162572888,,-0.0008600479845928167,,-0.00025970912417932237
1031,2026-08-31,SLHN,CH0014852781,20569901W,-0.000560115284083557,-0.0006115020073939752,-0.0007661346989188884,,-0.0007003893394670049,-0.0010693109968867907,,-0.0010280779250274028,0.000985030327181428,,,,0.0024839895207183836,,,-0.0012497572276114369,0.001801451859620089,,-0.0007750432419295732,,,,,,,,,,,-0.0006967287680063759,-0.0006419298761407058,-0.0008563646955795712,-0.001025441827783743,-0.0010552039916508172,-0.0008987018265969884,0.0021734908306285856,,0.002050883655567486,,,,-0.001075059980741021,-0.0012267555608455822,-0.0013743034805349132,,-0.0006621230344961254,-0.0006610286162572888,,-0.0008600479845928167,0.001970060654362856,-0.00010505274726693583
1032,2026-08-31,SMCI,US86800U3023,17656701,0.0016525715406432223,0.001809603225500723,0.0022594480951167216,0.004650259451577439,0.002072136335936061,0.00209383409861602,0.004544571736768861,0.0030297144911792407,,,,,-0.0013886191417904852,0.002666148752237732,,,,0.0023251297257887195,-0.0007750432419295732,-0.0006032010751669077,,,,,-0.0013198756199196693,-0.000880886151620396,-0.0029844948719079086,-0.0006115020073939752,-0.006248786138057184,,-0.0006419298761407058,0.0016874359191378049,,,,-0.0007392279350012195,,-0.002072136335936061,-0.0024839895207183836,,,0.002115991073204549,,,,,,,,0.001970060654362856,0.0002255753632433533
1033,2026-08-31,SMIN,GB00B1WY2338,10004501W,-0.000560115284083557,-0.0006115020073939752,-0.0007661346989188884,,-0.0007003893394670049,-0.0010693109968867907,,,0.000985030327181428,,,,0.0024839895207183836,,0.0012230040147879504,,,,,-0.0006032010751669077,,-0.0010150312508519282,,,,,,-0.0006115020073939752,,,,,-0.001025441827783743,,-0.0008987018265969884,-0.0007392279350012195,,,,-0.0016945860713375414,,-0.001075059980741021,-0.0012267555608455822,-0.0013743034805349132,,-0.0006621230344961254,-0.0006610286162572888,,-0.0008600479845928167,,-0.00017006744817173696
1034,2026-08-31,SN,KYG8068L1086,04311301,,,-0.0007661346989188884,,,,,,,,,,0.0024839895207183836,,,-0.0012497572276114369,,,0.0022722858683844305,-0.0006032010751669077,-0.0015322693978377768,0.002962387502486369,-0.00952195982942047,-0.009998057820891495,0.002596898135296492,-0.000880886151620396,0.00588121048287735,0.0023804899573551174,,0.002050883655567486,0.0018864260039417912,,-0.001025441827783743,,,,,,,-0.0016945860713375414,-0.0022594480951167216,,,,,-0.0006621230344961254,-0.0006610286162572888,-0.0011591951096685791,,,-0.00015461109092103933
1035,2026-08-31,SN.,GB0009223206,10131701W,-0.000560115284083557,-0.0006115020073939752,,,,,,,-0.0029191409696033557,,,,,,-0.003602903719240178,,,,,-0.0006032010751669077,,-0.0010150312508519282,,,,,,0.0023804899573551174,,0.002050883655567486,0.0018864260039417912,,,0.004122910441604739,,0.0021734908306285856,0.005478387847063832,0.002050883655567486,,,,0.002115991073204549,,,,0.0019319918494476317,-0.0006610286162572888,,-0.0008600479845928167,,0.00032396816966321604
1036,2026-08-31,SNA,US8330341012,00977801,-0.000560115284083557,-0.0006115020073939752,-0.0007661346989188884,-0.0023947443882374837,-0.0007003893394670049,-0.0010693109968867907,-0.004760979914710235,,0.000985030327181428,,,,-0.0013886191417904852,-0.002666148752237732,0.0012230040147879504,,,,,-0.0006032010751669077,,-0.0010150312508519282,,,,-0.000880886151620396,-0.0029844948719079086,-0.0006115020073939752,,-0.0006967287680063759,-0.0006419298761407058,-0.0008563646955795712,,,-0.0008987018265969884,-0.0007392279350012195,,,-0.0024839895207183836,,-0.0022594480951167216,,,,,-0.0006621230344961254,-0.0006610286162572888,,,-0.001999611564178299,-0.0003120630213898451
1037,2026-08-31,SNOW,US8334451098,33996501,-0.000560115284083557,,-0.0007661346989188884,-0.0023947443882374837,-0.0007003893394670049,-0.0010693109968867907,-0.004760979914710235,-0.0010280779250274028,,,-0.004165857425371455,,,0.002666148752237732,,,,,0.0022722858683844305,-0.0006032010751669077,,,,,,-0.000880886151620396,,-0.0006115020073939752,0.0061526509667024585,-0.0006967287680063759,-0.0006419298761407058,-0.0008563646955795712,,,,-0.0007392279350012195,,,-0.0024839895207183836,,,-0.001075059980741021,,,,,,,,0.001970060654362856,-0.00038688750523134996
1038,2026-08-31,SNPS,US8716071076,02497501,-0.000560115284083557,-0.0006115020073939752,-0.0007661346989188884,-0.0023947443882374837,-0.0007003893394670049,,,-0.0010280779250274028,,,,-0.002836328459827374,,-0.002666148752237732,,,,-0.002338726975647133,-0.0007750432419295732,-0.0006032010751669077,,,,,-0.0013198756199196693,-0.000880886151620396,,0.0023804899573551174,-0.006248786138057184,-0.0006967287680063759,-0.0006419298761407058,,,,,0.0021734908306285856,,0.002050883655567486,0.004818341118501925,0.0016803458522506713,,-0.001075059980741021,,,,,,,,,-0.00039089188783796497
1039,2026-08-31,SO,US8425871071,00985001,-0.000560115284083557,,,,,,,0.0030297144911792407,,,,,,,,,,,-0.0007750432419295732,-0.0006032010751669077,,-0.0010150312508519282,0.010524271390412098,0.008887162507459107,,,-0.0029844948719079086,,,-0.0006967287680063759,,,-0.001025441827783743,-0.0010552039916508172,-0.0008987018265969884,,,,,0.0016803458522506713,,,-0.0012267555608455822,-0.0013743034805349132,,-0.0006621230344961254,-0.0006610286162572888,,-0.0008600479845928167,,-0.0001021166569484069
1040,2026-08-31,SOBI,SE0000872095,27914301W,0.0016525715406432223,0.001809603225500723,,,,0.00209383409861602,,,0.000985030327181428,,,,,,0.0012230040147879504,,,,-0.0007750432419295732,-0.0006032010751669077,-0.0015322693978377768,0.002962387502486369,,,-0.0013198756199196693,,,-0.0006115020073939752,,-0.0006967287680063759,-0.0006419298761407058,,,-0.0010552039916508172,,,,,,,,-0.001075059980741021,-0.0012267555608455822,-0.0013743034805349132,,-0.0006621230344961254,,,-0.0008600479845928167,,-0.0002642498081629024
1041,2026-08-31,SOF,BE0003717312,02405601W,,,,,,,,,0.000985030327181428,,,,,,,0.0037728520078835824,-0.005332297504475464,,-0.0007750432419295732,,-0.0015322693978377768,,,,,,,,,-0.0006967287680063759,-0.0006419298761407058,-0.0008563646955795712,-0.001025441827783743,0.004122910441604739,-0.0008987018265969884,-0.0007392279350012195,,-0.002072136335936061,,-0.0016945860713375414,-0.0022594480951167216,,-0.0012267555608455822,-0.0013743034805349132,-0.0023804899573551174,-0.0006621230344961254,-0.0006610286162572888,,-0.0008600479845928167,-0.001999611564178299,-0.00036510660382676634
1042,2026-08-31,SOFI,US83406F1021,03891601,-0.000560115284083557,-0.0006115020073939752,-0.0007661346989188884,,-0.0007003893394670049,0.00209383409861602,0.004544571736768861,0.0030297144911792407,-0.0029191409696033557,,-0.004165857425371455,,-0.0013886191417904852,,,-0.0012497572276114369,,,-0.0007750432419295732,,,,,,,,-0.0029844948719079086,,,-0.0006967287680063759,-0.0006419298761407058,,-0.001025441827783743,-0.0010552039916508172,-0.0008987018265969884,-0.0007392279350012195,,-0.002072136335936061,,,,,-0.0012267555608455822,-0.0013743034805349132,,-0.0006621230344961254,-0.0006610286162572888,,-0.0008600479845928167,,-0.00033383470392699897
1043,2026-08-31,SOL,AU000000SOL3,10456601W,,,-0.0007661346989188884,,0.002072136335936061,0.00209383409861602,,-0.0010280779250274028,-0.0029191409696033557,,,,-0.0013886191417904852,,,-0.0012497572276114369,-0.005332297504475464,,0.0022722858683844305,,,,,,,,,,,0.002050883655567486,0.0018864260039417912,0.0016874359191378049,-0.001025441827783743,0.004122910441604739,-0.0008987018265969884,-0.0007392279350012195,,-0.002072136335936061,,-0.0016945860713375414,-0.0022594480951167216,0.002115991073204549,0.0024091705592509624,0.0027021777894301337,-0.0023804899573551174,-0.0006621230344961254,-0.0006610286162572888,,,-0.001999611564178299,-8.471989703194673e-05
1044,2026-08-31,SOON,CH0012549785,21179501W,0.0016525715406432223,-0.0006115020073939752,,,,-0.0010693109968867907,,,0.000985030327181428,,,,,,0.0012230040147879504,,,,-0.0007750432419295732,-0.0006032010751669077,-0.0015322693978377768,-0.0010150312508519282,,,-0.0013198756199196693,,,-0.0006115020073939752,,-0.0006967287680063759,-0.0006419298761407058,-0.0008563646955795712,,-0.0010552039916508172,,-0.0007392279350012195,-0.005554476567161941,-0.002072136335936061,,-0.0016945860713375414,,,,,,-0.0006621230344961254,-0.0006610286162572888,,0.002531153878706707,,-0.0004289032102570429
1045,2026-08-31,SPG,US8288061091,02938901,-0.000560115284083557,,,,,,,,,,,,,0.002666148752237732,,,,,,,,,,,,,,-0.0006115020073939752,,,,,-0.001025441827783743,0.004122910441604739,-0.0008987018265969884,,,,,,,-0.001075059980741021,,,-0.0023804899573551174,-0.0006621230344961254,-0.0006610286162572888,,,,-4.0318090513097244e-05
1046,2026-08-31,SPGI,US78409V1044,00716301,-0.000560115284083557,-0.0006115020073939752,-0.0007661346989188884,-0.0023947443882374837,-0.0007003893394670049,-0.0010693109968867907,,-0.0010280779250274028,,,,,,,,-0.0012497572276114369,-0.005332297504475464,,,,,,,,,,,,,-0.0006967287680063759,-0.0006419298761407058,-0.0008563646955795712,-0.001025441827783743,-0.0010552039916508172,-0.0008987018265969884,-0.0007392279350012195,,,,,,-0.001075059980741021,-0.0012267555608455822,-0.0013743034805349132,-0.0023804899573551174,-0.0006621230344961254,-0.0006610286162572888,,-0.0008600479845928167,-0.001999611564178299,-0.00045448086681426636
1047,2026-08-31,SPOT,LU1778762911,03317501,-0.000560115284083557,-0.0006115020073939752,,-0.0023947443882374837,-0.0007003893394670049,,,,,0.0029191409696033557,0.004165857425371455,0.002816354315744083,,,,,,,,,,,,,,-0.000880886151620396,,,,,,,,,,,,,,,-0.0022594480951167216,,,,,-0.0006621230344961254,-0.0006610286162572888,,,,0.00033854925499326256
1048,2026-08-31,SPSN,CH0008038389,24351501W,,,,,,,,,,,,,,-0.002666148752237732,,,0.001801451859620089,-0.002338726975647133,,,,,,,,,,-0.0006115020073939752,,,,-0.0008563646955795712,-0.001025441827783743,-0.0010552039916508172,-0.0008987018265969884,,,,,,,-0.001075059980741021,,,-0.0023804899573551174,-0.0006621230344961254,-0.0006610286162572888,-0.0011591951096685791,,,-0.0002980984665078483
1049,2026-08-31,SPX,GB00BWFGQN14,10061901W,-0.000560115284083557,-0.0006115020073939752,,,-0.0007003893394670049,-0.0010693109968867907,,,0.000985030327181428,,,,,,0.0012230040147879504,,,,,-0.0006032010751669077,,-0.0010150312508519282,,,-0.0013198756199196693,-0.000880886151620396,,-0.0006115020073939752,,-0.0006967287680063759,-0.0006419298761407058,-0.0008563646955795712,-0.001025441827783743,,-0.0008987018265969884,-0.0007392279350012195,,,,-0.0016945860713375414,,-0.001075059980741021,-0.0012267555608455822,-0.0013743034805349132,,-0.0006621230344961254,-0.0006610286162572888,,,,-0.00018543550383442236
1050,2026-08-31,SRE,US8168511090,00827201,-0.000560115284083557,-0.0006115020073939752,,-0.0023947443882374837,-0.0007003893394670049,,0.004544571736768861,-0.0010280779250274028,-0.0029191409696033557,,,,,-0.002666148752237732,-0.003602903719240178,,,-0.002338726975647133,-0.0007750432419295732,-0.0006032010751669077,,-0.0010150312508519282,,,,,-0.0029844948719079086,,,-0.0006967287680063759,,-0.0008563646955795712,0.003006934682974885,-0.0010552039916508172,0.0035080904634706995,,,,,0.0016803458522506713,0.002234202865003686,-0.001075059980741021,-0.0012267555608455822,-0.0013743034805349132,-0.0023804899573551174,-0.0006621230344961254,-0.0006610286162572888,-0.0011591951096685791,-0.0008600479845928167,,-0.00040531465114017015
1051,2026-08-31,SREN,CH0126881561,06354608W,-0.000560115284083557,-0.0006115020073939752,-0.0007661346989188884,,-0.0007003893394670049,-0.0010693109968867907,,0.0030297144911792407,,,,,,,,-0.0012497572276114369,,,,,-0.0015322693978377768,,,,,,,,,0.002050883655567486,0.0018864260039417912,-0.0008563646955795712,-0.001025441827783743,0.004122910441604739,-0.0008987018265969884,-0.0007392279350012195,,,,,-0.0022594480951167216,-0.001075059980741021,0.0024091705592509624,0.0027021777894301337,0.002366404217962484,-0.0006621230344961254,-0.0006610286162572888,,-0.0008600479845928167,,1.399846996200044e-05
1052,2026-08-31,SRG,IT0003153415,24945701W,-0.000560115284083557,,,,,-0.0010693109968867907,,-0.0010280779250274028,0.000985030327181428,,,-0.002836328459827374,,-0.002666148752237732,-0.003602903719240178,,,-0.002338726975647133,-0.0007750432419295732,-0.0006032010751669077,,-0.0010150312508519282,,,,,,,,-0.0006967287680063759,,,-0.001025441827783743,-0.0010552039916508172,-0.0008987018265969884,,,,,,0.002234202865003686,,0.0024091705592509624,0.0027021777894301337,-0.0023804899573551174,,-0.0006610286162572888,,0.002531153878706707,,-0.0002934686993010747
1053,2026-08-31,SRT3,DE0007165631,20882102W,-0.000560115284083557,-0.0006115020073939752,,,,-0.0010693109968867907,,,-0.0029191409696033557,,,,,,-0.003602903719240178,,,,,-0.0006032010751669077,,0.002962387502486369,,,,,,-0.0006115020073939752,,-0.0006967287680063759,-0.0006419298761407058,-0.0008563646955795712,,-0.0010552039916508172,,-0.0007392279350012195,,-0.002072136335936061,,,,-0.001075059980741021,-0.0012267555608455822,-0.0013743034805349132,,-0.0006621230344961254,-0.0006610286162572888,-0.0011591951096685791,-0.0008600479845928167,0.001970060654362856,-0.0005274779165774694
1054,2026-08-31,SSE,GB0007908733,10334201W,,-0.0006115020073939752,,,-0.0007003893394670049,0.00209383409861602,,-0.0010280779250274028,-0.0029191409696033557,,,,,,0.0012230040147879504,,,,-0.0007750432419295732,-0.0006032010751669077,,-0.0010150312508519282,,,,,,,,-0.0006967287680063759,,-0.0008563646955795712,0.003006934682974885,0.004122910441604739,0.0035080904634706995,,,,,,,0.002115991073204549,-0.0012267555608455822,-0.0013743034805349132,,0.0019319918494476317,-0.0006610286162572888,-0.0011591951096685791,,-0.001999611564178299,3.507682178213718e-05
1055,2026-08-31,SSNC,US78467J1007,06296502,0.0016525715406432223,-0.0006115020073939752,,0.004650259451577439,,,,,0.000985030327181428,-0.002962387502486369,,,,-0.002666148752237732,0.0012230040147879504,,,-0.002338726975647133,,-0.0006032010751669077,,-0.0010150312508519282,,,-0.0013198756199196693,-0.000880886151620396,,-0.0006115020073939752,,-0.0006967287680063759,-0.0006419298761407058,,-0.001025441827783743,,-0.0008987018265969884,,,,0.004818341118501925,,,,,,,,0.0019319918494476317,0.0022722858683844305,,,-4.672351805387106e-05
1056,2026-08-31,STAN,GB0004082847,01564501W,,0.001809603225500723,-0.0007661346989188884,,0.002072136335936061,,,-0.0010280779250274028,0.000985030327181428,,,0.002816354315744083,,,,0.0037728520078835824,0.001801451859620089,,,,0.0029844948719079086,,,,,,,,,,0.0018864260039417912,,,,-0.0008987018265969884,,,,,0.0016803458522506713,0.002234202865003686,,,,,,,,-0.0008600479845928167,,0.0005310416864230604
1057,2026-08-31,STE,IE00BFY8C754,02531301,-0.000560115284083557,-0.0006115020073939752,,,,,,,,,,,,,-0.003602903719240178,,,,,-0.0006032010751669077,0.0029844948719079086,-0.0010150312508519282,,,,,,-0.0006115020073939752,,,,,,0.004122910441604739,,,,,-0.0024839895207183836,,,,,-0.0013743034805349132,,-0.0006621230344961254,-0.0006610286162572888,,-0.0008600479845928167,,0.00011741684125457894
1058,2026-08-31,STERV,FI0009005961,10102005W,-0.000560115284083557,-0.0006115020073939752,0.0022594480951167216,,-0.0007003893394670049,-0.0010693109968867907,,-0.0010280779250274028,,,,,-0.0013886191417904852,,,-0.0012497572276114369,,,0.0022722858683844305,-0.0006032010751669077,,-0.0010150312508519282,,,,-0.000880886151620396,,,,0.002050883655567486,0.0018864260039417912,-0.0008563646955795712,,,,,,-0.002072136335936061,,,,-0.001075059980741021,0.0024091705592509624,,,-0.0006621230344961254,-0.0006610286162572888,-0.0011591951096685791,,,-0.00012851319203695195
1059,2026-08-31,STLAM,NL00150001Q9,10127610W,-0.000560115284083557,-0.0006115020073939752,-0.0007661346989188884,,-0.0007003893394670049,,,-0.0010280779250274028,,,,,,,,-0.0012497572276114369,,,-0.0007750432419295732,-0.0006032010751669077,-0.0015322693978377768,-0.0010150312508519282,,,-0.0013198756199196693,-0.000880886151620396,,-0.0006115020073939752,,-0.0006967287680063759,-0.0006419298761407058,0.0016874359191378049,-0.001025441827783743,-0.0010552039916508172,,0.0021734908306285856,-0.005554476567161941,-0.002072136335936061,,0.0016803458522506713,0.002234202865003686,,,,,-0.0006621230344961254,-0.0006610286162572888,-0.0011591951096685791,,,-0.0005524850441046797
1060,2026-08-31,STLD,US8581191009,06403001,0.0016525715406432223,0.001809603225500723,-0.0007661346989188884,0.004650259451577439,0.002072136335936061,,,-0.0010280779250274028,,,,,-0.0013886191417904852,,,-0.0012497572276114369,,,-0.0007750432419295732,-0.0006032010751669077,-0.0015322693978377768,,,,,-0.000880886151620396,,-0.0006115020073939752,0.0061526509667024585,,,0.0016874359191378049,,,,0.0021734908306285856,,,,,,,,,,-0.0006621230344961254,-0.0006610286162572888,,,,4.807038824649489e-06
1061,2026-08-31,STMMI,NL0000226223,03114203W,,,,,,,,,,,,,0.0024839895207183836,,,,,,-0.0007750432419295732,-0.0006032010751669077,,,,,-0.0013198756199196693,-0.000880886151620396,,-0.0006115020073939752,,-0.0006967287680063759,-0.0006419298761407058,,,,,,,-0.002072136335936061,,,,,,,,,,,,,-0.00016745014608753406
1062,2026-08-31,STMN,CH1175448666,22821801W,,,,,,-0.0010693109968867907,,,-0.0029191409696033557,,,,,,-0.003602903719240178,,,0.0023251297257887195,-0.0007750432419295732,-0.0006032010751669077,-0.0015322693978377768,-0.0010150312508519282,,,-0.0013198756199196693,,,-0.0006115020073939752,,-0.0006967287680063759,-0.0006419298761407058,-0.0008563646955795712,,-0.0010552039916508172,,-0.0007392279350012195,,,,-0.0016945860713375414,,-0.001075059980741021,-0.0012267555608455822,-0.0013743034805349132,,-0.0006621230344961254,-0.0006610286162572888,-0.0011591951096685791,-0.0008600479845928167,,-0.000554945346495851
1063,2026-08-31,STN,CA85472N1096,02998501C,-0.000560115284083557,-0.0006115020073939752,-0.0007661346989188884,,-0.0007003893394670049,,,,0.000985030327181428,,,,0.0024839895207183836,,0.0012230040147879504,,,,,-0.0006032010751669077,,,,,,-0.000880886151620396,,-0.0006115020073939752,,0.002050883655567486,,0.0016874359191378049,-0.001025441827783743,,-0.0008987018265969884,,,,,-0.0016945860713375414,,,,,,-0.0006621230344961254,0.0019319918494476317,,-0.0008600479845928167,,1.4107381700182994e-05
1064,2026-08-31,STO,AU000000STO6,10016501W,-0.000560115284083557,,-0.0007661346989188884,,-0.0007003893394670049,,,-0.0010280779250274028,,,,,,-0.002666148752237732,-0.003602903719240178,,0.001801451859620089,-0.002338726975647133,-0.0007750432419295732,,,-0.0010150312508519282,,,,,,-0.0006115020073939752,,,,,,,,,,,,,,,,,-0.0023804899573551174,,-0.0006610286162572888,-0.0011591951096685791,,,-0.00030016926109548126
1065,2026-08-31,STT,US8574771031,01003501,0.0016525715406432223,0.001809603225500723,,0.004650259451577439,0.002072136335936061,0.00209383409861602,0.004544571736768861,0.0030297144911792407,,,,,,,,-0.0012497572276114369,0.001801451859620089,,-0.0007750432419295732,,,,,,,,0.00588121048287735,,,,-0.0006419298761407058,,,,-0.0008987018265969884,0.0021734908306285856,,0.002050883655567486,,,,,,,,-0.0006621230344961254,-0.0006610286162572888,,-0.0008600479845928167,,0.0004021568181108517
1066,2026-08-31,STX,IE00BKVD2N49,15093701,0.0016525715406432223,0.001809603225500723,-0.0007661346989188884,0.004650259451577439,0.002072136335936061,0.00209383409861602,0.004544571736768861,,,,0.004165857425371455,0.002816354315744083,0.0024839895207183836,0.002666148752237732,,,,0.0023251297257887195,,0.002366404217962484,,,,,0.002596898135296492,-0.000880886151620396,0.00588121048287735,0.0023804899573551174,0.0061526509667024585,-0.0006967287680063759,-0.0006419298761407058,-0.0008563646955795712,,,,,,,0.004818341118501925,,,,,,,,,,,0.001970060654362856,0.0009488667035812341
1067,2026-08-31,STZ,US21036P1084,00271002,-0.000560115284083557,-0.0006115020073939752,,-0.0023947443882374837,,-0.0010693109968867907,,,,,,,-0.0013886191417904852,-0.002666148752237732,-0.003602903719240178,,,-0.002338726975647133,0.0022722858683844305,-0.0006032010751669077,0.0029844948719079086,,,-0.009998057820891495,0.002596898135296492,,,-0.0006115020073939752,,0.002050883655567486,0.0018864260039417912,-0.0008563646955795712,,,,,,,,,,,,0.0027021777894301337,,,,,-0.0008600479845928167,,0.00010183103336070247
1068,2026-08-31,SU,CA8672241079,01507001C,0.0016525715406432223,,-0.0007661346989188884,,,0.00209383409861602,,-0.0010280779250274028,0.000985030327181428,,,,-0.0013886191417904852,,0.0012230040147879504,,0.001801451859620089,,-0.0007750432419295732,,,-0.0010150312508519282,,,,,,-0.0006115020073939752,,,,,,,,,,,,,,,,,,-0.0006621230344961254,-0.0006610286162572888,,-0.0008600479845928167,,-1.6083936867857942e-05
1069,2026-08-31,SU,FR0000121972,10133602W,,-0.0006115020073939752,-0.0007661346989188884,,-0.0007003893394670049,,,,0.000985030327181428,,,,,,0.0012230040147879504,,,,,-0.0006032010751669077,,-0.0010150312508519282,,,,0.003447606145134998,,0.0023804899573551174,,-0.0006967287680063759,-0.0006419298761407058,,-0.001025441827783743,,-0.0008987018265969884,,,,,0.0016803458522506713,,,-0.0012267555608455822,-0.0013743034805349132,,-0.0006621230344961254,-0.0006610286162572888,,-0.0008600479845928167,,-0.00010933028856089649
1070,2026-08-31,SUI,US8666741041,02935901,-0.000560115284083557,,,,,,,,,,,,,,,,,,,,,,,,,,,-0.0006115020073939752,0.0061526509667024585,,,,,-0.0010552039916508172,,,0.005478387847063832,0.002050883655567486,,-0.0016945860713375414,,-0.001075059980741021,,,,,,,,,0.00026105048422571007
1071,2026-08-31,SUN,AU000000SUN6,20514501W,-0.000560115284083557,0.001809603225500723,0.0022594480951167216,,,-0.0010693109968867907,,-0.0010280779250274028,0.000985030327181428,,,0.002816354315744083,,,,-0.0012497572276114369,,,-0.0007750432419295732,,0.0029844948719079086,,,,,,,,,-0.0006967287680063759,-0.0006419298761407058,0.0016874359191378049,0.003006934682974885,-0.0010552039916508172,0.0035080904634706995,-0.0007392279350012195,,,,-0.0016945860713375414,,-0.001075059980741021,-0.0012267555608455822,-0.0013743034805349132,0.002366404217962484,0.0019319918494476317,0.0019319918494476317,,,-0.001999611564178299,0.00045826201140952764
1072,2026-08-31,SVT,GB00B1FH8J72,10260303W,0.0016525715406432223,-0.0006115020073939752,,,-0.0007003893394670049,0.00209383409861602,,-0.0010280779250274028,-0.0029191409696033557,-0.002962387502486369,,-0.002836328459827374,,0.002666148752237732,-0.003602903719240178,,,,0.0022722858683844305,-0.0006032010751669077,,0.002962387502486369,,,,,,,,0.002050883655567486,,0.0016874359191378049,-0.001025441827783743,-0.0010552039916508172,-0.0008987018265969884,,,,,,,0.002115991073204549,-0.0012267555608455822,-0.0013743034805349132,,-0.0006621230344961254,-0.0006610286162572888,-0.0011591951096685791,-0.0008600479845928167,0.001970060654362856,-0.00043066919728998275
1073,2026-08-31,SW,FR0000121220,10208901W,-0.000560115284083557,-0.0006115020073939752,,,-0.0007003893394670049,,,-0.0010280779250274028,,,,,,0.002666148752237732,,-0.0012497572276114369,,0.0023251297257887195,-0.0007750432419295732,-0.0006032010751669077,-0.0015322693978377768,-0.0010150312508519282,,,-0.0013198756199196693,-0.000880886151620396,,-0.0006115020073939752,,-0.0006967287680063759,-0.0006419298761407058,-0.0008563646955795712,-0.001025441827783743,-0.0010552039916508172,,0.0021734908306285856,-0.005554476567161941,,,,0.002234202865003686,,,,,,-0.0006610286162572888,,,,-0.0003612749401608891
1074,2026-08-31,SW,IE00028FXN24,28318401,0.0016525715406432223,-0.0006115020073939752,-0.0007661346989188884,-0.0023947443882374837,-0.0007003893394670049,0.00209383409861602,,-0.0010280779250274028,,-0.002962387502486369,,,0.0024839895207183836,,,-0.0012497572276114369,,,-0.0007750432419295732,-0.0006032010751669077,0.0029844948719079086,-0.0010150312508519282,-0.00952195982942047,-0.009998057820891495,-0.0013198756199196693,-0.000880886151620396,,-0.0006115020073939752,0.0061526509667024585,0.002050883655567486,-0.0006419298761407058,0.0016874359191378049,,,,0.0021734908306285856,,0.002050883655567486,-0.0024839895207183836,0.0016803458522506713,,,-0.0012267555608455822,,,,-0.0006610286162572888,-0.0011591951096685791,,,0.00010428285629212148
1075,2026-08-31,SWED A,SE0000242455,02457801W,,-0.0006115020073939752,,,-0.0007003893394670049,-0.0010693109968867907,,-0.0010280779250274028,0.000985030327181428,-0.002962387502486369,,0.002816354315744083,,,,0.0037728520078835824,0.001801451859620089,,-0.0007750432419295732,,,,,,,,,,,,-0.0006419298761407058,-0.0008563646955795712,0.003006934682974885,,0.0035080904634706995,,,,,,,,,,-0.0023804899573551174,,,,0.002531153878706707,,0.00027752421577041637
1076,2026-08-31,SY1,DE000SYM9999,28177201W,-0.000560115284083557,-0.0006115020073939752,-0.0007661346989188884,,-0.0007003893394670049,-0.0010693109968867907,,-0.0010280779250274028,,,,-0.002836328459827374,0.0024839895207183836,,,-0.0012497572276114369,,,-0.0007750432419295732,-0.0006032010751669077,-0.0015322693978377768,-0.0010150312508519282,,,-0.0013198756199196693,-0.000880886151620396,,-0.0006115020073939752,,-0.0006967287680063759,-0.0006419298761407058,-0.0008563646955795712,,,,,,,,-0.0016945860713375414,,-0.001075059980741021,-0.0012267555608455822,,,-0.0006621230344961254,,0.0022722858683844305,,,-0.0004967918075434626
1077,2026-08-31,SYENS,BE0974464977,35964501W,,0.001809603225500723,-0.0007661346989188884,,0.002072136335936061,-0.0010693109968867907,,-0.0010280779250274028,,,,,,,,-0.0012497572276114369,,,-0.0007750432419295732,-0.0006032010751669077,-0.0015322693978377768,-0.0010150312508519282,,,-0.0013198756199196693,,,-0.0006115020073939752,,-0.0006967287680063759,-0.0006419298761407058,-0.0008563646955795712,,,,-0.0007392279350012195,,,,,,-0.001075059980741021,-0.0012267555608455822,,,,0.0019319918494476317,0.0022722858683844305,,,-0.00022712613495000475
1078,2026-08-31,SYF,US87165B1035,02068601,-0.000560115284083557,-0.0006115020073939752,0.0022594480951167216,,-0.0007003893394670049,,,0.0030297144911792407,0.000985030327181428,,,-0.002836328459827374,0.0024839895207183836,,,-0.0012497572276114369,,,-0.0007750432419295732,,-0.0015322693978377768,,,,,,-0.0029844948719079086,,,0.002050883655567486,,0.0016874359191378049,,0.004122910441604739,-0.0008987018265969884,,,,-0.0024839895207183836,,,0.002115991073204549,0.0024091705592509624,0.0027021777894301337,0.002366404217962484,0.0019319918494476317,0.0019319918494476317,,0.002531153878706707,,0.0003005613450683047
1079,2026-08-31,SYK,US8636671013,01011501,-0.000560115284083557,-0.0006115020073939752,,,,,,,0.000985030327181428,,,,,,0.0012230040147879504,,,,-0.0007750432419295732,-0.0006032010751669077,0.0029844948719079086,-0.0010150312508519282,,,,,,-0.0006115020073939752,,-0.0006967287680063759,-0.0006419298761407058,,,-0.0010552039916508172,,,,,-0.0024839895207183836,,,-0.001075059980741021,-0.0012267555608455822,-0.0013743034805349132,,-0.0006621230344961254,-0.0006610286162572888,-0.0011591951096685791,-0.0008600479845928167,,-4.148785241666759e-05
1080,2026-08-31,SYY,US8718291078,01024701,-0.000560115284083557,-0.0006115020073939752,,-0.0023947443882374837,,-0.0010693109968867907,,,,,,,-0.0013886191417904852,0.002666148752237732,0.0012230040147879504,,0.001801451859620089,0.0023251297257887195,-0.0007750432419295732,-0.0006032010751669077,,,,,-0.0013198756199196693,,,-0.0006115020073939752,,-0.0006967287680063759,-0.0006419298761407058,0.0016874359191378049,,,,-0.0007392279350012195,,,0.004818341118501925,,,-0.001075059980741021,,,0.002366404217962484,-0.0006621230344961254,-0.0006610286162572888,-0.0011591951096685791,-0.0008600479845928167,0.001970060654362856,-1.4269985086453183e-05
1081,2026-08-31,T,CA87971M1032,00240801C,-0.000560115284083557,-0.0006115020073939752,-0.0007661346989188884,,-0.0007003893394670049,-0.0010693109968867907,,-0.0010280779250274028,,-0.002962387502486369,,,,,,,,,,,,,,-0.009998057820891495,,-0.000880886151620396,,,,,-0.0006419298761407058,-0.0008563646955795712,,,,,,,,,0.002234202865003686,,,,,-0.0006621230344961254,-0.0006610286162572888,-0.0011591951096685791,,,-0.0003164084017333854
1082,2026-08-31,T,US00206R1023,00989901,-0.000560115284083557,-0.0006115020073939752,0.0022594480951167216,,,0.00209383409861602,,0.0030297144911792407,,,0.004165857425371455,,,,,,,,,,,,,,,-0.000880886151620396,,,,,0.0018864260039417912,,,,,,,,0.004818341118501925,0.0016803458522506713,,,,,,0.0019319918494476317,,,,,0.00046172704176838323
1083,2026-08-31,TCL,AU000000TCL6,21265001W,-0.000560115284083557,-0.0006115020073939752,-0.0007661346989188884,,-0.0007003893394670049,0.00209383409861602,,,0.000985030327181428,-0.002962387502486369,,,,-0.002666148752237732,0.0012230040147879504,,,-0.002338726975647133,,-0.0006032010751669077,,0.002962387502486369,,,,-0.000880886151620396,,,,,,-0.0008563646955795712,-0.001025441827783743,,-0.0008987018265969884,-0.0007392279350012195,,,,,-0.0022594480951167216,0.002115991073204549,-0.0012267555608455822,-0.0013743034805349132,-0.0023804899573551174,-0.0006621230344961254,-0.0006610286162572888,-0.0011591951096685791,-0.0008600479845928167,0.001970060654362856,-0.000338663721375689
1084,2026-08-31,TD,CA8911605092,01570601C,,,-0.0007661346989188884,,,,,,0.000985030327181428,0.0029191409696033557,,-0.002836328459827374,,,,-0.0012497572276114369,0.001801451859620089,,-0.0007750432419295732,,,,,,,,,,,,0.0018864260039417912,-0.0008563646955795712,-0.001025441827783743,,-0.0008987018265969884,,,,,0.0016803458522506713,,,,,,,,,-0.0008600479845928167,,-5.9249899090547016e-05
1085,2026-08-31,TDG,US8936411003,14834901,-0.000560115284083557,-0.0006115020073939752,-0.0007661346989188884,,-0.0007003893394670049,,,,0.000985030327181428,-0.002962387502486369,,,-0.0013886191417904852,-0.002666148752237732,0.0012230040147879504,,,-0.002338726975647133,,-0.0006032010751669077,,-0.0010150312508519282,,,,-0.000880886151620396,-0.0029844948719079086,-0.0006115020073939752,,-0.0006967287680063759,-0.0006419298761407058,-0.0008563646955795712,,,-0.0008987018265969884,-0.0007392279350012195,,,,,-0.0022594480951167216,-0.001075059980741021,-0.0012267555608455822,-0.0013743034805349132,-0.0023804899573551174,-0.0006621230344961254,-0.0006610286162572888,-0.0011591951096685791,-0.0008600479845928167,,-0.00045455391145141403
1086,2026-08-31,TDY,US8793601050,12672101,-0.000560115284083557,-0.0006115020073939752,,,-0.0007003893394670049,-0.0010693109968867907,-0.004760979914710235,0.0030297144911792407,,,,,-0.0013886191417904852,-0.002666148752237732,,,,-0.002338726975647133,-0.0007750432419295732,-0.0006032010751669077,,,,,-0.0013198756199196693,-0.000880886151620396,-0.0029844948719079086,-0.0006115020073939752,,-0.0006967287680063759,-0.0006419298761407058,,,,,-0.0007392279350012195,,,-0.0024839895207183836,,,-0.001075059980741021,,,,,,,,-0.001999611564178299,-0.0003561211326884184
1087,2026-08-31,TEAM,US0494681010,02649401,,0.001809603225500723,0.0022594480951167216,0.004650259451577439,0.002072136335936061,,,,,,0.004165857425371455,0.002816354315744083,,0.002666148752237732,,,,0.0023251297257887195,,-0.0006032010751669077,,,,,,-0.000880886151620396,-0.0029844948719079086,-0.0006115020073939752,0.0061526509667024585,,,0.0016874359191378049,,,,-0.0007392279350012195,,-0.002072136335936061,-0.0024839895207183836,,,-0.001075059980741021,,,,,,,,0.001970060654362856,0.0005132238371666836
1088,2026-08-31,TECK.B,CA8787422044,01038501C,0.0016525715406432223,0.001809603225500723,0.0022594480951167216,,0.002072136335936061,,,0.0030297144911792407,,,,,0.0024839895207183836,,,-0.0012497572276114369,,,0.0022722858683844305,-0.0006032010751669077,0.0029844948719079086,0.002962387502486369,,,0.002596898135296492,-0.000880886151620396,,-0.0006115020073939752,,0.002050883655567486,0.0018864260039417912,0.0016874359191378049,,,,0.0021734908306285856,,0.002050883655567486,,0.0016803458522506713,,0.002115991073204549,,,,0.0019319918494476317,,,,,0.0007158097457588792
1089,2026-08-31,TEF,ES0178430E18,01368301W,0.0016525715406432223,0.001809603225500723,-0.0007661346989188884,,0.002072136335936061,0.00209383409861602,,,,,-0.004165857425371455,,,,,,,,,,-0.0015322693978377768,,,,,,,,,,-0.0006419298761407058,-0.0008563646955795712,,,,,,,,,0.002234202865003686,,,,,0.0019319918494476317,0.0019319918494476317,,,,-0.000160212628388238
1090,2026-08-31,TEL,IE000IVNQZ81,17726702,-0.000560115284083557,-0.0006115020073939752,-0.0007661346989188884,,-0.0007003893394670049,,,0.0030297144911792407,,,,,,,,,,,0.0022722858683844305,-0.0006032010751669077,,,,,,-0.000880886151620396,-0.0029844948719079086,-0.0006115020073939752,,0.002050883655567486,0.0018864260039417912,0.0016874359191378049,,,,,,,,,,,,,,,,,,,0.00020316586998764803
1091,2026-08-31,TEL,NO0010063308,22161201W,-0.000560115284083557,-0.0006115020073939752,-0.0007661346989188884,,-0.0007003893394670049,,,-0.0010280779250274028,,,-0.004165857425371455,,,,,,,,,,,,,,,-0.000880886151620396,,,,,0.0018864260039417912,-0.0008563646955795712,,,,,,,,,,,,,,,0.0019319918494476317,0.0022722858683844305,,,-0.00014905986467237807
1092,2026-08-31,TEL2 B,SE0005190238,22228601W,-0.000560115284083557,0.001809603225500723,-0.0007661346989188884,,0.002072136335936061,-0.0010693109968867907,,-0.0010280779250274028,,,,,,,,,,,,,-0.0015322693978377768,,,,,,,,,,-0.0006419298761407058,-0.0008563646955795712,,,,,,,,-0.0016945860713375414,,,,,,-0.0006621230344961254,,,,,-0.00020698977015123554
1093,2026-08-31,TELIA,SE0000667925,22057901W,,-0.0006115020073939752,-0.0007661346989188884,,-0.0007003893394670049,,,-0.0010280779250274028,,,,,,,,,,,,,0.0029844948719079086,,,,,-0.000880886151620396,,,,,-0.0006419298761407058,-0.0008563646955795712,,,,,,,,,,,,,,,-0.0006610286162572888,-0.0011591951096685791,,,8.016578794235629e-05
1094,2026-08-31,TEN,LU2598331598,15193303W,,,,,-0.0007003893394670049,,,,0.000985030327181428,,,-0.002836328459827374,,,0.0012230040147879504,,,,,,,,,,,,,-0.0006115020073939752,,,,,,,,,,,,,,,,,,-0.0006621230344961254,,0.0022722858683844305,,-0.001999611564178299,-8.499316950635912e-05
1095,2026-08-31,TER,US8807701029,01045301,0.0016525715406432223,0.001809603225500723,,0.004650259451577439,0.002072136335936061,,,0.0030297144911792407,,,,,0.0024839895207183836,,,,,,-0.0007750432419295732,0.002366404217962484,,,,,0.002596898135296492,0.003447606145134998,-0.0029844948719079086,-0.0006115020073939752,0.0061526509667024585,-0.0006967287680063759,-0.0006419298761407058,,,,,-0.0007392279350012195,,-0.002072136335936061,,-0.0016945860713375414,,,,,,,,,,-0.001999611564178299,0.0002531190509178044
1096,2026-08-31,TEVA,US8816242098,01453890,-0.000560115284083557,-0.0006115020073939752,,,,,,,0.000985030327181428,,,,,,0.0012230040147879504,,,,0.0022722858683844305,-0.0006032010751669077,,,,,0.002596898135296492,,,-0.0006115020073939752,,0.002050883655567486,0.0018864260039417912,,,0.004122910441604739,,,,,-0.0024839895207183836,,0.002234202865003686,-0.001075059980741021,,0.0027021777894301337,,-0.0006621230344961254,-0.0006610286162572888,-0.0011591951096685791,-0.0008600479845928167,0.001970060654362856,0.00019751166660822108
1097,2026-08-31,TFC,US89832Q1094,01185601,-0.000560115284083557,-0.0006115020073939752,0.0022594480951167216,,-0.0007003893394670049,,,0.0030297144911792407,0.000985030327181428,,,-0.002836328459827374,,,,-0.0012497572276114369,0.001801451859620089,,0.0022722858683844305,,,,,,,,,,,,0.0018864260039417912,0.0016874359191378049,-0.001025441827783743,,-0.0008987018265969884,,,,-0.0024839895207183836,,,0.002115991073204549,,,,,,,-0.0008600479845928167,,8.221567756376541e-05
1098,2026-08-31,TFII,CA87241L1094,15076401C,0.0016525715406432223,0.001809603225500723,,,0.002072136335936061,0.00209383409861602,,,,-0.002962387502486369,,,,,0.0012230040147879504,,,,,-0.0006032010751669077,,-0.0010150312508519282,,,-0.0013198756199196693,0.003447606145134998,,-0.0006115020073939752,,-0.0006967287680063759,-0.0006419298761407058,-0.0008563646955795712,-0.001025441827783743,,-0.0008987018265969884,-0.0007392279350012195,,-0.002072136335936061,,,,-0.001075059980741021,-0.0012267555608455822,-0.0013743034805349132,,,,,,,-0.00020370108967957267
1099,2026-08-31,TGT,US87612E1064,00381301,0.0016525715406432223,0.001809603225500723,,0.004650259451577439,,-0.0010693109968867907,-0.004760979914710235,,,,,0.002816354315744083,0.0024839895207183836,0.002666148752237732,0.0012230040147879504,,-0.005332297504475464,0.0023251297257887195,-0.0007750432419295732,-0.0006032010751669077,0.0029844948719079086,,,,-0.0013198756199196693,,,-0.0006115020073939752,,-0.0006967287680063759,-0.0006419298761407058,,,,,-0.0007392279350012195,,,,,,-0.001075059980741021,,,,,-0.0006610286162572888,-0.0011591951096685791,0.002531153878706707,,0.0002144659940751101
1100,2026-08-31,TIGO,LU0038705702,03002401,0.0016525715406432223,0.001809603225500723,-0.0007661346989188884,,0.002072136335936061,,0.004544571736768861,,,-0.002962387502486369,-0.004165857425371455,,,,,,,,,,0.0029844948719079086,,,,,-0.000880886151620396,,,,,0.0018864260039417912,,,,,,,,-0.0024839895207183836,,,,,,,-0.0006621230344961254,-0.0006610286162572888,,,,1.7927844144319064e-05
1101,2026-08-31,TIH,CA8911021050,01502001C,0.0016525715406432223,,-0.0007661346989188884,,,,,,-0.0029191409696033557,,,,0.0024839895207183836,,,,,,,-0.0006032010751669077,,0.002962387502486369,,,,-0.000880886151620396,,-0.0006115020073939752,,,-0.0006419298761407058,,-0.001025441827783743,,-0.0008987018265969884,0.0021734908306285856,,0.002050883655567486,,-0.0016945860713375414,-0.0022594480951167216,,-0.0012267555608455822,-0.0013743034805349132,,-0.0006621230344961254,-0.0006610286162572888,-0.0011591951096685791,-0.0008600479845928167,-0.001999611564178299,-0.00017430921357350465
1102,2026-08-31,TJX,US8725401090,01167201,,,,,,,-0.004760979914710235,0.0030297144911792407,,,,,,0.002666148752237732,,-0.0012497572276114369,,0.0023251297257887195,0.0022722858683844305,0.002366404217962484,,,,,0.002596898135296492,0.003447606145134998,0.00588121048287735,0.0023804899573551174,,,-0.0006419298761407058,,,-0.0010552039916508172,,,,,,,,,,,,-0.0006621230344961254,-0.0006610286162572888,,,,0.0002589141095151452
1103,2026-08-31,TLC,AU0000219529,35307001W,-0.000560115284083557,-0.0006115020073939752,-0.0007661346989188884,,-0.0007003893394670049,,,-0.0010280779250274028,,,0.004165857425371455,,,0.002666148752237732,,0.0037728520078835824,,,-0.0007750432419295732,-0.0006032010751669077,0.0029844948719079086,-0.0010150312508519282,,,-0.0013198756199196693,-0.000880886151620396,,-0.0006115020073939752,,-0.0006967287680063759,-0.0006419298761407058,-0.0008563646955795712,-0.001025441827783743,-0.0010552039916508172,,0.0021734908306285856,-0.005554476567161941,0.002050883655567486,,-0.0016945860713375414,,,,,,-0.0006621230344961254,-0.0006610286162572888,-0.0011591951096685791,,0.001970060654362856,0.0002377278779841101
1104,2026-08-31,TLS,AU000000TLS2,21021602W,-0.000560115284083557,-0.0006115020073939752,-0.0007661346989188884,,-0.0007003893394670049,-0.0010693109968867907,,-0.0010280779250274028,,,0.004165857425371455,,,,,,,,,,0.0029844948719079086,,,,,-0.000880886151620396,,,,,,-0.0008563646955795712,,,,,,,,,,,,,,,-0.0006610286162572888,,,,0.00031648409352337997
1105,2026-08-31,TLX,DE000TLX1005,26980901W,0.0016525715406432223,,0.0022594480951167216,,,,,,,,,0.002816354315744083,,,,-0.0012497572276114369,0.001801451859620089,,-0.0007750432419295732,,,,,,,,,,,,0.0018864260039417912,0.0016874359191378049,,-0.0010552039916508172,-0.0008987018265969884,-0.0007392279350012195,,,,,-0.0022594480951167216,,0.0024091705592509624,0.0027021777894301337,0.002366404217962484,0.0019319918494476317,0.0019319918494476317,,,,0.0003556156165468612
1106,2026-08-31,TMO,US8835561023,01053001,-0.000560115284083557,,,,,,,,0.000985030327181428,,,,,,0.0012230040147879504,,,,-0.0007750432419295732,-0.0006032010751669077,,-0.0010150312508519282,,,,,,-0.0006115020073939752,,-0.0006967287680063759,-0.0006419298761407058,-0.0008563646955795712,,-0.0010552039916508172,,-0.0007392279350012195,,,0.004818341118501925,0.0016803458522506713,,-0.001075059980741021,,-0.0013743034805349132,,-0.0006621230344961254,-0.0006610286162572888,-0.0011591951096685791,-0.0008600479845928167,,-0.00024649410328466217
1107,2026-08-31,TMUS,US8725901040,01787401,,,0.0022594480951167216,,,0.00209383409861602,,,,-0.002962387502486369,,,,,,,,,,,,,,0.008887162507459107,,-0.000880886151620396,,,,,-0.0006419298761407058,0.0016874359191378049,,,,,,,,0.0016803458522506713,,,,,,,,,,,-2.8759120404315365e-06
1108,2026-08-31,TOST,US8887871080,03952401,-0.000560115284083557,,-0.0007661346989188884,,-0.0007003893394670049,0.00209383409861602,0.004544571736768861,-0.0010280779250274028,-0.0029191409696033557,0.0029191409696033557,0.004165857425371455,0.002816354315744083,0.0024839895207183836,,,-0.0012497572276114369,-0.005332297504475464,,,,,,,,,,0.00588121048287735,,,,,,,-0.0010552039916508172,,,,,-0.0024839895207183836,-0.0016945860713375414,,,-0.0012267555608455822,-0.0013743034805349132,,-0.0006621230344961254,-0.0006610286162572888,,-0.0008600479845928167,-0.001999611564178299,0.00018168700365232842
1109,2026-08-31,TOU,CA89156V1067,18595601C,-0.000560115284083557,,-0.0007661346989188884,,,,,-0.0010280779250274028,-0.0029191409696033557,,,,,-0.002666148752237732,-0.003602903719240178,,-0.005332297504475464,-0.002338726975647133,-0.0007750432419295732,,,-0.0010150312508519282,-0.00952195982942047,,,,,-0.0006115020073939752,,,,,,,,,,,,,,,,,-0.0023804899573551174,-0.0006621230344961254,-0.0006610286162572888,-0.0011591951096685791,0.002531153878706707,-0.001999611564178299,-0.000541856045497065
1110,2026-08-31,TPL,US88262P1021,01050401,,,,,,,,,0.000985030327181428,,,-0.002836328459827374,,,0.0012230040147879504,,-0.005332297504475464,,-0.0007750432419295732,,,-0.0010150312508519282,0.010524271390412098,,,,,0.0023804899573551174,,,,,,,,,,,-0.0024839895207183836,,-0.0022594480951167216,,,,-0.0023804899573551174,-0.0006621230344961254,-0.0006610286162572888,-0.0011591951096685791,-0.0008600479845928167,-0.001999611564178299,-0.0005073852872208996
1111,2026-08-31,TPR,US8760301072,14054101,0.0016525715406432223,0.001809603225500723,0.0022594480951167216,0.004650259451577439,0.002072136335936061,,,0.0030297144911792407,,,,,0.0024839895207183836,0.002666148752237732,,0.0037728520078835824,,,-0.0007750432419295732,-0.0006032010751669077,0.0029844948719079086,0.002962387502486369,0.010524271390412098,,-0.0013198756199196693,-0.000880886151620396,0.00588121048287735,0.0023804899573551174,0.0061526509667024585,-0.0006967287680063759,-0.0006419298761407058,,,-0.0010552039916508172,,0.0021734908306285856,,0.002050883655567486,,-0.0016945860713375414,-0.0022594480951167216,,,,,-0.0006621230344961254,,,,0.001970060654362856,0.0007052711535741921
1112,2026-08-31,TREL B,SE0000114837,10104802W,0.0016525715406432223,,-0.0007661346989188884,,,-0.0010693109968867907,,,0.000985030327181428,,,,-0.0013886191417904852,-0.002666148752237732,0.0012230040147879504,,,,,-0.0006032010751669077,,,,,,0.003447606145134998,,-0.0006115020073939752,,-0.0006967287680063759,-0.0006419298761407058,-0.0008563646955795712,-0.001025441827783743,,-0.0008987018265969884,,,,,-0.0016945860713375414,,-0.001075059980741021,,,,-0.0006621230344961254,,,-0.0008600479845928167,-0.001999611564178299,-0.0001449719108156332
1113,2026-08-31,TRGP,US87612G1013,18553201,-0.000560115284083557,,-0.0007661346989188884,,-0.0007003893394670049,,,-0.0010280779250274028,-0.0029191409696033557,,,0.002816354315744083,-0.0013886191417904852,0.002666148752237732,,,0.001801451859620089,,0.0022722858683844305,,,0.002962387502486369,,,,,,0.0023804899573551174,,,,,,,,,,,,,-0.0022594480951167216,,,,,-0.0006621230344961254,-0.0006610286162572888,-0.0011591951096685791,-0.0008600479845928167,0.001970060654362856,5.391559438491725e-05
1114,2026-08-31,TRN,IT0003242622,27045101W,-0.000560115284083557,-0.0006115020073939752,,,-0.0007003893394670049,-0.0010693109968867907,,-0.0010280779250274028,-0.0029191409696033557,-0.002962387502486369,,-0.002836328459827374,,-0.002666148752237732,-0.003602903719240178,,,-0.002338726975647133,-0.0007750432419295732,-0.0006032010751669077,,-0.0010150312508519282,,,,,,,,-0.0006967287680063759,,,0.003006934682974885,-0.0010552039916508172,0.0035080904634706995,,,,,,,-0.001075059980741021,,,-0.0023804899573551174,0.0019319918494476317,-0.0006610286162572888,,,,-0.0005869103526798891
1115,2026-08-31,TROW,US74144T1088,01213801,0.0016525715406432223,,-0.0007661346989188884,0.004650259451577439,0.002072136335936061,-0.0010693109968867907,-0.004760979914710235,-0.0010280779250274028,-0.0029191409696033557,,,,0.0024839895207183836,,,-0.0012497572276114369,-0.005332297504475464,,-0.0007750432419295732,,,,,,,,0.00588121048287735,,,,-0.0006419298761407058,-0.0008563646955795712,-0.001025441827783743,,-0.0008987018265969884,,,,-0.0024839895207183836,-0.0016945860713375414,,-0.001075059980741021,0.0024091705592509624,0.0027021777894301337,,,-0.0006610286162572888,,0.002531153878706707,-0.001999611564178299,-0.00017408531114947236
1116,2026-08-31,TRP,CA87807B1076,01067101C,-0.000560115284083557,,-0.0007661346989188884,,-0.0007003893394670049,-0.0010693109968867907,,,0.000985030327181428,,,-0.002836328459827374,,,-0.003602903719240178,,0.001801451859620089,-0.002338726975647133,-0.0007750432419295732,,,,0.010524271390412098,,,,,-0.0006115020073939752,,,,,,,,,,,,,,-0.001075059980741021,,,-0.0023804899573551174,-0.0006621230344961254,-0.0006610286162572888,-0.0011591951096685791,-0.0008600479845928167,0.001970060654362856,-0.0004166495138499714
1117,2026-08-31,TRU,US89400J1079,02463801,-0.000560115284083557,-0.0006115020073939752,,,-0.0007003893394670049,0.00209383409861602,0.004544571736768861,,0.000985030327181428,-0.002962387502486369,,,,,,,,-0.002338726975647133,,-0.0006032010751669077,,-0.0010150312508519282,,,0.002596898135296492,-0.000880886151620396,,0.0023804899573551174,,0.002050883655567486,0.0018864260039417912,,0.003006934682974885,,0.0035080904634706995,,,0.002050883655567486,-0.0024839895207183836,,,0.002115991073204549,,,,-0.0006621230344961254,,,-0.0008600479845928167,,0.00020720688013463887
1118,2026-08-31,TRV,US89417E1091,06268905,0.0016525715406432223,0.001809603225500723,0.0022594480951167216,0.004650259451577439,0.002072136335936061,-0.0010693109968867907,-0.004760979914710235,0.0030297144911792407,0.000985030327181428,,0.004165857425371455,,,,,-0.0012497572276114369,,,0.0022722858683844305,,-0.0015322693978377768,,,,,,,,,0.002050883655567486,0.0018864260039417912,,-0.001025441827783743,0.004122910441604739,-0.0008987018265969884,,,,-0.0024839895207183836,,,-0.001075059980741021,0.0024091705592509624,0.0027021777894301337,,0.0019319918494476317,0.0019319918494476317,,-0.0008600479845928167,,0.0004817067918202768
1119,2026-08-31,TRYG,DK0060636678,27428201W,-0.000560115284083557,-0.0006115020073939752,,,-0.0007003893394670049,,,-0.0010280779250274028,0.000985030327181428,0.0029191409696033557,-0.004165857425371455,0.002816354315744083,,,,-0.0012497572276114369,,,-0.0007750432419295732,,,,,,,,,,,-0.0006967287680063759,-0.0006419298761407058,,-0.001025441827783743,-0.0010552039916508172,-0.0008987018265969884,-0.0007392279350012195,,,,-0.0016945860713375414,-0.0022594480951167216,,-0.0012267555608455822,-0.0013743034805349132,,,-0.0006610286162572888,,-0.0008600479845928167,-0.001999611564178299,-0.00022404723622666267
1120,2026-08-31,TSCO,GB00BLGZ9862,10013101W,-0.000560115284083557,-0.0006115020073939752,,,,,,,,,,0.002816354315744083,,0.002666148752237732,0.0012230040147879504,,0.001801451859620089,0.0023251297257887195,-0.0007750432419295732,0.002366404217962484,,,,,,,,0.0023804899573551174,,,,0.0016874359191378049,,,,0.0021734908306285856,,0.002050883655567486,,,0.002234202865003686,,,,0.002366404217962484,,,,-0.0008600479845928167,,0.0005851213230166096
1121,2026-08-31,TSCO,US8923561067,02973601,-0.000560115284083557,-0.0006115020073939752,-0.0007661346989188884,-0.0023947443882374837,-0.0007003893394670049,,,-0.0010280779250274028,,,,,-0.0013886191417904852,0.002666148752237732,,-0.0012497572276114369,,,-0.0007750432419295732,-0.0006032010751669077,,-0.0010150312508519282,-0.00952195982942047,-0.009998057820891495,,-0.000880886151620396,-0.0029844948719079086,-0.0006115020073939752,-0.006248786138057184,-0.0006967287680063759,-0.0006419298761407058,,-0.001025441827783743,-0.0010552039916508172,,-0.0007392279350012195,,,,,,,,,,,-0.0006610286162572888,-0.0011591951096685791,,,-0.0005351801019954108
1122,2026-08-31,TSEM,IL0010823792,03125501W,,,,,,,,,,,,,,-0.002666148752237732,,,,-0.002338726975647133,-0.0007750432419295732,-0.0006032010751669077,,,,,-0.0013198756199196693,,,-0.0006115020073939752,,-0.0006967287680063759,-0.0006419298761407058,-0.0008563646955795712,,,,-0.0007392279350012195,,-0.002072136335936061,,-0.0016945860713375414,,,,,,,,,,-0.001999611564178299,-0.00033960376468750283
1123,2026-08-31,TSLA,US88160R1014,18499601,-0.000560115284083557,-0.0006115020073939752,-0.0007661346989188884,-0.0023947443882374837,-0.0007003893394670049,,-0.004760979914710235,-0.0010280779250274028,,,,,0.0024839895207183836,,,-0.0012497572276114369,,,-0.0007750432419295732,-0.0006032010751669077,0.0029844948719079086,-0.0010150312508519282,,0.008887162507459107,-0.0013198756199196693,-0.000880886151620396,-0.0029844948719079086,-0.0006115020073939752,,-0.0006967287680063759,-0.0006419298761407058,-0.0008563646955795712,,-0.0010552039916508172,,-0.0007392279350012195,,,,0.0016803458522506713,-0.0022594480951167216,,,,,-0.0006621230344961254,-0.0006610286162572888,-0.0011591951096685791,,,-0.00025812770040537186
1124,2026-08-31,TSN,US9024941034,01079301,0.0016525715406432223,0.001809603225500723,,0.004650259451577439,,0.00209383409861602,0.004544571736768861,,,,,,,,0.0012230040147879504,,-0.005332297504475464,,-0.0007750432419295732,-0.0006032010751669077,,,,-0.009998057820891495,-0.0013198756199196693,,,-0.0006115020073939752,,-0.0006967287680063759,-0.0006419298761407058,0.0016874359191378049,,,,-0.0007392279350012195,-0.005554476567161941,,-0.0024839895207183836,,,-0.001075059980741021,-0.0012267555608455822,0.0027021777894301337,0.002366404217962484,-0.0006621230344961254,-0.0006610286162572888,,0.002531153878706707,-0.001999611564178299,-7.715253643406458e-05
1125,2026-08-31,TT,IE00BK9ZQ967,00595901,-0.000560115284083557,-0.0006115020073939752,-0.0007661346989188884,,-0.0007003893394670049,,,,0.000985030327181428,,,,-0.0013886191417904852,,0.0012230040147879504,,,,,0.002366404217962484,,-0.0010150312508519282,,,,-0.000880886151620396,-0.0029844948719079086,-0.0006115020073939752,,-0.0006967287680063759,-0.0006419298761407058,-0.0008563646955795712,,,-0.0008987018265969884,-0.0007392279350012195,,,0.004818341118501925,,,,-0.0012267555608455822,-0.0013743034805349132,,-0.0006621230344961254,-0.0006610286162572888,,-0.0008600479845928167,,-6.96119233363897e-05
1126,2026-08-31,TTE,FR0000120271,02462502W,-0.000560115284083557,,-0.0007661346989188884,,-0.0007003893394670049,,,,0.000985030327181428,,,,-0.0013886191417904852,,0.0012230040147879504,,0.001801451859620089,,,,,,,,,,,-0.0006115020073939752,,,,,,,,,,,,,0.002234202865003686,0.002115991073204549,,,,,,,0.002531153878706707,,0.00024772659050343714
1127,2026-08-31,TTWO,US8740541094,06463001,-0.000560115284083557,-0.0006115020073939752,,-0.0023947443882374837,-0.0007003893394670049,0.00209383409861602,0.004544571736768861,,,,-0.004165857425371455,,,,,,,,,,0.0029844948719079086,,,,,0.003447606145134998,,,,,0.0018864260039417912,-0.0008563646955795712,,,,,,,,-0.0016945860713375414,-0.0022594480951167216,,,,,-0.0006621230344961254,-0.0006610286162572888,-0.0011591951096685791,,,2.8258186078435693e-05
1128,2026-08-31,TUB,BE0003823409,10148302W,,,,,,,,,,,,,,,,,,-0.002338726975647133,,-0.0006032010751669077,-0.0015322693978377768,,,,-0.0013198756199196693,,,,,-0.0006967287680063759,-0.0006419298761407058,,,-0.0010552039916508172,,-0.0007392279350012195,,,,-0.0016945860713375414,-0.0022594480951167216,,-0.0012267555608455822,-0.0013743034805349132,-0.0023804899573551174,-0.0006621230344961254,-0.0006610286162572888,-0.0011591951096685791,-0.0008600479845928167,-0.001999611564178299,-0.0005976361714884724
1129,2026-08-31,TW,US8926721064,03491901,-0.000560115284083557,-0.0006115020073939752,-0.0007661346989188884,-0.0023947443882374837,-0.0007003893394670049,,,-0.0010280779250274028,-0.0029191409696033557,0.0029191409696033557,0.004165857425371455,,,,,-0.0012497572276114369,,,0.0022722858683844305,,,,,,,,,,,,,-0.0008563646955795712,,-0.0010552039916508172,-0.0008987018265969884,-0.0007392279350012195,,,0.004818341118501925,-0.0016945860713375414,,-0.001075059980741021,-0.0012267555608455822,-0.0013743034805349132,-0.0023804899573551174,-0.0006621230344961254,-0.0006610286162572888,,-0.0008600479845928167,-0.001999611564178299,-3.295619490847498e-05
1130,2026-08-31,TWLO,US90138F1021,02736401,-0.000560115284083557,-0.0006115020073939752,,,-0.0007003893394670049,,,-0.0010280779250274028,,,-0.004165857425371455,0.002816354315744083,,,,,,,-0.0007750432419295732,-0.0006032010751669077,,,,,-0.0013198756199196693,-0.000880886151620396,,-0.0006115020073939752,0.0061526509667024585,-0.0006967287680063759,-0.0006419298761407058,,,,,,,,-0.0024839895207183836,,,-0.001075059980741021,,,,,,,,-0.001999611564178299,-0.0001751813738477193
1131,2026-08-31,TXN,US8825081040,01049901,,,,,,,,-0.0010280779250274028,,,-0.004165857425371455,,0.0024839895207183836,,,,,,-0.0007750432419295732,-0.0006032010751669077,,,,,,-0.000880886151620396,0.00588121048287735,-0.0006115020073939752,,-0.0006967287680063759,-0.0006419298761407058,-0.0008563646955795712,,,,0.0021734908306285856,,,0.004818341118501925,,,,,,,,,,,,-0.00023905415467499543
1132,2026-08-31,TXT,US8832031012,01051901,-0.000560115284083557,-0.0006115020073939752,,-0.0023947443882374837,-0.0007003893394670049,0.00209383409861602,,,0.000985030327181428,,,,,,0.0012230040147879504,,,,,-0.0006032010751669077,,,,,,-0.000880886151620396,,-0.0006115020073939752,,0.002050883655567486,0.0018864260039417912,0.0016874359191378049,0.003006934682974885,,0.0035080904634706995,,,0.002050883655567486,-0.0024839895207183836,,,,0.0024091705592509624,0.0027021777894301337,0.002366404217962484,,0.0019319918494476317,0.0022722858683844305,0.002531153878706707,,0.0006539928799121348
1133,2026-08-31,U11,SG1M31001969,01567901W,-0.000560115284083557,-0.0006115020073939752,-0.0007661346989188884,,-0.0007003893394670049,,,-0.0010280779250274028,,,0.004165857425371455,,0.0024839895207183836,,,0.0037728520078835824,0.001801451859620089,,-0.0007750432419295732,,0.0029844948719079086,,,,,,,,,,-0.0006419298761407058,-0.0008563646955795712,0.003006934682974885,,0.0035080904634706995,,,,,,,,,,-0.0023804899573551174,,,,0.002531153878706707,,0.0006632689223549246
1134,2026-08-31,UAL,US9100471096,01079504,0.0016525715406432223,0.001809603225500723,,0.004650259451577439,0.002072136335936061,0.00209383409861602,0.004544571736768861,,-0.0029191409696033557,-0.002962387502486369,,,-0.0013886191417904852,0.002666148752237732,-0.003602903719240178,,,,,-0.0006032010751669077,,-0.0010150312508519282,,,-0.0013198756199196693,-0.000880886151620396,-0.0029844948719079086,-0.0006115020073939752,,,,0.0016874359191378049,,,,-0.0007392279350012195,,-0.002072136335936061,,0.0016803458522506713,0.002234202865003686,0.002115991073204549,0.0024091705592509624,0.0027021777894301337,0.002366404217962484,0.0019319918494476317,0.0019319918494476317,0.0022722858683844305,,0.001970060654362856,0.0003091522044963033
1135,2026-08-31,UBER,US90353T1007,03507701,,-0.0006115020073939752,-0.0007661346989188884,-0.0023947443882374837,-0.0007003893394670049,0.00209383409861602,0.004544571736768861,,0.000985030327181428,,,,,,0.0012230040147879504,,,,,-0.0006032010751669077,,0.002962387502486369,,,-0.0013198756199196693,-0.000880886151620396,,-0.0006115020073939752,-0.006248786138057184,-0.0006967287680063759,-0.0006419298761407058,0.0016874359191378049,,,,,,,,0.0016803458522506713,,0.002115991073204549,0.0024091705592509624,0.0027021777894301337,,,0.0019319918494476317,0.0022722858683844305,-0.0008600479845928167,,0.00022618560646584586
1136,2026-08-31,UBSG,CH0244767585,14449609W,0.0016525715406432223,0.001809603225500723,-0.0007661346989188884,,0.002072136335936061,0.00209383409861602,,-0.0010280779250274028,0.000985030327181428,,,,,,,0.0037728520078835824,,,0.0022722858683844305,,,,,,,,,,,-0.0006967287680063759,,,0.003006934682974885,-0.0010552039916508172,-0.0008987018265969884,0.0021734908306285856,,0.002050883655567486,,0.0016803458522506713,,0.002115991073204549,,,,0.0019319918494476317,0.0019319918494476317,,,0.001970060654362856,0.0005024936182831057
1137,2026-08-31,UCB,BE0003739530,10075101W,-0.000560115284083557,0.001809603225500723,,,,0.00209383409861602,,,0.000985030327181428,,,,,,,,,,0.0022722858683844305,-0.0006032010751669077,-0.0015322693978377768,0.002962387502486369,,,0.002596898135296492,,,-0.0006115020073939752,,0.002050883655567486,0.0018864260039417912,,,0.004122910441604739,,-0.0007392279350012195,,,,,,0.002115991073204549,,,,-0.0006621230344961254,-0.0006610286162572888,,-0.0008600479845928167,,0.00012360242902075095
1138,2026-08-31,UCG,IT0005239360,01554901W,,-0.0006115020073939752,-0.0007661346989188884,,,-0.0010693109968867907,,-0.0010280779250274028,0.000985030327181428,,-0.004165857425371455,,0.0024839895207183836,,,0.0037728520078835824,0.001801451859620089,,0.0022722858683844305,,,,,,,,,,,,,-0.0008563646955795712,-0.001025441827783743,,-0.0008987018265969884,,,,,0.0016803458522506713,,0.002115991073204549,0.0024091705592509624,0.0027021777894301337,,,,,-0.0008600479845928167,,8.508598705202659e-06
1139,2026-08-31,UHR,CH0012255151,10134703W,0.0016525715406432223,,-0.0007661346989188884,,-0.0007003893394670049,,,-0.0010280779250274028,,,,,0.0024839895207183836,-0.002666148752237732,,0.0037728520078835824,,-0.002338726975647133,-0.0007750432419295732,-0.0006032010751669077,,-0.0010150312508519282,,,-0.0013198756199196693,,,,,-0.0006967287680063759,-0.0006419298761407058,-0.0008563646955795712,-0.001025441827783743,-0.0010552039916508172,,0.0021734908306285856,-0.005554476567161941,,,,,,,,,,-0.0006610286162572888,-0.0011591951096685791,,-0.001999611564178299,-0.0003932563903819217
1140,2026-08-31,ULTA,US90384S3031,17870401,,-0.0006115020073939752,,,-0.0007003893394670049,,,0.0030297144911792407,,,,,-0.0013886191417904852,,,-0.0012497572276114369,,0.0023251297257887195,-0.0007750432419295732,0.002366404217962484,,-0.0010150312508519282,,,,0.003447606145134998,,-0.0006115020073939752,-0.006248786138057184,-0.0006967287680063759,-0.0006419298761407058,0.0016874359191378049,,-0.0010552039916508172,,-0.0007392279350012195,,,,-0.0016945860713375414,,,,,,-0.0006621230344961254,,,,,6.50758324757154e-05
1141,2026-08-31,UMG,NL0015000IY2,35036601W,0.0016525715406432223,-0.0006115020073939752,-0.0007661346989188884,,-0.0007003893394670049,,,-0.0010280779250274028,,,,,,,,,,,,,-0.0015322693978377768,,,,,-0.000880886151620396,,,,,-0.0006419298761407058,,,,,,,,,,,,,,,-0.0006621230344961254,-0.0006610286162572888,-0.0011591951096685791,,,-0.00027079920742903684
1142,2026-08-31,UNH,US91324P1021,01090301,0.0016525715406432223,0.001809603225500723,,,,,,,0.000985030327181428,,,,,,0.0012230040147879504,,,0.0023251297257887195,-0.0007750432419295732,-0.0006032010751669077,0.0029844948719079086,-0.0010150312508519282,,,-0.0013198756199196693,,,-0.0006115020073939752,0.0061526509667024585,-0.0006967287680063759,-0.0006419298761407058,0.0016874359191378049,,-0.0010552039916508172,,-0.0007392279350012195,-0.005554476567161941,-0.002072136335936061,0.004818341118501925,0.0016803458522506713,0.002234202865003686,,,,0.002366404217962484,-0.0006621230344961254,-0.0006610286162572888,,0.002531153878706707,0.001970060654362856,0.00031395420791213095
1143,2026-08-31,UNI,IT0004810054,01586202W,,,,,,,,-0.0010280779250274028,-0.0029191409696033557,,0.004165857425371455,,,,,-0.0012497572276114369,0.001801451859620089,,,,-0.0015322693978377768,,,,,,,,,0.002050883655567486,0.0018864260039417912,,0.003006934682974885,0.004122910441604739,0.0035080904634706995,0.0021734908306285856,,0.002050883655567486,,,-0.0022594480951167216,,,,,0.0019319918494476317,0.0019319918494476317,,-0.0008600479845928167,,0.00043705965527367316
1144,2026-08-31,UNP,US9078181081,01086701,,,-0.0007661346989188884,,,-0.0010693109968867907,,,-0.0029191409696033557,-0.002962387502486369,,,-0.0013886191417904852,,-0.003602903719240178,,,-0.002338726975647133,,-0.0006032010751669077,,-0.0010150312508519282,,,,0.003447606145134998,-0.0029844948719079086,-0.0006115020073939752,,-0.0006967287680063759,-0.0006419298761407058,-0.0008563646955795712,-0.001025441827783743,,-0.0008987018265969884,-0.0007392279350012195,,,-0.0024839895207183836,0.0016803458522506713,-0.0022594480951167216,,,,-0.0023804899573551174,-0.0006621230344961254,-0.0006610286162572888,-0.0011591951096685791,,,-0.00048286577358201753
1145,2026-08-31,UPM,FI0009005987,10171803W,-0.000560115284083557,-0.0006115020073939752,,,-0.0007003893394670049,,,,,,,,,,,-0.0012497572276114369,,,,-0.0006032010751669077,,,,,,-0.000880886151620396,,-0.0006115020073939752,,-0.0006967287680063759,,-0.0008563646955795712,,,,-0.0007392279350012195,,,,,,0.002115991073204549,,,,-0.0006621230344961254,0.0019319918494476317,0.0022722858683844305,,,1.4291128438970138e-05
1146,2026-08-31,UPS,US9113121068,01092001,,-0.0006115020073939752,-0.0007661346989188884,,-0.0007003893394670049,,,,-0.0029191409696033557,-0.002962387502486369,,,,0.002666148752237732,,,,0.0023251297257887195,,-0.0006032010751669077,,-0.0010150312508519282,,,-0.0013198756199196693,-0.000880886151620396,-0.0029844948719079086,0.0023804899573551174,-0.006248786138057184,-0.0006967287680063759,-0.0006419298761407058,-0.0008563646955795712,-0.001025441827783743,,-0.0008987018265969884,-0.0007392279350012195,,-0.002072136335936061,-0.0024839895207183836,0.0016803458522506713,,0.002115991073204549,0.0024091705592509624,0.0027021777894301337,0.002366404217962484,,-0.0006610286162572888,-0.0011591951096685791,0.002531153878706707,0.001970060654362856,-0.000133903780101093
1147,2026-08-31,URI,US9113631090,06606501,,,,,,,,,-0.0029191409696033557,-0.002962387502486369,,,-0.0013886191417904852,,-0.003602903719240178,,,,,-0.0006032010751669077,,-0.0010150312508519282,,,,0.003447606145134998,-0.0029844948719079086,-0.0006115020073939752,,,-0.0006419298761407058,,-0.001025441827783743,,-0.0008987018265969884,-0.0007392279350012195,,,,,,,,,,,-0.0006610286162572888,-0.0011591951096685791,-0.0008600479845928167,,-0.0003288853157731713
1148,2026-08-31,URW,FR0013326246,01638302W,-0.000560115284083557,,,,,,,,,,,,,,,,,,,,,,,,,,,-0.0006115020073939752,,,,-0.0008563646955795712,,0.004122910441604739,-0.0008987018265969884,,-0.005554476567161941,-0.002072136335936061,,0.0016803458522506713,0.002234202865003686,,,,,0.0019319918494476317,0.0019319918494476317,0.0022722858683844305,,,2.5372876976329908e-05
1149,2026-08-31,USB,US9029733048,00472301,,,-0.0007661346989188884,,,,,,0.000985030327181428,,,-0.002836328459827374,,,,-0.0012497572276114369,0.001801451859620089,,,,,,,,,,,,,,,-0.0008563646955795712,-0.001025441827783743,,-0.0008987018265969884,,,,0.004818341118501925,,,,,,,,,,0.002531153878706707,,-8.50296145478137e-06
1150,2026-08-31,UTHR,US91307C1027,12144001,-0.000560115284083557,-0.0006115020073939752,,,,,,,-0.0029191409696033557,,,,,,-0.003602903719240178,,,-0.002338726975647133,-0.0007750432419295732,-0.0006032010751669077,,-0.0010150312508519282,,,,,,-0.0006115020073939752,,-0.0006967287680063759,-0.0006419298761407058,-0.0008563646955795712,,0.004122910441604739,,-0.0007392279350012195,,,,,-0.0022594480951167216,,0.0024091705592509624,,-0.0023804899573551174,0.0019319918494476317,,0.0022722858683844305,,-0.001999611564178299,-0.00017928520425474338
1151,2026-08-31,UU.,GB00B39J2M42,10270403W,0.0016525715406432223,-0.0006115020073939752,,,-0.0007003893394670049,0.00209383409861602,,-0.0010280779250274028,0.000985030327181428,-0.002962387502486369,,,,,,,,-0.002338726975647133,0.0022722858683844305,-0.0006032010751669077,,0.002962387502486369,,,,,,,,0.002050883655567486,,0.0016874359191378049,-0.001025441827783743,0.004122910441604739,-0.0008987018265969884,,,,,,-0.0022594480951167216,0.002115991073204549,0.0024091705592509624,0.0027021777894301337,,,-0.0006610286162572888,,-0.0008600479845928167,0.001970060654362856,6.010847641747313e-05
1152,2026-08-31,V,US92826C8394,17953401,-0.000560115284083557,-0.0006115020073939752,-0.0007661346989188884,-0.0023947443882374837,-0.0007003893394670049,-0.0010693109968867907,,,-0.0029191409696033557,-0.002962387502486369,,,,,,-0.0012497572276114369,-0.005332297504475464,,-0.0007750432419295732,,,,,,,,-0.0029844948719079086,,,-0.0006967287680063759,-0.0006419298761407058,-0.0008563646955795712,,-0.0010552039916508172,-0.0008987018265969884,-0.0007392279350012195,,,-0.0024839895207183836,,,-0.001075059980741021,-0.0012267555608455822,-0.0013743034805349132,-0.0023804899573551174,-0.0006621230344961254,-0.0006610286162572888,,-0.0008600479845928167,-0.001999611564178299,-0.0006015325592362738
1153,2026-08-31,VACN,CH0311864901,32150201W,0.0016525715406432223,,-0.0007661346989188884,,-0.0007003893394670049,,,,0.000985030327181428,,,,-0.0013886191417904852,,0.0012230040147879504,,,,,0.002366404217962484,,-0.0010150312508519282,,,-0.0013198756199196693,-0.000880886151620396,,-0.0006115020073939752,,-0.0006967287680063759,-0.0006419298761407058,-0.0008563646955795712,,,-0.0008987018265969884,-0.0007392279350012195,,,,-0.0016945860713375414,-0.0022594480951167216,-0.001075059980741021,-0.0012267555608455822,-0.0013743034805349132,-0.0023804899573551174,-0.0006621230344961254,-0.0006610286162572888,-0.0011591951096685791,-0.0008600479845928167,,-0.00018560998137468688
1154,2026-08-31,VAR,NO0011202772,35234101W,-0.000560115284083557,,-0.0007661346989188884,,-0.0007003893394670049,-0.0010693109968867907,,0.0030297144911792407,,,,0.002816354315744083,0.0024839895207183836,0.002666148752237732,,,0.001801451859620089,,0.0022722858683844305,,,,,,,,,,,,,,,,,,,,,,0.002234202865003686,0.002115991073204549,,,,0.0019319918494476317,0.0019319918494476317,0.0022722858683844305,-0.0008600479845928167,0.001970060654362856,0.0005751834912843539
1155,2026-08-31,VCX,AU000000VCX7,27340701W,-0.000560115284083557,,,,,,,,,,,,,,,,,,,,,,,,,,,0.0023804899573551174,,,,-0.0008563646955795712,-0.001025441827783743,0.004122910441604739,-0.0008987018265969884,,,,,-0.0016945860713375414,,0.002115991073204549,,,,-0.0006621230344961254,-0.0006610286162572888,,,,3.965757090180935e-05
1156,2026-08-31,VEEV,US9224751084,01868901,,,,,,0.00209383409861602,0.004544571736768861,,,,,,,,,,,-0.002338726975647133,-0.0007750432419295732,-0.0006032010751669077,,,,,,,,-0.0006115020073939752,-0.006248786138057184,-0.0006967287680063759,,-0.0008563646955795712,,-0.0010552039916508172,,0.0021734908306285856,,,-0.0024839895207183836,,,,-0.0012267555608455822,-0.0013743034805349132,-0.0023804899573551174,,,0.0022722858683844305,-0.0008600479845928167,-0.001999611564178299,-0.00017658453569916523
1157,2026-08-31,VER,AT0000746409,10279701W,0.0016525715406432223,-0.0006115020073939752,,,-0.0007003893394670049,-0.0010693109968867907,,,0.000985030327181428,0.0029191409696033557,,,,,0.0012230040147879504,,,,-0.0007750432419295732,0.002366404217962484,,-0.0010150312508519282,,,,,,,,-0.0006967287680063759,,-0.0008563646955795712,-0.001025441827783743,-0.0010552039916508172,-0.0008987018265969884,,,,,-0.0016945860713375414,-0.0022594480951167216,-0.001075059980741021,,,,-0.0006621230344961254,,,0.002531153878706707,-0.001999611564178299,0.00012362149851163727
1158,2026-08-31,VICI,US9256521090,03258001,-0.000560115284083557,,,,,,,,,,,,,,,,0.001801451859620089,,,,,,,,,,,-0.0006115020073939752,,,,-0.0008563646955795712,-0.001025441827783743,-0.0010552039916508172,-0.0008987018265969884,,0.005478387847063832,,,,,0.002115991073204549,,,,0.0019319918494476317,,,,,0.0002012207949571285
1159,2026-08-31,VIE,FR0000124141,23861601W,0.0016525715406432223,0.001809603225500723,,,0.002072136335936061,,,-0.0010280779250274028,0.000985030327181428,,0.004165857425371455,-0.002836328459827374,,0.002666148752237732,0.0012230040147879504,,,0.0023251297257887195,-0.0007750432419295732,0.002366404217962484,,0.002962387502486369,,,,,,,,-0.0006967287680063759,,-0.0008563646955795712,0.003006934682974885,-0.0010552039916508172,0.0035080904634706995,,,,,,0.002234202865003686,0.002115991073204549,,,0.002366404217962484,0.0019319918494476317,0.0019319918494476317,0.0022722858683844305,-0.0008600479845928167,0.001970060654362856,0.0006233879841388122
1160,2026-08-31,VLO,US91913Y1001,01524701,0.0016525715406432223,,0.0022594480951167216,0.004650259451577439,0.002072136335936061,0.00209383409861602,0.004544571736768861,0.0030297144911792407,0.000985030327181428,,,,-0.0013886191417904852,0.002666148752237732,0.0012230040147879504,,-0.005332297504475464,0.0023251297257887195,,,,0.002962387502486369,,,,,,-0.0006115020073939752,,,,,,,,,,,-0.0024839895207183836,,,,,,0.002366404217962484,-0.0006621230344961254,,,-0.0008600479845928167,,0.00030986478151417903
1161,2026-08-31,VLTO,US92338C1036,04319701,-0.000560115284083557,,,,,,,,0.000985030327181428,,,,,,0.0012230040147879504,,,,,-0.0006032010751669077,,-0.0010150312508519282,,,,0.003447606145134998,,-0.0006115020073939752,-0.006248786138057184,,-0.0006419298761407058,-0.0008563646955795712,,,-0.0008987018265969884,-0.0007392279350012195,,,,-0.0016945860713375414,,,,,,-0.0006621230344961254,,,,,-0.00011951974599577937
1162,2026-08-31,VMC,US9291601097,01122801,-0.000560115284083557,-0.0006115020073939752,-0.0007661346989188884,-0.0023947443882374837,-0.0007003893394670049,,,,,-0.002962387502486369,,,,,,-0.0012497572276114369,,,-0.0007750432419295732,-0.0006032010751669077,0.0029844948719079086,-0.0010150312508519282,,,,-0.000880886151620396,-0.0029844948719079086,-0.0006115020073939752,,-0.0006967287680063759,-0.0006419298761407058,-0.0008563646955795712,,,,-0.0007392279350012195,,,-0.0024839895207183836,,,,-0.0012267555608455822,,,-0.0006621230344961254,-0.0006610286162572888,,,,-0.00019858510518085804
1163,2026-08-31,VNA,DE000A1ML7J1,31568201W,-0.000560115284083557,,,,,,,,,,,,,,,,-0.005332297504475464,,,,,,,,,,,-0.0006115020073939752,,,,-0.0008563646955795712,0.003006934682974885,0.004122910441604739,0.0035080904634706995,,0.005478387847063832,-0.002072136335936061,,0.0016803458522506713,0.002234202865003686,0.002115991073204549,,,0.002366404217962484,-0.0006621230344961254,0.0019319918494476317,0.0022722858683844305,,,0.00035122758381839366
1164,2026-08-31,VOD,GB00BH4HKS39,01489401W,0.0016525715406432223,0.001809603225500723,-0.0007661346989188884,,0.002072136335936061,0.00209383409861602,,-0.0010280779250274028,,,,,,,,,,,,,-0.0015322693978377768,,,,,,,,,,0.0018864260039417912,0.0016874359191378049,,,,,,,,,0.002234202865003686,,,,,0.0019319918494476317,0.0019319918494476317,0.0022722858683844305,,,0.00019900539366543668
1165,2026-08-31,VOLV B,SE0000115446,01121704W,,-0.0006115020073939752,-0.0007661346989188884,,-0.0007003893394670049,,,,0.000985030327181428,,,,-0.0013886191417904852,,0.0012230040147879504,,,,,-0.0006032010751669077,,-0.0010150312508519282,,,-0.0013198756199196693,-0.000880886151620396,,-0.0006115020073939752,,-0.0006967287680063759,-0.0006419298761407058,-0.0008563646955795712,-0.001025441827783743,,-0.0008987018265969884,0.0021734908306285856,,,,0.0016803458522506713,,,,,,-0.0006621230344961254,,,0.002531153878706707,,5.426312120248324e-05
1166,2026-08-31,VOW3,DE0007664039,10073702W,-0.000560115284083557,-0.0006115020073939752,0.0022594480951167216,,-0.0007003893394670049,,,-0.0010280779250274028,,,,,,,,-0.0012497572276114369,,,-0.0007750432419295732,-0.0006032010751669077,,-0.0010150312508519282,,,-0.0013198756199196693,-0.000880886151620396,,,,-0.0006967287680063759,-0.0006419298761407058,-0.0008563646955795712,-0.001025441827783743,-0.0010552039916508172,,0.0021734908306285856,-0.005554476567161941,0.002050883655567486,,0.0016803458522506713,0.002234202865003686,,,,,-0.0006621230344961254,0.0019319918494476317,-0.0011591951096685791,,,-0.00023523871271156994
1167,2026-08-31,VRSK,US92345Y1064,18065201,-0.000560115284083557,-0.0006115020073939752,-0.0007661346989188884,-0.0023947443882374837,-0.0007003893394670049,,,,-0.0029191409696033557,-0.002962387502486369,,,,-0.002666148752237732,-0.003602903719240178,,,,,0.002366404217962484,,-0.0010150312508519282,,,-0.0013198756199196693,-0.000880886151620396,,-0.0006115020073939752,-0.006248786138057184,-0.0006967287680063759,-0.0006419298761407058,-0.0008563646955795712,,,-0.0008987018265969884,,,,,-0.0016945860713375414,-0.0022594480951167216,-0.001075059980741021,-0.0012267555608455822,,-0.0023804899573551174,-0.0006621230344961254,,,-0.0008600479845928167,0.001970060654362856,-0.00042535647162910296
1168,2026-08-31,VRSN,US92343E1029,06636801,-0.000560115284083557,-0.0006115020073939752,-0.0007661346989188884,-0.0023947443882374837,-0.0007003893394670049,,,-0.0010280779250274028,,,,0.002816354315744083,,-0.002666148752237732,,,,-0.002338726975647133,-0.0007750432419295732,-0.0006032010751669077,,,,,,-0.000880886151620396,-0.0029844948719079086,-0.0006115020073939752,,-0.0006967287680063759,-0.0006419298761407058,-0.0008563646955795712,,,,-0.0007392279350012195,,,,-0.0016945860713375414,,,,,,,,,,,-0.00020346528608767794
1169,2026-08-31,VRT,US92537N1081,03617501,,,-0.0007661346989188884,,-0.0007003893394670049,0.00209383409861602,0.004544571736768861,,,,,,-0.0013886191417904852,,0.0012230040147879504,,,,,0.002366404217962484,,0.002962387502486369,,,0.002596898135296492,-0.000880886151620396,0.00588121048287735,0.0023804899573551174,-0.006248786138057184,,0.0018864260039417912,,0.003006934682974885,,0.0035080904634706995,0.0021734908306285856,,0.002050883655567486,,,,,-0.0012267555608455822,-0.0013743034805349132,-0.0023804899573551174,-0.0006621230344961254,-0.0006610286162572888,,-0.0008600479845928167,,0.00033567278279489696
1170,2026-08-31,VRTX,US92532F1003,02434401,-0.000560115284083557,-0.0006115020073939752,,,,,,,0.000985030327181428,,,,,,0.0012230040147879504,,,,0.0022722858683844305,-0.0006032010751669077,-0.0015322693978377768,-0.0010150312508519282,,,0.002596898135296492,,,-0.0006115020073939752,-0.006248786138057184,0.002050883655567486,0.0018864260039417912,-0.0008563646955795712,,-0.0010552039916508172,,0.0021734908306285856,,0.002050883655567486,0.004818341118501925,,-0.0022594480951167216,,,-0.0013743034805349132,-0.0023804899573551174,-0.0006621230344961254,-0.0006610286162572888,,-0.0008600479845928167,-0.001999611564178299,-0.00013692987378668126
1171,2026-08-31,VST,US92840M1027,15737302,-0.000560115284083557,-0.0006115020073939752,,-0.0023947443882374837,-0.0007003893394670049,0.00209383409861602,0.004544571736768861,-0.0010280779250274028,0.000985030327181428,,,0.002816354315744083,,0.002666148752237732,0.0012230040147879504,,,0.0023251297257887195,-0.0007750432419295732,0.002366404217962484,,-0.0010150312508519282,0.010524271390412098,0.008887162507459107,,,,,,-0.0006967287680063759,,,-0.001025441827783743,0.004122910441604739,-0.0008987018265969884,,,,,,,0.002115991073204549,-0.0012267555608455822,-0.0013743034805349132,,,0.0019319918494476317,0.0022722858683844305,-0.0008600479845928167,0.001970060654362856,0.0005880842867305628
1172,2026-08-31,VTR,US92276F1003,11017901,-0.000560115284083557,,,,,,,,,,,,,,,,,,,,,,,,,,,-0.0006115020073939752,0.0061526509667024585,,,,,-0.0010552039916508172,0.0035080904634706995,,0.005478387847063832,,,,,-0.001075059980741021,,,,-0.0006621230344961254,-0.0006610286162572888,,,,0.00023710453862367843
1173,2026-08-31,VWS,DK0061539921,22509401W,0.0016525715406432223,-0.0006115020073939752,,,-0.0007003893394670049,0.00209383409861602,,,0.000985030327181428,,,,0.0024839895207183836,0.002666148752237732,0.0012230040147879504,,,0.0023251297257887195,,-0.0006032010751669077,,0.002962387502486369,,,,-0.000880886151620396,,-0.0006115020073939752,,0.002050883655567486,0.0018864260039417912,,,,,-0.0007392279350012195,,-0.002072136335936061,,,0.002234202865003686,0.002115991073204549,,,,0.0019319918494476317,0.0019319918494476317,0.0022722858683844305,-0.0008600479845928167,0.001970060654362856,0.00033958468559986186
1174,2026-08-31,VZ,US92343V1044,00213601,-0.000560115284083557,,-0.0007661346989188884,,,-0.0010693109968867907,-0.004760979914710235,-0.0010280779250274028,,,,,,,,,,,,,,,,-0.009998057820891495,,-0.000880886151620396,,,,,-0.0006419298761407058,,,,,,,,-0.0024839895207183836,0.0016803458522506713,,,,,,,-0.0006610286162572888,,,,-0.00027854149936205446
1175,2026-08-31,WAB,US9297401088,06097901,-0.000560115284083557,-0.0006115020073939752,-0.0007661346989188884,,-0.0007003893394670049,,,,0.000985030327181428,,,,,,0.0012230040147879504,,,,,-0.0006032010751669077,,-0.0010150312508519282,,,,0.003447606145134998,-0.0029844948719079086,-0.0006115020073939752,,-0.0006967287680063759,-0.0006419298761407058,,,,0.0035080904634706995,-0.0007392279350012195,,,0.004818341118501925,,,-0.001075059980741021,-0.0012267555608455822,-0.0013743034805349132,,-0.0006621230344961254,-0.0006610286162572888,,-0.0008600479845928167,,-6.734678183672962e-05
1176,2026-08-31,WAT,US9418481035,06157401,,-0.0006115020073939752,,,,,,,0.000985030327181428,,,,,,0.0012230040147879504,,,-0.002338726975647133,-0.0007750432419295732,-0.0006032010751669077,-0.0015322693978377768,-0.0010150312508519282,,,-0.0013198756199196693,,,-0.0006115020073939752,-0.006248786138057184,-0.0006967287680063759,-0.0006419298761407058,-0.0008563646955795712,,-0.0010552039916508172,,-0.0007392279350012195,-0.005554476567161941,-0.002072136335936061,-0.0024839895207183836,,,-0.001075059980741021,-0.0012267555608455822,-0.0013743034805349132,,-0.0006621230344961254,-0.0006610286162572888,-0.0011591951096685791,-0.0008600479845928167,,-0.0008924951749569321
1177,2026-08-31,WBC,AU000000WBC1,01536201W,-0.000560115284083557,-0.0006115020073939752,,,-0.0007003893394670049,-0.0010693109968867907,,-0.0010280779250274028,0.000985030327181428,,-0.004165857425371455,0.002816354315744083,,,,0.0037728520078835824,0.001801451859620089,,-0.0007750432419295732,,,,,,,,,,,,-0.0006419298761407058,-0.0008563646955795712,-0.001025441827783743,,-0.0008987018265969884,,,,,0.0016803458522506713,,-0.001075059980741021,-0.0012267555608455822,-0.0013743034805349132,-0.0023804899573551174,,,,-0.0008600479845928167,,-0.00016324354160644045
1178,2026-08-31,WBD,US9344231041,16429601,,-0.0006115020073939752,-0.0007661346989188884,-0.0023947443882374837,-0.0007003893394670049,-0.0010693109968867907,,-0.0010280779250274028,,,,,,,,,,,,,,,,-0.009998057820891495,,-0.000880886151620396,,,,,0.0018864260039417912,-0.0008563646955795712,,,,,,,0.004818341118501925,,,,,,,-0.0006621230344961254,-0.0006610286162572888,-0.0011591951096685791,,,-0.0001912970745166722
1179,2026-08-31,WCN,CA94106B1013,11073201C,-0.000560115284083557,-0.0006115020073939752,,,-0.0007003893394670049,-0.0010693109968867907,,,-0.0029191409696033557,-0.002962387502486369,,,,,-0.003602903719240178,,,-0.002338726975647133,,-0.0006032010751669077,,-0.0010150312508519282,,,0.002596898135296492,-0.000880886151620396,,-0.0006115020073939752,,,0.0018864260039417912,-0.0008563646955795712,-0.001025441827783743,,-0.0008987018265969884,-0.0007392279350012195,,,,,-0.0022594480951167216,-0.001075059980741021,-0.0012267555608455822,-0.0013743034805349132,,-0.0006621230344961254,-0.0006610286162572888,-0.0011591951096685791,-0.0008600479845928167,,-0.00047076241334796377
1180,2026-08-31,WCP,CA96467A2002,18523001C,0.0016525715406432223,,0.0022594480951167216,,-0.0007003893394670049,,,0.0030297144911792407,-0.0029191409696033557,,,,,-0.002666148752237732,-0.003602903719240178,,-0.005332297504475464,,-0.0007750432419295732,,,-0.0010150312508519282,,,,,,-0.0006115020073939752,,,,,,,,,,,,,,,,,,0.0019319918494476317,-0.0006610286162572888,,0.002531153878706707,-0.001999611564178299,-9.290721677580421e-05
1181,2026-08-31,WDAY,US98138H1014,01504401,-0.000560115284083557,-0.0006115020073939752,,,-0.0007003893394670049,0.00209383409861602,0.004544571736768861,-0.0010280779250274028,,,0.004165857425371455,,,,,,,,-0.0007750432419295732,-0.0006032010751669077,,,,,,-0.000880886151620396,,-0.0006115020073939752,,,-0.0006419298761407058,,,,,0.0021734908306285856,,0.002050883655567486,-0.0024839895207183836,,,,,,,,,,,,0.0003440204675131069
1182,2026-08-31,WDC,US9581021055,01139901,0.0016525715406432223,,,,,0.00209383409861602,0.004544571736768861,,,,0.004165857425371455,0.002816354315744083,0.0024839895207183836,,,,,,0.0022722858683844305,0.002366404217962484,,,,,0.002596898135296492,0.003447606145134998,0.00588121048287735,0.0023804899573551174,0.0061526509667024585,0.002050883655567486,0.0018864260039417912,,,,,,,,,,,0.002115991073204549,,,,,,,,,0.0009655956965586519
1183,2026-08-31,WDS,AU0000224040,10071201W,-0.000560115284083557,,0.0022594480951167216,,-0.0007003893394670049,-0.0010693109968867907,,-0.0010280779250274028,-0.0029191409696033557,,,,,-0.002666148752237732,-0.003602903719240178,,0.001801451859620089,-0.002338726975647133,-0.0007750432419295732,,,-0.0010150312508519282,,,,,,,,,,,,,,,,,,,,-0.001075059980741021,,,,,-0.0006610286162572888,-0.0011591951096685791,0.002531153878706707,,-0.00022825388417546785
1184,2026-08-31,WEC,US92939U1060,01155001,-0.000560115284083557,-0.0006115020073939752,,-0.0023947443882374837,-0.0007003893394670049,,,0.0030297144911792407,,,,,,,,,,,-0.0007750432419295732,-0.0006032010751669077,,-0.0010150312508519282,,,,,-0.0029844948719079086,,,-0.0006967287680063759,,,,-0.0010552039916508172,-0.0008987018265969884,,,,,,-0.0022594480951167216,,,-0.0013743034805349132,,-0.0006621230344961254,-0.0006610286162572888,-0.0011591951096685791,,,-0.00022699780056987997
1185,2026-08-31,WELL,US95040Q1040,00554301,,,,,,,,,,,,,,,,,,,,,,,,,,,,-0.0006115020073939752,0.0061526509667024585,,,0.0016874359191378049,0.003006934682974885,-0.0010552039916508172,0.0035080904634706995,,,,,0.0016803458522506713,,-0.001075059980741021,,,-0.0023804899573551174,-0.0006621230344961254,-0.0006610286162572888,-0.0011591951096685791,,,9.778773760908258e-05
1186,2026-08-31,WES,AU000000WES1,10160101W,-0.000560115284083557,-0.0006115020073939752,,,-0.0007003893394670049,,,,,,,,,0.002666148752237732,,-0.0012497572276114369,,0.0023251297257887195,0.0022722858683844305,0.002366404217962484,0.0029844948719079086,-0.0010150312508519282,,,,-0.000880886151620396,,-0.0006115020073939752,,,,-0.0008563646955795712,0.003006934682974885,-0.0010552039916508172,,-0.0007392279350012195,,,,,,,,,,-0.0006621230344961254,-0.0006610286162572888,-0.0011591951096685791,,,0.0003622318391247068
1187,2026-08-31,WFC,US9497461015,00800701,-0.000560115284083557,,0.0022594480951167216,,,,,0.0030297144911792407,0.000985030327181428,,,-0.002836328459827374,,,,-0.0012497572276114369,0.001801451859620089,,-0.0007750432419295732,,,,,,,,,,,,-0.0006419298761407058,,-0.001025441827783743,,-0.0008987018265969884,,,,0.004818341118501925,0.0016803458522506713,,0.002115991073204549,,,,,,,,,1.2879887494205238e-06
1188,2026-08-31,WKL,NL0000395903,10136102W,-0.000560115284083557,-0.0006115020073939752,0.0022594480951167216,,-0.0007003893394670049,,,,,-0.002962387502486369,,,,0.002666148752237732,,,,,,0.002366404217962484,,-0.0010150312508519282,,,0.002596898135296492,0.003447606145134998,,-0.0006115020073939752,,0.002050883655567486,0.0018864260039417912,,,,-0.0008987018265969884,-0.0007392279350012195,,,,,,0.002115991073204549,0.0024091705592509624,0.0027021777894301337,,0.0019319918494476317,0.0019319918494476317,,0.002531153878706707,0.001970060654362856,0.0004071306964510365
1189,2026-08-31,WM,US94106L1098,01447701,-0.000560115284083557,-0.0006115020073939752,-0.0007661346989188884,-0.0023947443882374837,-0.0007003893394670049,-0.0010693109968867907,,,-0.0029191409696033557,-0.002962387502486369,,,,,-0.003602903719240178,,,,,-0.0006032010751669077,,-0.0010150312508519282,,,-0.0013198756199196693,-0.000880886151620396,,0.0023804899573551174,,,-0.0006419298761407058,,,,-0.0008987018265969884,,,,-0.0024839895207183836,,,-0.001075059980741021,-0.0012267555608455822,,,,-0.0006610286162572888,-0.0011591951096685791,-0.0008600479845928167,0.001970060654362856,-0.0003728634488597676
1190,2026-08-31,WMB,US9694571004,01150601,-0.000560115284083557,,-0.0007661346989188884,-0.0023947443882374837,-0.0007003893394670049,,,,,,,,,,-0.003602903719240178,,0.001801451859620089,-0.002338726975647133,,,,,,,,,,0.0023804899573551174,,,,,,,,,,,,,-0.0022594480951167216,,,,-0.0023804899573551174,-0.0006621230344961254,-0.0006610286162572888,-0.0011591951096685791,-0.0008600479845928167,0.001970060654362856,-0.00030428956548138954
1191,2026-08-31,WMT,US9311421039,01125901,-0.000560115284083557,-0.0006115020073939752,,-0.0023947443882374837,,-0.0010693109968867907,,,,,,0.002816354315744083,-0.0013886191417904852,0.002666148752237732,,,0.001801451859620089,0.0023251297257887195,-0.0007750432419295732,0.002366404217962484,,,0.010524271390412098,0.008887162507459107,,,,-0.0006115020073939752,,-0.0006967287680063759,-0.0006419298761407058,,,,,-0.0007392279350012195,,,,0.0016803458522506713,-0.0022594480951167216,-0.001075059980741021,-0.0012267555608455822,-0.0013743034805349132,,-0.0006621230344961254,-0.0006610286162572888,-0.0011591951096685791,-0.0008600479845928167,,0.00012199140023722419
1192,2026-08-31,WN,CA9611485090,01144301C,0.0016525715406432223,-0.0006115020073939752,,,,,,,,,,,,0.002666148752237732,0.0012230040147879504,,0.001801451859620089,,-0.0007750432419295732,-0.0006032010751669077,0.0029844948719079086,,0.010524271390412098,0.008887162507459107,-0.0013198756199196693,,,-0.0006115020073939752,,-0.0006967287680063759,-0.0006419298761407058,0.0016874359191378049,,,,0.0021734908306285856,0.005478387847063832,0.002050883655567486,,,,,-0.0012267555608455822,-0.0013743034805349132,,0.0019319918494476317,0.0019319918494476317,0.0022722858683844305,-0.0008600479845928167,0.001970060654362856,0.0006888229948459446
1193,2026-08-31,WOW,AU000000WOW2,10089402W,,-0.0006115020073939752,,,,-0.0010693109968867907,,,,,,0.002816354315744083,,0.002666148752237732,0.0012230040147879504,,,0.0023251297257887195,-0.0007750432419295732,0.002366404217962484,-0.0015322693978377768,,,,-0.0013198756199196693,,,0.0023804899573551174,,-0.0006967287680063759,-0.0006419298761407058,,,,,,,0.002050883655567486,,,,-0.001075059980741021,-0.0012267555608455822,-0.0013743034805349132,,-0.0006621230344961254,-0.0006610286162572888,-0.0011591951096685791,-0.0008600479845928167,0.001970060654362856,8.568377498156992e-05
1194,2026-08-31,WPC,US92936U1097,06635401,0.0016525715406432223,,,,,,,,,,,,,,,,,,,,,,,,,,,0.0023804899573551174,,,,,-0.001025441827783743,-0.0010552039916508172,-0.0008987018265969884,,,0.002050883655567486,,,,,,,,0.0019319918494476317,0.0019319918494476317,0.0022722858683844305,,,0.00019655962066100503
1195,2026-08-31,WPM,CA9628791027,10586101C,-0.000560115284083557,-0.0006115020073939752,-0.0007661346989188884,,-0.0007003893394670049,,,,,0.0029191409696033557,,0.002816354315744083,,,,0.0037728520078835824,,,0.0022722858683844305,0.002366404217962484,,,0.010524271390412098,0.008887162507459107,0.002596898135296492,0.003447606145134998,,-0.0006115020073939752,,,,,,,,-0.0007392279350012195,,,,,,-0.001075059980741021,,,,-0.0006621230344961254,-0.0006610286162572888,-0.0011591951096685791,,,0.00047809531959371217
1196,2026-08-31,WRB,US0844231029,01482201,-0.000560115284083557,,,,,-0.0010693109968867907,-0.004760979914710235,0.0030297144911792407,,,,,,,,-0.0012497572276114369,,,-0.0007750432419295732,,,,,,,,-0.0029844948719079086,,,,-0.0006419298761407058,,0.003006934682974885,,0.0035080904634706995,-0.0007392279350012195,,,-0.0024839895207183836,-0.0016945860713375414,,-0.001075059980741021,,,,0.0019319918494476317,,,,,9.380285356076882e-06
1197,2026-08-31,WRT1V,FI0009003727,10155702W,-0.000560115284083557,-0.0006115020073939752,,,-0.0007003893394670049,,,,0.000985030327181428,0.0029191409696033557,,,-0.0013886191417904852,,0.0012230040147879504,,,0.0023251297257887195,,0.002366404217962484,,,,,,-0.000880886151620396,,-0.0006115020073939752,,-0.0006967287680063759,,-0.0008563646955795712,0.003006934682974885,,0.0035080904634706995,-0.0007392279350012195,,,,,,,,,,0.0019319918494476317,,0.0022722858683844305,-0.0008600479845928167,,0.00044343611649756367
1198,2026-08-31,WSM,US9699041011,01151101,,,-0.0007661346989188884,,,,,,,,,,-0.0013886191417904852,,,-0.0012497572276114369,,,-0.0007750432419295732,0.002366404217962484,,-0.0010150312508519282,,,,-0.000880886151620396,,-0.0006115020073939752,,-0.0006967287680063759,,-0.0008563646955795712,,-0.0010552039916508172,,-0.0007392279350012195,,,,-0.0016945860713375414,-0.0022594480951167216,,,,,-0.0006621230344961254,-0.0006610286162572888,,,,-0.00013785976680182621
1199,2026-08-31,WSO,US9426222009,01131302,-0.000560115284083557,-0.0006115020073939752,-0.0007661346989188884,-0.0023947443882374837,-0.0007003893394670049,,,,0.000985030327181428,,,,-0.0013886191417904852,,0.0012230040147879504,,,,,-0.0006032010751669077,,-0.0010150312508519282,,,-0.0013198756199196693,-0.000880886151620396,,0.0023804899573551174,-0.006248786138057184,-0.0006967287680063759,-0.0006419298761407058,-0.0008563646955795712,-0.001025441827783743,,-0.0008987018265969884,,,0.002050883655567486,-0.0024839895207183836,-0.0016945860713375414,,,,,,-0.0006621230344961254,-0.0006610286162572888,-0.0011591951096685791,,-0.001999611564178299,-0.00018620691768032234
1200,2026-08-31,WSP,CA92938W2022,27784601C,-0.000560115284083557,-0.0006115020073939752,-0.0007661346989188884,,-0.0007003893394670049,,,,0.000985030327181428,,,,,,0.0012230040147879504,,,,,-0.0006032010751669077,,,,,,-0.000880886151620396,,-0.0006115020073939752,,,0.0018864260039417912,,-0.001025441827783743,,-0.0008987018265969884,0.0021734908306285856,,0.002050883655567486,,,,,,,,,0.0019319918494476317,0.0022722858683844305,-0.0008600479845928167,,0.00018451641587241676
1201,2026-08-31,WST,US9553061055,01137601,,,,,,-0.0010693109968867907,,,-0.0029191409696033557,,,,,,-0.003602903719240178,,,,-0.0007750432419295732,-0.0006032010751669077,-0.0015322693978377768,-0.0010150312508519282,,,,,,-0.0006115020073939752,,-0.0006967287680063759,-0.0006419298761407058,,,-0.0010552039916508172,,-0.0007392279350012195,-0.005554476567161941,,-0.0024839895207183836,-0.0016945860713375414,-0.0022594480951167216,-0.001075059980741021,-0.0012267555608455822,-0.0013743034805349132,-0.0023804899573551174,-0.0006621230344961254,-0.0006610286162572888,-0.0011591951096685791,-0.0008600479845928167,-0.001999611564178299,-0.0009089635518289064
1202,2026-08-31,WTC,AU000000WTC3,32150101W,-0.000560115284083557,-0.0006115020073939752,-0.0007661346989188884,,-0.0007003893394670049,-0.0010693109968867907,,-0.0010280779250274028,,,,,,-0.002666148752237732,,,,-0.002338726975647133,-0.0007750432419295732,-0.0006032010751669077,,,,,-0.0013198756199196693,-0.000880886151620396,,-0.0006115020073939752,,-0.0006967287680063759,-0.0006419298761407058,0.0016874359191378049,,,,,,,,-0.0016945860713375414,,-0.001075059980741021,,,,,,,,,-0.00028030436837617244
1203,2026-08-31,WTW,IE00BDB6Q211,14400901,-0.000560115284083557,-0.0006115020073939752,-0.0007661346989188884,,-0.0007003893394670049,,,,-0.0029191409696033557,-0.002962387502486369,,,,,,-0.0012497572276114369,-0.005332297504475464,,0.0022722858683844305,,,,,,,,,,,0.002050883655567486,0.0018864260039417912,-0.0008563646955795712,-0.001025441827783743,-0.0010552039916508172,-0.0008987018265969884,,,,-0.0024839895207183836,-0.0016945860713375414,,,-0.0012267555608455822,-0.0013743034805349132,,-0.0006621230344961254,-0.0006610286162572888,,-0.0008600479845928167,-0.001999611564178299,-0.0003508234254826771
1204,2026-08-31,WY,US9621661043,01145601,-0.000560115284083557,,,,,,,,,,,,,0.002666148752237732,,,-0.005332297504475464,0.0023251297257887195,,,,,,,,,,0.0023804899573551174,-0.006248786138057184,,,-0.0008563646955795712,-0.001025441827783743,-0.0010552039916508172,-0.0008987018265969884,,-0.005554476567161941,-0.002072136335936061,,-0.0016945860713375414,-0.0022594480951167216,0.002115991073204549,,,0.002366404217962484,-0.0006621230344961254,-0.0006610286162572888,-0.0011591951096685791,,,-0.0005163000232017588
1205,2026-08-31,X,CA87262K1057,01451701C,,,-0.0007661346989188884,,-0.0007003893394670049,,,,,,-0.004165857425371455,-0.002836328459827374,,,,-0.0012497572276114369,0.001801451859620089,,-0.0007750432419295732,,-0.0015322693978377768,,,,,,,,,-0.0006967287680063759,-0.0006419298761407058,,,-0.0010552039916508172,-0.0008987018265969884,-0.0007392279350012195,,,,,,,-0.0012267555608455822,-0.0013743034805349132,-0.0023804899573551174,-0.0006621230344961254,-0.0006610286162572888,,-0.0008600479845928167,,-0.0005618140962611295
1206,2026-08-31,XEL,US98389B1008,00797701,-0.000560115284083557,-0.0006115020073939752,,,-0.0007003893394670049,,,0.0030297144911792407,-0.0029191409696033557,,,0.002816354315744083,,,-0.003602903719240178,,,,-0.0007750432419295732,-0.0006032010751669077,,,,,,,-0.0029844948719079086,,,-0.0006967287680063759,,,-0.001025441827783743,-0.0010552039916508172,-0.0008987018265969884,,,,,,,,-0.0012267555608455822,,,-0.0006621230344961254,-0.0006610286162572888,-0.0011591951096685791,-0.0008600479845928167,,-0.00017615290587284286
1207,2026-08-31,XPO,US9837931008,14499801,,0.001809603225500723,,0.004650259451577439,0.002072136335936061,-0.0010693109968867907,,,-0.0029191409696033557,-0.002962387502486369,,,,0.002666148752237732,,,,,,-0.0006032010751669077,,,,,-0.0013198756199196693,-0.000880886151620396,,0.0023804899573551174,,-0.0006967287680063759,-0.0006419298761407058,-0.0008563646955795712,,,,,,,-0.0024839895207183836,-0.0016945860713375414,,-0.001075059980741021,-0.0012267555608455822,-0.0013743034805349132,,-0.0006621230344961254,-0.0006610286162572888,-0.0011591951096685791,-0.0008600479845928167,0.001970060654362856,-0.0002527480860669784
1208,2026-08-31,XRO,NZXROE0001S2,28484402W,-0.000560115284083557,-0.0006115020073939752,,,-0.0007003893394670049,-0.0010693109968867907,,,,,,0.002816354315744083,,-0.002666148752237732,,,,-0.002338726975647133,-0.0007750432419295732,-0.0006032010751669077,,,,,-0.0013198756199196693,-0.000880886151620396,,-0.0006115020073939752,,-0.0006967287680063759,-0.0006419298761407058,,,,,-0.0007392279350012195,,,,,,-0.001075059980741021,,,,,,,,,-0.00012771013853274878
1209,2026-08-31,XYL,US98419M1009,18949101,-0.000560115284083557,-0.0006115020073939752,,,-0.0007003893394670049,,,,0.000985030327181428,,,,0.0024839895207183836,-0.002666148752237732,0.0012230040147879504,,,-0.002338726975647133,,-0.0006032010751669077,,,,,,0.003447606145134998,-0.0029844948719079086,-0.0006115020073939752,,-0.0006967287680063759,-0.0006419298761407058,-0.0008563646955795712,-0.001025441827783743,,-0.0008987018265969884,-0.0007392279350012195,,,-0.0024839895207183836,,,,,,,-0.0006621230344961254,-0.0006610286162572888,-0.0011591951096685791,-0.0008600479845928167,-0.001999611564178299,-0.00025134878208263117
1210,2026-08-31,XYZ,US8522341036,02636701,,0.001809603225500723,,0.004650259451577439,,0.00209383409861602,,0.0030297144911792407,,,,,-0.0013886191417904852,,,-0.0012497572276114369,-0.005332297504475464,,-0.0007750432419295732,,,,,,,,0.00588121048287735,,,-0.0006967287680063759,-0.0006419298761407058,,,-0.0010552039916508172,,0.0021734908306285856,,0.002050883655567486,,-0.0016945860713375414,,-0.001075059980741021,-0.0012267555608455822,-0.0013743034805349132,,,,,-0.0008600479845928167,-0.001999611564178299,2.8317719532573184e-06
1211,2026-08-31,YAR,NO0010208051,26435101W,-0.000560115284083557,-0.0006115020073939752,-0.0007661346989188884,,-0.0007003893394670049,-0.0010693109968867907,,-0.0010280779250274028,,,,,-0.0013886191417904852,,,-0.0012497572276114369,,,,0.002366404217962484,,0.002962387502486369,,,0.002596898135296492,,,-0.0006115020073939752,,0.002050883655567486,0.0018864260039417912,0.0016874359191378049,,,,-0.0007392279350012195,,,,,,-0.001075059980741021,0.0024091705592509624,,,0.0019319918494476317,0.0019319918494476317,0.0022722858683844305,,,0.0002780643775271155
1212,2026-08-31,YUM,US9884981013,06541701,-0.000560115284083557,-0.0006115020073939752,-0.0007661346989188884,-0.0023947443882374837,-0.0007003893394670049,,,-0.0010280779250274028,,,,,,-0.002666148752237732,,-0.0012497572276114369,,,0.0022722858683844305,0.002366404217962484,,-0.0010150312508519282,,0.008887162507459107,0.002596898135296492,0.003447606145134998,,-0.0006115020073939752,,,,,-0.001025441827783743,-0.0010552039916508172,,-0.0007392279350012195,,,,-0.0016945860713375414,,,,,,-0.0006621230344961254,-0.0006610286162572888,-0.0011591951096685791,,,-4.364097837796233e-05
1213,2026-08-31,Z74,SG1T75931496,20809501W,-0.000560115284083557,-0.0006115020073939752,0.0022594480951167216,,-0.0007003893394670049,,,,,,0.004165857425371455,-0.002836328459827374,,,,,,,,,,,,,,,,,,,,-0.0008563646955795712,,,,,,,,,,,,,,-0.0006621230344961254,-0.0006610286162572888,-0.0011591951096685791,,,-2.5901554453655793e-05
1214,2026-08-31,ZAL,DE000ZAL1111,31843401W,-0.000560115284083557,-0.0006115020073939752,-0.0007661346989188884,,-0.0007003893394670049,,,-0.0010280779250274028,,,,,-0.0013886191417904852,,,-0.0012497572276114369,,0.0023251297257887195,-0.0007750432419295732,-0.0006032010751669077,0.0029844948719079086,-0.0010150312508519282,,,-0.0013198756199196693,-0.000880886151620396,,-0.0006115020073939752,,-0.0006967287680063759,-0.0006419298761407058,0.0016874359191378049,,-0.0010552039916508172,,,,0.002050883655567486,,,0.002234202865003686,,,,,0.0019319918494476317,0.0019319918494476317,0.0022722858683844305,,,0.0003899400828043546
1215,2026-08-31,ZBH,US98956P1021,14455901,-0.000560115284083557,-0.0006115020073939752,,,,,,,0.000985030327181428,,,,,,-0.003602903719240178,,,-0.002338726975647133,-0.0007750432419295732,-0.0006032010751669077,0.0029844948719079086,-0.0010150312508519282,,,-0.0013198756199196693,,,-0.0006115020073939752,,-0.0006967287680063759,-0.0006419298761407058,0.0016874359191378049,,0.004122910441604739,,-0.0007392279350012195,,,-0.0024839895207183836,,,-0.001075059980741021,,,,,,,,,0.0001089541582477697
1216,2026-08-31,ZM,US98980L1017,03500501,-0.000560115284083557,-0.0006115020073939752,,,,-0.0010693109968867907,-0.004760979914710235,,,,,0.002816354315744083,,-0.002666148752237732,,,,-0.002338726975647133,0.0022722858683844305,-0.0006032010751669077,,,,,0.002596898135296492,-0.000880886151620396,,-0.0006115020073939752,,0.002050883655567486,0.0018864260039417912,,,,,,,,,,,-0.001075059980741021,,,,,,,,-0.001999611564178299,9.47985308777809e-06
1217,2026-08-31,ZS,US98980G1022,03303701,-0.000560115284083557,-0.0006115020073939752,-0.0007661346989188884,-0.0023947443882374837,-0.0007003893394670049,,,,,,,,,,,,,,-0.0007750432419295732,-0.0006032010751669077,,,,,-0.0013198756199196693,-0.000880886151620396,,-0.0006115020073939752,-0.006248786138057184,-0.0006967287680063759,-0.0006419298761407058,,,,,,,,0.004818341118501925,,,-0.001075059980741021,,,,,,,,,-0.00024809484759531736
1218,2026-08-31,ZTS,US98978V1035,01372101,-0.000560115284083557,-0.0006115020073939752,,,,,,,-0.0029191409696033557,,,,,,,,,,-0.0007750432419295732,0.002366404217962484,,-0.0010150312508519282,,,,,,-0.0006115020073939752,,,,,,-0.0010552039916508172,,-0.0007392279350012195,,-0.002072136335936061,,,,0.002115991073204549,0.0024091705592509624,0.0027021777894301337,,,-0.0006610286162572888,,0.002531153878706707,0.001970060654362856,9.818065456536531e-05
1219,2026-08-31,ZURN,CH0011075394,22042601W,-0.000560115284083557,-0.0006115020073939752,-0.0007661346989188884,,-0.0007003893394670049,-0.0010693109968867907,,-0.0010280779250274028,0.000985030327181428,,-0.004165857425371455,0.002816354315744083,,,,-0.0012497572276114369,0.001801451859620089,,-0.0007750432419295732,,-0.0015322693978377768,,,,,,,,,-0.0006967287680063759,-0.0006419298761407058,,-0.001025441827783743,-0.0010552039916508172,-0.0008987018265969884,-0.0007392279350012195,,,,,-0.0022594480951167216,-0.001075059980741021,,,0.002366404217962484,-0.0006621230344961254,-0.0006610286162572888,,-0.0008600479845928167,,-0.00031014204587390587
