style,ddt,ticker,isin,gvkeyiid,Analyst Expectations,Analyst Expectations,Analyst Expectations,Analyst Expectations,Analyst Expectations,Analyst Expectations,Analyst Expectations,Analyst Expectations,Capital Efficiency,Capital Efficiency,Capital Efficiency,Capital Efficiency,Earnings Quality,Earnings Quality,Earnings Quality,Earnings Quality,Earnings Quality,Earnings Quality,Earnings Quality,Earnings Quality,Earnings Quality,Earnings Quality,Earnings Quality,Earnings Quality,Historical Growth,Historical Growth,Historical Growth,Historical Growth,Historical Growth,Historical Growth,Historical Growth,Historical Growth,Historical Growth,Historical Growth,Historical Growth,Historical Growth,Historical Growth,Historical Growth,Price Momentum,Size,Valuation,Valuation,Valuation,Valuation,Valuation,Valuation,Valuation,Valuation,Valuation,Volatility,MP
factor_weight,,,,,0.003156519734,0.00355775236,0.013832671597,0.015399870495,0.022012466611,0.0229503606,0.025725362876,0.037435740311,0.005583973148,0.00576860878,0.015661262009,0.05360253539,0.003639576499,0.007824300805,0.010600811824,0.019449781667,0.019858459052,0.020172551317,0.023994386246,0.024654410831,0.024765558593,0.027453007234,0.029865594643,0.037753727366,0.002868127084,0.003501098843,0.00366675645,0.00686752751,0.013728720165,0.015963511575,0.016249118407,0.016982996872,0.019264010753,0.023988889581,0.025240020879,0.027214523462,0.036857899356,0.037638947447,0.00573672076,0.014923270823,0.013123015901,0.017595782913,0.017750885375,0.018977472598,0.022878563079,0.027451885922,0.035226881578,0.036222387181,0.04018067577,0.025181019731,1.0
factor,,,,,Rev3MFY2C,RevMagFY1C,AdjRev3MFY1C,Rev3MFY1C,InvPEGC,EPSSurpC,AdjInvPEGC,SUEC,CapExToAst,ROA,RecTurn,BuyBackChg,UnexpectedInvChg,CapExToSales,WCAccruals,CFIC,AccrualRatioCF,GPMargin,ROAStddev20Q,OEA,TotalAccruals,SalesToInvCap,WCapToSales,ETO,Chg1YOPM,ConsQPosChginTTMCF,CQPTTMCFtoSales,Chg1YFCF,ChgATO,PAdjChg1YCF,PAdjChg1YEPS,PAdjChg3YCF,PAdjChg1YSales,DivperShareGrowth,PAdjChg1YFCF,PAdjChg3YOCF,PAdjChg1YOCF,AdjAstAdjChg1YFCF,ShortIntTrdVol,LogAssets,PTIP,InvPEGYC,CurLiaP,OEP,SP,OCFEV,CashEV,FCFEV,60MAVGTTMEP,BookLev,AGG
0,2026-07-31,,FI0009014575,33901501W,-0.00031619307294317216,-0.0003459691022337848,,-0.00035718106388025003,0.0010617125201578075,-0.00043343320111311243,,,0.0005577188660106073,,,,0.0014199590760392762,0.0006888491946261965,,,,,,,,,,,-0.0004125727796691658,,,,,-0.00039295981221460445,-0.000362211783089831,,,,0.0011630820572583016,,0.0010969352104000098,,,,,,,,,-0.00037032532703104327,-0.00062051830936837,-0.0002778551373282137,,,3.372144028017688e-05
1,2026-07-31,,GB00BMVP7Y09,03647401,0.0009295314433510121,,,,0.0010617125201578075,,0.0026005992066786745,,0.0005577188660106073,-0.0008092773755049022,,,,0.0006888491946261965,-0.000863631826098515,-0.00047820935825289675,-0.0005497703786090309,,,,-0.0007926483883369932,-0.001315075735195466,,-0.001315075735195466,,,,-0.0003434025658670653,,-0.00039295981221460445,-0.000362211783089831,-0.0006747910477970904,-0.00048019362944896687,,-0.00039700399553070675,,,,,,,,-0.001361490172908247,,-0.0013456588918279188,,-0.00062051830936837,0.0010917609877094435,,,-0.0001315862916154632
2,2026-07-31,1,KYG217651051,10108801W,-0.00031619307294317216,0.0010196181911647667,,0.0010520605881563728,,-0.00043343320111311243,,,0.0005577188660106073,,,,-0.0007301366857867572,,,,0.0010866353492694932,,,,,-0.001315075735195466,,-0.001315075735195466,-0.0004125727796691658,,,0.0013378805167306475,,-0.00039295981221460445,-0.000362211783089831,,-0.00048019362944896687,,0.0011630820572583016,,0.0010969352104000098,,,0.0009485792188295165,,-0.0006074890535286143,0.0013535282420725264,,0.0013456588918279188,0.0010917609877094435,0.00062051830936837,0.0010917609877094435,,,0.0001512058409589795
3,2026-07-31,1038,BMG2178K1009,21292801W,-0.00031619307294317216,0.0010196181911647667,,0.0010520605881563728,,,,-0.000580083532316797,0.0005577188660106073,,0.001377698389252393,,,0.0006888491946261965,,-0.00047820935825289675,,,,,,-0.001315075735195466,,-0.001315075735195466,-0.0004125727796691658,,,,,-0.00039295981221460445,,-0.0006747910477970904,-0.00048019362944896687,-0.0013301915482436897,,,,,,-0.0009524828370140001,,,-0.001361490172908247,,-0.0013456588918279188,-0.00037032532703104327,0.00062051830936837,-0.0002778551373282137,0.0018082291358937658,-0.0010666052045824978,-0.00016381541435612227
4,2026-07-31,1113,KYG2177B1014,31975901W,,,,,,,,,,,,,,,,,0.0010866353492694932,,0.0010332737919392947,,-0.0007926483883369932,,-0.0023145332939440203,,,,,0.0013378805167306475,,,,,0.0009524828370140001,-0.0013301915482436897,,0.0031277476945189464,0.0010969352104000098,,,0.0009485792188295165,0.001780410226110785,0.0011808843336449082,,,0.0013456588918279188,0.0010917609877094435,0.00062051830936837,0.0010917609877094435,,-0.0010666052045824978,0.00023239741219660683
5,2026-07-31,12,HK0012000102,01569701W,-0.00031619307294317216,,,,,,,,,,,,,,,,,,0.0010332737919392947,,-0.0007926483883369932,-0.001315075735195466,-0.0023145332939440203,-0.001315075735195466,,,,-0.0003434025658670653,,,,,-0.00048019362944896687,-0.0013301915482436897,,,-0.0011127563913192406,,,0.0009485792188295165,,0.0011808843336449082,0.0013535282420725264,,,-0.00037032532703104327,0.00062051830936837,-0.0002778551373282137,,,-0.0001911545485133489
6,2026-07-31,1299,HK0000069689,29573501W,-0.00031619307294317216,-0.0003459691022337848,,-0.00035718106388025003,,-0.00043343320111311243,,-0.000580083532316797,,,,-0.0023861167978804334,,,-0.000863631826098515,,,-0.0007099795380196381,0.0010332737919392947,,-0.0007926483883369932,,,,,,,,,-0.00039295981221460445,-0.000362211783089831,-0.0006747910477970904,,-0.0013301915482436897,0.0011630820572583016,,0.0010969352104000098,,,,,,-0.001361490172908247,,,-0.00037032532703104327,,-0.0002778551373282137,,,-0.00017073048826422645
7,2026-07-31,1308,KYG8187G1055,29553601W,-0.00031619307294317216,-0.0003459691022337848,,,-0.0005445960691632988,-0.00043343320111311243,,,,,,,,0.0006888491946261965,,,,,,,,,,,-0.0004125727796691658,,,-0.0003434025658670653,,0.0011630820572583016,0.0010666052045824978,,,,-0.00039700399553070675,,0.0010969352104000098,,,-0.0009524828370140001,,-0.0006074890535286143,,0.0015430221959626803,,0.0010917609877094435,0.00062051830936837,-0.0002778551373282137,,-0.0010666052045824978,6.327873568208994e-05
8,2026-07-31,16,HK0016000132,01942101W,-0.00031619307294317216,,,,,,,,,,,,,,,,0.0010866353492694932,,0.0010332737919392947,,-0.0007926483883369932,,-0.0023145332939440203,,,,,0.0013378805167306475,,,,,0.0009524828370140001,-0.0013301915482436897,,0.0031277476945189464,0.0010969352104000098,,,0.0009485792188295165,0.001780410226110785,,,,,0.0010917609877094435,0.00062051830936837,0.0010917609877094435,,-0.0010666052045824978,0.000179834016301769
9,2026-07-31,1605,JP3294460005,27119601W,,,,-0.00035718106388025003,,-0.00043343320111311243,,-0.000580083532316797,0.0005577188660106073,,-0.0013859480802060002,,,0.0006888491946261965,,,-0.0005497703786090309,,0.0010332737919392947,,,,,-0.001315075735195466,-0.0004125727796691658,,,-0.0003434025658670653,,,,,,,,,,,,,,,,,,,,0.0010917609877094435,,-0.0010666052045824978,-8.426606530186433e-05
10,2026-07-31,1801,JP3443600006,10094901W,-0.00031619307294317216,0.0010196181911647667,,0.0010520605881563728,-0.0005445960691632988,0.001278747676212166,,,0.0005577188660106073,,,,-0.0007301366857867572,0.0006888491946261965,,,-0.0005497703786090309,,,,,,,,0.0016185547510098044,,,,,0.0011630820572583016,0.0010666052045824978,,,,0.0011630820572583016,,0.0010969352104000098,,,,,,0.0013535282420725264,0.0015430221959626803,0.0013456588918279188,,0.00062051830936837,-0.0002778551373282137,,,0.0002373374717170893
11,2026-07-31,1802,JP3190000004,10091901W,-0.00031619307294317216,0.0010196181911647667,,0.0010520605881563728,-0.0005445960691632988,-0.00043343320111311243,,,0.0005577188660106073,,,,-0.0007301366857867572,0.0006888491946261965,,,-0.0005497703786090309,,,,,,,,0.0016185547510098044,,,,,0.0011630820572583016,0.0010666052045824978,,0.0009524828370140001,,,,0.0010969352104000098,,,,,-0.0006074890535286143,0.0013535282420725264,0.0015430221959626803,0.0013456588918279188,-0.00037032532703104327,0.00062051830936837,-0.0002778551373282137,,,0.00016617935323595359
12,2026-07-31,1803,JP3358800005,10098201W,0.0009295314433510121,0.0010196181911647667,,0.0010520605881563728,-0.0005445960691632988,0.001278747676212166,,,0.0005577188660106073,,,,,0.0006888491946261965,,,0.0010866353492694932,,,,,,,,-0.0004125727796691658,,,-0.0003434025658670653,,0.0011630820572583016,0.0010666052045824978,,,,0.0011630820572583016,,0.0010969352104000098,,,,,-0.0006074890535286143,0.0013535282420725264,,0.0013456588918279188,0.0010917609877094435,0.00062051830936837,0.0010917609877094435,,,0.00030784940845764923
13,2026-07-31,1812,JP3210200006,01870901W,-0.00031619307294317216,0.0010196181911647667,,0.0010520605881563728,,,,,0.0005577188660106073,,,,-0.0007301366857867572,0.0006888491946261965,,,-0.0005497703786090309,,,,,,,,-0.0004125727796691658,,,-0.0003434025658670653,,,,,0.0009524828370140001,,-0.00039700399553070675,,-0.0011127563913192406,,,,,-0.0006074890535286143,0.0013535282420725264,,0.0013456588918279188,-0.00037032532703104327,0.00062051830936837,-0.0002778551373282137,,,2.328493644811531e-05
14,2026-07-31,1878,JP3486800000,20154301W,0.0009295314433510121,,,,,,,,,,,,,,,,-0.0005497703786090309,,0.0010332737919392947,,,0.001315075735195466,,0.001315075735195466,,,,-0.0003434025658670653,,,,,0.0009524828370140001,,,-0.0031277476945189464,,,,-0.0009524828370140001,0.001780410226110785,,0.0013535282420725264,,0.0013456588918279188,0.0010917609877094435,0.00062051830936837,0.0010917609877094435,,,0.0001887704779176668
15,2026-07-31,19,HK0019000162,10056201W,-0.00031619307294317216,-0.0003459691022337848,,-0.00035718106388025003,0.0010617125201578075,-0.00043343320111311243,,,0.0005577188660106073,,,,-0.0007301366857867572,,,,,,,,,-0.001315075735195466,,-0.001315075735195466,-0.0004125727796691658,,,0.0013378805167306475,,-0.00039295981221460445,-0.000362211783089831,,0.0009524828370140001,,0.0011630820572583016,,0.0010969352104000098,,,0.0009485792188295165,,,0.0013535282420725264,-0.0007766890248134296,,,0.00062051830936837,-0.0002778551373282137,,-0.0010666052045824978,1.275942189402174e-05
16,2026-07-31,1925,JP3505000004,01783001W,-0.00031619307294317216,,,,,,,,,,,,,,,,-0.0005497703786090309,,0.0010332737919392947,,-0.0007926483883369932,0.001315075735195466,,0.001315075735195466,,,,,,,,,0.0009524828370140001,-0.0013301915482436897,,-0.0031277476945189464,-0.0011127563913192406,,,0.0009485792188295165,0.001780410226110785,,0.0013535282420725264,,0.0013456588918279188,-0.00037032532703104327,0.00062051830936837,-0.0002778551373282137,,,3.326486073167032e-05
17,2026-07-31,1928,JP3420600003,10092601W,-0.00031619307294317216,-0.0003459691022337848,,-0.00035718106388025003,-0.0005445960691632988,-0.00043343320111311243,,0.001701862716135309,,-0.0008092773755049022,,,-0.0007301366857867572,,-0.000863631826098515,-0.00047820935825289675,-0.0005497703786090309,-0.0007099795380196381,,-0.0011689562090626366,-0.0007926483883369932,,-0.0023145332939440203,,-0.0004125727796691658,,,,,,,-0.0006747910477970904,,,0.0011630820572583016,,0.0010969352104000098,,,,,,0.0013535282420725264,,,-0.00037032532703104327,,-0.0002778551373282137,,,-8.056574389445618e-05
18,2026-07-31,1928,KYG7800X1079,29342501W,-0.00031619307294317216,0.0010196181911647667,,0.0010520605881563728,-0.0005445960691632988,-0.00043343320111311243,,-0.000580083532316797,,-0.0008092773755049022,,,,,0.001701862716135309,-0.00047820935825289675,0.0010866353492694932,0.002183521975418887,,-0.0011689562090626366,0.0015638738472594732,,0.002269150288180412,0.001315075735195466,-0.0004125727796691658,,,-0.0003434025658670653,,-0.00039295981221460445,-0.000362211783089831,0.002630151470390932,,,-0.00039700399553070675,0.0031277476945189464,,,,,,,,,,0.0010917609877094435,,0.0010917609877094435,,0.0010666052045824978,0.00037264909546017055
19,2026-07-31,1997,KYG9593A1040,32596601W,,,,,,,,,,,,,,,,,0.0010866353492694932,,,,0.0015638738472594732,-0.001315075735195466,0.002269150288180412,-0.001315075735195466,,,,-0.0003434025658670653,,,,,-0.00048019362944896687,-0.0013301915482436897,,,0.0010969352104000098,,,,0.001780410226110785,-0.0006074890535286143,,,,0.0010917609877094435,,0.0010917609877094435,,-0.0010666052045824978,9.457295562626896e-05
20,2026-07-31,1CNHI,NL0010545661,29578601W,,,,,,,,,0.0005577188660106073,,,,-0.0007301366857867572,-0.00204825955216285,,,0.0010866353492694932,,,,,,,,-0.0004125727796691658,,,-0.0003434025658670653,,-0.00039295981221460445,-0.000362211783089831,,-0.00048019362944896687,,-0.00039700399553070675,,-0.0011127563913192406,,,,,,0.0013535282420725264,-0.0007766890248134296,0.0013456588918279188,,,-0.0002778551373282137,,0.0010666052045824978,-1.1507575675865998e-05
21,2026-07-31,2,HK0002007356,10066501W,-0.00031619307294317216,,,,-0.0005445960691632988,,,-0.000580083532316797,0.0005577188660106073,,,,,0.0006888491946261965,,0.001881734385320342,0.0010866353492694932,,,,,,,,-0.0004125727796691658,,,,,-0.00039295981221460445,,0.002630151470390932,-0.00048019362944896687,-0.0013301915482436897,,,,,,,,-0.0006074890535286143,,,,0.0010917609877094435,,-0.0002778551373282137,,-0.0010666052045824978,1.039056870071255e-05
22,2026-07-31,2388,HK2388011192,03164801W,-0.00031619307294317216,,,0.0010520605881563728,-0.0005445960691632988,,,-0.000580083532316797,0.0005577188660106073,,-0.0013859480802060002,,-0.0007301366857867572,,,,,0.002183521975418887,0.0010332737919392947,,0.0015638738472594732,,0.002269150288180412,,,,,,,,-0.000362211783089831,,-0.00048019362944896687,0.0026005992066786745,,,,,,,,,,,-0.0013456588918279188,,,,0.0018082291358937658,,0.00022470921896279824
23,2026-07-31,2502,JP3116000005,10295001W,-0.00031619307294317216,-0.0003459691022337848,,,,,,,,,,,,0.0006888491946261965,-0.000863631826098515,-0.00047820935825289675,,,0.0010332737919392947,,0.0015638738472594732,-0.001315075735195466,0.002269150288180412,-0.001315075735195466,,,,-0.0003434025658670653,,,,,,,,,0.0010969352104000098,,,,0.001780410226110785,0.0011808843336449082,0.0013535282420725264,0.0015430221959626803,,0.0010917609877094435,-0.00062051830936837,0.0010917609877094435,0.0018082291358937658,,0.00028608361740826933
24,2026-07-31,2503,JP3258000003,01872901W,0.0009295314433510121,0.0010196181911647667,,,,,,,,,-0.0013859480802060002,,0.0014199590760392762,-0.00204825955216285,,-0.00047820935825289675,-0.0005497703786090309,,,,-0.0007926483883369932,,,,,,,0.0013378805167306475,,0.0011630820572583016,0.0010666052045824978,,,,0.0011630820572583016,0.0031277476945189464,0.0010969352104000098,,,,0.001780410226110785,,,,,,,-0.0002778551373282137,,,0.00014744182866226042
25,2026-07-31,2587,JP3336560002,31564801W,-0.00031619307294317216,-0.0003459691022337848,,,-0.0005445960691632988,,,,,,-0.0013859480802060002,,-0.0007301366857867572,,-0.000863631826098515,-0.00047820935825289675,-0.0005497703786090309,,0.0010332737919392947,,-0.0007926483883369932,,,,,,,-0.0003434025658670653,,-0.00039295981221460445,-0.000362211783089831,,,,-0.00039700399553070675,,-0.0011127563913192406,,,,0.001780410226110785,,,,,0.0010917609877094435,0.00062051830936837,-0.0002778551373282137,,-0.0010666052045824978,-9.857973668622453e-05
26,2026-07-31,27,HK0027032686,10711401W,-0.00031619307294317216,-0.0003459691022337848,,-0.00035718106388025003,,-0.00043343320111311243,,-0.000580083532316797,,-0.0008092773755049022,,,,,,-0.00047820935825289675,-0.0005497703786090309,0.002183521975418887,,-0.0011689562090626366,0.0015638738472594732,-0.001315075735195466,,-0.001315075735195466,0.0016185547510098044,,,-0.0003434025658670653,,0.0011630820572583016,0.0010666052045824978,0.002630151470390932,,0.0026005992066786745,,0.0031277476945189464,0.0010969352104000098,,,,,,,,,0.0010917609877094435,,-0.0002778551373282137,,-0.0010666052045824978,0.00016776035309212288
27,2026-07-31,2801,JP3240400006,10193201W,0.0009295314433510121,-0.0003459691022337848,,,,,,,,,,,,-0.00204825955216285,,-0.00047820935825289675,-0.0005497703786090309,,0.0010332737919392947,,-0.0007926483883369932,,-0.0023145332939440203,,,,,-0.0003434025658670653,,-0.00039295981221460445,-0.000362211783089831,,,,-0.00039700399553070675,,,,,-0.0009524828370140001,,,-0.001361490172908247,-0.0007766890248134296,,-0.00037032532703104327,0.00062051830936837,-0.0002778551373282137,-0.0009076601152721648,-0.0010666052045824978,-0.0002603329018685561
28,2026-07-31,2802,JP3119600009,10025301W,,-0.0003459691022337848,,,,,,,,,,,-0.0007301366857867572,-0.00204825955216285,-0.000863631826098515,-0.00047820935825289675,-0.0005497703786090309,,0.0010332737919392947,,-0.0007926483883369932,,-0.0023145332939440203,,,,,0.0013378805167306475,,,,,,,-0.00039700399553070675,,,,,-0.0009524828370140001,-0.001780410226110785,-0.0006074890535286143,-0.001361490172908247,-0.0007766890248134296,-0.0013456588918279188,-0.00037032532703104327,-0.00062051830936837,-0.0002778551373282137,-0.0009076601152721648,,-0.00033994615283035665
29,2026-07-31,285A,JP3236330001,33964401W,0.0009295314433510121,0.0010196181911647667,,0.0010520605881563728,0.0010617125201578075,0.001278747676212166,,,,-0.0008092773755049022,-0.0013859480802060002,,0.0014199590760392762,,,0.001881734385320342,,,,-0.0011689562090626366,,,,,0.0016185547510098044,,,-0.0003434025658670653,,-0.00039295981221460445,,,,,-0.00039700399553070675,,,,,,,0.0011808843336449082,,,,,,,,,6.882427817125089e-05
30,2026-07-31,288,KYG960071028,31747801W,0.0009295314433510121,0.0010196181911647667,,,-0.0005445960691632988,,,,,,,,0.0014199590760392762,0.0006888491946261965,-0.000863631826098515,-0.00047820935825289675,-0.0005497703786090309,,-0.0030454385446631845,,-0.0007926483883369932,,-0.0023145332939440203,,,,,-0.0003434025658670653,,-0.00039295981221460445,-0.000362211783089831,,0.0009524828370140001,,-0.00039700399553070675,0.0031277476945189464,,,,,0.001780410226110785,0.0011808843336449082,,0.0015430221959626803,,0.0010917609877094435,0.00062051830936837,-0.0002778551373282137,0.0018082291358937658,-0.0010666052045824978,5.384891539669922e-05
31,2026-07-31,2914,JP3726800000,22352801W,,,,,0.0010617125201578075,,,,,,-0.0013859480802060002,,-0.0007301366857867572,,-0.000863631826098515,-0.00047820935825289675,-0.0005497703786090309,,,,-0.0007926483883369932,-0.001315075735195466,-0.0023145332939440203,-0.001315075735195466,,,,-0.0003434025658670653,,0.0011630820572583016,0.0010666052045824978,,,,-0.00039700399553070675,,,,,,,0.0011808843336449082,,,-0.0013456588918279188,-0.00037032532703104327,0.00062051830936837,-0.0002778551373282137,-0.0009076601152721648,,-0.00024757208487289847
32,2026-07-31,3,HK0003000038,01852602W,-0.00031619307294317216,-0.0003459691022337848,,-0.00035718106388025003,-0.0005445960691632988,,,-0.000580083532316797,0.0005577188660106073,,,,,0.0006888491946261965,,-0.00047820935825289675,0.0010866353492694932,,,,,,,,-0.0004125727796691658,,,,,-0.00039295981221460445,,-0.0006747910477970904,-0.00048019362944896687,-0.0013301915482436897,,,,,,-0.0009524828370140001,,,,,,-0.00037032532703104327,0.00062051830936837,-0.0002778551373282137,,,-0.00010212869955009527
33,2026-07-31,3003,JP3360800001,20801901W,0.0009295314433510121,,,,,,,,,,,,,,,,-0.0005497703786090309,,0.0010332737919392947,,-0.0007926483883369932,0.001315075735195466,,0.001315075735195466,,,,,,,,,0.0009524828370140001,,,,-0.0011127563913192406,,,,0.001780410226110785,,0.0013535282420725264,,0.0013456588918279188,0.0010917609877094435,0.00062051830936837,-0.0002778551373282137,,0.0010666052045824978,0.0002070663247805441
34,2026-07-31,3382,JP3422950000,27396101W,-0.00031619307294317216,0.0010196181911647667,,,-0.0005445960691632988,,,,,,0.001377698389252393,,,,-0.000863631826098515,-0.00047820935825289675,-0.0005497703786090309,,0.0010332737919392947,,,,,,,,,-0.0003434025658670653,,0.0011630820572583016,0.0010666052045824978,,-0.00048019362944896687,,-0.00039700399553070675,-0.0031277476945189464,-0.0011127563913192406,,,,,,,,0.0013456588918279188,,,-0.0002778551373282137,,,-9.139409113740224e-05
35,2026-07-31,3402,JP3621000003,10072401W,-0.00031619307294317216,-0.0003459691022337848,,-0.00035718106388025003,,-0.00043343320111311243,,,,,-0.0013859480802060002,,,,-0.000863631826098515,-0.00047820935825289675,,-0.0007099795380196381,,,-0.0007926483883369932,,,,0.0016185547510098044,,,-0.0003434025658670653,,,,,0.0009524828370140001,,,,0.0010969352104000098,,,,,,,,,0.0010917609877094435,0.00062051830936837,-0.0002778551373282137,,,1.1037134753857212e-05
36,2026-07-31,3407,JP3111200006,10025801W,-0.00031619307294317216,-0.0003459691022337848,,-0.00035718106388025003,,0.001278747676212166,,,,,,,,,-0.000863631826098515,-0.00047820935825289675,-0.0005497703786090309,-0.0007099795380196381,,,-0.0007926483883369932,,,,0.0016185547510098044,,,-0.0003434025658670653,,0.0011630820572583016,0.0010666052045824978,,0.0009524828370140001,,-0.00039700399553070675,,,,,,,,,,,,0.00062051830936837,-0.0002778551373282137,-0.0009076601152721648,,-2.1751094502766837e-05
37,2026-07-31,3659,JP3758190007,31130501W,-0.00031619307294317216,-0.0003459691022337848,,-0.00035718106388025003,-0.0005445960691632988,-0.00043343320111311243,,0.001701862716135309,,,,,,,,,0.0010866353492694932,,,,-0.0007926483883369932,,,,,,,,,,-0.000362211783089831,,,,,,,,,-0.0009524828370140001,,,,,,0.0010917609877094435,0.00062051830936837,0.0010917609877094435,,,0.00010727040974039996
38,2026-07-31,388,HK0388045442,24063701W,,0.0010196181911647667,,,-0.0005445960691632988,,,0.001701862716135309,-0.0016532380671028715,,,,,,0.001701862716135309,,0.0010866353492694932,-0.0007099795380196381,0.0010332737919392947,,,,-0.0023145332939440203,,,,,,,-0.00039295981221460445,-0.000362211783089831,-0.0006747910477970904,-0.00048019362944896687,0.0026005992066786745,,,,,,,-0.001780410226110785,-0.0006074890535286143,,-0.0007766890248134296,-0.0013456588918279188,-0.00037032532703104327,-0.00062051830936837,-0.0002778551373282137,-0.0009076601152721648,,-8.035175065764591e-05
39,2026-07-31,4004,JP3368000000,10069601W,0.0009295314433510121,0.0010196181911647667,,,,-0.00043343320111311243,,,,,-0.0013859480802060002,,,,-0.000863631826098515,-0.00047820935825289675,,-0.0007099795380196381,,,-0.0007926483883369932,,,,-0.0004125727796691658,,,-0.0003434025658670653,,-0.00039295981221460445,-0.000362211783089831,,-0.00048019362944896687,,-0.00039700399553070675,,-0.0011127563913192406,,,,-0.001780410226110785,,,,,-0.00037032532703104327,0.00062051830936837,-0.0002778551373282137,-0.0009076601152721648,,-0.0002316890762121235
40,2026-07-31,4062,JP3148800000,10262001W,,0.0010196181911647667,,,-0.0005445960691632988,0.001278747676212166,,0.001701862716135309,,-0.0008092773755049022,,-0.0023861167978804334,,,,-0.00047820935825289675,,,,-0.0011689562090626366,,,,,-0.0004125727796691658,,,-0.0003434025658670653,,-0.00039295981221460445,-0.000362211783089831,,-0.00048019362944896687,,0.0011630820572583016,,-0.0011127563913192406,,,,,,,,,,,,,,-0.00013418332425382977
41,2026-07-31,4063,JP3371200001,10069701W,,,,,,-0.00043343320111311243,,,,,,,-0.0007301366857867572,,-0.000863631826098515,-0.00047820935825289675,-0.0005497703786090309,-0.0007099795380196381,,,-0.0007926483883369932,,,,-0.0004125727796691658,,,-0.0003434025658670653,,-0.00039295981221460445,-0.000362211783089831,,-0.00048019362944896687,,-0.00039700399553070675,,,,,,,,,,,-0.00037032532703104327,0.00062051830936837,-0.0002778551373282137,,,-0.00011959657139220322
42,2026-07-31,4091,JP3711600001,10104401W,,,,,,,,,,,-0.0013859480802060002,,-0.0007301366857867572,,-0.000863631826098515,-0.00047820935825289675,-0.0005497703786090309,-0.0007099795380196381,,,,,,,-0.0004125727796691658,,,-0.0003434025658670653,,,-0.000362211783089831,,,,0.0011630820572583016,,,,,,,,,,,,,0.0010917609877094435,,,-9.394768360085698e-06
43,2026-07-31,4151,JP3256000005,10051601W,0.0009295314433510121,-0.0003459691022337848,,-0.00035718106388025003,-0.0005445960691632988,,,,,-0.0008092773755049022,,,,-0.00204825955216285,,-0.00047820935825289675,-0.0005497703786090309,,,,-0.0007926483883369932,,-0.0023145332939440203,-0.001315075735195466,,,,0.0013378805167306475,,-0.00039295981221460445,-0.000362211783089831,-0.0006747910477970904,-0.00048019362944896687,,,0.0031277476945189464,0.0010969352104000098,,,,0.001780410226110785,-0.0006074890535286143,,,,0.0010917609877094435,0.00062051830936837,-0.0002778551373282137,,-0.0010666052045824978,-7.18525665045689e-05
44,2026-07-31,4188,JP3897700005,01904502W,,0.0010196181911647667,,0.0010520605881563728,0.0010617125201578075,-0.00043343320111311243,,,,,,,,,,-0.00047820935825289675,,-0.0007099795380196381,,,,,,,-0.0004125727796691658,,,-0.0003434025658670653,,-0.00039295981221460445,-0.000362211783089831,,-0.00048019362944896687,,,,0.0010969352104000098,,,,0.001780410226110785,0.0011808843336449082,,,,0.0010917609877094435,0.00062051830936837,0.0010917609877094435,,,0.00016062838503291943
45,2026-07-31,4307,JP3762800005,24960401W,-0.00031619307294317216,-0.0003459691022337848,,-0.00035718106388025003,,-0.00043343320111311243,,-0.000580083532316797,,-0.0008092773755049022,-0.0013859480802060002,-0.0023861167978804334,,,,-0.00047820935825289675,,,,-0.0011689562090626366,,,,,-0.0004125727796691658,,,-0.0003434025658670653,,-0.00039295981221460445,-0.000362211783089831,,,,-0.00039700399553070675,,,,,,,,,,,,,,,,-0.00028183599617880294
46,2026-07-31,4452,JP3205800000,01871501W,-0.00031619307294317216,0.0010196181911647667,,,,,,,,,,,-0.0007301366857867572,0.0006888491946261965,-0.000863631826098515,-0.00047820935825289675,,,,,-0.0007926483883369932,,-0.0023145332939440203,,,,,-0.0003434025658670653,,-0.00039295981221460445,-0.000362211783089831,,,,-0.00039700399553070675,,,,,-0.0009524828370140001,,,,-0.0007766890248134296,,-0.00037032532703104327,0.00062051830936837,-0.0002778551373282137,-0.0009076601152721648,-0.0010666052045824978,-0.00023754383480251796
47,2026-07-31,4502,JP3463000004,10071801W,-0.00031619307294317216,-0.0003459691022337848,,-0.00035718106388025003,,,,,0.0005577188660106073,-0.0008092773755049022,,,,0.0006888491946261965,,-0.00047820935825289675,0.0010866353492694932,,,,,-0.001315075735195466,,-0.001315075735195466,,,,-0.0003434025658670653,,-0.00039295981221460445,-0.000362211783089831,-0.0006747910477970904,-0.00048019362944896687,,-0.00039700399553070675,,,,,0.0009485792188295165,,-0.0006074890535286143,0.0013535282420725264,-0.0007766890248134296,0.0013456588918279188,0.0010917609877094435,,-0.0002778551373282137,-0.0009076601152721648,,-0.00010467404377151977
48,2026-07-31,4503,JP3942400007,10066801W,0.0009295314433510121,0.0010196181911647667,,0.0010520605881563728,0.0010617125201578075,,,,0.0005577188660106073,-0.0008092773755049022,,,,0.0006888491946261965,0.001701862716135309,-0.00047820935825289675,0.0010866353492694932,,,,-0.0007926483883369932,,,,,,,0.0013378805167306475,,0.0011630820572583016,0.0010666052045824978,0.002630151470390932,0.0009524828370140001,,0.0011630820572583016,0.0031277476945189464,0.0010969352104000098,,,,0.001780410226110785,0.0011808843336449082,0.0013535282420725264,0.0015430221959626803,0.0013456588918279188,0.0010917609877094435,0.00062051830936837,0.0010917609877094435,-0.0009076601152721648,,0.0005068124485249245
49,2026-07-31,4507,JP3347200002,10070701W,-0.00031619307294317216,-0.0003459691022337848,,-0.00035718106388025003,,,,,0.0005577188660106073,-0.0008092773755049022,,,,0.0006888491946261965,-0.000863631826098515,-0.00047820935825289675,-0.0005497703786090309,,,,-0.0007926483883369932,-0.001315075735195466,-0.0023145332939440203,-0.001315075735195466,,,,-0.0003434025658670653,,0.0011630820572583016,,-0.0006747910477970904,,,-0.00039700399553070675,,,,,,0.001780410226110785,0.0011808843336449082,0.0013535282420725264,0.0015430221959626803,,0.0010917609877094435,0.00062051830936837,0.0010917609877094435,0.0018082291358937658,,4.8437202438528245e-05
50,2026-07-31,4519,JP3519400000,10044101W,0.0009295314433510121,-0.0003459691022337848,,-0.00035718106388025003,,,,,,0.0031705935533479727,,,,-0.00204825955216285,-0.000863631826098515,-0.00047820935825289675,-0.0005497703786090309,,,,-0.0007926483883369932,,-0.0023145332939440203,-0.001315075735195466,,,,-0.0003434025658670653,,-0.00039295981221460445,-0.000362211783089831,-0.0006747910477970904,-0.00048019362944896687,,-0.00039700399553070675,,-0.0011127563913192406,,,,,,-0.001361490172908247,-0.0007766890248134296,-0.0013456588918279188,-0.00037032532703104327,0.00062051830936837,-0.0002778551373282137,,-0.0010666052045824978,-0.00038360688362623304
51,2026-07-31,4523,JP3160400002,10041801W,-0.00031619307294317216,-0.0003459691022337848,,-0.00035718106388025003,,,,,0.0005577188660106073,-0.0008092773755049022,,,,0.0006888491946261965,-0.000863631826098515,-0.00047820935825289675,,,,,-0.0007926483883369932,,-0.0023145332939440203,,,,,,,-0.00039295981221460445,-0.000362211783089831,-0.0006747910477970904,,,0.0011630820572583016,0.0031277476945189464,0.0010969352104000098,,,,,,0.0013535282420725264,-0.0007766890248134296,0.0013456588918279188,-0.00037032532703104327,0.00062051830936837,-0.0002778551373282137,,,6.188478531004547e-05
52,2026-07-31,4543,JP3546800008,10214601W,0.0009295314433510121,0.0010196181911647667,,0.0010520605881563728,,,,,-0.0016532380671028715,-0.0008092773755049022,,,,-0.00204825955216285,-0.000863631826098515,-0.00047820935825289675,-0.0005497703786090309,,,,-0.0007926483883369932,,,,,,,-0.0003434025658670653,,,,-0.0006747910477970904,,,-0.00039700399553070675,0.0031277476945189464,,,,,,0.0011808843336449082,,,,,0.00062051830936837,-0.0002778551373282137,,,3.768715710548065e-05
53,2026-07-31,4568,JP3475350009,10033601W,-0.00031619307294317216,-0.0003459691022337848,,-0.00035718106388025003,,,,,,-0.0008092773755049022,,,,,-0.000863631826098515,-0.00047820935825289675,-0.0005497703786090309,,,,-0.0007926483883369932,,-0.0023145332939440203,,,,,-0.0003434025658670653,,-0.00039295981221460445,-0.000362211783089831,0.002630151470390932,0.0009524828370140001,,-0.00039700399553070675,-0.0031277476945189464,,,,,,0.0011808843336449082,,,,-0.00037032532703104327,0.00062051830936837,-0.0002778551373282137,,,-0.00016938066968856535
54,2026-07-31,4578,JP3188220002,29628801W,0.0009295314433510121,0.0010196181911647667,,0.0010520605881563728,-0.0005445960691632988,,,,0.0005577188660106073,-0.0008092773755049022,,,,0.0006888491946261965,-0.000863631826098515,-0.00047820935825289675,-0.0005497703786090309,,,,,,,,,,,-0.0003434025658670653,,-0.00039295981221460445,-0.000362211783089831,0.002630151470390932,,,,0.0031277476945189464,,,,,0.001780410226110785,-0.0006074890535286143,,0.0015430221959626803,,,0.00062051830936837,-0.0002778551373282137,,-0.0010666052045824978,0.00012740207421762183
55,2026-07-31,4612,JP3749400002,10189201W,,,,,-0.0005445960691632988,0.001278747676212166,,,,,-0.0013859480802060002,,-0.0007301366857867572,,-0.000863631826098515,-0.00047820935825289675,-0.0005497703786090309,-0.0007099795380196381,,,-0.0007926483883369932,,,,0.0016185547510098044,,,-0.0003434025658670653,,,,,0.0009524828370140001,,-0.00039700399553070675,,,,,,0.001780410226110785,,,,,-0.00037032532703104327,0.00062051830936837,-0.0002778551373282137,,,-3.800514869398414e-05
56,2026-07-31,4661,JP3198900007,21319301W,-0.00031619307294317216,-0.0003459691022337848,,-0.00035718106388025003,-0.0005445960691632988,-0.00043343320111311243,,-0.000580083532316797,,-0.0008092773755049022,,0.0023617686672898165,-0.0007301366857867572,,-0.000863631826098515,-0.00047820935825289675,-0.0005497703786090309,-0.0007099795380196381,,-0.0011689562090626366,0.0015638738472594732,-0.001315075735195466,-0.0023145332939440203,-0.001315075735195466,-0.0004125727796691658,,,-0.0003434025658670653,,,-0.000362211783089831,0.002630151470390932,-0.00048019362944896687,0.0026005992066786745,-0.00039700399553070675,,,,,,,,-0.001361490172908247,,,-0.00037032532703104327,,-0.0002778551373282137,,-0.0010666052045824978,-0.00012441148297500306
57,2026-07-31,4684,JP3173400007,22545601W,,,,0.0010520605881563728,-0.0005445960691632988,,,0.001701862716135309,,-0.0008092773755049022,0.001377698389252393,-0.0023861167978804334,-0.0007301366857867572,,,-0.00047820935825289675,,,,-0.0011689562090626366,,-0.001315075735195466,,-0.001315075735195466,-0.0004125727796691658,,,-0.0003434025658670653,,-0.00039295981221460445,-0.000362211783089831,,-0.00048019362944896687,,-0.00039700399553070675,,,,,-0.0009524828370140001,,,,,,,,,,-0.0010666052045824978,-0.00026884781255786074
58,2026-07-31,4689,JP3933800009,21450901W,0.0009295314433510121,0.0010196181911647667,,0.0010520605881563728,,0.001278747676212166,,-0.000580083532316797,,,-0.0013859480802060002,,,,-0.000863631826098515,,-0.0005497703786090309,,,,-0.0007926483883369932,,,,,,,,,,,,0.0009524828370140001,,,,,,,,,,,,,0.0010917609877094435,0.00062051830936837,0.0010917609877094435,,,7.871087875607288e-05
59,2026-07-31,4755,JP3967200001,23625901W,-0.00031619307294317216,-0.0003459691022337848,,-0.00035718106388025003,-0.0005445960691632988,-0.00043343320111311243,,0.001701862716135309,,-0.0008092773755049022,-0.0013859480802060002,,,,-0.000863631826098515,-0.00047820935825289675,-0.0005497703786090309,-0.0007099795380196381,,-0.0011689562090626366,0.0015638738472594732,0.001315075735195466,0.002269150288180412,,,,,-0.0003434025658670653,,-0.00039295981221460445,-0.000362211783089831,0.002630151470390932,0.0009524828370140001,,-0.00039700399553070675,0.0031277476945189464,-0.0011127563913192406,,,0.0009485792188295165,,,0.0013535282420725264,,,0.0010917609877094435,,0.0010917609877094435,,0.0010666052045824978,0.0002949011473254646
60,2026-07-31,4768,JP3188200004,23949801W,-0.00031619307294317216,-0.0003459691022337848,,-0.00035718106388025003,-0.0005445960691632988,0.001278747676212166,,0.001701862716135309,,-0.0008092773755049022,,,0.0014199590760392762,,,-0.00047820935825289675,,,,-0.0011689562090626366,,0.001315075735195466,,0.001315075735195466,-0.0004125727796691658,,,0.0013378805167306475,,,,,0.0009524828370140001,,0.0011630820572583016,,0.0010969352104000098,,,-0.0009524828370140001,,-0.0006074890535286143,,,,,,,,,0.00019270806717261574
61,2026-07-31,4901,JP3814000000,00492501W,-0.00031619307294317216,-0.0003459691022337848,,-0.00035718106388025003,,0.001278747676212166,,-0.000580083532316797,,-0.0008092773755049022,,-0.0023861167978804334,,,,-0.00047820935825289675,,,,-0.0011689562090626366,,,,,-0.0004125727796691658,,,,,,-0.000362211783089831,,0.0009524828370140001,,-0.00039700399553070675,,,,,0.0009485792188295165,,,,,,,,,,,-0.00017005096962523464
62,2026-07-31,4911,JP3351600006,01934401W,0.0009295314433510121,-0.0003459691022337848,,,,,,,,,-0.0013859480802060002,,0.0014199590760392762,0.0006888491946261965,,-0.00047820935825289675,0.0010866353492694932,,-0.0030454385446631845,,-0.0007926483883369932,,,,,,,-0.0003434025658670653,,-0.00039295981221460445,-0.000362211783089831,,-0.00048019362944896687,,0.0011630820572583016,0.0031277476945189464,0.0010969352104000098,,,-0.0009524828370140001,-0.001780410226110785,,,-0.0007766890248134296,,,0.00062051830936837,0.0010917609877094435,-0.0009076601152721648,,1.3885651294294992e-05
63,2026-07-31,5016,JP3379550001,36616301W,,,,,,-0.00043343320111311243,,,,,,,-0.0007301366857867572,,0.001701862716135309,-0.00047820935825289675,0.0010866353492694932,-0.0007099795380196381,,,-0.0007926483883369932,,,,0.0016185547510098044,,,,,-0.00039295981221460445,-0.000362211783089831,,-0.00048019362944896687,,,,,,,-0.0009524828370140001,-0.001780410226110785,,,,,-0.00037032532703104327,-0.00062051830936837,-0.0002778551373282137,-0.0009076601152721648,,-0.00016323252126064608
64,2026-07-31,5019,JP3142500002,27944901W,-0.00031619307294317216,,,-0.00035718106388025003,-0.0005445960691632988,0.001278747676212166,,,0.0005577188660106073,,,,-0.0007301366857867572,0.0006888491946261965,,,-0.0005497703786090309,,0.0010332737919392947,,,0.001315075735195466,,0.001315075735195466,0.0016185547510098044,,,-0.0003434025658670653,,,,,,,-0.00039700399553070675,,-0.0011127563913192406,,,,,,0.0013535282420725264,,0.0013456588918279188,,0.00062051830936837,0.0010917609877094435,0.0018082291358937658,,0.0002564585314910622
65,2026-07-31,5020,JP3386450005,10015801W,-0.00031619307294317216,,,-0.00035718106388025003,0.0010617125201578075,0.001278747676212166,,,0.0005577188660106073,,,,0.0014199590760392762,0.0006888491946261965,,,0.0010866353492694932,,0.0010332737919392947,,,0.001315075735195466,,0.001315075735195466,-0.0004125727796691658,,,-0.0003434025658670653,,,,,,,-0.00039700399553070675,,-0.0011127563913192406,,,,,-0.0006074890535286143,0.0013535282420725264,,0.0013456588918279188,-0.00037032532703104327,0.00062051830936837,-0.0002778551373282137,,,0.0001831917396068647
66,2026-07-31,5108,JP3830800003,10036901W,-0.00031619307294317216,-0.0003459691022337848,,-0.00035718106388025003,0.0010617125201578075,0.001278747676212166,,0.001701862716135309,,-0.0008092773755049022,-0.0013859480802060002,,0.0014199590760392762,,,-0.00047820935825289675,,-0.0007099795380196381,,-0.0011689562090626366,-0.0007926483883369932,,-0.0023145332939440203,,-0.0004125727796691658,,,0.0013378805167306475,,0.0011630820572583016,,-0.0006747910477970904,,,0.0011630820572583016,0.0031277476945189464,0.0010969352104000098,,,,,,,,,0.0010917609877094435,,0.0010917609877094435,,-0.0010666052045824978,0.0001589727074505473
67,2026-07-31,5201,JP3112000009,10025901W,0.0009295314433510121,,,0.0010520605881563728,0.0010617125201578075,0.001278747676212166,,,-0.0016532380671028715,,,,-0.0007301366857867572,-0.00204825955216285,,,,,,,,,,,-0.0004125727796691658,,,,,0.0011630820572583016,0.0010666052045824978,,-0.00048019362944896687,,0.0011630820572583016,,-0.0011127563913192406,,,,,0.0011808843336449082,0.0013535282420725264,,0.0013456588918279188,0.0010917609877094435,,-0.0002778551373282137,,,0.00015324391537588765
68,2026-07-31,5401,JP3381000003,10015501W,-0.00031619307294317216,-0.0003459691022337848,,-0.00035718106388025003,,0.001278747676212166,,,,,,,,,,-0.00047820935825289675,,-0.0007099795380196381,,,-0.0007926483883369932,,,,-0.0004125727796691658,,,-0.0003434025658670653,,-0.00039295981221460445,-0.000362211783089831,,-0.00048019362944896687,,-0.00039700399553070675,,-0.0011127563913192406,,,0.0009485792188295165,0.001780410226110785,0.0011808843336449082,,,,0.0010917609877094435,,-0.0002778551373282137,0.0018082291358937658,,5.3240734881543475e-05
69,2026-07-31,5411,JP3386030005,25373801W,-0.00031619307294317216,-0.0003459691022337848,,-0.00035718106388025003,0.0010617125201578075,-0.00043343320111311243,,,,,,,-0.0007301366857867572,,-0.000863631826098515,-0.00047820935825289675,-0.0005497703786090309,-0.0007099795380196381,,,-0.0007926483883369932,,,,-0.0004125727796691658,,,-0.0003434025658670653,,-0.00039295981221460445,-0.000362211783089831,,-0.00048019362944896687,,-0.00039700399553070675,,,,,,0.001780410226110785,0.0011808843336449082,,,,0.0010917609877094435,,-0.0002778551373282137,0.0018082291358937658,,4.144425688658961e-05
70,2026-07-31,5706,JP3888400003,10195101W,,0.0010196181911647667,,,-0.0005445960691632988,0.001278747676212166,,,,,,,,,-0.000863631826098515,0.001881734385320342,-0.0005497703786090309,-0.0007099795380196381,,,-0.0007926483883369932,,,,0.0016185547510098044,,,-0.0003434025658670653,,,,,,,-0.00039700399553070675,,,,,-0.0009524828370140001,-0.001780410226110785,-0.0006074890535286143,,,,-0.00037032532703104327,-0.00062051830936837,-0.0002778551373282137,-0.0009076601152721648,,-0.00014337794656178564
71,2026-07-31,5713,JP3402600005,10014501W,0.0009295314433510121,,,0.0010520605881563728,0.0010617125201578075,0.001278747676212166,,0.001701862716135309,,,,,-0.0007301366857867572,,-0.000863631826098515,-0.00047820935825289675,,-0.0007099795380196381,,,-0.0007926483883369932,,,,-0.0004125727796691658,,,-0.0003434025658670653,,-0.00039295981221460445,-0.000362211783089831,,0.0009524828370140001,,-0.00039700399553070675,,-0.0011127563913192406,,,,-0.001780410226110785,,,,,-0.00037032532703104327,,-0.0002778551373282137,,,-1.2566942161865035e-05
72,2026-07-31,5801,JP3827200001,02014501W,0.0009295314433510121,0.0010196181911647667,,0.0010520605881563728,,0.001278747676212166,,,,,,,0.0014199590760392762,0.0006888491946261965,,,,,,,,0.001315075735195466,,0.001315075735195466,0.0016185547510098044,,,,,,,,0.0009524828370140001,,,,,,,-0.0009524828370140001,,-0.0006074890535286143,,-0.0007766890248134296,,-0.00037032532703104327,-0.00062051830936837,-0.0002778551373282137,,,8.967878870998994e-05
73,2026-07-31,5802,JP3407400005,01941301W,0.0009295314433510121,0.0010196181911647667,,0.0010520605881563728,-0.0005445960691632988,0.001278747676212166,,0.001701862716135309,,-0.0008092773755049022,-0.0013859480802060002,,,,-0.000863631826098515,-0.00047820935825289675,-0.0005497703786090309,-0.0007099795380196381,,-0.0011689562090626366,-0.0007926483883369932,,,,0.0016185547510098044,,,-0.0003434025658670653,,,,-0.0006747910477970904,,0.0026005992066786745,-0.00039700399553070675,,,,,,,,,,,-0.00037032532703104327,,-0.0002778551373282137,,,8.271486724821863e-06
74,2026-07-31,5803,JP3811000003,10271701W,0.0009295314433510121,0.0010196181911647667,,0.0010520605881563728,,-0.00043343320111311243,,,,,,,-0.0007301366857867572,0.0006888491946261965,,,-0.0005497703786090309,,,,,0.001315075735195466,,,0.0016185547510098044,,,-0.0003434025658670653,,,,,,,-0.00039700399553070675,,,,,-0.0009524828370140001,,,-0.001361490172908247,-0.0007766890248134296,-0.0013456588918279188,-0.00037032532703104327,-0.00062051830936837,-0.0002778551373282137,,-0.0010666052045824978,-0.00010522265783135657
75,2026-07-31,6,HK0006000050,01659001W,-0.00031619307294317216,-0.0003459691022337848,,-0.00035718106388025003,,,,-0.000580083532316797,0.0005577188660106073,,,,,0.0006888491946261965,,-0.00047820935825289675,,,,,,-0.001315075735195466,,-0.001315075735195466,0.0016185547510098044,,,,,-0.00039295981221460445,,-0.0006747910477970904,-0.00048019362944896687,-0.0013301915482436897,,,,,,-0.0009524828370140001,,,-0.001361490172908247,,-0.0013456588918279188,-0.00037032532703104327,,-0.0002778551373282137,,-0.0010666052045824978,-0.0003135669285325505
76,2026-07-31,6098,JP3970300004,31851001W,0.0009295314433510121,0.0010196181911647667,,0.0010520605881563728,0.0010617125201578075,,,,0.0005577188660106073,,,,,0.0006888491946261965,,,0.0010866353492694932,,,,,0.001315075735195466,,,0.0016185547510098044,,,-0.0003434025658670653,,,,,,,,,,,,,,,-0.001361490172908247,-0.0007766890248134296,,-0.00037032532703104327,,-0.0002778551373282137,,-0.0010666052045824978,2.86076110878279e-05
77,2026-07-31,6146,JP3548600000,20149101W,,,,-0.00035718106388025003,-0.0005445960691632988,-0.00043343320111311243,,-0.000580083532316797,,0.0031705935533479727,0.001377698389252393,,0.0014199590760392762,,,-0.00047820935825289675,,,,0.004538300576360824,,,,,-0.0004125727796691658,,,0.0013378805167306475,,-0.00039295981221460445,-0.000362211783089831,,-0.00048019362944896687,,-0.00039700399553070675,,,,,-0.0009524828370140001,,-0.0006074890535286143,,,,,,,,-0.0010666052045824978,2.3284292066954483e-05
78,2026-07-31,6178,JP3752900005,32061101W,0.0009295314433510121,-0.0003459691022337848,,-0.00035718106388025003,,0.001278747676212166,,,0.0005577188660106073,,,,,,-0.000863631826098515,,-0.0005497703786090309,0.002183521975418887,0.0010332737919392947,,,,,,,,,,,,,-0.0006747910477970904,,-0.0013301915482436897,0.0011630820572583016,,0.0010969352104000098,,,0.0009485792188295165,,,0.0013535282420725264,-0.0007766890248134296,0.0013456588918279188,-0.00037032532703104327,-0.00062051830936837,-0.0002778551373282137,,0.0010666052045824978,0.00014284696950510084
79,2026-07-31,6273,JP3162600005,20812401W,,0.0010196181911647667,,0.0010520605881563728,-0.0005445960691632988,,,,-0.0016532380671028715,,,,0.0014199590760392762,-0.00204825955216285,,,,,,,,-0.001315075735195466,,-0.001315075735195466,-0.0004125727796691658,,,-0.0003434025658670653,,-0.00039295981221460445,-0.000362211783089831,,-0.00048019362944896687,,0.0011630820572583016,,0.0010969352104000098,,,,,-0.0006074890535286143,-0.001361490172908247,,-0.0013456588918279188,-0.00037032532703104327,0.00062051830936837,-0.0002778551373282137,,-0.0010666052045824978,-0.0001264487323743413
80,2026-07-31,6301,JP3304200003,00649401W,-0.00031619307294317216,-0.0003459691022337848,,-0.00035718106388025003,-0.0005445960691632988,,,,,,,,-0.0007301366857867572,,,,,,,,,,,,-0.0004125727796691658,,,-0.0003434025658670653,,-0.00039295981221460445,-0.000362211783089831,,,,-0.00039700399553070675,,-0.0011127563913192406,,,,,,,0.0015430221959626803,,,0.00062051830936837,-0.0002778551373282137,,-0.0010666052045824978,-6.574532420171197e-05
81,2026-07-31,6326,JP3266400005,00650601W,0.0009295314433510121,0.0010196181911647667,,0.0010520605881563728,-0.0005445960691632988,0.001278747676212166,,,0.0005577188660106073,,,,,,,,,,,,,,,,-0.0004125727796691658,,,0.0013378805167306475,,-0.00039295981221460445,-0.000362211783089831,,-0.00048019362944896687,,0.0011630820572583016,,0.0010969352104000098,,,,,-0.0006074890535286143,0.0013535282420725264,0.0015430221959626803,0.0013456588918279188,,0.00062051830936837,-0.0002778551373282137,,,0.00018482063311775785
82,2026-07-31,6361,JP3166000004,10040801W,0.0009295314433510121,0.0010196181911647667,,0.0010520605881563728,,-0.00043343320111311243,,,-0.0016532380671028715,,,,0.0014199590760392762,-0.00204825955216285,,,-0.0005497703786090309,,,,,,,,-0.0004125727796691658,,,-0.0003434025658670653,,-0.00039295981221460445,-0.000362211783089831,,,,-0.00039700399553070675,,-0.0011127563913192406,,,-0.0009524828370140001,,,,-0.0007766890248134296,,-0.00037032532703104327,,-0.0002778551373282137,,,-0.00011773380714241636
83,2026-07-31,6367,JP3481800005,10113801W,,-0.0003459691022337848,,-0.00035718106388025003,,,,,,,,,0.0014199590760392762,,,,-0.0005497703786090309,,,,,,,,-0.0004125727796691658,,,0.0013378805167306475,,,-0.000362211783089831,,0.0009524828370140001,,0.0011630820572583016,,0.0010969352104000098,,,,,,,,,,0.00062051830936837,-0.0002778551373282137,,-0.0010666052045824978,6.270976509512452e-05
84,2026-07-31,6383,JP3497400006,10224501W,,-0.0003459691022337848,,-0.00035718106388025003,-0.0005445960691632988,,,,0.0005577188660106073,,,,-0.0007301366857867572,0.0006888491946261965,,,-0.0005497703786090309,,,,,,,,0.0016185547510098044,,,-0.0003434025658670653,,-0.00039295981221460445,-0.000362211783089831,,-0.00048019362944896687,,-0.00039700399553070675,,-0.0011127563913192406,,,-0.0009524828370140001,,-0.0006074890535286143,,-0.0007766890248134296,,-0.00037032532703104327,0.00062051830936837,-0.0002778551373282137,,-0.0010666052045824978,-0.00013942821522804777
85,2026-07-31,6479,JP3906000009,01900201W,0.0009295314433510121,,,,-0.0005445960691632988,0.001278747676212166,,,-0.0016532380671028715,,,,-0.0007301366857867572,,,,-0.0005497703786090309,,,,,,,,0.0016185547510098044,,,0.0013378805167306475,,,-0.000362211783089831,,0.0009524828370140001,,0.0011630820572583016,,0.0010969352104000098,,,,,-0.0006074890535286143,,-0.0007766890248134296,,,0.00062051830936837,-0.0002778551373282137,,,7.993290486514002e-05
86,2026-07-31,6501,JP3788600009,00565001W,-0.00031619307294317216,-0.0003459691022337848,,-0.00035718106388025003,,-0.00043343320111311243,,,0.0005577188660106073,,,,-0.0007301366857867572,0.0006888491946261965,,,,,,,,,,,0.0016185547510098044,,,-0.0003434025658670653,,-0.00039295981221460445,-0.000362211783089831,,-0.00048019362944896687,,,,,,,0.0009485792188295165,,,,-0.0007766890248134296,,,0.00062051830936837,-0.0002778551373282137,,,-1.7333695491254396e-05
87,2026-07-31,6503,JP3902400005,01904301W,0.0009295314433510121,0.0010196181911647667,,0.0010520605881563728,,0.001278747676212166,,,0.0005577188660106073,,,,0.0014199590760392762,0.0006888491946261965,,,-0.0005497703786090309,,,,,,,,-0.0004125727796691658,,,0.0013378805167306475,,,,,,,,,,,,,,,,,,-0.00037032532703104327,0.00062051830936837,-0.0002778551373282137,,-0.0010666052045824978,3.764009146905194e-05
88,2026-07-31,6504,JP3820000002,10185101W,0.0009295314433510121,,,0.0010520605881563728,-0.0005445960691632988,0.001278747676212166,,,-0.0016532380671028715,,,,,,,,-0.0005497703786090309,,,,,,,,-0.0004125727796691658,,,-0.0003434025658670653,,,-0.000362211783089831,,0.0009524828370140001,,-0.00039700399553070675,,-0.0011127563913192406,,,,,-0.0006074890535286143,,,,,,-0.0002778551373282137,,-0.0010666052045824978,-6.441807415601251e-05
89,2026-07-31,6586,JP3862400003,00697201W,0.0009295314433510121,0.0010196181911647667,,0.0010520605881563728,-0.0005445960691632988,0.001278747676212166,,,0.0005577188660106073,,,,0.0014199590760392762,0.0006888491946261965,,,,,,,,,,-0.001315075735195466,0.0016185547510098044,,,-0.0003434025658670653,,0.0011630820572583016,0.0010666052045824978,,-0.00048019362944896687,,-0.00039700399553070675,,-0.0011127563913192406,,,-0.0009524828370140001,,-0.0006074890535286143,,,,0.0010917609877094435,0.00062051830936837,0.0010917609877094435,,-0.0010666052045824978,2.16579926601125e-05
90,2026-07-31,6594,JP3734800000,22182101W,-0.00031619307294317216,-0.0003459691022337848,,-0.00035718106388025003,0.0010617125201578075,,,,,,,,0.0014199590760392762,,,,,,,,,,,,-0.0004125727796691658,,,-0.0003434025658670653,,0.0011630820572583016,0.0010666052045824978,,0.0009524828370140001,,-0.00039700399553070675,,-0.0011127563913192406,,,,,0.0011808843336449082,,,,0.0010917609877094435,0.00062051830936837,-0.0002778551373282137,,,8.302432580959379e-05
91,2026-07-31,66,HK0066009694,24301101W,-0.00031619307294317216,-0.0003459691022337848,,-0.00035718106388025003,-0.0005445960691632988,-0.00043343320111311243,,,-0.0016532380671028715,,,,-0.0007301366857867572,-0.00204825955216285,,,-0.0005497703786090309,,,,,-0.001315075735195466,,-0.001315075735195466,-0.0004125727796691658,,,,,-0.00039295981221460445,-0.000362211783089831,,-0.00048019362944896687,,-0.00039700399553070675,,-0.0011127563913192406,,,0.0009485792188295165,,-0.0006074890535286143,,0.0015430221959626803,,-0.00037032532703104327,0.00062051830936837,-0.0002778551373282137,,-0.0010666052045824978,-0.000193448126472433
92,2026-07-31,669,HK0669013440,10340901W,-0.00031619307294317216,-0.0003459691022337848,,-0.00035718106388025003,0.0010617125201578075,-0.00043343320111311243,,,0.0005577188660106073,,,,-0.0007301366857867572,0.0006888491946261965,,,0.0010866353492694932,,,,,,,,-0.0004125727796691658,,,-0.0003434025658670653,,-0.00039295981221460445,-0.000362211783089831,,,,-0.00039700399553070675,,-0.0011127563913192406,,,,,0.0011808843336449082,,,,,0.00062051830936837,-0.0002778551373282137,,,-9.148036588143716e-07
93,2026-07-31,6701,JP3733000008,00765201W,-0.00031619307294317216,-0.0003459691022337848,,-0.00035718106388025003,,0.001278747676212166,,-0.000580083532316797,,-0.0008092773755049022,-0.0013859480802060002,,,,,-0.00047820935825289675,,,,-0.0011689562090626366,,0.001315075735195466,,,0.0016185547510098044,,,0.0013378805167306475,,0.0011630820572583016,0.0010666052045824978,,,,0.0011630820572583016,,0.0010969352104000098,,,,,,,,,,,,,,9.102543158448954e-05
94,2026-07-31,6702,JP3818000006,01846701W,-0.00031619307294317216,-0.0003459691022337848,,-0.00035718106388025003,-0.0005445960691632988,-0.00043343320111311243,,-0.000580083532316797,,-0.0008092773755049022,-0.0013859480802060002,,0.0014199590760392762,,,-0.00047820935825289675,,,,-0.0011689562090626366,,0.001315075735195466,,,-0.0004125727796691658,,,-0.0003434025658670653,,-0.00039295981221460445,-0.000362211783089831,,-0.00048019362944896687,,-0.00039700399553070675,,,,,,,-0.0006074890535286143,,,,,,,,,-0.00013162609588020927
95,2026-07-31,6723,JP3164720009,25766401W,,,,,-0.0005445960691632988,-0.00043343320111311243,,,,-0.0008092773755049022,0.001377698389252393,,-0.0007301366857867572,,,-0.00047820935825289675,,,,-0.0011689562090626366,,-0.001315075735195466,,-0.001315075735195466,-0.0004125727796691658,,,0.0013378805167306475,,-0.00039295981221460445,-0.000362211783089831,,-0.00048019362944896687,,0.0011630820572583016,,0.0010969352104000098,,,,,-0.0006074890535286143,,,,,,,,,-9.397531495709852e-05
96,2026-07-31,6752,JP3866800000,00711401W,0.0009295314433510121,0.0010196181911647667,,,0.0010617125201578075,-0.00043343320111311243,,-0.000580083532316797,,-0.0008092773755049022,,,-0.0007301366857867572,,-0.000863631826098515,-0.00047820935825289675,,-0.0007099795380196381,,-0.0011689562090626366,,,,,0.0016185547510098044,,,-0.0003434025658670653,,-0.00039295981221460445,-0.000362211783089831,-0.0006747910477970904,-0.00048019362944896687,0.0026005992066786745,-0.00039700399553070675,,,,,0.0009485792188295165,,,,,,-0.00037032532703104327,,-0.0002778551373282137,,,-6.0140507378693215e-05
97,2026-07-31,6758,JP3435000009,00981801W,-0.00031619307294317216,,,,-0.0005445960691632988,-0.00043343320111311243,,-0.000580083532316797,,-0.0008092773755049022,,0.0023617686672898165,,,,-0.00047820935825289675,,-0.0007099795380196381,,-0.0011689562090626366,,,,,0.0016185547510098044,,,-0.0003434025658670653,,-0.00039295981221460445,-0.000362211783089831,-0.0006747910477970904,,,-0.00039700399553070675,0.0031277476945189464,,,,0.0009485792188295165,,,,,,,,0.0010917609877094435,,,0.00013230316080087032
98,2026-07-31,6762,JP3538800008,01027501W,,-0.0003459691022337848,,-0.00035718106388025003,,-0.00043343320111311243,,-0.000580083532316797,,-0.0008092773755049022,-0.0013859480802060002,,-0.0007301366857867572,,,-0.00047820935825289675,,,,-0.0011689562090626366,,,,,-0.0004125727796691658,,,-0.0003434025658670653,,-0.00039295981221460445,-0.000362211783089831,,0.0009524828370140001,,-0.00039700399553070675,,,,,,,,,,,,,,,,-0.0001235860616759734
99,2026-07-31,6823,HK0000093390,30958701W,-0.00031619307294317216,-0.0003459691022337848,,-0.00035718106388025003,,-0.00043343320111311243,,-0.000580083532316797,,,,,,,-0.000863631826098515,,,,,,,,,,,,,,,,-0.000362211783089831,,,,,,,,,,,,,,,-0.00037032532703104327,-0.00062051830936837,-0.0002778551373282137,,,-0.0001056412358053854
100,2026-07-31,6841,JP3955000009,10067101W,-0.00031619307294317216,-0.0003459691022337848,,-0.00035718106388025003,-0.0005445960691632988,-0.00043343320111311243,,-0.000580083532316797,,-0.0008092773755049022,-0.0013859480802060002,,,,,-0.00047820935825289675,,,,-0.0011689562090626366,,,,,-0.0004125727796691658,,,-0.0003434025658670653,,,-0.000362211783089831,,,,-0.00039700399553070675,,-0.0011127563913192406,,,-0.0009524828370140001,,,,,,,,,,,-0.0002085517601538751
101,2026-07-31,6857,JP3122400009,10024501W,0.0009295314433510121,0.0010196181911647667,,0.0010520605881563728,-0.0005445960691632988,0.001278747676212166,,-0.000580083532316797,,0.0031705935533479727,,,0.0014199590760392762,,,0.001881734385320342,,,,0.004538300576360824,,,,,0.0016185547510098044,,,-0.0003434025658670653,,,,,,,-0.00039700399553070675,,,,,,,,,,,,,,,,0.00018261710954129402
102,2026-07-31,6861,JP3236200006,10322801W,-0.00031619307294317216,-0.0003459691022337848,,,-0.0005445960691632988,,,-0.000580083532316797,,-0.0008092773755049022,-0.0013859480802060002,-0.0023861167978804334,,,,-0.00047820935825289675,,,,-0.0011689562090626366,,-0.001315075735195466,,-0.001315075735195466,-0.0004125727796691658,,,-0.0003434025658670653,,-0.00039295981221460445,-0.000362211783089831,,-0.00048019362944896687,,-0.00039700399553070675,,,,,,,-0.0006074890535286143,,,,,,,,-0.0010666052045824978,-0.00042311996517358793
103,2026-07-31,6902,JP3551500006,01911201W,-0.00031619307294317216,-0.0003459691022337848,,-0.00035718106388025003,,0.001278747676212166,,-0.000580083532316797,,-0.0008092773755049022,-0.0013859480802060002,,-0.0007301366857867572,,-0.000863631826098515,-0.00047820935825289675,,-0.0007099795380196381,,-0.0011689562090626366,-0.0007926483883369932,,,,0.0016185547510098044,,,-0.0003434025658670653,,,0.0010666052045824978,0.002630151470390932,0.0009524828370140001,-0.0013301915482436897,-0.00039700399553070675,-0.0031277476945189464,-0.0011127563913192406,,,0.0009485792188295165,,,,,,0.0010917609877094435,,-0.0002778551373282137,,-0.0010666052045824978,-0.00020640086906433133
104,2026-07-31,6920,JP3979200007,20197401W,-0.00031619307294317216,-0.0003459691022337848,,-0.00035718106388025003,-0.0005445960691632988,0.001278747676212166,,-0.000580083532316797,,0.0031705935533479727,0.001377698389252393,,0.0014199590760392762,,,0.001881734385320342,,,,0.004538300576360824,,,,,0.0016185547510098044,,,0.0013378805167306475,,-0.00039295981221460445,,,-0.00048019362944896687,,,,,,,-0.0009524828370140001,,-0.0006074890535286143,,,,,,,,-0.0010666052045824978,0.00012798245227781902
105,2026-07-31,6954,JP3802400006,10004801W,,0.0010196181911647667,,0.0010520605881563728,-0.0005445960691632988,,,,0.0005577188660106073,,,,0.0014199590760392762,,,,-0.0005497703786090309,,,,,-0.001315075735195466,,-0.001315075735195466,0.0016185547510098044,,,0.0013378805167306475,,-0.00039295981221460445,-0.000362211783089831,,-0.00048019362944896687,,0.0011630820572583016,,,,,,,-0.0006074890535286143,-0.001361490172908247,-0.0007766890248134296,-0.0013456588918279188,-0.00037032532703104327,0.00062051830936837,-0.0002778551373282137,,-0.0010666052045824978,-0.00014430844714559169
106,2026-07-31,6971,JP3249600002,00651201W,-0.00031619307294317216,,,0.0010520605881563728,-0.0005445960691632988,0.001278747676212166,,-0.000580083532316797,,-0.0008092773755049022,,0.0023617686672898165,,,,-0.00047820935825289675,,,,-0.0011689562090626366,,,,-0.001315075735195466,0.0016185547510098044,,,-0.0003434025658670653,,0.0011630820572583016,0.0010666052045824978,,0.0009524828370140001,,-0.00039700399553070675,,,,,,,-0.0006074890535286143,,,,,,,,-0.0010666052045824978,5.396882771537086e-05
107,2026-07-31,6981,JP3914400001,10022601W,0.0009295314433510121,,,,,0.001278747676212166,,-0.000580083532316797,,-0.0008092773755049022,,0.0023617686672898165,0.0014199590760392762,,,-0.00047820935825289675,,,,-0.0011689562090626366,,,,,-0.0004125727796691658,,,-0.0003434025658670653,,-0.00039295981221460445,-0.000362211783089831,,-0.00048019362944896687,,-0.00039700399553070675,,-0.0011127563913192406,,,,,,,,,,,,,-0.0010666052045824978,-3.613707505023433e-06
108,2026-07-31,6988,JP3684000007,10068301W,-0.00031619307294317216,-0.0003459691022337848,,-0.00035718106388025003,-0.0005445960691632988,-0.00043343320111311243,,,,,-0.0013859480802060002,,-0.0007301366857867572,,-0.000863631826098515,-0.00047820935825289675,-0.0005497703786090309,-0.0007099795380196381,,,-0.0007926483883369932,,,,-0.0004125727796691658,,,-0.0003434025658670653,,-0.00039295981221460445,-0.000362211783089831,,,,-0.00039700399553070675,,,,,-0.0009524828370140001,,,,,,0.0010917609877094435,0.00062051830936837,-0.0002778551373282137,,,-0.00012643671073585782
109,2026-07-31,7011,JP3900000005,10001201W,0.0009295314433510121,0.0010196181911647667,,0.0010520605881563728,,0.001278747676212166,,,,,,,-0.0007301366857867572,,,,,,,,,,,,0.0016185547510098044,,,0.0013378805167306475,,-0.00039295981221460445,-0.000362211783089831,,,,,,0.0010969352104000098,,,,,-0.0006074890535286143,,-0.0007766890248134296,,-0.00037032532703104327,0.00062051830936837,-0.0002778551373282137,,,6.775518084891376e-05
110,2026-07-31,7012,JP3224200000,10028801W,0.0009295314433510121,0.0010196181911647667,,0.0010520605881563728,0.0010617125201578075,0.001278747676212166,,,0.0005577188660106073,,,,,,,,-0.0005497703786090309,,,,,0.001315075735195466,,,-0.0004125727796691658,,,-0.0003434025658670653,,0.0011630820572583016,,,0.0009524828370140001,,-0.00039700399553070675,,,,,,,0.0011808843336449082,0.0013535282420725264,,0.0013456588918279188,-0.00037032532703104327,,-0.0002778551373282137,,0.0010666052045824978,0.00020935397939021567
111,2026-07-31,7013,JP3134800006,10036201W,,0.0010196181911647667,,0.0010520605881563728,,0.001278747676212166,,,,,,,-0.0007301366857867572,,,,-0.0005497703786090309,,,,,,,,-0.0004125727796691658,,,-0.0003434025658670653,,0.0011630820572583016,0.0010666052045824978,,-0.00048019362944896687,,-0.00039700399553070675,,-0.0011127563913192406,,,,,,0.0013535282420725264,,,-0.00037032532703104327,,-0.0002778551373282137,,,1.1469427885742336e-05
112,2026-07-31,7181,JP3233250004,32061001W,-0.00031619307294317216,-0.0003459691022337848,,-0.00035718106388025003,-0.0005445960691632988,0.001278747676212166,,0.001701862716135309,0.0005577188660106073,,0.001377698389252393,,,,-0.000863631826098515,,0.0010866353492694932,-0.0007099795380196381,0.0010332737919392947,,,,-0.0023145332939440203,,,,,,,,,-0.0006747910477970904,0.0009524828370140001,-0.0013301915482436897,0.0011630820572583016,,0.0010969352104000098,,,,0.001780410226110785,-0.0006074890535286143,,,0.0013456588918279188,-0.00037032532703104327,0.00062051830936837,-0.0002778551373282137,,,0.0001416569285986275
113,2026-07-31,7182,JP3946750001,32060901W,0.0009295314433510121,0.0010196181911647667,,0.0010520605881563728,0.0010617125201578075,,,,0.0005577188660106073,,,-0.0023861167978804334,,,-0.000863631826098515,,,0.002183521975418887,0.0010332737919392947,,0.0015638738472594732,,0.002269150288180412,,,,,,,,-0.000362211783089831,,-0.00048019362944896687,-0.0013301915482436897,,,,,,0.0009485792188295165,-0.001780410226110785,,0.0013535282420725264,-0.0007766890248134296,-0.0013456588918279188,,,,-0.0009076601152721648,0.0010666052045824978,1.6448718586526646e-07
114,2026-07-31,7186,JP3305990008,01557901W,0.0009295314433510121,0.0010196181911647667,,0.0010520605881563728,0.0010617125201578075,,,-0.000580083532316797,0.0005577188660106073,,,,,,,,,0.002183521975418887,0.0010332737919392947,,0.0015638738472594732,,0.002269150288180412,,,,,,,,,,,0.0026005992066786745,,,,,,,,0.0011808843336449082,0.0013535282420725264,-0.0007766890248134296,,,,,-0.0009076601152721648,,0.00025885268871027464
115,2026-07-31,7201,JP3672400003,01911301W,-0.00031619307294317216,-0.0003459691022337848,,-0.00035718106388025003,,0.001278747676212166,,0.001701862716135309,,-0.0008092773755049022,,-0.0023861167978804334,-0.0007301366857867572,,-0.000863631826098515,-0.00047820935825289675,0.0010866353492694932,-0.0007099795380196381,,-0.0011689562090626366,,,-0.0023145332939440203,,-0.0004125727796691658,,,,,0.0011630820572583016,0.0010666052045824978,-0.0006747910477970904,-0.00048019362944896687,-0.0013301915482436897,0.0011630820572583016,-0.0031277476945189464,0.0010969352104000098,,,0.0009485792188295165,,,0.0013535282420725264,,,,,-0.0002778551373282137,,,-0.0001796717782459292
116,2026-07-31,7202,JP3137200006,01893101W,-0.00031619307294317216,-0.0003459691022337848,,-0.00035718106388025003,0.0010617125201578075,-0.00043343320111311243,,-0.000580083532316797,,-0.0008092773755049022,-0.0013859480802060002,0.0023617686672898165,-0.0007301366857867572,,,-0.00047820935825289675,-0.0005497703786090309,-0.0007099795380196381,,-0.0011689562090626366,-0.0007926483883369932,,,,-0.0004125727796691658,,,-0.0003434025658670653,,,-0.000362211783089831,0.002630151470390932,-0.00048019362944896687,,-0.00039700399553070675,0.0031277476945189464,-0.0011127563913192406,,,,,,0.0013535282420725264,,,0.0010917609877094435,,-0.0002778551373282137,,,0.00010256105285221758
117,2026-07-31,7203,JP3633400001,01966101W,-0.00031619307294317216,-0.0003459691022337848,,-0.00035718106388025003,,,,-0.000580083532316797,,-0.0008092773755049022,,-0.0023861167978804334,-0.0007301366857867572,,-0.000863631826098515,-0.00047820935825289675,,-0.0007099795380196381,,-0.0011689562090626366,,,,,-0.0004125727796691658,,,,,-0.00039295981221460445,-0.000362211783089831,0.002630151470390932,0.0009524828370140001,,0.0011630820572583016,0.0031277476945189464,0.0010969352104000098,,,0.0009485792188295165,,,0.0013535282420725264,,,,,-0.0002778551373282137,,,6.427965849687173e-06
118,2026-07-31,7259,JP3102000001,10224001W,-0.00031619307294317216,-0.0003459691022337848,,-0.00035718106388025003,,0.001278747676212166,,0.001701862716135309,,-0.0008092773755049022,,,-0.0007301366857867572,,-0.000863631826098515,-0.00047820935825289675,,-0.0007099795380196381,,-0.0011689562090626366,-0.0007926483883369932,,,,0.0016185547510098044,,,-0.0003434025658670653,,0.0011630820572583016,0.0010666052045824978,0.002630151470390932,0.0009524828370140001,-0.0013301915482436897,,0.0031277476945189464,0.0010969352104000098,,,,,,0.0013535282420725264,,,0.0010917609877094435,,-0.0002778551373282137,,,0.00023554663734245347
119,2026-07-31,7267,JP3854600008,00569101W,-0.00031619307294317216,0.0010196181911647667,,0.0010520605881563728,,-0.00043343320111311243,,,,-0.0008092773755049022,,0.0023617686672898165,,,,-0.00047820935825289675,-0.0005497703786090309,-0.0007099795380196381,,-0.0011689562090626366,,,,,-0.0004125727796691658,,,-0.0003434025658670653,,-0.00039295981221460445,-0.000362211783089831,-0.0006747910477970904,0.0009524828370140001,0.0026005992066786745,-0.00039700399553070675,-0.0031277476945189464,-0.0011127563913192406,,,0.0009485792188295165,,,0.0013535282420725264,,,-0.00037032532703104327,,-0.0002778551373282137,,,2.8223096587500804e-06
120,2026-07-31,7269,JP3397200001,10115501W,-0.00031619307294317216,-0.0003459691022337848,,-0.00035718106388025003,-0.0005445960691632988,0.001278747676212166,,-0.000580083532316797,,-0.0008092773755049022,,-0.0023861167978804334,0.0014199590760392762,,-0.000863631826098515,-0.00047820935825289675,-0.0005497703786090309,-0.0007099795380196381,,-0.0011689562090626366,,,,,0.0016185547510098044,,,0.0013378805167306475,,0.0011630820572583016,0.0010666052045824978,0.002630151470390932,0.0009524828370140001,0.0026005992066786745,0.0011630820572583016,0.0031277476945189464,0.0010969352104000098,,,,,,,,,0.0010917609877094435,,0.0010917609877094435,,,0.00018755092235805225
121,2026-07-31,7270,JP3814800003,01846601W,-0.00031619307294317216,-0.0003459691022337848,,-0.00035718106388025003,0.0010617125201578075,-0.00043343320111311243,,-0.000580083532316797,,-0.0008092773755049022,,0.0023617686672898165,-0.0007301366857867572,,-0.000863631826098515,-0.00047820935825289675,-0.0005497703786090309,-0.0007099795380196381,,-0.0011689562090626366,-0.0007926483883369932,,-0.0023145332939440203,,-0.0004125727796691658,,,-0.0003434025658670653,,-0.00039295981221460445,-0.000362211783089831,0.002630151470390932,,0.0026005992066786745,-0.00039700399553070675,0.0031277476945189464,-0.0011127563913192406,,,,,,0.0013535282420725264,,,0.0010917609877094435,,0.0010917609877094435,,,0.00016096032676075366
122,2026-07-31,7272,JP3942800008,10066701W,0.0009295314433510121,,,0.0010520605881563728,-0.0005445960691632988,-0.00043343320111311243,,,,-0.0008092773755049022,-0.0013859480802060002,,-0.0007301366857867572,,-0.000863631826098515,-0.00047820935825289675,-0.0005497703786090309,-0.0007099795380196381,,-0.0011689562090626366,-0.0007926483883369932,,,,-0.0004125727796691658,,,-0.0003434025658670653,,-0.00039295981221460445,-0.000362211783089831,-0.0006747910477970904,-0.00048019362944896687,-0.0013301915482436897,-0.00039700399553070675,0.0031277476945189464,-0.0011127563913192406,,,,,,0.0013535282420725264,,,,,-0.0002778551373282137,,,-0.00015787678644738114
123,2026-07-31,7309,JP3358000002,10485801W,-0.00031619307294317216,-0.0003459691022337848,,-0.00035718106388025003,,,,-0.000580083532316797,,-0.0008092773755049022,,0.0023617686672898165,-0.0007301366857867572,,-0.000863631826098515,-0.00047820935825289675,-0.0005497703786090309,-0.0007099795380196381,,-0.0011689562090626366,-0.0007926483883369932,-0.001315075735195466,-0.0023145332939440203,-0.001315075735195466,-0.0004125727796691658,,,-0.0003434025658670653,,-0.00039295981221460445,-0.000362211783089831,-0.0006747910477970904,-0.00048019362944896687,,-0.00039700399553070675,-0.0031277476945189464,,,,-0.0009524828370140001,,,-0.001361490172908247,,,-0.00037032532703104327,,-0.0002778551373282137,,-0.0010666052045824978,-0.00040956965272533795
124,2026-07-31,7453,JP3976300008,20675501W,0.0009295314433510121,0.0010196181911647667,,0.0010520605881563728,-0.0005445960691632988,,,-0.000580083532316797,,-0.0008092773755049022,,,0.0014199590760392762,,-0.000863631826098515,-0.00047820935825289675,-0.0005497703786090309,-0.0007099795380196381,,-0.0011689562090626366,-0.0007926483883369932,,,,0.0016185547510098044,,,0.0013378805167306475,,,,-0.0006747910477970904,,-0.0013301915482436897,,,,,,-0.0009524828370140001,,,,,,-0.00037032532703104327,,-0.0002778551373282137,,-0.0010666052045824978,-0.00021170206773700912
125,2026-07-31,7532,JP3639650005,21318601W,-0.00031619307294317216,,,,,-0.00043343320111311243,,0.001701862716135309,,-0.0008092773755049022,,,-0.0007301366857867572,,-0.000863631826098515,-0.00047820935825289675,-0.0005497703786090309,-0.0007099795380196381,,-0.0011689562090626366,,,,,0.0016185547510098044,,,0.0013378805167306475,,-0.00039295981221460445,-0.000362211783089831,-0.0006747910477970904,,0.0026005992066786745,,,,,,,,,,,,-0.00037032532703104327,,-0.0002778551373282137,,,5.2896152053106105e-06
126,2026-07-31,7550,JP3429300001,20750101W,-0.00031619307294317216,-0.0003459691022337848,,-0.00035718106388025003,,-0.00043343320111311243,,-0.000580083532316797,,-0.0008092773755049022,,-0.0023861167978804334,-0.0007301366857867572,,-0.000863631826098515,-0.00047820935825289675,-0.0005497703786090309,-0.0007099795380196381,,-0.0011689562090626366,,,,,0.0016185547510098044,,,-0.0003434025658670653,,0.0011630820572583016,,-0.0006747910477970904,0.0009524828370140001,0.0026005992066786745,-0.00039700399553070675,,,,,-0.0009524828370140001,,,,,,-0.00037032532703104327,,-0.0002778551373282137,,,-0.000220509056604327
127,2026-07-31,7733,JP3201200007,10068601W,,,,,0.0010617125201578075,,,,,-0.0008092773755049022,,,,,-0.000863631826098515,-0.00047820935825289675,-0.0005497703786090309,,,,-0.0007926483883369932,,,,,,,-0.0003434025658670653,,-0.00039295981221460445,-0.000362211783089831,-0.0006747910477970904,,,-0.00039700399553070675,,-0.0011127563913192406,,,,,0.0011808843336449082,,-0.0007766890248134296,,-0.00037032532703104327,0.00062051830936837,-0.0002778551373282137,,,-0.00010905867458317644
128,2026-07-31,7735,JP3494600004,10038801W,0.0009295314433510121,,,,,0.001278747676212166,,-0.000580083532316797,,-0.0008092773755049022,,0.0023617686672898165,0.0014199590760392762,,,-0.00047820935825289675,,,,-0.0011689562090626366,,0.001315075735195466,,,0.0016185547510098044,,,-0.0003434025658670653,,,,,,,-0.00039700399553070675,,-0.0011127563913192406,,,-0.0009524828370140001,,,,,,,,,,,7.267965387932133e-05
129,2026-07-31,7741,JP3837800006,10043301W,-0.00031619307294317216,-0.0003459691022337848,,-0.00035718106388025003,-0.0005445960691632988,,,,-0.0016532380671028715,0.0031705935533479727,,,,,-0.000863631826098515,0.001881734385320342,-0.0005497703786090309,,,,-0.0007926483883369932,,-0.0023145332939440203,,,,,-0.0003434025658670653,,,,-0.0006747910477970904,-0.00048019362944896687,,-0.00039700399553070675,,,,,,,-0.0006074890535286143,-0.001361490172908247,-0.0007766890248134296,-0.0013456588918279188,-0.00037032532703104327,0.00062051830936837,-0.0002778551373282137,-0.0009076601152721648,-0.0010666052045824978,-0.00028243814504504323
130,2026-07-31,7751,JP3242800005,00272101W,-0.00031619307294317216,-0.0003459691022337848,,-0.00035718106388025003,,0.001278747676212166,,-0.000580083532316797,,-0.0008092773755049022,,,,,,-0.00047820935825289675,,,,-0.0011689562090626366,,,,,-0.0004125727796691658,,,-0.0003434025658670653,,0.0011630820572583016,0.0010666052045824978,,0.0009524828370140001,,-0.00039700399553070675,,-0.0011127563913192406,,,0.0009485792188295165,,0.0011808843336449082,,,,,,,,,-9.063819341587893e-06
131,2026-07-31,7832,JP3778630008,20400902W,-0.00031619307294317216,,,,-0.0005445960691632988,0.001278747676212166,,0.001701862716135309,,-0.0008092773755049022,,,0.0014199590760392762,,-0.000863631826098515,-0.00047820935825289675,-0.0005497703786090309,-0.0007099795380196381,,-0.0011689562090626366,,,-0.0023145332939440203,,-0.0004125727796691658,,,-0.0003434025658670653,,,,-0.0006747910477970904,,0.0026005992066786745,-0.00039700399553070675,,,,,-0.0009524828370140001,,,,,,,,-0.0002778551373282137,,-0.0010666052045824978,-8.191229872407611e-05
132,2026-07-31,7911,JP3629000005,10072901W,-0.00031619307294317216,-0.0003459691022337848,,-0.00035718106388025003,0.0010617125201578075,-0.00043343320111311243,,,-0.0016532380671028715,,,,,,,,-0.0005497703786090309,,,,,,,,0.0016185547510098044,,,-0.0003434025658670653,,0.0011630820572583016,0.0010666052045824978,,0.0009524828370140001,,-0.00039700399553070675,,-0.0011127563913192406,,,,,0.0011808843336449082,0.0013535282420725264,0.0015430221959626803,0.0013456588918279188,-0.00037032532703104327,0.00062051830936837,-0.0002778551373282137,,,9.754383146206784e-05
133,2026-07-31,7912,JP3493800001,01782701W,0.0009295314433510121,-0.0003459691022337848,,-0.00035718106388025003,,0.001278747676212166,,,0.0005577188660106073,,,,,0.0006888491946261965,,,-0.0005497703786090309,,,,,,,,-0.0004125727796691658,,,-0.0003434025658670653,,-0.00039295981221460445,-0.000362211783089831,,0.0009524828370140001,,-0.00039700399553070675,,-0.0011127563913192406,,,,,,,0.0015430221959626803,0.0013456588918279188,-0.00037032532703104327,0.00062051830936837,-0.0002778551373282137,,-0.0010666052045824978,9.590373630794802e-06
134,2026-07-31,7936,JP3118000003,10084001W,0.0009295314433510121,0.0010196181911647667,,0.0010520605881563728,,0.001278747676212166,,0.001701862716135309,,0.0031705935533479727,,,-0.0007301366857867572,,-0.000863631826098515,0.001881734385320342,-0.0005497703786090309,-0.0007099795380196381,,0.004538300576360824,-0.0007926483883369932,0.001315075735195466,,,0.0016185547510098044,,,-0.0003434025658670653,,0.0011630820572583016,0.0010666052045824978,-0.0006747910477970904,,,-0.00039700399553070675,,,,,-0.0009524828370140001,,,,,,-0.00037032532703104327,,-0.0002778551373282137,,,0.000244276864928289
135,2026-07-31,7974,JP3756600007,10245001W,-0.00031619307294317216,-0.0003459691022337848,,-0.00035718106388025003,-0.0005445960691632988,,,-0.000580083532316797,,,0.001377698389252393,,,,-0.000863631826098515,,0.0010866353492694932,,,,-0.0007926483883369932,,,,,,,,,,-0.000362211783089831,,-0.00048019362944896687,,,,,,,,,,,,,-0.00037032532703104327,0.00062051830936837,-0.0002778551373282137,,,-4.440381631006945e-05
136,2026-07-31,8001,JP3143600009,10043501W,,,,0.0010520605881563728,,-0.00043343320111311243,,,0.0005577188660106073,,,,-0.0007301366857867572,0.0006888491946261965,,,,,,,,,,,-0.0004125727796691658,,,-0.0003434025658670653,,-0.00039295981221460445,-0.000362211783089831,,,,,,,,,0.0009485792188295165,,,,0.0015430221959626803,0.0013456588918279188,,,-0.0002778551373282137,,,6.056126380993206e-05
137,2026-07-31,8002,JP3877600001,10054501W,,,,0.0010520605881563728,,-0.00043343320111311243,,,0.0005577188660106073,,,,-0.0007301366857867572,0.0006888491946261965,,,,,,,,,,,-0.0004125727796691658,,,-0.0003434025658670653,,,,,0.0009524828370140001,,-0.00039700399553070675,,-0.0011127563913192406,,,0.0009485792188295165,,,0.0013535282420725264,0.0015430221959626803,0.0013456588918279188,-0.00037032532703104327,0.00062051830936837,-0.0002778551373282137,,,7.575341291771572e-05
138,2026-07-31,8015,JP3635000007,10194001W,,-0.0003459691022337848,,,0.0010617125201578075,-0.00043343320111311243,,,0.0005577188660106073,,,,-0.0007301366857867572,0.0006888491946261965,,,-0.0005497703786090309,,,,,0.001315075735195466,,0.001315075735195466,-0.0004125727796691658,,,-0.0003434025658670653,,,-0.000362211783089831,,0.0009524828370140001,,-0.00039700399553070675,,-0.0011127563913192406,,,0.0009485792188295165,,0.0011808843336449082,0.0013535282420725264,0.0015430221959626803,0.0013456588918279188,,0.00062051830936837,-0.0002778551373282137,,,0.00018158514786983248
139,2026-07-31,8031,JP3893600001,00747101W,-0.00031619307294317216,,,0.0010520605881563728,,-0.00043343320111311243,,,-0.0016532380671028715,,,,-0.0007301366857867572,-0.00204825955216285,,,-0.0005497703786090309,,,,,,,,0.0016185547510098044,,,-0.0003434025658670653,,-0.00039295981221460445,-0.000362211783089831,,-0.00048019362944896687,,-0.00039700399553070675,,,,,0.0009485792188295165,,,0.0013535282420725264,0.0015430221959626803,0.0013456588918279188,-0.00037032532703104327,,-0.0002778551373282137,,,1.529859881748304e-05
140,2026-07-31,8035,JP3571400005,10065801W,0.0009295314433510121,0.0010196181911647667,,,-0.0005445960691632988,,,-0.000580083532316797,,0.0031705935533479727,,,0.0014199590760392762,,,0.001881734385320342,,,,0.004538300576360824,,,,,-0.0004125727796691658,,,-0.0003434025658670653,,-0.00039295981221460445,,,,,-0.00039700399553070675,,,,,,,-0.0006074890535286143,,,,,,,,,0.00011427999654581188
141,2026-07-31,8053,JP3404600003,10184601W,0.0009295314433510121,,,0.0010520605881563728,,0.001278747676212166,,,0.0005577188660106073,,,,-0.0007301366857867572,0.0006888491946261965,,,,,,,,,,,-0.0004125727796691658,,,0.0013378805167306475,,,,,,,0.0011630820572583016,,0.0010969352104000098,,,0.0009485792188295165,,,0.0013535282420725264,0.0015430221959626803,0.0013456588918279188,,0.00062051830936837,0.0010917609877094435,,,0.00029177837342847485
142,2026-07-31,8058,JP3898400001,10055501W,0.0009295314433510121,0.0010196181911647667,,0.0010520605881563728,0.0010617125201578075,0.001278747676212166,,,0.0005577188660106073,,,,-0.0007301366857867572,0.0006888491946261965,,,,,,,,,,,0.0016185547510098044,,,-0.0003434025658670653,,-0.00039295981221460445,-0.000362211783089831,,0.0009524828370140001,,-0.00039700399553070675,,,,,0.0009485792188295165,,,0.0013535282420725264,,0.0013456588918279188,,0.00062051830936837,-0.0002778551373282137,,,0.00016054534772107524
143,2026-07-31,8113,JP3951600000,10485401W,-0.00031619307294317216,-0.0003459691022337848,,,,,,,,,-0.0013859480802060002,,-0.0007301366857867572,0.0006888491946261965,,-0.00047820935825289675,-0.0005497703786090309,,0.0010332737919392947,,-0.0007926483883369932,,-0.0023145332939440203,-0.001315075735195466,,,,-0.0003434025658670653,,-0.00039295981221460445,-0.000362211783089831,,-0.00048019362944896687,,-0.00039700399553070675,,,,,-0.0009524828370140001,,,,-0.0007766890248134296,,,0.00062051830936837,0.0010917609877094435,,-0.0010666052045824978,-0.00020053552849120092
144,2026-07-31,8136,JP3343200006,10136001W,-0.00031619307294317216,0.0010196181911647667,,,,,,,,0.0031705935533479727,,-0.0023861167978804334,0.0014199590760392762,,-0.000863631826098515,0.001881734385320342,-0.0005497703786090309,0.002183521975418887,,0.004538300576360824,-0.0007926483883369932,,-0.0023145332939440203,,0.0016185547510098044,,,0.0013378805167306475,,0.0011630820572583016,0.0010666052045824978,-0.0006747910477970904,,0.0026005992066786745,,,,,,-0.0009524828370140001,,,-0.001361490172908247,,,-0.00037032532703104327,,-0.0002778551373282137,,,2.393452014951425e-05
145,2026-07-31,823,HK0823032773,27457801W,-0.00031619307294317216,,,,,,,,,,,,,,,,0.0010866353492694932,,-0.0030454385446631845,,,-0.001315075735195466,0.002269150288180412,-0.001315075735195466,,,,-0.0003434025658670653,,,,,-0.00048019362944896687,0.0026005992066786745,,,,,,,,-0.0006074890535286143,,,,0.0010917609877094435,0.00062051830936837,-0.0002778551373282137,,-0.0010666052045824978,-1.6942708009161937e-05
146,2026-07-31,8267,JP3388200002,22239801W,-0.00031619307294317216,-0.0003459691022337848,,,-0.0005445960691632988,,,,,,-0.0013859480802060002,,-0.0007301366857867572,-0.00204825955216285,,-0.00047820935825289675,-0.0005497703786090309,,0.0010332737919392947,,0.0015638738472594732,0.001315075735195466,,0.001315075735195466,,,,0.0013378805167306475,,,,,-0.00048019362944896687,,0.0011630820572583016,0.0031277476945189464,0.0010969352104000098,,,0.0009485792188295165,,-0.0006074890535286143,0.0013535282420725264,-0.0007766890248134296,0.0013456588918279188,0.0010917609877094435,0.00062051830936837,0.0010917609877094435,-0.0009076601152721648,0.0010666052045824978,0.00035459852121096373
147,2026-07-31,83,HK0083000502,10344001W,-0.00031619307294317216,,,,,,,,,,,,,,,,-0.0005497703786090309,,0.0010332737919392947,,-0.0007926483883369932,-0.001315075735195466,-0.0023145332939440203,-0.001315075735195466,,,,0.0013378805167306475,,,,,,-0.0013301915482436897,,-0.0031277476945189464,0.0010969352104000098,,,,,-0.0006074890535286143,,,,0.0010917609877094435,0.00062051830936837,0.0010917609877094435,,-0.0010666052045824978,-0.00019176408345400738
148,2026-07-31,8306,JP3902900004,25294003W,0.0009295314433510121,0.0010196181911647667,,0.0010520605881563728,,0.001278747676212166,,-0.000580083532316797,0.0005577188660106073,,,,,,,,,0.002183521975418887,0.0010332737919392947,,0.0015638738472594732,,0.002269150288180412,,,,,,,,-0.000362211783089831,,-0.00048019362944896687,,,,,,,0.0009485792188295165,-0.001780410226110785,,,-0.0007766890248134296,-0.0013456588918279188,,,,-0.0009076601152721648,0.0010666052045824978,0.00012936604166788413
149,2026-07-31,8308,JP3500610005,25293801W,0.0009295314433510121,0.0010196181911647667,,0.0010520605881563728,0.0010617125201578075,,,-0.000580083532316797,0.0005577188660106073,,,,,,-0.000863631826098515,,,0.002183521975418887,0.0010332737919392947,,0.0015638738472594732,,0.002269150288180412,,,,,,,,,,,-0.0013301915482436897,,,,,,,,0.0011808843336449082,0.0013535282420725264,-0.0007766890248134296,,,,,-0.0009076601152721648,0.0010666052045824978,0.00018226039155466516
150,2026-07-31,8309,JP3892100003,25431801W,0.0009295314433510121,0.0010196181911647667,,0.0010520605881563728,0.0010617125201578075,-0.00043343320111311243,,,0.0005577188660106073,,,,,,,,,0.002183521975418887,0.0010332737919392947,,0.0015638738472594732,,0.002269150288180412,,,,,,,,0.0010666052045824978,,0.0009524828370140001,,,,,,,,,,0.0013535282420725264,,,,,,-0.0009076601152721648,0.0010666052045824978,0.00026473486059591374
151,2026-07-31,8316,JP3890350006,01013701W,,,,,0.0010617125201578075,-0.00043343320111311243,,-0.000580083532316797,0.0005577188660106073,,,,,,0.001701862716135309,,,0.002183521975418887,0.0010332737919392947,,0.0015638738472594732,,0.002269150288180412,,,,,,,,,,,0.0026005992066786745,,,,,,0.0009485792188295165,,0.0011808843336449082,0.0013535282420725264,,,,,,-0.0009076601152721648,0.0010666052045824978,0.0002999368426401607
152,2026-07-31,8331,JP3511800009,01574801W,0.0009295314433510121,0.0010196181911647667,,0.0010520605881563728,0.0010617125201578075,,,0.001701862716135309,0.0005577188660106073,,,,,,,,,0.002183521975418887,0.0010332737919392947,,0.0015638738472594732,,0.002269150288180412,,,,,,,,-0.000362211783089831,,,,,,,,,,-0.001780410226110785,,0.0013535282420725264,-0.0007766890248134296,-0.0013456588918279188,,,,-0.0009076601152721648,,0.0002010782485795628
153,2026-07-31,8411,JP3885780001,24813602W,0.0009295314433510121,0.0010196181911647667,,0.0010520605881563728,,0.001278747676212166,,-0.000580083532316797,0.0005577188660106073,,,0.0023617686672898165,,,,,,0.002183521975418887,0.0010332737919392947,,0.0015638738472594732,,0.002269150288180412,,,,,,,,-0.000362211783089831,,-0.00048019362944896687,0.0026005992066786745,,,,,,0.0009485792188295165,,,0.0013535282420725264,-0.0007766890248134296,,,,,-0.0009076601152721648,0.0010666052045824978,0.00039652573567507826
154,2026-07-31,8473,JP3436120004,24221801W,-0.00031619307294317216,0.0010196181911647667,,0.0010520605881563728,-0.0005445960691632988,0.001278747676212166,,,,,-0.0013859480802060002,,0.0014199590760392762,,0.001701862716135309,,0.0010866353492694932,-0.0007099795380196381,,,,,-0.0023145332939440203,,,,,,,0.0011630820572583016,0.0010666052045824978,-0.0006747910477970904,0.0009524828370140001,,0.0011630820572583016,,0.0010969352104000098,,,,0.001780410226110785,-0.0006074890535286143,0.0013535282420725264,0.0015430221959626803,0.0013456588918279188,0.0010917609877094435,0.00062051830936837,0.0010917609877094435,0.0018082291358937658,0.0010666052045824978,0.00037606106379099
155,2026-07-31,8591,JP3200450009,01566801W,,0.0010196181911647667,,0.0010520605881563728,,-0.00043343320111311243,,,-0.0016532380671028715,,,0.0023617686672898165,-0.0007301366857867572,,0.001701862716135309,,,-0.0007099795380196381,0.0010332737919392947,,-0.0007926483883369932,,-0.0023145332939440203,,,,,,,,,-0.0006747910477970904,0.0009524828370140001,0.0026005992066786745,-0.00039700399553070675,,,,,,,,,,,,,-0.0002778551373282137,,,0.00011353515287361889
156,2026-07-31,8593,JP3499800005,20162801W,-0.00031619307294317216,-0.0003459691022337848,,-0.00035718106388025003,-0.0005445960691632988,-0.00043343320111311243,,,0.0005577188660106073,,,,-0.0007301366857867572,,-0.000863631826098515,,,-0.0007099795380196381,0.0010332737919392947,,-0.0007926483883369932,,-0.0023145332939440203,,,,,,,0.0011630820572583016,-0.000362211783089831,-0.0006747910477970904,0.0009524828370140001,,-0.00039700399553070675,,-0.0011127563913192406,,,,,-0.0006074890535286143,,,0.0013456588918279188,-0.00037032532703104327,-0.00062051830936837,-0.0002778551373282137,,,-0.00013460973587414956
157,2026-07-31,8601,JP3502200003,01548301W,0.0009295314433510121,0.0010196181911647667,,0.0010520605881563728,-0.0005445960691632988,0.001278747676212166,,,0.0005577188660106073,,-0.0013859480802060002,-0.0023861167978804334,,,0.001701862716135309,,0.0010866353492694932,-0.0007099795380196381,0.0010332737919392947,,,,-0.0023145332939440203,,,,,,,-0.00039295981221460445,,-0.0006747910477970904,,0.0026005992066786745,-0.00039700399553070675,,-0.0011127563913192406,,,,,-0.0006074890535286143,0.0013535282420725264,,,0.0010917609877094435,-0.00062051830936837,0.0010917609877094435,,0.0010666052045824978,-3.476563591652636e-05
158,2026-07-31,8604,JP3762600009,01561301W,,-0.0003459691022337848,,-0.00035718106388025003,-0.0005445960691632988,-0.00043343320111311243,,-0.000580083532316797,-0.0016532380671028715,,-0.0013859480802060002,,,,-0.000863631826098515,,-0.0005497703786090309,-0.0007099795380196381,0.0010332737919392947,,-0.0007926483883369932,,-0.0023145332939440203,,,,,,,-0.00039295981221460445,-0.000362211783089831,0.002630151470390932,0.0009524828370140001,0.0026005992066786745,-0.00039700399553070675,,-0.0011127563913192406,,,,0.001780410226110785,-0.0006074890535286143,,,,-0.00037032532703104327,0.00062051830936837,-0.0002778551373282137,-0.0009076601152721648,,-0.00011049859323102393
159,2026-07-31,8630,JP3165000005,01593301W,0.0009295314433510121,0.0010196181911647667,,0.0010520605881563728,-0.0005445960691632988,0.001278747676212166,,,,,0.001377698389252393,,,,-0.000863631826098515,,-0.0005497703786090309,-0.0007099795380196381,,,-0.0007926483883369932,,,,,,,,,0.0011630820572583016,0.0010666052045824978,0.002630151470390932,0.0009524828370140001,0.0026005992066786745,,,,,,,0.001780410226110785,-0.0006074890535286143,-0.001361490172908247,0.0015430221959626803,0.0013456588918279188,,0.00062051830936837,-0.0002778551373282137,,-0.0010666052045824978,0.00020248751790972073
160,2026-07-31,8697,JP3183200009,24094801W,,0.0010196181911647667,,0.0010520605881563728,-0.0005445960691632988,-0.00043343320111311243,,-0.000580083532316797,0.0005577188660106073,,,0.0023617686672898165,,,-0.000863631826098515,,-0.0005497703786090309,0.002183521975418887,0.0010332737919392947,,-0.0007926483883369932,,-0.0023145332939440203,,,,,,,-0.00039295981221460445,-0.000362211783089831,-0.0006747910477970904,,,-0.00039700399553070675,,,,,,-0.001780410226110785,-0.0006074890535286143,0.0013535282420725264,-0.0007766890248134296,-0.0013456588918279188,-0.00037032532703104327,-0.00062051830936837,-0.0002778551373282137,-0.0009076601152721648,0.0010666052045824978,-5.934513639731429e-05
161,2026-07-31,8725,JP3890310000,01577902W,0.0009295314433510121,0.0010196181911647667,,0.0010520605881563728,-0.0005445960691632988,0.001278747676212166,,,0.0005577188660106073,,0.001377698389252393,,,,,,-0.0005497703786090309,-0.0007099795380196381,,,,,,,,,,,,,,0.002630151470390932,0.0009524828370140001,,,,,,,,0.001780410226110785,-0.0006074890535286143,,0.0015430221959626803,0.0013456588918279188,0.0010917609877094435,0.00062051830936837,-0.0002778551373282137,,,0.00021710038909011366
162,2026-07-31,8750,JP3476480003,29430901W,0.0009295314433510121,0.0010196181911647667,,0.0010520605881563728,-0.0005445960691632988,0.001278747676212166,,,0.0005577188660106073,,0.001377698389252393,,,,,,-0.0005497703786090309,-0.0007099795380196381,0.0010332737919392947,,,,,,,,,,,,0.0010666052045824978,-0.0006747910477970904,-0.00048019362944896687,0.0026005992066786745,-0.00039700399553070675,,-0.0011127563913192406,,,,0.001780410226110785,0.0011808843336449082,,0.0015430221959626803,0.0013456588918279188,,0.00062051830936837,-0.0002778551373282137,0.0018082291358937658,0.0010666052045824978,0.00028785987263704277
163,2026-07-31,8766,JP3910660004,01565902W,-0.00031619307294317216,-0.0003459691022337848,,-0.00035718106388025003,-0.0005445960691632988,-0.00043343320111311243,,-0.000580083532316797,0.0005577188660106073,,,0.0023617686672898165,,,-0.000863631826098515,,,-0.0007099795380196381,,,,,,,,,,,,0.0011630820572583016,0.0010666052045824978,-0.0006747910477970904,,0.0026005992066786745,,,,,,,,-0.0006074890535286143,,,,,-0.00062051830936837,-0.0002778551373282137,-0.0009076601152721648,,6.259372431902279e-05
164,2026-07-31,8795,JP3539220008,25081801W,0.0009295314433510121,-0.0003459691022337848,,-0.00035718106388025003,-0.0005445960691632988,0.001278747676212166,,,0.0005577188660106073,,0.001377698389252393,,,,-0.000863631826098515,,-0.0005497703786090309,-0.0007099795380196381,,,,,,,,,,,,-0.00039295981221460445,-0.000362211783089831,0.002630151470390932,0.0009524828370140001,0.0026005992066786745,0.0011630820572583016,,0.0010969352104000098,,,,0.001780410226110785,-0.0006074890535286143,-0.001361490172908247,,0.0013456588918279188,-0.00037032532703104327,0.00062051830936837,-0.0002778551373282137,-0.0009076601152721648,,0.00017134067884599355
165,2026-07-31,8801,JP3893200000,10052201W,-0.00031619307294317216,,,,,,,,,,,,,,,,,,0.0010332737919392947,,-0.0007926483883369932,0.001315075735195466,,0.001315075735195466,,,,,,,,,0.0009524828370140001,0.0026005992066786745,,0.0031277476945189464,0.0010969352104000098,,,0.0009485792188295165,,,0.0013535282420725264,,0.0013456588918279188,0.0010917609877094435,,0.0010917609877094435,,0.0010666052045824978,0.00046154539764621495
166,2026-07-31,8802,JP3899600005,01562501W,,,,,,,,,,,,,,,,,-0.0005497703786090309,,0.0010332737919392947,,-0.0007926483883369932,0.001315075735195466,-0.0023145332939440203,0.001315075735195466,,,,,,,,,0.0009524828370140001,,,0.0031277476945189464,,,,0.0009485792188295165,,,,,0.0013456588918279188,-0.00037032532703104327,,-0.0002778551373282137,,0.0010666052045824978,0.00016591062985958158
167,2026-07-31,8830,JP3409000001,10260501W,-0.00031619307294317216,,,,,,,,,,,,,,,,,,0.0010332737919392947,,-0.0007926483883369932,,,,,,,0.0013378805167306475,,,,,,0.0026005992066786745,,0.0031277476945189464,0.0010969352104000098,,,,,,,,0.0013456588918279188,-0.00037032532703104327,-0.00062051830936837,-0.0002778551373282137,,0.0010666052045824978,0.0002168439482945341
168,2026-07-31,8951,JP3027670003,25211901W,-0.00031619307294317216,,,,,,,,,,,,,,,,-0.0005497703786090309,,0.0010332737919392947,,,-0.001315075735195466,0.002269150288180412,,,,,-0.0003434025658670653,,,,,-0.00048019362944896687,-0.0013301915482436897,,,-0.0011127563913192406,,,-0.0009524828370140001,,,-0.001361490172908247,,-0.0013456588918279188,,,0.0010917609877094435,,,-7.618673373494432e-05
169,2026-07-31,9020,JP3783600004,20172701W,-0.00031619307294317216,-0.0003459691022337848,,-0.00035718106388025003,,,,,-0.0016532380671028715,,,,-0.0007301366857867572,-0.00204825955216285,,,-0.0005497703786090309,,,,,-0.001315075735195466,,,-0.0004125727796691658,,,,,0.0011630820572583016,,,0.0009524828370140001,,-0.00039700399553070675,,,,,0.0009485792188295165,,,0.0013535282420725264,0.0015430221959626803,,0.0010917609877094435,-0.00062051830936837,-0.0002778551373282137,,,8.559016046891054e-06
170,2026-07-31,9021,JP3659000008,22237601W,-0.00031619307294317216,-0.0003459691022337848,,-0.00035718106388025003,-0.0005445960691632988,0.001278747676212166,,,-0.0016532380671028715,,,,-0.0007301366857867572,-0.00204825955216285,,,,,,,,,,,-0.0004125727796691658,,,-0.0003434025658670653,,0.0011630820572583016,0.0010666052045824978,,0.0009524828370140001,,0.0011630820572583016,,0.0010969352104000098,,,,,-0.0006074890535286143,0.0013535282420725264,0.0015430221959626803,0.0013456588918279188,0.0010917609877094435,0.00062051830936837,-0.0002778551373282137,,,0.00021737905134595794
171,2026-07-31,9022,JP3566800003,21290101W,-0.00031619307294317216,-0.0003459691022337848,,-0.00035718106388025003,-0.0005445960691632988,0.001278747676212166,,,,,,,,-0.00204825955216285,,,-0.0005497703786090309,,,,,-0.001315075735195466,,-0.001315075735195466,-0.0004125727796691658,,,-0.0003434025658670653,,0.0011630820572583016,0.0010666052045824978,,,,-0.00039700399553070675,,-0.0011127563913192406,,,0.0009485792188295165,,-0.0006074890535286143,,0.0015430221959626803,,0.0010917609877094435,,-0.0002778551373282137,,,-6.065071430810994e-05
172,2026-07-31,9024,JP3417200007,31746501W,-0.00031619307294317216,-0.0003459691022337848,,-0.00035718106388025003,-0.0005445960691632988,0.001278747676212166,,,-0.0016532380671028715,,,,-0.0007301366857867572,-0.00204825955216285,,,-0.0005497703786090309,,,,,-0.001315075735195466,,-0.001315075735195466,-0.0004125727796691658,,,-0.0003434025658670653,,-0.00039295981221460445,-0.000362211783089831,,-0.00048019362944896687,,-0.00039700399553070675,,-0.0011127563913192406,,,,,-0.0006074890535286143,0.0013535282420725264,,,-0.00037032532703104327,,-0.0002778551373282137,,,-0.00017367472535781064
173,2026-07-31,9042,JP3774200004,10107001W,-0.00031619307294317216,-0.0003459691022337848,,-0.00035718106388025003,,-0.00043343320111311243,,,,,,,-0.0007301366857867572,-0.00204825955216285,,,-0.0005497703786090309,,,,,-0.001315075735195466,,,-0.0004125727796691658,,,,,0.0011630820572583016,0.0010666052045824978,,0.0009524828370140001,,-0.00039700399553070675,,-0.0011127563913192406,,,,,0.0011808843336449082,0.0013535282420725264,0.0015430221959626803,0.0013456588918279188,-0.00037032532703104327,-0.00062051830936837,-0.0002778551373282137,,,-1.6299594601184158e-05
174,2026-07-31,9101,JP3753000003,10015301W,-0.00031619307294317216,0.0010196181911647667,,0.0010520605881563728,-0.0005445960691632988,-0.00043343320111311243,,,-0.0016532380671028715,,,,-0.0007301366857867572,-0.00204825955216285,,,-0.0005497703786090309,,,,,-0.001315075735195466,,-0.001315075735195466,-0.0004125727796691658,,,-0.0003434025658670653,,-0.00039295981221460445,-0.000362211783089831,,-0.00048019362944896687,,-0.00039700399553070675,,,,,,,-0.0006074890535286143,0.0013535282420725264,0.0015430221959626803,0.0013456588918279188,0.0010917609877094435,0.00062051830936837,-0.0002778551373282137,,-0.0010666052045824978,-6.5267739996861e-05
175,2026-07-31,9104,JP3362700001,10057401W,,,,0.0010520605881563728,-0.0005445960691632988,0.001278747676212166,,,-0.0016532380671028715,,,,,-0.00204825955216285,,,-0.0005497703786090309,,,,,-0.001315075735195466,,-0.001315075735195466,0.0016185547510098044,,,,,0.0011630820572583016,0.0010666052045824978,,0.0009524828370140001,,-0.00039700399553070675,,0.0010969352104000098,,,,,-0.0006074890535286143,0.0013535282420725264,0.0015430221959626803,0.0013456588918279188,0.0010917609877094435,,-0.0002778551373282137,,-0.0010666052045824978,6.738825587483422e-05
176,2026-07-31,9107,JP3223800008,10104201W,-0.00031619307294317216,0.0010196181911647667,,0.0010520605881563728,,0.001278747676212166,,,,,,,-0.0007301366857867572,-0.00204825955216285,,,0.0010866353492694932,,,,,-0.001315075735195466,,-0.001315075735195466,-0.0004125727796691658,,,0.0013378805167306475,,-0.00039295981221460445,-0.000362211783089831,,-0.00048019362944896687,,0.0011630820572583016,,,,,,,,,0.0015430221959626803,,0.0010917609877094435,0.00062051830936837,0.0010917609877094435,,-0.0010666052045824978,7.507452503844121e-05
177,2026-07-31,9202,JP3429800000,10024701W,-0.00031619307294317216,-0.0003459691022337848,,-0.00035718106388025003,-0.0005445960691632988,0.001278747676212166,,,-0.0016532380671028715,,,,-0.0007301366857867572,-0.00204825955216285,,,-0.0005497703786090309,,,,,,,,-0.0004125727796691658,,,-0.0003434025658670653,,-0.00039295981221460445,-0.000362211783089831,,0.0009524828370140001,,-0.00039700399553070675,,-0.0011127563913192406,,,,,-0.0006074890535286143,0.0013535282420725264,0.0015430221959626803,0.0013456588918279188,0.0010917609877094435,0.00062051830936837,0.0010917609877094435,,,8.719412034683687e-05
178,2026-07-31,9432,JP3735400008,00790801W,-0.00031619307294317216,-0.0003459691022337848,,-0.00035718106388025003,,-0.00043343320111311243,,,,,-0.0013859480802060002,,,,0.001701862716135309,,-0.0005497703786090309,,,,0.0015638738472594732,,,,,,,,,,-0.000362211783089831,,0.0009524828370140001,,,,,,,0.0009485792188295165,,,,,,-0.00037032532703104327,,-0.0002778551373282137,,,1.2859331826971115e-05
179,2026-07-31,9433,JP3496400007,20158401W,-0.00031619307294317216,-0.0003459691022337848,,-0.00035718106388025003,,-0.00043343320111311243,,,,,-0.0013859480802060002,,,,-0.000863631826098515,,-0.0005497703786090309,,,,0.0015638738472594732,,,,,,,,,,-0.000362211783089831,,,,,,,,,,,,,,,-0.00037032532703104327,,-0.0002778551373282137,,,-5.126638832920719e-05
180,2026-07-31,9434,JP3732000009,22315002W,-0.00031619307294317216,-0.0003459691022337848,,-0.00035718106388025003,-0.0005445960691632988,-0.00043343320111311243,,,,,-0.0013859480802060002,,,,,,-0.0005497703786090309,,,,0.0015638738472594732,,,,,,,,,,-0.000362211783089831,,,,,,,,,,,,,,,-0.00037032532703104327,0.00062051830936837,-0.0002778551373282137,,,-3.0442869813526114e-05
181,2026-07-31,9435,JP3783420007,21220001W,-0.00031619307294317216,,,,,0.001278747676212166,,,0.0005577188660106073,,,,,0.0006888491946261965,,,-0.0005497703786090309,,,,,-0.001315075735195466,,-0.001315075735195466,-0.0004125727796691658,,,-0.0003434025658670653,,-0.00039295981221460445,-0.000362211783089831,,0.0009524828370140001,,-0.00039700399553070675,,-0.0011127563913192406,,,,,,,0.0015430221959626803,,-0.00037032532703104327,0.00062051830936837,-0.0002778551373282137,,,-6.785241997790308e-05
182,2026-07-31,9502,JP3526600006,10045001W,0.0009295314433510121,-0.0003459691022337848,,-0.00035718106388025003,-0.0005445960691632988,,,,0.0005577188660106073,,0.001377698389252393,0.0023617686672898165,,0.0006888491946261965,,-0.00047820935825289675,,,,,,,,,-0.0004125727796691658,,,,,-0.00039295981221460445,,0.002630151470390932,,0.0026005992066786745,,,,,,,0.001780410226110785,-0.0006074890535286143,0.0013535282420725264,0.0015430221959626803,0.0013456588918279188,-0.00037032532703104327,0.00062051830936837,-0.0002778551373282137,0.0018082291358937658,,0.0004022429684454768
183,2026-07-31,9503,JP3228600007,10030201W,-0.00031619307294317216,,,0.0010520605881563728,-0.0005445960691632988,,,,0.0005577188660106073,,,,,0.0006888491946261965,,0.001881734385320342,,,,,,,,,-0.0004125727796691658,,,,,-0.00039295981221460445,,0.002630151470390932,-0.00048019362944896687,-0.0013301915482436897,,,,,,,0.001780410226110785,-0.0006074890535286143,0.0013535282420725264,0.0015430221959626803,0.0013456588918279188,0.0010917609877094435,0.00062051830936837,0.0010917609877094435,0.0018082291358937658,,0.00030517296396402355
184,2026-07-31,9531,JP3573000001,10084801W,0.0009295314433510121,0.0010196181911647667,,0.0010520605881563728,-0.0005445960691632988,,,,0.0005577188660106073,,,,,0.0006888491946261965,,0.001881734385320342,0.0010866353492694932,,,,,0.001315075735195466,,0.001315075735195466,-0.0004125727796691658,,,,,-0.00039295981221460445,,-0.0006747910477970904,0.0009524828370140001,0.0026005992066786745,,,,,,,,-0.0006074890535286143,,-0.0007766890248134296,0.0013456588918279188,0.0010917609877094435,0.00062051830936837,0.0010917609877094435,0.0018082291358937658,-0.0010666052045824978,0.00036755879761836527
185,2026-07-31,9532,JP3180400008,10084601W,0.0009295314433510121,,,,,,,,0.0005577188660106073,,,,,0.0006888491946261965,,-0.00047820935825289675,,,,,,0.001315075735195466,,,-0.0004125727796691658,,,,,-0.00039295981221460445,,-0.0006747910477970904,,0.0026005992066786745,,,,,,,0.001780410226110785,-0.0006074890535286143,,0.0015430221959626803,0.0013456588918279188,0.0010917609877094435,0.00062051830936837,0.0010917609877094435,,-0.0010666052045824978,0.00021897134924574006
186,2026-07-31,9602,JP3598600009,10274401W,-0.00031619307294317216,-0.0003459691022337848,,-0.00035718106388025003,-0.0005445960691632988,-0.00043343320111311243,,,,,-0.0013859480802060002,,,,-0.000863631826098515,,-0.0005497703786090309,,,,-0.0007926483883369932,,,,,,,,,,,,,,,,,,,-0.0009524828370140001,,,,,,-0.00037032532703104327,0.00062051830936837,-0.0002778551373282137,,,-0.00011345177290692017
187,2026-07-31,9697,JP3218900003,20109901W,,-0.0003459691022337848,,-0.00035718106388025003,,-0.00043343320111311243,,0.001701862716135309,,,,-0.0023861167978804334,,,-0.000863631826098515,,-0.0005497703786090309,,,,-0.0007926483883369932,,,,,,,,,,-0.000362211783089831,,,,,,,,,-0.0009524828370140001,,,,,,-0.00037032532703104327,0.00062051830936837,-0.0002778551373282137,,,-0.00015217979902958147
188,2026-07-31,9735,JP3421800008,01974101W,0.0009295314433510121,,,,,,,,,,,,,,,,-0.0005497703786090309,,,,,,,-0.001315075735195466,-0.0004125727796691658,,,-0.0003434025658670653,,,-0.000362211783089831,,,,-0.00039700399553070675,,,,,,,,,,,,0.00062051830936837,-0.0002778551373282137,,-0.0010666052045824978,-8.089195107301576e-05
189,2026-07-31,9766,JP3300200007,20059501W,,,,,-0.0005445960691632988,,,0.001701862716135309,,,,,,,-0.000863631826098515,,-0.0005497703786090309,,,,-0.0007926483883369932,,,,,,,,,,-0.000362211783089831,,,,,,,,,-0.0009524828370140001,,,,,,-0.00037032532703104327,0.00062051830936837,-0.0002778551373282137,,,-7.061641777168332e-06
190,2026-07-31,9843,JP3756100008,22181201W,,-0.0003459691022337848,,-0.00035718106388025003,-0.0005445960691632988,0.001278747676212166,,-0.000580083532316797,,-0.0008092773755049022,,0.0023617686672898165,,,,-0.00047820935825289675,-0.0005497703786090309,-0.0007099795380196381,,-0.0011689562090626366,-0.0007926483883369932,,,,-0.0004125727796691658,,,-0.0003434025658670653,,0.0011630820572583016,-0.000362211783089831,-0.0006747910477970904,,-0.0013301915482436897,-0.00039700399553070675,,,,,,,,,,,0.0010917609877094435,,-0.0002778551373282137,,,3.505619112215595e-06
191,2026-07-31,9983,JP3802300008,21294801W,0.0009295314433510121,0.0010196181911647667,,0.0010520605881563728,-0.0005445960691632988,,,,,-0.0008092773755049022,0.001377698389252393,,,,-0.000863631826098515,-0.00047820935825289675,-0.0005497703786090309,-0.0007099795380196381,,-0.0011689562090626366,,,-0.0023145332939440203,,-0.0004125727796691658,,,-0.0003434025658670653,,-0.00039295981221460445,,-0.0006747910477970904,-0.00048019362944896687,0.0026005992066786745,-0.00039700399553070675,,,,,,,,-0.001361490172908247,,,-0.00037032532703104327,,-0.0002778551373282137,,-0.0010666052045824978,-0.0001788069317180149
192,2026-07-31,9984,JP3436100006,20422201W,0.0009295314433510121,-0.0003459691022337848,,-0.00035718106388025003,-0.0005445960691632988,0.001278747676212166,,0.001701862716135309,,,-0.0013859480802060002,0.0023617686672898165,,,-0.000863631826098515,,-0.0005497703786090309,,,,,,,,,,,,,,0.0010666052045824978,,,,,,,,,0.0009485792188295165,,,,,,-0.00037032532703104327,0.00062051830936837,-0.0002778551373282137,,,0.00019520679838843784
193,2026-07-31,9CI,SGXE62145532,35029801W,-0.00031619307294317216,,,,,,,,,,,,,,,,,,0.0010332737919392947,,-0.0007926483883369932,,,,,,,-0.0003434025658670653,,,,,-0.00048019362944896687,-0.0013301915482436897,,-0.0031277476945189464,,,,,,,,,,-0.00037032532703104327,0.00062051830936837,-0.0002778551373282137,,,-0.0001344507996130793
194,2026-07-31,A,US00846U1016,12655401,-0.00031619307294317216,,,,,,,,,-0.0008092773755049022,,,,,,-0.00047820935825289675,,,,,,,,,,,,-0.0003434025658670653,,-0.00039295981221460445,-0.000362211783089831,-0.0006747910477970904,,,-0.00039700399553070675,,,,0.0026913177836558376,,,,,,,-0.00037032532703104327,,-0.0002778551373282137,,,-6.102321063637332e-05
195,2026-07-31,A17U,SG1M77906915,25607801W,-0.00031619307294317216,,,,,,,,,,,,,,,,-0.0005497703786090309,,0.0010332737919392947,,0.0015638738472594732,,0.002269150288180412,,,,,0.0013378805167306475,,,,,-0.00048019362944896687,-0.0013301915482436897,,,0.0010969352104000098,,,,,,,,,0.0010917609877094435,-0.00062051830936837,0.0010917609877094435,,,0.00017549338804254472
196,2026-07-31,A5G,IE00BF0L3536,01550501W,,-0.0003459691022337848,,-0.00035718106388025003,-0.0005445960691632988,0.001278747676212166,,,0.0005577188660106073,,0.001377698389252393,,,,0.001701862716135309,,,0.002183521975418887,,,0.0015638738472594732,,,,,,,,,,-0.000362211783089831,,-0.00048019362944896687,0.0026005992066786745,,,,,,,,,,0.0015430221959626803,,,,,,,0.00021266980175575135
197,2026-07-31,A6I,KYG4124C1096,03696501W,,,,,,,,,0.0005577188660106073,,,,-0.0007301366857867572,0.0006888491946261965,,,-0.0005497703786090309,,,,,-0.001315075735195466,,-0.001315075735195466,,,,-0.0003434025658670653,,0.0011630820572583016,0.0010666052045824978,,,,-0.00039700399553070675,,-0.0011127563913192406,,,,,,,-0.0007766890248134296,,-0.00037032532703104327,0.00062051830936837,-0.0002778551373282137,,-0.0010666052045824978,-0.0001301787459042053
198,2026-07-31,AAF,GB00BKDRYJ47,33273901W,-0.00031619307294317216,-0.0003459691022337848,,-0.00035718106388025003,0.0010617125201578075,,,,,,0.001377698389252393,-0.0023861167978804334,,,0.001701862716135309,,0.0010866353492694932,,,,0.0015638738472594732,,,,,,,,,,0.0010666052045824978,,0.0009524828370140001,,,,,,,,,,,,,0.0010917609877094435,,0.0010917609877094435,,,9.286337310838246e-05
199,2026-07-31,AAL,GB00BTK05J60,01550802W,0.0009295314433510121,-0.0003459691022337848,,-0.00035718106388025003,,-0.00043343320111311243,,-0.000580083532316797,,,,,0.0014199590760392762,,-0.000863631826098515,-0.00047820935825289675,0.0010866353492694932,0.002183521975418887,,,-0.0007926483883369932,,,,-0.0004125727796691658,,,-0.0003434025658670653,,0.0011630820572583016,,,-0.00048019362944896687,,-0.00039700399553070675,,-0.0011127563913192406,,,0.0009485792188295165,,-0.0006074890535286143,,,,,0.00062051830936837,-0.0002778551373282137,,,-3.584543626100842e-05
200,2026-07-31,AAPL,US0378331005,00169001,-0.00031619307294317216,-0.0003459691022337848,,-0.00035718106388025003,-0.0005445960691632988,-0.00043343320111311243,,-0.000580083532316797,,0.0031705935533479727,0.001377698389252393,,,,,0.001881734385320342,,,,0.004538300576360824,,0.001315075735195466,,0.001315075735195466,-0.0004125727796691658,,,-0.0003434025658670653,,,,,,,,,,0.0032599060478084793,,0.0009485792188295165,,-0.0006074890535286143,,,,,,,,0.0010666052045824978,0.0003722086222708029
201,2026-07-31,ABBN,CH0012221716,21041801W,0.0009295314433510121,0.0010196181911647667,,0.0010520605881563728,,,,,0.0005577188660106073,,,,,0.0006888491946261965,,,-0.0005497703786090309,,,,,,,,0.0016185547510098044,,,-0.0003434025658670653,,,,,,,-0.00039700399553070675,,,,,,,-0.0006074890535286143,,-0.0007766890248134296,-0.0013456588918279188,-0.00037032532703104327,-0.00062051830936837,-0.0002778551373282137,,,-7.522782427634328e-05
202,2026-07-31,ABBV,US00287Y1091,01610101,,-0.0003459691022337848,-0.0011869401507405232,-0.00035718106388025003,0.0010617125201578075,,,,0.0005577188660106073,-0.0008092773755049022,,,,0.0006888491946261965,0.001701862716135309,-0.00047820935825289675,0.0010866353492694932,,,,0.0015638738472594732,,0.002269150288180412,-0.001315075735195466,,,,0.0013378805167306475,,-0.00039295981221460445,-0.000362211783089831,-0.0006747910477970904,-0.00048019362944896687,,,-0.0031277476945189464,,,,0.0009485792188295165,-0.001780410226110785,-0.0006074890535286143,,,-0.0013456588918279188,-0.00037032532703104327,-0.00062051830936837,-0.0002778551373282137,-0.0009076601152721648,,-0.00016068868427661587
203,2026-07-31,ABF,GB0006731235,01740401W,-0.00031619307294317216,-0.0003459691022337848,,,-0.0005445960691632988,,,,,,,,-0.0007301366857867572,,-0.000863631826098515,-0.00047820935825289675,,,0.0010332737919392947,,-0.0007926483883369932,,,,,,,-0.0003434025658670653,,-0.00039295981221460445,-0.000362211783089831,,,,,0.0031277476945189464,,,,,0.001780410226110785,-0.0006074890535286143,,,,0.0010917609877094435,,-0.0002778551373282137,0.0018082291358937658,-0.0010666052045824978,0.00011881417673010741
204,2026-07-31,ABI,BE0974293251,24163701W,,0.0010196181911647667,,,0.0010617125201578075,,,,,,,,-0.0007301366857867572,-0.00204825955216285,-0.000863631826098515,-0.00047820935825289675,,,0.0010332737919392947,,0.0015638738472594732,-0.001315075735195466,0.002269150288180412,-0.001315075735195466,,,,-0.0003434025658670653,,-0.00039295981221460445,,,-0.00048019362944896687,,-0.00039700399553070675,,,,,0.0009485792188295165,,,,-0.0007766890248134296,-0.0013456588918279188,-0.00037032532703104327,,-0.0002778551373282137,-0.0009076601152721648,,-8.818580963840865e-05
205,2026-07-31,ABN,NL0011540547,32076490W,0.0009295314433510121,0.0010196181911647667,,0.0010520605881563728,0.0010617125201578075,-0.00043343320111311243,,0.001701862716135309,0.0005577188660106073,,,-0.0023861167978804334,,,0.001701862716135309,,,0.002183521975418887,0.0010332737919392947,,0.0015638738472594732,,0.002269150288180412,,,,,,,,-0.000362211783089831,,-0.00048019362944896687,-0.0013301915482436897,,,,,,,,0.0011808843336449082,0.0013535282420725264,,,,,,,,0.00016624941262018592
206,2026-07-31,ABNB,US0090661010,03746001,0.0009295314433510121,,,,,-0.00043343320111311243,,-0.000580083532316797,,-0.0008092773755049022,0.001377698389252393,,,,-0.000863631826098515,-0.00047820935825289675,-0.0005497703786090309,0.002183521975418887,,-0.0011689562090626366,0.0015638738472594732,,-0.0023145332939440203,,-0.0004125727796691658,,-0.005645203155961025,-0.0003434025658670653,,,-0.000362211783089831,,,,-0.00039700399553070675,,,,,,,,,,,-0.00037032532703104327,,0.0010917609877094435,,,-7.347092923357969e-05
207,2026-07-31,ABT,US0028241000,00107801,-0.00031619307294317216,-0.0003459691022337848,-0.0011869401507405232,-0.00035718106388025003,,,,,0.0005577188660106073,-0.0008092773755049022,,,,0.0006888491946261965,,-0.00047820935825289675,-0.0005497703786090309,,,,,,,,,,,-0.0003434025658670653,-0.0031277476945189464,-0.00039295981221460445,-0.000362211783089831,-0.0006747910477970904,,,-0.00039700399553070675,,,,0.0026913177836558376,0.0009485792188295165,,,,,,-0.00037032532703104327,,-0.0002778551373282137,0.0018082291358937658,,-4.098544108995329e-05
208,2026-07-31,ABVX,FR0012333284,31991901W,-0.00031619307294317216,-0.0003459691022337848,,-0.00035718106388025003,,,,,0.0005577188660106073,-0.0008092773755049022,,,,,-0.000863631826098515,-0.00047820935825289675,-0.0005497703786090309,,,,0.0015638738472594732,-0.001315075735195466,-0.0023145332939440203,,,,,,,-0.00039295981221460445,-0.000362211783089831,-0.0006747910477970904,-0.00048019362944896687,,-0.00039700399553070675,-0.0031277476945189464,,,,-0.0009524828370140001,-0.001780410226110785,,-0.001361490172908247,-0.0007766890248134296,-0.0013456588918279188,-0.00037032532703104327,0.00062051830936837,-0.0002778551373282137,-0.0009076601152721648,-0.0010666052045824978,-0.0004401250737250202
209,2026-07-31,ABX,CA06849F1080,00205501C,,,,0.0010520605881563728,0.0010617125201578075,0.001278747676212166,,,,,0.001377698389252393,,0.0014199590760392762,,0.001701862716135309,-0.00047820935825289675,,0.002183521975418887,,,0.0015638738472594732,,,,-0.0004125727796691658,,,0.0013378805167306475,,0.0011630820572583016,0.0010666052045824978,,0.0009524828370140001,,0.0011630820572583016,,0.0010969352104000098,,,0.0009485792188295165,0.001780410226110785,0.0011808843336449082,,,,0.0010917609877094435,0.00062051830936837,0.0010917609877094435,-0.0009076601152721648,,0.00043242517791843444
210,2026-07-31,AC,FR0000120404,10000101W,-0.00031619307294317216,-0.0003459691022337848,,-0.00035718106388025003,,-0.00043343320111311243,,-0.000580083532316797,,-0.0008092773755049022,-0.0013859480802060002,,,,,-0.00047820935825289675,,-0.0007099795380196381,,-0.0011689562090626366,-0.0007926483883369932,-0.001315075735195466,,,0.0016185547510098044,,,0.0013378805167306475,,-0.00039295981221460445,-0.000362211783089831,-0.0006747910477970904,,,,,,,,,,,,,,-0.00037032532703104327,,-0.0002778551373282137,,,-0.00022322946290027836
211,2026-07-31,ACA,FR0000045072,02456302W,-0.00031619307294317216,-0.0003459691022337848,,-0.00035718106388025003,,-0.00043343320111311243,,-0.000580083532316797,0.0005577188660106073,,,,-0.0007301366857867572,,,,,0.002183521975418887,0.0010332737919392947,,0.0015638738472594732,,,,,,,,,,-0.000362211783089831,,-0.00048019362944896687,-0.0013301915482436897,,,,,,0.0009485792188295165,0.001780410226110785,0.0011808843336449082,0.0013535282420725264,0.0015430221959626803,,,,,0.0018082291358937658,0.0010666052045824978,0.00023271030542982083
212,2026-07-31,ACGL,BMG0450A1053,06130201,-0.00031619307294317216,-0.0003459691022337848,-0.0011869401507405232,-0.00035718106388025003,-0.0005445960691632988,-0.00043343320111311243,-0.002630151470390932,-0.000580083532316797,0.0005577188660106073,,,0.0023617686672898165,,,-0.000863631826098515,,-0.0005497703786090309,-0.0007099795380196381,,,-0.0007926483883369932,,,,,,,,,0.0011630820572583016,0.0010666052045824978,0.002630151470390932,,-0.0013301915482436897,,,,,-0.0013942971650265183,,0.001780410226110785,-0.0006074890535286143,,0.0015430221959626803,,0.0010917609877094435,,0.0010917609877094435,0.0018082291358937658,-0.0010666052045824978,0.0001381550874625696
213,2026-07-31,ACS,ES0167050915,22218601W,,,,,,0.001278747676212166,,,0.0005577188660106073,,,,0.0014199590760392762,0.0006888491946261965,,,0.0010866353492694932,,,,,0.001315075735195466,,0.001315075735195466,0.0016185547510098044,,,-0.0003434025658670653,,,,,0.0009524828370140001,,-0.00039700399553070675,,,,,0.0009485792188295165,,,0.0013535282420725264,-0.0007766890248134296,0.0013456588918279188,0.0010917609877094435,0.00062051830936837,0.0010917609877094435,,0.0010666052045824978,0.00033342625851475035
214,2026-07-31,AD,NL0011794037,02366702W,,,,,,,,,,,0.001377698389252393,,,0.0006888491946261965,-0.000863631826098515,0.001881734385320342,0.0010866353492694932,,0.0010332737919392947,,0.0015638738472594732,0.001315075735195466,,0.001315075735195466,,,,-0.0003434025658670653,,0.0011630820572583016,0.0010666052045824978,,0.0009524828370140001,,-0.00039700399553070675,,,,,,0.001780410226110785,0.0011808843336449082,0.0013535282420725264,0.0015430221959626803,0.0013456588918279188,0.0010917609877094435,0.00062051830936837,0.0010917609877094435,,,0.00048674692951501214
215,2026-07-31,ADBE,US00724F1012,01254001,0.0009295314433510121,-0.0003459691022337848,0.0022916171227168516,0.0010520605881563728,0.0010617125201578075,-0.00043343320111311243,0.0026005992066786745,-0.000580083532316797,,0.0031705935533479727,0.001377698389252393,,-0.0007301366857867572,,,0.001881734385320342,,,,0.004538300576360824,,,,0.001315075735195466,-0.0004125727796691658,,,-0.0003434025658670653,0.0030860443919253607,0.0011630820572583016,0.0010666052045824978,,,,0.0011630820572583016,,0.0010969352104000098,,,,,0.0011808843336449082,,,,,,,,,0.0005088490399996139
216,2026-07-31,ADDT B,SE0014781795,24731801W,,,,-0.00035718106388025003,-0.0005445960691632988,-0.00043343320111311243,,,0.0005577188660106073,,,,0.0014199590760392762,0.0006888491946261965,,,,,,,,0.001315075735195466,,0.001315075735195466,-0.0004125727796691658,,,-0.0003434025658670653,,-0.00039295981221460445,-0.000362211783089831,,,,-0.00039700399553070675,,,,,-0.0009524828370140001,,-0.0006074890535286143,-0.001361490172908247,-0.0007766890248134296,,-0.00037032532703104327,-0.00062051830936837,-0.0002778551373282137,,,-5.2350933760542024e-05
217,2026-07-31,ADI,US0326541051,00163201,0.0009295314433510121,,,,,-0.00043343320111311243,,,,-0.0008092773755049022,0.001377698389252393,0.0023617686672898165,,,,-0.00047820935825289675,,,,-0.0011689562090626366,,-0.001315075735195466,,-0.001315075735195466,-0.0004125727796691658,,,0.0013378805167306475,,,-0.000362211783089831,,,,-0.00039700399553070675,,,,,0.0009485792188295165,,,,,,,,,,,1.8873240231252653e-05
218,2026-07-31,ADM,GB00B02J6398,27097901W,,-0.0003459691022337848,,-0.00035718106388025003,-0.0005445960691632988,-0.00043343320111311243,,-0.000580083532316797,-0.0016532380671028715,,0.001377698389252393,,,,,,-0.0005497703786090309,-0.0007099795380196381,-0.0030454385446631845,,,,,,,,,,,-0.00039295981221460445,-0.000362211783089831,-0.0006747910477970904,,0.0026005992066786745,-0.00039700399553070675,,,,,-0.0009524828370140001,,,,,,-0.00037032532703104327,,-0.0002778551373282137,,,-0.00011240881282371006
219,2026-07-31,ADM,US0394831020,00172201,0.0009295314433510121,0.0010196181911647667,0.0022916171227168516,,,,,,,,,,-0.0007301366857867572,0.0006888491946261965,0.001701862716135309,-0.00047820935825289675,0.0010866353492694932,,,,,,,,,,,-0.0003434025658670653,,-0.00039295981221460445,-0.000362211783089831,,-0.00048019362944896687,,0.0011630820572583016,0.0031277476945189464,0.0010969352104000098,,-0.0013942971650265183,,-0.001780410226110785,,0.0013535282420725264,-0.0007766890248134296,0.0013456588918279188,0.0010917609877094435,0.00062051830936837,0.0010917609877094435,0.0018082291358937658,,0.00037519414891381875
220,2026-07-31,ADP,FR0010340141,27814201W,-0.00031619307294317216,-0.0003459691022337848,,-0.00035718106388025003,0.0010617125201578075,-0.00043343320111311243,,,-0.0016532380671028715,,,,,-0.00204825955216285,,,,,,,,-0.001315075735195466,,,-0.0004125727796691658,,,-0.0003434025658670653,,0.0011630820572583016,,,0.0009524828370140001,,-0.00039700399553070675,,,,,,,0.0011808843336449082,,,,0.0010917609877094435,0.00062051830936837,-0.0002778551373282137,,0.0010666052045824978,5.7088883877290165e-05
221,2026-07-31,ADP,US0530151036,00189101,,-0.0003459691022337848,,-0.00035718106388025003,,-0.00043343320111311243,,,0.0005577188660106073,,,,,0.0006888491946261965,,,-0.0005497703786090309,,,,,0.001315075735195466,,0.001315075735195466,-0.0004125727796691658,,,-0.0003434025658670653,,,,,,,,,,-0.0016771980390898698,-0.0013942971650265183,0.0009485792188295165,,,0.0013535282420725264,,,,,-0.0002778551373282137,,0.0010666052045824978,4.696694911254256e-05
222,2026-07-31,ADS,DE000A1EWWW0,22124401W,,,,,0.0010617125201578075,-0.00043343320111311243,,-0.000580083532316797,,-0.0008092773755049022,,,-0.0007301366857867572,,-0.000863631826098515,-0.00047820935825289675,-0.0005497703786090309,-0.0007099795380196381,,-0.0011689562090626366,-0.0007926483883369932,0.001315075735195466,,,0.0016185547510098044,,,-0.0003434025658670653,,-0.00039295981221460445,0.0010666052045824978,0.002630151470390932,,0.0026005992066786745,-0.00039700399553070675,,-0.0011127563913192406,,,,,,,,,-0.00037032532703104327,,-0.0002778551373282137,,,-2.465938787711829e-05
223,2026-07-31,ADSK,US0527691069,00187801,-0.00031619307294317216,-0.0003459691022337848,,-0.00035718106388025003,0.0010617125201578075,-0.00043343320111311243,0.0026005992066786745,0.001701862716135309,,-0.0008092773755049022,0.001377698389252393,,-0.0007301366857867572,,,-0.00047820935825289675,,,,-0.0011689562090626366,,,,0.001315075735195466,-0.0004125727796691658,,,-0.0003434025658670653,,0.0011630820572583016,-0.000362211783089831,,,,0.0011630820572583016,,0.0010969352104000098,0.0032599060478084793,,,,,,,,,,,,0.0010666052045824978,0.0003905687431204027
224,2026-07-31,ADYEN,NL0012969182,32740101W,-0.00031619307294317216,-0.0003459691022337848,,-0.00035718106388025003,,-0.00043343320111311243,,-0.000580083532316797,-0.0016532380671028715,,,,0.0014199590760392762,,-0.000863631826098515,,,-0.0007099795380196381,,,,,-0.0023145332939440203,,,,,,,-0.00039295981221460445,-0.000362211783089831,-0.0006747910477970904,-0.00048019362944896687,,-0.00039700399553070675,,,,,-0.0009524828370140001,-0.001780410226110785,,,-0.0007766890248134296,-0.0013456588918279188,-0.00037032532703104327,0.00062051830936837,-0.0002778551373282137,-0.0009076601152721648,-0.0010666052045824978,-0.00025619788725993306
225,2026-07-31,AEE,US0236081024,01086001,-0.00031619307294317216,-0.0003459691022337848,,-0.00035718106388025003,,,,0.001701862716135309,-0.0016532380671028715,,0.001377698389252393,,,,,-0.00047820935825289675,-0.0005497703786090309,,,,,,,,-0.0004125727796691658,,0.006612952268411486,,,,,-0.0006747910477970904,,,,,,0.0032599060478084793,,,,,,,,-0.00037032532703104327,-0.00062051830936837,-0.0002778551373282137,,,0.00014032180718337323
226,2026-07-31,AEM,CA0084741085,00118601C,,-0.0003459691022337848,,-0.00035718106388025003,-0.0005445960691632988,,,,,,0.001377698389252393,,0.0014199590760392762,,0.001701862716135309,0.001881734385320342,-0.0005497703786090309,0.002183521975418887,,,0.0015638738472594732,,,,-0.0004125727796691658,0.005143407319875601,0.006612952268411486,0.0013378805167306475,,,0.0010666052045824978,,,,,,0.0010969352104000098,,,0.0009485792188295165,0.001780410226110785,-0.0006074890535286143,,,,-0.00037032532703104327,-0.00062051830936837,-0.0002778551373282137,-0.0009076601152721648,,0.00019081889183474073
227,2026-07-31,AENA,ES0105046017,31921901W,-0.00031619307294317216,-0.0003459691022337848,,-0.00035718106388025003,-0.0005445960691632988,,,,,,,,,-0.00204825955216285,,,-0.0005497703786090309,,,,,-0.001315075735195466,,-0.001315075735195466,-0.0004125727796691658,,,-0.0003434025658670653,,-0.00039295981221460445,,,-0.00048019362944896687,,-0.00039700399553070675,,,,,,,,-0.001361490172908247,,-0.0013456588918279188,,0.00062051830936837,-0.0002778551373282137,,,-0.00017966685317186566
228,2026-07-31,AEP,US0255371017,00144001,-0.00031619307294317216,-0.0003459691022337848,-0.0011869401507405232,-0.00035718106388025003,,,,0.001701862716135309,,,,,,,,-0.00047820935825289675,-0.0005497703786090309,,,,,,,,-0.0004125727796691658,0.005143407319875601,-0.005645203155961025,,,0.0011630820572583016,,-0.0006747910477970904,,-0.0013301915482436897,,,,,,0.0009485792188295165,,,,-0.0007766890248134296,,-0.00037032532703104327,-0.00062051830936837,-0.0002778551373282137,,,-5.692063935543708e-05
229,2026-07-31,AER,NL0000687663,17609201,0.0009295314433510121,0.0010196181911647667,0.0022916171227168516,0.0010520605881563728,-0.0005445960691632988,0.001278747676212166,,,-0.0016532380671028715,,,,,-0.00204825955216285,,,,,,,,-0.001315075735195466,,-0.001315075735195466,-0.0004125727796691658,,,-0.0003434025658670653,,0.0011630820572583016,0.0010666052045824978,,0.0009524828370140001,,0.0011630820572583016,,0.0010969352104000098,,,0.0009485792188295165,,0.0011808843336449082,,0.0015430221959626803,,0.0010917609877094435,-0.00062051830936837,-0.0002778551373282137,,0.0010666052045824978,0.00017042757133166583
230,2026-07-31,AFL,US0010551028,00144901,-0.00031619307294317216,-0.0003459691022337848,-0.0011869401507405232,-0.00035718106388025003,-0.0005445960691632988,-0.00043343320111311243,,-0.000580083532316797,0.0005577188660106073,,,,,,,,,-0.0007099795380196381,,,-0.0007926483883369932,,,,,,,,,,,-0.0006747910477970904,-0.00048019362944896687,,-0.00039700399553070675,,,,,,,,,,,-0.00037032532703104327,0.00062051830936837,-0.0002778551373282137,,,-0.00010108539276357259
231,2026-07-31,AFRM,US00827B1061,03741301,-0.00031619307294317216,-0.0003459691022337848,-0.0011869401507405232,-0.00035718106388025003,-0.0005445960691632988,-0.00043343320111311243,-0.002630151470390932,-0.000580083532316797,-0.0016532380671028715,,,-0.0023861167978804334,,,-0.000863631826098515,,-0.0005497703786090309,-0.0007099795380196381,-0.0030454385446631845,,-0.0007926483883369932,,,,,,,,,,,-0.0006747910477970904,,,-0.00039700399553070675,,,,-0.0013942971650265183,-0.0009524828370140001,-0.001780410226110785,-0.0006074890535286143,,-0.0007766890248134296,-0.0013456588918279188,-0.00037032532703104327,,-0.0002778551373282137,-0.0009076601152721648,-0.0010666052045824978,-0.0004799659975858208
232,2026-07-31,AGI,CA0115321089,12345501C,-0.00031619307294317216,-0.0003459691022337848,,-0.00035718106388025003,0.0010617125201578075,-0.00043343320111311243,,-0.000580083532316797,,,0.001377698389252393,,0.0014199590760392762,,,0.001881734385320342,-0.0005497703786090309,0.002183521975418887,,,0.0015638738472594732,,,,0.0016185547510098044,0.005143407319875601,,-0.0003434025658670653,,0.0011630820572583016,0.0010666052045824978,,,,-0.00039700399553070675,,,,,-0.0009524828370140001,0.001780410226110785,0.0011808843336449082,,,,-0.00037032532703104327,-0.00062051830936837,-0.0002778551373282137,-0.0009076601152721648,,0.00011671991702760704
233,2026-07-31,AGN,BMG0112X1056,01559801W,-0.00031619307294317216,,,0.0010520605881563728,,-0.00043343320111311243,,-0.000580083532316797,0.0005577188660106073,,,-0.0023861167978804334,,,-0.000863631826098515,,,-0.0007099795380196381,0.0010332737919392947,,-0.0007926483883369932,,-0.0023145332939440203,,,,,,,,0.0010666052045824978,-0.0006747910477970904,-0.00048019362944896687,,-0.00039700399553070675,,,,,,,0.0011808843336449082,,,0.0013456588918279188,-0.00037032532703104327,-0.00062051830936837,-0.0002778551373282137,,0.0010666052045824978,-0.00016281971964743884
234,2026-07-31,AGS,BE0974264930,01644701W,-0.00031619307294317216,,,,-0.0005445960691632988,0.001278747676212166,,-0.000580083532316797,,,,,,,-0.000863631826098515,,0.0010866353492694932,-0.0007099795380196381,0.0010332737919392947,,-0.0007926483883369932,,-0.0023145332939440203,,,,,,,0.0011630820572583016,0.0010666052045824978,-0.0006747910477970904,,,0.0011630820572583016,,0.0010969352104000098,,,,0.001780410226110785,0.0011808843336449082,,0.0015430221959626803,0.0013456588918279188,-0.00037032532703104327,-0.00062051830936837,-0.0002778551373282137,0.0018082291358937658,,0.00015778878989449314
235,2026-07-31,AI,FR0000120073,10120201W,-0.00031619307294317216,-0.0003459691022337848,,-0.00035718106388025003,-0.0005445960691632988,-0.00043343320111311243,,-0.000580083532316797,,,,,,,,-0.00047820935825289675,,0.002183521975418887,,,0.0015638738472594732,,,,-0.0004125727796691658,,,-0.0003434025658670653,,-0.00039295981221460445,-0.000362211783089831,,-0.00048019362944896687,,-0.00039700399553070675,,,,,0.0009485792188295165,,-0.0006074890535286143,,,,-0.00037032532703104327,-0.00062051830936837,-0.0002778551373282137,-0.0009076601152721648,,-9.627874175278375e-05
236,2026-07-31,AIA,NZAIAE0002S6,22276101W,-0.00031619307294317216,-0.0003459691022337848,,-0.00035718106388025003,,0.001278747676212166,,,-0.0016532380671028715,,,,,-0.00204825955216285,,,-0.0005497703786090309,,,,,-0.001315075735195466,,-0.001315075735195466,-0.0004125727796691658,,,,,0.0011630820572583016,0.0010666052045824978,,-0.00048019362944896687,,,,,,,,,,-0.001361490172908247,-0.0007766890248134296,-0.0013456588918279188,-0.00037032532703104327,-0.00062051830936837,-0.0002778551373282137,,-0.0010666052045824978,-0.00018741664785090637
237,2026-07-31,AIG,US0268747849,00148701,-0.00031619307294317216,,,,,0.001278747676212166,,0.001701862716135309,0.0005577188660106073,,,-0.0023861167978804334,,,,,,-0.0007099795380196381,,,-0.0007926483883369932,,,,,,,,,0.0011630820572583016,,-0.0006747910477970904,0.0009524828370140001,,,,,,,,,-0.0006074890535286143,,,,,0.00062051830936837,-0.0002778551373282137,0.0018082291358937658,,3.2536550594940695e-05
238,2026-07-31,AIR,NL0000235190,22083302W,-0.00031619307294317216,-0.0003459691022337848,,-0.00035718106388025003,,0.001278747676212166,,,,,,,-0.0007301366857867572,,,,-0.0005497703786090309,,,,,0.001315075735195466,,,-0.0004125727796691658,,,-0.0003434025658670653,,,,,,,-0.00039700399553070675,,-0.0011127563913192406,,,0.0009485792188295165,,,0.0013535282420725264,-0.0007766890248134296,,-0.00037032532703104327,0.00062051830936837,-0.0002778551373282137,,0.0010666052045824978,4.14992102218893e-05
239,2026-07-31,AJG,US3635761097,00497301,-0.00031619307294317216,-0.0003459691022337848,,-0.00035718106388025003,,-0.00043343320111311243,,-0.000580083532316797,,,,,,,-0.000863631826098515,,-0.0005497703786090309,-0.0007099795380196381,,,-0.0007926483883369932,,,,,,,,,-0.00039295981221460445,-0.000362211783089831,-0.0006747910477970904,,,-0.00039700399553070675,,,-0.0016771980390898698,-0.0013942971650265183,,-0.001780410226110785,-0.0006074890535286143,,-0.0007766890248134296,,-0.00037032532703104327,-0.00062051830936837,-0.0002778551373282137,-0.0009076601152721648,-0.0010666052045824978,-0.0002788632563654031
240,2026-07-31,AKRBP,NO0010345853,27569602W,-0.00031619307294317216,,,-0.00035718106388025003,0.0010617125201578075,-0.00043343320111311243,,0.001701862716135309,-0.0016532380671028715,,,,-0.0007301366857867572,-0.00204825955216285,,,-0.0005497703786090309,,0.0010332737919392947,,,,,,-0.0004125727796691658,,,-0.0003434025658670653,,,,,,,-0.00039700399553070675,,,,,,,0.0011808843336449082,,,,0.0010917609877094435,0.00062051830936837,-0.0002778551373282137,,0.0010666052045824978,0.00013243530671497682
241,2026-07-31,AKZA,NL0013267909,01533401W,-0.00031619307294317216,-0.0003459691022337848,,-0.00035718106388025003,,0.001278747676212166,,,,,-0.0013859480802060002,,,,,-0.00047820935825289675,0.0010866353492694932,-0.0007099795380196381,,,,,,,-0.0004125727796691658,,,0.0013378805167306475,,,,,-0.00048019362944896687,,,,,,,,,,,,,-0.00037032532703104327,0.00062051830936837,-0.0002778551373282137,,,-1.91458764529204e-06
242,2026-07-31,ALA,CA0213611001,12219401C,0.0009295314433510121,0.0010196181911647667,,0.0010520605881563728,-0.0005445960691632988,,,0.001701862716135309,0.0005577188660106073,,,,,0.0006888491946261965,,-0.00047820935825289675,,,,,,,,0.001315075735195466,-0.0004125727796691658,-0.005645203155961025,-0.005645203155961025,,,-0.00039295981221460445,,-0.0006747910477970904,-0.00048019362944896687,,,,,,,,,-0.0006074890535286143,,-0.0007766890248134296,0.0013456588918279188,-0.00037032532703104327,-0.00062051830936837,-0.0002778551373282137,-0.0009076601152721648,,-2.0242195175226536e-05
243,2026-07-31,ALAB,US04626A1034,04509401,-0.00031619307294317216,0.0010196181911647667,,-0.00035718106388025003,-0.0005445960691632988,-0.00043343320111311243,-0.002630151470390932,0.001701862716135309,,-0.0008092773755049022,0.001377698389252393,-0.0023861167978804334,0.0014199590760392762,,,-0.00047820935825289675,,,,0.004538300576360824,,,,,-0.0004125727796691658,,,0.0013378805167306475,0.0030860443919253607,-0.00039295981221460445,-0.000362211783089831,,-0.00048019362944896687,,-0.00039700399553070675,,,0.0032599060478084793,0.0026913177836558376,-0.0009524828370140001,,-0.0006074890535286143,,,,,,,,-0.0010666052045824978,7.332449998692134e-05
244,2026-07-31,ALC,CH0432492467,03505601W,-0.00031619307294317216,-0.0003459691022337848,,-0.00035718106388025003,-0.0005445960691632988,,,,0.0005577188660106073,-0.0008092773755049022,,,,,-0.000863631826098515,-0.00047820935825289675,,,,,-0.0007926483883369932,-0.001315075735195466,,-0.001315075735195466,,,,-0.0003434025658670653,,-0.00039295981221460445,-0.000362211783089831,-0.0006747910477970904,,,-0.00039700399553070675,,,,,,,-0.0006074890535286143,,-0.0007766890248134296,,,,-0.0002778551373282137,-0.0009076601152721648,-0.0010666052045824978,-0.0003063726090564206
245,2026-07-31,ALFA,SE0000695876,25192101W,,-0.0003459691022337848,,-0.00035718106388025003,-0.0005445960691632988,-0.00043343320111311243,,,0.0005577188660106073,,,,-0.0007301366857867572,0.0006888491946261965,,,-0.0005497703786090309,,,,,,,,-0.0004125727796691658,,,-0.0003434025658670653,,-0.00039295981221460445,-0.000362211783089831,,-0.00048019362944896687,,-0.00039700399553070675,,-0.0011127563913192406,,,,,-0.0006074890535286143,,,,-0.00037032532703104327,-0.00062051830936837,-0.0002778551373282137,,,-0.00014265784321688412
246,2026-07-31,ALL,AU000000ALL7,21262801W,-0.00031619307294317216,-0.0003459691022337848,,-0.00035718106388025003,,-0.00043343320111311243,,-0.000580083532316797,,-0.0008092773755049022,-0.0013859480802060002,0.0023617686672898165,,,-0.000863631826098515,-0.00047820935825289675,,0.002183521975418887,,-0.0011689562090626366,-0.0007926483883369932,-0.001315075735195466,,,-0.0004125727796691658,,,-0.0003434025658670653,,0.0011630820572583016,0.0010666052045824978,-0.0006747910477970904,-0.00048019362944896687,,-0.00039700399553070675,,,,,-0.0009524828370140001,,,-0.001361490172908247,,,-0.00037032532703104327,,-0.0002778551373282137,,-0.0010666052045824978,-8.972107554311032e-05
247,2026-07-31,ALL,US0200021014,02834901,0.0009295314433510121,0.0010196181911647667,0.0022916171227168516,0.0010520605881563728,-0.0005445960691632988,0.001278747676212166,,0.001701862716135309,,,,0.0023617686672898165,,,-0.000863631826098515,,-0.0005497703786090309,-0.0007099795380196381,,,-0.0007926483883369932,,,,,,,,,,0.0010666052045824978,,,,0.0011630820572583016,,0.0010969352104000098,0.0032599060478084793,-0.0013942971650265183,,0.001780410226110785,0.0011808843336449082,,0.0015430221959626803,0.0013456588918279188,0.0010917609877094435,,0.0010917609877094435,,,0.0005836527470658549
248,2026-07-31,ALLE,IE00BFRT3W74,31605601,,-0.0003459691022337848,-0.0011869401507405232,-0.00035718106388025003,-0.0005445960691632988,-0.00043343320111311243,-0.002630151470390932,,0.0005577188660106073,,,,-0.0007301366857867572,0.0006888491946261965,,,-0.0005497703786090309,,,,,,,,-0.0004125727796691658,,,-0.0003434025658670653,,-0.00039295981221460445,-0.000362211783089831,,,,-0.00039700399553070675,,,-0.0016771980390898698,-0.0013942971650265183,-0.0009524828370140001,,-0.0006074890535286143,,,,-0.00037032532703104327,-0.00062051830936837,-0.0002778551373282137,,,-0.00024726380556830434
249,2026-07-31,ALNY,US02043Q1076,26426501,-0.00031619307294317216,,,,,,,,0.0005577188660106073,0.0031705935533479727,,,,0.0006888491946261965,-0.000863631826098515,-0.00047820935825289675,0.0010866353492694932,,,,,0.001315075735195466,-0.0023145332939440203,0.001315075735195466,,,,-0.0003434025658670653,0.0030860443919253607,0.0011630820572583016,0.0010666052045824978,0.002630151470390932,0.0009524828370140001,,0.0011630820572583016,0.0031277476945189464,0.0010969352104000098,,-0.0013942971650265183,-0.0009524828370140001,-0.001780410226110785,,-0.001361490172908247,-0.0007766890248134296,-0.0013456588918279188,-0.00037032532703104327,0.00062051830936837,-0.0002778551373282137,-0.0009076601152721648,0.0010666052045824978,0.0002161212275375496
250,2026-07-31,ALO,FR0010220475,21839901W,-0.00031619307294317216,-0.0003459691022337848,,-0.00035718106388025003,0.0010617125201578075,-0.00043343320111311243,,,0.0005577188660106073,,,,,0.0006888491946261965,,,,,,,,,,,-0.0004125727796691658,,,-0.0003434025658670653,,-0.00039295981221460445,0.0010666052045824978,,0.0009524828370140001,,-0.00039700399553070675,,-0.0011127563913192406,,,,,0.0011808843336449082,0.0013535282420725264,,0.0013456588918279188,0.0010917609877094435,0.00062051830936837,-0.0002778551373282137,,,0.00010638605246793743
251,2026-07-31,ALV,DE0008404005,01572401W,-0.00031619307294317216,-0.0003459691022337848,,-0.00035718106388025003,-0.0005445960691632988,-0.00043343320111311243,,,,,,,,,-0.000863631826098515,,0.0010866353492694932,-0.0007099795380196381,0.0010332737919392947,,,,,,,,,,,-0.00039295981221460445,-0.000362211783089831,-0.0006747910477970904,,,-0.00039700399553070675,,,,,0.0009485792188295165,,,,,0.0013456588918279188,0.0010917609877094435,0.00062051830936837,0.0010917609877094435,,,9.590919633290213e-05
252,2026-07-31,AM,FR0014004L86,10051701W,-0.00031619307294317216,-0.0003459691022337848,,-0.00035718106388025003,,0.001278747676212166,,,0.0005577188660106073,,,,0.0014199590760392762,0.0006888491946261965,,,,,,,,,,,-0.0004125727796691658,,,-0.0003434025658670653,,-0.00039295981221460445,-0.000362211783089831,,0.0009524828370140001,,-0.00039700399553070675,,,,,,,,0.0013535282420725264,,,0.0010917609877094435,0.00062051830936837,0.0010917609877094435,,0.0010666052045824978,0.0001701788520128997
253,2026-07-31,AMAT,US0382221051,00170401,,,,,,-0.00043343320111311243,,-0.000580083532316797,,0.0031705935533479727,,-0.0023861167978804334,-0.0007301366857867572,,,0.001881734385320342,,,,0.004538300576360824,,,,,-0.0004125727796691658,,,-0.0003434025658670653,-0.0031277476945189464,-0.00039295981221460445,-0.000362211783089831,,-0.00048019362944896687,,-0.00039700399553070675,,,-0.0016771980390898698,,0.0009485792188295165,,,,,,,,,,,-0.0001338829664875897
254,2026-07-31,AMD,US0079031078,00116101,0.0009295314433510121,,,-0.00035718106388025003,,-0.00043343320111311243,,-0.000580083532316797,,-0.0008092773755049022,,,,,,-0.00047820935825289675,,,,-0.0011689562090626366,,,,-0.001315075735195466,-0.0004125727796691658,,,0.0013378805167306475,,-0.00039295981221460445,-0.000362211783089831,,-0.00048019362944896687,,,,,0.0032599060478084793,0.0026913177836558376,0.0009485792188295165,,-0.0006074890535286143,,,,,,,,-0.0010666052045824978,-2.7717771971842146e-05
255,2026-07-31,AME,US0311001004,00159801,-0.00031619307294317216,-0.0003459691022337848,,-0.00035718106388025003,-0.0005445960691632988,-0.00043343320111311243,-0.002630151470390932,,0.0005577188660106073,,,,,0.0006888491946261965,,,-0.0005497703786090309,,,,,-0.001315075735195466,,-0.001315075735195466,-0.0004125727796691658,,,-0.0003434025658670653,,-0.00039295981221460445,-0.000362211783089831,,-0.00048019362944896687,,-0.00039700399553070675,,,-0.0016771980390898698,,,,-0.0006074890535286143,-0.001361490172908247,-0.0007766890248134296,-0.0013456588918279188,-0.00037032532703104327,-0.00062051830936837,-0.0002778551373282137,,-0.0010666052045824978,-0.0003800561122860275
256,2026-07-31,AMGN,US0311621009,00160201,-0.00031619307294317216,-0.0003459691022337848,-0.0011869401507405232,-0.00035718106388025003,-0.0005445960691632988,,-0.002630151470390932,,,-0.0008092773755049022,,,,,0.001701862716135309,-0.00047820935825289675,,,,,,,,0.001315075735195466,,,,-0.0003434025658670653,,,,,,,-0.00039700399553070675,,-0.0011127563913192406,,-0.0013942971650265183,0.0009485792188295165,,-0.0006074890535286143,,,,-0.00037032532703104327,,-0.0002778551373282137,,0.0010666052045824978,-0.00011095020638128351
257,2026-07-31,AMP,US03076C1062,16470801,0.0009295314433510121,,0.0022916171227168516,,,,,0.001701862716135309,0.0005577188660106073,,,,,,-0.000863631826098515,,-0.0005497703786090309,-0.0007099795380196381,,,,,,,,,,,,,0.0010666052045824978,,,,,,,,,,,,,,,0.0010917609877094435,0.00062051830936837,0.0010917609877094435,,0.0010666052045824978,0.0002026287728568785
258,2026-07-31,AMRZ,CH1430134226,36691101W,-0.00031619307294317216,-0.0003459691022337848,,-0.00035718106388025003,,-0.00043343320111311243,,,,,,,,,,-0.00047820935825289675,,-0.0007099795380196381,,,,,,,-0.0004125727796691658,,,-0.0003434025658670653,,-0.00039295981221460445,-0.000362211783089831,,,,-0.00039700399553070675,,,,,,,,,,,-0.00037032532703104327,-0.00062051830936837,-0.0002778551373282137,,,-0.0001194174289348003
259,2026-07-31,AMS,ES0109067019,29450801W,-0.00031619307294317216,-0.0003459691022337848,,-0.00035718106388025003,,-0.00043343320111311243,,,,-0.0008092773755049022,-0.0013859480802060002,0.0023617686672898165,,,0.001701862716135309,-0.00047820935825289675,,-0.0007099795380196381,,-0.0011689562090626366,,-0.001315075735195466,0.002269150288180412,,-0.0004125727796691658,,,-0.0003434025658670653,,,,0.002630151470390932,,,-0.00039700399553070675,,,,,,,,,,,,,0.0010917609877094435,,,0.000150462544591389
260,2026-07-31,AMT,US03027X1000,10536501,-0.00031619307294317216,,,,,,,,,,,,,,,,0.0010866353492694932,,0.0010332737919392947,,0.0015638738472594732,,,0.001315075735195466,,,,-0.0003434025658670653,,,,,,,,0.0031277476945189464,,,,0.0009485792188295165,,-0.0006074890535286143,,,,-0.00037032532703104327,,-0.0002778551373282137,,0.0010666052045824978,0.00022660882176914456
261,2026-07-31,AMUN,FR0004125920,32072301W,-0.00031619307294317216,0.0010196181911647667,,0.0010520605881563728,-0.0005445960691632988,0.001278747676212166,,,,,,,,,,,,-0.0007099795380196381,,,-0.0007926483883369932,,-0.0023145332939440203,,,,,,,,,-0.0006747910477970904,-0.00048019362944896687,-0.0013301915482436897,,,,,,,,,,0.0015430221959626803,,,0.00062051830936837,-0.0002778551373282137,0.0018082291358937658,-0.0010666052045824978,-2.5822961474142555e-05
262,2026-07-31,AMZN,US0231351067,06476801,0.0009295314433510121,0.0010196181911647667,0.0022916171227168516,0.0010520605881563728,,0.001278747676212166,,0.001701862716135309,,-0.0008092773755049022,,,0.0014199590760392762,,0.001701862716135309,-0.00047820935825289675,-0.0005497703786090309,-0.0007099795380196381,,-0.0011689562090626366,0.0015638738472594732,,,,0.0016185547510098044,0.005143407319875601,0.006612952268411486,-0.0003434025658670653,-0.0031277476945189464,,0.0010666052045824978,,,,-0.00039700399553070675,,,-0.0016771980390898698,,0.0009485792188295165,,,,,,-0.00037032532703104327,,-0.0002778551373282137,,,8.113874366012334e-05
263,2026-07-31,ANA,ES0125220311,10271201W,,0.0010196181911647667,,0.0010520605881563728,-0.0005445960691632988,,,-0.000580083532316797,0.0005577188660106073,,,,,0.0006888491946261965,,0.001881734385320342,0.0010866353492694932,,,,,0.001315075735195466,,0.001315075735195466,0.0016185547510098044,,,,,0.0011630820572583016,,0.002630151470390932,0.0009524828370140001,0.0026005992066786745,,,,,,,,-0.0006074890535286143,0.0013535282420725264,,0.0013456588918279188,0.0010917609877094435,0.00062051830936837,-0.0002778551373282137,-0.0009076601152721648,0.0010666052045824978,0.00036344741129240094
264,2026-07-31,ANET,US0404132054,02074801,-0.00031619307294317216,-0.0003459691022337848,-0.0011869401507405232,-0.00035718106388025003,-0.0005445960691632988,-0.00043343320111311243,,,,0.0031705935533479727,,,,,,-0.00047820935825289675,,,,0.004538300576360824,,,,,-0.0004125727796691658,,,-0.0003434025658670653,-0.0031277476945189464,-0.00039295981221460445,-0.000362211783089831,,-0.00048019362944896687,,,,,0.0032599060478084793,,,,-0.0006074890535286143,,,,,,,,,0.00011891406495892903
265,2026-07-31,ANTO,GB0000456144,20018901W,,,,,,-0.00043343320111311243,,-0.000580083532316797,,,,,0.0014199590760392762,,-0.000863631826098515,-0.00047820935825289675,-0.0005497703786090309,-0.0007099795380196381,,,,,,,0.0016185547510098044,,,,,-0.00039295981221460445,,,,,-0.00039700399553070675,,,,,,,,,,,-0.00037032532703104327,0.00062051830936837,-0.0002778551373282137,-0.0009076601152721648,,-0.0001277070980394424
266,2026-07-31,ANZ,AU000000ANZ3,01588901W,-0.00031619307294317216,-0.0003459691022337848,,-0.00035718106388025003,,,,-0.000580083532316797,,,0.001377698389252393,-0.0023861167978804334,,,,,,0.002183521975418887,0.0010332737919392947,,0.0015638738472594732,,0.002269150288180412,,,,,,,,-0.000362211783089831,,-0.00048019362944896687,-0.0013301915482436897,,,,,,0.0009485792188295165,,,0.0013535282420725264,-0.0007766890248134296,,,,,,,1.5965695329349427e-05
267,2026-07-31,AON,IE00BLP1HW54,00322101,-0.00031619307294317216,-0.0003459691022337848,,-0.00035718106388025003,,-0.00043343320111311243,,-0.000580083532316797,-0.0016532380671028715,,,,,,,,0.0010866353492694932,-0.0007099795380196381,,,-0.0007926483883369932,,,,,,,,,,,-0.0006747910477970904,,,,,,,,,,-0.0006074890535286143,,,,-0.00037032532703104327,-0.00062051830936837,-0.0002778551373282137,-0.0009076601152721648,,-0.00012796489846310786
268,2026-07-31,APA,AU000000APA1,24253601W,-0.00031619307294317216,-0.0003459691022337848,,-0.00035718106388025003,,,,-0.000580083532316797,0.0005577188660106073,,,,,0.0006888491946261965,,-0.00047820935825289675,0.0010866353492694932,,,,,-0.001315075735195466,,,-0.0004125727796691658,,,,,0.0011630820572583016,,-0.0006747910477970904,-0.00048019362944896687,-0.0013301915482436897,,,,,,-0.0009524828370140001,-0.001780410226110785,-0.0006074890535286143,-0.001361490172908247,-0.0007766890248134296,-0.0013456588918279188,-0.00037032532703104327,-0.00062051830936837,-0.0002778551373282137,-0.0009076601152721648,0.0010666052045824978,-0.00027325105203812616
269,2026-07-31,APD,US0091581068,00120901,-0.00031619307294317216,-0.0003459691022337848,,-0.00035718106388025003,-0.0005445960691632988,-0.00043343320111311243,,0.001701862716135309,,,,,-0.0007301366857867572,,,-0.00047820935825289675,-0.0005497703786090309,-0.0007099795380196381,,,,,,,-0.0004125727796691658,,,-0.0003434025658670653,,-0.00039295981221460445,-0.000362211783089831,,-0.00048019362944896687,,0.0011630820572583016,,,0.0032599060478084793,,,,-0.0006074890535286143,,,,-0.00037032532703104327,-0.00062051830936837,-0.0002778551373282137,,,7.117354697985174e-05
270,2026-07-31,APH,US0320951017,01428201,,,,0.0010520605881563728,-0.0005445960691632988,,,,,-0.0008092773755049022,,,0.0014199590760392762,,,-0.00047820935825289675,,,,-0.0011689562090626366,,,,,0.0016185547510098044,,,0.0013378805167306475,-0.0031277476945189464,,,,0.0009524828370140001,,,,0.0010969352104000098,0.0032599060478084793,,,,,,,,,,,,,0.00011896132364038869
271,2026-07-31,APO,US03769M1062,18425401,-0.00031619307294317216,-0.0003459691022337848,-0.0011869401507405232,-0.00035718106388025003,,-0.00043343320111311243,,,0.0005577188660106073,,-0.0013859480802060002,,,,-0.000863631826098515,,-0.0005497703786090309,-0.0007099795380196381,,,-0.0007926483883369932,,,,,,,,,-0.00039295981221460445,-0.000362211783089831,-0.0006747910477970904,0.0009524828370140001,,0.0011630820572583016,,0.0010969352104000098,,-0.0013942971650265183,,,-0.0006074890535286143,,-0.0007766890248134296,,,0.00062051830936837,-0.0002778551373282137,-0.0009076601152721648,0.0010666052045824978,-5.811622829433776e-05
272,2026-07-31,APP,US03831W1080,03821201,-0.00031619307294317216,-0.0003459691022337848,-0.0011869401507405232,-0.00035718106388025003,,-0.00043343320111311243,,-0.000580083532316797,,0.0031705935533479727,-0.0013859480802060002,,-0.0007301366857867572,,,0.001881734385320342,,,,0.004538300576360824,,,,0.001315075735195466,0.0016185547510098044,,,-0.0003434025658670653,0.0030860443919253607,,0.0010666052045824978,,,,0.0011630820572583016,,0.0010969352104000098,0.0032599060478084793,,,,0.0011808843336449082,,,,,,,,0.0010666052045824978,0.0004383588426173694
273,2026-07-31,APTV,JE00BTDN8H13,11812204,-0.00031619307294317216,-0.0003459691022337848,-0.0011869401507405232,-0.00035718106388025003,-0.0005445960691632988,,-0.002630151470390932,-0.000580083532316797,,-0.0008092773755049022,-0.0013859480802060002,-0.0023861167978804334,-0.0007301366857867572,,,-0.00047820935825289675,,-0.0007099795380196381,,-0.0011689562090626366,-0.0007926483883369932,,,,-0.0004125727796691658,,,-0.0003434025658670653,0.0030860443919253607,-0.00039295981221460445,-0.000362211783089831,-0.0006747910477970904,0.0009524828370140001,,-0.00039700399553070675,,-0.0011127563913192406,-0.0016771980390898698,,,,,,,,,,0.0010917609877094435,,,-0.0004329486910369136
274,2026-07-31,ARES,US03990B1017,02041201,-0.00031619307294317216,-0.0003459691022337848,-0.0011869401507405232,-0.00035718106388025003,,-0.00043343320111311243,,-0.000580083532316797,,,,,,,,,,-0.0007099795380196381,0.0010332737919392947,,,,,,,,,,,-0.00039295981221460445,-0.000362211783089831,-0.0006747910477970904,,,-0.00039700399553070675,,-0.0011127563913192406,-0.0016771980390898698,-0.0013942971650265183,-0.0009524828370140001,-0.001780410226110785,-0.0006074890535286143,,-0.0007766890248134296,,-0.00037032532703104327,-0.00062051830936837,-0.0002778551373282137,-0.0009076601152721648,,-0.0002632679286340808
275,2026-07-31,ARGX,NL0010832176,31800501W,-0.00031619307294317216,-0.0003459691022337848,,-0.00035718106388025003,,,,,0.0005577188660106073,0.0031705935533479727,,,,0.0006888491946261965,-0.000863631826098515,-0.00047820935825289675,0.0010866353492694932,,,,-0.0007926483883369932,,-0.0023145332939440203,-0.001315075735195466,,,,,,,,0.002630151470390932,,,,,,,,,-0.001780410226110785,,-0.001361490172908247,-0.0007766890248134296,-0.0013456588918279188,-0.00037032532703104327,0.00062051830936837,-0.0002778551373282137,-0.0009076601152721648,-0.0010666052045824978,-0.0002476860830399427
276,2026-07-31,ARX,CA00208D4084,10523901C,-0.00031619307294317216,,,-0.00035718106388025003,,0.001278747676212166,,,-0.0016532380671028715,,,,,-0.00204825955216285,,,-0.0005497703786090309,,,,,,,,-0.0004125727796691658,,-0.005645203155961025,0.0013378805167306475,,,,,,,,,0.0010969352104000098,,,,,,-0.001361490172908247,,,0.0010917609877094435,-0.00062051830936837,-0.0002778551373282137,,,-1.2817070190249208e-05
277,2026-07-31,ASM,NL0000334118,00116601W,,0.0010196181911647667,,0.0010520605881563728,,,,0.001701862716135309,,0.0031705935533479727,-0.0013859480802060002,,,,,-0.00047820935825289675,,,,0.004538300576360824,,,,,-0.0004125727796691658,,,-0.0003434025658670653,,,0.0010666052045824978,,-0.00048019362944896687,,-0.00039700399553070675,,-0.0011127563913192406,,,,,,,,,,,,,-0.0010666052045824978,0.00010935875596427937
278,2026-07-31,ASML,NL0010273215,06121401W,,,,-0.00035718106388025003,-0.0005445960691632988,-0.00043343320111311243,,,,0.0031705935533479727,,0.0023617686672898165,,,,0.001881734385320342,,,,0.004538300576360824,,0.001315075735195466,,,-0.0004125727796691658,,,-0.0003434025658670653,,-0.00039295981221460445,-0.000362211783089831,,-0.00048019362944896687,,-0.00039700399553070675,,-0.0011127563913192406,,,0.0009485792188295165,,,,,,,,,,,0.0002402129614383777
279,2026-07-31,ASRNL,NL0011872643,01551203W,-0.00031619307294317216,-0.0003459691022337848,,-0.00035718106388025003,-0.0005445960691632988,-0.00043343320111311243,,-0.000580083532316797,0.0005577188660106073,,0.001377698389252393,-0.0023861167978804334,,,-0.000863631826098515,,,-0.0007099795380196381,-0.0030454385446631845,,,,-0.0023145332939440203,,,,,,,-0.00039295981221460445,-0.000362211783089831,0.002630151470390932,0.0009524828370140001,,-0.00039700399553070675,,,,,,-0.001780410226110785,-0.0006074890535286143,,-0.0007766890248134296,0.0013456588918279188,-0.00037032532703104327,-0.00062051830936837,-0.0002778551373282137,-0.0009076601152721648,,-0.0002975398502202011
280,2026-07-31,ASSA B,SE0007100581,22349201W,-0.00031619307294317216,-0.0003459691022337848,,-0.00035718106388025003,-0.0005445960691632988,-0.00043343320111311243,,,0.0005577188660106073,,,,-0.0007301366857867572,0.0006888491946261965,,,,,,,,,,,-0.0004125727796691658,,,-0.0003434025658670653,,-0.00039295981221460445,-0.000362211783089831,,-0.00048019362944896687,,-0.00039700399553070675,,,,,,,,,,,-0.00037032532703104327,-0.00062051830936837,0.0010917609877094435,,,-4.500760049566625e-05
281,2026-07-31,ASTS,US00217D1000,03859801,-0.00031619307294317216,-0.0003459691022337848,-0.0011869401507405232,-0.00035718106388025003,,-0.00043343320111311243,,-0.000580083532316797,,,,0.0023617686672898165,,,-0.000863631826098515,,-0.0005497703786090309,,,,0.0015638738472594732,,,,,-0.005645203155961025,,,,,-0.000362211783089831,,-0.00048019362944896687,,,,,,-0.0013942971650265183,-0.0009524828370140001,,,,,,-0.00037032532703104327,0.00062051830936837,-0.0002778551373282137,,,3.3957740253541306e-05
282,2026-07-31,ASX,AU000000ASX7,22613601W,-0.00031619307294317216,-0.0003459691022337848,,-0.00035718106388025003,-0.0005445960691632988,-0.00043343320111311243,,-0.000580083532316797,-0.0016532380671028715,,-0.0013859480802060002,,,,0.001701862716135309,,,-0.0007099795380196381,0.0010332737919392947,,,,-0.0023145332939440203,,,,,,,-0.00039295981221460445,-0.000362211783089831,-0.0006747910477970904,-0.00048019362944896687,-0.0013301915482436897,0.0011630820572583016,,0.0010969352104000098,,,-0.0009524828370140001,,-0.0006074890535286143,,-0.0007766890248134296,-0.0013456588918279188,,0.00062051830936837,-0.0002778551373282137,,,-0.0001397172235796412
283,2026-07-31,ATCO A,SE0017486889,01742001W,-0.00031619307294317216,-0.0003459691022337848,,-0.00035718106388025003,-0.0005445960691632988,-0.00043343320111311243,,,0.0005577188660106073,,,,-0.0007301366857867572,0.0006888491946261965,,,-0.0005497703786090309,,,,,,,,-0.0004125727796691658,,,-0.0003434025658670653,,-0.00039295981221460445,-0.000362211783089831,,-0.00048019362944896687,,-0.00039700399553070675,,-0.0011127563913192406,,,,,-0.0006074890535286143,,-0.0007766890248134296,-0.0013456588918279188,-0.00037032532703104327,-0.00062051830936837,-0.0002778551373282137,,-0.0010666052045824978,-0.00020707941221099232
284,2026-07-31,ATCO B,SE0017486897,01742002W,,,,,,,,,0.0005577188660106073,,,,-0.0007301366857867572,0.0006888491946261965,,,-0.0005497703786090309,,,,,,,,-0.0004125727796691658,,,-0.0003434025658670653,,-0.00039295981221460445,-0.000362211783089831,,-0.00048019362944896687,,-0.00039700399553070675,,-0.0011127563913192406,,,,,,,-0.0007766890248134296,,-0.00037032532703104327,-0.00062051830936837,-0.0002778551373282137,,-0.0010666052045824978,-0.0001446258795625318
285,2026-07-31,ATD,CA01626P1484,06465502C,,0.0010196181911647667,,,,,,,,,0.001377698389252393,,-0.0007301366857867572,0.0006888491946261965,,-0.00047820935825289675,-0.0005497703786090309,,0.0010332737919392947,,,,,,,,,0.0013378805167306475,,,,,,,,,,,,,,,,,,-0.00037032532703104327,,-0.0002778551373282137,,,2.1467756013248694e-05
286,2026-07-31,ATO,US0495601058,00438301,,,0.0022916171227168516,,,,,-0.000580083532316797,-0.0016532380671028715,,,,,-0.00204825955216285,,-0.00047820935825289675,-0.0005497703786090309,,,,,-0.001315075735195466,,-0.001315075735195466,-0.0004125727796691658,0.005143407319875601,,,,-0.00039295981221460445,,-0.0006747910477970904,,,,,,-0.0016771980390898698,,,,,-0.001361490172908247,,-0.0013456588918279188,-0.00037032532703104327,-0.00062051830936837,-0.0002778551373282137,,-0.0010666052045824978,-0.0003383907166239695
287,2026-07-31,ATRL,CA04764T1049,01435201C,-0.00031619307294317216,-0.0003459691022337848,,-0.00035718106388025003,,-0.00043343320111311243,,,0.0005577188660106073,,,,0.0014199590760392762,0.0006888491946261965,,,,,,,,,,,0.0016185547510098044,,,-0.0003434025658670653,,0.0011630820572583016,0.0010666052045824978,,0.0009524828370140001,,-0.00039700399553070675,,,,,,,,,,,-0.00037032532703104327,0.00062051830936837,-0.0002778551373282137,,,4.413380048749844e-05
288,2026-07-31,AV.,GB00BPQY8M80,01554502W,0.0009295314433510121,,,,,-0.00043343320111311243,,-0.000580083532316797,0.0005577188660106073,,,,,,-0.000863631826098515,,-0.0005497703786090309,-0.0007099795380196381,0.0010332737919392947,,-0.0007926483883369932,,,,,,,,,-0.00039295981221460445,-0.000362211783089831,0.002630151470390932,0.0009524828370140001,-0.0013301915482436897,-0.00039700399553070675,,-0.0011127563913192406,,,,,,,-0.0007766890248134296,0.0013456588918279188,-0.00037032532703104327,0.00062051830936837,-0.0002778551373282137,-0.0009076601152721648,0.0010666052045824978,-6.241310876389561e-05
289,2026-07-31,AVB,US0534841012,02987501,-0.00031619307294317216,,,,,,,,,,,,,,,,,,,,0.0015638738472594732,,,,,,,-0.0003434025658670653,,,,,,,,,,,,,,,,,,,-0.00062051830936837,-0.0002778551373282137,,,3.450311787450777e-06
290,2026-07-31,AVGO,US11135F1012,18071101,0.0009295314433510121,-0.0003459691022337848,-0.0011869401507405232,-0.00035718106388025003,0.0010617125201578075,-0.00043343320111311243,0.0026005992066786745,-0.000580083532316797,,0.0031705935533479727,,,-0.0007301366857867572,,,-0.00047820935825289675,,,,-0.0011689562090626366,,,,,-0.0004125727796691658,,,-0.0003434025658670653,0.0030860443919253607,,,,-0.00048019362944896687,,-0.00039700399553070675,,,,0.0026913177836558376,0.0009485792188295165,,,,,,,,,,,6.505481367004782e-05
291,2026-07-31,AVOL,CH0023405456,27468901W,0.0009295314433510121,-0.0003459691022337848,,-0.00035718106388025003,-0.0005445960691632988,0.001278747676212166,,-0.000580083532316797,,-0.0008092773755049022,,,0.0014199590760392762,,0.001701862716135309,0.001881734385320342,0.0010866353492694932,0.002183521975418887,,-0.0011689562090626366,,0.001315075735195466,0.002269150288180412,0.001315075735195466,-0.0004125727796691658,,,-0.0003434025658670653,,0.0011630820572583016,0.0010666052045824978,0.002630151470390932,0.0009524828370140001,0.0026005992066786745,0.0011630820572583016,0.0031277476945189464,0.0010969352104000098,,,,,,,,,0.0010917609877094435,,0.0010917609877094435,,0.0010666052045824978,0.0006463552399559806
292,2026-07-31,AVY,US0536111091,00191301,-0.00031619307294317216,-0.0003459691022337848,-0.0011869401507405232,-0.00035718106388025003,-0.0005445960691632988,-0.00043343320111311243,,,,,,,,,,-0.00047820935825289675,-0.0005497703786090309,-0.0007099795380196381,,,,,,,-0.0004125727796691658,,,-0.0003434025658670653,,-0.00039295981221460445,-0.000362211783089831,,,,,,,,,-0.0009524828370140001,,,,,,-0.00037032532703104327,-0.00062051830936837,-0.0002778551373282137,,,-0.00016704612627065955
293,2026-07-31,AWK,US0304201033,17943701,-0.00031619307294317216,-0.0003459691022337848,-0.0011869401507405232,-0.00035718106388025003,-0.0005445960691632988,,-0.002630151470390932,-0.000580083532316797,-0.0016532380671028715,,0.001377698389252393,,,-0.00204825955216285,,-0.00047820935825289675,,,,,,,,-0.001315075735195466,-0.0004125727796691658,-0.005645203155961025,-0.005645203155961025,,,-0.00039295981221460445,,-0.0006747910477970904,,,,,,,,,,,,-0.0007766890248134296,-0.0013456588918279188,-0.00037032532703104327,-0.00062051830936837,-0.0002778551373282137,,,-0.0003667999405279543
294,2026-07-31,AXON,US05464C1018,14391201,-0.00031619307294317216,-0.0003459691022337848,-0.0011869401507405232,-0.00035718106388025003,,-0.00043343320111311243,,,0.0005577188660106073,,,,-0.0007301366857867572,,,,-0.0005497703786090309,,,,,-0.001315075735195466,,-0.001315075735195466,-0.0004125727796691658,,,-0.0003434025658670653,,-0.00039295981221460445,-0.000362211783089831,,,,-0.00039700399553070675,,-0.0011127563913192406,-0.0016771980390898698,-0.0013942971650265183,-0.0009524828370140001,,-0.0006074890535286143,-0.001361490172908247,-0.0007766890248134296,-0.0013456588918279188,-0.00037032532703104327,-0.00062051830936837,-0.0002778551373282137,,,-0.00035541758758697215
295,2026-07-31,AXP,US0258161092,00144701,-0.00031619307294317216,-0.0003459691022337848,,-0.00035718106388025003,,-0.00043343320111311243,,,-0.0016532380671028715,,,,-0.0007301366857867572,,-0.000863631826098515,,-0.0005497703786090309,-0.0007099795380196381,0.0010332737919392947,,-0.0007926483883369932,,,,,,,,,-0.00039295981221460445,-0.000362211783089831,-0.0006747910477970904,,,,,,,,,-0.001780410226110785,-0.0006074890535286143,,-0.0007766890248134296,,-0.00037032532703104327,0.00062051830936837,-0.0002778551373282137,-0.0009076601152721648,,-0.0001314034096982525
296,2026-07-31,AYV,FR0013258662,21517902W,-0.00031619307294317216,-0.0003459691022337848,,-0.00035718106388025003,,-0.00043343320111311243,,,0.0005577188660106073,,,,,0.0006888491946261965,,,,,,,,,,,0.0016185547510098044,,,0.0013378805167306475,,0.0011630820572583016,0.0010666052045824978,,0.0009524828370140001,,0.0011630820572583016,,0.0010969352104000098,,,0.0009485792188295165,,0.0011808843336449082,0.0013535282420725264,0.0015430221959626803,0.0013456588918279188,-0.00037032532703104327,0.00062051830936837,-0.0002778551373282137,,0.0010666052045824978,0.00027620776437989574
297,2026-07-31,AZN,GB0009895292,02827201W,-0.00031619307294317216,-0.0003459691022337848,,-0.00035718106388025003,,,,,,-0.0008092773755049022,,,,,-0.000863631826098515,-0.00047820935825289675,-0.0005497703786090309,,,,0.0015638738472594732,,0.002269150288180412,,,,,-0.0003434025658670653,,,,-0.0006747910477970904,,,-0.00039700399553070675,,,,,0.0009485792188295165,,,,-0.0007766890248134296,,-0.00037032532703104327,-0.00062051830936837,-0.0002778551373282137,-0.0009076601152721648,,-4.186809780120225e-05
298,2026-07-31,AZO,US0533321024,02380901,,,,,,-0.00043343320111311243,,,,-0.0008092773755049022,,,-0.0007301366857867572,,,0.001881734385320342,-0.0005497703786090309,-0.0007099795380196381,,-0.0011689562090626366,,,0.002269150288180412,-0.001315075735195466,-0.0004125727796691658,,,-0.0003434025658670653,,-0.00039295981221460445,-0.000362211783089831,-0.0006747910477970904,-0.00048019362944896687,,-0.00039700399553070675,,,-0.0016771980390898698,,,,,,,,-0.00037032532703104327,,-0.0002778551373282137,,,-0.00016023262647529287
299,2026-07-31,AZRG,IL0011194789,29478801W,0.0009295314433510121,,,,,,,,,,,,,,,,-0.0005497703786090309,,0.0010332737919392947,,0.0015638738472594732,,,,,,,-0.0003434025658670653,,,,,,-0.0013301915482436897,,-0.0031277476945189464,,,,,-0.001780410226110785,,,,-0.0013456588918279188,-0.00037032532703104327,0.00062051830936837,-0.0002778551373282137,,,-0.00012736467691275562
300,2026-07-31,BA,US0970231058,00228501,-0.00031619307294317216,-0.0003459691022337848,-0.0011869401507405232,-0.00035718106388025003,-0.0005445960691632988,0.001278747676212166,-0.002630151470390932,,0.0005577188660106073,,,,0.0014199590760392762,0.0006888491946261965,,,0.0010866353492694932,,,,,0.001315075735195466,,-0.001315075735195466,-0.0004125727796691658,,,-0.0003434025658670653,0.0030860443919253607,0.0011630820572583016,0.0010666052045824978,,0.0009524828370140001,,0.0011630820572583016,,0.0010969352104000098,0.0032599060478084793,,0.0009485792188295165,,0.0011808843336449082,0.0013535282420725264,-0.0007766890248134296,,-0.00037032532703104327,0.00062051830936837,-0.0002778551373282137,,0.0010666052045824978,0.00030552168661540223
301,2026-07-31,BA.,GB0002634946,06347701W,-0.00031619307294317216,-0.0003459691022337848,,-0.00035718106388025003,,-0.00043343320111311243,,,0.0005577188660106073,,,,,0.0006888491946261965,,,0.0010866353492694932,,,,,,,,-0.0004125727796691658,,,-0.0003434025658670653,,-0.00039295981221460445,-0.000362211783089831,,,,-0.00039700399553070675,,-0.0011127563913192406,,,0.0009485792188295165,,,,,,-0.00037032532703104327,0.00062051830936837,-0.0002778551373282137,,,-3.3837575705651006e-05
302,2026-07-31,BAC,US0605051046,00764701,,,0.0022916171227168516,,,,,0.001701862716135309,0.0005577188660106073,,-0.0013859480802060002,,,,,,,-0.0007099795380196381,0.0010332737919392947,,,,,,,,,,,,,,,-0.0013301915482436897,,,,,,0.0009485792188295165,,,,,,,,,,,6.953502713298511e-05
303,2026-07-31,BAER,CH0102484968,29285401W,-0.00031619307294317216,0.0010196181911647667,,0.0010520605881563728,0.0010617125201578075,0.001278747676212166,,-0.000580083532316797,,,,,,,-0.000863631826098515,,-0.0005497703786090309,0.002183521975418887,0.0010332737919392947,,,,,,,,,,,-0.00039295981221460445,-0.000362211783089831,-0.0006747910477970904,-0.00048019362944896687,-0.0013301915482436897,-0.00039700399553070675,,-0.0011127563913192406,,,,,,,-0.0007766890248134296,,0.0010917609877094435,0.00062051830936837,-0.0002778551373282137,,,9.813551403299288e-06
304,2026-07-31,BALD B,SE0017832488,23418101W,-0.00031619307294317216,,,,,,,,,,,,,,,,-0.0005497703786090309,,-0.0030454385446631845,,-0.0007926483883369932,-0.001315075735195466,,,,,,-0.0003434025658670653,,,,,,,,-0.0031277476945189464,-0.0011127563913192406,,,,0.001780410226110785,,0.0013535282420725264,,,-0.00037032532703104327,,-0.0002778551373282137,,0.0010666052045824978,-0.00023552480043926126
305,2026-07-31,BALL,US0584981064,00198801,-0.00031619307294317216,-0.0003459691022337848,,-0.00035718106388025003,,,,0.001701862716135309,,,-0.0013859480802060002,,-0.0007301366857867572,,,-0.00047820935825289675,-0.0005497703786090309,-0.0007099795380196381,,,0.0015638738472594732,,,,-0.0004125727796691658,,,0.0013378805167306475,,,,,0.0009524828370140001,,,,0.0010969352104000098,,0.0026913177836558376,,,,,,,-0.00037032532703104327,-0.00062051830936837,-0.0002778551373282137,,,7.59410686228069e-05
306,2026-07-31,BAM,CA1130041058,04181701,-0.00031619307294317216,-0.0003459691022337848,-0.0011869401507405232,-0.00035718106388025003,,-0.00043343320111311243,,-0.000580083532316797,,,,0.0023617686672898165,,,0.001701862716135309,,,-0.0007099795380196381,,,,,,,,,,,,-0.00039295981221460445,-0.000362211783089831,-0.0006747910477970904,-0.00048019362944896687,,,,,,-0.0013942971650265183,-0.0009524828370140001,-0.001780410226110785,-0.0006074890535286143,,-0.0007766890248134296,-0.0013456588918279188,-0.00037032532703104327,-0.00062051830936837,-0.0002778551373282137,0.0018082291358937658,-0.0010666052045824978,-4.4670449462060666e-05
307,2026-07-31,BAMI,IT0005218380,22508101W,,-0.0003459691022337848,,-0.00035718106388025003,-0.0005445960691632988,0.001278747676212166,,-0.000580083532316797,0.0005577188660106073,,,-0.0023861167978804334,,,,,,0.002183521975418887,0.0010332737919392947,,,,,,,,,,,,-0.000362211783089831,,-0.00048019362944896687,,,,,,,,,,,0.0015430221959626803,,,,,,,-4.185262733079165e-05
308,2026-07-31,BARC,GB0031348658,01267301W,0.0009295314433510121,-0.0003459691022337848,,-0.00035718106388025003,0.0010617125201578075,-0.00043343320111311243,,-0.000580083532316797,0.0005577188660106073,,0.001377698389252393,,,,,,,0.002183521975418887,0.0010332737919392947,,0.0015638738472594732,,,,,,,,,,,,,-0.0013301915482436897,,,,,,0.0009485792188295165,0.001780410226110785,0.0011808843336449082,0.0013535282420725264,,,,,,,0.0010666052045824978,0.0001974448019385789
309,2026-07-31,BARN,CH0009002962,22415901W,-0.00031619307294317216,-0.0003459691022337848,,,,,,,,,,,0.0014199590760392762,0.0006888491946261965,0.001701862716135309,-0.00047820935825289675,0.0010866353492694932,,,,-0.0007926483883369932,,-0.0023145332939440203,,,,,,,0.0011630820572583016,0.0010666052045824978,,0.0009524828370140001,,0.0011630820572583016,0.0031277476945189464,0.0010969352104000098,,,,,0.0011808843336449082,0.0013535282420725264,-0.0007766890248134296,0.0013456588918279188,0.0010917609877094435,0.00062051830936837,0.0010917609877094435,,0.0010666052045824978,0.0003381328290369362
310,2026-07-31,BAS,DE000BASF111,01743601W,-0.00031619307294317216,-0.0003459691022337848,,-0.00035718106388025003,-0.0005445960691632988,-0.00043343320111311243,,,,,,,,,-0.000863631826098515,-0.00047820935825289675,,-0.0007099795380196381,,,-0.0007926483883369932,,,,-0.0004125727796691658,,,,,-0.00039295981221460445,-0.000362211783089831,,-0.00048019362944896687,,0.0011630820572583016,,-0.0011127563913192406,,,0.0009485792188295165,,,,,,,,-0.0002778551373282137,,,-0.00012283424824287878
311,2026-07-31,BATS,GB0002875804,00193201W,-0.00031619307294317216,,,,,,,,,,-0.0013859480802060002,,,0.0006888491946261965,-0.000863631826098515,-0.00047820935825289675,-0.0005497703786090309,,-0.0030454385446631845,,0.0015638738472594732,-0.001315075735195466,,-0.001315075735195466,,,,-0.0003434025658670653,,0.0011630820572583016,0.0010666052045824978,,-0.00048019362944896687,,-0.00039700399553070675,-0.0031277476945189464,-0.0011127563913192406,,,0.0009485792188295165,,0.0011808843336449082,,0.0015430221959626803,-0.0013456588918279188,-0.00037032532703104327,-0.00062051830936837,-0.0002778551373282137,-0.0009076601152721648,,-0.00035436281601572346
312,2026-07-31,BAYN,DE000BAY0017,10008001W,-0.00031619307294317216,0.0010196181911647667,,0.0010520605881563728,,,,,0.0005577188660106073,-0.0008092773755049022,,,,,,-0.00047820935825289675,0.0010866353492694932,,,,,,,,,,,-0.0003434025658670653,,,0.0010666052045824978,-0.0006747910477970904,-0.00048019362944896687,,-0.00039700399553070675,,-0.0011127563913192406,,,0.0009485792188295165,0.001780410226110785,-0.0006074890535286143,0.0013535282420725264,-0.0007766890248134296,0.0013456588918279188,,0.00062051830936837,-0.0002778551373282137,-0.0009076601152721648,0.0010666052045824978,4.186982187058631e-05
313,2026-07-31,BBD.B,CA0977518616,01407801C,0.0009295314433510121,0.0010196181911647667,,0.0010520605881563728,,0.001278747676212166,,,0.0005577188660106073,,,,0.0014199590760392762,0.0006888491946261965,,,0.0010866353492694932,,,,,0.001315075735195466,,-0.001315075735195466,-0.0004125727796691658,,,0.0013378805167306475,,0.0011630820572583016,0.0010666052045824978,,,,0.0011630820572583016,,0.0010969352104000098,,,,,,,,,0.0010917609877094435,0.00062051830936837,0.0010917609877094435,,,0.0002788815706415816
314,2026-07-31,BBVA,ES0113211835,01518103W,-0.00031619307294317216,-0.0003459691022337848,,-0.00035718106388025003,,-0.00043343320111311243,,,0.0005577188660106073,,,0.0023617686672898165,0.0014199590760392762,,0.001701862716135309,,,0.002183521975418887,0.0010332737919392947,,,,,,,,,,,,-0.000362211783089831,,-0.00048019362944896687,,,,,,,0.0009485792188295165,0.001780410226110785,,,,,,,,,,0.00022646747783203143
315,2026-07-31,BBY,US0865161014,00218401,,,,,,-0.00043343320111311243,,,,-0.0008092773755049022,0.001377698389252393,-0.0023861167978804334,-0.0007301366857867572,,,0.001881734385320342,0.0010866353492694932,-0.0007099795380196381,,-0.0011689562090626366,,0.001315075735195466,,0.001315075735195466,-0.0004125727796691658,-0.005645203155961025,-0.005645203155961025,0.0013378805167306475,,0.0011630820572583016,-0.000362211783089831,-0.0006747910477970904,,-0.0013301915482436897,0.0011630820572583016,-0.0031277476945189464,0.0010969352104000098,,,,,,,,,0.0010917609877094435,,-0.0002778551373282137,,0.0010666052045824978,-5.967814992387345e-05
316,2026-07-31,BCE,CA05534B7604,00213701C,-0.00031619307294317216,,,,-0.0005445960691632988,,,0.001701862716135309,,,,,,,,,-0.0005497703786090309,,,,-0.0007926483883369932,,,,,-0.005645203155961025,,,,,0.0010666052045824978,,-0.00048019362944896687,,,,,,,,,,,,,-0.00037032532703104327,-0.00062051830936837,-0.0002778551373282137,,,-3.6770233745048045e-05
317,2026-07-31,BCP,PTBCP0AM0015,02384802W,0.0009295314433510121,,,,,-0.00043343320111311243,,0.001701862716135309,0.0005577188660106073,,,-0.0023861167978804334,0.0014199590760392762,,0.001701862716135309,,,0.002183521975418887,,,0.0015638738472594732,,0.002269150288180412,,,,,,,,-0.000362211783089831,,,0.0026005992066786745,,,,,,,0.001780410226110785,0.0011808843336449082,,,,,,,-0.0009076601152721648,,0.00016983802545870988
318,2026-07-31,BCVN,CH0531751755,01553102W,,,,,,,,,0.0005577188660106073,,,,,,,,,0.002183521975418887,0.0010332737919392947,,0.0015638738472594732,,0.002269150288180412,,,,,,,,-0.000362211783089831,,-0.00048019362944896687,-0.0013301915482436897,,,,,,,-0.001780410226110785,,,-0.0007766890248134296,-0.0013456588918279188,,,,-0.0009076601152721648,,2.604701822285195e-05
319,2026-07-31,BDX,US0758871091,00211101,-0.00031619307294317216,-0.0003459691022337848,,,-0.0005445960691632988,,-0.002630151470390932,,0.0005577188660106073,-0.0008092773755049022,,,,0.0006888491946261965,0.001701862716135309,-0.00047820935825289675,,,,,,-0.001315075735195466,,,,,,-0.0003434025658670653,,-0.00039295981221460445,-0.000362211783089831,-0.0006747910477970904,,,,0.0031277476945189464,,,-0.0013942971650265183,,,-0.0006074890535286143,,,,,-0.00062051830936837,-0.0002778551373282137,,,-0.00010602485002083848
320,2026-07-31,BE,US0937121079,03366801,0.0009295314433510121,0.0010196181911647667,0.0022916171227168516,0.0010520605881563728,,,,,0.0005577188660106073,,,,0.0014199590760392762,0.0006888491946261965,,,0.0010866353492694932,,,,,,,0.001315075735195466,0.0016185547510098044,,,0.0013378805167306475,0.0030860443919253607,-0.00039295981221460445,-0.000362211783089831,,-0.00048019362944896687,,-0.00039700399553070675,,,0.0032599060478084793,0.0026913177836558376,-0.0009524828370140001,,,-0.001361490172908247,-0.0007766890248134296,-0.0013456588918279188,-0.00037032532703104327,0.00062051830936837,-0.0002778551373282137,,0.0010666052045824978,0.0002468475844602322
321,2026-07-31,BEAN,CH1101098163,21177301W,-0.00031619307294317216,-0.0003459691022337848,,-0.00035718106388025003,-0.0005445960691632988,-0.00043343320111311243,,,-0.0016532380671028715,,,,-0.0007301366857867572,,,,-0.0005497703786090309,,,,,,,,-0.0004125727796691658,,,-0.0003434025658670653,,-0.00039295981221460445,-0.000362211783089831,,,,-0.00039700399553070675,,,,,-0.0009524828370140001,,-0.0006074890535286143,-0.001361490172908247,-0.0007766890248134296,-0.0013456588918279188,-0.00037032532703104327,-0.00062051830936837,-0.0002778551373282137,,-0.0010666052045824978,-0.00021221784094426543
322,2026-07-31,BEI,DE0005200000,10008301W,-0.00031619307294317216,-0.0003459691022337848,,,-0.0005445960691632988,,,,,,-0.0013859480802060002,,,,-0.000863631826098515,-0.00047820935825289675,-0.0005497703786090309,,0.0010332737919392947,,-0.0007926483883369932,,-0.0023145332939440203,-0.001315075735195466,,,,-0.0003434025658670653,,-0.00039295981221460445,-0.000362211783089831,,-0.00048019362944896687,,-0.00039700399553070675,,-0.0011127563913192406,,,,,-0.0006074890535286143,,,,-0.00037032532703104327,0.00062051830936837,-0.0002778551373282137,,-0.0010666052045824978,-0.00031698841357179214
323,2026-07-31,BEIJ B,SE0015949748,10321902W,-0.00031619307294317216,-0.0003459691022337848,,-0.00035718106388025003,-0.0005445960691632988,-0.00043343320111311243,,,0.0005577188660106073,,,,-0.0007301366857867572,0.0006888491946261965,,,-0.0005497703786090309,,,,,,,,-0.0004125727796691658,,,0.0013378805167306475,,-0.00039295981221460445,-0.000362211783089831,,-0.00048019362944896687,,0.0011630820572583016,,0.0010969352104000098,,,-0.0009524828370140001,,-0.0006074890535286143,,-0.0007766890248134296,,-0.00037032532703104327,,0.0010917609877094435,,,1.138376259476066e-05
324,2026-07-31,BEPC,CA11285B1085,03679001,-0.00031619307294317216,-0.0003459691022337848,-0.0011869401507405232,-0.00035718106388025003,,,,-0.000580083532316797,0.0005577188660106073,,,,,0.0006888491946261965,,-0.00047820935825289675,0.0010866353492694932,,,,,-0.001315075735195466,,-0.001315075735195466,-0.0004125727796691658,-0.005645203155961025,-0.005645203155961025,,-0.0031277476945189464,-0.00039295981221460445,,-0.0006747910477970904,-0.00048019362944896687,,,,,,,,-0.001780410226110785,,0.0013535282420725264,,,-0.00037032532703104327,,-0.0002778551373282137,-0.0009076601152721648,0.0010666052045824978,-0.0002753512889237671
325,2026-07-31,BESI,NL0012866412,06181401W,,0.0010196181911647667,,,,-0.00043343320111311243,,-0.000580083532316797,,-0.0008092773755049022,-0.0013859480802060002,,-0.0007301366857867572,,,-0.00047820935825289675,,,,-0.0011689562090626366,,,,,-0.0004125727796691658,,,-0.0003434025658670653,,-0.00039295981221460445,-0.000362211783089831,,-0.00048019362944896687,,-0.00039700399553070675,,-0.0011127563913192406,,,-0.0009524828370140001,,,,,,,,,,,-0.00020289986580725476
326,2026-07-31,BG,AT0000BAWAG2,32571101W,-0.00031619307294317216,-0.0003459691022337848,,-0.00035718106388025003,0.0010617125201578075,,,,0.0005577188660106073,,,,,,,,,0.002183521975418887,0.0010332737919392947,,,,,,,,,,,,-0.000362211783089831,,,,,,,,,,,0.0011808843336449082,,,-0.0013456588918279188,,,,-0.0009076601152721648,,3.523151752995162e-05
327,2026-07-31,BG,CH1300646267,14443501,0.0009295314433510121,0.0010196181911647667,0.0022916171227168516,,,,,,,,,,-0.0007301366857867572,0.0006888491946261965,-0.000863631826098515,-0.00047820935825289675,-0.0005497703786090309,,,,-0.0007926483883369932,0.001315075735195466,,,,,,-0.0003434025658670653,,-0.00039295981221460445,-0.000362211783089831,,0.0009524828370140001,,-0.00039700399553070675,0.0031277476945189464,,,-0.0013942971650265183,,,,0.0013535282420725264,,0.0013456588918279188,-0.00037032532703104327,0.00062051830936837,-0.0002778551373282137,0.0018082291358937658,,0.00022812164828973688
328,2026-07-31,BHP,AU000000BHP4,01331201W,-0.00031619307294317216,-0.0003459691022337848,,-0.00035718106388025003,,-0.00043343320111311243,,-0.000580083532316797,,,,,-0.0007301366857867572,,-0.000863631826098515,-0.00047820935825289675,-0.0005497703786090309,0.002183521975418887,,,0.0015638738472594732,,,,-0.0004125727796691658,,,-0.0003434025658670653,,-0.00039295981221460445,-0.000362211783089831,,-0.00048019362944896687,,-0.00039700399553070675,,,,,0.0009485792188295165,0.001780410226110785,,,,,,,-0.0002778551373282137,,,3.837939761746196e-06
329,2026-07-31,BIIB,US09062X1037,02446801,0.0009295314433510121,-0.0003459691022337848,-0.0011869401507405232,-0.00035718106388025003,-0.0005445960691632988,,-0.002630151470390932,,0.0005577188660106073,-0.0008092773755049022,,,,0.0006888491946261965,,-0.00047820935825289675,,,,,-0.0007926483883369932,-0.001315075735195466,-0.0023145332939440203,-0.001315075735195466,,,,-0.0003434025658670653,,-0.00039295981221460445,-0.000362211783089831,-0.0006747910477970904,-0.00048019362944896687,,-0.00039700399553070675,,,,-0.0013942971650265183,,,-0.0006074890535286143,,0.0015430221959626803,,,0.00062051830936837,0.0010917609877094435,0.0018082291358937658,,-0.00019747416126921513
330,2026-07-31,BIM,FR0013280286,27057801W,-0.00031619307294317216,-0.0003459691022337848,,-0.00035718106388025003,,,,,-0.0016532380671028715,-0.0008092773755049022,,,,-0.00204825955216285,,-0.00047820935825289675,,,,,-0.0007926483883369932,,,,,,,-0.0003434025658670653,,,-0.000362211783089831,-0.0006747910477970904,-0.00048019362944896687,,0.0011630820572583016,0.0031277476945189464,,,,-0.0009524828370140001,0.001780410226110785,,,,,0.0010917609877094435,0.00062051830936837,-0.0002778551373282137,0.0018082291358937658,-0.0010666052045824978,0.00011564792892015399
331,2026-07-31,BIRG,IE00BD1RP616,06359001W,,,,,,0.001278747676212166,,,0.0005577188660106073,,,,,,,,,0.002183521975418887,0.0010332737919392947,,0.0015638738472594732,,,,,,,,,,-0.000362211783089831,,-0.00048019362944896687,-0.0013301915482436897,,,,,,,,,,,,,,,,,9.298630084982471e-05
332,2026-07-31,BK,US0640581007,00201901,0.0009295314433510121,0.0010196181911647667,0.0022916171227168516,0.0010520605881563728,,0.001278747676212166,,0.001701862716135309,,,,,-0.0007301366857867572,,0.001701862716135309,,0.0010866353492694932,-0.0007099795380196381,0.0010332737919392947,,,,,,,,,,,-0.00039295981221460445,,-0.0006747910477970904,,,-0.00039700399553070675,,,-0.0016771980390898698,0.0026913177836558376,,,,,-0.0007766890248134296,,-0.00037032532703104327,-0.00062051830936837,-0.0002778551373282137,-0.0009076601152721648,,2.621230806998673e-05
333,2026-07-31,BKNG,US09857L1089,11931401,-0.00031619307294317216,-0.0003459691022337848,-0.0011869401507405232,-0.00035718106388025003,,-0.00043343320111311243,0.0026005992066786745,-0.000580083532316797,,0.0031705935533479727,,,,,,0.001881734385320342,-0.0005497703786090309,0.002183521975418887,,0.004538300576360824,0.0015638738472594732,0.001315075735195466,,-0.001315075735195466,-0.0004125727796691658,,,-0.0003434025658670653,0.0030860443919253607,,,-0.0006747910477970904,,,-0.00039700399553070675,,,,,,,,,,,,,0.0010917609877094435,,,0.0002930736064937725
334,2026-07-31,BKR,US05722G1004,03210601,-0.00031619307294317216,,-0.0011869401507405232,-0.00035718106388025003,-0.0005445960691632988,-0.00043343320111311243,,0.001701862716135309,0.0005577188660106073,,-0.0013859480802060002,,0.0014199590760392762,0.0006888491946261965,,,-0.0005497703786090309,,0.0010332737919392947,,,,,,-0.0004125727796691658,,,-0.0003434025658670653,,,,,,,,,,,,,,,,,,-0.00037032532703104327,0.00062051830936837,-0.0002778551373282137,-0.0009076601152721648,,-1.4976931226523107e-05
335,2026-07-31,BKT,ES0113679I37,01584601W,,-0.0003459691022337848,,-0.00035718106388025003,,-0.00043343320111311243,,-0.000580083532316797,0.0005577188660106073,,,-0.0023861167978804334,0.0014199590760392762,,0.001701862716135309,,,0.002183521975418887,0.0010332737919392947,,0.0015638738472594732,,0.002269150288180412,,,,,,,,-0.000362211783089831,,-0.00048019362944896687,,,,,,,,,,,,,,,,,0.0010666052045824978,4.708867486134468e-05
336,2026-07-31,BKW,CH0130293662,10289002W,-0.00031619307294317216,0.0010196181911647667,,0.0010520605881563728,0.0010617125201578075,,,-0.000580083532316797,0.0005577188660106073,,-0.0013859480802060002,,,0.0006888491946261965,,-0.00047820935825289675,0.0010866353492694932,,,,,,,,-0.0004125727796691658,,,,,-0.00039295981221460445,,-0.0006747910477970904,-0.00048019362944896687,,,,,,,-0.0009524828370140001,,0.0011808843336449082,,,,,0.00062051830936837,0.0010917609877094435,0.0018082291358937658,-0.0010666052045824978,0.00010516276354250224
337,2026-07-31,BLK,US09290D1019,12443401,-0.00031619307294317216,-0.0003459691022337848,-0.0011869401507405232,-0.00035718106388025003,,,,0.001701862716135309,,,,,-0.0007301366857867572,,-0.000863631826098515,,,-0.0007099795380196381,0.0010332737919392947,,-0.0007926483883369932,,,,,,,,,-0.00039295981221460445,-0.000362211783089831,-0.0006747910477970904,,,-0.00039700399553070675,,,-0.0016771980390898698,0.0026913177836558376,,-0.001780410226110785,-0.0006074890535286143,,-0.0007766890248134296,-0.0013456588918279188,-0.00037032532703104327,-0.00062051830936837,-0.0002778551373282137,-0.0009076601152721648,-0.0010666052045824978,-0.00019604233529231497
338,2026-07-31,BMED,IT0004776628,21295501W,-0.00031619307294317216,,,-0.00035718106388025003,-0.0005445960691632988,,,,0.0005577188660106073,,,,,,0.001701862716135309,,,-0.0007099795380196381,0.0010332737919392947,,,,,,,,,,,-0.00039295981221460445,-0.000362211783089831,-0.0006747910477970904,-0.00048019362944896687,0.0026005992066786745,-0.00039700399553070675,,-0.0011127563913192406,,,,,-0.0006074890535286143,,,-0.0013456588918279188,-0.00037032532703104327,-0.00062051830936837,-0.0002778551373282137,,0.0010666052045824978,-5.150469083397431e-05
339,2026-07-31,BMO,CA0636711016,01558001C,-0.00031619307294317216,,,,,-0.00043343320111311243,,,0.0005577188660106073,,-0.0013859480802060002,,,,,,-0.0005497703786090309,-0.0007099795380196381,0.0010332737919392947,,,,,,,,,,,,-0.000362211783089831,,-0.00048019362944896687,-0.0013301915482436897,,,,,,0.0009485792188295165,,,,-0.0007766890248134296,,,,,,,-6.141836710587456e-05
340,2026-07-31,BMPS,IT0005508921,02458401W,-0.00031619307294317216,-0.0003459691022337848,,-0.00035718106388025003,,0.001278747676212166,,,0.0005577188660106073,,,,,,0.001701862716135309,,,0.002183521975418887,,,,,,,,,,,,,-0.000362211783089831,,-0.00048019362944896687,0.0026005992066786745,,,,,,,,,,0.0015430221959626803,,,,,-0.0009076601152721648,,0.00012688253323045408
341,2026-07-31,BMW,DE0005190003,10002201W,-0.00031619307294317216,-0.0003459691022337848,,-0.00035718106388025003,-0.0005445960691632988,0.001278747676212166,,,,-0.0008092773755049022,,,,,-0.000863631826098515,-0.00047820935825289675,-0.0005497703786090309,-0.0007099795380196381,,-0.0011689562090626366,,,,-0.001315075735195466,-0.0004125727796691658,,,-0.0003434025658670653,,0.0011630820572583016,,-0.0006747910477970904,-0.00048019362944896687,-0.0013301915482436897,0.0011630820572583016,-0.0031277476945189464,0.0010969352104000098,,,0.0009485792188295165,,,0.0013535282420725264,,,-0.00037032532703104327,,-0.0002778551373282137,,,-0.0001665552132347233
342,2026-07-31,BMY,US1101221083,00240301,,-0.0003459691022337848,,,-0.0005445960691632988,,-0.002630151470390932,,0.0005577188660106073,-0.0008092773755049022,,,,0.0006888491946261965,,-0.00047820935825289675,0.0010866353492694932,,,,,,,0.001315075735195466,,,,-0.0003434025658670653,,-0.00039295981221460445,,-0.0006747910477970904,-0.00048019362944896687,,-0.00039700399553070675,,-0.0011127563913192406,,,0.0009485792188295165,0.001780410226110785,-0.0006074890535286143,,0.0015430221959626803,,0.0010917609877094435,0.00062051830936837,-0.0002778551373282137,-0.0009076601152721648,0.0010666052045824978,-7.909891795883056e-06
343,2026-07-31,BN,CA11271J1075,00236901C,,,,,,,,,-0.0016532380671028715,,,,-0.0007301366857867572,,0.001701862716135309,,,-0.0007099795380196381,-0.0030454385446631845,,,,,,,,,,,-0.00039295981221460445,-0.000362211783089831,-0.0006747910477970904,-0.00048019362944896687,,,,,,,,-0.001780410226110785,,,-0.0007766890248134296,0.0013456588918279188,-0.00037032532703104327,-0.00062051830936837,-0.0002778551373282137,-0.0009076601152721648,,-0.0001582592344139753
344,2026-07-31,BN,FR0000120644,01745202W,-0.00031619307294317216,-0.0003459691022337848,,,-0.0005445960691632988,,,,,,,,-0.0007301366857867572,,-0.000863631826098515,-0.00047820935825289675,,,0.0010332737919392947,,,,,,,,,-0.0003434025658670653,,-0.00039295981221460445,-0.000362211783089831,,-0.00048019362944896687,,-0.00039700399553070675,,,,,,,-0.0006074890535286143,,-0.0007766890248134296,,-0.00037032532703104327,0.00062051830936837,-0.0002778551373282137,-0.0009076601152721648,,-0.00011447719363401398
345,2026-07-31,BN4,SG1U68934629,10007601W,-0.00031619307294317216,-0.0003459691022337848,,-0.00035718106388025003,-0.0005445960691632988,-0.00043343320111311243,,,0.0005577188660106073,,,,0.0014199590760392762,-0.00204825955216285,,,,,,,,-0.001315075735195466,,-0.001315075735195466,-0.0004125727796691658,,,,,0.0011630820572583016,0.0010666052045824978,,-0.00048019362944896687,,0.0011630820572583016,,0.0010969352104000098,,,,,-0.0006074890535286143,,,,-0.00037032532703104327,0.00062051830936837,-0.0002778551373282137,,,-3.2455509276305026e-05
346,2026-07-31,BNP,FR0000131104,01553204W,-0.00031619307294317216,-0.0003459691022337848,,-0.00035718106388025003,,,,,0.0005577188660106073,,,,,,,,,0.002183521975418887,0.0010332737919392947,,0.0015638738472594732,,,,,,,,,,-0.000362211783089831,,,0.0026005992066786745,,,,,,0.0009485792188295165,0.001780410226110785,0.0011808843336449082,0.0013535282420725264,0.0015430221959626803,,,,,0.0018082291358937658,0.0010666052045824978,0.00037057675911331286
347,2026-07-31,BNR,DE000A1DAHH0,26983501W,-0.00031619307294317216,0.0010196181911647667,,0.0010520605881563728,0.0010617125201578075,-0.00043343320111311243,,,0.0005577188660106073,,,,,0.0006888491946261965,,,0.0010866353492694932,,,,,0.001315075735195466,,0.001315075735195466,-0.0004125727796691658,,,-0.0003434025658670653,,-0.00039295981221460445,-0.000362211783089831,,-0.00048019362944896687,,,,,,,,,,,-0.0007766890248134296,0.0013456588918279188,0.0010917609877094435,0.00062051830936837,0.0010917609877094435,,,0.00023056171362660364
348,2026-07-31,BNS,CA0641491075,01558201C,-0.00031619307294317216,-0.0003459691022337848,,-0.00035718106388025003,,-0.00043343320111311243,,,0.0005577188660106073,,-0.0013859480802060002,0.0023617686672898165,,,,,,-0.0007099795380196381,0.0010332737919392947,,,,,,,,,,,,-0.000362211783089831,,-0.00048019362944896687,-0.0013301915482436897,,,,,,0.0009485792188295165,,,,-0.0007766890248134296,,,,,,,5.316953340236909e-05
349,2026-07-31,BNZL,GB00B0744B38,10009501W,,-0.0003459691022337848,,-0.00035718106388025003,-0.0005445960691632988,-0.00043343320111311243,,,0.0005577188660106073,,,,0.0014199590760392762,0.0006888491946261965,,,0.0010866353492694932,,,,,0.001315075735195466,,0.001315075735195466,-0.0004125727796691658,,,-0.0003434025658670653,,-0.00039295981221460445,-0.000362211783089831,,,,-0.00039700399553070675,,,,,,,-0.0006074890535286143,,,0.0013456588918279188,0.0010917609877094435,,0.0010917609877094435,,,0.00015622994872297526
350,2026-07-31,BOL,FR0000039299,10289201W,-0.00031619307294317216,,,,,0.001278747676212166,,-0.000580083532316797,,,,,,,-0.000863631826098515,,,,,,-0.0007926483883369932,,,,,,,,,,,,-0.00048019362944896687,,,,,,,,,,,,,-0.00037032532703104327,0.00062051830936837,-0.0002778551373282137,,,-3.258660037149191e-05
351,2026-07-31,BOL,SE0020050417,06489402W,-0.00031619307294317216,-0.0003459691022337848,,-0.00035718106388025003,,0.001278747676212166,,-0.000580083532316797,,,,,-0.0007301366857867572,,,0.001881734385320342,-0.0005497703786090309,-0.0007099795380196381,,,,,,,-0.0004125727796691658,,,0.0013378805167306475,,,-0.000362211783089831,,,,0.0011630820572583016,,0.0010969352104000098,,,,,0.0011808843336449082,,,,0.0010917609877094435,0.00062051830936837,0.0010917609877094435,,,0.00019266516063939793
352,2026-07-31,BP.,GB0007980591,00241001W,-0.00031619307294317216,,,,0.0010617125201578075,-0.00043343320111311243,,0.001701862716135309,0.0005577188660106073,,,,-0.0007301366857867572,0.0006888491946261965,,,0.0010866353492694932,,,,,0.001315075735195466,,0.001315075735195466,0.0016185547510098044,,,-0.0003434025658670653,,,,,,,,,,,,,,-0.0006074890535286143,0.0013535282420725264,,0.0013456588918279188,0.0010917609877094435,0.00062051830936837,0.0010917609877094435,-0.0009076601152721648,0.0010666052045824978,0.0003174847816955534
353,2026-07-31,BPE,IT0000066123,20064701W,,-0.0003459691022337848,,-0.00035718106388025003,-0.0005445960691632988,0.001278747676212166,,,,,,,,,0.001701862716135309,,,0.002183521975418887,0.0010332737919392947,,,,,,,,,,,,-0.000362211783089831,,-0.00048019362944896687,0.0026005992066786745,,,,,,,,,,,,,,,,,0.00014475891876479725
354,2026-07-31,BR,US11133T1034,17692801,-0.00031619307294317216,-0.0003459691022337848,-0.0011869401507405232,-0.00035718106388025003,,-0.00043343320111311243,,,0.0005577188660106073,,,,,0.0006888491946261965,,,,,,,,,,,-0.0004125727796691658,,,-0.0003434025658670653,,0.0011630820572583016,0.0010666052045824978,,,,,,,,0.0026913177836558376,,,,,0.0015430221959626803,,,-0.00062051830936837,0.0010917609877094435,,,6.917445938061527e-05
355,2026-07-31,BRKB,US0846707026,00217602,-0.00031619307294317216,-0.0003459691022337848,,-0.00035718106388025003,,,,-0.000580083532316797,-0.0016532380671028715,,,-0.0023861167978804334,-0.0007301366857867572,,,,-0.0005497703786090309,-0.0007099795380196381,-0.0030454385446631845,,-0.0007926483883369932,,,,,,,,,-0.00039295981221460445,-0.000362211783089831,0.002630151470390932,-0.00048019362944896687,,,,,,,0.0009485792188295165,,,,,,-0.00037032532703104327,0.00062051830936837,-0.0002778551373282137,,-0.0010666052045824978,-0.00021761374678862174
356,2026-07-31,BRO,US1152361010,01541701,-0.00031619307294317216,-0.0003459691022337848,-0.0011869401507405232,-0.00035718106388025003,-0.0005445960691632988,-0.00043343320111311243,-0.002630151470390932,-0.000580083532316797,,,,0.0023617686672898165,,,-0.000863631826098515,,-0.0005497703786090309,-0.0007099795380196381,,,-0.0007926483883369932,,,,,,,,,-0.00039295981221460445,-0.000362211783089831,-0.0006747910477970904,,,-0.00039700399553070675,,,,-0.0013942971650265183,-0.0009524828370140001,,-0.0006074890535286143,,,,-0.00037032532703104327,-0.00062051830936837,-0.0002778551373282137,-0.0009076601152721648,-0.0010666052045824978,-0.00018584439330968203
357,2026-07-31,BS6,SG1U76934819,28437501W,0.0009295314433510121,-0.0003459691022337848,,,0.0010617125201578075,0.001278747676212166,,,,,,,-0.0007301366857867572,,,,-0.0005497703786090309,,,,,,,-0.001315075735195466,0.0016185547510098044,,,-0.0003434025658670653,,0.0011630820572583016,0.0010666052045824978,,,,-0.00039700399553070675,,-0.0011127563913192406,,,,,0.0011808843336449082,,0.0015430221959626803,,0.0010917609877094435,0.00062051830936837,-0.0002778551373282137,,-0.0010666052045824978,4.331404791972656e-05
358,2026-07-31,BSX,US1011371077,02527901,-0.00031619307294317216,-0.0003459691022337848,-0.0011869401507405232,-0.00035718106388025003,0.0010617125201578075,,0.0026005992066786745,,0.0005577188660106073,-0.0008092773755049022,,,,0.0006888491946261965,,-0.00047820935825289675,-0.0005497703786090309,,,,,,,,,,,-0.0003434025658670653,,0.0011630820572583016,0.0010666052045824978,0.002630151470390932,,,,0.0031277476945189464,,,0.0026913177836558376,,,0.0011808843336449082,,0.0015430221959626803,,-0.00037032532703104327,-0.00062051830936837,-0.0002778551373282137,-0.0009076601152721648,,0.00020000973434554018
359,2026-07-31,BT.A,GB0030913577,00241101W,-0.00031619307294317216,-0.0003459691022337848,,-0.00035718106388025003,-0.0005445960691632988,-0.00043343320111311243,,-0.000580083532316797,,,,,,,0.001701862716135309,,,,,,,,,,,,,,,,-0.000362211783089831,,-0.00048019362944896687,,,,,,,,,,,,,0.0010917609877094435,,-0.0002778551373282137,,,-3.1268100704559e-05
360,2026-07-31,BURL,US1220171060,01867501,0.0009295314433510121,0.0010196181911647667,,0.0010520605881563728,,-0.00043343320111311243,,,,-0.0008092773755049022,0.001377698389252393,,,,0.001701862716135309,-0.00047820935825289675,,-0.0007099795380196381,,-0.0011689562090626366,,,,0.001315075735195466,0.0016185547510098044,,,-0.0003434025658670653,,,,-0.0006747910477970904,,,0.0011630820572583016,,0.0010969352104000098,0.0032599060478084793,,,,,,,,-0.00037032532703104327,,-0.0002778551373282137,,0.0010666052045824978,0.0002349087140801458
361,2026-07-31,BVI,FR0006174348,28696101W,-0.00031619307294317216,-0.0003459691022337848,,-0.00035718106388025003,,-0.00043343320111311243,,,0.0005577188660106073,,,,,0.0006888491946261965,,,0.0010866353492694932,,,,,,,0.001315075735195466,-0.0004125727796691658,,,-0.0003434025658670653,,-0.00039295981221460445,-0.000362211783089831,,,,-0.00039700399553070675,,,,,,,,,,,0.0010917609877094435,0.00062051830936837,-0.0002778551373282137,,0.0010666052045824978,0.00010495781828383258
362,2026-07-31,BX,US09260D1072,17708801,-0.00031619307294317216,-0.0003459691022337848,-0.0011869401507405232,-0.00035718106388025003,,-0.00043343320111311243,,-0.000580083532316797,,,,-0.0023861167978804334,,,-0.000863631826098515,,,-0.0007099795380196381,,,,,,,,,,,,-0.00039295981221460445,-0.000362211783089831,-0.0006747910477970904,,,-0.00039700399553070675,,,-0.0016771980390898698,-0.0013942971650265183,,,-0.0006074890535286143,,-0.0007766890248134296,-0.0013456588918279188,-0.00037032532703104327,-0.00062051830936837,-0.0002778551373282137,-0.0009076601152721648,,-0.00035351533974358764
363,2026-07-31,BXB,AU000000BXB1,10046101W,-0.00031619307294317216,-0.0003459691022337848,,-0.00035718106388025003,,0.001278747676212166,,,-0.0016532380671028715,,,,,-0.00204825955216285,,,0.0010866353492694932,,,,,,,,-0.0004125727796691658,,,-0.0003434025658670653,,,,,-0.00048019362944896687,,,,,,,,,,,,,0.0010917609877094435,-0.00062051830936837,-0.0002778551373282137,,,3.1946075961930412e-06
364,2026-07-31,BZU,IT0001347308,10231703W,,,,,-0.0005445960691632988,0.001278747676212166,,,,,,,-0.0007301366857867572,,,-0.00047820935825289675,-0.0005497703786090309,-0.0007099795380196381,,,-0.0007926483883369932,,,,-0.0004125727796691658,,,-0.0003434025658670653,,-0.00039295981221460445,-0.000362211783089831,,,,-0.00039700399553070675,,,,,,0.001780410226110785,,,,,0.0010917609877094435,0.00062051830936837,0.0010917609877094435,0.0018082291358937658,,0.0001222068553416605
365,2026-07-31,C,US1729674242,00324301,0.0009295314433510121,0.0010196181911647667,0.0022916171227168516,0.0010520605881563728,0.0010617125201578075,0.001278747676212166,0.0026005992066786745,0.001701862716135309,,,-0.0013859480802060002,,,,,,,-0.0007099795380196381,0.0010332737919392947,,,,,,,,,,,,,,,,,,,,0.0026913177836558376,0.0009485792188295165,,0.0011808843336449082,,,0.0013456588918279188,,,,,,0.000307718443109035
366,2026-07-31,C38U,SG1M51904654,25511801W,,,,,,,,,,,,,,,,,,,0.0010332737919392947,,,-0.001315075735195466,,,,,,-0.0003434025658670653,,,,,-0.00048019362944896687,-0.0013301915482436897,,,,,,,,,-0.001361490172908247,,-0.0013456588918279188,-0.00037032532703104327,-0.00062051830936837,-0.0002778551373282137,,,-0.00016621917745248294
367,2026-07-31,C6L,SG1V61937297,10071301W,-0.00031619307294317216,-0.0003459691022337848,,-0.00035718106388025003,,0.001278747676212166,,,-0.0016532380671028715,,,,,-0.00204825955216285,,,0.0010866353492694932,,,,,,,,0.0016185547510098044,,,-0.0003434025658670653,,-0.00039295981221460445,-0.000362211783089831,,-0.00048019362944896687,,-0.00039700399553070675,,,,,,,0.0011808843336449082,0.0013535282420725264,,,0.0010917609877094435,0.00062051830936837,0.0010917609877094435,,,0.00012497463430799792
368,2026-07-31,CA,FR0000120172,10034601W,-0.00031619307294317216,0.0010196181911647667,,,,,,,,,,,,0.0006888491946261965,,-0.00047820935825289675,0.0010866353492694932,,0.0010332737919392947,,,0.001315075735195466,,0.001315075735195466,,,,-0.0003434025658670653,,-0.00039295981221460445,-0.000362211783089831,,-0.00048019362944896687,,-0.00039700399553070675,-0.0031277476945189464,-0.0011127563913192406,,,0.0009485792188295165,0.001780410226110785,0.0011808843336449082,0.0013535282420725264,0.0015430221959626803,0.0013456588918279188,0.0010917609877094435,0.00062051830936837,0.0010917609877094435,0.0018082291358937658,0.0010666052045824978,0.00030420446209195176
369,2026-07-31,CABK,ES0140609019,28687901W,0.0009295314433510121,,,,,,,,0.0005577188660106073,,,-0.0023861167978804334,0.0014199590760392762,,,,,0.002183521975418887,0.0010332737919392947,,0.0015638738472594732,,0.002269150288180412,,,,,,,,-0.000362211783089831,,-0.00048019362944896687,-0.0013301915482436897,,,,,,0.0009485792188295165,,,,,-0.0013456588918279188,,,,,,-3.974497134763594e-06
370,2026-07-31,CAE,CA1247651088,00252601C,-0.00031619307294317216,-0.0003459691022337848,,-0.00035718106388025003,-0.0005445960691632988,-0.00043343320111311243,,,0.0005577188660106073,,,,0.0014199590760392762,,,,,,,,,-0.001315075735195466,,-0.001315075735195466,-0.0004125727796691658,,,-0.0003434025658670653,,-0.00039295981221460445,-0.000362211783089831,,,,-0.00039700399553070675,,-0.0011127563913192406,,,,,-0.0006074890535286143,,,,-0.00037032532703104327,,-0.0002778551373282137,,,-0.00017978119895210144
371,2026-07-31,CAH,US14149Y1082,00275101,0.0009295314433510121,0.0010196181911647667,0.0022916171227168516,0.0010520605881563728,0.0010617125201578075,,,,0.0005577188660106073,-0.0008092773755049022,,,,0.0006888491946261965,0.001701862716135309,0.001881734385320342,-0.0005497703786090309,,,,0.0015638738472594732,0.001315075735195466,0.002269150288180412,-0.001315075735195466,,,,0.0013378805167306475,-0.0031277476945189464,-0.00039295981221460445,-0.000362211783089831,-0.0006747910477970904,0.0009524828370140001,,0.0011630820572583016,,0.0010969352104000098,,,,,,0.0013535282420725264,,0.0013456588918279188,0.0010917609877094435,0.00062051830936837,0.0010917609877094435,-0.0009076601152721648,,0.0003588289444741265
372,2026-07-31,CAP,FR0000125338,10194402W,-0.00031619307294317216,-0.0003459691022337848,,-0.00035718106388025003,,-0.00043343320111311243,,-0.000580083532316797,,-0.0008092773755049022,-0.0013859480802060002,,,,,-0.00047820935825289675,,,,-0.0011689562090626366,,,,,-0.0004125727796691658,,,-0.0003434025658670653,,-0.00039295981221460445,-0.000362211783089831,,,,-0.00039700399553070675,,-0.0011127563913192406,,,,,0.0011808843336449082,,,,,,,,,-0.0001639987162699752
373,2026-07-31,CAR,AU000000CAR3,29273401W,-0.00031619307294317216,-0.0003459691022337848,,-0.00035718106388025003,-0.0005445960691632988,,,-0.000580083532316797,,,,,,,,,,,,,-0.0007926483883369932,,,,,,,,,,-0.000362211783089831,,-0.00048019362944896687,,,,,,,-0.0009524828370140001,,,,,,-0.00037032532703104327,-0.00062051830936837,-0.0002778551373282137,,,-0.00014502033424331729
374,2026-07-31,CARL B,DK0010181759,10113005W,-0.00031619307294317216,-0.0003459691022337848,,,0.0010617125201578075,,,,,,,,-0.0007301366857867572,-0.00204825955216285,-0.000863631826098515,-0.00047820935825289675,-0.0005497703786090309,,0.0010332737919392947,,0.0015638738472594732,,0.002269150288180412,,,,,-0.0003434025658670653,,-0.00039295981221460445,-0.000362211783089831,,0.0009524828370140001,,-0.00039700399553070675,-0.0031277476945189464,,,,,0.001780410226110785,,,,,-0.00037032532703104327,,-0.0002778551373282137,,0.0010666052045824978,4.305999971086692e-05
375,2026-07-31,CARR,US14448C1045,03619101,-0.00031619307294317216,-0.0003459691022337848,-0.0011869401507405232,-0.00035718106388025003,-0.0005445960691632988,,,,0.0005577188660106073,,,,,0.0006888491946261965,,,,,,,,,,,-0.0004125727796691658,,,-0.0003434025658670653,,-0.00039295981221460445,-0.000362211783089831,,-0.00048019362944896687,,0.0011630820572583016,,0.0010969352104000098,,,,,-0.0006074890535286143,,-0.0007766890248134296,,-0.00037032532703104327,-0.00062051830936837,-0.0002778551373282137,,,-4.417008878282128e-05
376,2026-07-31,CASY,US1475281036,00280701,0.0009295314433510121,0.0010196181911647667,,,,,,,,,0.001377698389252393,,-0.0007301366857867572,,0.001701862716135309,-0.00047820935825289675,-0.0005497703786090309,,0.0010332737919392947,,,,,,,0.005143407319875601,0.006612952268411486,-0.0003434025658670653,,-0.00039295981221460445,,,,,,,,,,-0.0009524828370140001,-0.001780410226110785,-0.0006074890535286143,-0.001361490172908247,-0.0007766890248134296,,-0.00037032532703104327,-0.00062051830936837,-0.0002778551373282137,-0.0009076601152721648,,-9.195112914899536e-05
377,2026-07-31,CAT,US1491231015,00281701,0.0009295314433510121,0.0010196181911647667,0.0022916171227168516,,-0.0005445960691632988,,,,,,,,,,,,-0.0005497703786090309,,,,,,,0.001315075735195466,-0.0004125727796691658,,,-0.0003434025658670653,,-0.00039295981221460445,-0.000362211783089831,,,,-0.00039700399553070675,,,-0.0016771980390898698,,0.0009485792188295165,,-0.0006074890535286143,,-0.0007766890248134296,-0.0013456588918279188,-0.00037032532703104327,-0.00062051830936837,-0.0002778551373282137,,0.0010666052045824978,-7.122763339097574e-05
378,2026-07-31,CB,CH0044328745,02803401,-0.00031619307294317216,-0.0003459691022337848,,-0.00035718106388025003,,-0.00043343320111311243,,-0.000580083532316797,0.0005577188660106073,,,,,,-0.000863631826098515,,-0.0005497703786090309,-0.0007099795380196381,,,-0.0007926483883369932,,,,,,,,,,0.0010666052045824978,-0.0006747910477970904,,-0.0013301915482436897,-0.00039700399553070675,,,,,,,,,,,,,-0.0002778551373282137,,,-0.00010795981478880052
379,2026-07-31,CBA,AU000000CBA7,02451201W,-0.00031619307294317216,-0.0003459691022337848,,-0.00035718106388025003,-0.0005445960691632988,-0.00043343320111311243,,-0.000580083532316797,0.0005577188660106073,,,-0.0023861167978804334,,,0.001701862716135309,,,0.002183521975418887,0.0010332737919392947,,0.0015638738472594732,,0.002269150288180412,,,,,,,,-0.000362211783089831,,-0.00048019362944896687,-0.0013301915482436897,,,,,,0.0009485792188295165,-0.001780410226110785,-0.0006074890535286143,,-0.0007766890248134296,-0.0013456588918279188,,,,-0.0009076601152721648,,-0.00010424105633561352
380,2026-07-31,CBK,DE000CBK1001,01557501W,-0.00031619307294317216,-0.0003459691022337848,,-0.00035718106388025003,0.0010617125201578075,-0.00043343320111311243,,,,,0.001377698389252393,,,,-0.000863631826098515,,,0.002183521975418887,0.0010332737919392947,,-0.0007926483883369932,,,,,,,,,,-0.000362211783089831,,,0.0026005992066786745,,,,,,,,0.0011808843336449082,,,,,,,-0.0009076601152721648,,0.00010813292801378156
381,2026-07-31,CBOE,US12503M1080,18450001,0.0009295314433510121,0.0010196181911647667,0.0022916171227168516,0.0010520605881563728,,-0.00043343320111311243,,0.001701862716135309,-0.0016532380671028715,,,-0.0023861167978804334,,,0.001701862716135309,,0.0010866353492694932,-0.0007099795380196381,-0.0030454385446631845,,,,,,,,,,,,,-0.0006747910477970904,,,0.0011630820572583016,,0.0010969352104000098,0.0032599060478084793,,-0.0009524828370140001,,,,-0.0007766890248134296,,,0.00062051830936837,0.0010917609877094435,-0.0009076601152721648,-0.0010666052045824978,7.346557305266751e-05
382,2026-07-31,CBRE,US12504L1098,26077401,0.0009295314433510121,,,,,,,,,,,,,,,,-0.0005497703786090309,,0.0010332737919392947,,,0.001315075735195466,,0.001315075735195466,,,,-0.0003434025658670653,-0.0031277476945189464,,,,0.0009524828370140001,,,,,,,,,,,,0.0013456588918279188,-0.00037032532703104327,0.00062051830936837,-0.0002778551373282137,,0.0010666052045824978,0.00013488456544829994
383,2026-07-31,CCEP,GB00BDCPN049,01275602W,-0.00031619307294317216,-0.0003459691022337848,,,,,,,,,,,,0.0006888491946261965,-0.000863631826098515,-0.00047820935825289675,,,0.0010332737919392947,,-0.0007926483883369932,,0.002269150288180412,,,,,-0.0003434025658670653,,,,,,,-0.00039700399553070675,,,,,,,,,,,-0.00037032532703104327,-0.00062051830936837,-0.0002778551373282137,-0.0009076601152721648,,-3.644814894178715e-05
384,2026-07-31,CCH,CH0198251305,22126104W,-0.00031619307294317216,-0.0003459691022337848,,,,,,,,,,,0.0014199590760392762,-0.00204825955216285,,0.001881734385320342,0.0010866353492694932,,,,,,,,,,,-0.0003434025658670653,,,,,,,-0.00039700399553070675,,,,,,,,,-0.0007766890248134296,,-0.00037032532703104327,0.00062051830936837,-0.0002778551373282137,-0.0009076601152721648,,-1.8462902711016533e-05
385,2026-07-31,CCI,US22822V1017,11349001,,,,,,,,,,,,,,,,,0.0010866353492694932,,0.0010332737919392947,,,,0.002269150288180412,-0.001315075735195466,,,,-0.0003434025658670653,,,,,-0.00048019362944896687,-0.0013301915482436897,,,,,,,,0.0011808843336449082,,,,,-0.00062051830936837,-0.0002778551373282137,,,9.828669002796194e-06
386,2026-07-31,CCL.B,CA1249003098,01406201C,-0.00031619307294317216,-0.0003459691022337848,,-0.00035718106388025003,,-0.00043343320111311243,,-0.000580083532316797,,,,,,,0.001701862716135309,-0.00047820935825289675,,-0.0007099795380196381,,,,,,,-0.0004125727796691658,,-0.005645203155961025,-0.0003434025658670653,,-0.00039295981221460445,-0.000362211783089831,,,,,,,,,-0.0009524828370140001,,,,,,-0.00037032532703104327,0.00062051830936837,-0.0002778551373282137,,,-0.00010283655299338276
387,2026-07-31,CCO,CA13321L1085,02437001C,-0.00031619307294317216,,,-0.00035718106388025003,-0.0005445960691632988,-0.00043343320111311243,,-0.000580083532316797,0.0005577188660106073,,0.001377698389252393,,0.0014199590760392762,0.0006888491946261965,,,,,0.0010332737919392947,,,,,-0.001315075735195466,-0.0004125727796691658,,,-0.0003434025658670653,,,,,,,-0.00039700399553070675,,,,,,,-0.0006074890535286143,-0.001361490172908247,,-0.0013456588918279188,-0.00037032532703104327,-0.00062051830936837,-0.0002778551373282137,-0.0009076601152721648,-0.0010666052045824978,-0.0002455773872796876
388,2026-07-31,CDE,US1921085049,00315301,-0.00031619307294317216,-0.0003459691022337848,-0.0011869401507405232,-0.00035718106388025003,,-0.00043343320111311243,,-0.000580083532316797,,,0.001377698389252393,,-0.0007301366857867572,,-0.000863631826098515,-0.00047820935825289675,0.0010866353492694932,0.002183521975418887,,,-0.0007926483883369932,,,,0.0016185547510098044,,,0.0013378805167306475,-0.0031277476945189464,0.0011630820572583016,0.0010666052045824978,,,,0.0011630820572583016,,0.0010969352104000098,0.0032599060478084793,,-0.0009524828370140001,,,,,,-0.00037032532703104327,,0.0010917609877094435,-0.0009076601152721648,,0.00016861755850914855
389,2026-07-31,CDNS,US1273871087,01342101,-0.00031619307294317216,-0.0003459691022337848,-0.0011869401507405232,-0.00035718106388025003,-0.0005445960691632988,-0.00043343320111311243,-0.002630151470390932,-0.000580083532316797,,-0.0008092773755049022,,,-0.0007301366857867572,,,-0.00047820935825289675,,,,-0.0011689562090626366,,,,,-0.0004125727796691658,,,-0.0003434025658670653,-0.0031277476945189464,-0.00039295981221460445,-0.000362211783089831,,-0.00048019362944896687,,-0.00039700399553070675,,,-0.0016771980390898698,,,,-0.0006074890535286143,,,,,,,,,-0.0003640581508521549
390,2026-07-31,CDW,US12514G1085,02832002,,-0.0003459691022337848,,,,-0.00043343320111311243,,-0.000580083532316797,,-0.0008092773755049022,-0.0013859480802060002,,-0.0007301366857867572,,,-0.00047820935825289675,,,,-0.0011689562090626366,,0.001315075735195466,,0.001315075735195466,-0.0004125727796691658,,,-0.0003434025658670653,,-0.00039295981221460445,-0.000362211783089831,,0.0009524828370140001,,-0.00039700399553070675,,,-0.0016771980390898698,-0.0013942971650265183,,,,,,,,,,,0.0010666052045824978,-7.2163883270816e-05
391,2026-07-31,CEG,US21037T1097,04061401,-0.00031619307294317216,-0.0003459691022337848,-0.0011869401507405232,-0.00035718106388025003,0.0010617125201578075,,0.0026005992066786745,,0.0005577188660106073,,,,,0.0006888491946261965,,0.001881734385320342,-0.0005497703786090309,,,,,0.001315075735195466,,0.001315075735195466,-0.0004125727796691658,,-0.005645203155961025,,-0.0031277476945189464,0.0011630820572583016,,0.002630151470390932,0.0009524828370140001,,,,,0.0032599060478084793,,,,0.0011808843336449082,,,,-0.00037032532703104327,-0.00062051830936837,0.0010917609877094435,-0.0009076601152721648,,0.00031735106167895177
392,2026-07-31,CEN,NZCENE0001S6,22791601W,0.0009295314433510121,0.0010196181911647667,,0.0010520605881563728,-0.0005445960691632988,,,0.001701862716135309,0.0005577188660106073,,0.001377698389252393,,,0.0006888491946261965,,0.001881734385320342,-0.0005497703786090309,,,,,,,,0.0016185547510098044,,,,,0.0011630820572583016,,0.002630151470390932,-0.00048019362944896687,-0.0013301915482436897,,,,,,-0.0009524828370140001,,-0.0006074890535286143,-0.001361490172908247,,,-0.00037032532703104327,,-0.0002778551373282137,-0.0009076601152721648,-0.0010666052045824978,2.43344004453773e-05
393,2026-07-31,CF,US1252691001,16394601,0.0009295314433510121,0.0010196181911647667,0.0022916171227168516,0.0010520605881563728,-0.0005445960691632988,,,,,,,,,,,0.001881734385320342,,-0.0007099795380196381,,,,,,,-0.0004125727796691658,,-0.005645203155961025,-0.0003434025658670653,,0.0011630820572583016,,,0.0009524828370140001,,-0.00039700399553070675,,,-0.0016771980390898698,-0.0013942971650265183,,0.001780410226110785,-0.0006074890535286143,,,,0.0010917609877094435,0.00062051830936837,0.0010917609877094435,0.0018082291358937658,,0.00017298596508825135
394,2026-07-31,CFG,US1746101054,02182501,,,,,0.0010617125201578075,-0.00043343320111311243,0.0026005992066786745,,0.0005577188660106073,,-0.0013859480802060002,,,,,,,-0.0007099795380196381,0.0010332737919392947,,,,,,,,,,,,,,,-0.0013301915482436897,,,,,,,,0.0011808843336449082,,,,,,,,,6.107285058981054e-05
395,2026-07-31,CFR,CH0210483332,10290201W,-0.00031619307294317216,-0.0003459691022337848,,-0.00035718106388025003,-0.0005445960691632988,-0.00043343320111311243,,-0.000580083532316797,,-0.0008092773755049022,,0.0023617686672898165,-0.0007301366857867572,,-0.000863631826098515,-0.00047820935825289675,,0.002183521975418887,,-0.0011689562090626366,-0.0007926483883369932,-0.001315075735195466,-0.0023145332939440203,-0.001315075735195466,-0.0004125727796691658,,,-0.0003434025658670653,,-0.00039295981221460445,-0.000362211783089831,-0.0006747910477970904,-0.00048019362944896687,,-0.00039700399553070675,,,,,0.0009485792188295165,,,,,,-0.00037032532703104327,,-0.0002778551373282137,,,-0.00017768809441750662
396,2026-07-31,CG,US14316J1088,18945901,-0.00031619307294317216,-0.0003459691022337848,-0.0011869401507405232,-0.00035718106388025003,,-0.00043343320111311243,,-0.000580083532316797,,,-0.0013859480802060002,,,,-0.000863631826098515,,-0.0005497703786090309,-0.0007099795380196381,-0.0030454385446631845,,-0.0007926483883369932,,,,,,,,,-0.00039295981221460445,-0.000362211783089831,-0.0006747910477970904,-0.00048019362944896687,-0.0013301915482436897,-0.00039700399553070675,,-0.0011127563913192406,-0.0016771980390898698,-0.0013942971650265183,-0.0009524828370140001,-0.001780410226110785,-0.0006074890535286143,,-0.0007766890248134296,,-0.00037032532703104327,,-0.0002778551373282137,0.0018082291358937658,,-0.00031822638866522187
397,2026-07-31,CHD,US1713401024,00302601,,-0.0003459691022337848,-0.0011869401507405232,,-0.0005445960691632988,,,,,,,,0.0014199590760392762,0.0006888491946261965,0.001701862716135309,-0.00047820935825289675,-0.0005497703786090309,,0.0010332737919392947,,,,,,,,,-0.0003434025658670653,,,,,-0.00048019362944896687,,,,,,,-0.0009524828370140001,-0.001780410226110785,-0.0006074890535286143,-0.001361490172908247,-0.0007766890248134296,-0.0013456588918279188,-0.00037032532703104327,-0.00062051830936837,-0.0002778551373282137,-0.0009076601152721648,,-0.00022392173599830007
398,2026-07-31,CHRW,US12541W2098,06560901,,,,,,-0.00043343320111311243,,,0.0005577188660106073,,,,,0.0006888491946261965,,,0.0010866353492694932,,,,,0.001315075735195466,,0.001315075735195466,0.0016185547510098044,,,0.0013378805167306475,-0.0031277476945189464,-0.00039295981221460445,,,-0.00048019362944896687,,,,,0.0032599060478084793,-0.0013942971650265183,-0.0009524828370140001,,,,-0.0007766890248134296,,-0.00037032532703104327,-0.00062051830936837,-0.0002778551373282137,,,0.0001049113605343985
399,2026-07-31,CHTR,US16119P1084,12613603,-0.00031619307294317216,-0.0003459691022337848,-0.0011869401507405232,-0.00035718106388025003,0.0010617125201578075,-0.00043343320111311243,0.0026005992066786745,-0.000580083532316797,,,0.001377698389252393,0.0023617686672898165,,,,,,,,,,,,,,,,,,,-0.000362211783089831,,0.0009524828370140001,,,,,,-0.0013942971650265183,0.0009485792188295165,,,,,,0.0010917609877094435,-0.00062051830936837,-0.0002778551373282137,,,0.0001993018367368276
400,2026-07-31,CI,US1255231003,00254701,-0.00031619307294317216,-0.0003459691022337848,,-0.00035718106388025003,0.0010617125201578075,,0.0026005992066786745,,0.0005577188660106073,-0.0008092773755049022,,,,0.0006888491946261965,,-0.00047820935825289675,-0.0005497703786090309,,,,0.0015638738472594732,0.001315075735195466,0.002269150288180412,0.001315075735195466,,,,-0.0003434025658670653,0.0030860443919253607,0.0011630820572583016,0.0010666052045824978,-0.0006747910477970904,0.0009524828370140001,,0.0011630820572583016,-0.0031277476945189464,0.0010969352104000098,,-0.0013942971650265183,0.0009485792188295165,0.001780410226110785,0.0011808843336449082,0.0013535282420725264,0.0015430221959626803,0.0013456588918279188,0.0010917609877094435,0.00062051830936837,0.0010917609877094435,0.0018082291358937658,0.0010666052045824978,0.0006511600873206459
401,2026-07-31,CIEN,US1717793095,06435601,,,-0.0011869401507405232,-0.00035718106388025003,0.0010617125201578075,-0.00043343320111311243,,,,-0.0008092773755049022,,,0.0014199590760392762,,,-0.00047820935825289675,,,,-0.0011689562090626366,,,,,0.0016185547510098044,,,0.0013378805167306475,0.0030860443919253607,-0.00039295981221460445,-0.000362211783089831,,,,,,,0.0032599060478084793,0.0026913177836558376,,,,,,,,,,,,0.0001360607407779581
402,2026-07-31,CINF,US1720621010,01482401,-0.00031619307294317216,,,,-0.0005445960691632988,-0.00043343320111311243,-0.002630151470390932,-0.000580083532316797,0.0005577188660106073,,,0.0023617686672898165,,,-0.000863631826098515,,-0.0005497703786090309,-0.0007099795380196381,,,-0.0007926483883369932,,,,,,,,,,0.0010666052045824978,,0.0009524828370140001,,,,,0.0032599060478084793,-0.0013942971650265183,-0.0009524828370140001,,-0.0006074890535286143,,0.0015430221959626803,,,,0.0010917609877094435,,-0.0010666052045824978,0.00013082293965909283
403,2026-07-31,CL,US1941621039,00317001,-0.00031619307294317216,-0.0003459691022337848,-0.0011869401507405232,,-0.0005445960691632988,,-0.002630151470390932,,,,,,0.0014199590760392762,0.0006888491946261965,0.001701862716135309,0.001881734385320342,0.0010866353492694932,,-0.0030454385446631845,,,,,0.001315075735195466,,0.005143407319875601,,-0.0003434025658670653,,-0.00039295981221460445,-0.000362211783089831,,,,,,,,,,-0.001780410226110785,-0.0006074890535286143,-0.001361490172908247,-0.0007766890248134296,-0.0013456588918279188,-0.00037032532703104327,-0.00062051830936837,-0.0002778551373282137,-0.0009076601152721648,0.0010666052045824978,-0.00020455870894686308
404,2026-07-31,CLNX,ES0105066007,31965901W,-0.00031619307294317216,-0.0003459691022337848,,-0.00035718106388025003,,-0.00043343320111311243,,,,,-0.0013859480802060002,,,,,,,,,,,,,,,,,,,,-0.000362211783089831,,-0.00048019362944896687,,,,,,,,,,,,,-0.00037032532703104327,,-0.0002778551373282137,,,-8.181055852873795e-05
405,2026-07-31,CLS,CA15101Q2071,11215801C,0.0009295314433510121,0.0010196181911647667,,0.0010520605881563728,0.0010617125201578075,-0.00043343320111311243,,-0.000580083532316797,,-0.0008092773755049022,,-0.0023861167978804334,-0.0007301366857867572,,,0.001881734385320342,,,,-0.0011689562090626366,,0.001315075735195466,,0.001315075735195466,0.0016185547510098044,,,-0.0003434025658670653,,,0.0010666052045824978,,0.0009524828370140001,,-0.00039700399553070675,,,,,,,0.0011808843336449082,,,,,,,,0.0010666052045824978,4.835465459145724e-05
406,2026-07-31,CLX,US1890541097,00312101,-0.00031619307294317216,-0.0003459691022337848,-0.0011869401507405232,,-0.0005445960691632988,,-0.002630151470390932,,,,,,,0.0006888491946261965,-0.000863631826098515,0.001881734385320342,-0.0005497703786090309,,-0.0030454385446631845,,,,0.002269150288180412,0.001315075735195466,,,,-0.0003434025658670653,,-0.00039295981221460445,,,-0.00048019362944896687,,-0.00039700399553070675,-0.0031277476945189464,-0.0011127563913192406,,-0.0013942971650265183,-0.0009524828370140001,,-0.0006074890535286143,,,,-0.00037032532703104327,0.00062051830936837,-0.0002778551373282137,-0.0009076601152721648,0.0010666052045824978,-0.0002483972913203544
407,2026-07-31,CM,CA1360691010,01558101C,-0.00031619307294317216,-0.0003459691022337848,,-0.00035718106388025003,,-0.00043343320111311243,,-0.000580083532316797,0.0005577188660106073,,-0.0013859480802060002,,,,,,,-0.0007099795380196381,0.0010332737919392947,,,,,,,,,,,,-0.000362211783089831,,-0.00048019362944896687,,,,,,,0.0009485792188295165,,,,-0.0007766890248134296,,,,,-0.0009076601152721648,0.0010666052045824978,-5.7645313024051186e-05
408,2026-07-31,CMCSA,US20030N1019,00322601,-0.00031619307294317216,-0.0003459691022337848,-0.0011869401507405232,-0.00035718106388025003,-0.0005445960691632988,0.001278747676212166,-0.002630151470390932,,,,,,,,-0.000863631826098515,,,,,,,,,,,,,,,,0.0010666052045824978,,0.0009524828370140001,,,,,,0.0026913177836558376,0.0009485792188295165,,,,,,0.0010917609877094435,,0.0010917609877094435,,,5.118734487793699e-05
409,2026-07-31,CME,US12572Q1058,14907001,-0.00031619307294317216,,,-0.00035718106388025003,-0.0005445960691632988,-0.00043343320111311243,-0.002630151470390932,-0.000580083532316797,0.0005577188660106073,,,0.0023617686672898165,,,-0.000863631826098515,,,-0.0007099795380196381,0.0010332737919392947,,,,,,,,,,,-0.00039295981221460445,-0.000362211783089831,-0.0006747910477970904,-0.00048019362944896687,-0.0013301915482436897,-0.00039700399553070675,,,,0.0026913177836558376,,,-0.0006074890535286143,,-0.0007766890248134296,-0.0013456588918279188,-0.00037032532703104327,-0.00062051830936837,-0.0002778551373282137,-0.0009076601152721648,,-0.00014316898827146203
410,2026-07-31,CMG,US1696561059,16591401,-0.00031619307294317216,-0.0003459691022337848,-0.0011869401507405232,-0.00035718106388025003,-0.0005445960691632988,-0.00043343320111311243,,-0.000580083532316797,,0.0031705935533479727,0.001377698389252393,0.0023617686672898165,,,,-0.00047820935825289675,0.0010866353492694932,-0.0007099795380196381,,0.004538300576360824,,,,,-0.0004125727796691658,,-0.005645203155961025,-0.0003434025658670653,0.0030860443919253607,-0.00039295981221460445,-0.000362211783089831,-0.0006747910477970904,,,-0.00039700399553070675,,,,,,,,-0.001361490172908247,,,-0.00037032532703104327,,-0.0002778551373282137,,,0.0001485976690086322
411,2026-07-31,CMI,US2310211063,00365001,0.0009295314433510121,0.0010196181911647667,0.0022916171227168516,0.0010520605881563728,,-0.00043343320111311243,,,,,,,,0.0006888491946261965,,,,,,,,,,,-0.0004125727796691658,,,-0.0003434025658670653,-0.0031277476945189464,-0.00039295981221460445,-0.000362211783089831,,-0.00048019362944896687,,0.0011630820572583016,,0.0010969352104000098,0.0032599060478084793,0.0026913177836558376,,,-0.0006074890535286143,,,,-0.00037032532703104327,,-0.0002778551373282137,,,0.00015901978933822547
412,2026-07-31,CMS,US1258961002,00343901,-0.00031619307294317216,-0.0003459691022337848,,-0.00035718106388025003,,,,0.001701862716135309,-0.0016532380671028715,,0.001377698389252393,,,,,-0.00047820935825289675,-0.0005497703786090309,,,,,,,,-0.0004125727796691658,-0.005645203155961025,-0.005645203155961025,,,-0.00039295981221460445,,-0.0006747910477970904,0.0009524828370140001,,,,,-0.0016771980390898698,,,,,,,,-0.00037032532703104327,-0.00062051830936837,-0.0002778551373282137,,,-0.00010741297438782159
413,2026-07-31,CNA,GB00B033F229,21342301W,-0.00031619307294317216,-0.0003459691022337848,,-0.00035718106388025003,0.0010617125201578075,,,-0.000580083532316797,0.0005577188660106073,,,,,0.0006888491946261965,,-0.00047820935825289675,0.0010866353492694932,,,,,0.001315075735195466,,0.001315075735195466,-0.0004125727796691658,,,,,-0.00039295981221460445,,0.002630151470390932,0.0009524828370140001,0.0026005992066786745,,,,,,-0.0009524828370140001,0.001780410226110785,-0.0006074890535286143,0.0013535282420725264,-0.0007766890248134296,0.0013456588918279188,0.0010917609877094435,0.00062051830936837,-0.0002778551373282137,0.0018082291358937658,0.0010666052045824978,0.0003982186437360366
414,2026-07-31,CNC,US15135B1017,14555201,0.0009295314433510121,0.0010196181911647667,0.0022916171227168516,0.0010520605881563728,0.0010617125201578075,,0.0026005992066786745,,0.0005577188660106073,-0.0008092773755049022,,,,0.0006888491946261965,0.001701862716135309,-0.00047820935825289675,0.0010866353492694932,,,,0.0015638738472594732,0.001315075735195466,0.002269150288180412,0.001315075735195466,,,,0.0013378805167306475,0.0030860443919253607,-0.00039295981221460445,-0.000362211783089831,-0.0006747910477970904,0.0009524828370140001,,0.0011630820572583016,-0.0031277476945189464,0.0010969352104000098,,0.0026913177836558376,,-0.001780410226110785,-0.0006074890535286143,0.0013535282420725264,-0.0007766890248134296,0.0013456588918279188,0.0010917609877094435,0.00062051830936837,0.0010917609877094435,-0.0009076601152721648,0.0010666052045824978,0.0005053160329924657
415,2026-07-31,CNP,US15189T1079,00574201,-0.00031619307294317216,-0.0003459691022337848,,-0.00035718106388025003,,,,-0.000580083532316797,-0.0016532380671028715,,0.001377698389252393,,,,,-0.00047820935825289675,-0.0005497703786090309,,,,,,,,-0.0004125727796691658,-0.005645203155961025,,,,,,-0.0006747910477970904,,,,,,,,,-0.001780410226110785,-0.0006074890535286143,,-0.0007766890248134296,,-0.00037032532703104327,,-0.0002778551373282137,-0.0009076601152721648,,-0.0001917732703753132
416,2026-07-31,CNQ,CA1363851017,01505501C,0.0009295314433510121,,,0.0010520605881563728,,,,-0.000580083532316797,,,,,-0.0007301366857867572,,,,-0.0005497703786090309,,0.0010332737919392947,,,,,,-0.0004125727796691658,,,-0.0003434025658670653,,,,,,,-0.00039700399553070675,,,,,,,,-0.001361490172908247,,,-0.00037032532703104327,-0.00062051830936837,-0.0002778551373282137,,,-7.790582497369104e-05
417,2026-07-31,CNR,CA1363751027,00269601C,-0.00031619307294317216,-0.0003459691022337848,,-0.00035718106388025003,,-0.00043343320111311243,,,-0.0016532380671028715,,,,,-0.00204825955216285,,,,,,,,-0.001315075735195466,,-0.001315075735195466,-0.0004125727796691658,,,-0.0003434025658670653,,-0.00039295981221460445,-0.000362211783089831,,-0.00048019362944896687,,-0.00039700399553070675,,,,,0.0009485792188295165,,,-0.001361490172908247,,-0.0013456588918279188,,-0.00062051830936837,-0.0002778551373282137,,,-0.00020751441342564315
418,2026-07-31,COF,US14040H1059,03099001,-0.00031619307294317216,-0.0003459691022337848,-0.0011869401507405232,-0.00035718106388025003,0.0010617125201578075,-0.00043343320111311243,0.0026005992066786745,-0.000580083532316797,,,-0.0013859480802060002,0.0023617686672898165,0.0014199590760392762,,,,0.0010866353492694932,-0.0007099795380196381,,,,,,,,,,,,-0.00039295981221460445,-0.000362211783089831,-0.0006747910477970904,-0.00048019362944896687,-0.0013301915482436897,-0.00039700399553070675,,-0.0011127563913192406,,0.0026913177836558376,,-0.001780410226110785,-0.0006074890535286143,,,,0.0010917609877094435,0.00062051830936837,0.0010917609877094435,0.0018082291358937658,,0.00018138135637801465
419,2026-07-31,COH,AU000000COH5,21263501W,-0.00031619307294317216,-0.0003459691022337848,,-0.00035718106388025003,-0.0005445960691632988,,,,0.0005577188660106073,-0.0008092773755049022,,,,0.0006888491946261965,-0.000863631826098515,-0.00047820935825289675,-0.0005497703786090309,,,,-0.0007926483883369932,0.001315075735195466,,,,,,-0.0003434025658670653,,-0.00039295981221460445,-0.000362211783089831,-0.0006747910477970904,-0.00048019362944896687,,-0.00039700399553070675,-0.0031277476945189464,-0.0011127563913192406,,,-0.0009524828370140001,,-0.0006074890535286143,,,,-0.00037032532703104327,-0.00062051830936837,-0.0002778551373282137,,,-0.0002923949293716985
420,2026-07-31,COHR,US19247G1076,01456101,-0.00031619307294317216,-0.0003459691022337848,-0.0011869401507405232,-0.00035718106388025003,,-0.00043343320111311243,,-0.000580083532316797,,-0.0008092773755049022,,,-0.0007301366857867572,,,-0.00047820935825289675,,,,-0.0011689562090626366,,,,,-0.0004125727796691658,,,-0.0003434025658670653,,-0.00039295981221460445,,,-0.00048019362944896687,,-0.00039700399553070675,,-0.0011127563913192406,-0.0016771980390898698,,,,-0.0006074890535286143,,,,,,,,,-0.00026833495436953984
421,2026-07-31,COIN,US19260Q1076,03474901,-0.00031619307294317216,-0.0003459691022337848,-0.0011869401507405232,-0.00035718106388025003,-0.0005445960691632988,-0.00043343320111311243,-0.002630151470390932,-0.000580083532316797,0.0005577188660106073,,,0.0023617686672898165,,,-0.000863631826098515,,,-0.0007099795380196381,-0.0030454385446631845,,-0.0007926483883369932,,-0.0023145332939440203,,,,,,,-0.00039295981221460445,-0.000362211783089831,0.002630151470390932,-0.00048019362944896687,,,,,0.0032599060478084793,-0.0013942971650265183,-0.0009524828370140001,-0.001780410226110785,-0.0006074890535286143,,-0.0007766890248134296,-0.0013456588918279188,,0.00062051830936837,-0.0002778551373282137,-0.0009076601152721648,-0.0010666052045824978,-0.00015702072292046057
422,2026-07-31,COL,AU0000030678,32949801W,-0.00031619307294317216,-0.0003459691022337848,,,-0.0005445960691632988,,,,,,0.001377698389252393,,,0.0006888491946261965,,0.001881734385320342,0.0010866353492694932,,0.0010332737919392947,,,0.001315075735195466,,0.001315075735195466,,,,0.0013378805167306475,,-0.00039295981221460445,-0.000362211783089831,,,,0.0011630820572583016,,0.0010969352104000098,,,,,-0.0006074890535286143,,-0.0007766890248134296,,-0.00037032532703104327,-0.00062051830936837,-0.0002778551373282137,-0.0009076601152721648,0.0010666052045824978,0.00017115777863867024
423,2026-07-31,COLO B,DK0060448595,10153801W,-0.00031619307294317216,-0.0003459691022337848,,-0.00035718106388025003,-0.0005445960691632988,,,,,-0.0008092773755049022,,,,,,-0.00047820935825289675,0.0010866353492694932,,,,,,,0.001315075735195466,,,,0.0013378805167306475,,-0.00039295981221460445,-0.000362211783089831,-0.0006747910477970904,-0.00048019362944896687,,,,,,,,0.001780410226110785,,,-0.0007766890248134296,,,-0.00062051830936837,-0.0002778551373282137,0.0018082291358937658,0.0010666052045824978,9.007524727856662e-05
424,2026-07-31,CON,DE0005439004,10060901W,0.0009295314433510121,0.0010196181911647667,,0.0010520605881563728,0.0010617125201578075,0.001278747676212166,,-0.000580083532316797,,-0.0008092773755049022,-0.0013859480802060002,,0.0014199590760392762,,0.001701862716135309,-0.00047820935825289675,-0.0005497703786090309,-0.0007099795380196381,,-0.0011689562090626366,-0.0007926483883369932,,,,-0.0004125727796691658,,,-0.0003434025658670653,,-0.00039295981221460445,-0.000362211783089831,-0.0006747910477970904,-0.00048019362944896687,,-0.00039700399553070675,-0.0031277476945189464,-0.0011127563913192406,,,,,,,,,-0.00037032532703104327,,-0.0002778551373282137,,,-0.00024645782361428886
425,2026-07-31,COO,US2166485019,00350401,-0.00031619307294317216,-0.0003459691022337848,-0.0011869401507405232,-0.00035718106388025003,,,,,,-0.0008092773755049022,,,,-0.00204825955216285,0.001701862716135309,-0.00047820935825289675,,,,,-0.0007926483883369932,-0.001315075735195466,,-0.001315075735195466,,,,-0.0003434025658670653,,-0.00039295981221460445,-0.000362211783089831,-0.0006747910477970904,,,,,,,,,,-0.0006074890535286143,,,,-0.00037032532703104327,-0.00062051830936837,-0.0002778551373282137,0.0018082291358937658,,-0.0001615261847886571
426,2026-07-31,COP,US20825C1045,00854901,,,,,,,,0.001701862716135309,,,,,,,,,,,,,,,,,-0.0004125727796691658,,-0.005645203155961025,-0.0003434025658670653,,,,,,,-0.00039700399553070675,,-0.0011127563913192406,,,,,,,,,,,-0.0002778551373282137,,,-2.3672781120513716e-05
427,2026-07-31,COR,US03073E1055,03167301,,-0.0003459691022337848,,,,,,,0.0005577188660106073,-0.0008092773755049022,,,,0.0006888491946261965,-0.000863631826098515,0.001881734385320342,-0.0005497703786090309,,,,0.0015638738472594732,0.001315075735195466,0.002269150288180412,0.001315075735195466,,,,-0.0003434025658670653,-0.0031277476945189464,,0.0010666052045824978,-0.0006747910477970904,0.0009524828370140001,,-0.00039700399553070675,-0.0031277476945189464,-0.0011127563913192406,,,,,,0.0013535282420725264,,0.0013456588918279188,-0.00037032532703104327,-0.00062051830936837,-0.0002778551373282137,,0.0010666052045824978,9.373182017469086e-05
428,2026-07-31,COST,US22160K1051,02902801,,-0.0003459691022337848,,,-0.0005445960691632988,,-0.002630151470390932,,,,0.001377698389252393,,0.0014199590760392762,0.0006888491946261965,0.001701862716135309,0.001881734385320342,,,,,0.0015638738472594732,0.001315075735195466,,0.001315075735195466,,,,-0.0003434025658670653,,-0.00039295981221460445,-0.000362211783089831,,,,0.0011630820572583016,,,,0.0026913177836558376,0.0009485792188295165,-0.001780410226110785,-0.0006074890535286143,-0.001361490172908247,-0.0007766890248134296,,-0.00037032532703104327,,-0.0002778551373282137,-0.0009076601152721648,,4.5148927117730435e-05
429,2026-07-31,COV,FR0000064578,22228401W,0.0009295314433510121,,,,,,,,,,,,,,,,,,-0.0030454385446631845,,-0.0007926483883369932,,,,,,,-0.0003434025658670653,,,,,,0.0026005992066786745,,,-0.0011127563913192406,,,,0.001780410226110785,0.0011808843336449082,0.0013535282420725264,,,-0.00037032532703104327,0.00062051830936837,-0.0002778551373282137,,,-1.0495322942320778e-06
430,2026-07-31,CP,CA13646K1084,00269801C,-0.00031619307294317216,-0.0003459691022337848,,-0.00035718106388025003,,-0.00043343320111311243,,,,,,,-0.0007301366857867572,-0.00204825955216285,,,,,,,,-0.001315075735195466,,-0.001315075735195466,-0.0004125727796691658,,,-0.0003434025658670653,,,-0.000362211783089831,,-0.00048019362944896687,,-0.00039700399553070675,,,,,0.0009485792188295165,,,-0.001361490172908247,,-0.0013456588918279188,-0.00037032532703104327,-0.00062051830936837,-0.0002778551373282137,,,-0.00020516067942845013
431,2026-07-31,CPAY,US2199481068,18470001,0.0009295314433510121,,0.0022916171227168516,,,,,0.001701862716135309,-0.0016532380671028715,,,,,,0.001701862716135309,,0.0010866353492694932,-0.0007099795380196381,,,,,,,,,,,,-0.00039295981221460445,-0.000362211783089831,-0.0006747910477970904,,,-0.00039700399553070675,,,-0.0016771980390898698,-0.0013942971650265183,-0.0009524828370140001,,-0.0006074890535286143,,-0.0007766890248134296,,-0.00037032532703104327,0.00062051830936837,-0.0002778551373282137,-0.0009076601152721648,,-5.131090133198112e-05
432,2026-07-31,CPG,GB00BD6K4575,24309001W,-0.00031619307294317216,-0.0003459691022337848,,-0.00035718106388025003,-0.0005445960691632988,-0.00043343320111311243,,-0.000580083532316797,,-0.0008092773755049022,,-0.0023861167978804334,,,,-0.00047820935825289675,-0.0005497703786090309,0.002183521975418887,,-0.0011689562090626366,,0.001315075735195466,0.002269150288180412,0.001315075735195466,-0.0004125727796691658,,,-0.0003434025658670653,,,0.0010666052045824978,-0.0006747910477970904,0.0009524828370140001,,-0.00039700399553070675,,,,,,,,,,,-0.00037032532703104327,,-0.0002778551373282137,,,-4.924403939146725e-05
433,2026-07-31,CPR,NL0015435975,24693901W,-0.00031619307294317216,-0.0003459691022337848,,,,,,,,,,,-0.0007301366857867572,-0.00204825955216285,,-0.00047820935825289675,,,,,-0.0007926483883369932,-0.001315075735195466,-0.0023145332939440203,-0.001315075735195466,,,,0.0013378805167306475,,0.0011630820572583016,0.0010666052045824978,,-0.00048019362944896687,,0.0011630820572583016,0.0031277476945189464,,,,-0.0009524828370140001,,,,,,,0.00062051830936837,-0.0002778551373282137,,,-6.219662275026969e-05
434,2026-07-31,CPRT,US2172041061,02990101,-0.00031619307294317216,-0.0003459691022337848,,-0.00035718106388025003,,-0.00043343320111311243,,,,,,,-0.0007301366857867572,,,,0.0010866353492694932,,,,,-0.001315075735195466,,-0.001315075735195466,-0.0004125727796691658,,,-0.0003434025658670653,-0.0031277476945189464,-0.00039295981221460445,,,-0.00048019362944896687,,,,,,0.0026913177836558376,,,,-0.001361490172908247,0.0015430221959626803,-0.0013456588918279188,0.0010917609877094435,0.00062051830936837,0.0010917609877094435,,-0.0010666052045824978,-8.096469454588876e-05
435,2026-07-31,CPU,AU000000CPU5,22309601W,-0.00031619307294317216,-0.0003459691022337848,,-0.00035718106388025003,-0.0005445960691632988,-0.00043343320111311243,,,0.0005577188660106073,,,,,0.0006888491946261965,,,,,,,,,,,-0.0004125727796691658,,,-0.0003434025658670653,,,,,-0.00048019362944896687,,,,,,,-0.0009524828370140001,,,-0.001361490172908247,,,-0.00037032532703104327,0.00062051830936837,-0.0002778551373282137,,,-6.207222327381468e-05
436,2026-07-31,CPW,IL0010824113,06318501W,,,,,,,,,,-0.0008092773755049022,-0.0013859480802060002,,,,,-0.00047820935825289675,,,,-0.0011689562090626366,,,,,-0.0004125727796691658,,,-0.0003434025658670653,,0.0011630820572583016,0.0010666052045824978,,,,0.0011630820572583016,,0.0010969352104000098,,,,,,,,,,,,,,3.764847858979389e-05
437,2026-07-31,CRBG,US21871X1090,04108401,-0.00031619307294317216,-0.0003459691022337848,-0.0011869401507405232,-0.00035718106388025003,0.0010617125201578075,-0.00043343320111311243,0.0026005992066786745,-0.000580083532316797,0.0005577188660106073,,-0.0013859480802060002,,,,-0.000863631826098515,,-0.0005497703786090309,-0.0007099795380196381,,,-0.0007926483883369932,,,,,,,,,-0.00039295981221460445,-0.000362211783089831,-0.0006747910477970904,0.0009524828370140001,-0.0013301915482436897,-0.00039700399553070675,,,-0.0016771980390898698,-0.0013942971650265183,,-0.001780410226110785,-0.0006074890535286143,,-0.0007766890248134296,0.0013456588918279188,-0.00037032532703104327,0.00062051830936837,-0.0002778551373282137,0.0018082291358937658,0.0010666052045824978,-5.804198429130376e-05
438,2026-07-31,CRCL,US1725731079,05146101,-0.00031619307294317216,,,,,0.001278747676212166,,-0.000580083532316797,,-0.0008092773755049022,0.001377698389252393,,-0.0007301366857867572,,,-0.00047820935825289675,,,,-0.0011689562090626366,,,,,-0.0004125727796691658,,,-0.0003434025658670653,,,,,,,,,,-0.0016771980390898698,-0.0013942971650265183,0.0009485792188295165,,,,,,,,,,0.0010666052045824978,-5.5698037292715304e-05
439,2026-07-31,CRDO,KYG254571055,04053201,0.0009295314433510121,0.0010196181911647667,0.0022916171227168516,0.0010520605881563728,,-0.00043343320111311243,,,,0.0031705935533479727,,,0.0014199590760392762,,,0.001881734385320342,,,,0.004538300576360824,,,,,0.0016185547510098044,,,0.0013378805167306475,0.0030860443919253607,,,,,,,,,0.0032599060478084793,,-0.0009524828370140001,,,,,,,,,,-0.0010666052045824978,0.00035428604055495554
440,2026-07-31,CRM,US79466L3024,15785501,,,0.0022916171227168516,0.0010520605881563728,0.0010617125201578075,0.001278747676212166,0.0026005992066786745,0.001701862716135309,,-0.0008092773755049022,,0.0023617686672898165,-0.0007301366857867572,,,-0.00047820935825289675,,,,-0.0011689562090626366,,,,,-0.0004125727796691658,,,-0.0003434025658670653,,0.0011630820572583016,,,,,0.0011630820572583016,,0.0010969352104000098,,-0.0013942971650265183,0.0009485792188295165,,0.0011808843336449082,,,,,,,,0.0010666052045824978,0.00045098744731351134
441,2026-07-31,CRWD,US22788C1053,03518201,-0.00031619307294317216,-0.0003459691022337848,-0.0011869401507405232,-0.00035718106388025003,-0.0005445960691632988,-0.00043343320111311243,-0.002630151470390932,0.001701862716135309,,-0.0008092773755049022,,,-0.0007301366857867572,,,-0.00047820935825289675,,,,-0.0011689562090626366,,,,,0.0016185547510098044,,,-0.0003434025658670653,,-0.00039295981221460445,-0.000362211783089831,,-0.00048019362944896687,,-0.00039700399553070675,,,,,,,-0.0006074890535286143,,,,,,,,,-0.00014809865955545004
442,2026-07-31,CRWV,US21873S1087,05113901,-0.00031619307294317216,-0.0003459691022337848,-0.0011869401507405232,-0.00035718106388025003,,-0.00043343320111311243,,-0.000580083532316797,,-0.0008092773755049022,-0.0013859480802060002,0.0023617686672898165,-0.0007301366857867572,,,-0.00047820935825289675,,,,-0.0011689562090626366,,-0.001315075735195466,,,-0.0004125727796691658,,,-0.0003434025658670653,,,,,0.0009524828370140001,,,,,-0.0016771980390898698,,0.0009485792188295165,,,,,,,,,,0.0010666052045824978,-4.3534150386465705e-05
443,2026-07-31,CS,FR0000120628,06312001W,,,,,-0.0005445960691632988,-0.00043343320111311243,,-0.000580083532316797,0.0005577188660106073,,,,,,,,,-0.0007099795380196381,0.0010332737919392947,,-0.0007926483883369932,,,,,,,,,-0.00039295981221460445,-0.000362211783089831,-0.0006747910477970904,0.0009524828370140001,,0.0011630820572583016,,0.0010969352104000098,,,0.0009485792188295165,,,,,0.0013456588918279188,0.0010917609877094435,0.00062051830936837,0.0010917609877094435,,,0.00015113899774698731
444,2026-07-31,CSA,IE00B4BNMY34,14335702W,,,,,,,,,,-0.0008092773755049022,,,,,,-0.00047820935825289675,,,,-0.0011689562090626366,,0.001315075735195466,,0.001315075735195466,-0.0004125727796691658,,,-0.0003434025658670653,,-0.00039295981221460445,-0.000362211783089831,,0.0009524828370140001,,0.0011630820572583016,,0.0010969352104000098,,,0.0009485792188295165,,,,,,,,,,,0.00012955360443330579
445,2026-07-31,CSCO,US17275R1023,02077901,-0.00031619307294317216,-0.0003459691022337848,,-0.00035718106388025003,-0.0005445960691632988,-0.00043343320111311243,,-0.000580083532316797,,-0.0008092773755049022,,,-0.0007301366857867572,,,-0.00047820935825289675,,,,-0.0011689562090626366,,,,,-0.0004125727796691658,,,-0.0003434025658670653,,-0.00039295981221460445,-0.000362211783089831,,-0.00048019362944896687,,-0.00039700399553070675,,-0.0011127563913192406,-0.0016771980390898698,,0.0009485792188295165,,-0.0006074890535286143,,,,,,,,,-0.00025443423720653105
446,2026-07-31,CSGP,US22160N1090,11211101,,,,,,,,,,,,,,,,,-0.0005497703786090309,,0.0010332737919392947,,,0.001315075735195466,-0.0023145332939440203,,,,,-0.0003434025658670653,0.0030860443919253607,,,,0.0009524828370140001,,,,0.0010969352104000098,,,-0.0009524828370140001,-0.001780410226110785,-0.0006074890535286143,-0.001361490172908247,,,,0.00062051830936837,-0.0002778551373282137,,-0.0010666052045824978,-8.600017410750766e-06
447,2026-07-31,CSL,AU000000CSL8,22300301W,-0.00031619307294317216,-0.0003459691022337848,,-0.00035718106388025003,-0.0005445960691632988,,,,0.0005577188660106073,-0.0008092773755049022,,,,0.0006888491946261965,-0.000863631826098515,-0.00047820935825289675,0.0010866353492694932,,,,-0.0007926483883369932,,,,,,,0.0013378805167306475,,-0.00039295981221460445,-0.000362211783089831,-0.0006747910477970904,-0.00048019362944896687,,0.0011630820572583016,0.0031277476945189464,,,,,0.001780410226110785,-0.0006074890535286143,,,,,-0.00062051830936837,-0.0002778551373282137,0.0018082291358937658,,0.00011181322930772741
448,2026-07-31,CSL,US1423391002,00277101,-0.00031619307294317216,-0.0003459691022337848,,-0.00035718106388025003,0.0010617125201578075,,0.0026005992066786745,,0.0005577188660106073,,,,0.0014199590760392762,0.0006888491946261965,,,,,,,,,,,-0.0004125727796691658,,,-0.0003434025658670653,,-0.00039295981221460445,-0.000362211783089831,,,,0.0011630820572583016,,0.0010969352104000098,,-0.0013942971650265183,-0.0009524828370140001,,0.0011808843336449082,-0.001361490172908247,,,,,0.0010917609877094435,,,0.00016424581502239098
449,2026-07-31,CSU,CA21037X1006,17430201C,-0.00031619307294317216,-0.0003459691022337848,,-0.00035718106388025003,0.0010617125201578075,,,-0.000580083532316797,,-0.0008092773755049022,,,-0.0007301366857867572,,,-0.00047820935825289675,,,,-0.0011689562090626366,,0.001315075735195466,,0.001315075735195466,-0.0004125727796691658,,,-0.0003434025658670653,,-0.00039295981221460445,-0.000362211783089831,,,,,,,,,,,-0.0006074890535286143,,,,,,,,0.0010666052045824978,3.469926085177729e-05
450,2026-07-31,CSX,US1264081035,00257401,0.0009295314433510121,,0.0022916171227168516,,,,,,-0.0016532380671028715,,,,,-0.00204825955216285,,,-0.0005497703786090309,,,,,-0.001315075735195466,,,-0.0004125727796691658,,,-0.0003434025658670653,,-0.00039295981221460445,-0.000362211783089831,,-0.00048019362944896687,,-0.00039700399553070675,,,-0.0016771980390898698,0.0026913177836558376,,,,-0.001361490172908247,,-0.0013456588918279188,-0.00037032532703104327,-0.00062051830936837,-0.0002778551373282137,,,-0.0001908074011417215
451,2026-07-31,CTAS,US1729081059,00306201,-0.00031619307294317216,-0.0003459691022337848,-0.0011869401507405232,-0.00035718106388025003,-0.0005445960691632988,-0.00043343320111311243,-0.002630151470390932,,,,,,-0.0007301366857867572,0.0006888491946261965,,,-0.0005497703786090309,,,,,,,,-0.0004125727796691658,,,-0.0003434025658670653,,-0.00039295981221460445,,,-0.00048019362944896687,,-0.00039700399553070675,,,-0.0016771980390898698,,,,-0.0006074890535286143,-0.001361490172908247,-0.0007766890248134296,-0.0013456588918279188,-0.00037032532703104327,-0.00062051830936837,-0.0002778551373282137,,,-0.00029551095410122573
452,2026-07-31,CTC.A,CA1366812024,00270301C,,,,,,,,-0.000580083532316797,,-0.0008092773755049022,-0.0013859480802060002,0.0023617686672898165,,,0.001701862716135309,-0.00047820935825289675,0.0010866353492694932,-0.0007099795380196381,,-0.0011689562090626366,-0.0007926483883369932,,,,-0.0004125727796691658,-0.005645203155961025,,-0.0003434025658670653,,-0.00039295981221460445,-0.000362211783089831,-0.0006747910477970904,0.0009524828370140001,-0.0013301915482436897,-0.00039700399553070675,,-0.0011127563913192406,,,,,,0.0013535282420725264,,,,,-0.0002778551373282137,,,-5.637033878378116e-05
453,2026-07-31,CTSH,US1924461023,11186401,-0.00031619307294317216,-0.0003459691022337848,-0.0011869401507405232,-0.00035718106388025003,,,,,,-0.0008092773755049022,,,-0.0007301366857867572,,,-0.00047820935825289675,,,,-0.0011689562090626366,,,,,-0.0004125727796691658,,,-0.0003434025658670653,,-0.00039295981221460445,-0.000362211783089831,,0.0009524828370140001,,0.0011630820572583016,,0.0010969352104000098,,-0.0013942971650265183,,,0.0011808843336449082,,,,,,,,-0.0010666052045824978,-1.2299410096299691e-05
454,2026-07-31,CTVA,US22052L1044,03516801,-0.00031619307294317216,,,,-0.0005445960691632988,0.001278747676212166,,0.001701862716135309,,,-0.0013859480802060002,,,,,-0.00047820935825289675,,-0.0007099795380196381,,,-0.0007926483883369932,,,,-0.0004125727796691658,,,-0.0003434025658670653,,-0.00039295981221460445,-0.000362211783089831,,,,-0.00039700399553070675,,,-0.0016771980390898698,-0.0013942971650265183,,-0.001780410226110785,-0.0006074890535286143,,,,-0.00037032532703104327,-0.00062051830936837,-0.0002778551373282137,-0.0009076601152721648,,-0.00021270689350049539
455,2026-07-31,CU,CA1367178326,01443301C,,-0.0003459691022337848,,,,,,0.001701862716135309,0.0005577188660106073,,,,,0.0006888491946261965,,-0.00047820935825289675,0.0010866353492694932,,,,,-0.001315075735195466,,,-0.0004125727796691658,,,,,,,,-0.00048019362944896687,-0.0013301915482436897,,,,,,,-0.001780410226110785,-0.0006074890535286143,-0.001361490172908247,-0.0007766890248134296,,,,0.0010917609877094435,-0.0009076601152721648,,-7.12167006367153e-05
456,2026-07-31,CVC,JE00BRX98089,36139901W,-0.00031619307294317216,-0.0003459691022337848,,-0.00035718106388025003,,-0.00043343320111311243,,-0.000580083532316797,-0.0016532380671028715,,,,,,,,-0.0005497703786090309,-0.0007099795380196381,,,-0.0007926483883369932,,,,,,,,,0.0011630820572583016,0.0010666052045824978,,,,-0.00039700399553070675,,,,,-0.0009524828370140001,,0.0011808843336449082,-0.001361490172908247,,-0.0013456588918279188,-0.00037032532703104327,-0.00062051830936837,-0.0002778551373282137,-0.0009076601152721648,-0.0010666052045824978,-0.00017522161559139544
457,2026-07-31,CVE,CA15135U1093,18379101C,0.0009295314433510121,,,0.0010520605881563728,,,,-0.000580083532316797,,,0.001377698389252393,,-0.0007301366857867572,0.0006888491946261965,,,-0.0005497703786090309,,0.0010332737919392947,,,,,,0.0016185547510098044,,0.006612952268411486,0.0013378805167306475,,,,,,,,,,,,,,,,,,-0.00037032532703104327,-0.00062051830936837,-0.0002778551373282137,-0.0009076601152721648,,-5.338705184019663e-06
458,2026-07-31,CVNA,US1468691027,03099901,,0.0010196181911647667,0.0022916171227168516,0.0010520605881563728,-0.0005445960691632988,-0.00043343320111311243,-0.002630151470390932,-0.000580083532316797,,-0.0008092773755049022,0.001377698389252393,,-0.0007301366857867572,,-0.000863631826098515,-0.00047820935825289675,-0.0005497703786090309,-0.0007099795380196381,,-0.0011689562090626366,-0.0007926483883369932,0.001315075735195466,,0.001315075735195466,-0.0004125727796691658,,,-0.0003434025658670653,0.0030860443919253607,0.0011630820572583016,0.0010666052045824978,,0.0009524828370140001,,-0.00039700399553070675,,,-0.0016771980390898698,,,,,-0.001361490172908247,,,-0.00037032532703104327,,-0.0002778551373282137,,,-8.361953377324052e-05
459,2026-07-31,CVS,US1266501006,00724101,0.0009295314433510121,0.0010196181911647667,0.0022916171227168516,0.0010520605881563728,0.0010617125201578075,,0.0026005992066786745,,0.0005577188660106073,-0.0008092773755049022,,,,0.0006888491946261965,,-0.00047820935825289675,,,,,0.0015638738472594732,0.001315075735195466,0.002269150288180412,0.001315075735195466,,,,-0.0003434025658670653,0.0030860443919253607,-0.00039295981221460445,-0.000362211783089831,-0.0006747910477970904,0.0009524828370140001,,,-0.0031277476945189464,,,,0.0009485792188295165,-0.001780410226110785,-0.0006074890535286143,0.0013535282420725264,0.0015430221959626803,0.0013456588918279188,-0.00037032532703104327,0.00062051830936837,-0.0002778551373282137,,0.0010666052045824978,0.0003738242287996615
460,2026-07-31,CVX,US1667641005,00299101,-0.00031619307294317216,,,,,,,-0.000580083532316797,0.0005577188660106073,,,,-0.0007301366857867572,0.0006888491946261965,,,,,0.0010332737919392947,,,,,,-0.0004125727796691658,,-0.005645203155961025,-0.0003434025658670653,,,,,,,-0.00039700399553070675,,,,0.0026913177836558376,,,-0.0006074890535286143,,,,-0.00037032532703104327,-0.00062051830936837,-0.0002778551373282137,,-0.0010666052045824978,-9.908606201001169e-05
461,2026-07-31,CW,US2315611010,00366201,-0.00031619307294317216,-0.0003459691022337848,-0.0011869401507405232,-0.00035718106388025003,-0.0005445960691632988,-0.00043343320111311243,-0.002630151470390932,,0.0005577188660106073,,,,,0.0006888491946261965,,,,,,,,,,,-0.0004125727796691658,,,-0.0003434025658670653,,-0.00039295981221460445,-0.000362211783089831,,,,-0.00039700399553070675,,,,,-0.0009524828370140001,,-0.0006074890535286143,-0.001361490172908247,-0.0007766890248134296,-0.0013456588918279188,-0.00037032532703104327,-0.00062051830936837,-0.0002778551373282137,,,-0.00023496499043393983
462,2026-07-31,D,US25746U1097,00402901,-0.00031619307294317216,-0.0003459691022337848,,-0.00035718106388025003,-0.0005445960691632988,,-0.002630151470390932,,-0.0016532380671028715,,,-0.0023861167978804334,,-0.00204825955216285,,-0.00047820935825289675,-0.0005497703786090309,,,,,,,,-0.0004125727796691658,,,,,0.0011630820572583016,,-0.0006747910477970904,0.0009524828370140001,-0.0013301915482436897,,,,0.0032599060478084793,,0.0009485792188295165,,,,,,-0.00037032532703104327,-0.00062051830936837,-0.0002778551373282137,-0.0009076601152721648,,-0.00022994658389055637
463,2026-07-31,D05,SG1L01001701,01574301W,-0.00031619307294317216,-0.0003459691022337848,,-0.00035718106388025003,-0.0005445960691632988,,,0.001701862716135309,0.0005577188660106073,,-0.0013859480802060002,0.0023617686672898165,-0.0007301366857867572,,,,,0.002183521975418887,0.0010332737919392947,,,,0.002269150288180412,,,,,,,,-0.000362211783089831,,-0.00048019362944896687,0.0026005992066786745,,,,,,,,-0.0006074890535286143,,-0.0007766890248134296,-0.0013456588918279188,,,,,,0.00027698442515106667
464,2026-07-31,DAL,US2473617023,00385103,-0.00031619307294317216,-0.0003459691022337848,-0.0011869401507405232,-0.00035718106388025003,0.0010617125201578075,,0.0026005992066786745,,-0.0016532380671028715,,,,-0.0007301366857867572,,,,,,,,,,,0.001315075735195466,-0.0004125727796691658,,,-0.0003434025658670653,,0.0011630820572583016,0.0010666052045824978,,,,0.0011630820572583016,,,,-0.0013942971650265183,0.0009485792188295165,,0.0011808843336449082,0.0013535282420725264,0.0015430221959626803,0.0013456588918279188,0.0010917609877094435,0.00062051830936837,0.0010917609877094435,,0.0010666052045824978,0.00039486280591162395
465,2026-07-31,DANSKE,DK0010274414,01555201W,0.0009295314433510121,,,,-0.0005445960691632988,,,-0.000580083532316797,0.0005577188660106073,,,,,,,,,0.002183521975418887,0.0010332737919392947,,0.0015638738472594732,,,,,,,,,,-0.000362211783089831,,-0.00048019362944896687,-0.0013301915482436897,,,,,,,,,,,,,,,,0.0010666052045824978,5.972711234852938e-05
466,2026-07-31,DASH,US25809K1051,03742001,0.0009295314433510121,,,-0.00035718106388025003,0.0010617125201578075,-0.00043343320111311243,0.0026005992066786745,-0.000580083532316797,,-0.0008092773755049022,,,,,0.001701862716135309,-0.00047820935825289675,-0.0005497703786090309,-0.0007099795380196381,,-0.0011689562090626366,0.0015638738472594732,,,,0.0016185547510098044,,,-0.0003434025658670653,-0.0031277476945189464,,,0.002630151470390932,,,-0.00039700399553070675,,,-0.0016771980390898698,,,,,,,,-0.00037032532703104327,,-0.0002778551373282137,,,-4.879399060241491e-05
467,2026-07-31,DB1,DE0005810055,24377401W,,,,-0.00035718106388025003,-0.0005445960691632988,-0.00043343320111311243,,-0.000580083532316797,0.0005577188660106073,,,,,,,,,-0.0007099795380196381,0.0010332737919392947,,,,,,,,,,,-0.00039295981221460445,-0.000362211783089831,-0.0006747910477970904,-0.00048019362944896687,-0.0013301915482436897,-0.00039700399553070675,,,,,,,-0.0006074890535286143,,-0.0007766890248134296,-0.0013456588918279188,-0.00037032532703104327,-0.00062051830936837,-0.0002778551373282137,-0.0009076601152721648,0.0010666052045824978,-0.0001727357463425148
468,2026-07-31,DBK,DE0005140008,01557601W,-0.00031619307294317216,-0.0003459691022337848,,-0.00035718106388025003,0.0010617125201578075,0.001278747676212166,,,0.0005577188660106073,,,,,,,,0.0010866353492694932,0.002183521975418887,0.0010332737919392947,,0.0015638738472594732,,,,,,,,,0.0011630820572583016,0.0010666052045824978,-0.0006747910477970904,-0.00048019362944896687,0.0026005992066786745,0.0011630820572583016,,0.0010969352104000098,,,0.0009485792188295165,0.001780410226110785,0.0011808843336449082,0.0013535282420725264,0.0015430221959626803,,-0.00037032532703104327,-0.00062051830936837,-0.0002778551373282137,0.0018082291358937658,0.0010666052045824978,0.0004936450681868638
469,2026-07-31,DDOG,US23804L1035,03562001,-0.00031619307294317216,0.0010196181911647667,,-0.00035718106388025003,-0.0005445960691632988,-0.00043343320111311243,-0.002630151470390932,,,-0.0008092773755049022,,,-0.0007301366857867572,,,-0.00047820935825289675,,,,-0.0011689562090626366,,,,,-0.0004125727796691658,,,-0.0003434025658670653,,-0.00039295981221460445,-0.000362211783089831,,-0.00048019362944896687,,-0.00039700399553070675,,,,,,,-0.0006074890535286143,,,,,,,,,-0.00020091646256926817
470,2026-07-31,DE,US2441991054,00383501,-0.00031619307294317216,-0.0003459691022337848,-0.0011869401507405232,-0.00035718106388025003,,,,,,,,,,-0.00204825955216285,,,,,,,,-0.001315075735195466,,,-0.0004125727796691658,,,-0.0003434025658670653,,-0.00039295981221460445,-0.000362211783089831,,-0.00048019362944896687,,-0.00039700399553070675,,,-0.0016771980390898698,-0.0013942971650265183,0.0009485792188295165,,,,-0.0007766890248134296,,-0.00037032532703104327,,-0.0002778551373282137,,0.0010666052045824978,-0.00015479851176536722
471,2026-07-31,DECK,US2435371073,02901501,0.0009295314433510121,,0.0022916171227168516,0.0010520605881563728,,,0.0026005992066786745,,,0.0031705935533479727,,0.0023617686672898165,0.0014199590760392762,,,0.001881734385320342,0.0010866353492694932,-0.0007099795380196381,,0.004538300576360824,,,-0.0023145332939440203,,-0.0004125727796691658,,,-0.0003434025658670653,,,,0.002630151470390932,,,,,,0.0032599060478084793,,-0.0009524828370140001,,,-0.001361490172908247,,,,,0.0010917609877094435,,-0.0010666052045824978,0.0004925431362533607
472,2026-07-31,DELL,US24703L2025,01448908,0.0009295314433510121,0.0010196181911647667,0.0022916171227168516,0.0010520605881563728,,0.001278747676212166,,0.001701862716135309,,-0.0008092773755049022,,,-0.0007301366857867572,,,0.001881734385320342,,,,-0.0011689562090626366,,0.001315075735195466,,-0.001315075735195466,-0.0004125727796691658,,,0.0013378805167306475,0.0030860443919253607,0.0011630820572583016,-0.000362211783089831,,0.0009524828370140001,,0.0011630820572583016,,0.0010969352104000098,,,0.0009485792188295165,,0.0011808843336449082,,,,,,,,,0.00032055138783118413
473,2026-07-31,DEMANT,DK0060738599,20454401W,,-0.0003459691022337848,,-0.00035718106388025003,,,,,0.0005577188660106073,-0.0008092773755049022,,,,0.0006888491946261965,,-0.00047820935825289675,-0.0005497703786090309,,,,,,,0.001315075735195466,,,,-0.0003434025658670653,,-0.00039295981221460445,-0.000362211783089831,-0.0006747910477970904,-0.00048019362944896687,,-0.00039700399553070675,,,,,-0.0009524828370140001,,,,,,-0.00037032532703104327,-0.00062051830936837,-0.0002778551373282137,,0.0010666052045824978,-5.270807054509201e-05
474,2026-07-31,DG,FR0000125486,10229602W,-0.00031619307294317216,-0.0003459691022337848,,-0.00035718106388025003,,,,,0.0005577188660106073,,,,,,,,,,,,,,,,-0.0004125727796691658,,,-0.0003434025658670653,,-0.00039295981221460445,-0.000362211783089831,,0.0009524828370140001,,-0.00039700399553070675,,,,,0.0009485792188295165,,,0.0013535282420725264,0.0015430221959626803,0.0013456588918279188,0.0010917609877094435,0.00062051830936837,0.0010917609877094435,,0.0010666052045824978,0.00020449862660044471
475,2026-07-31,DG,US2566771059,00401602,,,,,,,,,,,0.001377698389252393,,0.0014199590760392762,0.0006888491946261965,,-0.00047820935825289675,,,-0.0030454385446631845,,,,,,,,,-0.0003434025658670653,,0.0011630820572583016,-0.000362211783089831,,,,,0.0031277476945189464,,,,,,0.0011808843336449082,,,,,,-0.0002778551373282137,0.0018082291358937658,,0.00012857277691410694
476,2026-07-31,DGE,GB0002374006,01863601W,-0.00031619307294317216,,,,-0.0005445960691632988,,,,,,-0.0013859480802060002,,-0.0007301366857867572,-0.00204825955216285,-0.000863631826098515,-0.00047820935825289675,,,,,-0.0007926483883369932,-0.001315075735195466,-0.0023145332939440203,,,,,-0.0003434025658670653,,-0.00039295981221460445,-0.000362211783089831,,-0.00048019362944896687,,-0.00039700399553070675,-0.0031277476945189464,,,,,0.001780410226110785,-0.0006074890535286143,,,,-0.00037032532703104327,-0.00062051830936837,-0.0002778551373282137,0.0018082291358937658,,-0.0002980841576415568
477,2026-07-31,DGX,US74834L1008,06416601,,,,,-0.0005445960691632988,,,,,-0.0008092773755049022,,,,0.0006888491946261965,,-0.00047820935825289675,,,,,,,,,,,,-0.0003434025658670653,,,-0.000362211783089831,-0.0006747910477970904,0.0009524828370140001,,,,,,-0.0013942971650265183,,,,,,,-0.00037032532703104327,-0.00062051830936837,-0.0002778551373282137,,,-7.881370487629083e-05
478,2026-07-31,DHER,DE000A2E4K43,32485901W,-0.00031619307294317216,-0.0003459691022337848,,-0.00035718106388025003,,-0.00043343320111311243,,-0.000580083532316797,,-0.0008092773755049022,,,,,-0.000863631826098515,-0.00047820935825289675,0.0010866353492694932,-0.0007099795380196381,,-0.0011689562090626366,0.0015638738472594732,,0.002269150288180412,0.001315075735195466,,,,-0.0003434025658670653,,,0.0010666052045824978,0.002630151470390932,0.0009524828370140001,,-0.00039700399553070675,0.0031277476945189464,-0.0011127563913192406,,,,,,,,,-0.00037032532703104327,,-0.0002778551373282137,,0.0010666052045824978,0.0001907711355874968
479,2026-07-31,DHI,US23331A1097,02534001,-0.00031619307294317216,,,,-0.0005445960691632988,-0.00043343320111311243,,,,-0.0008092773755049022,0.001377698389252393,,-0.0007301366857867572,,-0.000863631826098515,-0.00047820935825289675,,-0.0007099795380196381,,-0.0011689562090626366,-0.0007926483883369932,,,,-0.0004125727796691658,,,0.0013378805167306475,,-0.00039295981221460445,-0.000362211783089831,-0.0006747910477970904,-0.00048019362944896687,,,,0.0010969352104000098,,,,,,,,,,,0.0010917609877094435,,-0.0010666052045824978,-6.748152466407361e-05
480,2026-07-31,DHL,DE0005552004,24145601W,0.0009295314433510121,,,0.0010520605881563728,,-0.00043343320111311243,,,,,,,,0.0006888491946261965,,,,,,,,0.001315075735195466,,0.001315075735195466,-0.0004125727796691658,,,-0.0003434025658670653,,,,,-0.00048019362944896687,,0.0011630820572583016,,0.0010969352104000098,,,0.0009485792188295165,,0.0011808843336449082,,0.0015430221959626803,0.0013456588918279188,0.0010917609877094435,0.00062051830936837,0.0010917609877094435,,,0.00034370454520495943
481,2026-07-31,DHR,US2358511028,00373501,,-0.0003459691022337848,,-0.00035718106388025003,-0.0005445960691632988,,,,0.0005577188660106073,-0.0008092773755049022,,,,0.0006888491946261965,,-0.00047820935825289675,,,,,,-0.001315075735195466,,-0.001315075735195466,,,,-0.0003434025658670653,,-0.00039295981221460445,-0.000362211783089831,-0.0006747910477970904,-0.00048019362944896687,,-0.00039700399553070675,-0.0031277476945189464,,,0.0026913177836558376,,,-0.0006074890535286143,,-0.0007766890248134296,,-0.00037032532703104327,,-0.0002778551373282137,,,-0.0002960796030723084
482,2026-07-31,DIE,BE0974259880,10178301W,-0.00031619307294317216,-0.0003459691022337848,,-0.00035718106388025003,0.0010617125201578075,-0.00043343320111311243,,-0.000580083532316797,,-0.0008092773755049022,,0.0023617686672898165,0.0014199590760392762,,,0.001881734385320342,0.0010866353492694932,-0.0007099795380196381,,-0.0011689562090626366,-0.0007926483883369932,0.001315075735195466,,0.001315075735195466,-0.0004125727796691658,,,-0.0003434025658670653,,,,-0.0006747910477970904,-0.00048019362944896687,-0.0013301915482436897,0.0011630820572583016,,-0.0011127563913192406,,,-0.0009524828370140001,,,,,,-0.00037032532703104327,,-0.0002778551373282137,,0.0010666052045824978,0.00011682598105192422
483,2026-07-31,DIM,FR0013154002,21150901W,-0.00031619307294317216,-0.0003459691022337848,,-0.00035718106388025003,,,,,-0.0016532380671028715,-0.0008092773755049022,,,,-0.00204825955216285,,-0.00047820935825289675,,,,,,-0.001315075735195466,0.002269150288180412,,,,,-0.0003434025658670653,,-0.00039295981221460445,-0.000362211783089831,-0.0006747910477970904,-0.00048019362944896687,,-0.00039700399553070675,,-0.0011127563913192406,,,,-0.001780410226110785,-0.0006074890535286143,,-0.0007766890248134296,,-0.00037032532703104327,-0.00062051830936837,-0.0002778551373282137,-0.0009076601152721648,,-0.00025052825444994763
484,2026-07-31,DIS,US2546871060,00398001,,,,,-0.0005445960691632988,-0.00043343320111311243,-0.002630151470390932,,,,,,,,-0.000863631826098515,,-0.0005497703786090309,,,,,,,,,,,,,,,,,,,,,,,0.0009485792188295165,,,,,,-0.00037032532703104327,-0.00062051830936837,-0.0002778551373282137,,,-0.00015060207811125513
485,2026-07-31,DKS,US2533931026,15013901,,-0.0003459691022337848,-0.0011869401507405232,-0.00035718106388025003,,-0.00043343320111311243,,-0.000580083532316797,,-0.0008092773755049022,0.001377698389252393,-0.0023861167978804334,-0.0007301366857867572,,-0.000863631826098515,-0.00047820935825289675,,-0.0007099795380196381,,-0.0011689562090626366,-0.0007926483883369932,,,,-0.0004125727796691658,,-0.005645203155961025,-0.0003434025658670653,-0.0031277476945189464,-0.00039295981221460445,-0.000362211783089831,-0.0006747910477970904,0.0009524828370140001,,-0.00039700399553070675,,,-0.0016771980390898698,,,,,,,,-0.00037032532703104327,,-0.0002778551373282137,,,-0.0004547754940530412
486,2026-07-31,DLR,US2538681030,16099101,-0.00031619307294317216,,,,,,,,,,,,,,,,,,,,,,,,,,,-0.0003434025658670653,,,,,,-0.0013301915482436897,,,,,,,-0.001780410226110785,-0.0006074890535286143,,,,-0.00037032532703104327,0.00062051830936837,-0.0002778551373282137,,,-7.408602763636438e-05
487,2026-07-31,DLTR,US2567461080,03158701,0.0009295314433510121,0.0010196181911647667,,,0.0010617125201578075,,0.0026005992066786745,,,,,,0.0014199590760392762,-0.00204825955216285,0.001701862716135309,-0.00047820935825289675,,,0.0010332737919392947,,,,,,,,0.006612952268411486,-0.0003434025658670653,,0.0011630820572583016,0.0010666052045824978,,0.0009524828370140001,,-0.00039700399553070675,,,,-0.0013942971650265183,,,,,-0.0007766890248134296,,,,0.0010917609877094435,-0.0009076601152721648,,0.00016596236479818018
488,2026-07-31,DNB,NO0010161896,20070503W,-0.00031619307294317216,-0.0003459691022337848,,-0.00035718106388025003,-0.0005445960691632988,,,,0.0005577188660106073,,,-0.0023861167978804334,,,-0.000863631826098515,,,0.002183521975418887,0.0010332737919392947,,,,,,,,,,,,-0.000362211783089831,,-0.00048019362944896687,-0.0013301915482436897,,,,,,,,-0.0006074890535286143,,0.0015430221959626803,,,,,0.0018082291358937658,,-3.214160070219208e-05
489,2026-07-31,DOL,CA25675T1075,18368301C,-0.00031619307294317216,-0.0003459691022337848,,-0.00035718106388025003,-0.0005445960691632988,-0.00043343320111311243,,,,0.0031705935533479727,0.001377698389252393,,-0.0007301366857867572,,0.001701862716135309,0.001881734385320342,,-0.0007099795380196381,,0.004538300576360824,-0.0007926483883369932,,,0.001315075735195466,-0.0004125727796691658,0.005143407319875601,,-0.0003434025658670653,,-0.00039295981221460445,,-0.0006747910477970904,,,-0.00039700399553070675,,,,,-0.0009524828370140001,,,-0.001361490172908247,,,-0.00037032532703104327,,-0.0002778551373282137,,0.0010666052045824978,0.0001447285380913827
490,2026-07-31,DOV,US2600031080,00405801,-0.00031619307294317216,-0.0003459691022337848,-0.0011869401507405232,-0.00035718106388025003,,-0.00043343320111311243,,,0.0005577188660106073,,,,-0.0007301366857867572,0.0006888491946261965,,,-0.0005497703786090309,,,,,,,,-0.0004125727796691658,,,0.0013378805167306475,,-0.00039295981221460445,-0.000362211783089831,,,,0.0011630820572583016,,0.0010969352104000098,0.0032599060478084793,,,,,,,,-0.00037032532703104327,,-0.0002778551373282137,,-0.0010666052045824978,0.00010207702698054382
491,2026-07-31,DOW,US2605571031,03444301,0.0009295314433510121,0.0010196181911647667,0.0022916171227168516,0.0010520605881563728,,0.001278747676212166,,-0.000580083532316797,,,,,-0.0007301366857867572,,,-0.00047820935825289675,0.0010866353492694932,-0.0007099795380196381,,,,,,,-0.0004125727796691658,-0.005645203155961025,-0.005645203155961025,-0.0003434025658670653,-0.0031277476945189464,-0.00039295981221460445,-0.000362211783089831,,-0.00048019362944896687,,0.0011630820572583016,,-0.0011127563913192406,,,0.0009485792188295165,-0.001780410226110785,,,,,-0.00037032532703104327,0.00062051830936837,-0.0002778551373282137,0.0018082291358937658,,2.4559181037080765e-06
492,2026-07-31,DPZ,US25754A2015,16021102,-0.00031619307294317216,-0.0003459691022337848,-0.0011869401507405232,-0.00035718106388025003,,-0.00043343320111311243,,-0.000580083532316797,,0.0031705935533479727,,,0.0014199590760392762,,0.001701862716135309,0.001881734385320342,0.0010866353492694932,-0.0007099795380196381,,0.004538300576360824,,0.001315075735195466,,-0.001315075735195466,-0.0004125727796691658,0.005143407319875601,0.006612952268411486,-0.0003434025658670653,0.0030860443919253607,-0.00039295981221460445,-0.000362211783089831,-0.0006747910477970904,,,,,,,,-0.0009524828370140001,,,-0.001361490172908247,,,-0.00037032532703104327,,-0.0002778551373282137,,,0.00012673710501252074
493,2026-07-31,DRI,US2371941053,03184601,-0.00031619307294317216,-0.0003459691022337848,-0.0011869401507405232,-0.00035718106388025003,-0.0005445960691632988,-0.00043343320111311243,,-0.000580083532316797,,-0.0008092773755049022,0.001377698389252393,,,,,-0.00047820935825289675,,-0.0007099795380196381,,-0.0011689562090626366,0.0015638738472594732,,0.002269150288180412,0.001315075735195466,-0.0004125727796691658,,-0.005645203155961025,-0.0003434025658670653,,-0.00039295981221460445,-0.000362211783089831,-0.0006747910477970904,,,-0.00039700399553070675,,,-0.0016771980390898698,,,,,,,,-0.00037032532703104327,,-0.0002778551373282137,,0.0010666052045824978,-6.73820034664653e-05
494,2026-07-31,DSCT,IL0006912120,00620301W,,-0.0003459691022337848,,-0.00035718106388025003,0.0010617125201578075,-0.00043343320111311243,,,,,0.001377698389252393,0.0023617686672898165,,,0.001701862716135309,,,0.002183521975418887,0.0010332737919392947,,0.0015638738472594732,,0.002269150288180412,,,,,,,,-0.000362211783089831,,-0.00048019362944896687,0.0026005992066786745,,,,,,,0.001780410226110785,0.0011808843336449082,0.0013535282420725264,0.0015430221959626803,,,,,0.0018082291358937658,,0.000565603371341996
495,2026-07-31,DSFIR,CH1216478797,10245411W,,,,-0.00035718106388025003,-0.0005445960691632988,0.001278747676212166,,-0.000580083532316797,,,-0.0013859480802060002,,0.0014199590760392762,,-0.000863631826098515,-0.00047820935825289675,0.0010866353492694932,-0.0007099795380196381,,,-0.0007926483883369932,,,,-0.0004125727796691658,,,-0.0003434025658670653,,-0.00039295981221460445,-0.000362211783089831,,,,-0.00039700399553070675,,-0.0011127563913192406,,,,-0.001780410226110785,-0.0006074890535286143,,,,-0.00037032532703104327,0.00062051830936837,-0.0002778551373282137,-0.0009076601152721648,,-0.00021107221870227144
496,2026-07-31,DSG,CA2499061083,06632601C,-0.00031619307294317216,-0.0003459691022337848,,,,-0.00043343320111311243,,-0.000580083532316797,,-0.0008092773755049022,0.001377698389252393,0.0023617686672898165,,,,-0.00047820935825289675,,,,-0.0011689562090626366,,-0.001315075735195466,,-0.001315075735195466,-0.0004125727796691658,,,-0.0003434025658670653,,-0.00039295981221460445,-0.000362211783089831,,-0.00048019362944896687,,,,,,,-0.0009524828370140001,,,,,,,,,,-0.0010666052045824978,-8.786715392630568e-05
497,2026-07-31,DSV,DK0060079531,21302901W,-0.00031619307294317216,-0.0003459691022337848,,-0.00035718106388025003,,-0.00043343320111311243,,,0.0005577188660106073,,,,0.0014199590760392762,0.0006888491946261965,,,-0.0005497703786090309,,,,,,,,-0.0004125727796691658,,,-0.0003434025658670653,,-0.00039295981221460445,-0.000362211783089831,,0.0009524828370140001,,-0.00039700399553070675,,,,,,,,,-0.0007766890248134296,,-0.00037032532703104327,-0.00062051830936837,-0.0002778551373282137,,,-6.946156921625858e-05
498,2026-07-31,DSY,FR0014003TT8,06316901W,-0.00031619307294317216,-0.0003459691022337848,,-0.00035718106388025003,-0.0005445960691632988,-0.00043343320111311243,,,,-0.0008092773755049022,-0.0013859480802060002,,,,,-0.00047820935825289675,,,,-0.0011689562090626366,,,,,-0.0004125727796691658,,,-0.0003434025658670653,,-0.00039295981221460445,-0.000362211783089831,,-0.00048019362944896687,,-0.00039700399553070675,,-0.0011127563913192406,,,,,-0.0006074890535286143,,,,,,,,,-0.00019791652639500248
499,2026-07-31,DTE,DE0005557508,22161601W,,,,,,0.001278747676212166,,,,,,,,,,,,,,,-0.0007926483883369932,,,,,,,,,,-0.000362211783089831,,,,,,,,,0.0009485792188295165,,,,,,0.0010917609877094435,-0.00062051830936837,0.0010917609877094435,,,6.56457849014288e-05
500,2026-07-31,DTE,US2333311072,00389701,-0.00031619307294317216,-0.0003459691022337848,-0.0011869401507405232,-0.00035718106388025003,,,,-0.000580083532316797,,,,,,0.0006888491946261965,,-0.00047820935825289675,-0.0005497703786090309,,,,,,,,-0.0004125727796691658,,,,0.0030860443919253607,-0.00039295981221460445,,-0.0006747910477970904,0.0009524828370140001,,,,,,,,-0.001780410226110785,-0.0006074890535286143,,-0.0007766890248134296,,-0.00037032532703104327,-0.00062051830936837,-0.0002778551373282137,,,-0.00012014573023136187
501,2026-07-31,DTG,DE000DTR0CK8,35159001W,-0.00031619307294317216,-0.0003459691022337848,,-0.00035718106388025003,0.0010617125201578075,-0.00043343320111311243,,,0.0005577188660106073,,,,,0.0006888491946261965,,,0.0010866353492694932,,,,,,,,-0.0004125727796691658,,,,,-0.00039295981221460445,-0.000362211783089831,,-0.00048019362944896687,,0.0011630820572583016,,0.0010969352104000098,,,0.0009485792188295165,,,0.0013535282420725264,,0.0013456588918279188,0.0010917609877094435,0.00062051830936837,0.0010917609877094435,,,0.00024331645233417596
502,2026-07-31,DUK,US26441C2044,00409301,-0.00031619307294317216,-0.0003459691022337848,,-0.00035718106388025003,-0.0005445960691632988,,-0.002630151470390932,-0.000580083532316797,0.0005577188660106073,,,-0.0023861167978804334,,,,-0.00047820935825289675,,,,,,,,,-0.0004125727796691658,-0.005645203155961025,-0.005645203155961025,,,0.0011630820572583016,,-0.0006747910477970904,,-0.0013301915482436897,,,,,,0.0009485792188295165,,,,,,-0.00037032532703104327,-0.00062051830936837,-0.0002778551373282137,,,-0.00036945555202801605
503,2026-07-31,DVN,US25179M1036,01493401,-0.00031619307294317216,,,-0.00035718106388025003,,-0.00043343320111311243,,-0.000580083532316797,-0.0016532380671028715,,,,,,,,,,-0.0030454385446631845,,,,,,-0.0004125727796691658,,-0.005645203155961025,-0.0003434025658670653,,,,,,,0.0011630820572583016,,,,,,,,,,,-0.00037032532703104327,,-0.0002778551373282137,0.0018082291358937658,,-6.887116197480565e-05
504,2026-07-31,DXCM,US2521311074,16288701,,0.0010196181911647667,0.0022916171227168516,0.0010520605881563728,0.0010617125201578075,,0.0026005992066786745,,-0.0016532380671028715,-0.0008092773755049022,,,,-0.00204825955216285,0.001701862716135309,0.001881734385320342,0.0010866353492694932,,,,0.0015638738472594732,0.001315075735195466,,,,,,0.0013378805167306475,0.0030860443919253607,0.0011630820572583016,,0.002630151470390932,,,0.0011630820572583016,0.0031277476945189464,0.0010969352104000098,,,,,0.0011808843336449082,,,,,0.00062051830936837,0.0010917609877094435,-0.0009076601152721648,,0.0005783372152102824
505,2026-07-31,EA,US2855121099,01672101,-0.00031619307294317216,-0.0003459691022337848,-0.0011869401507405232,-0.00035718106388025003,-0.0005445960691632988,-0.00043343320111311243,-0.002630151470390932,-0.000580083532316797,,,0.001377698389252393,-0.0023861167978804334,,,,,0.0010866353492694932,,,,0.0015638738472594732,,,,,,,,,,-0.000362211783089831,,-0.00048019362944896687,,,,,,,,,,,,,-0.00037032532703104327,,-0.0002778551373282137,,,-0.00023732793116006682
506,2026-07-31,EBAY,US2786421030,11452401,0.0009295314433510121,,,,,-0.00043343320111311243,,0.001701862716135309,,-0.0008092773755049022,0.001377698389252393,,,,,-0.00047820935825289675,0.0010866353492694932,0.002183521975418887,,-0.0011689562090626366,0.0015638738472594732,,,,-0.0004125727796691658,,,-0.0003434025658670653,0.0030860443919253607,-0.00039295981221460445,-0.000362211783089831,-0.0006747910477970904,,,-0.00039700399553070675,,,-0.0016771980390898698,,,,,,,,-0.00037032532703104327,,-0.0002778551373282137,,,6.16686697332489e-05
507,2026-07-31,EBS,AT0000652011,21465902W,-0.00031619307294317216,,,,0.0010617125201578075,0.001278747676212166,,-0.000580083532316797,,,,-0.0023861167978804334,-0.0007301366857867572,,0.001701862716135309,,,0.002183521975418887,0.0010332737919392947,,0.0015638738472594732,,,,,,,,,,,,,,,,,,,,,0.0011808843336449082,,,,,,,,,4.5835306853162065e-05
508,2026-07-31,ECL,US2788651006,00421301,-0.00031619307294317216,-0.0003459691022337848,-0.0011869401507405232,-0.00035718106388025003,-0.0005445960691632988,-0.00043343320111311243,,-0.000580083532316797,,,-0.0013859480802060002,,,,,-0.00047820935825289675,-0.0005497703786090309,-0.0007099795380196381,,,,,,,-0.0004125727796691658,,-0.005645203155961025,-0.0003434025658670653,,-0.00039295981221460445,-0.000362211783089831,,-0.00048019362944896687,,-0.00039700399553070675,,,,,,,-0.0006074890535286143,,,,-0.00037032532703104327,-0.00062051830936837,-0.0002778551373282137,-0.0009076601152721648,,-0.0002943733235593152
509,2026-07-31,ED,US2091151041,00341301,-0.00031619307294317216,,0.0022916171227168516,-0.00035718106388025003,,,-0.002630151470390932,-0.000580083532316797,0.0005577188660106073,,,,,0.0006888491946261965,,-0.00047820935825289675,,,,,,,,,-0.0004125727796691658,0.005143407319875601,0.006612952268411486,,0.0030860443919253607,,,-0.0006747910477970904,,-0.0013301915482436897,,,,,,,,,,,,-0.00037032532703104327,-0.00062051830936837,-0.0002778551373282137,,,-7.332202439273814e-05
510,2026-07-31,EDP,PTEDP0AM0009,06491001W,-0.00031619307294317216,,,,-0.0005445960691632988,,,,0.0005577188660106073,,-0.0013859480802060002,,,0.0006888491946261965,,-0.00047820935825289675,,,,,,,,,0.0016185547510098044,,,,,-0.00039295981221460445,,-0.0006747910477970904,,-0.0013301915482436897,,,,,,,0.001780410226110785,-0.0006074890535286143,0.0013535282420725264,,0.0013456588918279188,,0.00062051830936837,-0.0002778551373282137,,,-1.3207496404778909e-06
511,2026-07-31,EDPR,ES0127797019,28897002W,,0.0010196181911647667,,0.0010520605881563728,0.0010617125201578075,,,-0.000580083532316797,,,-0.0013859480802060002,,,-0.00204825955216285,,-0.00047820935825289675,,,,,,-0.001315075735195466,,-0.001315075735195466,0.0016185547510098044,,,,,0.0011630820572583016,,-0.0006747910477970904,,-0.0013301915482436897,,,,,,,-0.001780410226110785,-0.0006074890535286143,,-0.0007766890248134296,-0.0013456588918279188,-0.00037032532703104327,0.00062051830936837,-0.0002778551373282137,-0.0009076601152721648,,-0.00026911055424484764
512,2026-07-31,EDVM.F,GB00BL6K5J42,10880401,,,,,,,,,,,0.001377698389252393,,,,0.001701862716135309,0.001881734385320342,0.0010866353492694932,0.002183521975418887,,,,,,,-0.0004125727796691658,,,-0.0003434025658670653,0.0030860443919253607,0.0011630820572583016,0.0010666052045824978,,0.0009524828370140001,,0.0011630820572583016,,0.0010969352104000098,0.0032599060478084793,0.0026913177836558376,-0.0009524828370140001,0.001780410226110785,,,,,0.0010917609877094435,0.00062051830936837,0.0010917609877094435,-0.0009076601152721648,,0.0005068972892677686
513,2026-07-31,EFN,CA2861812014,17031101C,-0.00031619307294317216,-0.0003459691022337848,,-0.00035718106388025003,,-0.00043343320111311243,,,0.0005577188660106073,,,,,0.0006888491946261965,,,,,,,,-0.001315075735195466,,-0.001315075735195466,-0.0004125727796691658,,,-0.0003434025658670653,,-0.00039295981221460445,-0.000362211783089831,,,,0.0011630820572583016,,,,,,,,,0.0015430221959626803,,-0.00037032532703104327,,-0.0002778551373282137,,0.0010666052045824978,-3.981965937137179e-05
514,2026-07-31,EFX,US2944291051,00442301,-0.00031619307294317216,-0.0003459691022337848,-0.0011869401507405232,-0.00035718106388025003,0.0010617125201578075,,0.0026005992066786745,,,,,,,-0.00204825955216285,,,0.0010866353492694932,,,,,-0.001315075735195466,,,-0.0004125727796691658,,,0.0013378805167306475,0.0030860443919253607,,,,,,0.0011630820572583016,,0.0010969352104000098,,-0.0013942971650265183,,,,,,,,-0.00062051830936837,-0.0002778551373282137,,,0.00011581096134034521
515,2026-07-31,EG,BMG3223R1088,06138801,-0.00031619307294317216,-0.0003459691022337848,-0.0011869401507405232,-0.00035718106388025003,0.0010617125201578075,0.001278747676212166,0.0026005992066786745,-0.000580083532316797,0.0005577188660106073,,,,,,-0.000863631826098515,,,-0.0007099795380196381,,,-0.0007926483883369932,,,,,,,,,0.0011630820572583016,0.0010666052045824978,,,-0.0013301915482436897,-0.00039700399553070675,,-0.0011127563913192406,-0.0016771980390898698,,,0.001780410226110785,0.0011808843336449082,,0.0015430221959626803,0.0013456588918279188,0.0010917609877094435,0.00062051830936837,0.0010917609877094435,0.0018082291358937658,,0.00019183315512584428
516,2026-07-31,EIX,US2810201077,00984601,-0.00031619307294317216,-0.0003459691022337848,0.0022916171227168516,-0.00035718106388025003,,,0.0026005992066786745,,0.0005577188660106073,,0.001377698389252393,0.0023617686672898165,,0.0006888491946261965,,0.001881734385320342,,,,,,,,,-0.0004125727796691658,,0.006612952268411486,,0.0030860443919253607,0.0011630820572583016,,0.002630151470390932,0.0009524828370140001,,,,,,,0.0009485792188295165,0.001780410226110785,0.0011808843336449082,0.0013535282420725264,0.0015430221959626803,,0.0010917609877094435,-0.00062051830936837,-0.0002778551373282137,0.0018082291358937658,0.0010666052045824978,0.0006403325992432506
517,2026-07-31,EL,FR0000121667,10124803W,-0.00031619307294317216,,,,-0.0005445960691632988,,,,,-0.0008092773755049022,,,,,-0.000863631826098515,-0.00047820935825289675,,,,,,,0.002269150288180412,,,,,-0.0003434025658670653,,-0.00039295981221460445,-0.000362211783089831,-0.0006747910477970904,,,,,,,,,,,,-0.0007766890248134296,,-0.00037032532703104327,,-0.0002778551373282137,,,-3.205506495681909e-05
518,2026-07-31,EL,US5184391044,06156701,0.0009295314433510121,0.0010196181911647667,0.0022916171227168516,,0.0010617125201578075,,0.0026005992066786745,,,,,,,0.0006888491946261965,0.001701862716135309,-0.00047820935825289675,0.0010866353492694932,,-0.0030454385446631845,,,,,,,,,0.0013378805167306475,,0.0011630820572583016,0.0010666052045824978,,-0.00048019362944896687,,,-0.0031277476945189464,,,0.0026913177836558376,,-0.001780410226110785,-0.0006074890535286143,,-0.0007766890248134296,,-0.00037032532703104327,0.00062051830936837,-0.0002778551373282137,-0.0009076601152721648,0.0010666052045824978,5.46144855039855e-07
519,2026-07-31,ELE,ES0130670112,01532101W,0.0009295314433510121,0.0010196181911647667,,0.0010520605881563728,,,,,0.0005577188660106073,,,,,0.0006888491946261965,,0.001881734385320342,,,,,,0.001315075735195466,,0.001315075735195466,0.0016185547510098044,,,,,,,-0.0006747910477970904,-0.00048019362944896687,0.0026005992066786745,,,,,,,,0.0011808843336449082,,,,,-0.00062051830936837,0.0010917609877094435,,,0.00023840152507486226
520,2026-07-31,ELI,BE0003822393,26974401W,,,,,0.0010617125201578075,,,,-0.0016532380671028715,,-0.0013859480802060002,-0.0023861167978804334,,-0.00204825955216285,,-0.00047820935825289675,-0.0005497703786090309,,,,,-0.001315075735195466,,,0.0016185547510098044,,,,,-0.00039295981221460445,,-0.0006747910477970904,-0.00048019362944896687,-0.0013301915482436897,,,,,,,0.001780410226110785,,,-0.0007766890248134296,,,0.00062051830936837,-0.0002778551373282137,-0.0009076601152721648,,-0.00030439055102019863
521,2026-07-31,ELISA,FI0009007884,23408701W,-0.00031619307294317216,-0.0003459691022337848,,-0.00035718106388025003,-0.0005445960691632988,-0.00043343320111311243,,-0.000580083532316797,,,-0.0013859480802060002,,,,0.001701862716135309,,,,,,-0.0007926483883369932,,,,,,,,,,-0.000362211783089831,,-0.00048019362944896687,,,,,,,-0.0009524828370140001,,,,,,,-0.00062051830936837,-0.0002778551373282137,,,-0.00014879173685544063
522,2026-07-31,ELV,US0367521038,14504601,-0.00031619307294317216,0.0010196181911647667,0.0022916171227168516,0.0010520605881563728,-0.0005445960691632988,,-0.002630151470390932,,0.0005577188660106073,-0.0008092773755049022,,,,0.0006888491946261965,,-0.00047820935825289675,,,,,0.0015638738472594732,0.001315075735195466,,0.001315075735195466,,,,0.0013378805167306475,0.0030860443919253607,-0.00039295981221460445,-0.000362211783089831,-0.0006747910477970904,0.0009524828370140001,,0.0011630820572583016,-0.0031277476945189464,0.0010969352104000098,,,0.0009485792188295165,,-0.0006074890535286143,0.0013535282420725264,0.0015430221959626803,0.0013456588918279188,0.0010917609877094435,0.00062051830936837,0.0010917609877094435,0.0018082291358937658,,0.00037244378535471656
523,2026-07-31,EMA,CA2908761018,02579201C,,0.0010196181911647667,,0.0010520605881563728,-0.0005445960691632988,,,0.001701862716135309,0.0005577188660106073,,,,,0.0006888491946261965,,-0.00047820935825289675,-0.0005497703786090309,,,,,,,,-0.0004125727796691658,-0.005645203155961025,,,,,,-0.0006747910477970904,0.0009524828370140001,,,,,,,,,-0.0006074890535286143,,,,-0.00037032532703104327,0.00062051830936837,-0.0002778551373282137,,,3.671703850676314e-05
524,2026-07-31,EME,US29084Q1004,00622301,,,0.0022916171227168516,,0.0010617125201578075,,0.0026005992066786745,,0.0005577188660106073,,,,-0.0007301366857867572,0.0006888491946261965,,,-0.0005497703786090309,,,,,0.001315075735195466,,0.001315075735195466,-0.0004125727796691658,,,-0.0003434025658670653,,,,,0.0009524828370140001,,-0.00039700399553070675,,,-0.0016771980390898698,,,,0.0011808843336449082,,-0.0007766890248134296,,-0.00037032532703104327,-0.00062051830936837,-0.0002778551373282137,,,0.00010826032441397361
525,2026-07-31,EMP.A,CA2918434077,01431201C,-0.00031619307294317216,,,,,,,,,,0.001377698389252393,,-0.0007301366857867572,0.0006888491946261965,0.001701862716135309,-0.00047820935825289675,0.0010866353492694932,,0.0010332737919392947,,,,,0.001315075735195466,,-0.005645203155961025,,-0.0003434025658670653,,-0.00039295981221460445,-0.000362211783089831,,0.0009524828370140001,,-0.00039700399553070675,0.0031277476945189464,-0.0011127563913192406,,,,-0.001780410226110785,-0.0006074890535286143,,,0.0013456588918279188,0.0010917609877094435,-0.00062051830936837,0.0010917609877094435,,,0.00019061602023508868
526,2026-07-31,EMR,US2910111044,00432101,-0.00031619307294317216,-0.0003459691022337848,-0.0011869401507405232,-0.00035718106388025003,,-0.00043343320111311243,,,0.0005577188660106073,,,,-0.0007301366857867572,0.0006888491946261965,,,,,,,,-0.001315075735195466,,-0.001315075735195466,-0.0004125727796691658,,,-0.0003434025658670653,,,,,-0.00048019362944896687,,,,,-0.0016771980390898698,-0.0013942971650265183,,,-0.0006074890535286143,,-0.0007766890248134296,,-0.00037032532703104327,-0.00062051830936837,-0.0002778551373282137,,,-0.0002330241684766926
527,2026-07-31,EMSN,CH0016440353,10228301W,-0.00031619307294317216,-0.0003459691022337848,,-0.00035718106388025003,-0.0005445960691632988,-0.00043343320111311243,,-0.000580083532316797,,,,,-0.0007301366857867572,,,0.001881734385320342,,-0.0007099795380196381,,,-0.0007926483883369932,,,,-0.0004125727796691658,,,-0.0003434025658670653,,-0.00039295981221460445,-0.000362211783089831,,-0.00048019362944896687,,-0.00039700399553070675,,,,,-0.0009524828370140001,,-0.0006074890535286143,,,,-0.00037032532703104327,-0.00062051830936837,-0.0002778551373282137,-0.0009076601152721648,,-0.0002077575427942913
528,2026-07-31,EN,FR0000120503,10109701W,-0.00031619307294317216,-0.0003459691022337848,,-0.00035718106388025003,,0.001278747676212166,,,0.0005577188660106073,,,,,0.0006888491946261965,,,0.0010866353492694932,,,,,0.001315075735195466,,0.001315075735195466,-0.0004125727796691658,,,-0.0003434025658670653,,,,,-0.00048019362944896687,,-0.00039700399553070675,,-0.0011127563913192406,,,0.0009485792188295165,,0.0011808843336449082,0.0013535282420725264,0.0015430221959626803,0.0013456588918279188,0.0010917609877094435,0.00062051830936837,0.0010917609877094435,,0.0010666052045824978,0.00031089107533427
529,2026-07-31,ENB,CA29250N1050,00613501C,-0.00031619307294317216,,,-0.00035718106388025003,-0.0005445960691632988,-0.00043343320111311243,,-0.000580083532316797,0.0005577188660106073,,,,-0.0007301366857867572,0.0006888491946261965,,,-0.0005497703786090309,,0.0010332737919392947,,,,,,-0.0004125727796691658,,,0.0013378805167306475,,,,,,,-0.00039700399553070675,,,,,,,-0.0006074890535286143,,,,-0.00037032532703104327,-0.00062051830936837,-0.0002778551373282137,-0.0009076601152721648,0.0010666052045824978,-0.00010379331428681097
530,2026-07-31,ENEL,IT0003128367,20179401W,,-0.0003459691022337848,,-0.00035718106388025003,-0.0005445960691632988,,,,0.0005577188660106073,,-0.0013859480802060002,0.0023617686672898165,,0.0006888491946261965,,0.001881734385320342,0.0010866353492694932,,,,,0.001315075735195466,,0.001315075735195466,0.0016185547510098044,,,,,0.0011630820572583016,,-0.0006747910477970904,-0.00048019362944896687,0.0026005992066786745,,,,,,0.0009485792188295165,0.001780410226110785,,0.0013535282420725264,,0.0013456588918279188,,,-0.0002778551373282137,,0.0010666052045824978,0.0004126169521731117
531,2026-07-31,ENGI,FR0010208488,22094203W,-0.00031619307294317216,0.0010196181911647667,,0.0010520605881563728,-0.0005445960691632988,,,-0.000580083532316797,0.0005577188660106073,,-0.0013859480802060002,-0.0023861167978804334,,0.0006888491946261965,,0.001881734385320342,,,,,,0.001315075735195466,,0.001315075735195466,-0.0004125727796691658,,,,,-0.00039295981221460445,,0.002630151470390932,-0.00048019362944896687,,,,,,,0.0009485792188295165,0.001780410226110785,,0.0013535282420725264,,0.0013456588918279188,-0.00037032532703104327,0.00062051830936837,-0.0002778551373282137,-0.0009076601152721648,0.0010666052045824978,7.868530064324451e-05
532,2026-07-31,ENI,IT0003132476,06161601W,,,,,0.0010617125201578075,-0.00043343320111311243,,,0.0005577188660106073,,-0.0013859480802060002,,0.0014199590760392762,0.0006888491946261965,,,,,0.0010332737919392947,,,,,,-0.0004125727796691658,,,-0.0003434025658670653,,,,,,,-0.00039700399553070675,,,,,,,0.0011808843336449082,0.0013535282420725264,,0.0013456588918279188,0.0010917609877094435,0.00062051830936837,-0.0002778551373282137,,,0.0001339775085018078
533,2026-07-31,ENLT,IL0007200111,29241401W,,,,,,,,,-0.0016532380671028715,,,,,-0.00204825955216285,,-0.00047820935825289675,-0.0005497703786090309,,,,,-0.001315075735195466,,-0.001315075735195466,0.0016185547510098044,,,,,,,-0.0006747910477970904,-0.00048019362944896687,,,,,,,-0.0009524828370140001,-0.001780410226110785,,,-0.0007766890248134296,-0.0013456588918279188,-0.00037032532703104327,,-0.0002778551373282137,-0.0009076601152721648,0.0010666052045824978,-0.0002848280212227854
534,2026-07-31,ENR,DE000ENER6Y0,34015301W,0.0009295314433510121,0.0010196181911647667,,0.0010520605881563728,0.0010617125201578075,-0.00043343320111311243,,,,,,,,,,,0.0010866353492694932,,,,,0.001315075735195466,,0.001315075735195466,0.0016185547510098044,,,-0.0003434025658670653,,0.0011630820572583016,0.0010666052045824978,,,,,,0.0010969352104000098,,,0.0009485792188295165,,0.0011808843336449082,,-0.0007766890248134296,,,0.00062051830936837,0.0010917609877094435,,0.0010666052045824978,0.0003305884964159478
535,2026-07-31,ENTG,US29362U1043,13757301,-0.00031619307294317216,,,-0.00035718106388025003,-0.0005445960691632988,,,0.001701862716135309,,-0.0008092773755049022,,,,,,-0.00047820935825289675,,,,-0.0011689562090626366,,-0.001315075735195466,,,-0.0004125727796691658,,,0.0013378805167306475,,-0.00039295981221460445,-0.000362211783089831,,-0.00048019362944896687,,,,,,-0.0013942971650265183,,,-0.0006074890535286143,,,,,,,,,-7.197264951571336e-05
536,2026-07-31,ENX,NL0006294274,24649804W,,,,,-0.0005445960691632988,-0.00043343320111311243,,,0.0005577188660106073,,,0.0023617686672898165,,,-0.000863631826098515,,,0.002183521975418887,0.0010332737919392947,,,,,,,,,,,-0.00039295981221460445,-0.000362211783089831,-0.0006747910477970904,-0.00048019362944896687,,-0.00039700399553070675,,,,,,,-0.0006074890535286143,0.0013535282420725264,-0.0007766890248134296,-0.0013456588918279188,-0.00037032532703104327,,-0.0002778551373282137,-0.0009076601152721648,0.0010666052045824978,6.25388940350527e-05
537,2026-07-31,EOAN,DE000ENAG999,10059001W,-0.00031619307294317216,0.0010196181911647667,,0.0010520605881563728,-0.0005445960691632988,,,-0.000580083532316797,0.0005577188660106073,,,,,0.0006888491946261965,,0.001881734385320342,,,,,,0.001315075735195466,,0.001315075735195466,-0.0004125727796691658,,,,,-0.00039295981221460445,,0.002630151470390932,-0.00048019362944896687,-0.0013301915482436897,,,,,,0.0009485792188295165,0.001780410226110785,0.0011808843336449082,0.0013535282420725264,0.0015430221959626803,0.0013456588918279188,0.0010917609877094435,0.00062051830936837,-0.0002778551373282137,0.0018082291358937658,0.0010666052045824978,0.0003957076265584614
538,2026-07-31,EOG,US26875P1012,01647801,,,0.0022916171227168516,,0.0010617125201578075,-0.00043343320111311243,0.0026005992066786745,-0.000580083532316797,-0.0016532380671028715,,,,,,,,-0.0005497703786090309,,,,,,,,-0.0004125727796691658,,-0.005645203155961025,-0.0003434025658670653,,,,,,,-0.00039700399553070675,,,,-0.0013942971650265183,,,0.0011808843336449082,-0.001361490172908247,,,,,-0.0002778551373282137,,-0.0010666052045824978,-1.3585844902433483e-05
539,2026-07-31,EPI A,SE0015658109,32746601W,0.0009295314433510121,0.0010196181911647667,,,,-0.00043343320111311243,,,0.0005577188660106073,,,,-0.0007301366857867572,0.0006888491946261965,,,,,,,,,,,-0.0004125727796691658,,,-0.0003434025658670653,,-0.00039295981221460445,-0.000362211783089831,,-0.00048019362944896687,,-0.00039700399553070675,,,,,,,,,-0.0007766890248134296,-0.0013456588918279188,-0.00037032532703104327,-0.00062051830936837,-0.0002778551373282137,,-0.0010666052045824978,-0.00012903559072667062
540,2026-07-31,EPI B,SE0015658117,32746602W,,,,,,,,,0.0005577188660106073,,,,-0.0007301366857867572,0.0006888491946261965,,,,,,,,,,,-0.0004125727796691658,,,-0.0003434025658670653,,-0.00039295981221460445,-0.000362211783089831,,-0.00048019362944896687,,-0.00039700399553070675,,,,,,,,,-0.0007766890248134296,,-0.00037032532703104327,,-0.0002778551373282137,,-0.0010666052045824978,-7.984633698567405e-05
541,2026-07-31,EQIX,US29444U7000,13874301,0.0009295314433510121,,,,,,,,,,,,,,,,-0.0005497703786090309,,,,,0.001315075735195466,,0.001315075735195466,,,,0.0013378805167306475,-0.0031277476945189464,,,,-0.00048019362944896687,,,,,,,,-0.001780410226110785,-0.0006074890535286143,-0.001361490172908247,,-0.0013456588918279188,-0.00037032532703104327,0.00062051830936837,-0.0002778551373282137,,,-5.758412678428157e-05
542,2026-07-31,EQNR,NO0010096985,22054601W,,,,,-0.0005445960691632988,-0.00043343320111311243,,,,,,,-0.0007301366857867572,0.0006888491946261965,,,0.0010866353492694932,,,,,,,,-0.0004125727796691658,,,-0.0003434025658670653,,,,,,,-0.00039700399553070675,,-0.0011127563913192406,,,,,-0.0006074890535286143,0.0013535282420725264,,0.0013456588918279188,0.0010917609877094435,0.00062051830936837,-0.0002778551373282137,0.0018082291358937658,,0.00010634497393706165
543,2026-07-31,EQR,US29476L1070,02873301,0.0009295314433510121,,,,,,,,,,,,,,,,,,,,0.0015638738472594732,,,,,,,-0.0003434025658670653,,,,,,,,,,,,,,-0.0006074890535286143,,,,,-0.00062051830936837,-0.0002778551373282137,,,-3.619152193689476e-06
544,2026-07-31,EQT,SE0012853455,33386601W,-0.00031619307294317216,-0.0003459691022337848,,-0.00035718106388025003,,-0.00043343320111311243,,-0.000580083532316797,,,,0.0023617686672898165,,,,,-0.0005497703786090309,-0.0007099795380196381,-0.0030454385446631845,,,,-0.0023145332939440203,,,,,,,-0.00039295981221460445,-0.000362211783089831,-0.0006747910477970904,-0.00048019362944896687,,-0.00039700399553070675,,,,,-0.0009524828370140001,-0.001780410226110785,-0.0006074890535286143,-0.001361490172908247,-0.0007766890248134296,-0.0013456588918279188,-0.00037032532703104327,0.00062051830936837,-0.0002778551373282137,-0.0009076601152721648,-0.0010666052045824978,-0.00023960541264632018
545,2026-07-31,EQT,US26884L1098,00443001,-0.00031619307294317216,,-0.0011869401507405232,-0.00035718106388025003,-0.0005445960691632988,0.001278747676212166,,-0.000580083532316797,0.0005577188660106073,,,,,,,,,,-0.0030454385446631845,,,-0.001315075735195466,,-0.001315075735195466,-0.0004125727796691658,,,0.0013378805167306475,,,,,,,0.0011630820572583016,,0.0010969352104000098,,,,,,-0.001361490172908247,,,,-0.00062051830936837,0.0010917609877094435,-0.0009076601152721648,-0.0010666052045824978,-0.00019153296607416758
546,2026-07-31,EQX,CA29446Y5020,01835101C,-0.00031619307294317216,-0.0003459691022337848,,-0.00035718106388025003,,-0.00043343320111311243,,-0.000580083532316797,,,0.001377698389252393,,0.0014199590760392762,,,-0.00047820935825289675,0.0010866353492694932,0.002183521975418887,,,0.0015638738472594732,,,,0.0016185547510098044,0.005143407319875601,,0.0013378805167306475,,-0.00039295981221460445,-0.000362211783089831,,,,,,,,,,,,,,,-0.00037032532703104327,,-0.0002778551373282137,,,8.185539440397487e-05
547,2026-07-31,ERF,FR0014000MR3,22581601W,-0.00031619307294317216,-0.0003459691022337848,,-0.00035718106388025003,,,,,-0.0016532380671028715,-0.0008092773755049022,,,,-0.00204825955216285,0.001701862716135309,-0.00047820935825289675,,,,,,,,,,,,-0.0003434025658670653,,,,-0.0006747910477970904,0.0009524828370140001,,-0.00039700399553070675,,,,,,,,,-0.0007766890248134296,0.0013456588918279188,0.0010917609877094435,,-0.0002778551373282137,,,1.5477527281674737e-06
548,2026-07-31,ERIC B,SE0000108656,00443906W,-0.00031619307294317216,-0.0003459691022337848,,-0.00035718106388025003,-0.0005445960691632988,0.001278747676212166,,-0.000580083532316797,,-0.0008092773755049022,-0.0013859480802060002,,-0.0007301366857867572,,,-0.00047820935825289675,,,,-0.0011689562090626366,,0.001315075735195466,,0.001315075735195466,0.0016185547510098044,,,-0.0003434025658670653,,0.0011630820572583016,0.0010666052045824978,,-0.00048019362944896687,,-0.00039700399553070675,,-0.0011127563913192406,,,,,-0.0006074890535286143,,,,,,,,,-2.8760334560313514e-05
549,2026-07-31,ERIE,US29530P1021,06138001,,-0.0003459691022337848,-0.0011869401507405232,-0.00035718106388025003,,-0.00043343320111311243,,,-0.0016532380671028715,,,,,,,,-0.0005497703786090309,-0.0007099795380196381,,,,,,,,,,,,-0.00039295981221460445,-0.000362211783089831,-0.0006747910477970904,-0.00048019362944896687,-0.0013301915482436897,-0.00039700399553070675,,,,-0.0013942971650265183,-0.0009524828370140001,-0.001780410226110785,,,-0.0007766890248134296,,-0.00037032532703104327,-0.00062051830936837,-0.0002778551373282137,-0.0009076601152721648,-0.0010666052045824978,-0.0002438132900988157
550,2026-07-31,ES,US30040W1080,00797001,-0.00031619307294317216,-0.0003459691022337848,-0.0011869401507405232,-0.00035718106388025003,-0.0005445960691632988,,-0.002630151470390932,,0.0005577188660106073,,,,,0.0006888491946261965,,-0.00047820935825289675,,,,,,,,,-0.0004125727796691658,0.005143407319875601,,,,0.0011630820572583016,,-0.0006747910477970904,,,,,,0.0032599060478084793,,,,,,0.0015430221959626803,,,-0.00062051830936837,-0.0002778551373282137,,,3.939519995920206e-05
551,2026-07-31,ESLT,IL0010811243,06538001W,-0.00031619307294317216,0.0010196181911647667,,,-0.0005445960691632988,,,,0.0005577188660106073,,,,0.0014199590760392762,0.0006888491946261965,,,-0.0005497703786090309,,,,,,,,0.0016185547510098044,,,0.0013378805167306475,,,,,,,,,,,,,,-0.0006074890535286143,,-0.0007766890248134296,,-0.00037032532703104327,-0.00062051830936837,-0.0002778551373282137,,,-5.2929708575203714e-05
552,2026-07-31,ESS,US2971781057,03029301,,,,,,,,,,,,,,,,,,,,,0.0015638738472594732,,,,,,,-0.0003434025658670653,,,,,-0.00048019362944896687,,,,,,,,,-0.0006074890535286143,,,,-0.00037032532703104327,-0.00062051830936837,-0.0002778551373282137,,,-2.808115971199279e-05
553,2026-07-31,ESSITY B,SE0009922164,32477001W,-0.00031619307294317216,-0.0003459691022337848,,,,,,,,,-0.0013859480802060002,,-0.0007301366857867572,,-0.000863631826098515,-0.00047820935825289675,-0.0005497703786090309,,0.0010332737919392947,,-0.0007926483883369932,,,,,,,-0.0003434025658670653,,-0.00039295981221460445,-0.000362211783089831,,-0.00048019362944896687,,-0.00039700399553070675,-0.0031277476945189464,,,,,,,,,,-0.00037032532703104327,0.00062051830936837,-0.0002778551373282137,,,-0.0001839611088143167
554,2026-07-31,ETN,IE00B8KQN827,00419901,-0.00031619307294317216,-0.0003459691022337848,-0.0011869401507405232,-0.00035718106388025003,-0.0005445960691632988,-0.00043343320111311243,-0.002630151470390932,,0.0005577188660106073,,,,-0.0007301366857867572,0.0006888491946261965,,,-0.0005497703786090309,,,,,,,,-0.0004125727796691658,,,-0.0003434025658670653,,-0.00039295981221460445,-0.000362211783089831,,,,-0.00039700399553070675,,,-0.0016771980390898698,-0.0013942971650265183,,,-0.0006074890535286143,,-0.0007766890248134296,-0.0013456588918279188,-0.00037032532703104327,-0.00062051830936837,-0.0002778551373282137,,,-0.00027562851916441793
555,2026-07-31,ETR,US29364G1031,00736601,,-0.0003459691022337848,-0.0011869401507405232,-0.00035718106388025003,,,0.0026005992066786745,-0.000580083532316797,-0.0016532380671028715,,0.001377698389252393,,,-0.00204825955216285,,-0.00047820935825289675,-0.0005497703786090309,,,,,,,,-0.0004125727796691658,0.005143407319875601,,,,,,-0.0006747910477970904,,,,,,-0.0016771980390898698,,,-0.001780410226110785,,,-0.0007766890248134296,-0.0013456588918279188,-0.00037032532703104327,0.00062051830936837,-0.0002778551373282137,-0.0009076601152721648,,-0.00017879278498301315
556,2026-07-31,EVD,DE0005470306,23491901W,-0.00031619307294317216,-0.0003459691022337848,,-0.00035718106388025003,,-0.00043343320111311243,,,,,0.001377698389252393,,,,-0.000863631826098515,,0.0010866353492694932,,,,0.0015638738472594732,,,,,,,,,,-0.000362211783089831,,0.0009524828370140001,,,,,,,-0.0009524828370140001,,,,,,,0.00062051830936837,0.0010917609877094435,,,0.00011470744983890422
557,2026-07-31,EVK,DE000EVNK013,29542101W,0.0009295314433510121,0.0010196181911647667,,0.0010520605881563728,-0.0005445960691632988,-0.00043343320111311243,,,,,,,,,,-0.00047820935825289675,0.0010866353492694932,-0.0007099795380196381,,,,,,,-0.0004125727796691658,,,-0.0003434025658670653,,-0.00039295981221460445,-0.000362211783089831,,-0.00048019362944896687,,-0.00039700399553070675,,-0.0011127563913192406,,,,,-0.0006074890535286143,,,,0.0010917609877094435,,0.0010917609877094435,,,-2.0109169281866543e-05
558,2026-07-31,EVN,AU000000EVN4,25335001W,-0.00031619307294317216,-0.0003459691022337848,,-0.00035718106388025003,0.0010617125201578075,,,-0.000580083532316797,,,0.001377698389252393,,0.0014199590760392762,,-0.000863631826098515,0.001881734385320342,,-0.0007099795380196381,,,0.0015638738472594732,,,,0.0016185547510098044,,,-0.0003434025658670653,,,,,,,,,,,,-0.0009524828370140001,,0.0011808843336449082,,,,,-0.00062051830936837,-0.0002778551373282137,-0.0009076601152721648,,1.297677209977997e-05
559,2026-07-31,EVO,SE0012673267,31943201W,0.0009295314433510121,-0.0003459691022337848,,-0.00035718106388025003,,0.001278747676212166,,-0.000580083532316797,,0.0031705935533479727,-0.0013859480802060002,,,,,-0.00047820935825289675,,0.002183521975418887,,0.004538300576360824,-0.0007926483883369932,-0.001315075735195466,-0.0023145332939440203,-0.001315075735195466,-0.0004125727796691658,,,-0.0003434025658670653,,-0.00039295981221460445,-0.000362211783089831,-0.0006747910477970904,-0.00048019362944896687,,-0.00039700399553070675,,,,,-0.0009524828370140001,,,,,,0.0010917609877094435,,0.0010917609877094435,,-0.0010666052045824978,-4.973184700375695e-05
560,2026-07-31,EVRG,US30034W1062,00633801,-0.00031619307294317216,-0.0003459691022337848,-0.0011869401507405232,-0.00035718106388025003,,,,0.001701862716135309,,,0.001377698389252393,,,,,-0.00047820935825289675,,,,,,,,,-0.0004125727796691658,,-0.005645203155961025,,,-0.00039295981221460445,,-0.0006747910477970904,-0.00048019362944896687,-0.0013301915482436897,,,,-0.0016771980390898698,,,,,,,,-0.00037032532703104327,-0.00062051830936837,-0.0002778551373282137,,,-0.00014682881600784723
561,2026-07-31,EW,US28176E1082,13336601,,,,,-0.0005445960691632988,,,,0.0005577188660106073,-0.0008092773755049022,,,,0.0006888491946261965,-0.000863631826098515,-0.00047820935825289675,-0.0005497703786090309,,,,-0.0007926483883369932,,-0.0023145332939440203,-0.001315075735195466,,,,0.0013378805167306475,,-0.00039295981221460445,-0.000362211783089831,-0.0006747910477970904,,,,,,,,,-0.001780410226110785,-0.0006074890535286143,-0.001361490172908247,-0.0007766890248134296,-0.0013456588918279188,-0.00037032532703104327,0.00062051830936837,-0.0002778551373282137,-0.0009076601152721648,-0.0010666052045824978,-0.00038942031702514916
562,2026-07-31,EXC,US30161N1019,00853901,-0.00031619307294317216,-0.0003459691022337848,,-0.00035718106388025003,,,,,0.0005577188660106073,,,,,0.0006888491946261965,,-0.00047820935825289675,,,,,,,,,-0.0004125727796691658,,,,-0.0031277476945189464,-0.00039295981221460445,,-0.0006747910477970904,,,,,,,,0.0009485792188295165,,,,0.0015430221959626803,,,-0.00062051830936837,-0.0002778551373282137,,,-6.442860833803271e-05
563,2026-07-31,EXE,US1651677353,02778621,-0.00031619307294317216,,-0.0011869401507405232,-0.00035718106388025003,,,,-0.000580083532316797,-0.0016532380671028715,,0.001377698389252393,,,,,,,,-0.0030454385446631845,,,,,,0.0016185547510098044,,,-0.0003434025658670653,,,,,,,0.0011630820572583016,,0.0010969352104000098,,,,,0.0011808843336449082,,,,0.0010917609877094435,0.00062051830936837,0.0010917609877094435,0.0018082291358937658,-0.0010666052045824978,0.00012466150389667474
564,2026-07-31,EXO,NL0012059018,01633102W,0.0009295314433510121,0.0010196181911647667,,0.0010520605881563728,,0.001278747676212166,,-0.000580083532316797,,,-0.0013859480802060002,0.0023617686672898165,,,-0.000863631826098515,,0.0010866353492694932,0.002183521975418887,-0.0030454385446631845,,,,,,,,,,,-0.00039295981221460445,-0.000362211783089831,-0.0006747910477970904,-0.00048019362944896687,-0.0013301915482436897,0.0011630820572583016,,0.0010969352104000098,,,-0.0009524828370140001,-0.001780410226110785,,-0.001361490172908247,-0.0007766890248134296,-0.0013456588918279188,0.0010917609877094435,,0.0010917609877094435,0.0018082291358937658,-0.0010666052045824978,0.0001317339723533312
565,2026-07-31,EXPD,US3021301094,00449401,0.0009295314433510121,0.0010196181911647667,0.0022916171227168516,0.0010520605881563728,-0.0005445960691632988,0.001278747676212166,,,0.0005577188660106073,,,,,0.0006888491946261965,,,0.0010866353492694932,,,,,0.001315075735195466,,0.001315075735195466,-0.0004125727796691658,,,-0.0003434025658670653,0.0030860443919253607,-0.00039295981221460445,-0.000362211783089831,,,,,,,,-0.0013942971650265183,-0.0009524828370140001,,-0.0006074890535286143,,,,-0.00037032532703104327,0.00062051830936837,-0.0002778551373282137,,,0.00018305026642469074
566,2026-07-31,EXPE,US30212P3038,12629602,0.0009295314433510121,0.0010196181911647667,0.0022916171227168516,0.0010520605881563728,0.0010617125201578075,0.001278747676212166,0.0026005992066786745,0.001701862716135309,,-0.0008092773755049022,-0.0013859480802060002,,,,0.001701862716135309,0.001881734385320342,0.0010866353492694932,0.002183521975418887,,-0.0011689562090626366,0.0015638738472594732,,0.002269150288180412,0.001315075735195466,0.0016185547510098044,-0.005645203155961025,,0.0013378805167306475,,0.0011630820572583016,0.0010666052045824978,0.002630151470390932,,0.0026005992066786745,0.0011630820572583016,0.0031277476945189464,0.0010969352104000098,0.0032599060478084793,,,,,0.0013535282420725264,,,0.0010917609877094435,,0.0010917609877094435,,0.0010666052045824978,0.0009940396799999508
567,2026-07-31,EXPN,GB00B19NLV48,27932701W,-0.00031619307294317216,-0.0003459691022337848,,-0.00035718106388025003,,-0.00043343320111311243,,,0.0005577188660106073,,,,,0.0006888491946261965,,,-0.0005497703786090309,,,,,,,,-0.0004125727796691658,,,-0.0003434025658670653,,0.0011630820572583016,0.0010666052045824978,,,,,,,,,,,,,,,,-0.00062051830936837,0.0010917609877094435,,,2.995342009449809e-05
568,2026-07-31,EXR,US30225T1025,16047901,-0.00031619307294317216,,,,,,,,,,,,,,,,0.0010866353492694932,,,,-0.0007926483883369932,,,,,,,-0.0003434025658670653,,,,,,-0.0013301915482436897,,,,,,,,-0.0006074890535286143,,,,-0.00037032532703104327,-0.00062051830936837,-0.0002778551373282137,,,-9.422961474692747e-05
569,2026-07-31,F,US3453708600,00483901,-0.00031619307294317216,0.0010196181911647667,0.0022916171227168516,0.0010520605881563728,0.0010617125201578075,0.001278747676212166,0.0026005992066786745,0.001701862716135309,,-0.0008092773755049022,-0.0013859480802060002,,0.0014199590760392762,,,-0.00047820935825289675,,-0.0007099795380196381,,-0.0011689562090626366,-0.0007926483883369932,,,,-0.0004125727796691658,0.005143407319875601,0.006612952268411486,-0.0003434025658670653,,-0.00039295981221460445,-0.000362211783089831,-0.0006747910477970904,0.0009524828370140001,-0.0013301915482436897,,0.0031277476945189464,0.0010969352104000098,,,0.0009485792188295165,,,0.0013535282420725264,,,0.0010917609877094435,,-0.0002778551373282137,,0.0010666052045824978,0.00035261309987291684
570,2026-07-31,F34,SG1T56930848,24611601W,0.0009295314433510121,0.0010196181911647667,,,,,,,,,,,-0.0007301366857867572,0.0006888491946261965,-0.000863631826098515,-0.00047820935825289675,-0.0005497703786090309,,0.0010332737919392947,,-0.0007926483883369932,0.001315075735195466,,,,,,-0.0003434025658670653,,,,,0.0009524828370140001,,0.0011630820572583016,,0.0010969352104000098,,,0.0009485792188295165,,0.0011808843336449082,0.0013535282420725264,0.0015430221959626803,0.0013456588918279188,-0.00037032532703104327,0.00062051830936837,-0.0002778551373282137,0.0018082291358937658,,0.00030027688534046504
571,2026-07-31,FANG,US25278X1090,17075001,-0.00031619307294317216,,,,,,,-0.000580083532316797,-0.0016532380671028715,,,,,-0.00204825955216285,,,,,-0.0030454385446631845,,,-0.001315075735195466,,-0.001315075735195466,-0.0004125727796691658,,-0.005645203155961025,-0.0003434025658670653,,,,,,,0.0011630820572583016,,,,-0.0013942971650265183,,,-0.0006074890535286143,,,-0.0013456588918279188,-0.00037032532703104327,-0.00062051830936837,-0.0002778551373282137,,,-0.00032094759801816616
572,2026-07-31,FAST,US3119001044,01422501,-0.00031619307294317216,-0.0003459691022337848,,-0.00035718106388025003,-0.0005445960691632988,-0.00043343320111311243,-0.002630151470390932,,-0.0016532380671028715,,,,0.0014199590760392762,0.0006888491946261965,,,,,,,,,,,-0.0004125727796691658,,,-0.0003434025658670653,0.0030860443919253607,-0.00039295981221460445,-0.000362211783089831,,,,-0.00039700399553070675,,,0.0032599060478084793,-0.0013942971650265183,-0.0009524828370140001,,-0.0006074890535286143,-0.001361490172908247,-0.0007766890248134296,-0.0013456588918279188,-0.00037032532703104327,-0.00062051830936837,-0.0002778551373282137,,-0.0010666052045824978,-0.00011254321536498925
573,2026-07-31,FBK,IT0000072170,31791101W,-0.00031619307294317216,,,-0.00035718106388025003,-0.0005445960691632988,-0.00043343320111311243,,,0.0005577188660106073,,,,,,0.001701862716135309,,,-0.0007099795380196381,0.0010332737919392947,,0.0015638738472594732,,0.002269150288180412,,,,,,,,-0.000362211783089831,,-0.00048019362944896687,,,,,,,,,-0.0006074890535286143,,-0.0007766890248134296,-0.0013456588918279188,,,,-0.0009076601152721648,,1.8697983815640064e-06
574,2026-07-31,FCNC.A,US31946M1036,00469001,-0.00031619307294317216,-0.0003459691022337848,,-0.00035718106388025003,,0.001278747676212166,,0.001701862716135309,-0.0016532380671028715,,-0.0013859480802060002,,,,,,,-0.0007099795380196381,0.0010332737919392947,,,,,,,,,,,,-0.000362211783089831,,,,,,,,-0.0013942971650265183,,,-0.0006074890535286143,,,,,,,0.0018082291358937658,,0.00011294437306394217
575,2026-07-31,FCX,US35671D8570,01459002,,-0.0003459691022337848,-0.0011869401507405232,-0.00035718106388025003,,,,,,,0.001377698389252393,,,,,-0.00047820935825289675,,-0.0007099795380196381,,,-0.0007926483883369932,,,,-0.0004125727796691658,,0.006612952268411486,-0.0003434025658670653,,-0.00039295981221460445,,,,,-0.00039700399553070675,,,-0.0016771980390898698,0.0026913177836558376,0.0009485792188295165,,,,,,-0.00037032532703104327,-0.00062051830936837,-0.0002778551373282137,-0.0009076601152721648,,-0.00016691316651492964
576,2026-07-31,FDX,US31428X1063,00459801,,,,,,,,,,,,,,,,,,,,,,,,0.001315075735195466,-0.0004125727796691658,,,0.0013378805167306475,,-0.00039295981221460445,-0.000362211783089831,,,,-0.00039700399553070675,,-0.0011127563913192406,,0.0026913177836558376,0.0009485792188295165,,0.0011808843336449082,,0.0015430221959626803,0.0013456588918279188,0.0010917609877094435,0.00062051830936837,-0.0002778551373282137,,,0.000146669215555092
577,2026-07-31,FE,US3379321074,00809901,-0.00031619307294317216,-0.0003459691022337848,0.0022916171227168516,-0.00035718106388025003,,,,-0.000580083532316797,,,,,,0.0006888491946261965,,-0.00047820935825289675,-0.0005497703786090309,,,,,,,,-0.0004125727796691658,,0.006612952268411486,,0.0030860443919253607,-0.00039295981221460445,,-0.0006747910477970904,0.0009524828370140001,,,,,-0.0016771980390898698,,,,,,,,-0.00037032532703104327,-0.00062051830936837,-0.0002778551373282137,,,-5.6632821407542044e-05
578,2026-07-31,FER,NL0015001FS8,27121701W,-0.00031619307294317216,,,-0.00035718106388025003,-0.0005445960691632988,-0.00043343320111311243,,,0.0005577188660106073,,,,-0.0007301366857867572,,,,,,,,,,,,-0.0004125727796691658,,,0.0013378805167306475,,-0.00039295981221460445,-0.000362211783089831,,-0.00048019362944896687,,,,0.0010969352104000098,,,,,-0.0006074890535286143,,-0.0007766890248134296,,-0.00037032532703104327,0.00062051830936837,-0.0002778551373282137,,0.0010666052045824978,2.106774282681538e-06
579,2026-07-31,FERG,US31488V1070,10064401,,,,,,-0.00043343320111311243,,,0.0005577188660106073,,,,-0.0007301366857867572,0.0006888491946261965,,,-0.0005497703786090309,,,,,0.001315075735195466,,0.001315075735195466,-0.0004125727796691658,,,0.0013378805167306475,-0.0031277476945189464,-0.00039295981221460445,-0.000362211783089831,,,,,,,,,,,,,,,-0.00037032532703104327,-0.00062051830936837,-0.0002778551373282137,,,-1.619717909231172e-05
580,2026-07-31,FFH,CA3039011026,01642801C,0.0009295314433510121,0.0010196181911647667,,0.0010520605881563728,,0.001278747676212166,,,-0.0016532380671028715,,,,0.0014199590760392762,,-0.000863631826098515,,-0.0005497703786090309,-0.0007099795380196381,,,,,,,,,,,,,,,0.0009524828370140001,-0.0013301915482436897,-0.00039700399553070675,,-0.0011127563913192406,,,,0.001780410226110785,,,0.0015430221959626803,0.0013456588918279188,-0.00037032532703104327,0.00062051830936837,-0.0002778551373282137,0.0018082291358937658,,0.00010677488633312304
581,2026-07-31,FFIV,US3156161024,12107701,-0.00031619307294317216,-0.0003459691022337848,,,-0.0005445960691632988,,-0.002630151470390932,0.001701862716135309,,-0.0008092773755049022,-0.0013859480802060002,,-0.0007301366857867572,,,-0.00047820935825289675,,,,-0.0011689562090626366,,,,,-0.0004125727796691658,,,-0.0003434025658670653,,-0.00039295981221460445,-0.000362211783089831,,,,,,,,-0.0013942971650265183,,,-0.0006074890535286143,,,,,,,,,-0.0001310168450994698
582,2026-07-31,FGR,FR0000130452,22230701W,-0.00031619307294317216,-0.0003459691022337848,,-0.00035718106388025003,,0.001278747676212166,,,0.0005577188660106073,,,,,0.0006888491946261965,,,,,,,,,,0.001315075735195466,-0.0004125727796691658,,,-0.0003434025658670653,,-0.00039295981221460445,-0.000362211783089831,,0.0009524828370140001,,-0.00039700399553070675,,-0.0011127563913192406,,,,,0.0011808843336449082,0.0013535282420725264,0.0015430221959626803,0.0013456588918279188,0.0010917609877094435,0.00062051830936837,0.0010917609877094435,,0.0010666052045824978,0.00025449393768741795
583,2026-07-31,FI,US3377381088,01263501,-0.00031619307294317216,-0.0003459691022337848,-0.0011869401507405232,-0.00035718106388025003,,0.001278747676212166,,0.001701862716135309,-0.0016532380671028715,,,-0.0023861167978804334,,,,,,-0.0007099795380196381,,,-0.0007926483883369932,,,,,,,,,,-0.000362211783089831,-0.0006747910477970904,,,-0.00039700399553070675,,,-0.0016771980390898698,,,0.001780410226110785,,,0.0015430221959626803,0.0013456588918279188,,-0.00062051830936837,-0.0002778551373282137,0.0018082291358937658,-0.0010666052045824978,-7.546337536070261e-05
584,2026-07-31,FICO,US3032501047,01382401,-0.00031619307294317216,-0.0003459691022337848,,-0.00035718106388025003,0.0010617125201578075,,,-0.000580083532316797,,0.0031705935533479727,,,-0.0007301366857867572,,,0.001881734385320342,,,,0.004538300576360824,,0.001315075735195466,,-0.001315075735195466,-0.0004125727796691658,,,-0.0003434025658670653,0.0030860443919253607,,,,,,,,,0.0032599060478084793,-0.0013942971650265183,-0.0009524828370140001,,,,,,,,,,,0.00028381270068627467
585,2026-07-31,FIS,US31620M1062,16599301,-0.00031619307294317216,-0.0003459691022337848,,-0.00035718106388025003,0.0010617125201578075,,0.0026005992066786745,0.001701862716135309,,,,-0.0023861167978804334,,,0.001701862716135309,,-0.0005497703786090309,-0.0007099795380196381,,,,,,,,,,,,0.0011630820572583016,0.0010666052045824978,-0.0006747910477970904,0.0009524828370140001,,-0.00039700399553070675,,,-0.0016771980390898698,,-0.0009524828370140001,0.001780410226110785,0.0011808843336449082,,-0.0007766890248134296,,,-0.00062051830936837,-0.0002778551373282137,-0.0009076601152721648,-0.0010666052045824978,-7.855722913450813e-05
586,2026-07-31,FITB,US3167731005,00464001,-0.00031619307294317216,-0.0003459691022337848,,-0.00035718106388025003,,-0.00043343320111311243,,-0.000580083532316797,,,-0.0013859480802060002,,,,,,,-0.0007099795380196381,0.0010332737919392947,,,,,,,,,,,,-0.000362211783089831,,-0.00048019362944896687,-0.0013301915482436897,,,,,-0.0013942971650265183,,,,,,,,,,,,-8.362246229107273e-05
587,2026-07-31,FIX,US1999081045,06499701,0.0009295314433510121,0.0010196181911647667,0.0022916171227168516,0.0010520605881563728,0.0010617125201578075,0.001278747676212166,0.0026005992066786745,,,,,,-0.0007301366857867572,0.0006888491946261965,,,-0.0005497703786090309,,,,,0.001315075735195466,,0.001315075735195466,0.0016185547510098044,,,0.0013378805167306475,0.0030860443919253607,,0.0010666052045824978,,,,,,0.0010969352104000098,0.0032599060478084793,,-0.0009524828370140001,,,-0.001361490172908247,-0.0007766890248134296,-0.0013456588918279188,-0.00037032532703104327,-0.00062051830936837,-0.0002778551373282137,,,0.00036231034836961155
588,2026-07-31,FLEX,SG9999000020,03017001,0.0009295314433510121,0.0010196181911647667,0.0022916171227168516,0.0010520605881563728,0.0010617125201578075,-0.00043343320111311243,0.0026005992066786745,-0.000580083532316797,,-0.0008092773755049022,,,-0.0007301366857867572,,,-0.00047820935825289675,,,,-0.0011689562090626366,,0.001315075735195466,,0.001315075735195466,-0.0004125727796691658,,,-0.0003434025658670653,-0.0031277476945189464,,-0.000362211783089831,,0.0009524828370140001,,-0.00039700399553070675,,,-0.0016771980390898698,,,,,,,,,,,,0.0010666052045824978,7.306764513606527e-05
589,2026-07-31,FLUT,IE00BWT6H894,24317401,-0.00031619307294317216,-0.0003459691022337848,-0.0011869401507405232,-0.00035718106388025003,0.0010617125201578075,,0.0026005992066786745,-0.000580083532316797,,-0.0008092773755049022,,0.0023617686672898165,,,0.001701862716135309,-0.00047820935825289675,-0.0005497703786090309,-0.0007099795380196381,,-0.0011689562090626366,0.0015638738472594732,-0.001315075735195466,0.002269150288180412,,-0.0004125727796691658,-0.005645203155961025,-0.005645203155961025,-0.0003434025658670653,,-0.00039295981221460445,-0.000362211783089831,-0.0006747910477970904,0.0009524828370140001,,-0.00039700399553070675,,,-0.0016771980390898698,,,,,,,,-0.00037032532703104327,,-0.0002778551373282137,,,4.875947374544536e-05
590,2026-07-31,FM,CA3359341052,10646401C,-0.00031619307294317216,-0.0003459691022337848,,-0.00035718106388025003,0.0010617125201578075,-0.00043343320111311243,,-0.000580083532316797,,,0.001377698389252393,,,,,-0.00047820935825289675,0.0010866353492694932,-0.0007099795380196381,,,-0.0007926483883369932,,,,-0.0004125727796691658,,,0.0013378805167306475,,-0.00039295981221460445,-0.000362211783089831,,,,0.0011630820572583016,,0.0010969352104000098,,,,-0.001780410226110785,-0.0006074890535286143,,,,,-0.00062051830936837,0.0010917609877094435,-0.0009076601152721648,,-3.637815612257135e-06
591,2026-07-31,FME,DE0005785802,21278201W,-0.00031619307294317216,-0.0003459691022337848,,-0.00035718106388025003,-0.0005445960691632988,,,,,-0.0008092773755049022,,,,,,-0.00047820935825289675,0.0010866353492694932,,,,,,,,,,,-0.0003434025658670653,,0.0011630820572583016,0.0010666052045824978,-0.0006747910477970904,0.0009524828370140001,,-0.00039700399553070675,0.0031277476945189464,0.0010969352104000098,,,,0.001780410226110785,,0.0013535282420725264,0.0015430221959626803,0.0013456588918279188,0.0010917609877094435,0.00062051830936837,0.0010917609877094435,0.0018082291358937658,,0.0004153431134150418
592,2026-07-31,FMG,AU000000FMG4,21242701W,-0.00031619307294317216,,,,-0.0005445960691632988,-0.00043343320111311243,,-0.000580083532316797,,,0.001377698389252393,,-0.0007301366857867572,,-0.000863631826098515,0.001881734385320342,,-0.0007099795380196381,,,0.0015638738472594732,,,,-0.0004125727796691658,,,0.0013378805167306475,,-0.00039295981221460445,-0.000362211783089831,,-0.00048019362944896687,,0.0011630820572583016,,,,,,0.001780410226110785,-0.0006074890535286143,,,,0.0010917609877094435,0.00062051830936837,0.0010917609877094435,0.0018082291358937658,,0.00021878079184692217
593,2026-07-31,FN,KYG3323L1005,17958301,-0.00031619307294317216,-0.0003459691022337848,-0.0011869401507405232,-0.00035718106388025003,,-0.00043343320111311243,,,,-0.0008092773755049022,,-0.0023861167978804334,-0.0007301366857867572,,,-0.00047820935825289675,,,,-0.0011689562090626366,,0.001315075735195466,,,-0.0004125727796691658,,,-0.0003434025658670653,,-0.00039295981221460445,-0.000362211783089831,,0.0009524828370140001,,-0.00039700399553070675,,-0.0011127563913192406,-0.0016771980390898698,-0.0013942971650265183,-0.0009524828370140001,,,,,,,,,,,-0.00033388614499229777
594,2026-07-31,FNF,US31620R3030,16526401,-0.00031619307294317216,-0.0003459691022337848,-0.0011869401507405232,-0.00035718106388025003,,-0.00043343320111311243,,-0.000580083532316797,0.0005577188660106073,,,0.0023617686672898165,,,-0.000863631826098515,,-0.0005497703786090309,-0.0007099795380196381,,,-0.0007926483883369932,,,,,,,,,-0.00039295981221460445,-0.000362211783089831,-0.0006747910477970904,0.0009524828370140001,-0.0013301915482436897,-0.00039700399553070675,,-0.0011127563913192406,-0.0016771980390898698,-0.0013942971650265183,,0.001780410226110785,,,,0.0013456588918279188,0.0010917609877094435,0.00062051830936837,0.0010917609877094435,0.0018082291358937658,,7.871673014715736e-05
595,2026-07-31,FNV,CA3518581051,17899701C,-0.00031619307294317216,-0.0003459691022337848,,-0.00035718106388025003,,,,0.001701862716135309,,,,,,,,0.001881734385320342,-0.0005497703786090309,0.002183521975418887,,,,,,,-0.0004125727796691658,0.005143407319875601,-0.005645203155961025,0.0013378805167306475,,,,,,,-0.00039700399553070675,,,,,,,-0.0006074890535286143,,,,-0.00037032532703104327,-0.00062051830936837,-0.0002778551373282137,-0.0009076601152721648,,3.1752896978524575e-05
596,2026-07-31,FORTUM,FI0009007132,22559701W,0.0009295314433510121,0.0010196181911647667,,0.0010520605881563728,-0.0005445960691632988,,,0.001701862716135309,0.0005577188660106073,,,,,0.0006888491946261965,,-0.00047820935825289675,,,,,,,,,-0.0004125727796691658,,,,,-0.00039295981221460445,,-0.0006747910477970904,-0.00048019362944896687,-0.0013301915482436897,,,,,,-0.0009524828370140001,,-0.0006074890535286143,-0.001361490172908247,-0.0007766890248134296,,-0.00037032532703104327,0.00062051830936837,0.0010917609877094435,0.0018082291358937658,-0.0010666052045824978,4.6838215583871265e-05
597,2026-07-31,FOX,US35137L2043,03463602,0.0009295314433510121,0.0010196181911647667,0.0022916171227168516,0.0010520605881563728,,0.001278747676212166,,,,,,,,,-0.000863631826098515,,,,,,-0.0007926483883369932,,,,,,,,,,-0.000362211783089831,,,,,,,,,,,,,,,,0.00062051830936837,0.0010917609877094435,,,0.00011054405102655469
598,2026-07-31,FOXA,US35137L1052,03463601,0.0009295314433510121,0.0010196181911647667,0.0022916171227168516,0.0010520605881563728,,0.001278747676212166,,0.001701862716135309,,,,,,,-0.000863631826098515,,,,,,-0.0007926483883369932,,,,,,,,,,-0.000362211783089831,,,,,,,,-0.0013942971650265183,,,,,,,,0.00062051830936837,0.0010917609877094435,,,0.00016625584822003287
599,2026-07-31,FPH,NZFAPE0001S2,10125601W,-0.00031619307294317216,-0.0003459691022337848,,-0.00035718106388025003,-0.0005445960691632988,,,,-0.0016532380671028715,0.0031705935533479727,,,,-0.00204825955216285,,0.001881734385320342,,,,,-0.0007926483883369932,,,,,,,-0.0003434025658670653,,-0.00039295981221460445,-0.000362211783089831,-0.0006747910477970904,-0.00048019362944896687,,-0.00039700399553070675,,,,,-0.0009524828370140001,-0.001780410226110785,-0.0006074890535286143,-0.001361490172908247,-0.0007766890248134296,-0.0013456588918279188,-0.00037032532703104327,-0.00062051830936837,-0.0002778551373282137,-0.0009076601152721648,-0.0010666052045824978,-0.00030463770688621955
600,2026-07-31,FRE,DE0005785604,20230501W,0.0009295314433510121,,,0.0010520605881563728,,,,,,-0.0008092773755049022,,,,,,-0.00047820935825289675,,,,,,,,,,,,-0.0003434025658670653,,-0.00039295981221460445,-0.000362211783089831,-0.0006747910477970904,,,-0.00039700399553070675,-0.0031277476945189464,0.0010969352104000098,,,,0.001780410226110785,,0.0013535282420725264,0.0015430221959626803,0.0013456588918279188,0.0010917609877094435,0.00062051830936837,0.0010917609877094435,0.0018082291358937658,,0.00019597140350875302
601,2026-07-31,FRES,GB00B2QPKJ12,28879901W,-0.00031619307294317216,-0.0003459691022337848,,-0.00035718106388025003,-0.0005445960691632988,0.001278747676212166,,,,,,,0.0014199590760392762,,-0.000863631826098515,0.001881734385320342,0.0010866353492694932,0.002183521975418887,,,-0.0007926483883369932,,,,0.0016185547510098044,,,-0.0003434025658670653,,0.0011630820572583016,0.0010666052045824978,,,,,,0.0010969352104000098,,,-0.0009524828370140001,,-0.0006074890535286143,,,,,0.00062051830936837,0.0010917609877094435,-0.0009076601152721648,,0.00016688244249466917
602,2026-07-31,FSLR,US3364331070,17540401,-0.00031619307294317216,-0.0003459691022337848,-0.0011869401507405232,-0.00035718106388025003,0.0010617125201578075,,0.0026005992066786745,-0.000580083532316797,,-0.0008092773755049022,-0.0013859480802060002,-0.0023861167978804334,0.0014199590760392762,,,-0.00047820935825289675,,,,-0.0011689562090626366,,,,-0.001315075735195466,-0.0004125727796691658,,,-0.0003434025658670653,,0.0011630820572583016,0.0010666052045824978,,0.0009524828370140001,,0.0011630820572583016,,0.0010969352104000098,0.0032599060478084793,-0.0013942971650265183,,,0.0011808843336449082,,,,,,,,-0.0010666052045824978,3.6643739321910965e-05
603,2026-07-31,FSV,CA33767E2024,02411601C,-0.00031619307294317216,,,,,,,,,,,,,,,,0.0010866353492694932,,0.0010332737919392947,,,0.001315075735195466,,0.001315075735195466,,,,0.0013378805167306475,,,,,0.0009524828370140001,,,0.0031277476945189464,0.0010969352104000098,,,-0.0009524828370140001,,-0.0006074890535286143,,,0.0013456588918279188,0.0010917609877094435,0.00062051830936837,0.0010917609877094435,,0.0010666052045824978,0.0004083304162871623
604,2026-07-31,FTAI,KYG3730V1059,01948401,0.0009295314433510121,-0.0003459691022337848,-0.0011869401507405232,-0.00035718106388025003,0.0010617125201578075,-0.00043343320111311243,0.0026005992066786745,,-0.0016532380671028715,,,,-0.0007301366857867572,-0.00204825955216285,,,,,,,,,,0.001315075735195466,-0.0004125727796691658,,,-0.0003434025658670653,0.0030860443919253607,0.0011630820572583016,0.0010666052045824978,,,,0.0011630820572583016,,-0.0011127563913192406,0.0032599060478084793,-0.0013942971650265183,-0.0009524828370140001,,,-0.001361490172908247,-0.0007766890248134296,-0.0013456588918279188,-0.00037032532703104327,-0.00062051830936837,-0.0002778551373282137,,0.0010666052045824978,0.00016047031094863637
605,2026-07-31,FTI,GB00BDSFG982,03092301,-0.00031619307294317216,,-0.0011869401507405232,-0.00035718106388025003,,-0.00043343320111311243,,,0.0005577188660106073,,,,0.0014199590760392762,0.0006888491946261965,,,0.0010866353492694932,,0.0010332737919392947,,,0.001315075735195466,,0.001315075735195466,0.0016185547510098044,,0.006612952268411486,-0.0003434025658670653,,,,,,,,,,,-0.0013942971650265183,,,,,,,-0.00037032532703104327,,0.0010917609877094435,-0.0009076601152721648,,0.00012437390509421127
606,2026-07-31,FTNT,US34959E1091,18337701,-0.00031619307294317216,,,-0.00035718106388025003,-0.0005445960691632988,0.001278747676212166,-0.002630151470390932,0.001701862716135309,,0.0031705935533479727,,0.0023617686672898165,,,,0.001881734385320342,,,,0.004538300576360824,,0.001315075735195466,,0.001315075735195466,-0.0004125727796691658,,,-0.0003434025658670653,,-0.00039295981221460445,-0.000362211783089831,,-0.00048019362944896687,,-0.00039700399553070675,,,,0.0026913177836558376,,,-0.0006074890535286143,,,,,,,,0.0010666052045824978,0.00038267421906836116
607,2026-07-31,FTS,CA3495531079,01439001C,,-0.0003459691022337848,,-0.00035718106388025003,-0.0005445960691632988,,,-0.000580083532316797,,,,,,,,-0.00047820935825289675,,,,,,,,,-0.0004125727796691658,0.005143407319875601,-0.005645203155961025,,,-0.00039295981221460445,,-0.0006747910477970904,,,,,,,,,,-0.0006074890535286143,,-0.0007766890248134296,,-0.00037032532703104327,-0.00062051830936837,-0.0002778551373282137,,,-0.00015198061569337933
608,2026-07-31,FTV,US34959J1088,02659001,-0.00031619307294317216,-0.0003459691022337848,,-0.00035718106388025003,,,,,0.0005577188660106073,,,,0.0014199590760392762,0.0006888491946261965,,,,,,,,-0.001315075735195466,,-0.001315075735195466,-0.0004125727796691658,,,-0.0003434025658670653,0.0030860443919253607,-0.00039295981221460445,-0.000362211783089831,,,,-0.00039700399553070675,,-0.0011127563913192406,-0.0016771980390898698,-0.0013942971650265183,,,,,-0.0007766890248134296,,-0.00037032532703104327,-0.00062051830936837,0.0010917609877094435,,,-0.00016023297476810053
609,2026-07-31,FUTU,US36118L1061,03460390,-0.00031619307294317216,-0.0003459691022337848,-0.0011869401507405232,-0.00035718106388025003,,-0.00043343320111311243,-0.002630151470390932,-0.000580083532316797,0.0005577188660106073,,-0.0013859480802060002,,,,0.001701862716135309,,-0.0005497703786090309,-0.0007099795380196381,,,,,-0.0023145332939440203,,,,,,,0.0011630820572583016,0.0010666052045824978,0.002630151470390932,0.0009524828370140001,,0.0011630820572583016,,0.0010969352104000098,0.0032599060478084793,,-0.0009524828370140001,,,,0.0015430221959626803,,-0.00037032532703104327,0.00062051830936837,-0.0002778551373282137,,,8.971002944608029e-05
610,2026-07-31,FWONK,US5312297550,02718703,,0.0010196181911647667,,,-0.0005445960691632988,-0.00043343320111311243,-0.002630151470390932,-0.000580083532316797,,,0.001377698389252393,-0.0023861167978804334,,,0.001701862716135309,,-0.0005497703786090309,,,,,,,,,,,,,,0.0010666052045824978,,,,,,,,-0.0013942971650265183,,,,,,,-0.00037032532703104327,-0.00062051830936837,-0.0002778551373282137,,,-0.0002622818688696055
611,2026-07-31,G,IT0000062072,01580401W,,-0.0003459691022337848,,-0.00035718106388025003,,-0.00043343320111311243,,,0.0005577188660106073,,0.001377698389252393,,,,-0.000863631826098515,,,-0.0007099795380196381,0.0010332737919392947,,-0.0007926483883369932,,,,,,,,,-0.00039295981221460445,-0.000362211783089831,-0.0006747910477970904,,,0.0011630820572583016,,0.0010969352104000098,,,,,,-0.001361490172908247,,0.0013456588918279188,0.0010917609877094435,,0.0010917609877094435,,,0.00011200151426952054
612,2026-07-31,G1A,DE0006602006,10036801W,-0.00031619307294317216,-0.0003459691022337848,,-0.00035718106388025003,,-0.00043343320111311243,,,,,,,-0.0007301366857867572,,,,,,,,,0.001315075735195466,,,-0.0004125727796691658,,,-0.0003434025658670653,,-0.00039295981221460445,-0.000362211783089831,,,,-0.00039700399553070675,,-0.0011127563913192406,,,-0.0009524828370140001,,,,,,,,-0.0002778551373282137,,,-6.60563599804324e-05
613,2026-07-31,G24,DE000A12DM80,31707901W,,,,,,,,-0.000580083532316797,,,0.001377698389252393,,,,,,,,,,,,,,,,,,,,,,,,,,,,,-0.0009524828370140001,,,,,,-0.00037032532703104327,-0.00062051830936837,-0.0002778551373282137,,,-6.177501070784131e-05
614,2026-07-31,GALD,CH1335392721,36083501W,-0.00031619307294317216,-0.0003459691022337848,,-0.00035718106388025003,,,,,0.0005577188660106073,-0.0008092773755049022,,,,0.0006888491946261965,-0.000863631826098515,-0.00047820935825289675,0.0010866353492694932,,,,,-0.001315075735195466,,,,,,0.0013378805167306475,,,,-0.0006747910477970904,,,,,,,,,-0.001780410226110785,-0.0006074890535286143,-0.001361490172908247,-0.0007766890248134296,-0.0013456588918279188,-0.00037032532703104327,-0.00062051830936837,-0.0002778551373282137,-0.0009076601152721648,,-0.00024237309826727167
615,2026-07-31,GALP,PTGAL0AM0009,27944801W,-0.00031619307294317216,,,-0.00035718106388025003,-0.0005445960691632988,0.001278747676212166,,-0.000580083532316797,0.0005577188660106073,,,,0.0014199590760392762,0.0006888491946261965,,,0.0010866353492694932,,0.0010332737919392947,,,0.001315075735195466,,0.001315075735195466,-0.0004125727796691658,,,0.0013378805167306475,,,,,,,0.0011630820572583016,,0.0010969352104000098,,,,,-0.0006074890535286143,,,0.0013456588918279188,-0.00037032532703104327,0.00062051830936837,0.0010917609877094435,,0.0010666052045824978,0.0003109271695712872
616,2026-07-31,GBLB,BE0003797140,02140803W,-0.00031619307294317216,0.0010196181911647667,,0.0010520605881563728,,-0.00043343320111311243,,-0.000580083532316797,-0.0016532380671028715,,,,0.0014199590760392762,,-0.000863631826098515,,0.0010866353492694932,-0.0007099795380196381,-0.0030454385446631845,,-0.0007926483883369932,,,,,,,,,-0.00039295981221460445,-0.000362211783089831,-0.0006747910477970904,,0.0026005992066786745,-0.00039700399553070675,,-0.0011127563913192406,,,-0.0009524828370140001,-0.001780410226110785,,,-0.0007766890248134296,,-0.00037032532703104327,0.00062051830936837,-0.0002778551373282137,-0.0009076601152721648,-0.0010666052045824978,-0.00018816714433088594
617,2026-07-31,GD,US3695501086,00504601,-0.00031619307294317216,,,,-0.0005445960691632988,,,,0.0005577188660106073,,,,0.0014199590760392762,0.0006888491946261965,,,0.0010866353492694932,,,,,,,,-0.0004125727796691658,,,0.0013378805167306475,0.0030860443919253607,,,,0.0009524828370140001,,0.0011630820572583016,,0.0010969352104000098,0.0032599060478084793,,0.0009485792188295165,,,,,,,,0.0010917609877094435,,,0.00033717420005832503
618,2026-07-31,GE,US3696043013,00504701,-0.00031619307294317216,,,-0.00035718106388025003,-0.0005445960691632988,,-0.002630151470390932,,0.0005577188660106073,,,,,0.0006888491946261965,,,-0.0005497703786090309,,,,,,,,-0.0004125727796691658,,,0.0013378805167306475,0.0030860443919253607,,,,,,,,,,0.0026913177836558376,0.0009485792188295165,,-0.0006074890535286143,,-0.0007766890248134296,-0.0013456588918279188,-0.00037032532703104327,,-0.0002778551373282137,,0.0010666052045824978,-5.107754537562221e-05
619,2026-07-31,GEBN,CH0030170408,22891801W,-0.00031619307294317216,-0.0003459691022337848,,-0.00035718106388025003,-0.0005445960691632988,-0.00043343320111311243,,,,,,,,,,,0.0010866353492694932,,,,,,,,-0.0004125727796691658,,,-0.0003434025658670653,,-0.00039295981221460445,-0.000362211783089831,,-0.00048019362944896687,,-0.00039700399553070675,,,,,-0.0009524828370140001,,-0.0006074890535286143,-0.001361490172908247,,-0.0013456588918279188,-0.00037032532703104327,-0.00062051830936837,-0.0002778551373282137,,,-0.00014485513024844248
620,2026-07-31,GEHC,US36266G1076,04181801,-0.00031619307294317216,-0.0003459691022337848,-0.0011869401507405232,-0.00035718106388025003,,,,,0.0005577188660106073,-0.0008092773755049022,,,,0.0006888491946261965,,-0.00047820935825289675,-0.0005497703786090309,,,,,,,0.001315075735195466,,,,-0.0003434025658670653,-0.0031277476945189464,-0.00039295981221460445,-0.000362211783089831,-0.0006747910477970904,,,-0.00039700399553070675,-0.0031277476945189464,,,-0.0013942971650265183,,0.001780410226110785,,0.0013535282420725264,0.0015430221959626803,0.0013456588918279188,-0.00037032532703104327,,-0.0002778551373282137,0.0018082291358937658,0.0010666052045824978,2.3805249041601306e-05
621,2026-07-31,GEN,US6687711084,01585501,0.0009295314433510121,-0.0003459691022337848,,-0.00035718106388025003,0.0010617125201578075,,0.0026005992066786745,,,-0.0008092773755049022,0.001377698389252393,,-0.0007301366857867572,,,-0.00047820935825289675,,,,-0.0011689562090626366,,-0.001315075735195466,,,-0.0004125727796691658,,,-0.0003434025658670653,,0.0011630820572583016,0.0010666052045824978,,0.0009524828370140001,,0.0011630820572583016,,0.0010969352104000098,,-0.0013942971650265183,,,0.0011808843336449082,,,,,,,,0.0010666052045824978,0.00018663217477284265
622,2026-07-31,GET,FR0010533075,20208603W,-0.00031619307294317216,,,,-0.0005445960691632988,0.001278747676212166,,,0.0005577188660106073,,,,,-0.00204825955216285,,,0.0010866353492694932,,,,,-0.001315075735195466,,-0.001315075735195466,-0.0004125727796691658,,,-0.0003434025658670653,,-0.00039295981221460445,-0.000362211783089831,,-0.00048019362944896687,,-0.00039700399553070675,,,,,,,-0.0006074890535286143,-0.001361490172908247,-0.0007766890248134296,-0.0013456588918279188,,0.00062051830936837,-0.0002778551373282137,,,-0.00014422180554363198
623,2026-07-31,GEV,US36828A1016,04516901,,0.0010196181911647667,,,,-0.00043343320111311243,,,0.0005577188660106073,,,,-0.0007301366857867572,0.0006888491946261965,,,-0.0005497703786090309,,,,,0.001315075735195466,,0.001315075735195466,0.0016185547510098044,,,0.0013378805167306475,-0.0031277476945189464,0.0011630820572583016,0.0010666052045824978,,-0.00048019362944896687,,,,0.0010969352104000098,0.0032599060478084793,,0.0009485792188295165,,0.0011808843336449082,,-0.0007766890248134296,-0.0013456588918279188,-0.00037032532703104327,,-0.0002778551373282137,,0.0010666052045824978,0.00023106477098569088
624,2026-07-31,GFC,FR0010040865,22188401W,-0.00031619307294317216,,,,,,,,,,,,,,,,,,-0.0030454385446631845,,-0.0007926483883369932,-0.001315075735195466,0.002269150288180412,-0.001315075735195466,,,,-0.0003434025658670653,,,,,-0.00048019362944896687,,,,-0.0011127563913192406,,,,0.001780410226110785,,0.0013535282420725264,,,-0.00037032532703104327,-0.00062051830936837,-0.0002778551373282137,,,-0.00017402610892354532
625,2026-07-31,GFL,CA36168Q1046,03561201C,-0.00031619307294317216,-0.0003459691022337848,,-0.00035718106388025003,,-0.00043343320111311243,,,-0.0016532380671028715,,,,,-0.00204825955216285,,,-0.0005497703786090309,,,,,-0.001315075735195466,,-0.001315075735195466,-0.0004125727796691658,,,-0.0003434025658670653,,0.0011630820572583016,0.0010666052045824978,,,,-0.00039700399553070675,,,,,,,,,-0.0007766890248134296,,-0.00037032532703104327,,-0.0002778551373282137,,,-0.00013364779746406107
626,2026-07-31,GGG,US3841091040,00525201,-0.00031619307294317216,-0.0003459691022337848,-0.0011869401507405232,-0.00035718106388025003,-0.0005445960691632988,-0.00043343320111311243,,,0.0005577188660106073,,,,0.0014199590760392762,0.0006888491946261965,,,,,,,,,,-0.001315075735195466,-0.0004125727796691658,,,-0.0003434025658670653,,,-0.000362211783089831,,-0.00048019362944896687,,,,,,,-0.0009524828370140001,,,-0.001361490172908247,,-0.0013456588918279188,-0.00037032532703104327,,-0.0002778551373282137,,-0.0010666052045824978,-0.00019049729815403074
627,2026-07-31,GIB.A,CA12532H1047,02186401C,-0.00031619307294317216,-0.0003459691022337848,,-0.00035718106388025003,,-0.00043343320111311243,,-0.000580083532316797,,-0.0008092773755049022,0.001377698389252393,,,,,-0.00047820935825289675,,,,-0.0011689562090626366,,,,,-0.0004125727796691658,,,-0.0003434025658670653,,-0.00039295981221460445,-0.000362211783089831,,0.0009524828370140001,,0.0011630820572583016,,0.0010969352104000098,,,,,0.0011808843336449082,,,,,,,,,3.2608196305160234e-05
628,2026-07-31,GIL,CA3759161035,11148601C,,-0.0003459691022337848,,-0.00035718106388025003,0.0010617125201578075,,,,,-0.0008092773755049022,-0.0013859480802060002,-0.0023861167978804334,-0.0007301366857867572,,-0.000863631826098515,-0.00047820935825289675,,-0.0007099795380196381,,-0.0011689562090626366,-0.0007926483883369932,-0.001315075735195466,-0.0023145332939440203,,-0.0004125727796691658,,,0.0013378805167306475,,-0.00039295981221460445,-0.000362211783089831,-0.0006747910477970904,,-0.0013301915482436897,,,,,,,,,,,,-0.00037032532703104327,,-0.0002778551373282137,,,-0.00043177139073999614
629,2026-07-31,GILD,US3755581036,02485601,,-0.0003459691022337848,-0.0011869401507405232,-0.00035718106388025003,-0.0005445960691632988,,-0.002630151470390932,,0.0005577188660106073,0.0031705935533479727,,,,0.0006888491946261965,,0.001881734385320342,,,,,,,,,,,,-0.0003434025658670653,,0.0011630820572583016,0.0010666052045824978,0.002630151470390932,-0.00048019362944896687,,-0.00039700399553070675,,,,-0.0013942971650265183,,,,,0.0015430221959626803,,,,-0.0002778551373282137,,,3.075015860683809e-05
630,2026-07-31,GIS,US3703341046,00507101,-0.00031619307294317216,-0.0003459691022337848,-0.0011869401507405232,,-0.0005445960691632988,,-0.002630151470390932,,,,,,-0.0007301366857867572,0.0006888491946261965,,-0.00047820935825289675,,,0.0010332737919392947,,0.0015638738472594732,-0.001315075735195466,0.002269150288180412,,,,,-0.0003434025658670653,,-0.00039295981221460445,-0.000362211783089831,,-0.00048019362944896687,,-0.00039700399553070675,-0.0031277476945189464,-0.0011127563913192406,,-0.0013942971650265183,,0.001780410226110785,-0.0006074890535286143,0.0013535282420725264,0.0015430221959626803,,-0.00037032532703104327,-0.00062051830936837,-0.0002778551373282137,0.0018082291358937658,,-8.870213980589157e-05
631,2026-07-31,GIVN,CH0010645932,23741901W,-0.00031619307294317216,-0.0003459691022337848,,-0.00035718106388025003,-0.0005445960691632988,-0.00043343320111311243,,-0.000580083532316797,,,-0.0013859480802060002,,-0.0007301366857867572,,,-0.00047820935825289675,,-0.0007099795380196381,,,-0.0007926483883369932,,,,-0.0004125727796691658,,,-0.0003434025658670653,,-0.00039295981221460445,-0.000362211783089831,,-0.00048019362944896687,,-0.00039700399553070675,,,,,,,-0.0006074890535286143,,,,-0.00037032532703104327,-0.00062051830936837,-0.0002778551373282137,-0.0009076601152721648,,-0.00026619309885575005
632,2026-07-31,GJF,NO0010582521,29609101W,-0.00031619307294317216,-0.0003459691022337848,,-0.00035718106388025003,,-0.00043343320111311243,,-0.000580083532316797,0.0005577188660106073,,,,,,,,,-0.0007099795380196381,,,,,-0.0023145332939440203,,,,,,,-0.00039295981221460445,-0.000362211783089831,-0.0006747910477970904,,-0.0013301915482436897,0.0011630820572583016,,,,,-0.0009524828370140001,,,-0.001361490172908247,-0.0007766890248134296,,,0.00062051830936837,-0.0002778551373282137,-0.0009076601152721648,,-0.00017701823894023043
633,2026-07-31,GLE,FR0000130809,01578401W,-0.00031619307294317216,-0.0003459691022337848,,,0.0010617125201578075,0.001278747676212166,,0.001701862716135309,-0.0016532380671028715,,,,,,0.001701862716135309,,,0.002183521975418887,0.0010332737919392947,,,,-0.0023145332939440203,,,,,,,,,,,0.0026005992066786745,,,,,,0.0009485792188295165,0.001780410226110785,0.0011808843336449082,0.0013535282420725264,0.0015430221959626803,,,,,,0.0010666052045824978,0.00032357625685492037
634,2026-07-31,GLEN,JE00B4T3BW64,26740701W,0.0009295314433510121,0.0010196181911647667,,0.0010520605881563728,0.0010617125201578075,-0.00043343320111311243,,-0.000580083532316797,,,0.001377698389252393,,-0.0007301366857867572,,,-0.00047820935825289675,,-0.0007099795380196381,,,,,,,-0.0004125727796691658,,,-0.0003434025658670653,,,,,0.0009524828370140001,,-0.00039700399553070675,,-0.0011127563913192406,,,0.0009485792188295165,-0.001780410226110785,-0.0006074890535286143,,,,-0.00037032532703104327,-0.00062051830936837,-0.0002778551373282137,,,-9.680295067193082e-05
635,2026-07-31,GLPI,US36467J1088,01879201,-0.00031619307294317216,,,,,,,,,,,,,,,,-0.0005497703786090309,,,,-0.0007926483883369932,,,,,,,-0.0003434025658670653,-0.0031277476945189464,,,,-0.00048019362944896687,,,,,,,-0.0009524828370140001,,,,,,0.0010917609877094435,,-0.0002778551373282137,,0.0010666052045824978,-5.860246256887445e-05
636,2026-07-31,GLW,US2193501051,00353201,-0.00031619307294317216,-0.0003459691022337848,-0.0011869401507405232,-0.00035718106388025003,-0.0005445960691632988,-0.00043343320111311243,,-0.000580083532316797,,-0.0008092773755049022,,-0.0023861167978804334,,,,-0.00047820935825289675,,,,-0.0011689562090626366,,,,,-0.0004125727796691658,,,0.0013378805167306475,,,,,,,-0.00039700399553070675,,,-0.0016771980390898698,,,,-0.0006074890535286143,,,,,,,,,-0.0003440158772323714
637,2026-07-31,GM,US37045V1008,00507319,0.0009295314433510121,0.0010196181911647667,0.0022916171227168516,0.0010520605881563728,0.0010617125201578075,0.001278747676212166,0.0026005992066786745,0.001701862716135309,,-0.0008092773755049022,-0.0013859480802060002,,-0.0007301366857867572,,,-0.00047820935825289675,,-0.0007099795380196381,,-0.0011689562090626366,-0.0007926483883369932,,,,-0.0004125727796691658,,,-0.0003434025658670653,,0.0011630820572583016,-0.000362211783089831,0.002630151470390932,0.0009524828370140001,0.0026005992066786745,0.0011630820572583016,0.0031277476945189464,0.0010969352104000098,,,0.0009485792188295165,,,0.0013535282420725264,,,0.0010917609877094435,,-0.0002778551373282137,,,0.00048422518802375674
638,2026-07-31,GMAB,DK0010272202,24520701W,-0.00031619307294317216,-0.0003459691022337848,,-0.00035718106388025003,0.0010617125201578075,,,,0.0005577188660106073,0.0031705935533479727,,,,0.0006888491946261965,,0.001881734385320342,-0.0005497703786090309,,,,,,-0.0023145332939440203,,,,,-0.0003434025658670653,,0.0011630820572583016,0.0010666052045824978,0.002630151470390932,,,-0.00039700399553070675,0.0031277476945189464,,,,,0.001780410226110785,0.0011808843336449082,,0.0015430221959626803,,-0.00037032532703104327,0.00062051830936837,-0.0002778551373282137,,,0.0002273535959353465
639,2026-07-31,GMG,AU000000GMG2,27181001W,0.0009295314433510121,,,,,,,,,,,,,,,,-0.0005497703786090309,,-0.0030454385446631845,,,,-0.0023145332939440203,-0.001315075735195466,,,,-0.0003434025658670653,,,,,-0.00048019362944896687,-0.0013301915482436897,,,,,,,,,-0.001361490172908247,,-0.0013456588918279188,-0.00037032532703104327,0.00062051830936837,-0.0002778551373282137,,-0.0010666052045824978,-0.000354096230186203
640,2026-07-31,GOOG,US02079K1079,16032903,0.0009295314433510121,0.0010196181911647667,0.0022916171227168516,0.0010520605881563728,,0.001278747676212166,,0.001701862716135309,,,,,,,,,-0.0005497703786090309,,,,,,,,,0.005143407319875601,,,,,,,-0.00048019362944896687,,,,,,0.0026913177836558376,0.0009485792188295165,,,,,,-0.00037032532703104327,-0.00062051830936837,-0.0002778551373282137,,,0.00013286577104501397
641,2026-07-31,GOOGL,US02079K3059,16032901,0.0009295314433510121,0.0010196181911647667,0.0022916171227168516,0.0010520605881563728,,0.001278747676212166,,0.001701862716135309,,,,,,,,,-0.0005497703786090309,,,,,,,,,0.005143407319875601,,,,,,,-0.00048019362944896687,,,,,,0.0026913177836558376,0.0009485792188295165,,,,,,-0.00037032532703104327,-0.00062051830936837,-0.0002778551373282137,,,0.00013286577104501397
642,2026-07-31,GPC,US3724601055,00512501,-0.00031619307294317216,-0.0003459691022337848,-0.0011869401507405232,-0.00035718106388025003,,-0.00043343320111311243,,-0.000580083532316797,,-0.0008092773755049022,,-0.0023861167978804334,-0.0007301366857867572,,,-0.00047820935825289675,,-0.0007099795380196381,,-0.0011689562090626366,,,,0.001315075735195466,-0.0004125727796691658,,,-0.0003434025658670653,,-0.00039295981221460445,-0.000362211783089831,-0.0006747910477970904,,-0.0013301915482436897,,-0.0031277476945189464,,,,,,,0.0013535282420725264,,,-0.00037032532703104327,,-0.0002778551373282137,,0.0010666052045824978,-0.0003364049700138458
643,2026-07-31,GPN,US37940X1028,14191301,-0.00031619307294317216,-0.0003459691022337848,,-0.00035718106388025003,0.0010617125201578075,,0.0026005992066786745,,-0.0016532380671028715,,,,,,,,0.0010866353492694932,-0.0007099795380196381,,,,,,,,,,,,-0.00039295981221460445,-0.000362211783089831,-0.0006747910477970904,0.0009524828370140001,-0.0013301915482436897,-0.00039700399553070675,,-0.0011127563913192406,-0.0016771980390898698,-0.0013942971650265183,,-0.001780410226110785,,,,,-0.00037032532703104327,,-0.0002778551373282137,,-0.0010666052045824978,-0.00011808804193239438
644,2026-07-31,GRMN,CH0114405324,14145901,,,,,-0.0005445960691632988,,-0.002630151470390932,0.001701862716135309,,0.0031705935533479727,,0.0023617686672898165,,,-0.000863631826098515,-0.00047820935825289675,-0.0005497703786090309,0.002183521975418887,,0.004538300576360824,-0.0007926483883369932,-0.001315075735195466,-0.0023145332939440203,-0.001315075735195466,-0.0004125727796691658,0.005143407319875601,0.006612952268411486,-0.0003434025658670653,,,,-0.0006747910477970904,,,-0.00039700399553070675,,,,,,,,-0.001361490172908247,,,-0.00037032532703104327,,-0.0002778551373282137,,-0.0010666052045824978,2.698017291653227e-05
645,2026-07-31,GS,US38141G1040,11462801,,,,,,,,-0.000580083532316797,0.0005577188660106073,,-0.0013859480802060002,,-0.0007301366857867572,,-0.000863631826098515,,-0.0005497703786090309,-0.0007099795380196381,,,-0.0007926483883369932,,,,,,,,,-0.00039295981221460445,-0.000362211783089831,-0.0006747910477970904,,0.0026005992066786745,-0.00039700399553070675,,-0.0011127563913192406,-0.0016771980390898698,,0.0009485792188295165,,,,-0.0007766890248134296,,-0.00037032532703104327,0.00062051830936837,-0.0002778551373282137,-0.0009076601152721648,,-0.00016444860513770121
646,2026-07-31,GSK,GB00BN7SWP63,00518002W,-0.00031619307294317216,-0.0003459691022337848,,-0.00035718106388025003,,,,,0.0005577188660106073,-0.0008092773755049022,,,,0.0006888491946261965,-0.000863631826098515,0.001881734385320342,-0.0005497703786090309,,,,0.0015638738472594732,,0.002269150288180412,0.001315075735195466,,,,-0.0003434025658670653,,0.0011630820572583016,0.0010666052045824978,-0.0006747910477970904,,,,0.0031277476945189464,,,,0.0009485792188295165,0.001780410226110785,0.0011808843336449082,0.0013535282420725264,0.0015430221959626803,,0.0010917609877094435,,-0.0002778551373282137,0.0018082291358937658,0.0010666052045824978,0.0005070097906768802
647,2026-07-31,GWO,CA39138C1068,01643101C,,,,,,-0.00043343320111311243,,0.001701862716135309,0.0005577188660106073,,,0.0023617686672898165,,,,,,-0.0007099795380196381,,,-0.0007926483883369932,,,,,,,,,,-0.000362211783089831,,-0.00048019362944896687,,-0.00039700399553070675,,,,,0.0009485792188295165,,,,-0.0007766890248134296,,,,-0.0002778551373282137,-0.0009076601152721648,0.0010666052045824978,0.00010410471629985976
648,2026-07-31,GWW,US3848021040,00525601,,0.0010196181911647667,0.0022916171227168516,,-0.0005445960691632988,,,,-0.0016532380671028715,,,,0.0014199590760392762,0.0006888491946261965,,,-0.0005497703786090309,,,,,0.001315075735195466,,0.001315075735195466,-0.0004125727796691658,,,-0.0003434025658670653,0.0030860443919253607,-0.00039295981221460445,-0.000362211783089831,,,,-0.00039700399553070675,,,-0.0016771980390898698,,,,-0.0006074890535286143,-0.001361490172908247,-0.0007766890248134296,,-0.00037032532703104327,-0.00062051830936837,-0.0002778551373282137,,,-3.3946193958571606e-05
649,2026-07-31,H,CA4488112083,02494401C,-0.00031619307294317216,,,,-0.0005445960691632988,,,-0.000580083532316797,0.0005577188660106073,,,,,0.0006888491946261965,,-0.00047820935825289675,,,,,,,,,-0.0004125727796691658,,,,,-0.00039295981221460445,,-0.0006747910477970904,,,,,,,,,-0.001780410226110785,-0.0006074890535286143,-0.001361490172908247,-0.0007766890248134296,,-0.00037032532703104327,-0.00062051830936837,-0.0002778551373282137,-0.0009076601152721648,,-0.00022538961857055076
650,2026-07-31,H,US4485791028,18336601,0.0009295314433510121,0.0010196181911647667,,0.0010520605881563728,0.0010617125201578075,-0.00043343320111311243,0.0026005992066786745,-0.000580083532316797,,-0.0008092773755049022,,-0.0023861167978804334,,,,-0.00047820935825289675,,-0.0007099795380196381,,-0.0011689562090626366,0.0015638738472594732,-0.001315075735195466,0.002269150288180412,,-0.0004125727796691658,,,-0.0003434025658670653,,-0.00039295981221460445,-0.000362211783089831,-0.0006747910477970904,,-0.0013301915482436897,-0.00039700399553070675,-0.0031277476945189464,,-0.0016771980390898698,,,,,,,,-0.00037032532703104327,,-0.0002778551373282137,,,-0.0002963957630673943
651,2026-07-31,H78,BMG4587L1090,21057604W,,,,,,,,,,,,,,,,,0.0010866353492694932,,,,-0.0007926483883369932,-0.001315075735195466,-0.0023145332939440203,-0.001315075735195466,,,,-0.0003434025658670653,,,,,-0.00048019362944896687,0.0026005992066786745,,-0.0031277476945189464,,,,,-0.001780410226110785,0.0011808843336449082,,,-0.0013456588918279188,-0.00037032532703104327,0.00062051830936837,-0.0002778551373282137,,-0.0010666052045824978,-0.00026910045568231586
652,2026-07-31,HAG,DE000HAG0005,34011501W,-0.00031619307294317216,,,-0.00035718106388025003,,-0.00043343320111311243,,,0.0005577188660106073,,,,-0.0007301366857867572,0.0006888491946261965,,,0.0010866353492694932,,,,,,,,0.0016185547510098044,,,0.0013378805167306475,,-0.00039295981221460445,-0.000362211783089831,,,,0.0011630820572583016,,0.0010969352104000098,,,-0.0009524828370140001,,-0.0006074890535286143,,-0.0007766890248134296,,-0.00037032532703104327,0.00062051830936837,0.0010917609877094435,,0.0010666052045824978,0.00012089215273949456
653,2026-07-31,HAL,US4062161017,00543901,-0.00031619307294317216,,,-0.00035718106388025003,-0.0005445960691632988,-0.00043343320111311243,-0.002630151470390932,,0.0005577188660106073,,-0.0013859480802060002,,,0.0006888491946261965,,,,,0.0010332737919392947,,,,,,-0.0004125727796691658,,,-0.0003434025658670653,,,,,,,-0.00039700399553070675,,-0.0011127563913192406,,0.0026913177836558376,,,-0.0006074890535286143,,,,-0.00037032532703104327,,-0.0002778551373282137,,,-0.00016916142543689408
654,2026-07-31,HARL,IL0005850180,22488802W,,,,,,-0.00043343320111311243,,,0.0005577188660106073,,,0.0023617686672898165,,,-0.000863631826098515,,,-0.0007099795380196381,0.0010332737919392947,,-0.0007926483883369932,,-0.0023145332939440203,,,,,,,0.0011630820572583016,0.0010666052045824978,0.002630151470390932,0.0009524828370140001,,0.0011630820572583016,,0.0010969352104000098,,,,0.001780410226110785,,,0.0015430221959626803,,-0.00037032532703104327,-0.00062051830936837,-0.0002778551373282137,,,0.00021158289565637067
655,2026-07-31,HBAN,US4461501045,00578601,-0.00031619307294317216,-0.0003459691022337848,-0.0011869401507405232,-0.00035718106388025003,0.0010617125201578075,-0.00043343320111311243,0.0026005992066786745,-0.000580083532316797,0.0005577188660106073,,-0.0013859480802060002,-0.0023861167978804334,,,,,,-0.0007099795380196381,0.0010332737919392947,,,,,,,,,,,,-0.000362211783089831,,-0.00048019362944896687,-0.0013301915482436897,,,,,,,,0.0011808843336449082,,,,,,,0.0018082291358937658,,-4.366055454491256e-05
656,2026-07-31,HCA,US40412C1018,02226004,-0.00031619307294317216,-0.0003459691022337848,-0.0011869401507405232,-0.00035718106388025003,0.0010617125201578075,,,,-0.0016532380671028715,0.0031705935533479727,,,,-0.00204825955216285,0.001701862716135309,0.001881734385320342,,,,,,0.001315075735195466,0.002269150288180412,-0.001315075735195466,,,,0.0013378805167306475,0.0030860443919253607,0.0011630820572583016,0.0010666052045824978,0.002630151470390932,0.0009524828370140001,,0.0011630820572583016,0.0031277476945189464,0.0010969352104000098,,-0.0013942971650265183,,0.001780410226110785,0.0011808843336449082,,0.0015430221959626803,0.0013456588918279188,0.0010917609877094435,-0.00062051830936837,0.0010917609877094435,0.0018082291358937658,,0.0006230236127050607
657,2026-07-31,HD,US4370761029,00568001,-0.00031619307294317216,-0.0003459691022337848,-0.0011869401507405232,-0.00035718106388025003,-0.0005445960691632988,-0.00043343320111311243,-0.002630151470390932,-0.000580083532316797,,-0.0008092773755049022,,-0.0023861167978804334,-0.0007301366857867572,,,-0.00047820935825289675,-0.0005497703786090309,-0.0007099795380196381,,-0.0011689562090626366,,,,0.001315075735195466,-0.0004125727796691658,,,-0.0003434025658670653,-0.0031277476945189464,-0.00039295981221460445,-0.000362211783089831,-0.0006747910477970904,-0.00048019362944896687,-0.0013301915482436897,-0.00039700399553070675,,,-0.0016771980390898698,,0.0009485792188295165,,,,,,-0.00037032532703104327,,-0.0002778551373282137,,0.0010666052045824978,-0.0004903480874291109
658,2026-07-31,HEI,DE0006047004,10037301W,-0.00031619307294317216,-0.0003459691022337848,,-0.00035718106388025003,,,,-0.000580083532316797,,,,,,,,-0.00047820935825289675,-0.0005497703786090309,0.002183521975418887,,,0.0015638738472594732,,,,-0.0004125727796691658,,,-0.0003434025658670653,,-0.00039295981221460445,-0.000362211783089831,,,,-0.00039700399553070675,,,,,,0.001780410226110785,0.0011808843336449082,,,,,0.00062051830936837,-0.0002778551373282137,,,6.333003486174446e-05
659,2026-07-31,HEI,US4228061093,00556701,,0.0010196181911647667,0.0022916171227168516,,-0.0005445960691632988,,-0.002630151470390932,,0.0005577188660106073,,,,0.0014199590760392762,0.0006888491946261965,,,-0.0005497703786090309,,,,,-0.001315075735195466,,,-0.0004125727796691658,,,-0.0003434025658670653,,,,,,,-0.00039700399553070675,,,,-0.0013942971650265183,,,-0.0006074890535286143,-0.001361490172908247,-0.0007766890248134296,-0.0013456588918279188,-0.00037032532703104327,-0.00062051830936837,-0.0002778551373282137,,,-0.000194631394138712
660,2026-07-31,HEIA,NL0000009165,10483302W,-0.00031619307294317216,-0.0003459691022337848,,,,,,,,,,,,-0.00204825955216285,,-0.00047820935825289675,,,,,,,,,,,,-0.0003434025658670653,,0.0011630820572583016,0.0010666052045824978,,-0.00048019362944896687,,-0.00039700399553070675,,,,,0.0009485792188295165,,,,-0.0007766890248134296,,,0.00062051830936837,-0.0002778551373282137,,,-2.2726033798793296e-06
661,2026-07-31,HEIA,US4228062083,00556702,,,,,,,,,0.0005577188660106073,,,,0.0014199590760392762,0.0006888491946261965,,,-0.0005497703786090309,,,,,-0.001315075735195466,,,-0.0004125727796691658,,,-0.0003434025658670653,,,,,,,-0.00039700399553070675,,,,,,,,-0.001361490172908247,-0.0007766890248134296,-0.0013456588918279188,-0.00037032532703104327,-0.00062051830936837,-0.0002778551373282137,,,-0.0001393151764836087
662,2026-07-31,HEIO,NL0000008977,20649301W,,,,,,,,,,,,,,-0.00204825955216285,,-0.00047820935825289675,,,,,,,,,,,,-0.0003434025658670653,,0.0011630820572583016,0.0010666052045824978,,-0.00048019362944896687,,-0.00039700399553070675,,-0.0011127563913192406,,,0.0009485792188295165,0.001780410226110785,,0.0013535282420725264,,,0.0010917609877094435,0.00062051830936837,-0.0002778551373282137,,0.0010666052045824978,7.809800204057341e-05
663,2026-07-31,HELN,CH0466642201,01634902W,-0.00031619307294317216,-0.0003459691022337848,,-0.00035718106388025003,-0.0005445960691632988,-0.00043343320111311243,,-0.000580083532316797,0.0005577188660106073,,0.001377698389252393,,,,0.001701862716135309,,-0.0005497703786090309,-0.0007099795380196381,0.0010332737919392947,,,,-0.0023145332939440203,,,,,,,-0.00039295981221460445,-0.000362211783089831,-0.0006747910477970904,-0.00048019362944896687,-0.0013301915482436897,0.0011630820572583016,,0.0010969352104000098,,,,-0.001780410226110785,,,-0.0007766890248134296,,-0.00037032532703104327,-0.00062051830936837,-0.0002778551373282137,-0.0009076601152721648,,-0.00015025629272652697
664,2026-07-31,HEN,DE0006048408,10194202W,0.0009295314433510121,,,,,,,,,,-0.0013859480802060002,,,0.0006888491946261965,-0.000863631826098515,-0.00047820935825289675,,,0.0010332737919392947,,-0.0007926483883369932,,,-0.001315075735195466,,,,-0.0003434025658670653,,-0.00039295981221460445,-0.000362211783089831,,-0.00048019362944896687,,-0.00039700399553070675,0.0031277476945189464,-0.0011127563913192406,,,,,,,0.0015430221959626803,,,0.00062051830936837,-0.0002778551373282137,,-0.0010666052045824978,-5.667950557389286e-05
665,2026-07-31,HEN3,DE0006048432,10194201W,0.0009295314433510121,0.0010196181911647667,,,-0.0005445960691632988,,,,,,-0.0013859480802060002,,,0.0006888491946261965,-0.000863631826098515,-0.00047820935825289675,,,0.0010332737919392947,,-0.0007926483883369932,,,-0.001315075735195466,,,,-0.0003434025658670653,,-0.00039295981221460445,-0.000362211783089831,,-0.00048019362944896687,,-0.00039700399553070675,0.0031277476945189464,-0.0011127563913192406,,,,,,,,,,0.00062051830936837,-0.0002778551373282137,,-0.0010666052045824978,-9.7878440300202e-05
666,2026-07-31,HEXA B,SE0015961909,10306502W,-0.00031619307294317216,0.0010196181911647667,,0.0010520605881563728,-0.0005445960691632988,-0.00043343320111311243,,-0.000580083532316797,,-0.0008092773755049022,,,,,,-0.00047820935825289675,,,,-0.0011689562090626366,,-0.001315075735195466,,-0.001315075735195466,-0.0004125727796691658,,,-0.0003434025658670653,,0.0011630820572583016,0.0010666052045824978,,-0.00048019362944896687,,-0.00039700399553070675,,-0.0011127563913192406,,,,,,,,,,,,,,-0.00019841477056074916
667,2026-07-31,HIG,US4165151048,06173901,-0.00031619307294317216,-0.0003459691022337848,-0.0011869401507405232,-0.00035718106388025003,-0.0005445960691632988,-0.00043343320111311243,-0.002630151470390932,-0.000580083532316797,,,,,,,-0.000863631826098515,,-0.0005497703786090309,-0.0007099795380196381,,,-0.0007926483883369932,,,,,,,,,0.0011630820572583016,0.0010666052045824978,0.002630151470390932,0.0009524828370140001,,-0.00039700399553070675,,,,,,0.001780410226110785,-0.0006074890535286143,,0.0015430221959626803,0.0013456588918279188,0.0010917609877094435,,0.0010917609877094435,,,4.166985377784448e-05
668,2026-07-31,HLMA,GB0004052071,10017401W,-0.00031619307294317216,-0.0003459691022337848,,-0.00035718106388025003,-0.0005445960691632988,-0.00043343320111311243,,-0.000580083532316797,,-0.0008092773755049022,,0.0023617686672898165,,,,-0.00047820935825289675,,,,-0.0011689562090626366,,,,,-0.0004125727796691658,,,-0.0003434025658670653,,-0.00039295981221460445,,,,,-0.00039700399553070675,,-0.0011127563913192406,,,-0.0009524828370140001,,-0.0006074890535286143,,,,,,,,,-5.8362979950929534e-05
669,2026-07-31,HLN,GB00BMX86B70,35344401W,-0.00031619307294317216,-0.0003459691022337848,,-0.00035718106388025003,-0.0005445960691632988,,,,0.0005577188660106073,-0.0008092773755049022,,,,0.0006888491946261965,-0.000863631826098515,-0.00047820935825289675,,,,,0.0015638738472594732,-0.001315075735195466,0.002269150288180412,,,,,-0.0003434025658670653,,,,-0.0006747910477970904,-0.00048019362944896687,,,,,,,,,,,,,,-0.00062051830936837,-0.0002778551373282137,,,-2.0721837843958993e-05
670,2026-07-31,HLT,US43300A2033,00564304,,-0.0003459691022337848,,-0.00035718106388025003,-0.0005445960691632988,-0.00043343320111311243,-0.002630151470390932,-0.000580083532316797,,-0.0008092773755049022,,,,,,-0.00047820935825289675,0.0010866353492694932,-0.0007099795380196381,,-0.0011689562090626366,0.0015638738472594732,,0.002269150288180412,-0.001315075735195466,0.0016185547510098044,0.005143407319875601,0.006612952268411486,-0.0003434025658670653,0.0030860443919253607,-0.00039295981221460445,-0.000362211783089831,-0.0006747910477970904,,-0.0013301915482436897,-0.00039700399553070675,,,,,,,,-0.001361490172908247,,,-0.00037032532703104327,,-0.0002778551373282137,,,-0.00013107991502768024
671,2026-07-31,HM B,SE0000106270,10227601W,-0.00031619307294317216,-0.0003459691022337848,,-0.00035718106388025003,-0.0005445960691632988,,,-0.000580083532316797,,-0.0008092773755049022,,-0.0023861167978804334,0.0014199590760392762,,,0.001881734385320342,0.0010866353492694932,-0.0007099795380196381,,-0.0011689562090626366,,0.001315075735195466,,0.001315075735195466,0.0016185547510098044,,,0.0013378805167306475,,-0.00039295981221460445,0.0010666052045824978,-0.0006747910477970904,-0.00048019362944896687,-0.0013301915482436897,0.0011630820572583016,,0.0010969352104000098,,,,,,,,,0.0010917609877094435,,0.0010917609877094435,,0.0010666052045824978,7.038300429537536e-05
672,2026-07-31,HNR1,DE0008402215,20482501W,-0.00031619307294317216,-0.0003459691022337848,,-0.00035718106388025003,-0.0005445960691632988,-0.00043343320111311243,,-0.000580083532316797,,,0.001377698389252393,,,,,,-0.0005497703786090309,-0.0007099795380196381,,,,,,,,,,,,,,0.002630151470390932,-0.00048019362944896687,,-0.00039700399553070675,,,,,,,,,0.0015430221959626803,0.0013456588918279188,0.0010917609877094435,0.00062051830936837,0.0010917609877094435,,,0.00012179853790535157
673,2026-07-31,HO,FR0000121329,01355601W,-0.00031619307294317216,-0.0003459691022337848,,-0.00035718106388025003,0.0010617125201578075,0.001278747676212166,,,0.0005577188660106073,,,,,0.0006888491946261965,,,0.0010866353492694932,,,,,0.001315075735195466,,,0.0016185547510098044,,,-0.0003434025658670653,,0.0011630820572583016,0.0010666052045824978,,,,,,0.0010969352104000098,,,,,0.0011808843336449082,0.0013535282420725264,,,,0.00062051830936837,-0.0002778551373282137,,0.0010666052045824978,0.0002732452395092081
674,2026-07-31,HOLN,CH0012214059,10130401W,,,,,,0.001278747676212166,,0.001701862716135309,,,,,0.0014199590760392762,,,-0.00047820935825289675,-0.0005497703786090309,-0.0007099795380196381,,,0.0015638738472594732,,,,-0.0004125727796691658,,,-0.0003434025658670653,,-0.00039295981221460445,-0.000362211783089831,,-0.00048019362944896687,,-0.00039700399553070675,,-0.0011127563913192406,,,,,-0.0006074890535286143,,,,-0.00037032532703104327,0.00062051830936837,-0.0002778551373282137,,,1.7369699870278907e-05
675,2026-07-31,HOOD,US7707001027,03929301,-0.00031619307294317216,-0.0003459691022337848,-0.0011869401507405232,-0.00035718106388025003,-0.0005445960691632988,-0.00043343320111311243,-0.002630151470390932,-0.000580083532316797,,,-0.0013859480802060002,,-0.0007301366857867572,,0.001701862716135309,,-0.0005497703786090309,-0.0007099795380196381,-0.0030454385446631845,,,,-0.0023145332939440203,,,,,,,-0.00039295981221460445,-0.000362211783089831,-0.0006747910477970904,-0.00048019362944896687,,,,,0.0032599060478084793,,-0.0009524828370140001,-0.001780410226110785,-0.0006074890535286143,,-0.0007766890248134296,-0.0013456588918279188,-0.00037032532703104327,0.00062051830936837,-0.0002778551373282137,-0.0009076601152721648,,-0.0002754063759804268
676,2026-07-31,HOT,DE0006070006,10005401W,0.0009295314433510121,,,,,,,,0.0005577188660106073,,,,0.0014199590760392762,0.0006888491946261965,,,0.0010866353492694932,,,,,0.001315075735195466,,0.001315075735195466,0.0016185547510098044,,,-0.0003434025658670653,,-0.00039295981221460445,-0.000362211783089831,,0.0009524828370140001,,,,,,,,,,,-0.0007766890248134296,0.0013456588918279188,,0.00062051830936837,0.0010917609877094435,,0.0010666052045824978,0.00023672124370373442
677,2026-07-31,HPE,US42824C1099,02615601,0.0009295314433510121,0.0010196181911647667,0.0022916171227168516,0.0010520605881563728,0.0010617125201578075,0.001278747676212166,0.0026005992066786745,0.001701862716135309,,-0.0008092773755049022,,,,,,-0.00047820935825289675,,,,-0.0011689562090626366,,,,,-0.0004125727796691658,,,-0.0003434025658670653,,0.0011630820572583016,-0.000362211783089831,,0.0009524828370140001,,0.0011630820572583016,,0.0010969352104000098,,,0.0009485792188295165,,,,,,,,,,0.0010666052045824978,0.0003332928070098146
678,2026-07-31,HPQ,US40434L1052,00560601,-0.00031619307294317216,-0.0003459691022337848,0.0022916171227168516,0.0010520605881563728,,0.001278747676212166,,0.001701862716135309,,-0.0008092773755049022,,,-0.0007301366857867572,,,0.001881734385320342,,,,-0.0011689562090626366,,0.001315075735195466,,-0.001315075735195466,-0.0004125727796691658,,,-0.0003434025658670653,,-0.00039295981221460445,-0.000362211783089831,,0.0009524828370140001,,0.0011630820572583016,,0.0010969352104000098,,-0.0013942971650265183,0.0009485792188295165,,0.0011808843336449082,,,,,,,,,0.00022500852881409384
679,2026-07-31,HSBA,GB0005405286,01550902W,0.0009295314433510121,0.0010196181911647667,,0.0010520605881563728,,-0.00043343320111311243,,-0.000580083532316797,0.0005577188660106073,,0.001377698389252393,,,,,,,0.002183521975418887,0.0010332737919392947,,0.0015638738472594732,,,,,,,,,,-0.000362211783089831,,,-0.0013301915482436897,,,,,,0.0009485792188295165,,,,,,,,,,,9.972136127356349e-05
680,2026-07-31,HSY,US4278661081,00559701,,,,,0.0010617125201578075,,0.0026005992066786745,,,,,,0.0014199590760392762,0.0006888491946261965,0.001701862716135309,-0.00047820935825289675,-0.0005497703786090309,,-0.0030454385446631845,,-0.0007926483883369932,,,,,0.005143407319875601,,-0.0003434025658670653,,-0.00039295981221460445,-0.000362211783089831,,,,-0.00039700399553070675,-0.0031277476945189464,,,-0.0013942971650265183,,-0.001780410226110785,,-0.001361490172908247,-0.0007766890248134296,-0.0013456588918279188,-0.00037032532703104327,-0.00062051830936837,-0.0002778551373282137,,,-0.00025046581391863367
681,2026-07-31,HUBB,US4435106079,00576401,0.0009295314433510121,,,,-0.0005445960691632988,-0.00043343320111311243,,,0.0005577188660106073,,,,-0.0007301366857867572,0.0006888491946261965,,,-0.0005497703786090309,,,,,,,,-0.0004125727796691658,,,-0.0003434025658670653,-0.0031277476945189464,,,,,,,,,,-0.0013942971650265183,-0.0009524828370140001,,-0.0006074890535286143,,-0.0007766890248134296,,-0.00037032532703104327,-0.00062051830936837,-0.0002778551373282137,,,-0.0001407120732966758
682,2026-07-31,HUM,US4448591028,02791401,,-0.0003459691022337848,-0.0011869401507405232,-0.00035718106388025003,,,,,0.0005577188660106073,-0.0008092773755049022,,,,0.0006888491946261965,-0.000863631826098515,-0.00047820935825289675,,,,,0.0015638738472594732,0.001315075735195466,,0.001315075735195466,,,,-0.0003434025658670653,0.0030860443919253607,-0.00039295981221460445,-0.000362211783089831,-0.0006747910477970904,0.0009524828370140001,,-0.00039700399553070675,-0.0031277476945189464,-0.0011127563913192406,,-0.0013942971650265183,,-0.001780410226110785,,0.0013535282420725264,,0.0013456588918279188,-0.00037032532703104327,0.00062051830936837,-0.0002778551373282137,,0.0010666052045824978,3.723258663231772e-05
683,2026-07-31,HWM,US4432011082,02819201,0.0009295314433510121,0.0010196181911647667,0.0022916171227168516,0.0010520605881563728,,-0.00043343320111311243,,,,,,,0.0014199590760392762,,,,,,,,,,,,0.0016185547510098044,,,0.0013378805167306475,,,,,-0.00048019362944896687,,,,,0.0032599060478084793,,,,-0.0006074890535286143,-0.001361490172908247,-0.0007766890248134296,-0.0013456588918279188,-0.00037032532703104327,-0.00062051830936837,-0.0002778551373282137,,,5.4489279801714065e-05
684,2026-07-31,IAG,AU000000IAG3,23911601W,,-0.0003459691022337848,,-0.00035718106388025003,-0.0005445960691632988,0.001278747676212166,,,,,0.001377698389252393,-0.0023861167978804334,,,-0.000863631826098515,,-0.0005497703786090309,-0.0007099795380196381,-0.0030454385446631845,,-0.0007926483883369932,,,,,,,,,-0.00039295981221460445,-0.000362211783089831,-0.0006747910477970904,0.0009524828370140001,,-0.00039700399553070675,,,,,-0.0009524828370140001,,-0.0006074890535286143,-0.001361490172908247,-0.0007766890248134296,0.0013456588918279188,-0.00037032532703104327,-0.00062051830936837,-0.0002778551373282137,-0.0009076601152721648,,-0.00027670675639992576
685,2026-07-31,IAG,CA45075E1043,12947201C,-0.00031619307294317216,-0.0003459691022337848,,-0.00035718106388025003,,-0.00043343320111311243,,-0.000580083532316797,,,,,,,-0.000863631826098515,,,-0.0007099795380196381,0.0010332737919392947,,,,,,,,,,,-0.00039295981221460445,-0.000362211783089831,-0.0006747910477970904,-0.00048019362944896687,,,,,,,,,,,-0.0007766890248134296,,,,-0.0002778551373282137,-0.0009076601152721648,,-0.00010463130843239342
686,2026-07-31,IAG,ES0177542018,01314501W,-0.00031619307294317216,-0.0003459691022337848,,-0.00035718106388025003,0.0010617125201578075,0.001278747676212166,,,-0.0016532380671028715,,,,,-0.00204825955216285,,,,,,,,,,,-0.0004125727796691658,,,-0.0003434025658670653,,-0.00039295981221460445,0.0010666052045824978,,-0.00048019362944896687,,-0.00039700399553070675,,-0.0011127563913192406,,,,,0.0011808843336449082,0.0013535282420725264,0.0015430221959626803,,0.0010917609877094435,0.00062051830936837,-0.0002778551373282137,,,8.281615944637689e-05
687,2026-07-31,IBE,ES0144580Y14,10095701W,,0.0010196181911647667,,,-0.0005445960691632988,,,,0.0005577188660106073,,,,,0.0006888491946261965,,-0.00047820935825289675,,,,,,,,,0.0016185547510098044,,,,,,,-0.0006747910477970904,-0.00048019362944896687,,,,,,,0.0009485792188295165,,-0.0006074890535286143,,-0.0007766890248134296,,-0.00037032532703104327,,0.0010917609877094435,-0.0009076601152721648,,-4.770644004862619e-05
688,2026-07-31,IBKR,US45841N1072,17670101,,,,-0.00035718106388025003,-0.0005445960691632988,-0.00043343320111311243,,-0.000580083532316797,0.0005577188660106073,,-0.0013859480802060002,,0.0014199590760392762,,0.001701862716135309,,-0.0005497703786090309,-0.0007099795380196381,-0.0030454385446631845,,,,,,,,,,,-0.00039295981221460445,-0.000362211783089831,-0.0006747910477970904,,0.0026005992066786745,0.0011630820572583016,,0.0010969352104000098,0.0032599060478084793,,,0.001780410226110785,-0.0006074890535286143,,-0.0007766890248134296,,-0.00037032532703104327,-0.00062051830936837,-0.0002778551373282137,-0.0009076601152721648,0.0010666052045824978,3.463983676694836e-05
689,2026-07-31,IBM,US4592001014,00606601,-0.00031619307294317216,-0.0003459691022337848,-0.0011869401507405232,-0.00035718106388025003,-0.0005445960691632988,-0.00043343320111311243,-0.002630151470390932,-0.000580083532316797,,-0.0008092773755049022,,,,,,-0.00047820935825289675,,,,-0.0011689562090626366,,,,0.001315075735195466,-0.0004125727796691658,,,-0.0003434025658670653,,0.0011630820572583016,0.0010666052045824978,,,,-0.00039700399553070675,,,-0.0016771980390898698,-0.0013942971650265183,0.0009485792188295165,,,,,,,,,,0.0010666052045824978,-0.00014926034739647757
690,2026-07-31,ICE,US45866F1049,16361001,,0.0010196181911647667,0.0022916171227168516,0.0010520605881563728,,-0.00043343320111311243,,0.001701862716135309,-0.0016532380671028715,,,0.0023617686672898165,,,,,,-0.0007099795380196381,,,-0.0007926483883369932,,,,,,,,,,,-0.0006747910477970904,-0.00048019362944896687,-0.0013301915482436897,-0.00039700399553070675,,,,0.0026913177836558376,,,,,-0.0007766890248134296,,-0.00037032532703104327,-0.00062051830936837,-0.0002778551373282137,-0.0009076601152721648,,4.8203128488682136e-05
691,2026-07-31,ICL,IL0002810146,22021102W,,,,,,,,,,,-0.0013859480802060002,,-0.0007301366857867572,,-0.000863631826098515,-0.00047820935825289675,,-0.0007099795380196381,,,,,,,-0.0004125727796691658,,,-0.0003434025658670653,,-0.00039295981221460445,-0.000362211783089831,,0.0009524828370140001,,-0.00039700399553070675,,-0.0011127563913192406,,,,0.001780410226110785,,,,,0.0010917609877094435,0.00062051830936837,-0.0002778551373282137,0.0018082291358937658,,3.22581269789936e-05
692,2026-07-31,IDR,ES0118594417,21686101W,,-0.0003459691022337848,,-0.00035718106388025003,,0.001278747676212166,,-0.000580083532316797,,-0.0008092773755049022,-0.0013859480802060002,0.0023617686672898165,0.0014199590760392762,,,-0.00047820935825289675,,,,-0.0011689562090626366,,0.001315075735195466,,0.001315075735195466,-0.0004125727796691658,,,-0.0003434025658670653,,0.0011630820572583016,0.0010666052045824978,,0.0009524828370140001,,-0.00039700399553070675,,,,,,,0.0011808843336449082,,,,,,,,0.0010666052045824978,0.00024224365914677108
693,2026-07-31,IDXX,US45168D1046,02419701,-0.00031619307294317216,-0.0003459691022337848,-0.0011869401507405232,-0.00035718106388025003,-0.0005445960691632988,,,,-0.0016532380671028715,0.0031705935533479727,,,,0.0006888491946261965,,0.001881734385320342,,,,,,0.001315075735195466,,0.001315075735195466,,,,-0.0003434025658670653,0.0030860443919253607,-0.00039295981221460445,-0.000362211783089831,-0.0006747910477970904,-0.00048019362944896687,,-0.00039700399553070675,,,,-0.0013942971650265183,-0.0009524828370140001,,-0.0006074890535286143,-0.001361490172908247,-0.0007766890248134296,-0.0013456588918279188,-0.00037032532703104327,-0.00062051830936837,-0.0002778551373282137,-0.0009076601152721648,,-9.124903829869881e-05
694,2026-07-31,IEX,US45167R1041,01526701,,,,,,,,,0.0005577188660106073,,,,,0.0006888491946261965,,,,,,,,-0.001315075735195466,,-0.001315075735195466,-0.0004125727796691658,,,-0.0003434025658670653,,-0.00039295981221460445,-0.000362211783089831,,,,-0.00039700399553070675,,,-0.0016771980390898698,,-0.0009524828370140001,,,-0.001361490172908247,-0.0007766890248134296,,-0.00037032532703104327,,-0.0002778551373282137,,-0.0010666052045824978,-0.00023378692719766615
695,2026-07-31,IFC,CA45823T1066,16249101C,-0.00031619307294317216,-0.0003459691022337848,,-0.00035718106388025003,,,,0.001701862716135309,-0.0016532380671028715,,,,,,,,,-0.0007099795380196381,-0.0030454385446631845,,-0.0007926483883369932,,,,,,,,,,0.0010666052045824978,-0.0006747910477970904,-0.00048019362944896687,,-0.00039700399553070675,,,,,,,,,,,,-0.00062051830936837,-0.0002778551373282137,-0.0009076601152721648,-0.0010666052045824978,-0.0001336789988337542
696,2026-07-31,IFF,US4595061015,00607801,-0.00031619307294317216,-0.0003459691022337848,,-0.00035718106388025003,,,,0.001701862716135309,,,,,-0.0007301366857867572,,0.001701862716135309,-0.00047820935825289675,0.0010866353492694932,-0.0007099795380196381,,,-0.0007926483883369932,,,,-0.0004125727796691658,,,-0.0003434025658670653,,0.0011630820572583016,0.0010666052045824978,,-0.00048019362944896687,,-0.00039700399553070675,,,-0.0016771980390898698,-0.0013942971650265183,,,,,,,-0.00037032532703104327,-0.00062051830936837,-0.0002778551373282137,-0.0009076601152721648,,-9.512076572308007e-05
697,2026-07-31,IFT,NZIFTE0003S3,20982801W,0.0009295314433510121,-0.0003459691022337848,,-0.00035718106388025003,,0.001278747676212166,,,-0.0016532380671028715,,,,,,,,-0.0005497703786090309,-0.0007099795380196381,-0.0030454385446631845,,,,,,,,,,,0.0011630820572583016,0.0010666052045824978,-0.0006747910477970904,-0.00048019362944896687,,-0.00039700399553070675,,,,,-0.0009524828370140001,-0.001780410226110785,,-0.001361490172908247,-0.0007766890248134296,,-0.00037032532703104327,-0.00062051830936837,-0.0002778551373282137,-0.0009076601152721648,-0.0010666052045824978,-0.00020474329649509002
698,2026-07-31,IFX,DE0006231004,13274001W,0.0009295314433510121,-0.0003459691022337848,,-0.00035718106388025003,,-0.00043343320111311243,,-0.000580083532316797,,-0.0008092773755049022,,-0.0023861167978804334,-0.0007301366857867572,,,-0.00047820935825289675,,,,-0.0011689562090626366,,,,,-0.0004125727796691658,,,-0.0003434025658670653,,-0.00039295981221460445,-0.000362211783089831,,-0.00048019362944896687,,,,,,,,,-0.0006074890535286143,,,,,,,,,-0.00026754103422040303
699,2026-07-31,IG,IT0005211237,32281101W,,,,,0.0010617125201578075,,,,0.0005577188660106073,,-0.0013859480802060002,,,0.0006888491946261965,,-0.00047820935825289675,-0.0005497703786090309,,,,,,,,0.0016185547510098044,,,,,,,-0.0006747910477970904,0.0009524828370140001,-0.0013301915482436897,,,,,,,0.001780410226110785,0.0011808843336449082,,0.0015430221959626803,,,,0.0010917609877094435,,0.0010666052045824978,0.00010940166704876185
700,2026-07-31,IGM,CA4495861060,01433301C,,,,,,-0.00043343320111311243,,-0.000580083532316797,,,,,-0.0007301366857867572,,,,,-0.0007099795380196381,0.0010332737919392947,,-0.0007926483883369932,,,,,,,,,-0.00039295981221460445,-0.000362211783089831,-0.0006747910477970904,,-0.0013301915482436897,-0.00039700399553070675,,,,,-0.0009524828370140001,,,,,,-0.00037032532703104327,-0.00062051830936837,-0.0002778551373282137,,-0.0010666052045824978,-0.00015208798778661124
701,2026-07-31,IHG,GB00BHJYC057,02006701W,,-0.0003459691022337848,,-0.00035718106388025003,-0.0005445960691632988,-0.00043343320111311243,,-0.000580083532316797,,-0.0008092773755049022,,,,,,0.001881734385320342,-0.0005497703786090309,0.002183521975418887,,-0.0011689562090626366,-0.0007926483883369932,0.001315075735195466,0.002269150288180412,-0.001315075735195466,0.0016185547510098044,,,0.0013378805167306475,,,,-0.0006747910477970904,-0.00048019362944896687,,,,,,,-0.0009524828370140001,,,,,,-0.00037032532703104327,,-0.0002778551373282137,,,-2.284610971605778e-05
702,2026-07-31,III,GB00B1YW4409,21083501W,-0.00031619307294317216,-0.0003459691022337848,,-0.00035718106388025003,0.0010617125201578075,-0.00043343320111311243,,-0.000580083532316797,0.0005577188660106073,,0.001377698389252393,,,,-0.000863631826098515,,-0.0005497703786090309,0.002183521975418887,-0.0030454385446631845,,,,,,,,,,,-0.00039295981221460445,-0.000362211783089831,-0.0006747910477970904,-0.00048019362944896687,,-0.00039700399553070675,,,,,-0.0009524828370140001,0.001780410226110785,0.0011808843336449082,-0.001361490172908247,0.0015430221959626803,,-0.00037032532703104327,-0.00062051830936837,-0.0002778551373282137,0.0018082291358937658,-0.0010666052045824978,-3.526810196037524e-05
703,2026-07-31,ILMN,US4523271090,13820501,,,,,-0.0005445960691632988,,-0.002630151470390932,,,-0.0008092773755049022,,,,0.0006888491946261965,0.001701862716135309,0.001881734385320342,,,,,,,,,,,,-0.0003434025658670653,,0.0011630820572583016,0.0010666052045824978,0.002630151470390932,-0.00048019362944896687,,-0.00039700399553070675,0.0031277476945189464,,,-0.0013942971650265183,-0.0009524828370140001,,-0.0006074890535286143,,-0.0007766890248134296,,-0.00037032532703104327,0.00062051830936837,-0.0002778551373282137,-0.0009076601152721648,,3.728554890109312e-05
704,2026-07-31,IMB,GB0004544929,21277301W,-0.00031619307294317216,-0.0003459691022337848,,,0.0010617125201578075,,,,,,,,,0.0006888491946261965,,-0.00047820935825289675,0.0010866353492694932,,,,0.0015638738472594732,,0.002269150288180412,,,,,-0.0003434025658670653,,-0.00039295981221460445,-0.000362211783089831,,,,,0.0031277476945189464,,,,,0.001780410226110785,0.0011808843336449082,0.0013535282420725264,0.0015430221959626803,,0.0010917609877094435,-0.00062051830936837,0.0010917609877094435,0.0018082291358937658,0.0010666052045824978,0.00046053665632305975
705,2026-07-31,IMO,CA4530384086,00590303C,,,,,,-0.00043343320111311243,,-0.000580083532316797,0.0005577188660106073,,,,-0.0007301366857867572,0.0006888491946261965,,,,,,,,0.001315075735195466,,,-0.0004125727796691658,,0.006612952268411486,-0.0003434025658670653,,,,,,,-0.00039700399553070675,,,,,,,,,,,-0.00037032532703104327,-0.00062051830936837,-0.0002778551373282137,-0.0009076601152721648,,-6.302781858887602e-05
706,2026-07-31,INCY,US45337C1027,02912701,0.0009295314433510121,0.0010196181911647667,0.0022916171227168516,0.0010520605881563728,0.0010617125201578075,,0.0026005992066786745,,0.0005577188660106073,0.0031705935533479727,,,,0.0006888491946261965,-0.000863631826098515,0.001881734385320342,-0.0005497703786090309,,,,,0.001315075735195466,-0.0023145332939440203,,,,,0.0013378805167306475,-0.0031277476945189464,0.0011630820572583016,0.0010666052045824978,0.002630151470390932,0.0009524828370140001,,0.0011630820572583016,0.0031277476945189464,0.0010969352104000098,,-0.0013942971650265183,-0.0009524828370140001,0.001780410226110785,0.0011808843336449082,,0.0015430221959626803,,0.0010917609877094435,0.00062051830936837,0.0010917609877094435,,-0.0010666052045824978,0.0004908334303651495
707,2026-07-31,INDT,SE0001515552,27419601W,-0.00031619307294317216,-0.0003459691022337848,,-0.00035718106388025003,-0.0005445960691632988,-0.00043343320111311243,,,0.0005577188660106073,,,,-0.0007301366857867572,0.0006888491946261965,,,-0.0005497703786090309,,,,,,,,-0.0004125727796691658,,,-0.0003434025658670653,,-0.00039295981221460445,-0.000362211783089831,,-0.00048019362944896687,,-0.00039700399553070675,,,,,-0.0009524828370140001,,-0.0006074890535286143,,,,-0.00037032532703104327,-0.00062051830936837,0.0010917609877094435,,,-7.645435284685985e-05
708,2026-07-31,INDU A,SE0000190126,10303601W,,,,,,,,,,,0.001377698389252393,,,,-0.000863631826098515,,-0.0005497703786090309,0.002183521975418887,-0.0030454385446631845,,-0.0007926483883369932,,,,,,,,,0.0011630820572583016,0.0010666052045824978,0.002630151470390932,0.0009524828370140001,-0.0013301915482436897,,,,,,-0.0009524828370140001,0.001780410226110785,,-0.001361490172908247,0.0015430221959626803,-0.0013456588918279188,-0.00037032532703104327,-0.00062051830936837,-0.0002778551373282137,0.0018082291358937658,-0.0010666052045824978,7.038536372165723e-06
709,2026-07-31,INDU C,SE0000107203,10303603W,,,,,,,,,,,0.001377698389252393,,,,-0.000863631826098515,,-0.0005497703786090309,0.002183521975418887,-0.0030454385446631845,,-0.0007926483883369932,,,,,,,,,0.0011630820572583016,0.0010666052045824978,0.002630151470390932,0.0009524828370140001,-0.0013301915482436897,,,,,,-0.0009524828370140001,0.001780410226110785,,-0.001361490172908247,0.0015430221959626803,-0.0013456588918279188,-0.00037032532703104327,-0.00062051830936837,-0.0002778551373282137,0.0018082291358937658,-0.0010666052045824978,7.038536372165723e-06
710,2026-07-31,INF,GB00BMJ6DW54,22060101W,-0.00031619307294317216,-0.0003459691022337848,,-0.00035718106388025003,-0.0005445960691632988,-0.00043343320111311243,,-0.000580083532316797,,,,,,,-0.000863631826098515,,,,,,-0.0007926483883369932,,,,,,,,,,-0.000362211783089831,,,,,,,,,,,,,,,-0.00037032532703104327,-0.00062051830936837,-0.0002778551373282137,,,-0.0001402463163487266
711,2026-07-31,INGA,NL0011821202,01561704W,0.0009295314433510121,0.0010196181911647667,,0.0010520605881563728,0.0010617125201578075,0.001278747676212166,,-0.000580083532316797,0.0005577188660106073,,0.001377698389252393,,,,,,,0.002183521975418887,0.0010332737919392947,,0.0015638738472594732,,0.002269150288180412,,,,,,,,0.0010666052045824978,,0.0009524828370140001,-0.0013301915482436897,,,,,,0.0009485792188295165,0.001780410226110785,0.0011808843336449082,0.0013535282420725264,0.0015430221959626803,,,,,0.0018082291358937658,0.0010666052045824978,0.0004686886174753021
712,2026-07-31,INPST,LU2290522684,34636101W,-0.00031619307294317216,0.0010196181911647667,,0.0010520605881563728,0.0010617125201578075,-0.00043343320111311243,,,-0.0016532380671028715,,,,,-0.00204825955216285,,,,,,,,,,0.001315075735195466,-0.0004125727796691658,,,-0.0003434025658670653,,-0.00039295981221460445,-0.000362211783089831,,0.0009524828370140001,,-0.00039700399553070675,,,,,-0.0009524828370140001,,,,-0.0007766890248134296,,,-0.00062051830936837,-0.0002778551373282137,,0.0010666052045824978,1.5254637640744569e-05
713,2026-07-31,INSM,US4576693075,13618601,-0.00031619307294317216,0.0010196181911647667,,,,,,,0.0005577188660106073,-0.0008092773755049022,,,,0.0006888491946261965,-0.000863631826098515,-0.00047820935825289675,0.0010866353492694932,,,,,-0.001315075735195466,-0.0023145332939440203,,,,,-0.0003434025658670653,0.0030860443919253607,-0.00039295981221460445,-0.000362211783089831,-0.0006747910477970904,,,-0.00039700399553070675,-0.0031277476945189464,,,,-0.0009524828370140001,-0.001780410226110785,,-0.001361490172908247,-0.0007766890248134296,-0.0013456588918279188,-0.00037032532703104327,-0.00062051830936837,-0.0002778551373282137,-0.0009076601152721648,,-0.000394250671265607
714,2026-07-31,INTC,US4581401001,00600801,,0.0010196181911647667,0.0022916171227168516,0.0010520605881563728,,0.001278747676212166,,0.001701862716135309,,-0.0008092773755049022,,,,,,-0.00047820935825289675,,,,-0.0011689562090626366,,-0.001315075735195466,,-0.001315075735195466,0.0016185547510098044,,,-0.0003434025658670653,,0.0011630820572583016,0.0010666052045824978,,-0.00048019362944896687,,0.0011630820572583016,,-0.0011127563913192406,,0.0026913177836558376,0.0009485792188295165,,-0.0006074890535286143,,,,,,,,,5.222540770223667e-05
715,2026-07-31,INTU,US4612021034,02792801,,-0.0003459691022337848,,,0.0010617125201578075,-0.00043343320111311243,0.0026005992066786745,-0.000580083532316797,,-0.0008092773755049022,0.001377698389252393,,-0.0007301366857867572,,,-0.00047820935825289675,,,,-0.0011689562090626366,,,,,-0.0004125727796691658,,,-0.0003434025658670653,,0.0011630820572583016,0.0010666052045824978,,,,0.0011630820572583016,,0.0010969352104000098,,0.0026913177836558376,,,0.0011808843336449082,,,,,,,,,0.00017186929726910983
716,2026-07-31,INVH,US46187W1071,03000401,-0.00031619307294317216,,,,,,,,,,,,,,,,,,0.0010332737919392947,,,,,,,,,-0.0003434025658670653,0.0030860443919253607,,,,,,,,,,,,,-0.0006074890535286143,,,,,,-0.0002778551373282137,,,4.304999221955336e-05
717,2026-07-31,IONQ,US46222L1089,03980001,-0.00031619307294317216,-0.0003459691022337848,-0.0011869401507405232,-0.00035718106388025003,,-0.00043343320111311243,,-0.000580083532316797,,-0.0008092773755049022,-0.0013859480802060002,,0.0014199590760392762,,,-0.00047820935825289675,,,,-0.0011689562090626366,,-0.001315075735195466,,-0.001315075735195466,-0.0004125727796691658,,,0.0013378805167306475,-0.0031277476945189464,0.0011630820572583016,0.0010666052045824978,,-0.00048019362944896687,,-0.00039700399553070675,,-0.0011127563913192406,-0.0016771980390898698,-0.0013942971650265183,-0.0009524828370140001,,,,,,,,,,-0.0010666052045824978,-0.0004075905314563464
718,2026-07-31,IOT,US79589L1061,04029201,-0.00031619307294317216,-0.0003459691022337848,,-0.00035718106388025003,,,,0.001701862716135309,,-0.0008092773755049022,,0.0023617686672898165,-0.0007301366857867572,,,-0.00047820935825289675,,,,-0.0011689562090626366,,,,,-0.0004125727796691658,,,-0.0003434025658670653,,,0.0010666052045824978,,,,-0.00039700399553070675,,,,-0.0013942971650265183,-0.0009524828370140001,,-0.0006074890535286143,,,,,,,,,0.00010799827700196029
719,2026-07-31,IP,US4601461035,00610401,-0.00031619307294317216,-0.0003459691022337848,-0.0011869401507405232,-0.00035718106388025003,,-0.00043343320111311243,,-0.000580083532316797,,,,,0.0014199590760392762,,0.001701862716135309,-0.00047820935825289675,0.0010866353492694932,-0.0007099795380196381,,,0.0015638738472594732,,,,-0.0004125727796691658,-0.005645203155961025,-0.005645203155961025,-0.0003434025658670653,,-0.00039295981221460445,-0.000362211783089831,,0.0009524828370140001,,0.0011630820572583016,,0.0010969352104000098,-0.0016771980390898698,-0.0013942971650265183,,-0.001780410226110785,-0.0006074890535286143,,,,,,-0.0002778551373282137,,,-8.667035153051144e-05
720,2026-07-31,IPN,FR0010259150,27472201W,0.0009295314433510121,0.0010196181911647667,,0.0010520605881563728,-0.0005445960691632988,,,,0.0005577188660106073,-0.0008092773755049022,,,,0.0006888491946261965,-0.000863631826098515,-0.00047820935825289675,,,,,,,,,,,,-0.0003434025658670653,,-0.00039295981221460445,,-0.0006747910477970904,,,0.0011630820572583016,,,,,,,-0.0006074890535286143,,-0.0007766890248134296,,0.0010917609877094435,0.00062051830936837,0.0010917609877094435,,,7.136677539324373e-05
721,2026-07-31,IQV,US46266C1053,01792801,,-0.0003459691022337848,,,0.0010617125201578075,,,,0.0005577188660106073,-0.0008092773755049022,,,,0.0006888491946261965,0.001701862716135309,-0.00047820935825289675,-0.0005497703786090309,,,,0.0015638738472594732,,0.002269150288180412,0.001315075735195466,,,,-0.0003434025658670653,,,-0.000362211783089831,-0.0006747910477970904,0.0009524828370140001,,-0.00039700399553070675,,,,-0.0013942971650265183,,,,,,,-0.00037032532703104327,,-0.0002778551373282137,,0.0010666052045824978,0.00016720002973703328
722,2026-07-31,IR,US45687V1061,03009802,-0.00031619307294317216,-0.0003459691022337848,-0.0011869401507405232,-0.00035718106388025003,,-0.00043343320111311243,,,0.0005577188660106073,,,,-0.0007301366857867572,0.0006888491946261965,,,,,,,,-0.001315075735195466,,-0.001315075735195466,-0.0004125727796691658,,,-0.0003434025658670653,,-0.00039295981221460445,-0.000362211783089831,,,,-0.00039700399553070675,,,-0.0016771980390898698,-0.0013942971650265183,,,,,-0.0007766890248134296,,-0.00037032532703104327,,-0.0002778551373282137,,-0.0010666052045824978,-0.00023937884356227586
723,2026-07-31,IREN,AU0000185993,03996001,-0.00031619307294317216,-0.0003459691022337848,-0.0011869401507405232,-0.00035718106388025003,,0.001278747676212166,,,,-0.0008092773755049022,0.001377698389252393,,-0.0007301366857867572,,,-0.00047820935825289675,,,,-0.0011689562090626366,,-0.001315075735195466,,-0.001315075735195466,-0.0004125727796691658,,,-0.0003434025658670653,-0.0031277476945189464,0.0011630820572583016,0.0010666052045824978,,-0.00048019362944896687,,-0.00039700399553070675,,0.0010969352104000098,-0.0016771980390898698,-0.0013942971650265183,,,,,,,,,,,,-0.00018055653215479976
724,2026-07-31,IRM,US46284V1017,06237401,0.0009295314433510121,,,,,,,,,,,,,,,,-0.0005497703786090309,,0.0010332737919392947,,,0.001315075735195466,,-0.001315075735195466,,,,-0.0003434025658670653,0.0030860443919253607,,,,0.0009524828370140001,0.0026005992066786745,,0.0031277476945189464,0.0010969352104000098,,,,-0.001780410226110785,-0.0006074890535286143,-0.001361490172908247,,,-0.00037032532703104327,-0.00062051830936837,-0.0002778551373282137,,,0.0001492462826749436
725,2026-07-31,ISP,IT0000072618,01634803W,,,,,,-0.00043343320111311243,,,0.0005577188660106073,,,,,,0.001701862716135309,,,0.002183521975418887,0.0010332737919392947,,,,,,,,,,,,-0.000362211783089831,,-0.00048019362944896687,,,,,,,0.0009485792188295165,0.001780410226110785,,,,,,,,,,0.00010243212377017106
726,2026-07-31,ISRG,US46120E6023,13672501,,0.0010196181911647667,,,-0.0005445960691632988,,,,,-0.0008092773755049022,,,,,-0.000863631826098515,-0.00047820935825289675,,,,,-0.0007926483883369932,,-0.0023145332939440203,-0.001315075735195466,,,,-0.0003434025658670653,,,-0.000362211783089831,,-0.00048019362944896687,,,,,,,,-0.001780410226110785,-0.0006074890535286143,-0.001361490172908247,-0.0007766890248134296,-0.0013456588918279188,-0.00037032532703104327,-0.00062051830936837,-0.0002778551373282137,-0.0009076601152721648,-0.0010666052045824978,-0.0004340093153886955
727,2026-07-31,ITRK,GB0031638363,25238401W,-0.00031619307294317216,-0.0003459691022337848,,-0.00035718106388025003,-0.0005445960691632988,-0.00043343320111311243,,,,,,,,,,,-0.0005497703786090309,,,,,,,,-0.0004125727796691658,,,-0.0003434025658670653,,-0.00039295981221460445,-0.000362211783089831,,,,-0.00039700399553070675,,,,,-0.0009524828370140001,,-0.0006074890535286143,,,,-0.00037032532703104327,-0.00062051830936837,-0.0002778551373282137,,,-0.00011701880739951085
728,2026-07-31,ITW,US4523081093,00587801,-0.00031619307294317216,-0.0003459691022337848,,-0.00035718106388025003,-0.0005445960691632988,-0.00043343320111311243,,,0.0005577188660106073,,,,-0.0007301366857867572,0.0006888491946261965,,,-0.0005497703786090309,,,,,,,0.001315075735195466,-0.0004125727796691658,,,-0.0003434025658670653,,-0.00039295981221460445,-0.000362211783089831,,-0.00048019362944896687,,-0.00039700399553070675,,,-0.0016771980390898698,-0.0013942971650265183,,,,,,,-0.00037032532703104327,-0.00062051830936837,-0.0002778551373282137,,0.0010666052045824978,-9.342108503538145e-05
729,2026-07-31,ITX,ES0148396007,24566301W,,-0.0003459691022337848,,-0.00035718106388025003,-0.0005445960691632988,-0.00043343320111311243,,,,0.0031705935533479727,,,0.0014199590760392762,,0.001701862716135309,0.001881734385320342,,-0.0007099795380196381,,0.004538300576360824,,,,,-0.0004125727796691658,,,-0.0003434025658670653,,-0.00039295981221460445,-0.000362211783089831,-0.0006747910477970904,-0.00048019362944896687,,-0.00039700399553070675,,,,,,,,-0.001361490172908247,,,-0.00037032532703104327,,-0.0002778551373282137,,,5.61692174781609e-05
730,2026-07-31,IVN,CA46579R1047,01600501C,-0.00031619307294317216,-0.0003459691022337848,,-0.00035718106388025003,0.0010617125201578075,-0.00043343320111311243,,-0.000580083532316797,,,-0.0013859480802060002,,0.0014199590760392762,,-0.000863631826098515,-0.00047820935825289675,-0.0005497703786090309,-0.0007099795380196381,,,-0.0007926483883369932,,,,-0.0004125727796691658,-0.005645203155961025,-0.005645203155961025,-0.0003434025658670653,,-0.00039295981221460445,-0.000362211783089831,,,,,,,,,-0.0009524828370140001,-0.001780410226110785,,,,,-0.00037032532703104327,0.00062051830936837,-0.0002778551373282137,-0.0009076601152721648,,-0.0002456752970281969
731,2026-07-31,IVSB.F,SE0015811963,01569902,,,,,,,,,,,,,,,,,,,,,,,,,,,,,,,,,,,,,,,0.0026913177836558376,,,,,,,,,,,,1.5439338601973878e-05
732,2026-07-31,J,US46982L1089,00621601,,,,,0.0010617125201578075,,0.0026005992066786745,,0.0005577188660106073,,,,,0.0006888491946261965,,,,,,,,,,0.001315075735195466,-0.0004125727796691658,,,-0.0003434025658670653,0.0030860443919253607,-0.00039295981221460445,-0.000362211783089831,,0.0009524828370140001,,-0.00039700399553070675,,,-0.0016771980390898698,-0.0013942971650265183,,,,,,0.0013456588918279188,-0.00037032532703104327,0.00062051830936837,-0.0002778551373282137,,,0.00014470904239801652
733,2026-07-31,J36,BMG507361001,10042403W,-0.00031619307294317216,-0.0003459691022337848,,-0.00035718106388025003,,-0.00043343320111311243,,,0.0005577188660106073,,,,,0.0006888491946261965,,,0.0010866353492694932,,,,,0.001315075735195466,,,-0.0004125727796691658,,,-0.0003434025658670653,,0.0011630820572583016,0.0010666052045824978,,-0.00048019362944896687,,0.0011630820572583016,,,,,0.0009485792188295165,,,0.0013535282420725264,0.0015430221959626803,0.0013456588918279188,0.0010917609877094435,0.00062051830936837,0.0010917609877094435,,,0.00029059884070403345
734,2026-07-31,JBHT,US4456581077,00578301,,,,,,-0.00043343320111311243,,,-0.0016532380671028715,,,,,,,,0.0010866353492694932,,,,,0.001315075735195466,,0.001315075735195466,-0.0004125727796691658,,,0.0013378805167306475,0.0030860443919253607,-0.00039295981221460445,-0.000362211783089831,,,,0.0011630820572583016,,,0.0032599060478084793,,,,,-0.001361490172908247,-0.0007766890248134296,,,-0.00062051830936837,-0.0002778551373282137,,,0.0002075899278730601
735,2026-07-31,JBL,US4663131039,02819501,0.0009295314433510121,-0.0003459691022337848,,-0.00035718106388025003,0.0010617125201578075,-0.00043343320111311243,,-0.000580083532316797,,-0.0008092773755049022,,-0.0023861167978804334,-0.0007301366857867572,,,0.001881734385320342,,,,-0.0011689562090626366,,0.001315075735195466,,0.001315075735195466,-0.0004125727796691658,,,-0.0003434025658670653,,-0.00039295981221460445,-0.000362211783089831,,0.0009524828370140001,,,,,-0.0016771980390898698,-0.0013942971650265183,,,,,,,,,,,0.0010666052045824978,-0.00010441881839264779
736,2026-07-31,JCI,IE00BY7QL619,00626801,,,0.0022916171227168516,,,-0.00043343320111311243,,,0.0005577188660106073,,,,-0.0007301366857867572,0.0006888491946261965,,,0.0010866353492694932,,,,,,,,-0.0004125727796691658,,,-0.0003434025658670653,0.0030860443919253607,-0.00039295981221460445,-0.000362211783089831,,,,-0.00039700399553070675,,-0.0011127563913192406,-0.0016771980390898698,0.0026913177836558376,,,,,-0.0007766890248134296,,-0.00037032532703104327,-0.00062051830936837,-0.0002778551373282137,,,-6.997422273958739e-05
737,2026-07-31,JMT,PTJMT0AE0001,22110201W,-0.00031619307294317216,-0.0003459691022337848,,,0.0010617125201578075,,,,,,0.001377698389252393,,-0.0007301366857867572,0.0006888491946261965,-0.000863631826098515,0.001881734385320342,0.0010866353492694932,,0.0010332737919392947,,0.0015638738472594732,0.001315075735195466,0.002269150288180412,0.001315075735195466,,,,0.0013378805167306475,,,-0.000362211783089831,,0.0009524828370140001,,0.0011630820572583016,,0.0010969352104000098,,,,,0.0011808843336449082,0.0013535282420725264,,0.0013456588918279188,0.0010917609877094435,0.00062051830936837,0.0010917609877094435,,0.0010666052045824978,0.0005967819264281093
738,2026-07-31,JNJ,US4781601046,00626601,,-0.0003459691022337848,-0.0011869401507405232,-0.00035718106388025003,-0.0005445960691632988,,,,,-0.0008092773755049022,,,,,,-0.00047820935825289675,-0.0005497703786090309,,,,0.0015638738472594732,,0.002269150288180412,,,,,-0.0003434025658670653,,-0.00039295981221460445,-0.000362211783089831,-0.0006747910477970904,-0.00048019362944896687,,-0.00039700399553070675,,,,,0.0009485792188295165,,-0.0006074890535286143,,,,-0.00037032532703104327,,-0.0002778551373282137,,,-1.7004729545249222e-05
739,2026-07-31,JPM,US46625H1005,00296801,-0.00031619307294317216,,0.0022916171227168516,,,,,0.001701862716135309,0.0005577188660106073,,-0.0013859480802060002,,,,,,,-0.0007099795380196381,0.0010332737919392947,,,,,,,,,,,,-0.000362211783089831,,-0.00048019362944896687,,,,,,,0.0009485792188295165,,-0.0006074890535286143,,,,,,,,,7.462145272939338e-05
740,2026-07-31,K,CA4969024047,00864401C,-0.00031619307294317216,-0.0003459691022337848,,-0.00035718106388025003,,-0.00043343320111311243,,-0.000580083532316797,,,0.001377698389252393,,0.0014199590760392762,,,0.001881734385320342,,0.002183521975418887,,,,,,,-0.0004125727796691658,0.005143407319875601,0.006612952268411486,-0.0003434025658670653,,0.0011630820572583016,0.0010666052045824978,,,,0.0011630820572583016,,0.0010969352104000098,,,,0.001780410226110785,,,,,0.0010917609877094435,,0.0010917609877094435,-0.0009076601152721648,,0.00026880856665521943
741,2026-07-31,KBC,BE0003565737,01570301W,,-0.0003459691022337848,,-0.00035718106388025003,,,,-0.000580083532316797,,,0.001377698389252393,-0.0023861167978804334,,,0.001701862716135309,,,0.002183521975418887,0.0010332737919392947,,,,,,,,,,,,-0.000362211783089831,,,-0.0013301915482436897,,,,,,,,,,,,,,,,,-6.78072935813009e-05
742,2026-07-31,KBX,DE000KBX1006,32874501W,,-0.0003459691022337848,,,0.0010617125201578075,-0.00043343320111311243,,,0.0005577188660106073,,,,0.0014199590760392762,0.0006888491946261965,,,-0.0005497703786090309,,,,,,,,0.0016185547510098044,,,-0.0003434025658670653,,,,,-0.00048019362944896687,,-0.00039700399553070675,,,,,,,,,,,,0.00062051830936837,0.0010917609877094435,,,5.936526233829348e-05
743,2026-07-31,KDP,US49271V1008,02887702,-0.00031619307294317216,-0.0003459691022337848,-0.0011869401507405232,,0.0010617125201578075,,,,,,,,,0.0006888491946261965,-0.000863631826098515,-0.00047820935825289675,-0.0005497703786090309,,0.0010332737919392947,,,-0.001315075735195466,,-0.001315075735195466,,0.005143407319875601,,-0.0003434025658670653,,,,,,,-0.00039700399553070675,-0.0031277476945189464,,,-0.0013942971650265183,,,,,,-0.0013456588918279188,-0.00037032532703104327,0.00062051830936837,-0.0002778551373282137,,,-0.00021546523033647615
744,2026-07-31,KER,FR0000121485,22237901W,-0.00031619307294317216,-0.0003459691022337848,,-0.00035718106388025003,,-0.00043343320111311243,,-0.000580083532316797,,-0.0008092773755049022,,,-0.0007301366857867572,,,-0.00047820935825289675,0.0010866353492694932,0.002183521975418887,,-0.0011689562090626366,-0.0007926483883369932,-0.001315075735195466,,,-0.0004125727796691658,,,-0.0003434025658670653,,-0.00039295981221460445,-0.000362211783089831,-0.0006747910477970904,-0.00048019362944896687,-0.0013301915482436897,0.0011630820572583016,-0.0031277476945189464,-0.0011127563913192406,,,,,,,,,,,-0.0002778551373282137,,,-0.00027373595252459874
745,2026-07-31,KESKOB,FI0009000202,10197101W,-0.00031619307294317216,-0.0003459691022337848,,,-0.0005445960691632988,,,,,,,,,,0.001701862716135309,0.001881734385320342,,,,,,0.001315075735195466,,,,,,0.0013378805167306475,,-0.00039295981221460445,-0.000362211783089831,,,,,,,,,-0.0009524828370140001,,-0.0006074890535286143,0.0013535282420725264,,,,-0.00062051830936837,-0.0002778551373282137,0.0018082291358937658,,0.00011341096586298127
746,2026-07-31,KEY,CA4932711001,15413501C,-0.00031619307294317216,,,-0.00035718106388025003,,-0.00043343320111311243,,,0.0005577188660106073,,,,0.0014199590760392762,0.0006888491946261965,,,0.0010866353492694932,,0.0010332737919392947,,,,,,-0.0004125727796691658,,,-0.0003434025658670653,,,,,,,-0.00039700399553070675,,,,,,,-0.0006074890535286143,,,,-0.00037032532703104327,0.00062051830936837,-0.0002778551373282137,-0.0009076601152721648,0.0010666052045824978,1.1362471679533136e-05
747,2026-07-31,KEY,US4932671088,00978301,-0.00031619307294317216,-0.0003459691022337848,,-0.00035718106388025003,0.0010617125201578075,,0.0026005992066786745,,0.0005577188660106073,,-0.0013859480802060002,0.0023617686672898165,,,,,,-0.0007099795380196381,0.0010332737919392947,,,,,,,,,,,,0.0010666052045824978,,,-0.0013301915482436897,,,,,0.0026913177836558376,,,0.0011808843336449082,,,,,,,,,0.0002226583360955175
748,2026-07-31,KEYS,US49338L1035,02023201,0.0009295314433510121,0.0010196181911647667,0.0022916171227168516,0.0010520605881563728,,,,0.001701862716135309,,-0.0008092773755049022,,,0.0014199590760392762,,,-0.00047820935825289675,,,,-0.0011689562090626366,,,,,-0.0004125727796691658,,,-0.0003434025658670653,,,-0.000362211783089831,,,,-0.00039700399553070675,,,-0.0016771980390898698,0.0026913177836558376,,,,,,,,,,,,1.3415279559854986e-05
749,2026-07-31,KGF,GB0033195214,10076001W,-0.00031619307294317216,-0.0003459691022337848,,-0.00035718106388025003,,-0.00043343320111311243,,-0.000580083532316797,,-0.0008092773755049022,0.001377698389252393,,,,,-0.00047820935825289675,0.0010866353492694932,-0.0007099795380196381,,-0.0011689562090626366,-0.0007926483883369932,,,,-0.0004125727796691658,,,-0.0003434025658670653,,0.0011630820572583016,0.0010666052045824978,-0.0006747910477970904,0.0009524828370140001,-0.0013301915482436897,0.0011630820572583016,0.0031277476945189464,0.0010969352104000098,,,,,,0.0013535282420725264,,,0.0010917609877094435,,0.0010917609877094435,,,0.00018280672811351112
750,2026-07-31,KHC,US5007541064,00556804,-0.00031619307294317216,,,,-0.0005445960691632988,,,,,,,,,0.0006888491946261965,,-0.00047820935825289675,0.0010866353492694932,,-0.0030454385446631845,,,-0.001315075735195466,,-0.001315075735195466,,,0.006612952268411486,0.0013378805167306475,,-0.00039295981221460445,-0.000362211783089831,,-0.00048019362944896687,,0.0011630820572583016,0.0031277476945189464,0.0010969352104000098,,-0.0013942971650265183,0.0009485792188295165,-0.001780410226110785,-0.0006074890535286143,,0.0015430221959626803,,0.0010917609877094435,0.00062051830936837,-0.0002778551373282137,-0.0009076601152721648,-0.0010666052045824978,-8.084425590582418e-06
751,2026-07-31,KIM,US49446R1095,02473101,-0.00031619307294317216,,,,,,,,,,,,,,,,0.0010866353492694932,,,,-0.0007926483883369932,,,,,,,-0.0003434025658670653,,,,,,,,,,,,,,,,,,-0.00037032532703104327,-0.00062051830936837,-0.0002778551373282137,,,-4.7606462102509284e-05
752,2026-07-31,KKR,US48251W1045,17974101,-0.00031619307294317216,-0.0003459691022337848,-0.0011869401507405232,-0.00035718106388025003,0.0010617125201578075,,0.0026005992066786745,0.001701862716135309,0.0005577188660106073,,-0.0013859480802060002,0.0023617686672898165,,,-0.000863631826098515,,-0.0005497703786090309,-0.0007099795380196381,-0.0030454385446631845,,-0.0007926483883369932,,,,,,,,,,-0.000362211783089831,,,0.0026005992066786745,-0.00039700399553070675,,-0.0011127563913192406,-0.0016771980390898698,,,,-0.0006074890535286143,,-0.0007766890248134296,,-0.00037032532703104327,,-0.0002778551373282137,-0.0009076601152721648,,-2.2989041894935566e-05
753,2026-07-31,KLAC,US4824801009,00630401,-0.00031619307294317216,-0.0003459691022337848,-0.0011869401507405232,-0.00035718106388025003,-0.0005445960691632988,-0.00043343320111311243,-0.002630151470390932,-0.000580083532316797,,0.0031705935533479727,,,,,,0.001881734385320342,,,,0.004538300576360824,,,,0.001315075735195466,-0.0004125727796691658,,,-0.0003434025658670653,,-0.00039295981221460445,-0.000362211783089831,,-0.00048019362944896687,,-0.00039700399553070675,,,,-0.0013942971650265183,,,-0.0006074890535286143,,,,,,,,,2.730746662175533e-05
754,2026-07-31,KMB,US4943681035,00643501,-0.00031619307294317216,-0.0003459691022337848,-0.0011869401507405232,,-0.0005445960691632988,,-0.002630151470390932,,,,,,0.0014199590760392762,-0.00204825955216285,0.001701862716135309,0.001881734385320342,,,,,0.0015638738472594732,,0.002269150288180412,0.001315075735195466,,,,-0.0003434025658670653,,-0.00039295981221460445,-0.000362211783089831,,-0.00048019362944896687,,-0.00039700399553070675,,,,-0.0013942971650265183,,,-0.0006074890535286143,,,,-0.00037032532703104327,-0.00062051830936837,-0.0002778551373282137,,0.0010666052045824978,3.3926869971407e-05
755,2026-07-31,KMI,US49456B1017,00631004,-0.00031619307294317216,,-0.0011869401507405232,-0.00035718106388025003,-0.0005445960691632988,,-0.002630151470390932,0.001701862716135309,0.0005577188660106073,,0.001377698389252393,,,,,,,,0.0010332737919392947,,,-0.001315075735195466,,-0.001315075735195466,-0.0004125727796691658,,,0.0013378805167306475,,,,,,,,,,,,,,,-0.001361490172908247,,-0.0013456588918279188,-0.00037032532703104327,-0.00062051830936837,-0.0002778551373282137,-0.0009076601152721648,,-0.0002195869873413016
756,2026-07-31,KNEBV,FI0009013403,10102301W,-0.00031619307294317216,-0.0003459691022337848,,-0.00035718106388025003,,-0.00043343320111311243,,,0.0005577188660106073,,,,,0.0006888491946261965,,,,,,,,0.001315075735195466,,0.001315075735195466,-0.0004125727796691658,,,-0.0003434025658670653,,-0.00039295981221460445,-0.000362211783089831,,-0.00048019362944896687,,-0.00039700399553070675,,,,,,,,,,,-0.00037032532703104327,,-0.0002778551373282137,,0.0010666052045824978,4.8235291405115744e-05
757,2026-07-31,KNIN,CH0025238863,21144701W,0.0009295314433510121,0.0010196181911647667,,0.0010520605881563728,-0.0005445960691632988,-0.00043343320111311243,,,0.0005577188660106073,,,,,0.0006888491946261965,,,0.0010866353492694932,,,,,0.001315075735195466,,0.001315075735195466,-0.0004125727796691658,,,0.0013378805167306475,,-0.00039295981221460445,-0.000362211783089831,,-0.00048019362944896687,,,,,,,,,-0.0006074890535286143,,,0.0013456588918279188,,-0.00062051830936837,0.0010917609877094435,,0.0010666052045824978,0.00016790111906922272
758,2026-07-31,KO,US1912161007,00314401,,,,,,,,,,,,,,,-0.000863631826098515,-0.00047820935825289675,,,0.0010332737919392947,,,-0.001315075735195466,,,,,,-0.0003434025658670653,,,,,-0.00048019362944896687,,0.0011630820572583016,,0.0010969352104000098,,,0.0009485792188295165,,,-0.001361490172908247,-0.0007766890248134296,-0.0013456588918279188,-0.00037032532703104327,,-0.0002778551373282137,-0.0009076601152721648,,-9.174599233007126e-05
759,2026-07-31,KOG,NO0013536151,21178701W,-0.00031619307294317216,-0.0003459691022337848,,-0.00035718106388025003,,0.001278747676212166,,,,,,,0.0014199590760392762,,,,0.0010866353492694932,,,,,0.001315075735195466,,,0.0016185547510098044,,,-0.0003434025658670653,,,,,,,-0.00039700399553070675,,,,,,,,,-0.0007766890248134296,-0.0013456588918279188,-0.00037032532703104327,0.00062051830936837,-0.0002778551373282137,,,3.283336152774829e-05
760,2026-07-31,KPN,NL0000009082,06144001W,-0.00031619307294317216,-0.0003459691022337848,,-0.00035718106388025003,,-0.00043343320111311243,,,,,0.001377698389252393,,,,0.001701862716135309,,,,,,,,,,,,,,,,-0.000362211783089831,,-0.00048019362944896687,,,,,,,,,,,,,,-0.00062051830936837,-0.0002778551373282137,,,-2.7491726623375193e-05
761,2026-07-31,KR,US5010441013,00650201,-0.00031619307294317216,-0.0003459691022337848,-0.0011869401507405232,,,,0.0026005992066786745,,,,0.001377698389252393,,-0.0007301366857867572,0.0006888491946261965,0.001701862716135309,-0.00047820935825289675,,,0.0010332737919392947,,,0.001315075735195466,,0.001315075735195466,,-0.005645203155961025,,0.0013378805167306475,,-0.00039295981221460445,-0.000362211783089831,,0.0009524828370140001,,0.0011630820572583016,,0.0010969352104000098,,-0.0013942971650265183,,-0.001780410226110785,-0.0006074890535286143,0.0013535282420725264,0.0015430221959626803,0.0013456588918279188,0.0010917609877094435,0.00062051830936837,-0.0002778551373282137,,0.0010666052045824978,0.00036791470668278505
762,2026-07-31,KRX,IE0004927939,10257401W,-0.00031619307294317216,-0.0003459691022337848,,-0.00035718106388025003,,-0.00043343320111311243,,,,,,,,0.0006888491946261965,,,-0.0005497703786090309,,,,,,,,-0.0004125727796691658,,,-0.0003434025658670653,,-0.00039295981221460445,-0.000362211783089831,,0.0009524828370140001,,-0.00039700399553070675,,,,,,,,,,,-0.00037032532703104327,,-0.0002778551373282137,,,-4.460318854718179e-05
763,2026-07-31,KRZ,IE0004906560,10080103W,,,,,,,,,,,-0.0013859480802060002,,,0.0006888491946261965,-0.000863631826098515,-0.00047820935825289675,-0.0005497703786090309,,0.0010332737919392947,,-0.0007926483883369932,-0.001315075735195466,-0.0023145332939440203,-0.001315075735195466,,,,-0.0003434025658670653,,-0.00039295981221460445,-0.000362211783089831,,-0.00048019362944896687,,-0.00039700399553070675,,-0.0011127563913192406,,,-0.0009524828370140001,,,,,,-0.00037032532703104327,-0.00062051830936837,-0.0002778551373282137,,-0.0010666052045824978,-0.0003867484045515818
764,2026-07-31,KVUE,US49177J1025,04189701,0.0009295314433510121,0.0010196181911647667,0.0022916171227168516,,0.0010617125201578075,,0.0026005992066786745,,,,,,,0.0006888491946261965,,-0.00047820935825289675,,,,,,-0.001315075735195466,,,,-0.005645203155961025,,-0.0003434025658670653,,,0.0010666052045824978,,-0.00048019362944896687,,,,,,0.0026913177836558376,,,,,,-0.0013456588918279188,-0.00037032532703104327,-0.00062051830936837,-0.0002778551373282137,-0.0009076601152721648,,-2.126569188962558e-05
765,2026-07-31,L,CA5394811015,00677101C,-0.00031619307294317216,-0.0003459691022337848,,,,,,,,,,,,0.0006888491946261965,0.001701862716135309,-0.00047820935825289675,,,0.0010332737919392947,,,,,,,0.005143407319875601,,-0.0003434025658670653,,-0.00039295981221460445,,,,,,,,,,,,,,-0.0007766890248134296,,-0.00037032532703104327,-0.00062051830936837,0.0010917609877094435,-0.0009076601152721648,,2.3810269258281203e-06
766,2026-07-31,L,US5404241086,00678101,,,,,,,,,-0.0016532380671028715,,,-0.0023861167978804334,,,,,,-0.0007099795380196381,,,-0.0007926483883369932,,,,,,,,,,,-0.0006747910477970904,0.0009524828370140001,-0.0013301915482436897,-0.00039700399553070675,,-0.0011127563913192406,-0.0016771980390898698,,,,,,,0.0013456588918279188,,0.00062051830936837,-0.0002778551373282137,,,-0.00021183161430374047
767,2026-07-31,LAND,GB00BYW0PQ60,01560201W,-0.00031619307294317216,,,,,,,,,,,,,,,,,,-0.0030454385446631845,,-0.0007926483883369932,,,,,,,-0.0003434025658670653,,,,,,-0.0013301915482436897,,-0.0031277476945189464,-0.0011127563913192406,,,,,,,,,-0.00037032532703104327,-0.00062051830936837,-0.0002778551373282137,,,-0.0003241733956423142
768,2026-07-31,LATO B,SE0010100958,01629901W,,,,,,,,,0.0005577188660106073,,,,,0.0006888491946261965,,,,,,,,-0.001315075735195466,,-0.001315075735195466,-0.0004125727796691658,,,-0.0003434025658670653,,-0.00039295981221460445,-0.000362211783089831,,-0.00048019362944896687,,-0.00039700399553070675,,,,,-0.0009524828370140001,,,,,,-0.00037032532703104327,-0.00062051830936837,-0.0002778551373282137,,-0.0010666052045824978,-0.0001715221253774167
769,2026-07-31,LDO,IT0003856405,01626701W,-0.00031619307294317216,-0.0003459691022337848,,-0.00035718106388025003,0.0010617125201578075,0.001278747676212166,,,0.0005577188660106073,,,,,,,,-0.0005497703786090309,,,,,0.001315075735195466,,,0.0016185547510098044,,,-0.0003434025658670653,,,,,0.0009524828370140001,,-0.00039700399553070675,,,,,,,0.0011808843336449082,,,,,,0.0010917609877094435,,,0.0001442255439989644
770,2026-07-31,LDOS,US5253271028,16512301,0.0009295314433510121,-0.0003459691022337848,0.0022916171227168516,,,,,,0.0005577188660106073,,,,,0.0006888491946261965,,,-0.0005497703786090309,,,,,,,0.001315075735195466,-0.0004125727796691658,,,0.0013378805167306475,-0.0031277476945189464,0.0011630820572583016,0.0010666052045824978,,0.0009524828370140001,,0.0011630820572583016,,0.0010969352104000098,0.0032599060478084793,,,,0.0011808843336449082,,0.0015430221959626803,0.0013456588918279188,0.0010917609877094435,-0.00062051830936837,0.0010917609877094435,,,0.0004209419481109051
771,2026-07-31,LEN,US5260571048,00666901,-0.00031619307294317216,-0.0003459691022337848,-0.0011869401507405232,-0.00035718106388025003,-0.0005445960691632988,-0.00043343320111311243,-0.002630151470390932,,,-0.0008092773755049022,,,0.0014199590760392762,,,-0.00047820935825289675,,-0.0007099795380196381,,-0.0011689562090626366,-0.0007926483883369932,,,,-0.0004125727796691658,-0.005645203155961025,-0.005645203155961025,-0.0003434025658670653,,-0.00039295981221460445,-0.000362211783089831,-0.0006747910477970904,-0.00048019362944896687,-0.0013301915482436897,-0.00039700399553070675,-0.0031277476945189464,-0.0011127563913192406,,,,,,,,,-0.00037032532703104327,,-0.0002778551373282137,,-0.0010666052045824978,-0.0005224388689701659
772,2026-07-31,LGEN,GB0005603997,01560301W,-0.00031619307294317216,,,0.0010520605881563728,,-0.00043343320111311243,,-0.000580083532316797,0.0005577188660106073,,,,0.0014199590760392762,,,,,-0.0007099795380196381,0.0010332737919392947,,,,-0.0023145332939440203,,,,,,,,0.0010666052045824978,-0.0006747910477970904,0.0009524828370140001,-0.0013301915482436897,0.0011630820572583016,,0.0010969352104000098,,,0.0009485792188295165,-0.001780410226110785,,,-0.0007766890248134296,0.0013456588918279188,-0.00037032532703104327,-0.00062051830936837,-0.0002778551373282137,-0.0009076601152721648,0.0010666052045824978,-3.924842088273504e-05
773,2026-07-31,LH,US5049221055,01496001,,,,,,,,,0.0005577188660106073,-0.0008092773755049022,,,,0.0006888491946261965,0.001701862716135309,-0.00047820935825289675,,,,,,,,,,,,-0.0003434025658670653,,,,-0.0006747910477970904,0.0009524828370140001,,,,,,-0.0013942971650265183,,,,,,0.0013456588918279188,,-0.00062051830936837,-0.0002778551373282137,,,7.970590474903746e-06
774,2026-07-31,LHA,DE0008232125,10010301W,-0.00031619307294317216,-0.0003459691022337848,,-0.00035718106388025003,0.0010617125201578075,-0.00043343320111311243,,,-0.0016532380671028715,,,,,-0.00204825955216285,,,,,,,,,,,-0.0004125727796691658,,,-0.0003434025658670653,,-0.00039295981221460445,-0.000362211783089831,,0.0009524828370140001,,-0.00039700399553070675,,,,,0.0009485792188295165,,0.0011808843336449082,0.0013535282420725264,0.0015430221959626803,0.0013456588918279188,0.0010917609877094435,0.00062051830936837,-0.0002778551373282137,,0.0010666052045824978,0.0001607177855417481
775,2026-07-31,LHX,US5024311095,00549201,-0.00031619307294317216,-0.0003459691022337848,-0.0011869401507405232,-0.00035718106388025003,0.0010617125201578075,,0.0026005992066786745,,0.0005577188660106073,,,,,0.0006888491946261965,,,,,,,,,,,-0.0004125727796691658,,,-0.0003434025658670653,,-0.00039295981221460445,-0.000362211783089831,,,,,,,-0.0016771980390898698,0.0026913177836558376,,,,,,,-0.00037032532703104327,-0.00062051830936837,-0.0002778551373282137,,,-2.7083008019407375e-05
776,2026-07-31,LI,FR0000121964,01593601W,-0.00031619307294317216,,,,,,,,,,,,,,,,,,,,,,,,,,,-0.0003434025658670653,,,,,-0.00048019362944896687,,,,,,,,0.001780410226110785,0.0011808843336449082,,,,,0.00062051830936837,0.0010917609877094435,,,9.294119880998858e-05
777,2026-07-31,LIFCO B,SE0015949201,23422502W,,,,,-0.0005445960691632988,-0.00043343320111311243,,,0.0005577188660106073,,,,-0.0007301366857867572,0.0006888491946261965,,,-0.0005497703786090309,,,,,,,,-0.0004125727796691658,,,-0.0003434025658670653,,-0.00039295981221460445,-0.000362211783089831,,-0.00048019362944896687,,-0.00039700399553070675,,,,,-0.0009524828370140001,,-0.0006074890535286143,,-0.0007766890248134296,-0.0013456588918279188,-0.00037032532703104327,-0.00062051830936837,-0.0002778551373282137,,,-0.00015318827747470859
778,2026-07-31,LII,US5261071071,12238001,-0.00031619307294317216,-0.0003459691022337848,-0.0011869401507405232,-0.00035718106388025003,,-0.00043343320111311243,0.0026005992066786745,,,,,,-0.0007301366857867572,0.0006888491946261965,,,-0.0005497703786090309,,,,,0.001315075735195466,,0.001315075735195466,-0.0004125727796691658,,,-0.0003434025658670653,-0.0031277476945189464,-0.00039295981221460445,-0.000362211783089831,,-0.00048019362944896687,,-0.00039700399553070675,,,-0.0016771980390898698,-0.0013942971650265183,-0.0009524828370140001,,,,,,-0.00037032532703104327,-0.00062051830936837,-0.0002778551373282137,,,-8.337204209115585e-05
779,2026-07-31,LIN,IE000S9YS762,02512401,-0.00031619307294317216,-0.0003459691022337848,,-0.00035718106388025003,-0.0005445960691632988,-0.00043343320111311243,,,,,,,-0.0007301366857867572,,0.001701862716135309,-0.00047820935825289675,-0.0005497703786090309,-0.0007099795380196381,,,0.0015638738472594732,,,,-0.0004125727796691658,0.005143407319875601,0.006612952268411486,-0.0003434025658670653,,-0.00039295981221460445,-0.000362211783089831,,-0.00048019362944896687,,-0.00039700399553070675,,,-0.0016771980390898698,,0.0009485792188295165,,-0.0006074890535286143,,,,-0.00037032532703104327,-0.00062051830936837,-0.0002778551373282137,-0.0009076601152721648,,-0.0001543505904534475
780,2026-07-31,LISN,CH0010570759,10189502W,-0.00031619307294317216,-0.0003459691022337848,,,-0.0005445960691632988,,,,,,-0.0013859480802060002,,-0.0007301366857867572,,-0.000863631826098515,-0.00047820935825289675,-0.0005497703786090309,,0.0010332737919392947,,-0.0007926483883369932,,-0.0023145332939440203,-0.001315075735195466,,,,-0.0003434025658670653,,-0.00039295981221460445,-0.000362211783089831,,,,-0.00039700399553070675,-0.0031277476945189464,-0.0011127563913192406,,,-0.0009524828370140001,,-0.0006074890535286143,-0.001361490172908247,-0.0007766890248134296,-0.0013456588918279188,-0.00037032532703104327,-0.00062051830936837,-0.0002778551373282137,-0.0009076601152721648,-0.0010666052045824978,-0.0005825311568612942
781,2026-07-31,LISP,CH0010570767,10189503W,-0.00031619307294317216,-0.0003459691022337848,,,,,,,,,-0.0013859480802060002,,-0.0007301366857867572,,-0.000863631826098515,-0.00047820935825289675,-0.0005497703786090309,,0.0010332737919392947,,-0.0007926483883369932,,-0.0023145332939440203,-0.001315075735195466,,,,-0.0003434025658670653,,0.0011630820572583016,0.0010666052045824978,,0.0009524828370140001,,-0.00039700399553070675,-0.0031277476945189464,-0.0011127563913192406,,,-0.0009524828370140001,0.001780410226110785,,0.0013535282420725264,0.0015430221959626803,0.0013456588918279188,0.0010917609877094435,0.00062051830936837,-0.0002778551373282137,0.0018082291358937658,-0.0010666052045824978,-7.993356632812996e-05
782,2026-07-31,LITE,US55024U1097,02324901,,,-0.0011869401507405232,-0.00035718106388025003,0.0010617125201578075,-0.00043343320111311243,0.0026005992066786745,-0.000580083532316797,,-0.0008092773755049022,,0.0023617686672898165,0.0014199590760392762,,,-0.00047820935825289675,,,,-0.0011689562090626366,,,,,0.0016185547510098044,,,-0.0003434025658670653,0.0030860443919253607,,0.0010666052045824978,,,,-0.00039700399553070675,,,,,-0.0009524828370140001,,0.0011808843336449082,,,,,,,,,0.0001841920731614908
783,2026-07-31,LLOY,GB0008706128,01592901W,,,,,0.0010617125201578075,0.001278747676212166,,,-0.0016532380671028715,,0.001377698389252393,,,,,,,0.002183521975418887,0.0010332737919392947,,0.0015638738472594732,,,,,,,,,,,,,,,,,,,0.0009485792188295165,,0.0011808843336449082,,,,,,,,0.0010666052045824978,0.00023442637477507941
784,2026-07-31,LLY,US5324571083,00673001,0.0009295314433510121,0.0010196181911647667,0.0022916171227168516,0.0010520605881563728,,,,,-0.0016532380671028715,0.0031705935533479727,,,,-0.00204825955216285,,0.001881734385320342,-0.0005497703786090309,,,,-0.0007926483883369932,0.001315075735195466,,0.001315075735195466,,,,-0.0003434025658670653,,,,-0.0006747910477970904,,,-0.00039700399553070675,,,,,0.0009485792188295165,-0.001780410226110785,,-0.001361490172908247,-0.0007766890248134296,-0.0013456588918279188,-0.00037032532703104327,-0.00062051830936837,-0.0002778551373282137,-0.0009076601152721648,0.0010666052045824978,-1.657600018394806e-05
785,2026-07-31,LMT,US5398301094,00677401,-0.00031619307294317216,-0.0003459691022337848,-0.0011869401507405232,-0.00035718106388025003,0.0010617125201578075,-0.00043343320111311243,0.0026005992066786745,,0.0005577188660106073,,,,-0.0007301366857867572,0.0006888491946261965,,,,,,,,0.001315075735195466,,0.001315075735195466,-0.0004125727796691658,,,-0.0003434025658670653,,-0.00039295981221460445,-0.000362211783089831,,,,,,,,0.0026913177836558376,0.0009485792188295165,,0.0011808843336449082,,,,-0.00037032532703104327,-0.00062051830936837,-0.0002778551373282137,,0.0010666052045824978,0.00016721736639880354
786,2026-07-31,LNT,US0188021085,01155401,-0.00031619307294317216,-0.0003459691022337848,,-0.00035718106388025003,,,,,,,0.001377698389252393,,,,,-0.00047820935825289675,,,,,,,,,-0.0004125727796691658,0.005143407319875601,0.006612952268411486,,,,,-0.0006747910477970904,,,,,,0.0032599060478084793,,,-0.001780410226110785,,-0.001361490172908247,-0.0007766890248134296,-0.0013456588918279188,-0.00037032532703104327,-0.00062051830936837,-0.0002778551373282137,-0.0009076601152721648,,-1.6154968388385568e-05
787,2026-07-31,LOGN,CH0025751329,10269601W,-0.00031619307294317216,-0.0003459691022337848,,-0.00035718106388025003,-0.0005445960691632988,-0.00043343320111311243,,-0.000580083532316797,,0.0031705935533479727,0.001377698389252393,,,,,0.001881734385320342,,,,0.004538300576360824,,0.001315075735195466,,0.001315075735195466,-0.0004125727796691658,,,-0.0003434025658670653,,,,,,,0.0011630820572583016,,0.0010969352104000098,,,-0.0009524828370140001,,,,,,,,,,,0.0002747571077456528
788,2026-07-31,LONN,CH0013841017,23139701W,,,,-0.00035718106388025003,,,,,-0.0016532380671028715,-0.0008092773755049022,,,,-0.00204825955216285,-0.000863631826098515,-0.00047820935825289675,0.0010866353492694932,,,,-0.0007926483883369932,,-0.0023145332939440203,,,,,,,,,-0.0006747910477970904,,,-0.00039700399553070675,,,,,,,,,-0.0007766890248134296,,-0.00037032532703104327,-0.00062051830936837,-0.0002778551373282137,-0.0009076601152721648,,-0.0002581178193964144
789,2026-07-31,LOTB,BE0003604155,21188501W,,,,,-0.0005445960691632988,,,,,,,,-0.0007301366857867572,-0.00204825955216285,-0.000863631826098515,-0.00047820935825289675,-0.0005497703786090309,,0.0010332737919392947,,-0.0007926483883369932,,,,,,,0.0013378805167306475,,-0.00039295981221460445,-0.000362211783089831,,,,-0.00039700399553070675,,,,,-0.0009524828370140001,-0.001780410226110785,-0.0006074890535286143,-0.001361490172908247,-0.0007766890248134296,-0.0013456588918279188,-0.00037032532703104327,-0.00062051830936837,-0.0002778551373282137,-0.0009076601152721648,-0.0010666052045824978,-0.00031876713623957807
790,2026-07-31,LOW,US5486611073,00682901,-0.00031619307294317216,-0.0003459691022337848,-0.0011869401507405232,-0.00035718106388025003,,-0.00043343320111311243,,,,-0.0008092773755049022,0.001377698389252393,-0.0023861167978804334,0.0014199590760392762,,,0.001881734385320342,-0.0005497703786090309,-0.0007099795380196381,,-0.0011689562090626366,,0.001315075735195466,,-0.001315075735195466,-0.0004125727796691658,-0.005645203155961025,-0.005645203155961025,-0.0003434025658670653,-0.0031277476945189464,-0.00039295981221460445,-0.000362211783089831,-0.0006747910477970904,,-0.0013301915482436897,,,,,,0.0009485792188295165,,,,,,-0.00037032532703104327,,-0.0002778551373282137,,,-0.0003496557427969557
791,2026-07-31,LPLA,US50212V1008,17851901,-0.00031619307294317216,-0.0003459691022337848,-0.0011869401507405232,-0.00035718106388025003,0.0010617125201578075,-0.00043343320111311243,0.0026005992066786745,-0.000580083532316797,-0.0016532380671028715,,,-0.0023861167978804334,0.0014199590760392762,,-0.000863631826098515,,-0.0005497703786090309,-0.0007099795380196381,-0.0030454385446631845,,-0.0007926483883369932,,,,,,,,,-0.00039295981221460445,-0.000362211783089831,-0.0006747910477970904,0.0009524828370140001,-0.0013301915482436897,-0.00039700399553070675,,,-0.0016771980390898698,,-0.0009524828370140001,-0.001780410226110785,,,,0.0013456588918279188,-0.00037032532703104327,,-0.0002778551373282137,-0.0009076601152721648,-0.0010666052045824978,-0.00033654169754812613
792,2026-07-31,LR,FR0010307819,27703901W,,,,,-0.0005445960691632988,-0.00043343320111311243,,,0.0005577188660106073,,,,-0.0007301366857867572,0.0006888491946261965,,,-0.0005497703786090309,,,,,,,,-0.0004125727796691658,,,-0.0003434025658670653,,-0.00039295981221460445,-0.000362211783089831,,,,-0.00039700399553070675,,,,,,,-0.0006074890535286143,,-0.0007766890248134296,,-0.00037032532703104327,,-0.0002778551373282137,,,-8.637212646465723e-05
793,2026-07-31,LRCX,US5128073062,00656501,,,-0.0011869401507405232,-0.00035718106388025003,-0.0005445960691632988,-0.00043343320111311243,-0.002630151470390932,,,0.0031705935533479727,,,0.0014199590760392762,,,0.001881734385320342,,,,0.004538300576360824,,0.001315075735195466,,0.001315075735195466,-0.0004125727796691658,,,0.0013378805167306475,0.0030860443919253607,-0.00039295981221460445,-0.000362211783089831,,-0.00048019362944896687,,-0.00039700399553070675,,,0.0032599060478084793,0.0026913177836558376,,,-0.0006074890535286143,,,,,,,,,0.00029257426071847885
794,2026-07-31,LSEG,GB00B0SWJX34,24670601W,,-0.0003459691022337848,,-0.00035718106388025003,-0.0005445960691632988,0.001278747676212166,,-0.000580083532316797,0.0005577188660106073,,,,,,-0.000863631826098515,,,-0.0007099795380196381,0.0010332737919392947,,-0.0007926483883369932,,,,,,,,,-0.00039295981221460445,,-0.0006747910477970904,,,-0.00039700399553070675,,,,,0.0009485792188295165,-0.001780410226110785,-0.0006074890535286143,0.0013535282420725264,-0.0007766890248134296,,-0.00037032532703104327,-0.00062051830936837,-0.0002778551373282137,-0.0009076601152721648,0.0010666052045824978,-9.207539201896075e-05
795,2026-07-31,LUG,CA5503711080,06574401C,-0.00031619307294317216,-0.0003459691022337848,,-0.00035718106388025003,,-0.00043343320111311243,,-0.000580083532316797,,,,,0.0014199590760392762,,0.001701862716135309,0.001881734385320342,0.0010866353492694932,0.002183521975418887,,,,,,,-0.0004125727796691658,0.005143407319875601,0.006612952268411486,-0.0003434025658670653,,,,,,,-0.00039700399553070675,,0.0010969352104000098,,,-0.0009524828370140001,,,,,,-0.00037032532703104327,-0.00062051830936837,-0.0002778551373282137,-0.0009076601152721648,,6.239200018302578e-05
796,2026-07-31,LUMI,IL0006046119,00201805W,-0.00031619307294317216,-0.0003459691022337848,,-0.00035718106388025003,,,,,0.0005577188660106073,,0.001377698389252393,,-0.0007301366857867572,,0.001701862716135309,,,-0.0007099795380196381,0.0010332737919392947,,0.0015638738472594732,,0.002269150288180412,,,,,,,,-0.000362211783089831,,-0.00048019362944896687,0.0026005992066786745,,,,,,,0.001780410226110785,0.0011808843336449082,,0.0015430221959626803,,,,,0.0018082291358937658,,0.00034264631636549305
797,2026-07-31,LUN,CA5503721063,10829701C,,0.0010196181911647667,,0.0010520605881563728,0.0010617125201578075,-0.00043343320111311243,,-0.000580083532316797,,,,,,,0.001701862716135309,0.001881734385320342,0.0010866353492694932,-0.0007099795380196381,,,,,,,0.0016185547510098044,,,-0.0003434025658670653,,0.0011630820572583016,0.0010666052045824978,,,,,,,,,,,0.0011808843336449082,,,,-0.00037032532703104327,-0.00062051830936837,-0.0002778551373282137,-0.0009076601152721648,,5.3834726656961294e-05
798,2026-07-31,LUND B,SE0000108847,10156302W,,,,,,,,,-0.0016532380671028715,,0.001377698389252393,0.0023617686672898165,,,,,,-0.0007099795380196381,,,-0.0007926483883369932,,,,,,,,,0.0011630820572583016,0.0010666052045824978,-0.0006747910477970904,,-0.0013301915482436897,-0.00039700399553070675,,,,,-0.0009524828370140001,,,-0.001361490172908247,0.0015430221959626803,,-0.00037032532703104327,-0.00062051830936837,-0.0002778551373282137,,-0.0010666052045824978,9.45026426981464e-06
799,2026-07-31,LVS,US5178341070,16184401,-0.00031619307294317216,0.0010196181911647667,0.0022916171227168516,0.0010520605881563728,,0.001278747676212166,0.0026005992066786745,-0.000580083532316797,,-0.0008092773755049022,,,,,,-0.00047820935825289675,,-0.0007099795380196381,,-0.0011689562090626366,0.0015638738472594732,-0.001315075735195466,0.002269150288180412,0.001315075735195466,-0.0004125727796691658,,0.006612952268411486,0.0013378805167306475,0.0030860443919253607,0.0011630820572583016,0.0010666052045824978,0.002630151470390932,0.0009524828370140001,-0.0013301915482436897,0.0011630820572583016,0.0031277476945189464,,0.0032599060478084793,,,,,,,,,,-0.0002778551373282137,,0.0010666052045824978,0.0005835924773667659
800,2026-07-31,LYB,NL0009434992,29452401,0.0009295314433510121,0.0010196181911647667,0.0022916171227168516,0.0010520605881563728,0.0010617125201578075,,,-0.000580083532316797,,,,,0.0014199590760392762,,0.001701862716135309,-0.00047820935825289675,0.0010866353492694932,-0.0007099795380196381,,,,,,,-0.0004125727796691658,-0.005645203155961025,-0.005645203155961025,0.0013378805167306475,,-0.00039295981221460445,-0.000362211783089831,,-0.00048019362944896687,,-0.00039700399553070675,,-0.0011127563913192406,-0.0016771980390898698,0.0026913177836558376,,-0.001780410226110785,-0.0006074890535286143,,,,,0.00062051830936837,-0.0002778551373282137,0.0018082291358937658,,-2.726567881227092e-05
801,2026-07-31,LYC,AU000000LYC6,21265801W,-0.00031619307294317216,-0.0003459691022337848,,-0.00035718106388025003,0.0010617125201578075,-0.00043343320111311243,,-0.000580083532316797,,,,,,,-0.000863631826098515,-0.00047820935825289675,-0.0005497703786090309,-0.0007099795380196381,,,-0.0007926483883369932,,,,-0.0004125727796691658,,,,,-0.00039295981221460445,-0.000362211783089831,,-0.00048019362944896687,,,,,,,-0.0009524828370140001,-0.001780410226110785,0.0011808843336449082,,,,-0.00037032532703104327,,-0.0002778551373282137,-0.0009076601152721648,,-0.00019201461587890444
802,2026-07-31,LYV,US5380341090,16574601,-0.00031619307294317216,-0.0003459691022337848,-0.0011869401507405232,-0.00035718106388025003,,-0.00043343320111311243,,-0.000580083532316797,,,0.001377698389252393,,,,0.001701862716135309,,0.0010866353492694932,,,,0.0015638738472594732,,,,,,,,,,-0.000362211783089831,,0.0009524828370140001,,,,,,-0.0013942971650265183,,,,,,,-0.00037032532703104327,0.00062051830936837,-0.0002778551373282137,,,5.0207936568387584e-05
803,2026-07-31,MA,US57636Q1040,16022501,-0.00031619307294317216,-0.0003459691022337848,,-0.00035718106388025003,,-0.00043343320111311243,,0.001701862716135309,-0.0016532380671028715,,,,,,,,0.0010866353492694932,-0.0007099795380196381,-0.0030454385446631845,,,,,,,,,,,-0.00039295981221460445,-0.000362211783089831,-0.0006747910477970904,-0.00048019362944896687,,-0.00039700399553070675,,,0.0032599060478084793,0.0026913177836558376,,-0.001780410226110785,-0.0006074890535286143,,-0.0007766890248134296,-0.0013456588918279188,-0.00037032532703104327,-0.00062051830936837,-0.0002778551373282137,-0.0009076601152721648,,-7.272808811571772e-05
804,2026-07-31,MAA,US59522J1034,02964901,,,,,,,,,,,,,,,,,,,,,0.0015638738472594732,,,,,,,-0.0003434025658670653,-0.0031277476945189464,,,,-0.00048019362944896687,,,,,,,-0.0009524828370140001,-0.001780410226110785,-0.0006074890535286143,,,,,-0.00062051830936837,-0.0002778551373282137,,,-0.00010507929803726368
805,2026-07-31,MAERSK A,DK0010244425,10329203W,,,,,,,,,-0.0016532380671028715,,,,-0.0007301366857867572,-0.00204825955216285,,,0.0010866353492694932,,,,,,,,-0.0004125727796691658,,,-0.0003434025658670653,,-0.00039295981221460445,-0.000362211783089831,,-0.00048019362944896687,,-0.00039700399553070675,,-0.0011127563913192406,,,0.0009485792188295165,,,0.0013535282420725264,,0.0013456588918279188,0.0010917609877094435,0.00062051830936837,0.0010917609877094435,,-0.0010666052045824978,5.116547026970253e-05
806,2026-07-31,MAERSK B,DK0010244508,10329204W,-0.00031619307294317216,0.0010196181911647667,,0.0010520605881563728,-0.0005445960691632988,-0.00043343320111311243,,,-0.0016532380671028715,,,,-0.0007301366857867572,-0.00204825955216285,,,0.0010866353492694932,,,,,,,,-0.0004125727796691658,,,-0.0003434025658670653,,-0.00039295981221460445,-0.000362211783089831,,-0.00048019362944896687,,-0.00039700399553070675,,-0.0011127563913192406,,,0.0009485792188295165,,-0.0006074890535286143,0.0013535282420725264,,0.0013456588918279188,0.0010917609877094435,0.00062051830936837,0.0010917609877094435,,-0.0010666052045824978,3.737194987303609e-05
807,2026-07-31,MAP,ES0124244E34,01628101W,,0.0010196181911647667,,0.0010520605881563728,-0.0005445960691632988,-0.00043343320111311243,,-0.000580083532316797,0.0005577188660106073,,0.001377698389252393,,0.0014199590760392762,,,,,-0.0007099795380196381,,,-0.0007926483883369932,,,,,,,,,,,-0.0006747910477970904,,,-0.00039700399553070675,,,,,,0.001780410226110785,,,,0.0013456588918279188,-0.00037032532703104327,-0.00062051830936837,-0.0002778551373282137,,,-2.9544249820428366e-05
808,2026-07-31,MAR,US5719032022,02893002,,-0.0003459691022337848,,-0.00035718106388025003,-0.0005445960691632988,-0.00043343320111311243,,0.001701862716135309,,-0.0008092773755049022,,,,,,-0.00047820935825289675,,-0.0007099795380196381,,-0.0011689562090626366,0.0015638738472594732,,0.002269150288180412,-0.001315075735195466,-0.0004125727796691658,0.005143407319875601,,0.0013378805167306475,,-0.00039295981221460445,-0.000362211783089831,-0.0006747910477970904,,,,,,0.0032599060478084793,,,,,,,,-0.00037032532703104327,,-0.0002778551373282137,,,0.00013964525897515857
809,2026-07-31,MAS,US5745991068,00708501,,,,,,0.001278747676212166,,,,,,,-0.0007301366857867572,0.0006888491946261965,,,0.0010866353492694932,,,,,0.001315075735195466,,-0.001315075735195466,-0.0004125727796691658,,,-0.0003434025658670653,,-0.00039295981221460445,,,,,,,,,-0.0013942971650265183,-0.0009524828370140001,,,,,,-0.00037032532703104327,-0.00062051830936837,-0.0002778551373282137,,,-2.9851958220097422e-05
810,2026-07-31,MBG,DE0007100000,01782801W,-0.00031619307294317216,-0.0003459691022337848,,-0.00035718106388025003,0.0010617125201578075,0.001278747676212166,,-0.000580083532316797,,-0.0008092773755049022,,-0.0023861167978804334,,,,-0.00047820935825289675,,-0.0007099795380196381,,-0.0011689562090626366,,,,,-0.0004125727796691658,,,-0.0003434025658670653,,-0.00039295981221460445,-0.000362211783089831,-0.0006747910477970904,-0.00048019362944896687,-0.0013301915482436897,-0.00039700399553070675,-0.0031277476945189464,-0.0011127563913192406,,,0.0009485792188295165,,,0.0013535282420725264,,,0.0010917609877094435,,0.0010917609877094435,,,-0.0002829362391139347
811,2026-07-31,MC,FR0000121014,01444702W,-0.00031619307294317216,-0.0003459691022337848,,-0.00035718106388025003,-0.0005445960691632988,-0.00043343320111311243,,-0.000580083532316797,,-0.0008092773755049022,,0.0023617686672898165,,,-0.000863631826098515,-0.00047820935825289675,,0.002183521975418887,,-0.0011689562090626366,-0.0007926483883369932,,,,-0.0004125727796691658,,,-0.0003434025658670653,,-0.00039295981221460445,-0.000362211783089831,-0.0006747910477970904,-0.00048019362944896687,-0.0013301915482436897,-0.00039700399553070675,,,,,0.0009485792188295165,,,,,,,,-0.0002778551373282137,,,-2.9070347991927457e-05
812,2026-07-31,MCD,US5801351017,00715401,-0.00031619307294317216,-0.0003459691022337848,-0.0011869401507405232,-0.00035718106388025003,-0.0005445960691632988,-0.00043343320111311243,,,,0.0031705935533479727,,,,,,-0.00047820935825289675,-0.0005497703786090309,0.002183521975418887,,0.004538300576360824,,-0.001315075735195466,,-0.001315075735195466,-0.0004125727796691658,,,-0.0003434025658670653,,-0.00039295981221460445,,-0.0006747910477970904,-0.00048019362944896687,-0.0013301915482436897,-0.00039700399553070675,,,-0.0016771980390898698,,0.0009485792188295165,,,-0.001361490172908247,,,-0.00037032532703104327,,-0.0002778551373282137,,,-0.00015722341524825577
813,2026-07-31,MCHP,US5950171042,02796501,0.0009295314433510121,0.0010196181911647667,0.0022916171227168516,0.0010520605881563728,,-0.00043343320111311243,,0.001701862716135309,,-0.0008092773755049022,,-0.0023861167978804334,0.0014199590760392762,,,-0.00047820935825289675,,,,-0.0011689562090626366,,-0.001315075735195466,,,-0.0004125727796691658,,,-0.0003434025658670653,,-0.00039295981221460445,-0.000362211783089831,,-0.00048019362944896687,,-0.00039700399553070675,,,-0.0016771980390898698,,,,-0.0006074890535286143,,,,,,,,,-0.00022128854678133268
814,2026-07-31,MCK,US58155Q1031,00717101,,-0.0003459691022337848,-0.0011869401507405232,-0.00035718106388025003,,,,,0.0005577188660106073,-0.0008092773755049022,,,,0.0006888491946261965,,0.001881734385320342,-0.0005497703786090309,,,,0.0015638738472594732,0.001315075735195466,0.002269150288180412,-0.001315075735195466,,,,-0.0003434025658670653,-0.0031277476945189464,0.0011630820572583016,0.0010666052045824978,-0.0006747910477970904,0.0009524828370140001,,-0.00039700399553070675,,,,,0.0009485792188295165,,,0.0013535282420725264,,0.0013456588918279188,,,0.0010917609877094435,-0.0009076601152721648,,0.0001588339219237095
815,2026-07-31,MCO,US6153691059,13966501,-0.00031619307294317216,-0.0003459691022337848,,-0.00035718106388025003,-0.0005445960691632988,-0.00043343320111311243,-0.002630151470390932,-0.000580083532316797,-0.0016532380671028715,,,,,,,,,-0.0007099795380196381,-0.0030454385446631845,,,,,,,,,,,-0.00039295981221460445,-0.000362211783089831,-0.0006747910477970904,-0.00048019362944896687,-0.0013301915482436897,-0.00039700399553070675,,,,-0.0013942971650265183,-0.0009524828370140001,-0.001780410226110785,-0.0006074890535286143,,-0.0007766890248134296,-0.0013456588918279188,-0.00037032532703104327,-0.00062051830936837,-0.0002778551373282137,-0.0009076601152721648,,-0.0003725784245985868
816,2026-07-31,MDB,US60937P1066,03252601,-0.00031619307294317216,-0.0003459691022337848,,-0.00035718106388025003,-0.0005445960691632988,-0.00043343320111311243,-0.002630151470390932,-0.000580083532316797,,-0.0008092773755049022,,,-0.0007301366857867572,,,-0.00047820935825289675,,,,-0.0011689562090626366,,,,,-0.0004125727796691658,,,0.0013378805167306475,,-0.00039295981221460445,,,,,0.0011630820572583016,,0.0010969352104000098,0.0032599060478084793,,-0.0009524828370140001,,-0.0006074890535286143,,,,,,,,-0.0010666052045824978,-2.411401841981317e-05
817,2026-07-31,MDLZ,US6092071058,14295301,,,,,,,,,,,,,0.0014199590760392762,0.0006888491946261965,,-0.00047820935825289675,-0.0005497703786090309,,0.0010332737919392947,,0.0015638738472594732,-0.001315075735195466,0.002269150288180412,,,-0.005645203155961025,-0.005645203155961025,-0.0003434025658670653,,-0.00039295981221460445,-0.000362211783089831,,,,-0.00039700399553070675,,,,,0.0009485792188295165,,-0.0006074890535286143,,-0.0007766890248134296,,-0.00037032532703104327,-0.00062051830936837,-0.0002778551373282137,,,-3.5936788204637283e-05
818,2026-07-31,MDT,IE00BTN1Y115,00722801,-0.00031619307294317216,-0.0003459691022337848,-0.0011869401507405232,-0.00035718106388025003,-0.0005445960691632988,,,,0.0005577188660106073,-0.0008092773755049022,,,,,,-0.00047820935825289675,,,,,-0.0007926483883369932,-0.001315075735195466,,,,,,-0.0003434025658670653,,-0.00039295981221460445,-0.000362211783089831,-0.0006747910477970904,,,-0.00039700399553070675,,,,0.0026913177836558376,0.0009485792188295165,,,,,,-0.00037032532703104327,0.00062051830936837,-0.0002778551373282137,,,-0.00011765289016138811
819,2026-07-31,MEL,NZMELE0002S7,27004501W,,0.0010196181911647667,,0.0010520605881563728,,,,-0.000580083532316797,0.0005577188660106073,,0.001377698389252393,,,0.0006888491946261965,,-0.00047820935825289675,0.0010866353492694932,,,,,,,-0.001315075735195466,-0.0004125727796691658,,,,,-0.00039295981221460445,,-0.0006747910477970904,-0.00048019362944896687,-0.0013301915482436897,,,,,,-0.0009524828370140001,-0.001780410226110785,-0.0006074890535286143,-0.001361490172908247,-0.0007766890248134296,,-0.00037032532703104327,-0.00062051830936837,0.0010917609877094435,-0.0009076601152721648,-0.0010666052045824978,-0.00023228514541507708
820,2026-07-31,MELI,US58733R1023,17808101,-0.00031619307294317216,-0.0003459691022337848,-0.0011869401507405232,-0.00035718106388025003,,-0.00043343320111311243,,-0.000580083532316797,,-0.0008092773755049022,-0.0013859480802060002,,-0.0007301366857867572,,0.001701862716135309,-0.00047820935825289675,0.0010866353492694932,-0.0007099795380196381,,-0.0011689562090626366,0.0015638738472594732,0.001315075735195466,,0.001315075735195466,-0.0004125727796691658,0.005143407319875601,,0.0013378805167306475,-0.0031277476945189464,,-0.000362211783089831,,0.0009524828370140001,,0.0011630820572583016,0.0031277476945189464,0.0010969352104000098,0.0032599060478084793,,,,,,,,0.0010917609877094435,,0.0010917609877094435,,0.0010666052045824978,0.00039633318433630736
821,2026-07-31,MET,US59156R1086,13376801,-0.00031619307294317216,-0.0003459691022337848,,,0.0010617125201578075,,0.0026005992066786745,,0.0005577188660106073,,,,,,-0.000863631826098515,,-0.0005497703786090309,-0.0007099795380196381,,,-0.0007926483883369932,,,,,,,,,-0.00039295981221460445,-0.000362211783089831,-0.0006747910477970904,0.0009524828370140001,-0.0013301915482436897,-0.00039700399553070675,,,-0.0016771980390898698,-0.0013942971650265183,0.0009485792188295165,,,,,0.0013456588918279188,0.0010917609877094435,0.00062051830936837,0.0010917609877094435,,0.0010666052045824978,8.198236546420656e-05
822,2026-07-31,META,US30303M1027,17061701,,0.0010196181911647667,,0.0010520605881563728,0.0010617125201578075,-0.00043343320111311243,,,,,0.001377698389252393,,,,,,-0.0005497703786090309,,,,,,,,,0.005143407319875601,,,,,-0.000362211783089831,,,,,,,,0.0026913177836558376,0.0009485792188295165,,,,,,-0.00037032532703104327,,-0.0002778551373282137,,,6.539800531749952e-05
823,2026-07-31,MFC,CA56501R1064,12404201C,-0.00031619307294317216,-0.0003459691022337848,,-0.00035718106388025003,,-0.00043343320111311243,,-0.000580083532316797,0.0005577188660106073,,,-0.0023861167978804334,,,-0.000863631826098515,,,-0.0007099795380196381,,,-0.0007926483883369932,,,,,,,,,-0.00039295981221460445,,-0.0006747910477970904,0.0009524828370140001,,,,,,,0.0009485792188295165,,,,,0.0013456588918279188,0.0010917609877094435,0.00062051830936837,0.0010917609877094435,-0.0009076601152721648,0.0010666052045824978,-6.328001896023363e-05
824,2026-07-31,MG,CA5592224011,00694601C,-0.00031619307294317216,-0.0003459691022337848,,,,0.001278747676212166,,0.001701862716135309,,-0.0008092773755049022,-0.0013859480802060002,0.0023617686672898165,0.0014199590760392762,,0.001701862716135309,-0.00047820935825289675,0.0010866353492694932,-0.0007099795380196381,,-0.0011689562090626366,,,,,-0.0004125727796691658,,,0.0013378805167306475,,-0.00039295981221460445,-0.000362211783089831,0.002630151470390932,,-0.0013301915482436897,0.0011630820572583016,0.0031277476945189464,0.0010969352104000098,,,,,,0.0013535282420725264,,,0.0010917609877094435,,0.0010917609877094435,,,0.0004404514771001283
825,2026-07-31,MKC,US5797802064,00714601,-0.00031619307294317216,-0.0003459691022337848,-0.0011869401507405232,,,,,,,,,,,0.0006888491946261965,,-0.00047820935825289675,-0.0005497703786090309,,0.0010332737919392947,,,-0.001315075735195466,0.002269150288180412,-0.001315075735195466,,,,0.0013378805167306475,,-0.00039295981221460445,-0.000362211783089831,,-0.00048019362944896687,,-0.00039700399553070675,,-0.0011127563913192406,,,,,0.0011808843336449082,,,,-0.00037032532703104327,-0.00062051830936837,-0.0002778551373282137,,,-0.00012173983803416198
826,2026-07-31,MKL,US5705351048,01290901,-0.00031619307294317216,-0.0003459691022337848,-0.0011869401507405232,-0.00035718106388025003,,-0.00043343320111311243,,-0.000580083532316797,,,,,-0.0007301366857867572,,-0.000863631826098515,,,-0.0007099795380196381,-0.0030454385446631845,,-0.0007926483883369932,,,,,,,,,-0.00039295981221460445,-0.000362211783089831,0.002630151470390932,,-0.0013301915482436897,-0.00039700399553070675,,,,,,,,,,,,0.00062051830936837,-0.0002778551373282137,,,-0.00013632872246913734
827,2026-07-31,MKS,GB0031274896,01886001W,-0.00031619307294317216,-0.0003459691022337848,,,0.0010617125201578075,,,,,,0.001377698389252393,,0.0014199590760392762,0.0006888491946261965,0.001701862716135309,0.001881734385320342,0.0010866353492694932,,0.0010332737919392947,,,0.001315075735195466,,,,,,-0.0003434025658670653,,0.0011630820572583016,-0.000362211783089831,,0.0009524828370140001,,-0.00039700399553070675,,-0.0011127563913192406,,,,-0.001780410226110785,,,-0.0007766890248134296,0.0013456588918279188,0.0010917609877094435,0.00062051830936837,0.0010917609877094435,-0.0009076601152721648,,0.00021561690834994785
828,2026-07-31,ML,FR001400AJ45,10127703W,-0.00031619307294317216,-0.0003459691022337848,,-0.00035718106388025003,,,,-0.000580083532316797,,-0.0008092773755049022,,,0.0014199590760392762,,,-0.00047820935825289675,,-0.0007099795380196381,,-0.0011689562090626366,-0.0007926483883369932,,,,-0.0004125727796691658,,,-0.0003434025658670653,,-0.00039295981221460445,-0.000362211783089831,-0.0006747910477970904,-0.00048019362944896687,-0.0013301915482436897,-0.00039700399553070675,0.0031277476945189464,-0.0011127563913192406,,,,,,,,,0.0010917609877094435,,-0.0002778551373282137,,,-0.00012624367457522769
829,2026-07-31,MLM,US5732841060,02973301,-0.00031619307294317216,-0.0003459691022337848,-0.0011869401507405232,-0.00035718106388025003,-0.0005445960691632988,-0.00043343320111311243,,-0.000580083532316797,,,,,,,,-0.00047820935825289675,,-0.0007099795380196381,,,-0.0007926483883369932,,,,-0.0004125727796691658,,,-0.0003434025658670653,,-0.00039295981221460445,-0.000362211783089831,,,,-0.00039700399553070675,,,,-0.0013942971650265183,,,-0.0006074890535286143,,,,-0.00037032532703104327,-0.00062051830936837,-0.0002778551373282137,,,-0.0002162125393094096
830,2026-07-31,MMC,US5717481023,00706501,-0.00031619307294317216,-0.0003459691022337848,,-0.00035718106388025003,-0.0005445960691632988,-0.00043343320111311243,-0.002630151470390932,,,,,,,,,,,-0.0007099795380196381,,,-0.0007926483883369932,,,,,,,,,-0.00039295981221460445,-0.000362211783089831,-0.0006747910477970904,,,-0.00039700399553070675,,,,,,,-0.0006074890535286143,,-0.0007766890248134296,,-0.00037032532703104327,-0.00062051830936837,-0.0002778551373282137,-0.0009076601152721648,,-0.0002127958398589234
831,2026-07-31,MMM,US88579Y1010,00743501,-0.00031619307294317216,-0.0003459691022337848,,-0.00035718106388025003,-0.0005445960691632988,,,,0.0005577188660106073,,,,0.0014199590760392762,0.0006888491946261965,,,,,,,,,,0.001315075735195466,-0.0004125727796691658,,,-0.0003434025658670653,0.0030860443919253607,-0.00039295981221460445,-0.000362211783089831,,,,0.0011630820572583016,,0.0010969352104000098,0.0032599060478084793,0.0026913177836558376,,,-0.0006074890535286143,,,,-0.00037032532703104327,,-0.0002778551373282137,,0.0010666052045824978,0.0002741348556408059
832,2026-07-31,MNG,GB00BKFB1C65,33375401W,-0.00031619307294317216,,,,,-0.00043343320111311243,,-0.000580083532316797,0.0005577188660106073,,,,,,-0.000863631826098515,,0.0010866353492694932,-0.0007099795380196381,,,-0.0007926483883369932,,-0.0023145332939440203,,,,,,,0.0011630820572583016,0.0010666052045824978,0.002630151470390932,0.0009524828370140001,-0.0013301915482436897,0.0011630820572583016,,,,,,0.001780410226110785,-0.0006074890535286143,,-0.0007766890248134296,0.0013456588918279188,,0.00062051830936837,-0.0002778551373282137,-0.0009076601152721648,0.0010666052045824978,7.064797044889754e-06
833,2026-07-31,MO,US02209S1033,00854301,,,,,-0.0005445960691632988,,,,,,0.001377698389252393,,-0.0007301366857867572,0.0006888491946261965,-0.000863631826098515,0.001881734385320342,,,-0.0030454385446631845,,0.0015638738472594732,,0.002269150288180412,-0.001315075735195466,,-0.005645203155961025,-0.005645203155961025,-0.0003434025658670653,,-0.00039295981221460445,-0.000362211783089831,,-0.00048019362944896687,,-0.00039700399553070675,,,,-0.0013942971650265183,,,,-0.001361490172908247,0.0015430221959626803,-0.0013456588918279188,-0.00037032532703104327,-0.00062051830936837,-0.0002778551373282137,,,-0.00013841633234571872
834,2026-07-31,MONC,IT0004965148,31689501W,,,,,-0.0005445960691632988,,,,,-0.0008092773755049022,,,-0.0007301366857867572,,-0.000863631826098515,-0.00047820935825289675,,0.002183521975418887,,-0.0011689562090626366,-0.0007926483883369932,-0.001315075735195466,-0.0023145332939440203,-0.001315075735195466,-0.0004125727796691658,,,-0.0003434025658670653,,-0.00039295981221460445,-0.000362211783089831,-0.0006747910477970904,-0.00048019362944896687,,-0.00039700399553070675,,,,,-0.0009524828370140001,,,-0.001361490172908247,,,,,-0.0002778551373282137,,-0.0010666052045824978,-0.0003488992947433084
835,2026-07-31,MOWI,NO0003054108,21542201W,-0.00031619307294317216,-0.0003459691022337848,,,0.0010617125201578075,,,,,,-0.0013859480802060002,,-0.0007301366857867572,-0.00204825955216285,,-0.00047820935825289675,-0.0005497703786090309,,-0.0030454385446631845,,-0.0007926483883369932,,-0.0023145332939440203,,,,,-0.0003434025658670653,,0.0011630820572583016,0.0010666052045824978,,,,-0.00039700399553070675,,,,,-0.0009524828370140001,0.001780410226110785,0.0011808843336449082,,0.0015430221959626803,,-0.00037032532703104327,-0.00062051830936837,-0.0002778551373282137,0.0018082291358937658,,-9.631008218342866e-05
836,2026-07-31,MPC,US56585A1025,18698901,0.0009295314433510121,,0.0022916171227168516,0.0010520605881563728,0.0010617125201578075,0.001278747676212166,0.0026005992066786745,0.001701862716135309,0.0005577188660106073,,0.001377698389252393,,-0.0007301366857867572,0.0006888491946261965,,,-0.0005497703786090309,,,,,0.001315075735195466,,0.001315075735195466,0.0016185547510098044,,,0.0013378805167306475,,,,,,,,,0.0010969352104000098,,-0.0013942971650265183,,,0.0011808843336449082,,,0.0013456588918279188,-0.00037032532703104327,-0.00062051830936837,-0.0002778551373282137,,0.0010666052045824978,0.0004190187973803507
837,2026-07-31,MPL,AU000000MPL3,26723101W,-0.00031619307294317216,-0.0003459691022337848,,-0.00035718106388025003,,-0.00043343320111311243,,-0.000580083532316797,,,0.001377698389252393,,,,-0.000863631826098515,,-0.0005497703786090309,-0.0007099795380196381,-0.0030454385446631845,,,,,,,,,,,-0.00039295981221460445,-0.000362211783089831,-0.0006747910477970904,,,-0.00039700399553070675,,,,,-0.0009524828370140001,-0.001780410226110785,-0.0006074890535286143,-0.001361490172908247,-0.0007766890248134296,,-0.00037032532703104327,0.00062051830936837,-0.0002778551373282137,-0.0009076601152721648,-0.0010666052045824978,-0.00024357268590093694
838,2026-07-31,MPWR,US6098391054,16088801,,0.0010196181911647667,,,,-0.00043343320111311243,,,,-0.0008092773755049022,0.001377698389252393,-0.0023861167978804334,-0.0007301366857867572,,,-0.00047820935825289675,,,,-0.0011689562090626366,,,,,-0.0004125727796691658,,,-0.0003434025658670653,-0.0031277476945189464,-0.00039295981221460445,-0.000362211783089831,,-0.00048019362944896687,,-0.00039700399553070675,,,-0.0016771980390898698,-0.0013942971650265183,-0.0009524828370140001,,-0.0006074890535286143,,,,,,,,-0.0010666052045824978,-0.0003927938871802264
839,2026-07-31,MQG,AU000000MQG1,21285601W,,0.0010196181911647667,,0.0010520605881563728,-0.0005445960691632988,0.001278747676212166,,0.001701862716135309,0.0005577188660106073,,,-0.0023861167978804334,,,0.001701862716135309,,-0.0005497703786090309,0.002183521975418887,0.0010332737919392947,,,,,,,,,,,-0.00039295981221460445,-0.000362211783089831,-0.0006747910477970904,,-0.0013301915482436897,-0.00039700399553070675,,-0.0011127563913192406,,,,,-0.0006074890535286143,,-0.0007766890248134296,,-0.00037032532703104327,0.00062051830936837,-0.0002778551373282137,-0.0009076601152721648,,-9.081251345750935e-05
840,2026-07-31,MRK,DE0006599905,22030101W,-0.00031619307294317216,-0.0003459691022337848,,-0.00035718106388025003,-0.0005445960691632988,,,,,-0.0008092773755049022,,,,-0.00204825955216285,,-0.00047820935825289675,-0.0005497703786090309,,,,-0.0007926483883369932,,,,,,,-0.0003434025658670653,,-0.00039295981221460445,-0.000362211783089831,-0.0006747910477970904,-0.00048019362944896687,,-0.00039700399553070675,,,,,,,-0.0006074890535286143,,,,-0.00037032532703104327,,-0.0002778551373282137,,,-0.000171205694540847
841,2026-07-31,MRK,US58933Y1055,00725701,-0.00031619307294317216,-0.0003459691022337848,-0.0011869401507405232,-0.00035718106388025003,-0.0005445960691632988,,-0.002630151470390932,,,0.0031705935533479727,,,,,,-0.00047820935825289675,-0.0005497703786090309,,,,,,,,,,,-0.0003434025658670653,-0.0031277476945189464,-0.00039295981221460445,-0.000362211783089831,-0.0006747910477970904,-0.00048019362944896687,,-0.00039700399553070675,,-0.0011127563913192406,,,0.0009485792188295165,,-0.0006074890535286143,,,,-0.00037032532703104327,-0.00062051830936837,-0.0002778551373282137,,,-0.0002993916614323369
842,2026-07-31,MRO,GB00BNGDN821,27065401W,-0.00031619307294317216,-0.0003459691022337848,,-0.00035718106388025003,0.0010617125201578075,0.001278747676212166,,,0.0005577188660106073,,,,,0.0006888491946261965,,,-0.0005497703786090309,,,,,,,,-0.0004125727796691658,,,,,0.0011630820572583016,0.0010666052045824978,,,,0.0011630820572583016,,0.0010969352104000098,,,,,0.0011808843336449082,,0.0015430221959626803,,-0.00037032532703104327,-0.00062051830936837,-0.0002778551373282137,,,0.00015504912122400998
843,2026-07-31,MRU,CA59162N1096,02189401C,-0.00031619307294317216,-0.0003459691022337848,,,,,,,,,,,,0.0006888491946261965,,-0.00047820935825289675,,,0.0010332737919392947,,,,,,,,0.006612952268411486,0.0013378805167306475,,-0.00039295981221460445,-0.000362211783089831,,,,,,,,,,,,-0.001361490172908247,,,-0.00037032532703104327,-0.00062051830936837,-0.0002778551373282137,,,-2.881438291759159e-05
844,2026-07-31,MRVL,US5738741041,13731001,-0.00031619307294317216,,-0.0011869401507405232,-0.00035718106388025003,,-0.00043343320111311243,,-0.000580083532316797,,-0.0008092773755049022,,,,,,-0.00047820935825289675,,,,-0.0011689562090626366,,-0.001315075735195466,,-0.001315075735195466,-0.0004125727796691658,,,-0.0003434025658670653,,,0.0010666052045824978,,-0.00048019362944896687,,-0.00039700399553070675,,,-0.0016771980390898698,0.0026913177836558376,,,,,,,,,,,,-0.0002586124713139891
845,2026-07-31,MS,US6174464486,01212401,,0.0010196181911647667,0.0022916171227168516,,-0.0005445960691632988,,,,,,-0.0013859480802060002,,-0.0007301366857867572,,-0.000863631826098515,,-0.0005497703786090309,-0.0007099795380196381,,,-0.0007926483883369932,,,,,,,,,-0.00039295981221460445,,-0.0006747910477970904,,,0.0011630820572583016,,0.0010969352104000098,0.0032599060478084793,,0.0009485792188295165,,-0.0006074890535286143,,-0.0007766890248134296,,-0.00037032532703104327,0.00062051830936837,-0.0002778551373282137,-0.0009076601152721648,,7.358874942304999e-05
846,2026-07-31,MSCI,US55354G1004,17850701,-0.00031619307294317216,-0.0003459691022337848,,-0.00035718106388025003,-0.0005445960691632988,-0.00043343320111311243,,-0.000580083532316797,-0.0016532380671028715,,,0.0023617686672898165,,,,,,-0.0007099795380196381,-0.0030454385446631845,,,,,,,,,,,-0.00039295981221460445,-0.000362211783089831,-0.0006747910477970904,-0.00048019362944896687,,-0.00039700399553070675,,,,0.0026913177836558376,-0.0009524828370140001,-0.001780410226110785,-0.0006074890535286143,,-0.0007766890248134296,-0.0013456588918279188,-0.00037032532703104327,-0.00062051830936837,-0.0002778551373282137,-0.0009076601152721648,,-0.00017505581752960578
847,2026-07-31,MSFT,US5949181045,01214101,-0.00031619307294317216,-0.0003459691022337848,-0.0011869401507405232,-0.00035718106388025003,,-0.00043343320111311243,,-0.000580083532316797,,0.0031705935533479727,,,-0.0007301366857867572,,,0.001881734385320342,,,,0.004538300576360824,,,,,-0.0004125727796691658,,,-0.0003434025658670653,,0.0011630820572583016,,,,,-0.00039700399553070675,,0.0010969352104000098,-0.0016771980390898698,0.0026913177836558376,0.0009485792188295165,,0.0011808843336449082,,,,,,,,,0.00014099106639470498
848,2026-07-31,MSI,US6200763075,00758501,-0.00031619307294317216,-0.0003459691022337848,-0.0011869401507405232,-0.00035718106388025003,-0.0005445960691632988,-0.00043343320111311243,,,,-0.0008092773755049022,,,-0.0007301366857867572,,,-0.00047820935825289675,,,,-0.0011689562090626366,,,,0.001315075735195466,-0.0004125727796691658,,,-0.0003434025658670653,-0.0031277476945189464,-0.00039295981221460445,-0.000362211783089831,,,,-0.00039700399553070675,,,-0.0016771980390898698,-0.0013942971650265183,,,,,,,,,,,0.0010666052045824978,-0.00016943429743361421
849,2026-07-31,MSTR,US5949724083,11153401,,,,,,,,,,-0.0008092773755049022,-0.0013859480802060002,-0.0023861167978804334,-0.0007301366857867572,,,-0.00047820935825289675,,,,-0.0011689562090626366,,-0.001315075735195466,,-0.001315075735195466,-0.0004125727796691658,,,0.0013378805167306475,,-0.00039295981221460445,-0.000362211783089831,,-0.00048019362944896687,,-0.00039700399553070675,,,-0.0016771980390898698,-0.0013942971650265183,0.0009485792188295165,,,,,,,,,,,-0.00039532247160180875
850,2026-07-31,MT,LU1598757687,06524801W,,-0.0003459691022337848,,-0.00035718106388025003,0.0010617125201578075,-0.00043343320111311243,,0.001701862716135309,,,,,-0.0007301366857867572,,-0.000863631826098515,-0.00047820935825289675,-0.0005497703786090309,-0.0007099795380196381,,,,,,,-0.0004125727796691658,,,-0.0003434025658670653,,0.0011630820572583016,0.0010666052045824978,,-0.00048019362944896687,,-0.00039700399553070675,,,,,0.0009485792188295165,,0.0011808843336449082,,,,,0.00062051830936837,-0.0002778551373282137,0.0018082291358937658,,0.0001565196859463841
851,2026-07-31,MTB,US55261F1049,00469901,-0.00031619307294317216,-0.0003459691022337848,-0.0011869401507405232,-0.00035718106388025003,,-0.00043343320111311243,,-0.000580083532316797,0.0005577188660106073,,-0.0013859480802060002,0.0023617686672898165,,,,,,-0.0007099795380196381,0.0010332737919392947,,,,,,,,,,,,,,,,,,,,-0.0013942971650265183,,,,,,,,,,,,5.466601579603427e-05
852,2026-07-31,MTD,US5926881054,06577201,-0.00031619307294317216,-0.0003459691022337848,-0.0011869401507405232,-0.00035718106388025003,-0.0005445960691632988,,,,,0.0031705935533479727,,,,0.0006888491946261965,,0.001881734385320342,-0.0005497703786090309,,,,,0.001315075735195466,,-0.001315075735195466,,,,-0.0003434025658670653,-0.0031277476945189464,-0.00039295981221460445,-0.000362211783089831,-0.0006747910477970904,-0.00048019362944896687,,-0.00039700399553070675,,,,-0.0013942971650265183,-0.0009524828370140001,,-0.0006074890535286143,-0.001361490172908247,-0.0007766890248134296,,-0.00037032532703104327,-0.00062051830936837,-0.0002778551373282137,,,-0.0002215277717777845
853,2026-07-31,MTX,DE000A0D9PT0,27309901W,-0.00031619307294317216,-0.0003459691022337848,,-0.00035718106388025003,,0.001278747676212166,,,,,,,,,,,-0.0005497703786090309,,,,,,,,0.0016185547510098044,,,0.0013378805167306475,,0.0011630820572583016,0.0010666052045824978,,0.0009524828370140001,,,,,,,,,,,,,-0.00037032532703104327,0.00062051830936837,-0.0002778551373282137,,,8.040592327936305e-05
854,2026-07-31,MTZ,US5763231090,00249701,0.0009295314433510121,,,,,,0.0026005992066786745,,,,,,,0.0006888491946261965,,,-0.0005497703786090309,,,,,0.001315075735195466,,0.001315075735195466,-0.0004125727796691658,,,-0.0003434025658670653,0.0030860443919253607,,,,0.0009524828370140001,,-0.00039700399553070675,,-0.0011127563913192406,-0.0016771980390898698,0.0026913177836558376,,,,,-0.0007766890248134296,,-0.00037032532703104327,-0.00062051830936837,-0.0002778551373282137,,,5.168174244098661e-05
855,2026-07-31,MU,US5951121038,00734301,0.0009295314433510121,0.0010196181911647667,0.0022916171227168516,0.0010520605881563728,0.0010617125201578075,0.001278747676212166,0.0026005992066786745,-0.000580083532316797,,0.0031705935533479727,,0.0023617686672898165,0.0014199590760392762,,,0.001881734385320342,,,,0.004538300576360824,,,,,0.0016185547510098044,,,0.0013378805167306475,0.0030860443919253607,-0.00039295981221460445,,,-0.00048019362944896687,,-0.00039700399553070675,,,0.0032599060478084793,0.0026913177836558376,0.0009485792188295165,,0.0011808843336449082,,,,,,,,-0.0010666052045824978,0.00062777853489052
856,2026-07-31,MUV2,DE0008430026,01567701W,-0.00031619307294317216,-0.0003459691022337848,,-0.00035718106388025003,,-0.00043343320111311243,,-0.000580083532316797,0.0005577188660106073,,,,,,-0.000863631826098515,,0.0010866353492694932,-0.0007099795380196381,0.0010332737919392947,,,,,,,,,,,0.0011630820572583016,0.0010666052045824978,-0.0006747910477970904,,0.0026005992066786745,,,,,,,0.001780410226110785,0.0011808843336449082,,0.0015430221959626803,0.0013456588918279188,-0.00037032532703104327,,-0.0002778551373282137,0.0018082291358937658,,0.00023007715926131274
857,2026-07-31,MZTF,IL0006954379,22276501W,,-0.0003459691022337848,,-0.00035718106388025003,,-0.00043343320111311243,,,0.0005577188660106073,,,,,,0.001701862716135309,,,0.002183521975418887,0.0010332737919392947,,0.0015638738472594732,,0.002269150288180412,,,,,,,,-0.000362211783089831,,-0.00048019362944896687,,,,,,,,0.001780410226110785,0.0011808843336449082,,0.0015430221959626803,,,,,0.0018082291358937658,,0.00031076165121029636
858,2026-07-31,NA,CA6330671034,01562001C,-0.00031619307294317216,,,,,-0.00043343320111311243,,-0.000580083532316797,0.0005577188660106073,,-0.0013859480802060002,0.0023617686672898165,,,,,0.0010866353492694932,-0.0007099795380196381,0.0010332737919392947,,,,,,,,,,,,-0.000362211783089831,,-0.00048019362944896687,-0.0013301915482436897,,,,,,,,,,-0.0007766890248134296,,,,,-0.0009076601152721648,0.0010666052045824978,3.5995900354902474e-05
859,2026-07-31,NAB,AU000000NAB4,01480201W,-0.00031619307294317216,-0.0003459691022337848,,-0.00035718106388025003,-0.0005445960691632988,-0.00043343320111311243,,-0.000580083532316797,0.0005577188660106073,,-0.0013859480802060002,-0.0023861167978804334,,,0.001701862716135309,,,0.002183521975418887,0.0010332737919392947,,0.0015638738472594732,,0.002269150288180412,,,,,,,,-0.000362211783089831,,-0.00048019362944896687,-0.0013301915482436897,,,,,,0.0009485792188295165,,-0.0006074890535286143,,,-0.0013456588918279188,,,,,,-6.24041494136885e-05
860,2026-07-31,NBIS,NL0009805522,18711801,,-0.0003459691022337848,-0.0011869401507405232,-0.00035718106388025003,,0.001278747676212166,,-0.000580083532316797,,-0.0008092773755049022,-0.0013859480802060002,0.0023617686672898165,-0.0007301366857867572,,,-0.00047820935825289675,,,,-0.0011689562090626366,,-0.001315075735195466,,-0.001315075735195466,-0.0004125727796691658,,,0.0013378805167306475,,,,,-0.00048019362944896687,,-0.00039700399553070675,,,-0.0016771980390898698,-0.0013942971650265183,,,,,,,,,,,,-0.00013595268623810717
861,2026-07-31,NBIX,US64125C1099,06292101,0.0009295314433510121,0.0010196181911647667,0.0022916171227168516,0.0010520605881563728,0.0010617125201578075,,0.0026005992066786745,,0.0005577188660106073,-0.0008092773755049022,,,,0.0006888491946261965,-0.000863631826098515,-0.00047820935825289675,-0.0005497703786090309,,,,,,-0.0023145332939440203,,,,,0.0013378805167306475,,0.0011630820572583016,0.0010666052045824978,0.002630151470390932,,,0.0011630820572583016,0.0031277476945189464,0.0010969352104000098,,,-0.0009524828370140001,,0.0011808843336449082,,,,-0.00037032532703104327,0.00062051830936837,0.0010917609877094435,-0.0009076601152721648,-0.0010666052045824978,0.00028920752780444537
862,2026-07-31,NDA SE,FI4000297767,21488101W,,-0.0003459691022337848,,-0.00035718106388025003,-0.0005445960691632988,-0.00043343320111311243,,-0.000580083532316797,0.0005577188660106073,,0.001377698389252393,0.0023617686672898165,,,,,,0.002183521975418887,0.0010332737919392947,,0.0015638738472594732,,0.002269150288180412,,,,,,,,-0.000362211783089831,,-0.00048019362944896687,-0.0013301915482436897,,,,,,0.0009485792188295165,,,,,,,,,0.0018082291358937658,0.0010666052045824978,0.00034286874513756956
863,2026-07-31,NDAQ,US6311031081,14933701,-0.00031619307294317216,-0.0003459691022337848,,-0.00035718106388025003,,-0.00043343320111311243,,-0.000580083532316797,-0.0016532380671028715,,,0.0023617686672898165,0.0014199590760392762,,-0.000863631826098515,,,-0.0007099795380196381,,,,,,,,,,,,-0.00039295981221460445,,-0.0006747910477970904,-0.00048019362944896687,,-0.00039700399553070675,,,,0.0026913177836558376,-0.0009524828370140001,-0.001780410226110785,-0.0006074890535286143,,-0.0007766890248134296,,-0.00037032532703104327,-0.00062051830936837,-0.0002778551373282137,-0.0009076601152721648,-0.0010666052045824978,-0.00010313252793399455
864,2026-07-31,NDSN,US6556631025,00792101,-0.00031619307294317216,-0.0003459691022337848,-0.0011869401507405232,-0.00035718106388025003,,-0.00043343320111311243,,,0.0005577188660106073,,,,,0.0006888491946261965,,,0.0010866353492694932,,,,,-0.001315075735195466,,-0.001315075735195466,-0.0004125727796691658,,,0.0013378805167306475,,,-0.000362211783089831,,,,0.0011630820572583016,,0.0010969352104000098,0.0032599060478084793,0.0026913177836558376,-0.0009524828370140001,,,-0.001361490172908247,-0.0007766890248134296,-0.0013456588918279188,-0.00037032532703104327,-0.00062051830936837,-0.0002778551373282137,,-0.0010666052045824978,-2.859766580559052e-05
865,2026-07-31,NEE,US65339F1012,00451701,-0.00031619307294317216,,0.0022916171227168516,,-0.0005445960691632988,,-0.002630151470390932,,0.0005577188660106073,,,,,0.0006888491946261965,,-0.00047820935825289675,-0.0005497703786090309,,,,,-0.001315075735195466,,-0.001315075735195466,-0.0004125727796691658,-0.005645203155961025,,,,0.0011630820572583016,,-0.0006747910477970904,,,,,,,,0.0009485792188295165,-0.001780410226110785,,,-0.0007766890248134296,-0.0013456588918279188,-0.00037032532703104327,-0.00062051830936837,-0.0002778551373282137,-0.0009076601152721648,,-0.0003212804501270321
866,2026-07-31,NEM,DE0006452907,22862301W,-0.00031619307294317216,-0.0003459691022337848,,-0.00035718106388025003,,-0.00043343320111311243,,-0.000580083532316797,,-0.0008092773755049022,0.001377698389252393,,,,,-0.00047820935825289675,,,,-0.0011689562090626366,,,,,-0.0004125727796691658,,,-0.0003434025658670653,,,,,,,-0.00039700399553070675,,,,,-0.0009524828370140001,,,,,,,,,,,-9.673080710733931e-05
867,2026-07-31,NEM,US6516391066,00788101,,,,0.0010520605881563728,0.0010617125201578075,0.001278747676212166,,0.001701862716135309,,,0.001377698389252393,,,,0.001701862716135309,0.001881734385320342,0.0010866353492694932,0.002183521975418887,,,0.0015638738472594732,,,,0.0016185547510098044,,,0.0013378805167306475,0.0030860443919253607,,0.0010666052045824978,,,,0.0011630820572583016,,0.0010969352104000098,0.0032599060478084793,0.0026913177836558376,0.0009485792188295165,0.001780410226110785,0.0011808843336449082,,,,0.0010917609877094435,0.00062051830936837,0.0010917609877094435,-0.0009076601152721648,,0.0007078631423425782
868,2026-07-31,NESN,CH0038863350,01660301W,,,,,-0.0005445960691632988,,,,,,,,,,-0.000863631826098515,-0.00047820935825289675,,,-0.0030454385446631845,,-0.0007926483883369932,,0.002269150288180412,,,,,-0.0003434025658670653,,-0.00039295981221460445,-0.000362211783089831,,-0.00048019362944896687,,-0.00039700399553070675,,,,,0.0009485792188295165,,-0.0006074890535286143,,-0.0007766890248134296,,-0.00037032532703104327,-0.00062051830936837,-0.0002778551373282137,,,-0.00015599271269170248
869,2026-07-31,NESTE,FI0009013296,27274601W,-0.00031619307294317216,,,,-0.0005445960691632988,-0.00043343320111311243,,0.001701862716135309,0.0005577188660106073,,0.001377698389252393,,-0.0007301366857867572,0.0006888491946261965,,,,,-0.0030454385446631845,,,0.001315075735195466,,,0.0016185547510098044,,,,,,,,,,0.0011630820572583016,,0.0010969352104000098,,,,,-0.0006074890535286143,,,,-0.00037032532703104327,0.00062051830936837,0.0010917609877094435,-0.0009076601152721648,,0.0001097380894816371
870,2026-07-31,NET,US18915M1071,03560401,-0.00031619307294317216,,-0.0011869401507405232,-0.00035718106388025003,-0.0005445960691632988,-0.00043343320111311243,-0.002630151470390932,-0.000580083532316797,,-0.0008092773755049022,,,-0.0007301366857867572,,,-0.00047820935825289675,,,,-0.0011689562090626366,,,,,-0.0004125727796691658,,,-0.0003434025658670653,-0.0031277476945189464,-0.00039295981221460445,-0.000362211783089831,,-0.00048019362944896687,,-0.00039700399553070675,,,,,,,-0.0006074890535286143,,,,,,,,0.0010666052045824978,-0.00026422435210968085
871,2026-07-31,NFLX,US64110L1061,14757901,-0.00031619307294317216,0.0010196181911647667,0.0022916171227168516,0.0010520605881563728,,-0.00043343320111311243,,-0.000580083532316797,,,0.001377698389252393,,,,-0.000863631826098515,,-0.0005497703786090309,,,,,,,,,0.005143407319875601,,,,,,,,,,,,,,,,,,,,-0.00037032532703104327,-0.00062051830936837,-0.0002778551373282137,,,-4.061983324126702e-06
872,2026-07-31,NG.,GB00BDR05C01,21181901W,-0.00031619307294317216,,,,0.0010617125201578075,,,-0.000580083532316797,,,,-0.0023861167978804334,,,,-0.00047820935825289675,0.0010866353492694932,,,,,,,-0.001315075735195466,0.0016185547510098044,,,,,,,-0.0006747910477970904,-0.00048019362944896687,,,,,,,0.0009485792188295165,,0.0011808843336449082,,,,,,-0.0002778551373282137,,,-0.00017053328719760787
873,2026-07-31,NHY,NO0005052605,01238301W,0.0009295314433510121,0.0010196181911647667,,0.0010520605881563728,0.0010617125201578075,-0.00043343320111311243,,0.001701862716135309,,,,,-0.0007301366857867572,,0.001701862716135309,-0.00047820935825289675,-0.0005497703786090309,-0.0007099795380196381,,,,,,,-0.0004125727796691658,,,-0.0003434025658670653,,-0.00039295981221460445,-0.000362211783089831,,-0.00048019362944896687,,-0.00039700399553070675,,-0.0011127563913192406,,,,,0.0011808843336449082,,,,,0.00062051830936837,-0.0002778551373282137,0.0018082291358937658,,0.0001099839790547589
874,2026-07-31,NI,US65473P1057,00797401,,-0.0003459691022337848,,-0.00035718106388025003,,,,,,,,-0.0023861167978804334,,,,-0.00047820935825289675,-0.0005497703786090309,,,,,,,,-0.0004125727796691658,0.005143407319875601,,,,,,-0.0006747910477970904,,,,,,,,,,,,-0.0007766890248134296,,-0.00037032532703104327,-0.00062051830936837,-0.0002778551373282137,-0.0009076601152721648,,-0.00026572203788775427
875,2026-07-31,NIBE B,SE0015988019,23424601W,,-0.0003459691022337848,,-0.00035718106388025003,,-0.00043343320111311243,,,0.0005577188660106073,,,,,0.0006888491946261965,,,,,,,,,,,0.0016185547510098044,,,0.0013378805167306475,,-0.00039295981221460445,-0.000362211783089831,,-0.00048019362944896687,,0.0011630820572583016,,,,,-0.0009524828370140001,,,,-0.0007766890248134296,,,0.00062051830936837,0.0010917609877094435,,,4.605381936971217e-05
876,2026-07-31,NKE,US6541061031,00790601,-0.00031619307294317216,-0.0003459691022337848,-0.0011869401507405232,-0.00035718106388025003,,,,,,-0.0008092773755049022,,-0.0023861167978804334,-0.0007301366857867572,,-0.000863631826098515,-0.00047820935825289675,-0.0005497703786090309,-0.0007099795380196381,,-0.0011689562090626366,-0.0007926483883369932,,,,-0.0004125727796691658,,-0.005645203155961025,-0.0003434025658670653,,-0.00039295981221460445,-0.000362211783089831,-0.0006747910477970904,-0.00048019362944896687,,-0.00039700399553070675,-0.0031277476945189464,-0.0011127563913192406,-0.0016771980390898698,,,,,,,,-0.00037032532703104327,,-0.0002778551373282137,,,-0.0005780362489144589
877,2026-07-31,NLY,US0357108390,06555601,,,,,-0.0005445960691632988,-0.00043343320111311243,-0.002630151470390932,-0.000580083532316797,0.0005577188660106073,,,,,,-0.000863631826098515,,-0.0005497703786090309,-0.0007099795380196381,,,,,,,,,,,,,0.0010666052045824978,,,-0.0013301915482436897,-0.00039700399553070675,,-0.0011127563913192406,-0.0016771980390898698,,,0.001780410226110785,0.0011808843336449082,,0.0015430221959626803,,-0.00037032532703104327,-0.00062051830936837,-0.0002778551373282137,0.0018082291358937658,,-0.00013242405943248448
878,2026-07-31,NN,NL0010773842,26084001W,-0.00031619307294317216,-0.0003459691022337848,,-0.00035718106388025003,-0.0005445960691632988,-0.00043343320111311243,,-0.000580083532316797,,,0.001377698389252393,-0.0023861167978804334,,,-0.000863631826098515,,0.0010866353492694932,-0.0007099795380196381,0.0010332737919392947,,-0.0007926483883369932,,-0.0023145332939440203,,,,,,,-0.00039295981221460445,-0.000362211783089831,-0.0006747910477970904,0.0009524828370140001,0.0026005992066786745,-0.00039700399553070675,,-0.0011127563913192406,,,,,-0.0006074890535286143,,-0.0007766890248134296,0.0013456588918279188,,-0.00062051830936837,0.0010917609877094435,,,-0.0001538680030526819
879,2026-07-31,NOC,US6668071029,00798501,-0.00031619307294317216,-0.0003459691022337848,-0.0011869401507405232,-0.00035718106388025003,-0.0005445960691632988,-0.00043343320111311243,-0.002630151470390932,,0.0005577188660106073,,,,,0.0006888491946261965,,,,,,,,,,,0.0016185547510098044,,,0.0013378805167306475,,0.0011630820572583016,0.0010666052045824978,,,,0.0011630820572583016,,0.0010969352104000098,,0.0026913177836558376,0.0009485792188295165,,,,0.0015430221959626803,,-0.00037032532703104327,-0.00062051830936837,-0.0002778551373282137,,,3.1062698671979776e-05
880,2026-07-31,NOKIA,FI0009000681,02367102W,-0.00031619307294317216,-0.0003459691022337848,,-0.00035718106388025003,-0.0005445960691632988,-0.00043343320111311243,,-0.000580083532316797,,-0.0008092773755049022,-0.0013859480802060002,0.0023617686672898165,,,,-0.00047820935825289675,,,,-0.0011689562090626366,,,,,-0.0004125727796691658,,,-0.0003434025658670653,,-0.00039295981221460445,-0.000362211783089831,,-0.00048019362944896687,,-0.00039700399553070675,,-0.0011127563913192406,,,0.0009485792188295165,,-0.0006074890535286143,,,,,,,,,-6.763496320362906e-05
881,2026-07-31,NOVN,CH0012005267,10131001W,,-0.0003459691022337848,,-0.00035718106388025003,-0.0005445960691632988,,,,0.0005577188660106073,-0.0008092773755049022,,,,0.0006888491946261965,-0.000863631826098515,0.001881734385320342,-0.0005497703786090309,,,,0.0015638738472594732,,0.002269150288180412,,,,,-0.0003434025658670653,,-0.00039295981221460445,-0.000362211783089831,0.002630151470390932,,,-0.00039700399553070675,,,,,0.0009485792188295165,,,,,,-0.00037032532703104327,-0.00062051830936837,0.0010917609877094435,,0.0010666052045824978,0.00017680833729501958
882,2026-07-31,NOVO B,DK0062498333,00802002W,-0.00031619307294317216,0.0010196181911647667,,0.0010520605881563728,-0.0005445960691632988,,,,-0.0016532380671028715,0.0031705935533479727,,,,-0.00204825955216285,-0.000863631826098515,0.001881734385320342,-0.0005497703786090309,,,,0.0015638738472594732,0.001315075735195466,0.002269150288180412,,,,,-0.0003434025658670653,,,,0.002630151470390932,,,-0.00039700399553070675,,-0.0011127563913192406,,,,0.001780410226110785,,,0.0015430221959626803,,,-0.00062051830936837,-0.0002778551373282137,0.0018082291358937658,,0.00024365895485085702
883,2026-07-31,NOW,US81762P1021,17100701,-0.00031619307294317216,-0.0003459691022337848,-0.0011869401507405232,-0.00035718106388025003,,-0.00043343320111311243,,-0.000580083532316797,,-0.0008092773755049022,,,-0.0007301366857867572,,,-0.00047820935825289675,,,,-0.0011689562090626366,,,,,0.0016185547510098044,,,-0.0003434025658670653,,-0.00039295981221460445,-0.000362211783089831,,,,,,,,,,,,,,,,,,,,-0.00012163096059575164
884,2026-07-31,NRG,US6293775085,13599003,0.0009295314433510121,,0.0022916171227168516,,0.0010617125201578075,,0.0026005992066786745,-0.000580083532316797,0.0005577188660106073,,0.001377698389252393,,,0.0006888491946261965,,-0.00047820935825289675,-0.0005497703786090309,,,,,0.001315075735195466,,0.001315075735195466,-0.0004125727796691658,-0.005645203155961025,,,-0.0031277476945189464,-0.00039295981221460445,,0.002630151470390932,0.0009524828370140001,,,,,-0.0016771980390898698,,,-0.001780410226110785,-0.0006074890535286143,0.0013535282420725264,-0.0007766890248134296,0.0013456588918279188,-0.00037032532703104327,-0.00062051830936837,-0.0002778551373282137,-0.0009076601152721648,0.0010666052045824978,8.284922756895323e-05
885,2026-07-31,NSC,US6558441084,00792301,-0.00031619307294317216,-0.0003459691022337848,,-0.00035718106388025003,-0.0005445960691632988,-0.00043343320111311243,-0.002630151470390932,,,,,,-0.0007301366857867572,-0.00204825955216285,,,,,,,,-0.001315075735195466,,-0.001315075735195466,-0.0004125727796691658,,,-0.0003434025658670653,,-0.00039295981221460445,-0.000362211783089831,,-0.00048019362944896687,,-0.00039700399553070675,,,-0.0016771980390898698,,,,-0.0006074890535286143,-0.001361490172908247,,-0.0013456588918279188,-0.00037032532703104327,-0.00062051830936837,-0.0002778551373282137,,,-0.00035782122947333804
886,2026-07-31,NSIS B,DK0060336014,24133601W,-0.00031619307294317216,-0.0003459691022337848,,-0.00035718106388025003,-0.0005445960691632988,-0.00043343320111311243,,,,,-0.0013859480802060002,,-0.0007301366857867572,,-0.000863631826098515,-0.00047820935825289675,-0.0005497703786090309,-0.0007099795380196381,,,-0.0007926483883369932,,,,-0.0004125727796691658,,,-0.0003434025658670653,,-0.00039295981221460445,-0.000362211783089831,,-0.00048019362944896687,,-0.00039700399553070675,,,,,,-0.001780410226110785,-0.0006074890535286143,,,,-0.00037032532703104327,-0.00062051830936837,-0.0002778551373282137,-0.0009076601152721648,,-0.00028996627031450885
887,2026-07-31,NST,AU000000NST8,25962501W,-0.00031619307294317216,-0.0003459691022337848,,-0.00035718106388025003,0.0010617125201578075,,,-0.000580083532316797,,,0.001377698389252393,,-0.0007301366857867572,,-0.000863631826098515,-0.00047820935825289675,-0.0005497703786090309,-0.0007099795380196381,,,0.0015638738472594732,,,,0.0016185547510098044,,,-0.0003434025658670653,,,,,-0.00048019362944896687,,-0.00039700399553070675,,-0.0011127563913192406,,,,,0.0011808843336449082,,,,,-0.00062051830936837,-0.0002778551373282137,,,-6.705432320712705e-05
888,2026-07-31,NTAP,US64110D1046,06159101,,-0.0003459691022337848,,0.0010520605881563728,-0.0005445960691632988,,,0.001701862716135309,,-0.0008092773755049022,,,-0.0007301366857867572,,,0.001881734385320342,,,,-0.0011689562090626366,,0.001315075735195466,,0.001315075735195466,-0.0004125727796691658,,,-0.0003434025658670653,,-0.00039295981221460445,-0.000362211783089831,,,,0.0011630820572583016,,0.0010969352104000098,,-0.0013942971650265183,,,,,,,,,,,0.0010666052045824978,0.00022584488800403595
889,2026-07-31,NTGY,ES0116870314,22058601W,0.0009295314433510121,0.0010196181911647667,,0.0010520605881563728,-0.0005445960691632988,,,,0.0005577188660106073,,,0.0023617686672898165,,0.0006888491946261965,,0.001881734385320342,0.0010866353492694932,,,,,0.001315075735195466,,0.001315075735195466,-0.0004125727796691658,,,,,,,-0.0006747910477970904,,0.0026005992066786745,,,,,,,0.001780410226110785,-0.0006074890535286143,,0.0015430221959626803,0.0013456588918279188,0.0010917609877094435,0.00062051830936837,0.0010917609877094435,0.0018082291358937658,,0.0005763247796238342
890,2026-07-31,NTR,CA67077M1086,01658201C,0.0009295314433510121,0.0010196181911647667,,0.0010520605881563728,,-0.00043343320111311243,,-0.000580083532316797,,,-0.0013859480802060002,,,,,-0.00047820935825289675,,-0.0007099795380196381,,,-0.0007926483883369932,,,,-0.0004125727796691658,,-0.005645203155961025,-0.0003434025658670653,,0.0011630820572583016,0.0010666052045824978,,0.0009524828370140001,,0.0011630820572583016,,0.0010969352104000098,,,0.0009485792188295165,0.001780410226110785,,,,,,-0.00062051830936837,-0.0002778551373282137,0.0018082291358937658,,0.00010418593454165688
891,2026-07-31,NTRA,US6323071042,02417601,0.0009295314433510121,0.0010196181911647667,,,,,,,-0.0016532380671028715,-0.0008092773755049022,,,,0.0006888491946261965,0.001701862716135309,-0.00047820935825289675,0.0010866353492694932,,,,,0.001315075735195466,,,,,,-0.0003434025658670653,,-0.00039295981221460445,-0.000362211783089831,-0.0006747910477970904,-0.00048019362944896687,,-0.00039700399553070675,,,,0.0026913177836558376,-0.0009524828370140001,-0.001780410226110785,,-0.001361490172908247,-0.0007766890248134296,-0.0013456588918279188,-0.00037032532703104327,,-0.0002778551373282137,-0.0009076601152721648,,-0.00014152402565200244
892,2026-07-31,NTRS,US6658591044,00798201,0.0009295314433510121,0.0010196181911647667,0.0022916171227168516,0.0010520605881563728,,,,0.001701862716135309,0.0005577188660106073,,-0.0013859480802060002,,,,,,0.0010866353492694932,-0.0007099795380196381,0.0010332737919392947,,,,,,,,,,,-0.00039295981221460445,-0.000362211783089831,-0.0006747910477970904,-0.00048019362944896687,-0.0013301915482436897,-0.00039700399553070675,,-0.0011127563913192406,-0.0016771980390898698,,,,,,-0.0007766890248134296,,-0.00037032532703104327,-0.00062051830936837,-0.0002778551373282137,-0.0009076601152721648,,-0.00011126959777436135
893,2026-07-31,NUE,US6703461052,00803001,0.0009295314433510121,0.0010196181911647667,0.0022916171227168516,0.0010520605881563728,,,,0.001701862716135309,,,,,,,,-0.00047820935825289675,-0.0005497703786090309,-0.0007099795380196381,,,,,,,-0.0004125727796691658,,,0.0013378805167306475,0.0030860443919253607,,,,0.0009524828370140001,,-0.00039700399553070675,,,-0.0016771980390898698,,,,,,,,-0.00037032532703104327,,-0.0002778551373282137,0.0018082291358937658,,0.00013162965434656624
894,2026-07-31,NVDA,US67066G1040,11776801,0.0009295314433510121,,0.0022916171227168516,0.0010520605881563728,0.0010617125201578075,-0.00043343320111311243,0.0026005992066786745,-0.000580083532316797,,0.0031705935533479727,,,-0.0007301366857867572,,,0.001881734385320342,,,,0.004538300576360824,,0.001315075735195466,,,-0.0004125727796691658,,,-0.0003434025658670653,-0.0031277476945189464,0.0011630820572583016,,,,,,,,0.0032599060478084793,0.0026913177836558376,0.0009485792188295165,,0.0011808843336449082,,,,,,,,-0.0010666052045824978,0.00042796790876572924
895,2026-07-31,NVMI,IL0010845571,13390501W,,,,,,,,,,-0.0008092773755049022,,,,,,-0.00047820935825289675,,,,-0.0011689562090626366,,-0.001315075735195466,,,-0.0004125727796691658,,,-0.0003434025658670653,,-0.00039295981221460445,-0.000362211783089831,,-0.00048019362944896687,,-0.00039700399553070675,,-0.0011127563913192406,,,-0.0009524828370140001,,,,,,,,,,,-0.00018506441454936565
896,2026-07-31,NVR,US62944T1051,01245901,-0.00031619307294317216,-0.0003459691022337848,-0.0011869401507405232,-0.00035718106388025003,-0.0005445960691632988,-0.00043343320111311243,-0.002630151470390932,-0.000580083532316797,,0.0031705935533479727,0.001377698389252393,,-0.0007301366857867572,,,-0.00047820935825289675,,-0.0007099795380196381,,0.004538300576360824,-0.0007926483883369932,,,,-0.0004125727796691658,-0.005645203155961025,-0.005645203155961025,-0.0003434025658670653,,-0.00039295981221460445,-0.000362211783089831,-0.0006747910477970904,-0.00048019362944896687,,-0.00039700399553070675,-0.0031277476945189464,,-0.0016771980390898698,,-0.0009524828370140001,,,,,,,,0.0010917609877094435,,-0.0010666052045824978,-0.00029144012607538214
897,2026-07-31,NWG,GB00BM8PJY71,01563402W,0.0009295314433510121,,,,,0.001278747676212166,,0.001701862716135309,0.0005577188660106073,,0.001377698389252393,-0.0023861167978804334,,,,,,0.002183521975418887,0.0010332737919392947,,0.0015638738472594732,,0.002269150288180412,,,,,,,,,,,0.0026005992066786745,,,,,,0.0009485792188295165,0.001780410226110785,0.0011808843336449082,0.0013535282420725264,0.0015430221959626803,,,,,,,0.00034211419347510705
898,2026-07-31,NWSA,US65249B1098,01804301,,-0.0003459691022337848,,-0.00035718106388025003,,-0.00043343320111311243,,-0.000580083532316797,,,,0.0023617686672898165,,,,,,,,,,,,,,,,,,,-0.000362211783089831,,,,,,,,,,,,,,,-0.00037032532703104327,0.00062051830936837,-0.0002778551373282137,,,8.394466717165915e-05
899,2026-07-31,NXPI,NL0009538784,18472501,,,0.0022916171227168516,0.0010520605881563728,,-0.00043343320111311243,,-0.000580083532316797,,-0.0008092773755049022,0.001377698389252393,-0.0023861167978804334,-0.0007301366857867572,,,-0.00047820935825289675,,,,-0.0011689562090626366,,,,,-0.0004125727796691658,,,0.0013378805167306475,-0.0031277476945189464,-0.00039295981221460445,-0.000362211783089831,,-0.00048019362944896687,,0.0011630820572583016,,,,,,,,,,,,,,,,-0.00017787556639689304
900,2026-07-31,NXT,GB0032089863,10014901W,,-0.0003459691022337848,,,-0.0005445960691632988,,,-0.000580083532316797,,0.0031705935533479727,-0.0013859480802060002,,0.0014199590760392762,,-0.000863631826098515,0.001881734385320342,0.0010866353492694932,-0.0007099795380196381,,0.004538300576360824,-0.0007926483883369932,0.001315075735195466,,,-0.0004125727796691658,,,-0.0003434025658670653,,,0.0010666052045824978,-0.0006747910477970904,,,-0.00039700399553070675,,,,,-0.0009524828370140001,,,,,,-0.00037032532703104327,,-0.0002778551373282137,,,8.774462448843635e-05
901,2026-07-31,O,US7561091049,03082201,-0.00031619307294317216,,,,,,,,,,,,,,,,-0.0005497703786090309,,,,-0.0007926483883369932,,,,,,,0.0013378805167306475,,,,,,-0.0013301915482436897,,,0.0010969352104000098,,,0.0009485792188295165,-0.001780410226110785,-0.0006074890535286143,,,,,-0.00062051830936837,-0.0002778551373282137,,,-7.186076732773718e-05
902,2026-07-31,O39,SG1S04926220,01575301W,-0.00031619307294317216,-0.0003459691022337848,,-0.00035718106388025003,-0.0005445960691632988,-0.00043343320111311243,,-0.000580083532316797,0.0005577188660106073,,,,,,0.001701862716135309,,,-0.0007099795380196381,0.0010332737919392947,,0.0015638738472594732,,0.002269150288180412,,,,,,,,-0.000362211783089831,,-0.00048019362944896687,,,,,,,,,-0.0006074890535286143,,,-0.0013456588918279188,,,,,,3.0133061003886764e-05
903,2026-07-31,ODFL,US6795801009,02461701,,0.0010196181911647667,0.0022916171227168516,0.0010520605881563728,-0.0005445960691632988,-0.00043343320111311243,,,-0.0016532380671028715,,,,,,,,,,,,,,,,-0.0004125727796691658,,,-0.0003434025658670653,-0.0031277476945189464,-0.00039295981221460445,-0.000362211783089831,,-0.00048019362944896687,,-0.00039700399553070675,,,,-0.0013942971650265183,-0.0009524828370140001,,-0.0006074890535286143,-0.001361490172908247,-0.0007766890248134296,-0.0013456588918279188,-0.00037032532703104327,-0.00062051830936837,-0.0002778551373282137,,-0.0010666052045824978,-0.00020111813435386933
904,2026-07-31,OKE,US6826801036,00815101,-0.00031619307294317216,,-0.0011869401507405232,-0.00035718106388025003,-0.0005445960691632988,-0.00043343320111311243,-0.002630151470390932,-0.000580083532316797,0.0005577188660106073,,0.001377698389252393,,0.0014199590760392762,0.0006888491946261965,,,-0.0005497703786090309,,0.0010332737919392947,,,,,,-0.0004125727796691658,,,-0.0003434025658670653,,,,,,,-0.00039700399553070675,,,,-0.0013942971650265183,,,,,,,-0.00037032532703104327,-0.00062051830936837,-0.0002778551373282137,-0.0009076601152721648,,-0.0002027242735107565
905,2026-07-31,OKTA,US6792951054,03073601,-0.00031619307294317216,-0.0003459691022337848,-0.0011869401507405232,-0.00035718106388025003,,-0.00043343320111311243,,,,-0.0008092773755049022,,,-0.0007301366857867572,,,-0.00047820935825289675,,,,-0.0011689562090626366,,-0.001315075735195466,,-0.001315075735195466,0.0016185547510098044,,,-0.0003434025658670653,,-0.00039295981221460445,,,-0.00048019362944896687,,-0.00039700399553070675,,,-0.0016771980390898698,-0.0013942971650265183,,,-0.0006074890535286143,,,,,,,,-0.0010666052045824978,-0.0003253055874904622
906,2026-07-31,OMC,US6819191064,00406601,-0.00031619307294317216,-0.0003459691022337848,-0.0011869401507405232,-0.00035718106388025003,0.0010617125201578075,,0.0026005992066786745,-0.000580083532316797,,,-0.0013859480802060002,0.0023617686672898165,,,,,0.0010866353492694932,,,,0.0015638738472594732,,,,,,,,,,-0.000362211783089831,,-0.00048019362944896687,,,,,,-0.0013942971650265183,,,,,,,,0.00062051830936837,0.0010917609877094435,,,0.0002478789245744505
907,2026-07-31,OMV,AT0000743059,10279802W,0.0009295314433510121,,,0.0010520605881563728,,-0.00043343320111311243,,0.001701862716135309,,,,,0.0014199590760392762,,,,-0.0005497703786090309,,0.0010332737919392947,,,,,,-0.0004125727796691658,,,-0.0003434025658670653,,,,,,,-0.00039700399553070675,,,,,,,,0.0013535282420725264,,,0.0010917609877094435,0.00062051830936837,-0.0002778551373282137,0.0018082291358937658,,0.00021682736433206585
908,2026-07-31,ON,US6821891057,13493201,,,,,,-0.00043343320111311243,,-0.000580083532316797,,-0.0008092773755049022,,,-0.0007301366857867572,,,-0.00047820935825289675,,,,-0.0011689562090626366,,,,,-0.0004125727796691658,,,-0.0003434025658670653,,-0.00039295981221460445,-0.000362211783089831,,-0.00048019362944896687,,-0.00039700399553070675,,-0.0011127563913192406,-0.0016771980390898698,,,,,,,,,,,,,-0.00023664839633550036
909,2026-07-31,OPCE,IL0011415713,32523701W,,,,,,,,,0.0005577188660106073,,,,,0.0006888491946261965,,-0.00047820935825289675,-0.0005497703786090309,,,,,,,,-0.0004125727796691658,,,,,-0.00039295981221460445,,-0.0006747910477970904,,,,,,,,-0.0009524828370140001,-0.001780410226110785,,-0.001361490172908247,-0.0007766890248134296,-0.0013456588918279188,-0.00037032532703104327,0.00062051830936837,-0.0002778551373282137,-0.0009076601152721648,-0.0010666052045824978,-0.00021845922570084932
910,2026-07-31,OR,FR0000120321,10058103W,,,,,-0.0005445960691632988,,,,,,,,,0.0006888491946261965,-0.000863631826098515,-0.00047820935825289675,,,0.0010332737919392947,,,,-0.0023145332939440203,,,,,-0.0003434025658670653,,-0.00039295981221460445,-0.000362211783089831,,-0.00048019362944896687,,-0.00039700399553070675,,,,,0.0009485792188295165,,-0.0006074890535286143,-0.001361490172908247,-0.0007766890248134296,-0.0013456588918279188,-0.00037032532703104327,,-0.0002778551373282137,-0.0009076601152721648,-0.0010666052045824978,-0.00027685677528107406
911,2026-07-31,ORA,FR0000133308,22094001W,-0.00031619307294317216,-0.0003459691022337848,,-0.00035718106388025003,0.0010617125201578075,-0.00043343320111311243,,-0.000580083532316797,,,,0.0023617686672898165,,,,,,,,,-0.0007926483883369932,,,,,,,,,,-0.000362211783089831,,-0.00048019362944896687,,,,,,,,,,,,,0.0010917609877094435,0.00062051830936837,-0.0002778551373282137,,,0.0001175737002713176
912,2026-07-31,ORCL,US68389X1054,01214201,-0.00031619307294317216,-0.0003459691022337848,-0.0011869401507405232,-0.00035718106388025003,0.0010617125201578075,-0.00043343320111311243,0.0026005992066786745,-0.000580083532316797,,-0.0008092773755049022,,-0.0023861167978804334,,,,-0.00047820935825289675,,,,-0.0011689562090626366,,-0.001315075735195466,,0.001315075735195466,-0.0004125727796691658,,,0.0013378805167306475,-0.0031277476945189464,-0.00039295981221460445,-0.000362211783089831,,-0.00048019362944896687,,-0.00039700399553070675,,,-0.0016771980390898698,,0.0009485792188295165,,0.0011808843336449082,,,,,,,,0.0010666052045824978,-0.00020836877379978543
913,2026-07-31,ORG,AU000000ORG5,01752501W,0.0009295314433510121,-0.0003459691022337848,,-0.00035718106388025003,-0.0005445960691632988,,,-0.000580083532316797,0.0005577188660106073,,,-0.0023861167978804334,,0.0006888491946261965,,-0.00047820935825289675,,,,,,0.001315075735195466,,0.001315075735195466,-0.0004125727796691658,,,,,-0.00039295981221460445,,0.002630151470390932,-0.00048019362944896687,,,,,,,-0.0009524828370140001,,-0.0006074890535286143,,,0.0013456588918279188,-0.00037032532703104327,0.00062051830936837,-0.0002778551373282137,-0.0009076601152721648,-0.0010666052045824978,-0.00011853507533847094
914,2026-07-31,ORK,NO0003733800,10091303W,-0.00031619307294317216,-0.0003459691022337848,,,,,,,,,,,,0.0006888491946261965,,-0.00047820935825289675,,,0.0010332737919392947,,-0.0007926483883369932,,,,,,,-0.0003434025658670653,,,,,,,-0.00039700399553070675,0.0031277476945189464,,,,-0.0009524828370140001,,,,,,,,0.0010917609877094435,,-0.0010666052045824978,7.023741447481775e-05
915,2026-07-31,ORLY,US67103H1077,02818001,,,,,,-0.00043343320111311243,,-0.000580083532316797,,0.0031705935533479727,,,-0.0007301366857867572,,,0.001881734385320342,-0.0005497703786090309,-0.0007099795380196381,,0.004538300576360824,0.0015638738472594732,0.001315075735195466,0.002269150288180412,-0.001315075735195466,-0.0004125727796691658,,,-0.0003434025658670653,,-0.00039295981221460445,,-0.0006747910477970904,,,-0.00039700399553070675,,,-0.0016771980390898698,,,,,,,,-0.00037032532703104327,,-0.0002778551373282137,,,8.551779087622223e-05
916,2026-07-31,ORNBV,FI0009014377,21145302W,0.0009295314433510121,0.0010196181911647667,,0.0010520605881563728,0.0010617125201578075,,,,-0.0016532380671028715,0.0031705935533479727,,,,0.0006888491946261965,-0.000863631826098515,0.001881734385320342,-0.0005497703786090309,,,,-0.0007926483883369932,0.001315075735195466,,0.001315075735195466,,,,0.0013378805167306475,,0.0011630820572583016,0.0010666052045824978,-0.0006747910477970904,,,-0.00039700399553070675,-0.0031277476945189464,,,,-0.0009524828370140001,,0.0011808843336449082,,,,-0.00037032532703104327,-0.00062051830936837,-0.0002778551373282137,,,4.6190596035101025e-05
917,2026-07-31,ORSTED,DK0060094928,23264602W,0.0009295314433510121,-0.0003459691022337848,,-0.00035718106388025003,0.0010617125201578075,,,-0.000580083532316797,-0.0016532380671028715,,,0.0023617686672898165,,-0.00204825955216285,,-0.00047820935825289675,-0.0005497703786090309,,,,,,,,-0.0004125727796691658,,,,,-0.00039295981221460445,,-0.0006747910477970904,-0.00048019362944896687,-0.0013301915482436897,,,,,,,0.001780410226110785,-0.0006074890535286143,,-0.0007766890248134296,,0.0010917609877094435,0.00062051830936837,-0.0002778551373282137,,-0.0010666052045824978,3.174399152306446e-05
918,2026-07-31,OTIS,US68902V1070,03619001,-0.00031619307294317216,-0.0003459691022337848,-0.0011869401507405232,-0.00035718106388025003,-0.0005445960691632988,-0.00043343320111311243,-0.002630151470390932,,0.0005577188660106073,,,,-0.0007301366857867572,0.0006888491946261965,,,0.0010866353492694932,,,,,0.001315075735195466,,-0.001315075735195466,-0.0004125727796691658,,,-0.0003434025658670653,0.0030860443919253607,-0.00039295981221460445,-0.000362211783089831,,,,,,,,0.0026913177836558376,,,,,,,-0.00037032532703104327,-0.00062051830936837,-0.0002778551373282137,,,-8.765584745593221e-05
919,2026-07-31,OXY,US6745991058,00806801,,,0.0022916171227168516,0.0010520605881563728,,0.001278747676212166,,,,,-0.0013859480802060002,,,,,,0.0010866353492694932,,,,,-0.001315075735195466,,,-0.0004125727796691658,,,-0.0003434025658670653,,,,,,,-0.00039700399553070675,,-0.0011127563913192406,,0.0026913177836558376,,,-0.0006074890535286143,,,,,,-0.0002778551373282137,0.0018082291358937658,,5.37844234911908e-05
920,2026-07-31,P911,DE000PAG9113,35451901W,-0.00031619307294317216,0.0010196181911647667,,0.0010520605881563728,0.0010617125201578075,,,0.001701862716135309,,-0.0008092773755049022,,,-0.0007301366857867572,,-0.000863631826098515,-0.00047820935825289675,,-0.0007099795380196381,,-0.0011689562090626366,,,,,-0.0004125727796691658,,,-0.0003434025658670653,,-0.00039295981221460445,-0.000362211783089831,-0.0006747910477970904,-0.00048019362944896687,-0.0013301915482436897,-0.00039700399553070675,-0.0031277476945189464,-0.0011127563913192406,,,0.0009485792188295165,,,,,,,,-0.0002778551373282137,,,-0.00017883022731317525
921,2026-07-31,PAAS,CA6979001089,02067001C,0.0009295314433510121,-0.0003459691022337848,,,-0.0005445960691632988,-0.00043343320111311243,,-0.000580083532316797,,,0.001377698389252393,,0.0014199590760392762,,0.001701862716135309,0.001881734385320342,-0.0005497703786090309,0.002183521975418887,,,,,,,0.0016185547510098044,0.005143407319875601,0.006612952268411486,0.0013378805167306475,,,0.0010666052045824978,,,,0.0011630820572583016,,0.0010969352104000098,,,,,-0.0006074890535286143,,,,-0.00037032532703104327,0.00062051830936837,0.0010917609877094435,-0.0009076601152721648,,0.00021985011075181598
922,2026-07-31,PAH3,DE000PAH0038,10218701W,-0.00031619307294317216,-0.0003459691022337848,,-0.00035718106388025003,0.0010617125201578075,-0.00043343320111311243,,-0.000580083532316797,,-0.0008092773755049022,,,,,-0.000863631826098515,-0.00047820935825289675,-0.0005497703786090309,,,-0.0011689562090626366,,,,,,,,-0.0003434025658670653,,0.0011630820572583016,0.0010666052045824978,-0.0006747910477970904,,-0.0013301915482436897,-0.00039700399553070675,-0.0031277476945189464,-0.0011127563913192406,,,0.0009485792188295165,,,-0.001361490172908247,,,-0.00037032532703104327,,-0.0002778551373282137,,-0.0010666052045824978,-0.00030860498874085273
923,2026-07-31,PANW,US6974351057,17106701,-0.00031619307294317216,-0.0003459691022337848,-0.0011869401507405232,-0.00035718106388025003,-0.0005445960691632988,-0.00043343320111311243,-0.002630151470390932,-0.000580083532316797,,-0.0008092773755049022,-0.0013859480802060002,0.0023617686672898165,-0.0007301366857867572,,,-0.00047820935825289675,,,,-0.0011689562090626366,,,,,-0.0004125727796691658,,,-0.0003434025658670653,-0.0031277476945189464,-0.00039295981221460445,-0.000362211783089831,,-0.00048019362944896687,,-0.00039700399553070675,,,,-0.0013942971650265183,,,-0.0006074890535286143,,,,,,,,,-0.00018892157753172122
924,2026-07-31,PAYX,US7043261079,00840201,,-0.0003459691022337848,,,,-0.00043343320111311243,,,0.0005577188660106073,,,,,0.0006888491946261965,,,-0.0005497703786090309,,,,,,,,-0.0004125727796691658,,,0.0013378805167306475,-0.0031277476945189464,-0.00039295981221460445,-0.000362211783089831,,-0.00048019362944896687,,-0.00039700399553070675,,,,-0.0013942971650265183,,,,,,-0.0013456588918279188,,-0.00062051830936837,-0.0002778551373282137,,0.0010666052045824978,-0.0001086888107583121
925,2026-07-31,PCAR,US6937181088,00825301,-0.00031619307294317216,,,,0.0010617125201578075,-0.00043343320111311243,0.0026005992066786745,,,,,,-0.0007301366857867572,,,,,,,,,,,,-0.0004125727796691658,,,0.0013378805167306475,-0.0031277476945189464,-0.00039295981221460445,-0.000362211783089831,,-0.00048019362944896687,,0.0011630820572583016,,,,-0.0013942971650265183,,,0.0011808843336449082,,,,,0.00062051830936837,-0.0002778551373282137,,,7.425536970639626e-05
926,2026-07-31,PCG,US69331C1080,00826401,-0.00031619307294317216,-0.0003459691022337848,,-0.00035718106388025003,0.0010617125201578075,,0.0026005992066786745,0.001701862716135309,,,-0.0013859480802060002,,,,,-0.00047820935825289675,,,,,,,,,-0.0004125727796691658,,,,,0.0011630820572583016,,-0.0006747910477970904,,0.0026005992066786745,,,,-0.0016771980390898698,,0.0009485792188295165,,0.0011808843336449082,,0.0015430221959626803,,0.0010917609877094435,,-0.0002778551373282137,,,0.0002045510915129465
927,2026-07-31,PEG,US7445731067,00881001,-0.00031619307294317216,-0.0003459691022337848,,-0.00035718106388025003,,,,0.001701862716135309,0.0005577188660106073,,,,,0.0006888491946261965,,-0.00047820935825289675,,,,,,,,,-0.0004125727796691658,,,,0.0030860443919253607,,,-0.0006747910477970904,0.0009524828370140001,,,,,0.0032599060478084793,,,,,-0.001361490172908247,,,-0.00037032532703104327,-0.00062051830936837,-0.0002778551373282137,-0.0009076601152721648,,0.00012322853305246127
928,2026-07-31,PEP,US7134481081,00847901,-0.00031619307294317216,-0.0003459691022337848,,,,,,,,,,,-0.0007301366857867572,,,-0.00047820935825289675,-0.0005497703786090309,,0.0010332737919392947,,,,,,,,,-0.0003434025658670653,,-0.00039295981221460445,-0.000362211783089831,,,,,,,,0.0026913177836558376,0.0009485792188295165,,,,,,-0.00037032532703104327,,-0.0002778551373282137,,0.0010666052045824978,2.1393557571265434e-05
929,2026-07-31,PFE,US7170811035,00853001,-0.00031619307294317216,-0.0003459691022337848,-0.0011869401507405232,-0.00035718106388025003,-0.0005445960691632988,,-0.002630151470390932,,0.0005577188660106073,-0.0008092773755049022,,,,0.0006888491946261965,,-0.00047820935825289675,,,,,,-0.001315075735195466,,,,,,-0.0003434025658670653,,-0.00039295981221460445,-0.000362211783089831,-0.0006747910477970904,-0.00048019362944896687,,-0.00039700399553070675,-0.0031277476945189464,-0.0011127563913192406,,,0.0009485792188295165,,-0.0006074890535286143,,0.0015430221959626803,,,0.00062051830936837,-0.0002778551373282137,0.0018082291358937658,,-0.00021839817667027953
930,2026-07-31,PFG,US74251V1026,14570101,-0.00031619307294317216,-0.0003459691022337848,-0.0011869401507405232,-0.00035718106388025003,,-0.00043343320111311243,,-0.000580083532316797,0.0005577188660106073,,-0.0013859480802060002,,,,-0.000863631826098515,,-0.0005497703786090309,-0.0007099795380196381,,,-0.0007926483883369932,,,,,,,,,-0.00039295981221460445,0.0010666052045824978,-0.0006747910477970904,-0.00048019362944896687,,-0.00039700399553070675,,-0.0011127563913192406,-0.0016771980390898698,-0.0013942971650265183,,,,,,,0.0010917609877094435,0.00062051830936837,0.0010917609877094435,0.0018082291358937658,0.0010666052045824978,-5.487992161719796e-05
931,2026-07-31,PG,US7427181091,00876201,-0.00031619307294317216,-0.0003459691022337848,-0.0011869401507405232,,-0.0005445960691632988,,,,,,,,-0.0007301366857867572,,,0.001881734385320342,-0.0005497703786090309,,0.0010332737919392947,,0.0015638738472594732,,0.002269150288180412,,,0.005143407319875601,0.006612952268411486,-0.0003434025658670653,,-0.00039295981221460445,-0.000362211783089831,,-0.00048019362944896687,,-0.00039700399553070675,,,,,0.0009485792188295165,,-0.0006074890535286143,-0.001361490172908247,,-0.0013456588918279188,-0.00037032532703104327,,-0.0002778551373282137,,,6.0430853889158934e-05
932,2026-07-31,PGHN,CH0024608827,27586301W,-0.00031619307294317216,-0.0003459691022337848,,-0.00035718106388025003,-0.0005445960691632988,-0.00043343320111311243,,-0.000580083532316797,0.0005577188660106073,,,-0.0023861167978804334,,,,,,-0.0007099795380196381,-0.0030454385446631845,,-0.0007926483883369932,,,,,,,,,-0.00039295981221460445,-0.000362211783089831,-0.0006747910477970904,,,,,0.0010969352104000098,,,-0.0009524828370140001,,,-0.001361490172908247,,-0.0013456588918279188,,-0.00062051830936837,-0.0002778551373282137,0.0018082291358937658,-0.0010666052045824978,-0.0002545544620926143
933,2026-07-31,PGR,US7433151039,01334101,,0.0010196181911647667,0.0022916171227168516,0.0010520605881563728,-0.0005445960691632988,-0.00043343320111311243,-0.002630151470390932,-0.000580083532316797,,,,0.0023617686672898165,,,-0.000863631826098515,,-0.0005497703786090309,-0.0007099795380196381,-0.0030454385446631845,,-0.0007926483883369932,,,,,,,,,,0.0010666052045824978,0.002630151470390932,0.0009524828370140001,0.0026005992066786745,-0.00039700399553070675,,,-0.0016771980390898698,0.0026913177836558376,,,,,0.0015430221959626803,0.0013456588918279188,0.0010917609877094435,,-0.0002778551373282137,-0.0009076601152721648,,6.824329855005526e-05
934,2026-07-31,PH,US7010941042,00835801,-0.00031619307294317216,-0.0003459691022337848,,-0.00035718106388025003,-0.0005445960691632988,-0.00043343320111311243,-0.002630151470390932,,0.0005577188660106073,,,,-0.0007301366857867572,0.0006888491946261965,,,-0.0005497703786090309,,,,,,,,-0.0004125727796691658,,,-0.0003434025658670653,,-0.00039295981221460445,-0.000362211783089831,,-0.00048019362944896687,,-0.00039700399553070675,,,,,,,-0.0006074890535286143,-0.001361490172908247,-0.0007766890248134296,-0.0013456588918279188,-0.00037032532703104327,-0.00062051830936837,-0.0002778551373282137,,,-0.00022811109162224733
935,2026-07-31,PHIA,NL0000009538,00854601W,-0.00031619307294317216,-0.0003459691022337848,,-0.00035718106388025003,-0.0005445960691632988,,,,0.0005577188660106073,-0.0008092773755049022,,,,0.0006888491946261965,,-0.00047820935825289675,,,,,-0.0007926483883369932,,,,,,,0.0013378805167306475,,0.0011630820572583016,0.0010666052045824978,0.002630151470390932,-0.00048019362944896687,,0.0011630820572583016,0.0031277476945189464,0.0010969352104000098,,,,,,0.0013535282420725264,,0.0013456588918279188,0.0010917609877094435,0.00062051830936837,0.0010917609877094435,-0.0009076601152721648,,0.00030031619758618544
936,2026-07-31,PHM,US7458671010,00882301,-0.00031619307294317216,-0.0003459691022337848,-0.0011869401507405232,-0.00035718106388025003,,-0.00043343320111311243,,-0.000580083532316797,,-0.0008092773755049022,0.001377698389252393,,-0.0007301366857867572,,-0.000863631826098515,-0.00047820935825289675,,-0.0007099795380196381,,-0.0011689562090626366,-0.0007926483883369932,,,,-0.0004125727796691658,,,-0.0003434025658670653,-0.0031277476945189464,-0.00039295981221460445,-0.000362211783089831,-0.0006747910477970904,-0.00048019362944896687,,,,,,,,,,,,,,,0.0010917609877094435,,-0.0010666052045824978,-0.0002073484529892811
937,2026-07-31,PHNX,GB00BGXQNP29,28815303W,-0.00031619307294317216,-0.0003459691022337848,,-0.00035718106388025003,-0.0005445960691632988,-0.00043343320111311243,,-0.000580083532316797,,,0.001377698389252393,,,,0.001701862716135309,,-0.0005497703786090309,-0.0007099795380196381,0.0010332737919392947,,,,,,,,,,,0.0011630820572583016,0.0010666052045824978,0.002630151470390932,0.0009524828370140001,-0.0013301915482436897,-0.00039700399553070675,,-0.0011127563913192406,,,,-0.001780410226110785,-0.0006074890535286143,0.0013535282420725264,-0.0007766890248134296,0.0013456588918279188,-0.00037032532703104327,0.00062051830936837,-0.0002778551373282137,-0.0009076601152721648,0.0010666052045824978,1.7966054671688758e-06
938,2026-07-31,PHOE,IL0007670123,22489301W,0.0009295314433510121,0.0010196181911647667,,0.0010520605881563728,,,,,0.0005577188660106073,,,,,,,,,-0.0007099795380196381,,,-0.0007926483883369932,,-0.0023145332939440203,,,,,,,,0.0010666052045824978,0.002630151470390932,0.0009524828370140001,0.0026005992066786745,0.0011630820572583016,,0.0010969352104000098,,,,,,,,,-0.00037032532703104327,-0.00062051830936837,-0.0002778551373282137,,,9.323081371811114e-05
939,2026-07-31,PKG,US6951561090,12897801,-0.00031619307294317216,-0.0003459691022337848,-0.0011869401507405232,-0.00035718106388025003,-0.0005445960691632988,,,0.001701862716135309,,,,,-0.0007301366857867572,,0.001701862716135309,-0.00047820935825289675,-0.0005497703786090309,-0.0007099795380196381,,,-0.0007926483883369932,,,,-0.0004125727796691658,,,0.0013378805167306475,-0.0031277476945189464,-0.00039295981221460445,-0.000362211783089831,,,,-0.00039700399553070675,,,,-0.0013942971650265183,-0.0009524828370140001,,,,,,-0.00037032532703104327,-0.00062051830936837,-0.0002778551373282137,,,-0.00014515848359085686
940,2026-07-31,PLD,US74340W1036,02998401,,,,,,,,,,,,,,,,,,,,,0.0015638738472594732,,,,,,,-0.0003434025658670653,,,,,,,,,,,,0.0009485792188295165,,,,,-0.0013456588918279188,-0.00037032532703104327,-0.00062051830936837,-0.0002778551373282137,,,-2.445972688741572e-05
941,2026-07-31,PLS,AU000000PLS0,28694501W,0.0009295314433510121,0.0010196181911647667,,0.0010520605881563728,,,,-0.000580083532316797,,,,,-0.0007301366857867572,,-0.000863631826098515,-0.00047820935825289675,,-0.0007099795380196381,,,-0.0007926483883369932,,,,-0.0004125727796691658,,,-0.0003434025658670653,,-0.00039295981221460445,-0.000362211783089831,,-0.00048019362944896687,,0.0011630820572583016,,,,,-0.0009524828370140001,-0.001780410226110785,,,,,-0.00037032532703104327,0.00062051830936837,-0.0002778551373282137,,,-9.364626780445113e-05
942,2026-07-31,PLTR,US69608A1088,03691001,-0.00031619307294317216,0.0010196181911647667,,-0.00035718106388025003,,-0.00043343320111311243,,,,0.0031705935533479727,,-0.0023861167978804334,-0.0007301366857867572,,,0.001881734385320342,,,,0.004538300576360824,,,,,0.0016185547510098044,,,0.0013378805167306475,,-0.00039295981221460445,,,-0.00048019362944896687,,-0.00039700399553070675,,,0.0032599060478084793,0.0026913177836558376,,,,,,,,,,,-0.0010666052045824978,0.00012296740757864038
943,2026-07-31,PM,US7181721090,17962101,-0.00031619307294317216,-0.0003459691022337848,-0.0011869401507405232,,,,,,,,,,-0.0007301366857867572,0.0006888491946261965,,0.001881734385320342,-0.0005497703786090309,,-0.0030454385446631845,,-0.0007926483883369932,,,-0.001315075735195466,,,,-0.0003434025658670653,,,,,-0.00048019362944896687,,-0.00039700399553070675,,,,,0.0009485792188295165,,,-0.001361490172908247,-0.0007766890248134296,-0.0013456588918279188,-0.00037032532703104327,-0.00062051830936837,-0.0002778551373282137,-0.0009076601152721648,,-0.0003155488158442615
944,2026-07-31,PME,AU000000PME8,24233301W,-0.00031619307294317216,0.0010196181911647667,,,,,,,0.0005577188660106073,0.0031705935533479727,,,,0.0006888491946261965,-0.000863631826098515,0.001881734385320342,-0.0005497703786090309,,,,-0.0007926483883369932,,-0.0023145332939440203,,,,,-0.0003434025658670653,,-0.00039295981221460445,,-0.0006747910477970904,-0.00048019362944896687,,-0.00039700399553070675,,,,,-0.0009524828370140001,-0.001780410226110785,,-0.001361490172908247,-0.0007766890248134296,-0.0013456588918279188,-0.00037032532703104327,-0.00062051830936837,-0.0002778551373282137,-0.0009076601152721648,-0.0010666052045824978,-0.0003227117814390343
945,2026-07-31,PNC,US6934751057,00824501,,,,,,-0.00043343320111311243,,,0.0005577188660106073,,-0.0013859480802060002,,,,,,,-0.0007099795380196381,0.0010332737919392947,,,,,,,,,,,,,,-0.00048019362944896687,-0.0013301915482436897,,,,,,,,,,,,,,,,,-4.686965993623069e-05
946,2026-07-31,PNDORA,DK0060252690,29552601W,,0.0010196181911647667,,0.0010520605881563728,-0.0005445960691632988,-0.00043343320111311243,,-0.000580083532316797,,0.0031705935533479727,,,-0.0007301366857867572,,-0.000863631826098515,0.001881734385320342,,0.002183521975418887,,0.004538300576360824,,0.001315075735195466,0.002269150288180412,0.001315075735195466,-0.0004125727796691658,,,-0.0003434025658670653,,,-0.000362211783089831,0.002630151470390932,,,-0.00039700399553070675,0.0031277476945189464,,,,-0.0009524828370140001,,,,,,0.0010917609877094435,,0.0010917609877094435,,0.0010666052045824978,0.0005212137442497233
947,2026-07-31,PNR,IE00BLS09M33,00846301,-0.00031619307294317216,-0.0003459691022337848,-0.0011869401507405232,-0.00035718106388025003,0.0010617125201578075,-0.00043343320111311243,0.0026005992066786745,,0.0005577188660106073,,,,-0.0007301366857867572,0.0006888491946261965,,,-0.0005497703786090309,,,,,,,,-0.0004125727796691658,,,-0.0003434025658670653,,-0.00039295981221460445,-0.000362211783089831,,-0.00048019362944896687,,-0.00039700399553070675,,,-0.0016771980390898698,,-0.0009524828370140001,,,,0.0015430221959626803,,-0.00037032532703104327,-0.00062051830936837,-0.0002778551373282137,,-0.0010666052045824978,-8.85546200040632e-05
948,2026-07-31,PODD,US45784P1012,17722701,-0.00031619307294317216,,,,0.0010617125201578075,,0.0026005992066786745,,-0.0016532380671028715,-0.0008092773755049022,,,,-0.00204825955216285,0.001701862716135309,-0.00047820935825289675,0.0010866353492694932,,,,-0.0007926483883369932,0.001315075735195466,,0.001315075735195466,,,,-0.0003434025658670653,0.0030860443919253607,-0.00039295981221460445,-0.000362211783089831,0.002630151470390932,0.0009524828370140001,,,0.0031277476945189464,0.0010969352104000098,,0.0026913177836558376,-0.0009524828370140001,,,,-0.0007766890248134296,,-0.00037032532703104327,-0.00062051830936837,-0.0002778551373282137,-0.0009076601152721648,,0.00028013175116432527
949,2026-07-31,POLI,IL0006625771,03057902W,-0.00031619307294317216,-0.0003459691022337848,,-0.00035718106388025003,,-0.00043343320111311243,,,0.0005577188660106073,,0.001377698389252393,,,,0.001701862716135309,,,0.002183521975418887,0.0010332737919392947,,0.0015638738472594732,,0.002269150288180412,,,,,,,,,,,0.0026005992066786745,,,,,,,0.001780410226110785,,,0.0015430221959626803,,,,,0.0018082291358937658,,0.00038808305720379043
950,2026-07-31,POW,CA7392391016,00870201C,-0.00031619307294317216,-0.0003459691022337848,,-0.00035718106388025003,,-0.00043343320111311243,,-0.000580083532316797,0.0005577188660106073,,,,,,-0.000863631826098515,,0.0010866353492694932,-0.0007099795380196381,,,,,,,,,,,,,-0.000362211783089831,,,,,,,,,0.0009485792188295165,,,,-0.0007766890248134296,0.0013456588918279188,,0.00062051830936837,-0.0002778551373282137,,0.0010666052045824978,2.479308961544867e-05
951,2026-07-31,PPG,US6935061076,00824701,-0.00031619307294317216,-0.0003459691022337848,-0.0011869401507405232,-0.00035718106388025003,,,,-0.000580083532316797,,,-0.0013859480802060002,,-0.0007301366857867572,,,-0.00047820935825289675,,-0.0007099795380196381,,,,,,,-0.0004125727796691658,,,0.0013378805167306475,,,,,,,,,,,-0.0013942971650265183,,,,,,,-0.00037032532703104327,,-0.0002778551373282137,,,-0.0001248509260014081
952,2026-07-31,PPL,CA7063271034,13061801C,-0.00031619307294317216,,,-0.00035718106388025003,-0.0005445960691632988,,,,0.0005577188660106073,,,,-0.0007301366857867572,0.0006888491946261965,,,,,-0.0030454385446631845,,,-0.001315075735195466,,-0.001315075735195466,-0.0004125727796691658,,,-0.0003434025658670653,,,,,,,-0.00039700399553070675,,-0.0011127563913192406,,,,,-0.0006074890535286143,-0.001361490172908247,,-0.0013456588918279188,-0.00037032532703104327,-0.00062051830936837,-0.0002778551373282137,-0.0009076601152721648,,-0.00040521952068607174
953,2026-07-31,PPL,US69351T1060,00845501,-0.00031619307294317216,-0.0003459691022337848,,-0.00035718106388025003,,,,,,,,,,,,-0.00047820935825289675,-0.0005497703786090309,,,,,,,,-0.0004125727796691658,-0.005645203155961025,,,,,,-0.0006747910477970904,,,,,,-0.0016771980390898698,,,,,,,,-0.00037032532703104327,,-0.0002778551373282137,-0.0009076601152721648,,-0.00019720594901836424
954,2026-07-31,PRU,GB0007099541,01578201W,-0.00031619307294317216,-0.0003459691022337848,,-0.00035718106388025003,,0.001278747676212166,,,0.0005577188660106073,,,,,,-0.000863631826098515,,,-0.0007099795380196381,,,-0.0007926483883369932,,,,,,,,,0.0011630820572583016,0.0010666052045824978,0.002630151470390932,0.0009524828370140001,,-0.00039700399553070675,,-0.0011127563913192406,,,,0.001780410226110785,,-0.001361490172908247,0.0015430221959626803,,-0.00037032532703104327,,-0.0002778551373282137,,,3.775400791703506e-05
955,2026-07-31,PRU,US7443201022,14335601,-0.00031619307294317216,-0.0003459691022337848,-0.0011869401507405232,-0.00035718106388025003,-0.0005445960691632988,0.001278747676212166,,,0.0005577188660106073,,,,,,-0.000863631826098515,,-0.0005497703786090309,-0.0007099795380196381,,,,,,,,,,,,,0.0010666052045824978,0.002630151470390932,0.0009524828370140001,-0.0013301915482436897,0.0011630820572583016,,0.0010969352104000098,,-0.0013942971650265183,0.0009485792188295165,,,,,0.0013456588918279188,0.0010917609877094435,0.00062051830936837,0.0010917609877094435,0.0018082291358937658,0.0010666052045824978,0.0003079902309208968
956,2026-07-31,PRX,NL0013654783,33364502W,-0.00031619307294317216,-0.0003459691022337848,,-0.00035718106388025003,0.0010617125201578075,0.001278747676212166,,-0.000580083532316797,,0.0031705935533479727,-0.0013859480802060002,,,,,-0.00047820935825289675,,-0.0007099795380196381,,0.004538300576360824,,-0.001315075735195466,-0.0023145332939440203,-0.001315075735195466,,,,0.0013378805167306475,,0.0011630820572583016,0.0010666052045824978,-0.0006747910477970904,-0.00048019362944896687,0.0026005992066786745,,,,,,0.0009485792188295165,,,,,,-0.00037032532703104327,,-0.0002778551373282137,,-0.0010666052045824978,7.075011834166535e-06
957,2026-07-31,PRY,IT0004176001,28452101W,0.0009295314433510121,0.0010196181911647667,,0.0010520605881563728,,,,,-0.0016532380671028715,,,,0.0014199590760392762,,,,-0.0005497703786090309,,,,,,,0.001315075735195466,0.0016185547510098044,,,-0.0003434025658670653,,,,,0.0009524828370140001,,-0.00039700399553070675,,,,,,,-0.0006074890535286143,,-0.0007766890248134296,,-0.00037032532703104327,,-0.0002778551373282137,,,2.2383660548090024e-05
958,2026-07-31,PSA,US74460D1090,01009601,,,,,,,,,,,,,,,,,,,,,,,,0.001315075735195466,,,,-0.0003434025658670653,,,,,-0.00048019362944896687,-0.0013301915482436897,,,,,,,,-0.0006074890535286143,,,-0.0013456588918279188,-0.00037032532703104327,-0.00062051830936837,-0.0002778551373282137,,0.0010666052045824978,-5.535471864156206e-05
959,2026-07-31,PSON,GB0006776081,10057201W,-0.00031619307294317216,-0.0003459691022337848,,-0.00035718106388025003,,-0.00043343320111311243,,-0.000580083532316797,,-0.0008092773755049022,-0.0013859480802060002,,,,,-0.00047820935825289675,,-0.0007099795380196381,,-0.0011689562090626366,-0.0007926483883369932,-0.001315075735195466,,-0.001315075735195466,-0.0004125727796691658,,,-0.0003434025658670653,,-0.00039295981221460445,-0.000362211783089831,-0.0006747910477970904,,,,,,,,,,,,,,,,-0.0002778551373282137,,,-0.0002854548691652449
960,2026-07-31,PST,IT0003796171,23332001W,-0.00031619307294317216,0.0010196181911647667,,0.0010520605881563728,-0.0005445960691632988,-0.00043343320111311243,,-0.000580083532316797,,,,,,,,,,-0.0007099795380196381,0.0010332737919392947,,-0.0007926483883369932,,,,,,,,,-0.00039295981221460445,-0.000362211783089831,-0.0006747910477970904,,0.0026005992066786745,-0.00039700399553070675,,,,,,,,,,,-0.00037032532703104327,-0.00062051830936837,-0.0002778551373282137,,0.0010666052045824978,-1.619453369046335e-05
961,2026-07-31,PSTG,US74624M1027,02575601,-0.00031619307294317216,,,,,,,-0.000580083532316797,,-0.0008092773755049022,,,-0.0007301366857867572,,,-0.00047820935825289675,,,,-0.0011689562090626366,,0.001315075735195466,,0.001315075735195466,0.0016185547510098044,,,-0.0003434025658670653,,-0.00039295981221460445,-0.000362211783089831,,,,-0.00039700399553070675,,-0.0011127563913192406,-0.0016771980390898698,,-0.0009524828370140001,,-0.0006074890535286143,,,,,,,,0.0010666052045824978,-0.00011436175737219667
962,2026-07-31,PSX,US7185461040,17084101,,,,-0.00035718106388025003,0.0010617125201578075,0.001278747676212166,0.0026005992066786745,-0.000580083532316797,0.0005577188660106073,,0.001377698389252393,,-0.0007301366857867572,0.0006888491946261965,,,-0.0005497703786090309,,,,,0.001315075735195466,,0.001315075735195466,0.0016185547510098044,,,-0.0003434025658670653,,,,,,,-0.00039700399553070675,,-0.0011127563913192406,,0.0026913177836558376,,,0.0011808843336449082,0.0013535282420725264,,0.0013456588918279188,-0.00037032532703104327,0.00062051830936837,-0.0002778551373282137,,,0.00023856980230227504
963,2026-07-31,PTC,US69370C1009,01869901,,-0.0003459691022337848,0.0022916171227168516,0.0010520605881563728,,0.001278747676212166,,,,-0.0008092773755049022,-0.0013859480802060002,0.0023617686672898165,-0.0007301366857867572,,,-0.00047820935825289675,,,,-0.0011689562090626366,,,,,0.0016185547510098044,,,-0.0003434025658670653,,0.0011630820572583016,0.0010666052045824978,,0.0009524828370140001,,,,,,-0.0013942971650265183,,,,,,,,,,,,0.00018399404563719908
964,2026-07-31,PUB,FR0000130577,10129202W,,-0.0003459691022337848,,-0.00035718106388025003,-0.0005445960691632988,-0.00043343320111311243,,-0.000580083532316797,,,-0.0013859480802060002,,,,-0.000863631826098515,,,,,,,,,,,,,,,,-0.000362211783089831,,0.0009524828370140001,,,,,,,,,,,,,0.0010917609877094435,0.00062051830936837,0.0010917609877094435,,,2.2595513228083404e-05
965,2026-07-31,PWR,US74762E1029,06644601,,0.0010196181911647667,0.0022916171227168516,,-0.0005445960691632988,,-0.002630151470390932,,,,,,-0.0007301366857867572,0.0006888491946261965,,,-0.0005497703786090309,,,,,0.001315075735195466,,0.001315075735195466,-0.0004125727796691658,,,-0.0003434025658670653,-0.0031277476945189464,-0.00039295981221460445,-0.000362211783089831,,,,-0.00039700399553070675,,,,,,,-0.0006074890535286143,,-0.0007766890248134296,,-0.00037032532703104327,-0.00062051830936837,-0.0002778551373282137,,,-9.03654606496098e-05
966,2026-07-31,PYPL,US70450Y1038,02461601,-0.00031619307294317216,-0.0003459691022337848,-0.0011869401507405232,-0.00035718106388025003,,,,0.001701862716135309,-0.0016532380671028715,,,,-0.0007301366857867572,,-0.000863631826098515,,0.0010866353492694932,-0.0007099795380196381,-0.0030454385446631845,,-0.0007926483883369932,,,,,,,,,,,0.002630151470390932,0.0009524828370140001,,-0.00039700399553070675,,,-0.0016771980390898698,,,0.001780410226110785,,,0.0015430221959626803,0.0013456588918279188,0.0010917609877094435,0.00062051830936837,0.0010917609877094435,0.0018082291358937658,,0.0001704049972366957
967,2026-07-31,QAN,AU000000QAN2,22024401W,-0.00031619307294317216,-0.0003459691022337848,,-0.00035718106388025003,,,,,-0.0016532380671028715,,,,-0.0007301366857867572,-0.00204825955216285,,,-0.0005497703786090309,,,,,0.001315075735195466,,0.001315075735195466,-0.0004125727796691658,,,-0.0003434025658670653,,0.0011630820572583016,0.0010666052045824978,,0.0009524828370140001,,-0.00039700399553070675,,-0.0011127563913192406,,,,,0.0011808843336449082,0.0013535282420725264,0.0015430221959626803,0.0013456588918279188,0.0010917609877094435,0.00062051830936837,-0.0002778551373282137,,0.0010666052045824978,0.0002123582771232268
968,2026-07-31,QBE,AU000000QBE9,01575601W,,,,,-0.0005445960691632988,,,-0.000580083532316797,0.0005577188660106073,,0.001377698389252393,0.0023617686672898165,,,,,-0.0005497703786090309,-0.0007099795380196381,-0.0030454385446631845,,-0.0007926483883369932,,,,,,,,,-0.00039295981221460445,,-0.0006747910477970904,,,0.0011630820572583016,,0.0010969352104000098,,,,,-0.0006074890535286143,-0.001361490172908247,,0.0013456588918279188,0.0010917609877094435,,0.0010917609877094435,,,0.00011714118972906866
969,2026-07-31,QCOM,US7475251036,02480001,-0.00031619307294317216,-0.0003459691022337848,-0.0011869401507405232,-0.00035718106388025003,-0.0005445960691632988,-0.00043343320111311243,-0.002630151470390932,-0.000580083532316797,,0.0031705935533479727,0.001377698389252393,,-0.0007301366857867572,,,-0.00047820935825289675,,,,0.004538300576360824,,,,,-0.0004125727796691658,,,-0.0003434025658670653,,-0.00039295981221460445,-0.000362211783089831,,,,-0.00039700399553070675,,,-0.0016771980390898698,,0.0009485792188295165,,-0.0006074890535286143,,,,,,,,,-8.870166915867807e-05
970,2026-07-31,QSR,CA76131D1033,16447102C,,-0.0003459691022337848,,-0.00035718106388025003,,-0.00043343320111311243,,-0.000580083532316797,,-0.0008092773755049022,,-0.0023861167978804334,,,,-0.00047820935825289675,,-0.0007099795380196381,,-0.0011689562090626366,,-0.001315075735195466,0.002269150288180412,,-0.0004125727796691658,-0.005645203155961025,,-0.0003434025658670653,,-0.00039295981221460445,-0.000362211783089831,-0.0006747910477970904,-0.00048019362944896687,,,,,,,,,,,,,-0.00037032532703104327,,-0.0002778551373282137,,0.0010666052045824978,-0.0002640821954811047
971,2026-07-31,RAA,DE0007010803,24441701W,-0.00031619307294317216,-0.0003459691022337848,,-0.00035718106388025003,-0.0005445960691632988,-0.00043343320111311243,,,,,,,-0.0007301366857867572,0.0006888491946261965,,,,,,,,,,,-0.0004125727796691658,,,-0.0003434025658670653,,-0.00039295981221460445,-0.000362211783089831,,-0.00048019362944896687,,-0.00039700399553070675,,,,,-0.0009524828370140001,,-0.0006074890535286143,-0.001361490172908247,,-0.0013456588918279188,-0.00037032532703104327,0.00062051830936837,-0.0002778551373282137,,-0.0010666052045824978,-0.0001465993890526547
972,2026-07-31,RACE,NL0011585146,02546601W,,,,-0.00035718106388025003,-0.0005445960691632988,-0.00043343320111311243,,-0.000580083532316797,,0.0031705935533479727,,,,,-0.000863631826098515,0.001881734385320342,-0.0005497703786090309,-0.0007099795380196381,,0.004538300576360824,-0.0007926483883369932,,-0.0023145332939440203,,-0.0004125727796691658,,,-0.0003434025658670653,,-0.00039295981221460445,-0.000362211783089831,-0.0006747910477970904,-0.00048019362944896687,,-0.00039700399553070675,,,,,,,,-0.001361490172908247,,,-0.00037032532703104327,,-0.0002778551373282137,,,-0.00010545494421860217
973,2026-07-31,RBA,CA74935Q1072,06560501,-0.00031619307294317216,,,,,-0.00043343320111311243,,,0.0005577188660106073,,,,,,,,,,,,,-0.001315075735195466,,-0.001315075735195466,-0.0004125727796691658,,,-0.0003434025658670653,,-0.00039295981221460445,-0.000362211783089831,,,,-0.00039700399553070675,,,-0.0016771980390898698,-0.0013942971650265183,,,-0.0006074890535286143,,-0.0007766890248134296,,-0.00037032532703104327,,-0.0002778551373282137,,,-0.00020726001974489522
974,2026-07-31,RBI,AT0000606306,27281701W,0.0009295314433510121,-0.0003459691022337848,,,,-0.00043343320111311243,,-0.000580083532316797,,,0.001377698389252393,-0.0023861167978804334,-0.0007301366857867572,,,,,0.002183521975418887,0.0010332737919392947,,,,,,,,,,,,-0.000362211783089831,,-0.00048019362944896687,-0.0013301915482436897,,,,,,,0.001780410226110785,,,-0.0007766890248134296,,,,,0.0018082291358937658,,-2.838381619664581e-05
975,2026-07-31,RBLX,US7710491033,03745301,,0.0010196181911647667,,0.0010520605881563728,,0.001278747676212166,,0.001701862716135309,,,,,,,0.001701862716135309,,-0.0005497703786090309,,,,0.0015638738472594732,,,,,,,,,,-0.000362211783089831,,,,,,,,,-0.0009524828370140001,,,,,,-0.00037032532703104327,0.00062051830936837,-0.0002778551373282137,,,0.00014026953857738142
976,2026-07-31,RCI.B,CA7751092007,00921501C,-0.00031619307294317216,-0.0003459691022337848,,-0.00035718106388025003,-0.0005445960691632988,-0.00043343320111311243,,-0.000580083532316797,,,-0.0013859480802060002,,,,,,-0.0005497703786090309,,,,,,,,,,,,,,0.0010666052045824978,,0.0009524828370140001,,,,,,,,,,,,,-0.00037032532703104327,-0.00062051830936837,-0.0002778551373282137,,,-9.895442785905563e-05
977,2026-07-31,RCL,LR0008862868,02819101,-0.00031619307294317216,-0.0003459691022337848,-0.0011869401507405232,-0.00035718106388025003,,,,0.001701862716135309,,-0.0008092773755049022,0.001377698389252393,0.0023617686672898165,,,0.001701862716135309,-0.00047820935825289675,-0.0005497703786090309,-0.0007099795380196381,,-0.0011689562090626366,0.0015638738472594732,-0.001315075735195466,0.002269150288180412,,-0.0004125727796691658,0.005143407319875601,0.006612952268411486,-0.0003434025658670653,,0.0011630820572583016,0.0010666052045824978,0.002630151470390932,-0.00048019362944896687,0.0026005992066786745,-0.00039700399553070675,,,-0.0016771980390898698,,,,,,,,-0.00037032532703104327,,-0.0002778551373282137,,,0.0002871808383925462
978,2026-07-31,RDDT,US75734B1008,04509701,0.0009295314433510121,,,,0.0010617125201578075,,0.0026005992066786745,0.001701862716135309,,,,,,,-0.000863631826098515,,0.0010866353492694932,,,,-0.0007926483883369932,,,,,-0.005645203155961025,,,,,,,,,,,,,,-0.0009524828370140001,,,,,,-0.00037032532703104327,0.00062051830936837,-0.0002778551373282137,,,0.00011735981616353743
979,2026-07-31,REA,AU000000REA9,24801501W,-0.00031619307294317216,,,-0.00035718106388025003,,,,-0.000580083532316797,,,-0.0013859480802060002,,,,-0.000863631826098515,,-0.0005497703786090309,,,,-0.0007926483883369932,,,,,,,,,,-0.000362211783089831,,-0.00048019362944896687,,,,,,,-0.0009524828370140001,,,,,,-0.00037032532703104327,-0.00062051830936837,-0.0002778551373282137,,,-0.0001762779181094434
980,2026-07-31,REC,IT0003828271,10242901W,-0.00031619307294317216,-0.0003459691022337848,,-0.00035718106388025003,,,,,0.0005577188660106073,-0.0008092773755049022,,,,0.0006888491946261965,-0.000863631826098515,-0.00047820935825289675,,,,,-0.0007926483883369932,,,,,,,-0.0003434025658670653,,,-0.000362211783089831,-0.0006747910477970904,,,-0.00039700399553070675,,-0.0011127563913192406,,,-0.0009524828370140001,,,,,,-0.00037032532703104327,-0.00062051830936837,-0.0002778551373282137,,,-0.0001849890293098603
981,2026-07-31,RED,ES0173093024,23411701W,-0.00031619307294317216,-0.0003459691022337848,,-0.00035718106388025003,-0.0005445960691632988,,,-0.000580083532316797,,,-0.0013859480802060002,,,-0.00204825955216285,,-0.00047820935825289675,,,,,,-0.001315075735195466,,-0.001315075735195466,-0.0004125727796691658,,,,,-0.00039295981221460445,,-0.0006747910477970904,,-0.0013301915482436897,,,,,,-0.0009524828370140001,,,,0.0015430221959626803,-0.0013456588918279188,,0.00062051830936837,-0.0002778551373282137,0.0018082291358937658,,-0.00017107805582308676
982,2026-07-31,REG,US7588491032,02909901,-0.00031619307294317216,,,,,,,,,,,,,,,,,,,,,,,,,,,-0.0003434025658670653,,,,,,0.0026005992066786745,,,,,,-0.0009524828370140001,,,,,,-0.00037032532703104327,-0.00062051830936837,-0.0002778551373282137,,,2.7253016412430395e-06
983,2026-07-31,REGN,US75886F1075,02381201,0.0009295314433510121,0.0010196181911647667,0.0022916171227168516,0.0010520605881563728,0.0010617125201578075,,,,0.0005577188660106073,-0.0008092773755049022,,,,,,-0.00047820935825289675,-0.0005497703786090309,,,,-0.0007926483883369932,-0.001315075735195466,-0.0023145332939440203,-0.001315075735195466,,,,-0.0003434025658670653,,-0.00039295981221460445,-0.000362211783089831,-0.0006747910477970904,,,,,0.0010969352104000098,,0.0026913177836558376,,0.001780410226110785,0.0011808843336449082,,0.0015430221959626803,,0.0010917609877094435,0.00062051830936837,0.0010917609877094435,0.0018082291358937658,-0.0010666052045824978,0.00012204585985897036
984,2026-07-31,REL,GB00B2B0DG97,10033801W,-0.00031619307294317216,-0.0003459691022337848,,-0.00035718106388025003,,-0.00043343320111311243,,,0.0005577188660106073,,,,,0.0006888491946261965,,,,,,,,,,0.001315075735195466,-0.0004125727796691658,,,-0.0003434025658670653,,-0.00039295981221460445,,,-0.00048019362944896687,,,,,,,,,,,,,-0.00037032532703104327,-0.00062051830936837,-0.0002778551373282137,,0.0010666052045824978,6.1795940206155e-06
985,2026-07-31,REP,ES0173516115,01531901W,-0.00031619307294317216,,,-0.00035718106388025003,,-0.00043343320111311243,,-0.000580083532316797,0.0005577188660106073,,,,0.0014199590760392762,0.0006888491946261965,,,-0.0005497703786090309,,0.0010332737919392947,,,,,,-0.0004125727796691658,,,-0.0003434025658670653,,,,,,,0.0011630820572583016,,0.0010969352104000098,,,,,0.0011808843336449082,0.0013535282420725264,,0.0013456588918279188,0.0010917609877094435,0.00062051830936837,-0.0002778551373282137,,,0.00017298756441852734
986,2026-07-31,RF,US7591EP1005,00467401,-0.00031619307294317216,-0.0003459691022337848,,-0.00035718106388025003,,-0.00043343320111311243,,,,,-0.0013859480802060002,,,,,,,-0.0007099795380196381,0.0010332737919392947,,,,,,,,,,,,-0.000362211783089831,,,-0.0013301915482436897,,,,,-0.0013942971650265183,,,,,,,,,,0.0018082291358937658,,-1.6224160380972183e-06
987,2026-07-31,RHM,DE0007030009,10031201W,-0.00031619307294317216,-0.0003459691022337848,,-0.00035718106388025003,0.0010617125201578075,-0.00043343320111311243,,,-0.0016532380671028715,,,,0.0014199590760392762,-0.00204825955216285,,,0.0010866353492694932,,,,,,,,-0.0004125727796691658,,,-0.0003434025658670653,,,,,,,,,,,,,,0.0011808843336449082,,-0.0007766890248134296,,-0.00037032532703104327,-0.00062051830936837,-0.0002778551373282137,,,-2.845156705730007e-05
988,2026-07-31,RI,FR0000120693,10139601W,-0.00031619307294317216,-0.0003459691022337848,,,-0.0005445960691632988,,,,,,-0.0013859480802060002,,-0.0007301366857867572,,,-0.00047820935825289675,,,0.0010332737919392947,,-0.0007926483883369932,-0.001315075735195466,-0.0023145332939440203,-0.001315075735195466,,,,-0.0003434025658670653,,,0.0010666052045824978,,-0.00048019362944896687,,,-0.0031277476945189464,,,,,0.001780410226110785,,,0.0015430221959626803,,-0.00037032532703104327,0.00062051830936837,-0.0002778551373282137,0.0018082291358937658,,-0.00016423723597121785
989,2026-07-31,RIO,AU000000RIO1,01956515W,-0.00031619307294317216,-0.0003459691022337848,,-0.00035718106388025003,,-0.00043343320111311243,,-0.000580083532316797,,,0.001377698389252393,,-0.0007301366857867572,,-0.000863631826098515,-0.00047820935825289675,-0.0005497703786090309,-0.0007099795380196381,,,0.0015638738472594732,,,,-0.0004125727796691658,,,-0.0003434025658670653,,-0.00039295981221460445,-0.000362211783089831,,,,-0.00039700399553070675,,,,,0.0009485792188295165,,,,,,,,-0.0002778551373282137,0.0018082291358937658,,2.5587099600978294e-05
990,2026-07-31,RIO,GB0007188757,01956501W,,,,,,-0.00043343320111311243,,-0.000580083532316797,,,0.001377698389252393,,-0.0007301366857867572,,-0.000863631826098515,-0.00047820935825289675,-0.0005497703786090309,-0.0007099795380196381,,,0.0015638738472594732,,,,-0.0004125727796691658,,,-0.0003434025658670653,,-0.00039295981221460445,-0.000362211783089831,,,,-0.00039700399553070675,,,,,0.0009485792188295165,,,,,,0.0010917609877094435,,-0.0002778551373282137,0.0018082291358937658,,6.328748188078467e-05
991,2026-07-31,RIVN,US76954A1034,03981101,0.0009295314433510121,,0.0022916171227168516,0.0010520605881563728,,0.001278747676212166,,-0.000580083532316797,,-0.0008092773755049022,,,0.0014199590760392762,,0.001701862716135309,-0.00047820935825289675,0.0010866353492694932,-0.0007099795380196381,,-0.0011689562090626366,0.0015638738472594732,-0.001315075735195466,-0.0023145332939440203,,-0.0004125727796691658,,0.006612952268411486,0.0013378805167306475,,0.0011630820572583016,0.0010666052045824978,0.002630151470390932,-0.00048019362944896687,,-0.00039700399553070675,0.0031277476945189464,-0.0011127563913192406,-0.0016771980390898698,,,,,,,,-0.00037032532703104327,,-0.0002778551373282137,,,3.394143635828569e-05
992,2026-07-31,RJF,US7547301090,00889801,-0.00031619307294317216,-0.0003459691022337848,-0.0011869401507405232,-0.00035718106388025003,,-0.00043343320111311243,,-0.000580083532316797,,,-0.0013859480802060002,,0.0014199590760392762,,-0.000863631826098515,,-0.0005497703786090309,-0.0007099795380196381,0.0010332737919392947,,,,,,,,,,,-0.00039295981221460445,-0.000362211783089831,-0.0006747910477970904,,,,,,,-0.0013942971650265183,,,,,,,,0.00062051830936837,-0.0002778551373282137,,,-8.053756657661472e-05
993,2026-07-31,RKLB,US7731211089,03950301,-0.00031619307294317216,-0.0003459691022337848,-0.0011869401507405232,-0.00035718106388025003,,-0.00043343320111311243,,,-0.0016532380671028715,,,,,-0.00204825955216285,,,-0.0005497703786090309,,,,,-0.001315075735195466,,-0.001315075735195466,-0.0004125727796691658,,,0.0013378805167306475,-0.0031277476945189464,-0.00039295981221460445,-0.000362211783089831,,-0.00048019362944896687,,-0.00039700399553070675,,,-0.0016771980390898698,,-0.0009524828370140001,,,-0.001361490172908247,-0.0007766890248134296,-0.0013456588918279188,-0.00037032532703104327,,-0.0002778551373282137,,-0.0010666052045824978,-0.0003656505644879423
994,2026-07-31,RKT,US77311W1018,03672201,-0.00031619307294317216,-0.0003459691022337848,-0.0011869401507405232,-0.00035718106388025003,0.0010617125201578075,,0.0026005992066786745,,,,,,0.0014199590760392762,,-0.000863631826098515,,-0.0005497703786090309,-0.0007099795380196381,-0.0030454385446631845,,-0.0007926483883369932,,,,,,,,,-0.00039295981221460445,-0.000362211783089831,-0.0006747910477970904,-0.00048019362944896687,,0.0011630820572583016,,0.0010969352104000098,-0.0016771980390898698,-0.0013942971650265183,,-0.001780410226110785,-0.0006074890535286143,,0.0015430221959626803,,-0.00037032532703104327,-0.00062051830936837,-0.0002778551373282137,-0.0009076601152721648,-0.0010666052045824978,-0.0001584290929952011
995,2026-07-31,RMD,US7611521078,03188701,-0.00031619307294317216,-0.0003459691022337848,,-0.00035718106388025003,0.0010617125201578075,,0.0026005992066786745,,0.0005577188660106073,0.0031705935533479727,,,,0.0006888491946261965,,0.001881734385320342,,,,,-0.0007926483883369932,,,,,,,-0.0003434025658670653,-0.0031277476945189464,,,0.002630151470390932,,,-0.00039700399553070675,0.0031277476945189464,,,-0.0013942971650265183,,,0.0011808843336449082,,,,,,0.0010917609877094435,,-0.0010666052045824978,0.00022624289468204598
996,2026-07-31,RMS,FR0000052292,20305301W,-0.00031619307294317216,-0.0003459691022337848,,-0.00035718106388025003,-0.0005445960691632988,-0.00043343320111311243,,-0.000580083532316797,,0.0031705935533479727,0.001377698389252393,-0.0023861167978804334,0.0014199590760392762,,-0.000863631826098515,-0.00047820935825289675,-0.0005497703786090309,0.002183521975418887,,0.004538300576360824,-0.0007926483883369932,-0.001315075735195466,-0.0023145332939440203,-0.001315075735195466,-0.0004125727796691658,,,-0.0003434025658670653,,-0.00039295981221460445,-0.000362211783089831,-0.0006747910477970904,-0.00048019362944896687,,-0.00039700399553070675,,,,,,,,-0.001361490172908247,,,-0.00037032532703104327,,-0.0002778551373282137,,-0.0010666052045824978,-0.0003282083992829874
997,2026-07-31,RNO,FR0000131906,21047901W,-0.00031619307294317216,,,0.0010520605881563728,0.0010617125201578075,-0.00043343320111311243,,-0.000580083532316797,,-0.0008092773755049022,,-0.0023861167978804334,,,,-0.00047820935825289675,0.0010866353492694932,-0.0007099795380196381,,-0.0011689562090626366,0.0015638738472594732,,,,-0.0004125727796691658,,,-0.0003434025658670653,,-0.00039295981221460445,-0.000362211783089831,-0.0006747910477970904,0.0009524828370140001,,-0.00039700399553070675,-0.0031277476945189464,-0.0011127563913192406,,,0.0009485792188295165,,,0.0013535282420725264,,,-0.00037032532703104327,,-0.0002778551373282137,,0.0010666052045824978,-0.00023853789204538231
998,2026-07-31,RO,CH0012032113,02564804W,,-0.0003459691022337848,,-0.00035718106388025003,-0.0005445960691632988,,,,-0.0016532380671028715,0.0031705935533479727,,,,,,0.001881734385320342,-0.0005497703786090309,,,,-0.0007926483883369932,0.001315075735195466,,0.001315075735195466,,,,-0.0003434025658670653,,0.0011630820572583016,0.0010666052045824978,-0.0006747910477970904,-0.00048019362944896687,,-0.00039700399553070675,,-0.0011127563913192406,,,0.0009485792188295165,,,,,,,,-0.0002778551373282137,,0.0010666052045824978,7.488689905265515e-05
999,2026-07-31,ROCK B,DK0063855168,22149901W,,-0.0003459691022337848,,-0.00035718106388025003,-0.0005445960691632988,-0.00043343320111311243,,,-0.0016532380671028715,,,,,-0.00204825955216285,,,0.0010866353492694932,,,,,,,,-0.0004125727796691658,,,-0.0003434025658670653,,-0.00039295981221460445,-0.000362211783089831,,,,-0.00039700399553070675,,-0.0011127563913192406,,,-0.0009524828370140001,,-0.0006074890535286143,,-0.0007766890248134296,,0.0010917609877094435,,0.0010917609877094435,,-0.0010666052045824978,-8.433354627561916e-05
1000,2026-07-31,ROK,US7739031091,00920301,0.0009295314433510121,0.0010196181911647667,0.0022916171227168516,0.0010520605881563728,-0.0005445960691632988,,,,0.0005577188660106073,,,,,0.0006888491946261965,,,,,,,,,,,0.0016185547510098044,,,0.0013378805167306475,0.0030860443919253607,-0.00039295981221460445,-0.000362211783089831,,,,,,,,-0.0013942971650265183,,,-0.0006074890535286143,,-0.0007766890248134296,-0.0013456588918279188,-0.00037032532703104327,-0.00062051830936837,-0.0002778551373282137,,,-9.908163306442509e-06
1001,2026-07-31,ROL,US7757111049,00922501,-0.00031619307294317216,-0.0003459691022337848,-0.0011869401507405232,-0.00035718106388025003,-0.0005445960691632988,-0.00043343320111311243,,,0.0005577188660106073,,,,,0.0006888491946261965,,,-0.0005497703786090309,,,,,,,,-0.0004125727796691658,,,-0.0003434025658670653,,-0.00039295981221460445,-0.000362211783089831,,,,-0.00039700399553070675,,,-0.0016771980390898698,,-0.0009524828370140001,,-0.0006074890535286143,-0.001361490172908247,-0.0007766890248134296,-0.0013456588918279188,-0.00037032532703104327,-0.00062051830936837,-0.0002778551373282137,,,-0.0002405693799418719
1002,2026-07-31,ROP,US7766961061,02492501,-0.00031619307294317216,-0.0003459691022337848,,,,-0.00043343320111311243,,,,-0.0008092773755049022,,,-0.0007301366857867572,,,-0.00047820935825289675,,,,-0.0011689562090626366,,-0.001315075735195466,,-0.001315075735195466,-0.0004125727796691658,,,-0.0003434025658670653,,,,,,,-0.00039700399553070675,,,-0.0016771980390898698,-0.0013942971650265183,,,,,,,,,,,,-0.0002496075257533922
1003,2026-07-31,ROST,US7782961038,00924801,0.0009295314433510121,0.0010196181911647667,0.0022916171227168516,0.0010520605881563728,-0.0005445960691632988,,,0.001701862716135309,,-0.0008092773755049022,0.001377698389252393,,,,0.001701862716135309,-0.00047820935825289675,,-0.0007099795380196381,,0.004538300576360824,,,,,-0.0004125727796691658,,,0.0013378805167306475,0.0030860443919253607,,-0.000362211783089831,-0.0006747910477970904,,,,,0.0010969352104000098,0.0032599060478084793,,,,,,,,-0.00037032532703104327,,-0.0002778551373282137,,,0.00040532610160726304
1004,2026-07-31,RPM,US7496851038,00890201,-0.00031619307294317216,,,,-0.0005445960691632988,,,0.001701862716135309,,,,,-0.0007301366857867572,,-0.000863631826098515,-0.00047820935825289675,-0.0005497703786090309,-0.0007099795380196381,,,,,,,-0.0004125727796691658,,,-0.0003434025658670653,-0.0031277476945189464,-0.00039295981221460445,-0.000362211783089831,,-0.00048019362944896687,,-0.00039700399553070675,,-0.0011127563913192406,-0.0016771980390898698,,-0.0009524828370140001,,,,,,-0.00037032532703104327,-0.00062051830936837,-0.0002778551373282137,,,-0.0002560888152197048
1005,2026-07-31,RR.,GB00B63H8491,10049901W,,-0.0003459691022337848,,-0.00035718106388025003,-0.0005445960691632988,0.001278747676212166,,,0.0005577188660106073,,,,-0.0007301366857867572,0.0006888491946261965,,,0.0010866353492694932,,,,,0.001315075735195466,,0.001315075735195466,0.0016185547510098044,,,-0.0003434025658670653,,0.0011630820572583016,0.0010666052045824978,,,,-0.00039700399553070675,,,,,0.0009485792188295165,,0.0011808843336449082,,,-0.0013456588918279188,-0.00037032532703104327,,-0.0002778551373282137,,0.0010666052045824978,0.00016274278515410038
1006,2026-07-31,RS,US7595091023,03067101,0.0009295314433510121,0.0010196181911647667,,0.0010520605881563728,,,,0.001701862716135309,,,,,,,-0.000863631826098515,-0.00047820935825289675,,-0.0007099795380196381,,,-0.0007926483883369932,,,,-0.0004125727796691658,-0.005645203155961025,,-0.0003434025658670653,0.0030860443919253607,-0.00039295981221460445,-0.000362211783089831,,0.0009524828370140001,,-0.00039700399553070675,,-0.0011127563913192406,-0.0016771980390898698,,,,,,,,-0.00037032532703104327,-0.00062051830936837,-0.0002778551373282137,,,-0.00010609242721231479
1007,2026-07-31,RSG,US7607591002,11216801,-0.00031619307294317216,-0.0003459691022337848,-0.0011869401507405232,-0.00035718106388025003,-0.0005445960691632988,-0.00043343320111311243,-0.002630151470390932,,-0.0016532380671028715,,,,,-0.00204825955216285,,,,,,,,-0.001315075735195466,,,-0.0004125727796691658,,,-0.0003434025658670653,,-0.00039295981221460445,-0.000362211783089831,,-0.00048019362944896687,,-0.00039700399553070675,,,-0.0016771980390898698,0.0026913177836558376,,,-0.0006074890535286143,-0.001361490172908247,,,,-0.00062051830936837,-0.0002778551373282137,,,-0.0002849141855429987
1008,2026-07-31,RTO,GB00B082RF11,10009102W,-0.00031619307294317216,-0.0003459691022337848,,-0.00035718106388025003,-0.0005445960691632988,0.001278747676212166,,,0.0005577188660106073,,,,-0.0007301366857867572,0.0006888491946261965,,,0.0010866353492694932,,,,,,,,0.0016185547510098044,,,-0.0003434025658670653,,-0.00039295981221460445,-0.000362211783089831,,,,,,,,,,,-0.0006074890535286143,,-0.0007766890248134296,,-0.00037032532703104327,0.00062051830936837,-0.0002778551373282137,,,3.3805323484181663e-06
1009,2026-07-31,RTX,US75513E1010,01098301,-0.00031619307294317216,,,-0.00035718106388025003,-0.0005445960691632988,,,,0.0005577188660106073,,,,,0.0006888491946261965,,,,,,,,,,,-0.0004125727796691658,,,0.0013378805167306475,,0.0011630820572583016,0.0010666052045824978,,,,,,,,,0.0009485792188295165,,-0.0006074890535286143,,-0.0007766890248134296,,-0.00037032532703104327,-0.00062051830936837,-0.0002778551373282137,,,-1.706798394768888e-05
1010,2026-07-31,RVMD,US76155X1000,03608301,0.0009295314433510121,-0.0003459691022337848,-0.0011869401507405232,-0.00035718106388025003,,,,,0.0005577188660106073,-0.0008092773755049022,,,,,0.001701862716135309,-0.00047820935825289675,0.0010866353492694932,,,,,-0.001315075735195466,,-0.001315075735195466,,,,-0.0003434025658670653,,-0.00039295981221460445,-0.000362211783089831,-0.0006747910477970904,-0.00048019362944896687,,-0.00039700399553070675,-0.0031277476945189464,-0.0011127563913192406,,,-0.0009524828370140001,-0.001780410226110785,,-0.001361490172908247,-0.0007766890248134296,-0.0013456588918279188,-0.00037032532703104327,0.00062051830936837,-0.0002778551373282137,-0.0009076601152721648,,-0.00042760644732972483
1011,2026-07-31,RWE,DE0007037129,10095301W,-0.00031619307294317216,-0.0003459691022337848,,-0.00035718106388025003,,,,,,,-0.0013859480802060002,0.0023617686672898165,,-0.00204825955216285,,-0.00047820935825289675,-0.0005497703786090309,,,,,,,-0.001315075735195466,-0.0004125727796691658,,,,,-0.00039295981221460445,,-0.0006747910477970904,-0.00048019362944896687,0.0026005992066786745,,,,,,0.0009485792188295165,,0.0011808843336449082,0.0013535282420725264,0.0015430221959626803,,0.0010917609877094435,0.00062051830936837,-0.0002778551373282137,0.0018082291358937658,,0.00024815105704279963
1012,2026-07-31,RXL,FR0010451203,10326003W,0.0009295314433510121,-0.0003459691022337848,,-0.00035718106388025003,0.0010617125201578075,-0.00043343320111311243,,,0.0005577188660106073,,,,0.0014199590760392762,0.0006888491946261965,,,,,,,,0.001315075735195466,,0.001315075735195466,-0.0004125727796691658,,,-0.0003434025658670653,,0.0011630820572583016,0.0010666052045824978,,,,-0.00039700399553070675,,,,,,,0.0011808843336449082,,,0.0013456588918279188,-0.00037032532703104327,0.00062051830936837,-0.0002778551373282137,,,0.00018457981507582106
1013,2026-07-31,RY,CA7800871021,01563301C,-0.00031619307294317216,-0.0003459691022337848,,-0.00035718106388025003,,-0.00043343320111311243,,-0.000580083532316797,0.0005577188660106073,,-0.0013859480802060002,,,,,,0.0010866353492694932,-0.0007099795380196381,0.0010332737919392947,,,,,,,,,,,,-0.000362211783089831,,-0.00048019362944896687,,,,,,,0.0009485792188295165,,,,-0.0007766890248134296,,,,,-0.0009076601152721648,,-6.182301994068325e-05
1014,2026-07-31,RYA,IE00BYTBXV33,06483501W,-0.00031619307294317216,-0.0003459691022337848,,-0.00035718106388025003,-0.0005445960691632988,-0.00043343320111311243,,,-0.0016532380671028715,,,,,-0.00204825955216285,,,-0.0005497703786090309,,,,,,,,0.0016185547510098044,,,-0.0003434025658670653,,0.0011630820572583016,0.0010666052045824978,,0.0009524828370140001,,-0.00039700399553070675,,,,,,,,,0.0015430221959626803,,0.0010917609877094435,0.00062051830936837,0.0010917609877094435,,,0.00010132882288285135
1015,2026-07-31,S32,AU000000S320,31968701W,0.0009295314433510121,,,,0.0010617125201578075,-0.00043343320111311243,,-0.000580083532316797,,,,,,,-0.000863631826098515,-0.00047820935825289675,,-0.0007099795380196381,,,,,,,0.0016185547510098044,,,-0.0003434025658670653,,0.0011630820572583016,0.0010666052045824978,,,,-0.00039700399553070675,,,,,,,0.0011808843336449082,,,,0.0010917609877094435,0.00062051830936837,-0.0002778551373282137,,,5.256893052628975e-05
1016,2026-07-31,S63,SG1F60858221,21488201W,,,,-0.00035718106388025003,,-0.00043343320111311243,,,,,,,-0.0007301366857867572,,,,0.0010866353492694932,,,,,0.001315075735195466,,0.001315075735195466,-0.0004125727796691658,,,-0.0003434025658670653,,-0.00039295981221460445,-0.000362211783089831,,,,-0.00039700399553070675,,,,,,,-0.0006074890535286143,,-0.0007766890248134296,,-0.00037032532703104327,-0.00062051830936837,-0.0002778551373282137,,0.0010666052045824978,2.2844388302437493e-05
1017,2026-07-31,S68,SG1J26887955,24190401W,,0.0010196181911647667,,,-0.0005445960691632988,-0.00043343320111311243,,-0.000580083532316797,-0.0016532380671028715,,,,,,,,0.0010866353492694932,-0.0007099795380196381,,,,,-0.0023145332939440203,,,,,,,-0.00039295981221460445,-0.000362211783089831,-0.0006747910477970904,-0.00048019362944896687,,-0.00039700399553070675,,,,,-0.0009524828370140001,-0.001780410226110785,-0.0006074890535286143,-0.001361490172908247,-0.0007766890248134296,-0.0013456588918279188,-0.00037032532703104327,,-0.0002778551373282137,-0.0009076601152721648,-0.0010666052045824978,-0.0002813470806532965
1018,2026-07-31,SAAB B,SE0021921269,22250501W,-0.00031619307294317216,-0.0003459691022337848,,-0.00035718106388025003,0.0010617125201578075,,,,-0.0016532380671028715,,,,0.0014199590760392762,-0.00204825955216285,,,-0.0005497703786090309,,,,,,,,0.0016185547510098044,,,-0.0003434025658670653,,,,,0.0009524828370140001,,-0.00039700399553070675,,,,,,,0.0011808843336449082,,-0.0007766890248134296,,-0.00037032532703104327,,-0.0002778551373282137,,,-1.66320088010295e-05
1019,2026-07-31,SAB,ES0113860A34,24543601W,,-0.0003459691022337848,,-0.00035718106388025003,-0.0005445960691632988,-0.00043343320111311243,,0.001701862716135309,0.0005577188660106073,,,0.0023617686672898165,0.0014199590760392762,,-0.000863631826098515,,,0.002183521975418887,0.0010332737919392947,,0.0015638738472594732,,0.002269150288180412,,,,,,,,-0.000362211783089831,,,0.0026005992066786745,,,,,,,0.001780410226110785,,0.0013535282420725264,,,,,,,,0.0004399979051638785
1020,2026-07-31,SAF,FR0000073272,10130501W,,-0.0003459691022337848,,-0.00035718106388025003,,0.001278747676212166,,,0.0005577188660106073,,,,0.0014199590760392762,,,,-0.0005497703786090309,,,,,,,,-0.0004125727796691658,,,-0.0003434025658670653,,0.0011630820572583016,0.0010666052045824978,,,,-0.00039700399553070675,,,,,0.0009485792188295165,,0.0011808843336449082,,,,-0.00037032532703104327,,-0.0002778551373282137,,0.0010666052045824978,8.387928201417136e-05
1021,2026-07-31,SAGA B,SE0005127818,23273803W,-0.00031619307294317216,,,,,,,,,,,,,,,,-0.0005497703786090309,,-0.0030454385446631845,,,-0.001315075735195466,0.002269150288180412,,,,,-0.0003434025658670653,,,,,-0.00048019362944896687,,,,,,,-0.0009524828370140001,,,,,-0.0013456588918279188,-0.00037032532703104327,-0.00062051830936837,-0.0002778551373282137,,,-0.00016638227877187008
1022,2026-07-31,SALM,NO0010310956,28452301W,-0.00031619307294317216,-0.0003459691022337848,,,0.0010617125201578075,,,,,,,,0.0014199590760392762,-0.00204825955216285,,-0.00047820935825289675,,,-0.0030454385446631845,,-0.0007926483883369932,-0.001315075735195466,-0.0023145332939440203,,,,,-0.0003434025658670653,,-0.00039295981221460445,-0.000362211783089831,,,,0.0011630820572583016,-0.0031277476945189464,0.0010969352104000098,,,-0.0009524828370140001,,,,-0.0007766890248134296,,,-0.00062051830936837,0.0010917609877094435,,,-0.00026055410451318915
1023,2026-07-31,SAMPO,FI4000552500,01577301W,-0.00031619307294317216,-0.0003459691022337848,,-0.00035718106388025003,-0.0005445960691632988,,,-0.000580083532316797,-0.0016532380671028715,,0.001377698389252393,-0.0023861167978804334,,,,,0.0010866353492694932,-0.0007099795380196381,-0.0030454385446631845,,,,-0.0023145332939440203,,,,,,,,,-0.0006747910477970904,,-0.0013301915482436897,-0.00039700399553070675,,-0.0011127563913192406,,,-0.0009524828370140001,,-0.0006074890535286143,,,,,0.00062051830936837,-0.0002778551373282137,,-0.0010666052045824978,-0.0003373493691058995
1024,2026-07-31,SAN,ES0113900J37,01414001W,0.0009295314433510121,-0.0003459691022337848,,-0.00035718106388025003,0.0010617125201578075,,,,,,,,-0.0007301366857867572,,-0.000863631826098515,,,0.002183521975418887,0.0010332737919392947,,,,,,,,,,,,-0.000362211783089831,,,-0.0013301915482436897,,,,,,,,,,-0.0007766890248134296,,,,,,,2.406593898469195e-05
1025,2026-07-31,SAN,FR0000120578,10120401W,-0.00031619307294317216,-0.0003459691022337848,,-0.00035718106388025003,,,,,0.0005577188660106073,-0.0008092773755049022,,,,0.0006888491946261965,0.001701862716135309,-0.00047820935825289675,,,,,,,,,,,,0.0013378805167306475,,-0.00039295981221460445,-0.000362211783089831,-0.0006747910477970904,,,0.0011630820572583016,,0.0010969352104000098,,,0.0009485792188295165,0.001780410226110785,0.0011808843336449082,0.0013535282420725264,,,0.0010917609877094435,0.00062051830936837,-0.0002778551373282137,0.0018082291358937658,,0.0002569487605359863
1026,2026-07-31,SAND,SE0000667891,01959102W,0.0009295314433510121,0.0010196181911647667,,0.0010520605881563728,,-0.00043343320111311243,,,0.0005577188660106073,,,,-0.0007301366857867572,0.0006888491946261965,,,,,,,,,,,-0.0004125727796691658,,,0.0013378805167306475,,-0.00039295981221460445,-0.000362211783089831,,-0.00048019362944896687,,,,,,,,,,,-0.0007766890248134296,,-0.00037032532703104327,-0.00062051830936837,-0.0002778551373282137,,-0.0010666052045824978,-6.885212817835471e-05
1027,2026-07-31,SAP,CA8029121057,06561301C,-0.00031619307294317216,-0.0003459691022337848,,,0.0010617125201578075,,,,,,,,0.0014199590760392762,0.0006888491946261965,,-0.00047820935825289675,,,-0.0030454385446631845,,-0.0007926483883369932,,,,,0.005143407319875601,,0.0013378805167306475,,0.0011630820572583016,0.0010666052045824978,,,,0.0011630820572583016,,0.0010969352104000098,,,,,0.0011808843336449082,,-0.0007766890248134296,,-0.00037032532703104327,-0.00062051830936837,-0.0002778551373282137,-0.0009076601152721648,,-1.0884897324503658e-05
1028,2026-07-31,SAP,DE0007164600,10348702W,-0.00031619307294317216,-0.0003459691022337848,,,,,,-0.000580083532316797,,-0.0008092773755049022,,,,,,-0.00047820935825289675,,,,-0.0011689562090626366,,,,,-0.0004125727796691658,,,0.0013378805167306475,,,0.0010666052045824978,,,,0.0011630820572583016,,0.0010969352104000098,,,0.0009485792188295165,,0.0011808843336449082,,,,,,,,,6.332324896398885e-05
1029,2026-07-31,SATS,US2787681061,17920201,0.0009295314433510121,-0.0003459691022337848,,-0.00035718106388025003,,0.001278747676212166,,,,,0.001377698389252393,,,,,,0.0010866353492694932,,,,,,,,,,,,,,-0.000362211783089831,,-0.00048019362944896687,,,,,,-0.0013942971650265183,,,,,,,-0.00037032532703104327,-0.00062051830936837,-0.0002778551373282137,,,3.4813882612319124e-06
1030,2026-07-31,SBAC,US78410G1040,12138201,0.0009295314433510121,,,,,,,,,,,,,,,,-0.0005497703786090309,,,,,0.001315075735195466,,-0.001315075735195466,,,,-0.0003434025658670653,-0.0031277476945189464,,,,,0.0026005992066786745,,,,,,-0.0009524828370140001,,-0.0006074890535286143,,,,-0.00037032532703104327,,-0.0002778551373282137,,,-5.425987951936352e-05
1031,2026-07-31,SBRY,GB00B019KW72,01957901W,0.0009295314433510121,-0.0003459691022337848,,,,,,,,,0.001377698389252393,,,0.0006888491946261965,-0.000863631826098515,0.001881734385320342,-0.0005497703786090309,,0.0010332737919392947,,0.0015638738472594732,0.001315075735195466,0.002269150288180412,,,,,-0.0003434025658670653,,,-0.000362211783089831,,0.0009524828370140001,,-0.00039700399553070675,-0.0031277476945189464,-0.0011127563913192406,,,,0.001780410226110785,0.0011808843336449082,0.0013535282420725264,,0.0013456588918279188,,0.00062051830936837,-0.0002778551373282137,,,0.00019729191575553468
1032,2026-07-31,SBUX,US8552441094,02543401,,0.0010196181911647667,,,,-0.00043343320111311243,,,,-0.0008092773755049022,,,,,-0.000863631826098515,-0.00047820935825289675,,-0.0007099795380196381,,-0.0011689562090626366,,0.001315075735195466,0.002269150288180412,-0.001315075735195466,-0.0004125727796691658,-0.005645203155961025,,-0.0003434025658670653,,-0.00039295981221460445,-0.000362211783089831,-0.0006747910477970904,-0.00048019362944896687,-0.0013301915482436897,-0.00039700399553070675,-0.0031277476945189464,,-0.0016771980390898698,,,,,,,,-0.00037032532703104327,,-0.0002778551373282137,,,-0.0003118648169723093
1033,2026-07-31,SCA B,SE0000112724,01236807W,-0.00031619307294317216,-0.0003459691022337848,,-0.00035718106388025003,-0.0005445960691632988,-0.00043343320111311243,,-0.000580083532316797,,,,,-0.0007301366857867572,,,-0.00047820935825289675,,0.002183521975418887,,,,,,,-0.0004125727796691658,,,,,-0.00039295981221460445,-0.000362211783089831,,-0.00048019362944896687,,,,,,,,-0.001780410226110785,-0.0006074890535286143,,,,-0.00037032532703104327,-0.00062051830936837,-0.0002778551373282137,0.0018082291358937658,,-4.9657708596037406e-05
1034,2026-07-31,SCG,AU000000SCG8,29610801W,-0.00031619307294317216,,,,,,,,,,,,,,,,,,0.0010332737919392947,,-0.0007926483883369932,,,,,,,,,,,,-0.00048019362944896687,-0.0013301915482436897,,-0.0031277476945189464,,,,,,,,,,-0.00037032532703104327,,-0.0002778551373282137,,,-0.00015579350761777186
1035,2026-07-31,SCHN,CH0024638212,10134301W,-0.00031619307294317216,-0.0003459691022337848,,-0.00035718106388025003,-0.0005445960691632988,-0.00043343320111311243,,,0.0005577188660106073,,,,0.0014199590760392762,0.0006888491946261965,,,,,,,,0.001315075735195466,,,0.0016185547510098044,,,-0.0003434025658670653,,-0.00039295981221460445,-0.000362211783089831,,-0.00048019362944896687,,-0.00039700399553070675,,,,,,,-0.0006074890535286143,,,,,0.00062051830936837,-0.0002778551373282137,,,-6.962021573573018e-06
1036,2026-07-31,SCHP,CH0024638196,10134303W,-0.00031619307294317216,-0.0003459691022337848,,-0.00035718106388025003,,-0.00043343320111311243,,,0.0005577188660106073,,,,0.0014199590760392762,0.0006888491946261965,,,,,,,,0.001315075735195466,,,0.0016185547510098044,,,-0.0003434025658670653,,-0.00039295981221460445,-0.000362211783089831,,-0.00048019362944896687,,-0.00039700399553070675,,,,,,,,,,,,0.00062051830936837,-0.0002778551373282137,,,1.4746709126547226e-05
1037,2026-07-31,SCHW,US8085131055,01398801,0.0009295314433510121,0.0010196181911647667,0.0022916171227168516,0.0010520605881563728,0.0010617125201578075,-0.00043343320111311243,,-0.000580083532316797,0.0005577188660106073,,-0.0013859480802060002,0.0023617686672898165,0.0014199590760392762,,,,0.0010866353492694932,-0.0007099795380196381,0.0010332737919392947,,,,,,,,,,,,,-0.0006747910477970904,-0.00048019362944896687,-0.0013301915482436897,-0.00039700399553070675,,,-0.0016771980390898698,0.0026913177836558376,,,,,-0.0007766890248134296,-0.0013456588918279188,,0.00062051830936837,-0.0002778551373282137,-0.0009076601152721648,,1.0861376983552195e-05
1038,2026-07-31,SCMN,CH0008742519,11492701W,,,,,-0.0005445960691632988,-0.00043343320111311243,,-0.000580083532316797,,,,,,,0.001701862716135309,,,,,,-0.0007926483883369932,,,,,,,,,,-0.000362211783089831,,0.0009524828370140001,,,,,,,,,,,,,0.0010917609877094435,-0.00062051830936837,-0.0002778551373282137,,,-3.801079518274651e-05
1039,2026-07-31,SDR,GB00BP9LHF23,01563801W,-0.00031619307294317216,-0.0003459691022337848,,-0.00035718106388025003,,0.001278747676212166,,,0.0005577188660106073,,,-0.0023861167978804334,,,,,-0.0005497703786090309,-0.0007099795380196381,0.0010332737919392947,,,,,,,,,,,-0.00039295981221460445,,-0.0006747910477970904,,-0.0013301915482436897,-0.00039700399553070675,,,,,-0.0009524828370140001,,,,-0.0007766890248134296,,0.0010917609877094435,0.00062051830936837,0.0010917609877094435,,,-7.981205459411019e-05
1040,2026-07-31,SDZ,CH1243598427,04336201W,,,,,-0.0005445960691632988,,,,0.0005577188660106073,-0.0008092773755049022,,,,0.0006888491946261965,,-0.00047820935825289675,,,,,,,,,,,,0.0013378805167306475,,0.0011630820572583016,0.0010666052045824978,-0.0006747910477970904,,,0.0011630820572583016,,0.0010969352104000098,,,,,-0.0006074890535286143,,-0.0007766890248134296,,-0.00037032532703104327,,-0.0002778551373282137,-0.0009076601152721648,,3.8299016581892545e-06
1041,2026-07-31,SE,US81141R1005,03254690,0.0009295314433510121,,,,,-0.00043343320111311243,,-0.000580083532316797,,,,,,,-0.000863631826098515,,-0.0005497703786090309,,,,,,,,,0.005143407319875601,,,,,,,0.0009524828370140001,,,,,,-0.0013942971650265183,,,,,,,,0.00062051830936837,0.0010917609877094435,,,4.096062632958999e-05
1042,2026-07-31,SEB A,SE0000148884,01567101W,-0.00031619307294317216,-0.0003459691022337848,,-0.00035718106388025003,-0.0005445960691632988,-0.00043343320111311243,,-0.000580083532316797,0.0005577188660106073,,,,,,-0.000863631826098515,,,0.002183521975418887,0.0010332737919392947,,0.0015638738472594732,,,,,,,,,,-0.000362211783089831,,-0.00048019362944896687,-0.0013301915482436897,,,,,,,,,,,,,,,0.0018082291358937658,0.0010666052045824978,0.00010261676570374895
1043,2026-07-31,SECU B,SE0000163594,10498101W,,,,0.0010520605881563728,,-0.00043343320111311243,,,0.0005577188660106073,,,,,0.0006888491946261965,,,0.0010866353492694932,,,,,0.001315075735195466,,0.001315075735195466,-0.0004125727796691658,,,-0.0003434025658670653,,-0.00039295981221460445,-0.000362211783089831,,-0.00048019362944896687,,0.0011630820572583016,,0.0010969352104000098,,,,,,,0.0015430221959626803,0.0013456588918279188,0.0010917609877094435,,0.0010917609877094435,,,0.00029651159699690065
1044,2026-07-31,SGE,GB00B8C3BL03,10464301W,-0.00031619307294317216,-0.0003459691022337848,,-0.00035718106388025003,,-0.00043343320111311243,,-0.000580083532316797,,-0.0008092773755049022,,,,,,-0.00047820935825289675,,,,-0.0011689562090626366,,,,0.001315075735195466,-0.0004125727796691658,,,-0.0003434025658670653,,,,,0.0009524828370140001,,-0.00039700399553070675,,,,,-0.0009524828370140001,,0.0011808843336449082,,,,,,,,0.0010666052045824978,5.676067537938444e-06
1045,2026-07-31,SGH,AU0000364754,20832601W,-0.00031619307294317216,-0.0003459691022337848,,-0.00035718106388025003,-0.0005445960691632988,-0.00043343320111311243,,,-0.0016532380671028715,,,,0.0014199590760392762,-0.00204825955216285,,,0.0010866353492694932,,,,,,,,-0.0004125727796691658,,,-0.0003434025658670653,,-0.00039295981221460445,-0.000362211783089831,,-0.00048019362944896687,,0.0011630820572583016,,0.0010969352104000098,,,,,-0.0006074890535286143,,-0.0007766890248134296,,,-0.00062051830936837,-0.0002778551373282137,,,-3.572280570343251e-05
1046,2026-07-31,SGO,FR0000125007,10181101W,-0.00031619307294317216,-0.0003459691022337848,,-0.00035718106388025003,-0.0005445960691632988,-0.00043343320111311243,,,,,,,,,,,,,,,,,,,-0.0004125727796691658,,,-0.0003434025658670653,,-0.00039295981221460445,-0.000362211783089831,,-0.00048019362944896687,,-0.00039700399553070675,,,,,0.0009485792188295165,,,0.0013535282420725264,0.0015430221959626803,0.0013456588918279188,0.0010917609877094435,0.00062051830936837,0.0010917609877094435,,,0.000124991686820913
1047,2026-07-31,SGP,AU000000SGP0,01618901W,-0.00031619307294317216,,,,,,,,,,,,,,,,-0.0005497703786090309,,,,-0.0007926483883369932,,,,,,,,,,,,0.0009524828370140001,-0.0013301915482436897,,-0.0031277476945189464,-0.0011127563913192406,,,-0.0009524828370140001,,0.0011808843336449082,,,0.0013456588918279188,-0.00037032532703104327,0.00062051830936837,-0.0002778551373282137,,,-0.0001447558786342988
1048,2026-07-31,SGRO,GB00B5ZN1N88,01564401W,-0.00031619307294317216,,,,,,,,,,,,,,,,,,-0.0030454385446631845,,0.0015638738472594732,-0.001315075735195466,0.002269150288180412,-0.001315075735195466,,,,-0.0003434025658670653,,,,,,0.0026005992066786745,,0.0031277476945189464,,,,,,,,,-0.0013456588918279188,-0.00037032532703104327,-0.00062051830936837,-0.0002778551373282137,,-0.0010666052045824978,-8.658104975756907e-06
1049,2026-07-31,SGSN,CH1256740924,10134001W,-0.00031619307294317216,-0.0003459691022337848,,-0.00035718106388025003,-0.0005445960691632988,-0.00043343320111311243,,,,,,,,0.0006888491946261965,,,0.0010866353492694932,,,,,,,0.001315075735195466,-0.0004125727796691658,,,-0.0003434025658670653,,-0.00039295981221460445,,,-0.00048019362944896687,,-0.00039700399553070675,,,,,,,,,,,,0.00062051830936837,-0.0002778551373282137,,0.0010666052045824978,5.65198971455845e-05
1050,2026-07-31,SHB A,SE0007100599,01565401W,-0.00031619307294317216,,,,-0.0005445960691632988,,,-0.000580083532316797,0.0005577188660106073,,0.001377698389252393,,-0.0007301366857867572,,-0.000863631826098515,,,0.002183521975418887,0.0010332737919392947,,0.0015638738472594732,,0.002269150288180412,,,,,,,,-0.000362211783089831,,-0.00048019362944896687,,,,,,,,,-0.0006074890535286143,,,,,,,0.0018082291358937658,0.0010666052045824978,0.0002272048309581349
1051,2026-07-31,SHEL,GB00BP6MXD84,01238401W,0.0009295314433510121,,,0.0010520605881563728,0.0010617125201578075,-0.00043343320111311243,,-0.000580083532316797,0.0005577188660106073,,-0.0013859480802060002,,-0.0007301366857867572,0.0006888491946261965,,,,,0.0010332737919392947,,,,,,-0.0004125727796691658,,,-0.0003434025658670653,,,,,,,-0.00039700399553070675,,-0.0011127563913192406,,,,,0.0011808843336449082,0.0013535282420725264,,,,0.00062051830936837,-0.0002778551373282137,,,2.1800392170975376e-05
1052,2026-07-31,SHL,AU000000SHL7,20709701W,-0.00031619307294317216,,,0.0010520605881563728,,,,,,-0.0008092773755049022,,,,,0.001701862716135309,-0.00047820935825289675,,,,,,,0.002269150288180412,,,,,-0.0003434025658670653,,-0.00039295981221460445,-0.000362211783089831,-0.0006747910477970904,0.0009524828370140001,,-0.00039700399553070675,-0.0031277476945189464,,,,,0.001780410226110785,0.0011808843336449082,,,0.0013456588918279188,0.0010917609877094435,-0.00062051830936837,-0.0002778551373282137,0.0018082291358937658,,0.0001299087933030355
1053,2026-07-31,SHL,DE000SHL1006,32676501W,-0.00031619307294317216,-0.0003459691022337848,,-0.00035718106388025003,,,,,0.0005577188660106073,-0.0008092773755049022,,,,0.0006888491946261965,-0.000863631826098515,-0.00047820935825289675,,,,,-0.0007926483883369932,,,,,,,0.0013378805167306475,,-0.00039295981221460445,-0.000362211783089831,-0.0006747910477970904,-0.00048019362944896687,,0.0011630820572583016,,-0.0011127563913192406,,,,,,0.0013535282420725264,,0.0013456588918279188,-0.00037032532703104327,,-0.0002778551373282137,0.0018082291358937658,,2.991895910160671e-05
1054,2026-07-31,SHOP,CA82509L1076,02365001C,-0.00031619307294317216,-0.0003459691022337848,,-0.00035718106388025003,-0.0005445960691632988,-0.00043343320111311243,,-0.000580083532316797,,-0.0008092773755049022,,,,,,-0.00047820935825289675,,,,-0.0011689562090626366,,,,,-0.0004125727796691658,,,-0.0003434025658670653,,-0.00039295981221460445,-0.000362211783089831,,,,-0.00039700399553070675,,,,,,,-0.0006074890535286143,,,,,,,,-0.0010666052045824978,-0.0001723104940588032
1055,2026-07-31,SHW,US8243481061,00966701,-0.00031619307294317216,-0.0003459691022337848,-0.0011869401507405232,-0.00035718106388025003,-0.0005445960691632988,-0.00043343320111311243,,,,,,,,,,-0.00047820935825289675,-0.0005497703786090309,-0.0007099795380196381,,,,,,,-0.0004125727796691658,,0.006612952268411486,-0.0003434025658670653,-0.0031277476945189464,-0.00039295981221460445,-0.000362211783089831,,-0.00048019362944896687,,-0.00039700399553070675,,,,,,,-0.0006074890535286143,,,,-0.00037032532703104327,-0.00062051830936837,-0.0002778551373282137,-0.0009076601152721648,,-0.00024465263302614164
1056,2026-07-31,SIE,DE0007236101,01934901W,,-0.0003459691022337848,,-0.00035718106388025003,-0.0005445960691632988,-0.00043343320111311243,,,0.0005577188660106073,,,,,0.0006888491946261965,,,,,,,,,,,-0.0004125727796691658,,,-0.0003434025658670653,,-0.00039295981221460445,-0.000362211783089831,,-0.00048019362944896687,,-0.00039700399553070675,,,,,0.0009485792188295165,,-0.0006074890535286143,,,,-0.00037032532703104327,-0.00062051830936837,-0.0002778551373282137,,,-8.23077904540867e-05
1057,2026-07-31,SIG,AU000000SIG5,25438001W,-0.00031619307294317216,,,-0.00035718106388025003,,,,,0.0005577188660106073,-0.0008092773755049022,,,,0.0006888491946261965,-0.000863631826098515,-0.00047820935825289675,0.0010866353492694932,,,,-0.0007926483883369932,,,,,,,-0.0003434025658670653,,-0.00039295981221460445,-0.000362211783089831,-0.0006747910477970904,-0.00048019362944896687,,-0.00039700399553070675,-0.0031277476945189464,-0.0011127563913192406,,,-0.0009524828370140001,-0.001780410226110785,,,-0.0007766890248134296,,-0.00037032532703104327,-0.00062051830936837,-0.0002778551373282137,,,-0.0003118788154832219
1058,2026-07-31,SIKA,CH0418792922,10135001W,-0.00031619307294317216,-0.0003459691022337848,,-0.00035718106388025003,-0.0005445960691632988,-0.00043343320111311243,,-0.000580083532316797,,,,,,,0.001701862716135309,-0.00047820935825289675,,-0.0007099795380196381,,,-0.0007926483883369932,,,,-0.0004125727796691658,,,-0.0003434025658670653,,-0.00039295981221460445,-0.000362211783089831,,-0.00048019362944896687,,-0.00039700399553070675,,,,,,,-0.0006074890535286143,,,,-0.00037032532703104327,-0.00062051830936837,-0.0002778551373282137,,,-0.0001798676599955114
1059,2026-07-31,SKA B,SE0000113250,10098002W,-0.00031619307294317216,-0.0003459691022337848,,-0.00035718106388025003,,-0.00043343320111311243,,,0.0005577188660106073,,,,-0.0007301366857867572,0.0006888491946261965,,,-0.0005497703786090309,,,,,0.001315075735195466,,,-0.0004125727796691658,,,-0.0003434025658670653,,-0.00039295981221460445,-0.000362211783089831,,-0.00048019362944896687,,-0.00039700399553070675,,-0.0011127563913192406,,,,,,0.0013535282420725264,,0.0013456588918279188,,0.00062051830936837,0.0010917609877094435,,,5.3588115697616644e-05
1060,2026-07-31,SKF B,SE0000108227,01174905W,-0.00031619307294317216,,,,0.0010617125201578075,-0.00043343320111311243,,,,,,,-0.0007301366857867572,0.0006888491946261965,,,0.0010866353492694932,,,,,,,,-0.0004125727796691658,,,-0.0003434025658670653,,-0.00039295981221460445,-0.000362211783089831,,-0.00048019362944896687,,-0.00039700399553070675,,-0.0011127563913192406,,,,,,,-0.0007766890248134296,,,0.00062051830936837,-0.0002778551373282137,,,-3.704113577050751e-05
1061,2026-07-31,SLB,AN8068571086,00946501,-0.00031619307294317216,,-0.0011869401507405232,-0.00035718106388025003,-0.0005445960691632988,-0.00043343320111311243,-0.002630151470390932,-0.000580083532316797,0.0005577188660106073,,-0.0013859480802060002,,-0.0007301366857867572,0.0006888491946261965,,,0.0010866353492694932,,0.0010332737919392947,,,,,,-0.0004125727796691658,,-0.005645203155961025,-0.0003434025658670653,,,,,,,-0.00039700399553070675,,,,-0.0013942971650265183,,,-0.0006074890535286143,,,,-0.00037032532703104327,,-0.0002778551373282137,-0.0009076601152721648,,-0.00023352363479506546
1062,2026-07-31,SLF,CA8667961053,13328901C,-0.00031619307294317216,-0.0003459691022337848,,-0.00035718106388025003,,-0.00043343320111311243,,-0.000580083532316797,0.0005577188660106073,,,,,,-0.000863631826098515,,0.0010866353492694932,-0.0007099795380196381,,,-0.0007926483883369932,,,,,,,,,,-0.000362211783089831,,,,,,,,,,,,,-0.0007766890248134296,,,0.00062051830936837,-0.0002778551373282137,,,-5.2733216385856754e-05
1063,2026-07-31,SLHN,CH0014852781,20569901W,-0.00031619307294317216,-0.0003459691022337848,,-0.00035718106388025003,-0.0005445960691632988,-0.00043343320111311243,,-0.000580083532316797,0.0005577188660106073,,,,0.0014199590760392762,,,,,-0.0007099795380196381,0.0010332737919392947,,,,-0.0023145332939440203,,,,,,,-0.00039295981221460445,-0.000362211783089831,-0.0006747910477970904,-0.00048019362944896687,-0.0013301915482436897,0.0011630820572583016,,0.0010969352104000098,,,,,-0.0006074890535286143,,-0.0007766890248134296,,-0.00037032532703104327,-0.00062051830936837,-0.0002778551373282137,,0.0010666052045824978,-0.00010873348091090098
1064,2026-07-31,SMCI,US86800U3023,17656701,0.0009295314433510121,0.0010196181911647667,0.0022916171227168516,0.0010520605881563728,0.0010617125201578075,0.001278747676212166,0.0026005992066786745,0.001701862716135309,,-0.0008092773755049022,,,-0.0007301366857867572,,,-0.00047820935825289675,,,,-0.0011689562090626366,,0.001315075735195466,,0.001315075735195466,-0.0004125727796691658,,,-0.0003434025658670653,-0.0031277476945189464,,-0.000362211783089831,,0.0009524828370140001,,-0.00039700399553070675,,-0.0011127563913192406,-0.0016771980390898698,-0.0013942971650265183,,,0.0011808843336449082,,,,,,,,0.0010666052045824978,0.00016955518865175044
1065,2026-07-31,SMIN,GB00B1WY2338,10004501W,-0.00031619307294317216,-0.0003459691022337848,,-0.00035718106388025003,-0.0005445960691632988,-0.00043343320111311243,,,0.0005577188660106073,,,,0.0014199590760392762,0.0006888491946261965,,,-0.0005497703786090309,,,,,,,,-0.0004125727796691658,,,-0.0003434025658670653,,,,,,,,,,,,-0.0009524828370140001,,-0.0006074890535286143,,-0.0007766890248134296,,-0.00037032532703104327,,-0.0002778551373282137,,,-7.929564162694971e-05
1066,2026-07-31,SN,KYG8068L1086,04311301,0.0009295314433510121,,,,,-0.00043343320111311243,,,,0.0031705935533479727,-0.0013859480802060002,,0.0014199590760392762,,-0.000863631826098515,-0.00047820935825289675,-0.0005497703786090309,-0.0007099795380196381,,-0.0011689562090626366,-0.0007926483883369932,,,,0.0016185547510098044,-0.005645203155961025,-0.005645203155961025,0.0013378805167306475,,0.0011630820572583016,0.0010666052045824978,,,-0.0013301915482436897,,,,0.0032599060478084793,,-0.0009524828370140001,,,-0.001361490172908247,,,-0.00037032532703104327,,-0.0002778551373282137,,,-6.12526178724956e-05
1067,2026-07-31,SN.,GB0009223206,10131701W,-0.00031619307294317216,-0.0003459691022337848,,-0.00035718106388025003,,,,,-0.0016532380671028715,-0.0008092773755049022,,,,-0.00204825955216285,,-0.00047820935825289675,,,,,-0.0007926483883369932,,,,,,,0.0013378805167306475,,0.0011630820572583016,0.0010666052045824978,0.002630151470390932,,,0.0011630820572583016,0.0031277476945189464,0.0010969352104000098,,,,,0.0011808843336449082,,,,0.0010917609877094435,,-0.0002778551373282137,,,0.00021875889339369547
1068,2026-07-31,SNA,US8330341012,00977801,-0.00031619307294317216,-0.0003459691022337848,-0.0011869401507405232,-0.00035718106388025003,-0.0005445960691632988,-0.00043343320111311243,-0.002630151470390932,,0.0005577188660106073,,,,-0.0007301366857867572,0.0006888491946261965,,,,,,,,,,-0.001315075735195466,-0.0004125727796691658,,,-0.0003434025658670653,,-0.00039295981221460445,-0.000362211783089831,,-0.00048019362944896687,,-0.00039700399553070675,,,-0.0016771980390898698,-0.0013942971650265183,,,,,,,-0.00037032532703104327,0.00062051830936837,-0.0002778551373282137,,-0.0010666052045824978,-0.0002535994166978342
1069,2026-07-31,SNOW,US8334451098,33996501,-0.00031619307294317216,,-0.0011869401507405232,-0.00035718106388025003,-0.0005445960691632988,-0.00043343320111311243,-0.002630151470390932,-0.000580083532316797,,-0.0008092773755049022,,-0.0023861167978804334,-0.0007301366857867572,,,-0.00047820935825289675,,,,-0.0011689562090626366,,,,0.001315075735195466,-0.0004125727796691658,,,-0.0003434025658670653,0.0030860443919253607,-0.00039295981221460445,-0.000362211783089831,,,,-0.00039700399553070675,,,,,,,-0.0006074890535286143,,,,,,,,0.0010666052045824978,-0.00024637914671039277
1070,2026-07-31,SNPS,US8716071076,02497501,-0.00031619307294317216,-0.0003459691022337848,-0.0011869401507405232,-0.00035718106388025003,,-0.00043343320111311243,,,,-0.0008092773755049022,-0.0013859480802060002,,,,,-0.00047820935825289675,,,,-0.0011689562090626366,,-0.001315075735195466,,-0.001315075735195466,-0.0004125727796691658,,,0.0013378805167306475,-0.0031277476945189464,-0.00039295981221460445,-0.000362211783089831,,,,0.0011630820572583016,,0.0010969352104000098,,0.0026913177836558376,0.0009485792188295165,,-0.0006074890535286143,,,,,,,,,-0.00015622757983901992
1071,2026-07-31,SO,US8425871071,00985001,-0.00031619307294317216,-0.0003459691022337848,-0.0011869401507405232,-0.00035718106388025003,,,,0.001701862716135309,,,,,,,,-0.00047820935825289675,-0.0005497703786090309,,,,,,,,-0.0004125727796691658,0.005143407319875601,0.006612952268411486,,,-0.00039295981221460445,,-0.0006747910477970904,,-0.0013301915482436897,,,,-0.0016771980390898698,,0.0009485792188295165,,,,-0.0007766890248134296,,-0.00037032532703104327,-0.00062051830936837,-0.0002778551373282137,-0.0009076601152721648,,-0.00014392024635668027
1072,2026-07-31,SOBI,SE0000872095,27914301W,0.0009295314433510121,0.0010196181911647667,,0.0010520605881563728,0.0010617125201578075,,,,0.0005577188660106073,-0.0008092773755049022,,,,0.0006888491946261965,-0.000863631826098515,-0.00047820935825289675,-0.0005497703786090309,,,,,,0.002269150288180412,,,,,-0.0003434025658670653,,-0.00039295981221460445,-0.000362211783089831,-0.0006747910477970904,,,-0.00039700399553070675,,,,,,,-0.0006074890535286143,,-0.0007766890248134296,,-0.00037032532703104327,-0.00062051830936837,-0.0002778551373282137,-0.0009076601152721648,,-5.649706157110658e-05
1073,2026-07-31,SOF,BE0003717312,02405601W,,,,,,,,,0.0005577188660106073,,,,,,-0.000863631826098515,,-0.0005497703786090309,0.002183521975418887,-0.0030454385446631845,,-0.0007926483883369932,,-0.0023145332939440203,,,,,,,-0.00039295981221460445,-0.000362211783089831,0.002630151470390932,-0.00048019362944896687,-0.0013301915482436897,-0.00039700399553070675,,-0.0011127563913192406,,,-0.0009524828370140001,-0.001780410226110785,,-0.001361490172908247,-0.0007766890248134296,-0.0013456588918279188,-0.00037032532703104327,0.00062051830936837,-0.0002778551373282137,,-0.0010666052045824978,-0.0002587100194020749
1074,2026-07-31,SOFI,US83406F1021,03891601,-0.00031619307294317216,-0.0003459691022337848,-0.0011869401507405232,-0.00035718106388025003,0.0010617125201578075,-0.00043343320111311243,0.0026005992066786745,,-0.0016532380671028715,,,-0.0023861167978804334,-0.0007301366857867572,,,,-0.0005497703786090309,-0.0007099795380196381,,,-0.0007926483883369932,,,,,,,,,-0.00039295981221460445,-0.000362211783089831,-0.0006747910477970904,,-0.0013301915482436897,-0.00039700399553070675,,-0.0011127563913192406,-0.0016771980390898698,-0.0013942971650265183,,-0.001780410226110785,,,-0.0007766890248134296,,-0.00037032532703104327,0.00062051830936837,-0.0002778551373282137,-0.0009076601152721648,,-0.000300011371218076
1075,2026-07-31,SOL,AU000000SOL3,10456601W,0.0009295314433510121,0.0010196181911647667,,0.0010520605881563728,0.0010617125201578075,-0.00043343320111311243,,-0.000580083532316797,-0.0016532380671028715,,,0.0023617686672898165,-0.0007301366857867572,,,,-0.0005497703786090309,-0.0007099795380196381,-0.0030454385446631845,,-0.0007926483883369932,,,,,,,,,0.0011630820572583016,0.0010666052045824978,0.002630151470390932,0.0009524828370140001,-0.0013301915482436897,-0.00039700399553070675,,-0.0011127563913192406,,,-0.0009524828370140001,,0.0011808843336449082,-0.001361490172908247,0.0015430221959626803,-0.0013456588918279188,-0.00037032532703104327,,-0.0002778551373282137,,-0.0010666052045824978,-3.085456384238451e-05
1076,2026-07-31,SOON,CH0012549785,21179501W,-0.00031619307294317216,-0.0003459691022337848,,-0.00035718106388025003,-0.0005445960691632988,,,,0.0005577188660106073,-0.0008092773755049022,,,,0.0006888491946261965,-0.000863631826098515,-0.00047820935825289675,,,,,-0.0007926483883369932,,,,,,,-0.0003434025658670653,,-0.00039295981221460445,-0.000362211783089831,-0.0006747910477970904,-0.00048019362944896687,,-0.00039700399553070675,-0.0031277476945189464,-0.0011127563913192406,,,,,,,,,-0.00037032532703104327,0.00062051830936837,-0.0002778551373282137,0.0018082291358937658,,-0.00016533645871308334
1077,2026-07-31,SPG,US8288061091,02938901,-0.00031619307294317216,,,,,,,,,,,,,,,,-0.0005497703786090309,,,,,,,0.001315075735195466,,,,-0.0003434025658670653,,,,,,,,,,,,,,,,,,-0.00037032532703104327,-0.00062051830936837,-0.0002778551373282137,,0.0010666052045824978,2.014359868289616e-05
1078,2026-07-31,SPGI,US78409V1044,00716301,-0.00031619307294317216,-0.0003459691022337848,,-0.00035718106388025003,,-0.00043343320111311243,,,,,,,,,,,,-0.0007099795380196381,-0.0030454385446631845,,,,,,,,,,,-0.00039295981221460445,-0.000362211783089831,-0.0006747910477970904,-0.00048019362944896687,-0.0013301915482436897,-0.00039700399553070675,,,-0.0016771980390898698,0.0026913177836558376,,-0.001780410226110785,-0.0006074890535286143,,-0.0007766890248134296,-0.0013456588918279188,-0.00037032532703104327,-0.00062051830936837,-0.0002778551373282137,-0.0009076601152721648,-0.0010666052045824978,-0.0003264727573212041
1079,2026-07-31,SPOT,LU1778762911,03317501,-0.00031619307294317216,-0.0003459691022337848,-0.0011869401507405232,-0.00035718106388025003,,,,,,,0.001377698389252393,0.0023617686672898165,,,,,-0.0005497703786090309,,,,0.0015638738472594732,,,,,,,,,,,,,,,,,,,,,,,,,-0.00037032532703104327,0.00062051830936837,-0.0002778551373282137,,,0.00015346608336141952
1080,2026-07-31,SPSN,CH0008038389,24351501W,,,,,,,,,,,,,,,,,-0.0005497703786090309,,0.0010332737919392947,,,-0.001315075735195466,0.002269150288180412,-0.001315075735195466,,,,-0.0003434025658670653,,,,,-0.00048019362944896687,-0.0013301915482436897,,,,,,,,-0.0006074890535286143,,,-0.0013456588918279188,-0.00037032532703104327,-0.00062051830936837,-0.0002778551373282137,,,-0.00014358420110419958
1081,2026-07-31,SPX,GB00BWFGQN14,10061901W,-0.00031619307294317216,-0.0003459691022337848,,-0.00035718106388025003,-0.0005445960691632988,,,,0.0005577188660106073,,,,,0.0006888491946261965,,,0.0010866353492694932,,,,,,,,-0.0004125727796691658,,,-0.0003434025658670653,,-0.00039295981221460445,-0.000362211783089831,,-0.00048019362944896687,,-0.00039700399553070675,,,,,-0.0009524828370140001,,-0.0006074890535286143,,-0.0007766890248134296,,-0.00037032532703104327,0.00062051830936837,-0.0002778551373282137,,,-5.4973516003412515e-05
1082,2026-07-31,SRE,US8168511090,00827201,-0.00031619307294317216,-0.0003459691022337848,,-0.00035718106388025003,,,,-0.000580083532316797,-0.0016532380671028715,,,,,-0.00204825955216285,,-0.00047820935825289675,-0.0005497703786090309,,,,,-0.001315075735195466,,-0.001315075735195466,-0.0004125727796691658,,,,-0.0031277476945189464,-0.00039295981221460445,,-0.0006747910477970904,-0.00048019362944896687,0.0026005992066786745,,,,-0.0016771980390898698,,0.0009485792188295165,,-0.0006074890535286143,0.0013535282420725264,-0.0007766890248134296,-0.0013456588918279188,-0.00037032532703104327,-0.00062051830936837,-0.0002778551373282137,,,-0.00032029039864393485
1083,2026-07-31,SREN,CH0126881561,06354608W,-0.00031619307294317216,,,,-0.0005445960691632988,-0.00043343320111311243,,0.001701862716135309,,,,,,,-0.000863631826098515,,-0.0005497703786090309,-0.0007099795380196381,,,-0.0007926483883369932,,,,,,,,,0.0011630820572583016,0.0010666052045824978,0.002630151470390932,-0.00048019362944896687,,-0.00039700399553070675,,,,,,,-0.0006074890535286143,-0.001361490172908247,0.0015430221959626803,0.0013456588918279188,-0.00037032532703104327,,-0.0002778551373282137,-0.0009076601152721648,,1.6558478109255247e-05
1084,2026-07-31,SRG,IT0003153415,24945701W,-0.00031619307294317216,,,,-0.0005445960691632988,,,-0.000580083532316797,0.0005577188660106073,,-0.0013859480802060002,,,-0.00204825955216285,,-0.00047820935825289675,,,,,,-0.001315075735195466,,-0.001315075735195466,-0.0004125727796691658,,,,,-0.00039295981221460445,,-0.0006747910477970904,,-0.0013301915482436897,,,,,,,,,0.0013535282420725264,,-0.0013456588918279188,,0.00062051830936837,-0.0002778551373282137,0.0018082291358937658,,-0.0001504982705930831
1085,2026-07-31,SRT3,DE0007165631,20882102W,-0.00031619307294317216,,,-0.00035718106388025003,-0.0005445960691632988,,,,-0.0016532380671028715,-0.0008092773755049022,,,,-0.00204825955216285,,-0.00047820935825289675,,,,,-0.0007926483883369932,,0.002269150288180412,,,,,-0.0003434025658670653,,-0.00039295981221460445,-0.000362211783089831,-0.0006747910477970904,-0.00048019362944896687,,-0.00039700399553070675,,-0.0011127563913192406,,,,-0.001780410226110785,-0.0006074890535286143,,-0.0007766890248134296,,-0.00037032532703104327,-0.00062051830936837,-0.0002778551373282137,-0.0009076601152721648,0.0010666052045824978,-0.00021487763550961144
1086,2026-07-31,SSE,GB0007908733,10334201W,0.0009295314433510121,-0.0003459691022337848,,-0.00035718106388025003,0.0010617125201578075,,,-0.000580083532316797,-0.0016532380671028715,,,,,0.0006888491946261965,,-0.00047820935825289675,-0.0005497703786090309,,,,,,,,-0.0004125727796691658,,,,,-0.00039295981221460445,,0.002630151470390932,-0.00048019362944896687,0.0026005992066786745,,,,,,,,0.0011808843336449082,,-0.0007766890248134296,,0.0010917609877094435,0.00062051830936837,-0.0002778551373282137,,-0.0010666052045824978,8.508977713531003e-05
1087,2026-07-31,SSNC,US78467J1007,06296502,0.0009295314433510121,-0.0003459691022337848,,,,-0.00043343320111311243,,,0.0005577188660106073,,,,,0.0006888491946261965,,,,,,,,-0.001315075735195466,,-0.001315075735195466,-0.0004125727796691658,,,-0.0003434025658670653,,-0.00039295981221460445,-0.000362211783089831,,,,0.0011630820572583016,,0.0010969352104000098,,0.0026913177836558376,,,,,,,0.0010917609877094435,-0.00062051830936837,0.0010917609877094435,,,3.169218522419215e-05
1088,2026-07-31,STAN,GB0004082847,01564501W,0.0009295314433510121,0.0010196181911647667,,0.0010520605881563728,0.0010617125201578075,-0.00043343320111311243,,0.001701862716135309,0.0005577188660106073,,0.001377698389252393,,,,0.001701862716135309,,,0.002183521975418887,0.0010332737919392947,,0.0015638738472594732,,,,,,,,,,,,,,,,,,,0.0009485792188295165,,0.0011808843336449082,0.0013535282420725264,,,,,,-0.0009076601152721648,,0.0002726896988180368
1089,2026-07-31,STE,IE00BFY8C754,02531301,-0.00031619307294317216,-0.0003459691022337848,,-0.00035718106388025003,,,,,,-0.0008092773755049022,,,,,0.001701862716135309,-0.00047820935825289675,,,,,,,,,,,,-0.0003434025658670653,,,,0.002630151470390932,,,,,,,-0.0013942971650265183,,,,,,,-0.00037032532703104327,-0.00062051830936837,-0.0002778551373282137,-0.0009076601152721648,,-5.243252400632208e-05
1090,2026-07-31,STERV,FI0009005961,10102005W,-0.00031619307294317216,-0.0003459691022337848,,-0.00035718106388025003,-0.0005445960691632988,0.001278747676212166,,-0.000580083532316797,,,,,-0.0007301366857867572,,,-0.00047820935825289675,,-0.0007099795380196381,,,0.0015638738472594732,,,,-0.0004125727796691658,,,,,0.0011630820572583016,0.0010666052045824978,,-0.00048019362944896687,,-0.00039700399553070675,,-0.0011127563913192406,,,,-0.001780410226110785,-0.0006074890535286143,,,,-0.00037032532703104327,0.00062051830936837,-0.0002778551373282137,0.0018082291358937658,,1.5024872573386654e-05
1091,2026-07-31,STLAM,NL00150001Q9,10127610W,-0.00031619307294317216,-0.0003459691022337848,,-0.00035718106388025003,0.0010617125201578075,-0.00043343320111311243,,-0.000580083532316797,,-0.0008092773755049022,,,-0.0007301366857867572,,-0.000863631826098515,-0.00047820935825289675,0.0010866353492694932,-0.0007099795380196381,,-0.0011689562090626366,,,0.002269150288180412,,-0.0004125727796691658,,,-0.0003434025658670653,,-0.00039295981221460445,-0.000362211783089831,-0.0006747910477970904,-0.00048019362944896687,-0.0013301915482436897,-0.00039700399553070675,-0.0031277476945189464,-0.0011127563913192406,,,0.0009485792188295165,,,0.0013535282420725264,,,-0.00037032532703104327,,-0.0002778551373282137,,,-0.00019932487328889459
1092,2026-07-31,STLD,US8581191009,06403001,0.0009295314433510121,0.0010196181911647667,0.0022916171227168516,0.0010520605881563728,,-0.00043343320111311243,,-0.000580083532316797,,,,,-0.0007301366857867572,,-0.000863631826098515,-0.00047820935825289675,-0.0005497703786090309,-0.0007099795380196381,,,-0.0007926483883369932,,,,-0.0004125727796691658,,,-0.0003434025658670653,,-0.00039295981221460445,-0.000362211783089831,,0.0009524828370140001,,,,,0.0032599060478084793,-0.0013942971650265183,,,,,,,-0.00037032532703104327,-0.00062051830936837,-0.0002778551373282137,,,3.20748569470138e-05
1093,2026-07-31,STMMI,NL0000226223,03114203W,,,,,,,,,,-0.0008092773755049022,,,-0.0007301366857867572,,,-0.00047820935825289675,,,,-0.0011689562090626366,,,,,-0.0004125727796691658,,,-0.0003434025658670653,,-0.00039295981221460445,-0.000362211783089831,,-0.00048019362944896687,,-0.00039700399553070675,,-0.0011127563913192406,,,,,,,,,,,,,,-0.00013290273537407322
1094,2026-07-31,STMN,CH1175448666,22821801W,-0.00031619307294317216,,,,-0.0005445960691632988,,,,-0.0016532380671028715,-0.0008092773755049022,,,,-0.00204825955216285,-0.000863631826098515,-0.00047820935825289675,-0.0005497703786090309,,,,-0.0007926483883369932,,,,,,,-0.0003434025658670653,,-0.00039295981221460445,-0.000362211783089831,-0.0006747910477970904,-0.00048019362944896687,,-0.00039700399553070675,,,,,-0.0009524828370140001,,-0.0006074890535286143,-0.001361490172908247,-0.0007766890248134296,,-0.00037032532703104327,-0.00062051830936837,-0.0002778551373282137,-0.0009076601152721648,,-0.0003059409787279781
1095,2026-07-31,STN,CA85472N1096,02998501C,-0.00031619307294317216,-0.0003459691022337848,,-0.00035718106388025003,,-0.00043343320111311243,,,0.0005577188660106073,,,,0.0014199590760392762,0.0006888491946261965,,,-0.0005497703786090309,,,,,,,,-0.0004125727796691658,,,-0.0003434025658670653,,0.0011630820572583016,0.0010666052045824978,,0.0009524828370140001,,,,,,,-0.0009524828370140001,,,,,,-0.00037032532703104327,-0.00062051830936837,-0.0002778551373282137,,,-1.8015049704576476e-05
1096,2026-07-31,STO,AU000000STO6,10016501W,0.0009295314433510121,,,-0.00035718106388025003,,-0.00043343320111311243,,-0.000580083532316797,,,,,,-0.00204825955216285,,,,,0.0010332737919392947,,,-0.001315075735195466,,-0.001315075735195466,-0.0004125727796691658,,,-0.0003434025658670653,,,,,,,0.0011630820572583016,,,,,,,,,,-0.0013456588918279188,,0.00062051830936837,-0.0002778551373282137,,,-0.00011425418942044283
1097,2026-07-31,STT,US8574771031,01003501,0.0009295314433510121,0.0010196181911647667,0.0022916171227168516,0.0010520605881563728,,,,0.001701862716135309,,,,,,,,,0.0010866353492694932,-0.0007099795380196381,0.0010332737919392947,,,,,,,,,,,,-0.000362211783089831,,,,0.0011630820572583016,,0.0010969352104000098,0.0032599060478084793,0.0026913177836558376,,,,,,,-0.00037032532703104327,-0.00062051830936837,-0.0002778551373282137,-0.0009076601152721648,,0.00027370254839745637
1098,2026-07-31,STX,IE00BKVD2N49,15093701,0.0009295314433510121,0.0010196181911647667,,,0.0010617125201578075,,,0.001701862716135309,,0.0031705935533479727,0.001377698389252393,0.0023617686672898165,0.0014199590760392762,,,0.001881734385320342,,,,0.004538300576360824,,0.001315075735195466,,0.001315075735195466,0.0016185547510098044,,,0.0013378805167306475,0.0030860443919253607,-0.00039295981221460445,-0.000362211783089831,,-0.00048019362944896687,,,,,0.0032599060478084793,0.0026913177836558376,,,,,,,,,,,0.0010666052045824978,0.0006993000009002162
1099,2026-07-31,STZ,US21036P1084,00271002,-0.00031619307294317216,-0.0003459691022337848,-0.0011869401507405232,,-0.0005445960691632988,,,,,,,,-0.0007301366857867572,-0.00204825955216285,,-0.00047820935825289675,,,,,-0.0007926483883369932,-0.001315075735195466,,,,-0.005645203155961025,,-0.0003434025658670653,,0.0011630820572583016,0.0010666052045824978,,-0.00048019362944896687,,,,,,,,,,-0.001361490172908247,0.0015430221959626803,-0.0013456588918279188,-0.00037032532703104327,-0.00062051830936837,-0.0002778551373282137,-0.0009076601152721648,,-0.0002342809183045856
1100,2026-07-31,SU,CA8672241079,01507001C,0.0009295314433510121,,,0.0010520605881563728,-0.0005445960691632988,-0.00043343320111311243,,-0.000580083532316797,,,,,-0.0007301366857867572,0.0006888491946261965,,,,,0.0010332737919392947,,,,,,-0.0004125727796691658,,,-0.0003434025658670653,,,,,,,-0.00039700399553070675,,-0.0011127563913192406,,,,,-0.0006074890535286143,,,,-0.00037032532703104327,-0.00062051830936837,-0.0002778551373282137,,,-0.00011420203325739841
1101,2026-07-31,SU,FR0000121972,10133602W,-0.00031619307294317216,-0.0003459691022337848,,-0.00035718106388025003,,-0.00043343320111311243,,,0.0005577188660106073,,,,,0.0006888491946261965,,,,,,,,,,,-0.0004125727796691658,,,-0.0003434025658670653,,-0.00039295981221460445,-0.000362211783089831,,-0.00048019362944896687,,-0.00039700399553070675,,,,,0.0009485792188295165,,,,-0.0007766890248134296,,-0.00037032532703104327,-0.00062051830936837,-0.0002778551373282137,,,-7.62157146135413e-05
1102,2026-07-31,SUI,US8666741041,02935901,-0.00031619307294317216,,,,,,,,,,,,,,,,0.0010866353492694932,,,,,,,,,,,-0.0003434025658670653,0.0030860443919253607,,,,,,,0.0031277476945189464,,,,-0.0009524828370140001,-0.001780410226110785,-0.0006074890535286143,,,,,0.00062051830936837,-0.0002778551373282137,,,0.00010923670232408987
1103,2026-07-31,SUN,AU000000SUN6,20514501W,-0.00031619307294317216,-0.0003459691022337848,,-0.00035718106388025003,-0.0005445960691632988,0.001278747676212166,,,0.0005577188660106073,,0.001377698389252393,,,,0.001701862716135309,,0.0010866353492694932,-0.0007099795380196381,,,,,,,,,,,,-0.00039295981221460445,-0.000362211783089831,-0.0006747910477970904,0.0009524828370140001,0.0026005992066786745,-0.00039700399553070675,,,,,-0.0009524828370140001,,-0.0006074890535286143,,-0.0007766890248134296,0.0013456588918279188,0.0010917609877094435,-0.00062051830936837,0.0010917609877094435,,-0.0010666052045824978,0.00011865786792723217
1104,2026-07-31,SVT,GB00B1FH8J72,10260303W,0.0009295314433510121,,,,0.0010617125201578075,,,-0.000580083532316797,-0.0016532380671028715,,-0.0013859480802060002,,,-0.00204825955216285,,-0.00047820935825289675,-0.0005497703786090309,,,,,,,0.001315075735195466,0.0016185547510098044,,,,,0.0011630820572583016,,-0.0006747910477970904,0.0009524828370140001,-0.0013301915482436897,,,,,,,,0.0011808843336449082,,-0.0007766890248134296,,,0.00062051830936837,-0.0002778551373282137,-0.0009076601152721648,0.0010666052045824978,-7.152271335679366e-06
1105,2026-07-31,SW,FR0000121220,10208901W,-0.00031619307294317216,-0.0003459691022337848,,-0.00035718106388025003,-0.0005445960691632988,,,-0.000580083532316797,,-0.0008092773755049022,,,,,-0.000863631826098515,-0.00047820935825289675,,-0.0007099795380196381,,-0.0011689562090626366,,0.001315075735195466,,0.001315075735195466,-0.0004125727796691658,,,-0.0003434025658670653,,-0.00039295981221460445,-0.000362211783089831,-0.0006747910477970904,-0.00048019362944896687,-0.0013301915482436897,0.0011630820572583016,-0.0031277476945189464,,,,,,,0.0013535282420725264,,,,,-0.0002778551373282137,,,-0.00014454684714593742
1106,2026-07-31,SW,IE00028FXN24,28318401,-0.00031619307294317216,-0.0003459691022337848,-0.0011869401507405232,-0.00035718106388025003,,-0.00043343320111311243,,-0.000580083532316797,,,,,0.0014199590760392762,,0.001701862716135309,-0.00047820935825289675,,-0.0007099795380196381,,,,,,,-0.0004125727796691658,-0.005645203155961025,-0.005645203155961025,-0.0003434025658670653,0.0030860443919253607,0.0011630820572583016,-0.000362211783089831,,0.0009524828370140001,,0.0011630820572583016,,0.0010969352104000098,,-0.0013942971650265183,0.0009485792188295165,-0.001780410226110785,-0.0006074890535286143,,,,,-0.00062051830936837,-0.0002778551373282137,-0.0009076601152721648,,-5.837541778365711e-05
1107,2026-07-31,SWED A,SE0000242455,02457801W,0.0009295314433510121,-0.0003459691022337848,,-0.00035718106388025003,-0.0005445960691632988,,,-0.000580083532316797,0.0005577188660106073,,0.001377698389252393,,,,,,,0.002183521975418887,0.0010332737919392947,,,,,,,,,,,,-0.000362211783089831,,-0.00048019362944896687,0.0026005992066786745,,,,,,,,,,,-0.0013456588918279188,,,,0.0018082291358937658,,0.0001451482093468263
1108,2026-07-31,SY1,DE000SYM9999,28177201W,-0.00031619307294317216,-0.0003459691022337848,,-0.00035718106388025003,-0.0005445960691632988,-0.00043343320111311243,,-0.000580083532316797,,,-0.0013859480802060002,,0.0014199590760392762,,-0.000863631826098515,-0.00047820935825289675,0.0010866353492694932,-0.0007099795380196381,,,-0.0007926483883369932,,,,-0.0004125727796691658,,,-0.0003434025658670653,,-0.00039295981221460445,-0.000362211783089831,,-0.00048019362944896687,,-0.00039700399553070675,,-0.0011127563913192406,,,-0.0009524828370140001,,-0.0006074890535286143,,,,-0.00037032532703104327,0.00062051830936837,-0.0002778551373282137,-0.0009076601152721648,,-0.0002566286077557286
1109,2026-07-31,SYENS,BE0974464977,35964501W,-0.00031619307294317216,0.0010196181911647667,,,-0.0005445960691632988,-0.00043343320111311243,,-0.000580083532316797,,,,,,,-0.000863631826098515,-0.00047820935825289675,,-0.0007099795380196381,,,,,,,-0.0004125727796691658,,,-0.0003434025658670653,,-0.00039295981221460445,-0.000362211783089831,,-0.00048019362944896687,,-0.00039700399553070675,,,,,,,-0.0006074890535286143,,,,,0.00062051830936837,0.0010917609877094435,,,-6.353950230139147e-05
1110,2026-07-31,SYF,US87165B1035,02068601,,-0.0003459691022337848,,,,,,-0.000580083532316797,0.0005577188660106073,,-0.0013859480802060002,,,,-0.000863631826098515,,,-0.0007099795380196381,,,-0.0007926483883369932,,,,,,,,,0.0011630820572583016,0.0010666052045824978,-0.0006747910477970904,0.0009524828370140001,,,,,,-0.0013942971650265183,,0.001780410226110785,0.0011808843336449082,,0.0015430221959626803,0.0013456588918279188,0.0010917609877094435,0.00062051830936837,0.0010917609877094435,0.0018082291358937658,,0.00021838664535554862
1111,2026-07-31,SYK,US8636671013,01011501,-0.00031619307294317216,-0.0003459691022337848,-0.0011869401507405232,-0.00035718106388025003,,,,,0.0005577188660106073,-0.0008092773755049022,,,,0.0006888491946261965,0.001701862716135309,-0.00047820935825289675,0.0010866353492694932,,,,-0.0007926483883369932,,,,,,,-0.0003434025658670653,,-0.00039295981221460445,-0.000362211783089831,-0.0006747910477970904,,,,,,,-0.0013942971650265183,,,-0.0006074890535286143,,-0.0007766890248134296,,-0.00037032532703104327,-0.00062051830936837,-0.0002778551373282137,-0.0009076601152721648,,-0.00016153013168017448
1112,2026-07-31,SYY,US8718291078,01024701,-0.00031619307294317216,-0.0003459691022337848,,,-0.0005445960691632988,,,,,,,,-0.0007301366857867572,0.0006888491946261965,,-0.00047820935825289675,,,0.0010332737919392947,,,0.001315075735195466,,0.001315075735195466,,,,-0.0003434025658670653,,-0.00039295981221460445,-0.000362211783089831,,0.0009524828370140001,,-0.00039700399553070675,,,,0.0026913177836558376,,,-0.0006074890535286143,,,0.0013456588918279188,-0.00037032532703104327,,-0.0002778551373282137,-0.0009076601152721648,0.0010666052045824978,8.926425051575562e-05
1113,2026-07-31,T,CA87971M1032,00240801C,-0.00031619307294317216,-0.0003459691022337848,,-0.00035718106388025003,-0.0005445960691632988,-0.00043343320111311243,,-0.000580083532316797,,,,,,,,,,,,,-0.0007926483883369932,,,,,-0.005645203155961025,,,,,-0.000362211783089831,,-0.00048019362944896687,,,,,,,,,,,,,-0.00037032532703104327,-0.00062051830936837,-0.0002778551373282137,,,-0.00016198201645132294
1114,2026-07-31,T,US00206R1023,00989901,-0.00031619307294317216,-0.0003459691022337848,,,0.0010617125201578075,,,,,,,0.0023617686672898165,,,,,-0.0005497703786090309,,,,,,,,,,,,,,0.0010666052045824978,,,,,,,,,0.0009485792188295165,,,,,,0.0010917609877094435,-0.00062051830936837,-0.0002778551373282137,,,0.0001663558609203665
1115,2026-07-31,TCL,AU000000TCL6,21265001W,,0.0010196181911647667,,,0.0010617125201578075,-0.00043343320111311243,,,0.0005577188660106073,,,,,0.0006888491946261965,,,,,,,,-0.001315075735195466,,-0.001315075735195466,0.0016185547510098044,,,,,,,,-0.00048019362944896687,,-0.00039700399553070675,,,,,,,0.0011808843336449082,,-0.0007766890248134296,-0.0013456588918279188,-0.00037032532703104327,-0.00062051830936837,-0.0002778551373282137,,0.0010666052045824978,-0.00010078529116993992
1116,2026-07-31,TD,CA8911605092,01570601C,,,,,,-0.00043343320111311243,,,0.0005577188660106073,,-0.0013859480802060002,,,,,,,-0.0007099795380196381,0.0010332737919392947,,,,,,,,,,,,0.0010666052045824978,,-0.00048019362944896687,,,,,,,0.0009485792188295165,,,,,,,,,,,4.168658294718175e-06
1117,2026-07-31,TDG,US8936411003,14834901,,,,,,-0.00043343320111311243,,,0.0005577188660106073,,,,-0.0007301366857867572,0.0006888491946261965,,,-0.0005497703786090309,,,,,-0.001315075735195466,,-0.001315075735195466,-0.0004125727796691658,,,-0.0003434025658670653,,-0.00039295981221460445,-0.000362211783089831,,,,-0.00039700399553070675,,,-0.0016771980390898698,,,,-0.0006074890535286143,-0.001361490172908247,-0.0007766890248134296,-0.0013456588918279188,-0.00037032532703104327,,-0.0002778551373282137,,,-0.0002547912720807179
1118,2026-07-31,TDY,US8793601050,12672101,-0.00031619307294317216,-0.0003459691022337848,-0.0011869401507405232,-0.00035718106388025003,-0.0005445960691632988,-0.00043343320111311243,-0.002630151470390932,0.001701862716135309,,-0.0008092773755049022,,,-0.0007301366857867572,,,-0.00047820935825289675,,,,-0.0011689562090626366,,-0.001315075735195466,,-0.001315075735195466,-0.0004125727796691658,,,-0.0003434025658670653,,-0.00039295981221460445,-0.000362211783089831,,,,-0.00039700399553070675,,,-0.0016771980390898698,-0.0013942971650265183,,,-0.0006074890535286143,,,,,,,,,-0.0003160480672378288
1119,2026-07-31,TEAM,US0494681010,02649401,0.0009295314433510121,0.0010196181911647667,0.0022916171227168516,0.0010520605881563728,0.0010617125201578075,0.001278747676212166,0.0026005992066786745,,,-0.0008092773755049022,0.001377698389252393,0.0023617686672898165,-0.0007301366857867572,,,-0.00047820935825289675,,,,-0.0011689562090626366,,0.001315075735195466,,0.001315075735195466,-0.0004125727796691658,,,-0.0003434025658670653,0.0030860443919253607,,0.0010666052045824978,,0.0009524828370140001,,-0.00039700399553070675,,-0.0011127563913192406,-0.0016771980390898698,-0.0013942971650265183,,,-0.0006074890535286143,,,,,,,,0.0010666052045824978,0.00033107458122307075
1120,2026-07-31,TECK.B,CA8787422044,01038501C,0.0009295314433510121,0.0010196181911647667,,0.0010520605881563728,,0.001278747676212166,,0.001701862716135309,,,-0.0013859480802060002,,,,,-0.00047820935825289675,,-0.0007099795380196381,,,-0.0007926483883369932,,,,0.0016185547510098044,,,-0.0003434025658670653,,0.0011630820572583016,0.0010666052045824978,,0.0009524828370140001,,,,,,,0.0009485792188295165,,,,,,-0.00037032532703104327,0.00062051830936837,-0.0002778551373282137,,,0.00012317712525369693
1121,2026-07-31,TEF,ES0178430E18,01368301W,0.0009295314433510121,0.0010196181911647667,,0.0010520605881563728,0.0010617125201578075,-0.00043343320111311243,,,,,,-0.0023861167978804334,,,,,0.0010866353492694932,,,,,,,,,,,,,,-0.000362211783089831,,-0.00048019362944896687,,,,,,,,,,,,,0.0010917609877094435,0.00062051830936837,-0.0002778551373282137,,,-4.761701394901908e-05
1122,2026-07-31,TEL,IE000IVNQZ81,17726702,-0.00031619307294317216,-0.0003459691022337848,,-0.00035718106388025003,,-0.00043343320111311243,,-0.000580083532316797,,-0.0008092773755049022,,,,,,-0.00047820935825289675,,,,-0.0011689562090626366,,,,,-0.0004125727796691658,,,-0.0003434025658670653,,0.0011630820572583016,0.0010666052045824978,,0.0009524828370140001,,,,0.0010969352104000098,,-0.0013942971650265183,,,,,,,,,,,,9.55116388867447e-07
1123,2026-07-31,TEL,NO0010063308,22161201W,-0.00031619307294317216,0.0010196181911647667,,0.0010520605881563728,-0.0005445960691632988,-0.00043343320111311243,,-0.000580083532316797,,,,-0.0023861167978804334,,,,,0.0010866353492694932,,,,,,,,,,,,,,0.0010666052045824978,,-0.00048019362944896687,,,,,,,,,,,,,,0.00062051830936837,0.0010917609877094435,,,-6.748147543410682e-05
1124,2026-07-31,TEL2 B,SE0005190238,22228601W,-0.00031619307294317216,0.0010196181911647667,,0.0010520605881563728,-0.0005445960691632988,-0.00043343320111311243,,0.001701862716135309,,,,,,,-0.000863631826098515,,,,,,,,,,,,,,,,-0.000362211783089831,,-0.00048019362944896687,,,,,,,-0.0009524828370140001,,,,,,-0.00037032532703104327,,-0.0002778551373282137,,,1.8700756033686823e-06
1125,2026-07-31,TELIA,SE0000667925,22057901W,0.0009295314433510121,-0.0003459691022337848,,-0.00035718106388025003,,-0.00043343320111311243,,-0.000580083532316797,,,,,,,0.001701862716135309,,0.0010866353492694932,,,,,,,,,,,,,,-0.000362211783089831,,-0.00048019362944896687,,,,,,,,,,,,,,,-0.0002778551373282137,,,-2.3028905572268178e-05
1126,2026-07-31,TEN,LU2598331598,15193303W,-0.00031619307294317216,,,-0.00035718106388025003,,,,,0.0005577188660106073,,-0.0013859480802060002,,,0.0006888491946261965,,,,,,,,,,,-0.0004125727796691658,,,-0.0003434025658670653,,,,,,,-0.00039700399553070675,,,,,,,,,,,-0.00037032532703104327,0.00062051830936837,0.0010917609877094435,,-0.0010666052045824978,-9.720490147132442e-06
1127,2026-07-31,TER,US8807701029,01045301,,0.0010196181911647667,,,-0.0005445960691632988,,,0.001701862716135309,,0.0031705935533479727,,,0.0014199590760392762,,,0.001881734385320342,,,,0.004538300576360824,,,,,0.0016185547510098044,,,-0.0003434025658670653,0.0030860443919253607,-0.00039295981221460445,-0.000362211783089831,,,,-0.00039700399553070675,,,-0.0016771980390898698,0.0026913177836558376,-0.0009524828370140001,,,,,,,,,,-0.0010666052045824978,0.000161007858189799
1128,2026-07-31,TEVA,US8816242098,01453890,-0.00031619307294317216,-0.0003459691022337848,-0.0011869401507405232,-0.00035718106388025003,-0.0005445960691632988,,-0.002630151470390932,,0.0005577188660106073,-0.0008092773755049022,,,,0.0006888491946261965,-0.000863631826098515,-0.00047820935825289675,0.0010866353492694932,,,,0.0015638738472594732,,,0.001315075735195466,,,,-0.0003434025658670653,,0.0011630820572583016,0.0010666052045824978,0.002630151470390932,-0.00048019362944896687,,,,,,-0.0013942971650265183,,,-0.0006074890535286143,0.0013535282420725264,0.0015430221959626803,,-0.00037032532703104327,0.00062051830936837,-0.0002778551373282137,-0.0009076601152721648,0.0010666052045824978,8.713437984982886e-05
1129,2026-07-31,TFC,US89832Q1094,01185601,-0.00031619307294317216,-0.0003459691022337848,,,,,,0.001701862716135309,0.0005577188660106073,,-0.0013859480802060002,,,,,,,-0.0007099795380196381,0.0010332737919392947,,,,,,,,,,,,0.0010666052045824978,,0.0009524828370140001,-0.0013301915482436897,,,,,-0.0013942971650265183,,,0.0011808843336449082,,,,,,,-0.0009076601152721648,,3.3440521368196356e-05
1130,2026-07-31,TFII,CA87241L1094,15076401C,0.0009295314433510121,0.0010196181911647667,,0.0010520605881563728,,-0.00043343320111311243,,,,,,,-0.0007301366857867572,0.0006888491946261965,,,,,,,,,,,-0.0004125727796691658,,,-0.0003434025658670653,,-0.00039295981221460445,-0.000362211783089831,,-0.00048019362944896687,,-0.00039700399553070675,,-0.0011127563913192406,,,,,-0.0006074890535286143,,-0.0007766890248134296,,0.0010917609877094435,-0.00062051830936837,-0.0002778551373282137,,,-7.709443247684694e-05
1131,2026-07-31,TGT,US87612E1064,00381301,0.0009295314433510121,0.0010196181911647667,0.0022916171227168516,,-0.0005445960691632988,,-0.002630151470390932,,,,0.001377698389252393,,0.0014199590760392762,0.0006888491946261965,0.001701862716135309,-0.00047820935825289675,-0.0005497703786090309,,-0.0030454385446631845,,,0.001315075735195466,,0.001315075735195466,,-0.005645203155961025,,-0.0003434025658670653,,-0.00039295981221460445,-0.000362211783089831,,,,-0.00039700399553070675,,,,0.0026913177836558376,,,-0.0006074890535286143,,,,,,-0.0002778551373282137,0.0018082291358937658,,2.428607180967997e-05
1132,2026-07-31,TIGO,LU0038705702,03002401,0.0009295314433510121,0.0010196181911647667,0.0022916171227168516,0.0010520605881563728,,-0.00043343320111311243,0.0026005992066786745,,,,,-0.0023861167978804334,,,0.001701862716135309,,-0.0005497703786090309,,,,0.0015638738472594732,,,,,,,,,,0.0010666052045824978,,,,,,,,-0.0013942971650265183,,,,,,,-0.00037032532703104327,,-0.0002778551373282137,,,1.8470156210442142e-05
1133,2026-07-31,TIH,CA8911021050,01502001C,0.0009295314433510121,,,-0.00035718106388025003,,-0.00043343320111311243,,,,,,,0.0014199590760392762,,,,,,,,,,,,0.0016185547510098044,,,-0.0003434025658670653,,,-0.000362211783089831,,,,0.0011630820572583016,,0.0010969352104000098,,,-0.0009524828370140001,,,-0.001361490172908247,-0.0007766890248134296,,-0.00037032532703104327,0.00062051830936837,-0.0002778551373282137,,-0.0010666052045824978,-1.712934519207269e-05
1134,2026-07-31,TJX,US8725401090,01167201,,0.0010196181911647667,,,-0.0005445960691632988,,-0.002630151470390932,0.001701862716135309,,0.0031705935533479727,0.001377698389252393,,,,,0.001881734385320342,,-0.0007099795380196381,,0.004538300576360824,,0.001315075735195466,,0.001315075735195466,-0.0004125727796691658,,,0.0013378805167306475,,,-0.000362211783089831,-0.0006747910477970904,,,,,,0.0032599060478084793,,,,,,,,-0.00037032532703104327,,-0.0002778551373282137,,,0.000340600841896473
1135,2026-07-31,TLC,AU0000219529,35307001W,-0.00031619307294317216,-0.0003459691022337848,,-0.00035718106388025003,-0.0005445960691632988,-0.00043343320111311243,,-0.000580083532316797,,-0.0008092773755049022,0.001377698389252393,0.0023617686672898165,,,0.001701862716135309,-0.00047820935825289675,,0.002183521975418887,,-0.0011689562090626366,0.0015638738472594732,,0.002269150288180412,0.001315075735195466,-0.0004125727796691658,,,-0.0003434025658670653,,-0.00039295981221460445,-0.000362211783089831,-0.0006747910477970904,-0.00048019362944896687,-0.0013301915482436897,0.0011630820572583016,-0.0031277476945189464,0.0010969352104000098,,,-0.0009524828370140001,,,,,,-0.00037032532703104327,,-0.0002778551373282137,,0.0010666052045824978,0.00018099986815034422
1136,2026-07-31,TLS,AU000000TLS2,21021602W,-0.00031619307294317216,-0.0003459691022337848,,-0.00035718106388025003,-0.0005445960691632988,-0.00043343320111311243,,-0.000580083532316797,,,,0.0023617686672898165,,,0.001701862716135309,,,,,,-0.0007926483883369932,,,,,,,,,,,,-0.00048019362944896687,,,,,,,,,,,,,,-0.00062051830936837,-0.0002778551373282137,,,3.245288654763807e-05
1137,2026-07-31,TLX,DE000TLX1005,26980901W,,-0.0003459691022337848,,-0.00035718106388025003,,0.001278747676212166,,,,,0.001377698389252393,,,,,,,-0.0007099795380196381,0.0010332737919392947,,-0.0007926483883369932,,,,,,,,,,0.0010666052045824978,-0.0006747910477970904,0.0009524828370140001,,-0.00039700399553070675,,,,,,0.001780410226110785,,-0.001361490172908247,0.0015430221959626803,0.0013456588918279188,0.0010917609877094435,0.00062051830936837,0.0010917609877094435,,,0.00019987487467719843
1138,2026-07-31,TMO,US8835561023,01053001,-0.00031619307294317216,,,-0.00035718106388025003,-0.0005445960691632988,,,,0.0005577188660106073,-0.0008092773755049022,,,,0.0006888491946261965,,-0.00047820935825289675,-0.0005497703786090309,,,,,,,,,,,-0.0003434025658670653,,-0.00039295981221460445,-0.000362211783089831,-0.0006747910477970904,-0.00048019362944896687,,-0.00039700399553070675,,,,,0.0009485792188295165,,-0.0006074890535286143,,,,-0.00037032532703104327,-0.00062051830936837,-0.0002778551373282137,,,-0.00012995699867357033
1139,2026-07-31,TMUS,US8725901040,01787401,-0.00031619307294317216,-0.0003459691022337848,-0.0011869401507405232,-0.00035718106388025003,0.0010617125201578075,0.001278747676212166,,,,,,,,,,,,,,,-0.0007926483883369932,,,,,0.005143407319875601,,,,,-0.000362211783089831,,0.0009524828370140001,,,,,,0.0026913177836558376,0.0009485792188295165,,,,,,,-0.00062051830936837,-0.0002778551373282137,,,3.7082550774852086e-05
1140,2026-07-31,TOST,US8887871080,03952401,,0.0010196181911647667,0.0022916171227168516,,0.0010617125201578075,-0.00043343320111311243,0.0026005992066786745,-0.000580083532316797,-0.0016532380671028715,,0.001377698389252393,0.0023617686672898165,0.0014199590760392762,,,,0.0010866353492694932,-0.0007099795380196381,-0.0030454385446631845,,,,,,,,,,,,,-0.0006747910477970904,0.0009524828370140001,,,,,0.0032599060478084793,,-0.0009524828370140001,-0.001780410226110785,,,-0.0007766890248134296,,-0.00037032532703104327,,-0.0002778551373282137,-0.0009076601152721648,-0.0010666052045824978,0.00016593945752986305
1141,2026-07-31,TOU,CA89156V1067,18595601C,-0.00031619307294317216,,,-0.00035718106388025003,,-0.00043343320111311243,,-0.000580083532316797,-0.0016532380671028715,,,,,-0.00204825955216285,,,,,-0.0030454385446631845,,,-0.001315075735195466,,-0.001315075735195466,-0.0004125727796691658,,-0.005645203155961025,-0.0003434025658670653,,,,,,,-0.00039700399553070675,,,,,,,,,,-0.0013456588918279188,-0.00037032532703104327,-0.00062051830936837,-0.0002778551373282137,0.0018082291358937658,-0.0010666052045824978,-0.00031037397226032256
1142,2026-07-31,TPL,US88262P1021,01050401,,,,,,,,,0.0005577188660106073,,-0.0013859480802060002,,,0.0006888491946261965,,,-0.0005497703786090309,,-0.0030454385446631845,,,,,,-0.0004125727796691658,,0.006612952268411486,0.0013378805167306475,,,,,,,,,,,-0.0013942971650265183,,,,-0.001361490172908247,,-0.0013456588918279188,-0.00037032532703104327,-0.00062051830936837,-0.0002778551373282137,-0.0009076601152721648,-0.0010666052045824978,-0.0002553508638331664
1143,2026-07-31,TPR,US8760301072,14054101,0.0009295314433510121,0.0010196181911647667,0.0022916171227168516,0.0010520605881563728,,0.001278747676212166,,0.001701862716135309,,0.0031705935533479727,,,0.0014199590760392762,,0.001701862716135309,-0.00047820935825289675,0.0010866353492694932,0.002183521975418887,,0.004538300576360824,,,,0.001315075735195466,0.0016185547510098044,,,0.0013378805167306475,0.0030860443919253607,-0.00039295981221460445,-0.000362211783089831,-0.0006747910477970904,,,0.0011630820572583016,,0.0010969352104000098,0.0032599060478084793,,-0.0009524828370140001,,,-0.001361490172908247,,,-0.00037032532703104327,,-0.0002778551373282137,,0.0010666052045824978,0.0006001939395807148
1144,2026-07-31,TREL B,SE0000114837,10104802W,0.0009295314433510121,,,,-0.0005445960691632988,-0.00043343320111311243,,,0.0005577188660106073,,,,-0.0007301366857867572,,,,,,,,,,,-0.001315075735195466,-0.0004125727796691658,,,-0.0003434025658670653,,-0.00039295981221460445,-0.000362211783089831,,-0.00048019362944896687,,-0.00039700399553070675,,,,,-0.0009524828370140001,,-0.0006074890535286143,,,,-0.00037032532703104327,-0.00062051830936837,-0.0002778551373282137,,-0.0010666052045824978,-0.00017295736380285072
1145,2026-07-31,TRGP,US87612G1013,18553201,-0.00031619307294317216,,,-0.00035718106388025003,,-0.00043343320111311243,,-0.000580083532316797,-0.0016532380671028715,,0.001377698389252393,,-0.0007301366857867572,,,,-0.0005497703786090309,,0.0010332737919392947,,,,,0.001315075735195466,0.0016185547510098044,,,0.0013378805167306475,,,,,,,-0.00039700399553070675,,,,,,,,-0.001361490172908247,,-0.0013456588918279188,-0.00037032532703104327,-0.00062051830936837,-0.0002778551373282137,-0.0009076601152721648,0.0010666052045824978,-7.420107901150567e-05
1146,2026-07-31,TRMB,US8962391004,02281501,-0.00031619307294317216,-0.0003459691022337848,-0.0011869401507405232,-0.00035718106388025003,,,,0.001701862716135309,,-0.0008092773755049022,,,,,,-0.00047820935825289675,,,,-0.0011689562090626366,,-0.001315075735195466,,,-0.0004125727796691658,,,-0.0003434025658670653,,-0.00039295981221460445,-0.000362211783089831,,,,,,,-0.0016771980390898698,-0.0013942971650265183,,,,,,,,,,,,-0.00013807396632288844
1147,2026-07-31,TRN,IT0003242622,27045101W,-0.00031619307294317216,-0.0003459691022337848,,-0.00035718106388025003,-0.0005445960691632988,,,-0.000580083532316797,-0.0016532380671028715,,-0.0013859480802060002,,,-0.00204825955216285,,-0.00047820935825289675,-0.0005497703786090309,,,,,-0.001315075735195466,,-0.001315075735195466,-0.0004125727796691658,,,,,-0.00039295981221460445,,-0.0006747910477970904,,0.0026005992066786745,,,,,,,,-0.0006074890535286143,,,-0.0013456588918279188,,0.00062051830936837,-0.0002778551373282137,,,-0.00019763801141878826
1148,2026-07-31,TROW,US74144T1088,01213801,-0.00031619307294317216,-0.0003459691022337848,-0.0011869401507405232,-0.00035718106388025003,-0.0005445960691632988,,-0.002630151470390932,,-0.0016532380671028715,,,,0.0014199590760392762,,,,,-0.0007099795380196381,-0.0030454385446631845,,-0.0007926483883369932,,,,,,,,,,-0.000362211783089831,,,-0.0013301915482436897,,,,0.0032599060478084793,-0.0013942971650265183,-0.0009524828370140001,,-0.0006074890535286143,,,,,0.00062051830936837,-0.0002778551373282137,0.0018082291358937658,-0.0010666052045824978,-8.332233162521774e-05
1149,2026-07-31,TRP,CA87807B1076,01067101C,-0.00031619307294317216,,,-0.00035718106388025003,-0.0005445960691632988,-0.00043343320111311243,,-0.000580083532316797,0.0005577188660106073,,-0.0013859480802060002,,,-0.00204825955216285,,,-0.0005497703786090309,,0.0010332737919392947,,,-0.001315075735195466,,,-0.0004125727796691658,,0.006612952268411486,-0.0003434025658670653,,,,,,,0.0011630820572583016,,0.0010969352104000098,,,,,-0.0006074890535286143,,,-0.0013456588918279188,-0.00037032532703104327,-0.00062051830936837,-0.0002778551373282137,-0.0009076601152721648,0.0010666052045824978,-0.00012004023747570088
1150,2026-07-31,TRU,US89400J1079,02463801,-0.00031619307294317216,-0.0003459691022337848,-0.0011869401507405232,-0.00035718106388025003,0.0010617125201578075,,0.0026005992066786745,,0.0005577188660106073,,,,,,,,-0.0005497703786090309,,,,,-0.001315075735195466,,,-0.0004125727796691658,,,-0.0003434025658670653,,0.0011630820572583016,0.0010666052045824978,,,,,,0.0010969352104000098,,-0.0013942971650265183,,,0.0011808843336449082,,,,-0.00037032532703104327,,-0.0002778551373282137,,,8.755468702503702e-05
1151,2026-07-31,TRV,US89417E1091,06268905,-0.00031619307294317216,,0.0022916171227168516,0.0010520605881563728,-0.0005445960691632988,,-0.002630151470390932,-0.000580083532316797,0.0005577188660106073,,,0.0023617686672898165,,,,,-0.0005497703786090309,-0.0007099795380196381,,,-0.0007926483883369932,,,,,,,,,0.0011630820572583016,0.0010666052045824978,0.002630151470390932,,-0.0013301915482436897,,,0.0010969352104000098,,,,,-0.0006074890535286143,,0.0015430221959626803,,0.0010917609877094435,,0.0010917609877094435,,,0.0002075758933654271
1152,2026-07-31,TRYG,DK0060636678,27428201W,-0.00031619307294317216,-0.0003459691022337848,,-0.00035718106388025003,,,,,0.0005577188660106073,,0.001377698389252393,,,,,,0.0010866353492694932,-0.0007099795380196381,,,-0.0007926483883369932,,,,,,,,,-0.00039295981221460445,-0.000362211783089831,-0.0006747910477970904,,-0.0013301915482436897,-0.00039700399553070675,,-0.0011127563913192406,,,-0.0009524828370140001,,,-0.001361490172908247,-0.0007766890248134296,,-0.00037032532703104327,-0.00062051830936837,-0.0002778551373282137,,-0.0010666052045824978,-0.0001772944308029618
1153,2026-07-31,TSCO,GB00BLGZ9862,10013101W,0.0009295314433510121,-0.0003459691022337848,,,,,,,,,0.001377698389252393,,,0.0006888491946261965,,0.001881734385320342,0.0010866353492694932,,0.0010332737919392947,,0.0015638738472594732,0.001315075735195466,0.002269150288180412,0.001315075735195466,,,,0.0013378805167306475,,,,,0.0009524828370140001,,0.0011630820572583016,,0.0010969352104000098,,,,,,0.0013535282420725264,,0.0013456588918279188,,0.00062051830936837,-0.0002778551373282137,,,0.0004678229232536525
1154,2026-07-31,TSCO,US8923561067,02973601,-0.00031619307294317216,-0.0003459691022337848,-0.0011869401507405232,-0.00035718106388025003,,-0.00043343320111311243,,-0.000580083532316797,,-0.0008092773755049022,0.001377698389252393,,-0.0007301366857867572,,,-0.00047820935825289675,,-0.0007099795380196381,,-0.0011689562090626366,,,,0.001315075735195466,-0.0004125727796691658,-0.005645203155961025,-0.005645203155961025,-0.0003434025658670653,-0.0031277476945189464,-0.00039295981221460445,-0.000362211783089831,-0.0006747910477970904,,-0.0013301915482436897,-0.00039700399553070675,,,-0.0016771980390898698,,,,,,,,,,-0.0002778551373282137,,,-0.00029555098803233764
1155,2026-07-31,TSEM,IL0010823792,03125501W,,,,,,,,,,-0.0008092773755049022,,,,,,-0.00047820935825289675,,,,-0.0011689562090626366,,,,-0.001315075735195466,-0.0004125727796691658,,,-0.0003434025658670653,,-0.00039295981221460445,-0.000362211783089831,,-0.00048019362944896687,,-0.00039700399553070675,,-0.0011127563913192406,,,-0.0009524828370140001,,,,,,,,,,-0.0010666052045824978,-0.00022928562323314673
1156,2026-07-31,TSLA,US88160R1014,18499601,-0.00031619307294317216,-0.0003459691022337848,-0.0011869401507405232,-0.00035718106388025003,-0.0005445960691632988,-0.00043343320111311243,-0.002630151470390932,-0.000580083532316797,,-0.0008092773755049022,,,-0.0007301366857867572,,0.001701862716135309,-0.00047820935825289675,-0.0005497703786090309,-0.0007099795380196381,,-0.0011689562090626366,,,-0.0023145332939440203,,-0.0004125727796691658,0.005143407319875601,,-0.0003434025658670653,-0.0031277476945189464,-0.00039295981221460445,-0.000362211783089831,-0.0006747910477970904,-0.00048019362944896687,,-0.00039700399553070675,,,,,0.0009485792188295165,,,-0.001361490172908247,,,-0.00037032532703104327,,-0.0002778551373282137,,,-0.0003927343367780354
1157,2026-07-31,TSN,US9024941034,01079301,0.0009295314433510121,0.0010196181911647667,0.0022916171227168516,,0.0010617125201578075,,0.0026005992066786745,,,,,,,0.0006888491946261965,,-0.00047820935825289675,,,-0.0030454385446631845,,-0.0007926483883369932,,,,,-0.005645203155961025,,-0.0003434025658670653,,-0.00039295981221460445,-0.000362211783089831,,0.0009524828370140001,,-0.00039700399553070675,-0.0031277476945189464,,,-0.0013942971650265183,,-0.001780410226110785,-0.0006074890535286143,,0.0015430221959626803,0.0013456588918279188,-0.00037032532703104327,-0.00062051830936837,-0.0002778551373282137,0.0018082291358937658,-0.0010666052045824978,-6.285527116140451e-05
1158,2026-07-31,TT,IE00BK9ZQ967,00595901,-0.00031619307294317216,-0.0003459691022337848,-0.0011869401507405232,-0.00035718106388025003,,-0.00043343320111311243,,,0.0005577188660106073,,,,-0.0007301366857867572,0.0006888491946261965,,,-0.0005497703786090309,,,,,,,,-0.0004125727796691658,,,-0.0003434025658670653,,-0.00039295981221460445,-0.000362211783089831,,,,-0.00039700399553070675,,,,,,,,,-0.0007766890248134296,-0.0013456588918279188,-0.00037032532703104327,-0.00062051830936837,-0.0002778551373282137,,,-0.00013388029374214659
1159,2026-07-31,TTE,FR0000120271,02462502W,,,,0.0010520605881563728,0.0010617125201578075,-0.00043343320111311243,,,0.0005577188660106073,,,,-0.0007301366857867572,0.0006888491946261965,,,-0.0005497703786090309,,0.0010332737919392947,,,,,,-0.0004125727796691658,,,-0.0003434025658670653,,,,,,,-0.00039700399553070675,,,,,,,0.0011808843336449082,0.0013535282420725264,,,,0.00062051830936837,-0.0002778551373282137,0.0018082291358937658,,0.0001650399994684351
1160,2026-07-31,TTWO,US8740541094,06463001,-0.00031619307294317216,-0.0003459691022337848,-0.0011869401507405232,-0.00035718106388025003,0.0010617125201578075,,0.0026005992066786745,,,,,-0.0023861167978804334,,,0.001701862716135309,,,,,,0.0015638738472594732,,,,,,,,,,0.0010666052045824978,,-0.00048019362944896687,,,,,,,,,,,,,-0.00037032532703104327,,-0.0002778551373282137,,,-1.8776747121346788e-05
1161,2026-07-31,TUB,BE0003823409,10148302W,,,,,,,,,,-0.0008092773755049022,,,,,-0.000863631826098515,-0.00047820935825289675,,,,,0.0015638738472594732,-0.001315075735195466,0.002269150288180412,-0.001315075735195466,,,,,,-0.00039295981221460445,-0.000362211783089831,-0.0006747910477970904,,,-0.00039700399553070675,,,,,-0.0009524828370140001,-0.001780410226110785,,-0.001361490172908247,-0.0007766890248134296,-0.0013456588918279188,-0.00037032532703104327,-0.00062051830936837,-0.0002778551373282137,-0.0009076601152721648,-0.0010666052045824978,-0.0002722003467993794
1162,2026-07-31,TW,US8926721064,03491901,-0.00031619307294317216,-0.0003459691022337848,,-0.00035718106388025003,,-0.00043343320111311243,,-0.000580083532316797,-0.0016532380671028715,,,,,,,,,-0.0007099795380196381,,,,,,,,,,,,,,-0.0006747910477970904,-0.00048019362944896687,,,,,0.0032599060478084793,0.0026913177836558376,-0.0009524828370140001,-0.001780410226110785,-0.0006074890535286143,,-0.0007766890248134296,-0.0013456588918279188,-0.00037032532703104327,,-0.0002778551373282137,-0.0009076601152721648,-0.0010666052045824978,-9.723280853895347e-05
1163,2026-07-31,TWLO,US90138F1021,02736401,-0.00031619307294317216,-0.0003459691022337848,,,,,,,,-0.0008092773755049022,0.001377698389252393,-0.0023861167978804334,-0.0007301366857867572,,,-0.00047820935825289675,,,,-0.0011689562090626366,,,,,0.0016185547510098044,,,-0.0003434025658670653,0.0030860443919253607,-0.00039295981221460445,-0.000362211783089831,,,,,,,,-0.0013942971650265183,,,-0.0006074890535286143,,,,,,,,-0.0010666052045824978,-0.00018283528475834536
1164,2026-07-31,TXN,US8825081040,01049901,0.0009295314433510121,0.0010196181911647667,0.0022916171227168516,0.0010520605881563728,,,,0.001701862716135309,,-0.0008092773755049022,,-0.0023861167978804334,0.0014199590760392762,,,-0.00047820935825289675,,,,-0.0011689562090626366,,,,,-0.0004125727796691658,,,-0.0003434025658670653,,-0.00039295981221460445,-0.000362211783089831,,-0.00048019362944896687,,,,,,0.0026913177836558376,,,,,,,,,,,,-6.22331490117764e-05
1165,2026-07-31,TXT,US8832031012,01051901,-0.00031619307294317216,-0.0003459691022337848,,-0.00035718106388025003,,,,,0.0005577188660106073,,,,,0.0006888491946261965,,,,,,,,,,,-0.0004125727796691658,,,0.0013378805167306475,,0.0011630820572583016,,,0.0009524828370140001,,0.0011630820572583016,,0.0010969352104000098,,-0.0013942971650265183,,,,,0.0015430221959626803,0.0013456588918279188,,0.00062051830936837,0.0010917609877094435,,,0.00022895746686819792
1166,2026-07-31,TYL,US9022521051,01078901,-0.00031619307294317216,-0.0003459691022337848,,-0.00035718106388025003,,-0.00043343320111311243,,-0.000580083532316797,,-0.0008092773755049022,-0.0013859480802060002,,-0.0007301366857867572,,,-0.00047820935825289675,,,,-0.0011689562090626366,,,,,-0.0004125727796691658,,,-0.0003434025658670653,,-0.00039295981221460445,-0.000362211783089831,,,,,,,,-0.0013942971650265183,,,,,,,,,,,-0.0010666052045824978,-0.00017194301717301735
1167,2026-07-31,U11,SG1M31001969,01567901W,-0.00031619307294317216,-0.0003459691022337848,,-0.00035718106388025003,,-0.00043343320111311243,,-0.000580083532316797,,,,0.0023617686672898165,,,0.001701862716135309,,,0.002183521975418887,0.0010332737919392947,,0.0015638738472594732,,0.002269150288180412,,,,,,,,-0.000362211783089831,,-0.00048019362944896687,0.0026005992066786745,,,,,,,,,,,-0.0013456588918279188,,,,0.0018082291358937658,,0.0003697033743034256
1168,2026-07-31,U96,SG1R50925390,01977401W,,-0.0003459691022337848,,-0.00035718106388025003,0.0010617125201578075,,,-0.000580083532316797,0.0005577188660106073,,-0.0013859480802060002,0.0023617686672898165,,0.0006888491946261965,,-0.00047820935825289675,0.0010866353492694932,,,,,,,,-0.0004125727796691658,,,,,-0.00039295981221460445,,-0.0006747910477970904,-0.00048019362944896687,0.0026005992066786745,,,,,,-0.0009524828370140001,0.001780410226110785,0.0011808843336449082,,0.0015430221959626803,,-0.00037032532703104327,0.00062051830936837,-0.0002778551373282137,0.0018082291358937658,,0.0002883108742973443
1169,2026-07-31,UAL,US9100471096,01079504,-0.00031619307294317216,-0.0003459691022337848,-0.0011869401507405232,-0.00035718106388025003,0.0010617125201578075,,0.0026005992066786745,,-0.0016532380671028715,,,,-0.0007301366857867572,-0.00204825955216285,,,,,,,,,,0.001315075735195466,-0.0004125727796691658,,,-0.0003434025658670653,,,-0.000362211783089831,,0.0009524828370140001,,-0.00039700399553070675,,-0.0011127563913192406,-0.0016771980390898698,,0.0009485792188295165,,0.0011808843336449082,0.0013535282420725264,0.0015430221959626803,0.0013456588918279188,0.0010917609877094435,0.00062051830936837,0.0010917609877094435,,0.0010666052045824978,0.00021988161338272263
1170,2026-07-31,UBER,US90353T1007,03507701,0.0009295314433510121,-0.0003459691022337848,,-0.00035718106388025003,0.0010617125201578075,-0.00043343320111311243,0.0026005992066786745,,0.0005577188660106073,,,,,0.0006888491946261965,,,-0.0005497703786090309,,,,,,,,0.0016185547510098044,,,-0.0003434025658670653,-0.0031277476945189464,-0.00039295981221460445,-0.000362211783089831,,0.0009524828370140001,,0.0011630820572583016,,0.0010969352104000098,,,0.0009485792188295165,,0.0011808843336449082,,0.0015430221959626803,,,,0.0010917609877094435,,,0.0002131981520421373
1171,2026-07-31,UBSG,CH0244767585,14449609W,0.0009295314433510121,0.0010196181911647667,,0.0010520605881563728,0.0010617125201578075,-0.00043343320111311243,,0.001701862716135309,0.0005577188660106073,,,,,,,,,0.002183521975418887,,,,,,,,,,,,-0.00039295981221460445,0.0010666052045824978,-0.0006747910477970904,,0.0026005992066786745,0.0011630820572583016,,0.0010969352104000098,,,0.0009485792188295165,,0.0011808843336449082,,,,0.0010917609877094435,0.00062051830936837,0.0010917609877094435,,,0.0004051400132370257
1172,2026-07-31,UCB,BE0003739530,10075101W,-0.00031619307294317216,,,,,,,,0.0005577188660106073,-0.0008092773755049022,,,,0.0006888491946261965,-0.000863631826098515,-0.00047820935825289675,,,,,-0.0007926483883369932,,,,,,,0.0013378805167306475,,,,-0.0006747910477970904,,,0.0011630820572583016,,0.0010969352104000098,,,,,,,-0.0007766890248134296,,-0.00037032532703104327,,-0.0002778551373282137,-0.0009076601152721648,,-4.287549115635135e-05
1173,2026-07-31,UCG,IT0005239360,01554901W,-0.00031619307294317216,,,,0.0010617125201578075,-0.00043343320111311243,,-0.000580083532316797,0.0005577188660106073,,,-0.0023861167978804334,0.0014199590760392762,,,,,0.002183521975418887,0.0010332737919392947,,,,,,,,,,,,,,,-0.0013301915482436897,,,,,,0.0009485792188295165,0.001780410226110785,0.0011808843336449082,,0.0015430221959626803,,,,,,,-3.480594295001973e-06
1174,2026-07-31,UHR,CH0012255151,10134703W,0.0009295314433510121,0.0010196181911647667,,0.0010520605881563728,0.0010617125201578075,-0.00043343320111311243,,-0.000580083532316797,,-0.0008092773755049022,,,-0.0007301366857867572,,,-0.00047820935825289675,,0.002183521975418887,,-0.0011689562090626366,-0.0007926483883369932,-0.001315075735195466,-0.0023145332939440203,-0.001315075735195466,-0.0004125727796691658,,,,,-0.00039295981221460445,-0.000362211783089831,-0.0006747910477970904,-0.00048019362944896687,-0.0013301915482436897,0.0011630820572583016,-0.0031277476945189464,0.0010969352104000098,,,,,,,,,-0.00037032532703104327,,-0.0002778551373282137,,-0.0010666052045824978,-0.00031719780661939147
1175,2026-07-31,ULTA,US90384S3031,17870401,0.0009295314433510121,,,,,,,0.001701862716135309,,0.0031705935533479727,0.001377698389252393,,-0.0007301366857867572,,0.001701862716135309,0.001881734385320342,-0.0005497703786090309,-0.0007099795380196381,,0.004538300576360824,,0.001315075735195466,,,-0.0004125727796691658,,,-0.0003434025658670653,-0.0031277476945189464,-0.00039295981221460445,,-0.0006747910477970904,0.0009524828370140001,,,,,,,-0.0009524828370140001,,,,,,,,-0.0002778551373282137,,,0.00021110156523246012
1176,2026-07-31,UMG,NL0015000IY2,35036601W,-0.00031619307294317216,-0.0003459691022337848,,-0.00035718106388025003,,-0.00043343320111311243,,-0.000580083532316797,,,,,,,-0.000863631826098515,,-0.0005497703786090309,,,,-0.0007926483883369932,,,,,,,,,,-0.000362211783089831,,,,,,,,,,,,,,,-0.00037032532703104327,-0.00062051830936837,-0.0002778551373282137,,,-0.00013907490004868623
1177,2026-07-31,UNH,US91324P1021,01090301,0.0009295314433510121,,0.0022916171227168516,0.0010520605881563728,,,,,0.0005577188660106073,-0.0008092773755049022,,,,0.0006888491946261965,0.001701862716135309,-0.00047820935825289675,,,,,0.0015638738472594732,0.001315075735195466,0.002269150288180412,0.001315075735195466,,,,-0.0003434025658670653,0.0030860443919253607,-0.00039295981221460445,-0.000362211783089831,-0.0006747910477970904,0.0009524828370140001,,-0.00039700399553070675,-0.0031277476945189464,-0.0011127563913192406,,0.0026913177836558376,0.0009485792188295165,,,0.0013535282420725264,,0.0013456588918279188,-0.00037032532703104327,0.00062051830936837,-0.0002778551373282137,,0.0010666052045824978,0.0002671415586493748
1178,2026-07-31,UNI,IT0004810054,01586202W,0.0009295314433510121,-0.0003459691022337848,,-0.00035718106388025003,,,,-0.000580083532316797,-0.0016532380671028715,,,0.0023617686672898165,,,-0.000863631826098515,,,-0.0007099795380196381,0.0010332737919392947,,-0.0007926483883369932,,,,,,,,,0.0011630820572583016,0.0010666052045824978,0.002630151470390932,,0.0026005992066786745,0.0011630820572583016,,0.0010969352104000098,,,,,,-0.001361490172908247,,,0.0010917609877094435,,0.0010917609877094435,,,0.0003316250420138292
1179,2026-07-31,UNP,US9078181081,01086701,,,,,-0.0005445960691632988,-0.00043343320111311243,,,-0.0016532380671028715,,,,-0.0007301366857867572,-0.00204825955216285,,,,,,,,-0.001315075735195466,,,-0.0004125727796691658,,,-0.0003434025658670653,,-0.00039295981221460445,,,-0.00048019362944896687,,-0.00039700399553070675,,,-0.0016771980390898698,-0.0013942971650265183,0.0009485792188295165,,,-0.001361490172908247,,-0.0013456588918279188,-0.00037032532703104327,-0.00062051830936837,-0.0002778551373282137,,,-0.000236198430052819
1180,2026-07-31,UPM,FI0009005987,10171803W,-0.00031619307294317216,,,,,,,-0.000580083532316797,,,,,-0.0007301366857867572,,-0.000863631826098515,-0.00047820935825289675,,-0.0007099795380196381,,,,,,,-0.0004125727796691658,,,-0.0003434025658670653,,-0.00039295981221460445,,,-0.00048019362944896687,,-0.00039700399553070675,,,,,,,0.0011808843336449082,,,,-0.00037032532703104327,,0.0010917609877094435,0.0018082291358937658,,3.557933374222965e-05
1181,2026-07-31,UPS,US9113121068,01092001,-0.00031619307294317216,,,,,-0.00043343320111311243,,,-0.0016532380671028715,,,,,,,,-0.0005497703786090309,,,,,0.001315075735195466,,0.001315075735195466,-0.0004125727796691658,,,0.0013378805167306475,-0.0031277476945189464,-0.00039295981221460445,-0.000362211783089831,,-0.00048019362944896687,,-0.00039700399553070675,,-0.0011127563913192406,-0.0016771980390898698,-0.0013942971650265183,0.0009485792188295165,,0.0011808843336449082,,0.0015430221959626803,0.0013456588918279188,,,-0.0002778551373282137,,0.0010666052045824978,-1.0579223115084201e-05
1182,2026-07-31,URI,US9113631090,06606501,,,,,,,,,-0.0016532380671028715,,,,-0.0007301366857867572,-0.00204825955216285,,,-0.0005497703786090309,,,,,,,,-0.0004125727796691658,,,-0.0003434025658670653,,-0.00039295981221460445,-0.000362211783089831,,,,-0.00039700399553070675,,,-0.0016771980390898698,,,,,-0.001361490172908247,,,,-0.00062051830936837,-0.0002778551373282137,,,-0.0001613314031117085
1183,2026-07-31,URW,FR0013326246,01638302W,-0.00031619307294317216,,,,,,,,,,,,,,,,0.0010866353492694932,,,,,,,,,,,-0.0003434025658670653,,,,,,0.0026005992066786745,,-0.0031277476945189464,-0.0011127563913192406,,,0.0009485792188295165,0.001780410226110785,,,,,,0.00062051830936837,0.0010917609877094435,,,5.339933895756384e-05
1184,2026-07-31,USB,US9029733048,00472301,,-0.0003459691022337848,,,,-0.00043343320111311243,,0.001701862716135309,0.0005577188660106073,,-0.0013859480802060002,,,,,,,-0.0007099795380196381,0.0010332737919392947,,,,,,,,,,,,,,-0.00048019362944896687,-0.0013301915482436897,,,,,,,,,,,,,,,0.0018082291358937658,,7.590702820329375e-05
1185,2026-07-31,UTHR,US91307C1027,12144001,-0.00031619307294317216,-0.0003459691022337848,-0.0011869401507405232,-0.00035718106388025003,,,,,-0.0016532380671028715,0.0031705935533479727,,,,-0.00204825955216285,,-0.00047820935825289675,0.0010866353492694932,,,,,-0.001315075735195466,-0.0023145332939440203,-0.001315075735195466,,,,-0.0003434025658670653,,-0.00039295981221460445,-0.000362211783089831,-0.0006747910477970904,-0.00048019362944896687,,-0.00039700399553070675,,,,,,,,-0.001361490172908247,,-0.0013456588918279188,,0.00062051830936837,0.0010917609877094435,,-0.0010666052045824978,-0.0002619820270396534
1186,2026-07-31,UU.,GB00B39J2M42,10270403W,0.0009295314433510121,-0.0003459691022337848,,-0.00035718106388025003,0.0010617125201578075,,,-0.000580083532316797,0.0005577188660106073,,,,,,,-0.00047820935825289675,,,,,,-0.001315075735195466,,,0.0016185547510098044,,,,,0.0011630820572583016,,0.002630151470390932,0.0009524828370140001,-0.0013301915482436897,,,,,,,,0.0011808843336449082,-0.001361490172908247,0.0015430221959626803,,,0.00062051830936837,-0.0002778551373282137,-0.0009076601152721648,0.0010666052045824978,3.795967924518598e-05
1187,2026-07-31,V,US92826C8394,17953401,-0.00031619307294317216,,,-0.00035718106388025003,-0.0005445960691632988,-0.00043343320111311243,,0.001701862716135309,-0.0016532380671028715,,0.001377698389252393,,,,,,,-0.0007099795380196381,-0.0030454385446631845,,,,,,,,,,,-0.00039295981221460445,-0.000362211783089831,-0.0006747910477970904,-0.00048019362944896687,,-0.00039700399553070675,,,,-0.0013942971650265183,,-0.001780410226110785,-0.0006074890535286143,,-0.0007766890248134296,-0.0013456588918279188,-0.00037032532703104327,-0.00062051830936837,-0.0002778551373282137,-0.0009076601152721648,-0.0010666052045824978,-0.000218140271582785
1188,2026-07-31,VACN,CH0311864901,32150201W,0.0009295314433510121,,,-0.00035718106388025003,,-0.00043343320111311243,,,,,,,0.0014199590760392762,,,,,,,,,,,,-0.0004125727796691658,,,0.0013378805167306475,,-0.00039295981221460445,-0.000362211783089831,,-0.00048019362944896687,,-0.00039700399553070675,,,,,-0.0009524828370140001,,-0.0006074890535286143,-0.001361490172908247,-0.0007766890248134296,-0.0013456588918279188,-0.00037032532703104327,-0.00062051830936837,-0.0002778551373282137,,-0.0010666052045824978,-0.0001705872580783501
1189,2026-07-31,VAR,NO0011202772,35234101W,0.0009295314433510121,,,0.0010520605881563728,-0.0005445960691632988,-0.00043343320111311243,,-0.000580083532316797,,,0.001377698389252393,,,-0.00204825955216285,,,0.0010866353492694932,,0.0010332737919392947,,,,,0.001315075735195466,-0.0004125727796691658,,,,,,,,,,0.0011630820572583016,,0.0010969352104000098,,,,,,,,,0.0010917609877094435,,-0.0002778551373282137,-0.0009076601152721648,0.0010666052045824978,0.00015595321848989552
1190,2026-07-31,VCX,AU000000VCX7,27340701W,0.0009295314433510121,,,,,,,,,,,,,,,,-0.0005497703786090309,,,,-0.0007926483883369932,,,,,,,0.0013378805167306475,,,,,-0.00048019362944896687,-0.0013301915482436897,,,,,,-0.0009524828370140001,,0.0011808843336449082,-0.001361490172908247,,,-0.00037032532703104327,-0.00062051830936837,-0.0002778551373282137,,-0.0010666052045824978,-0.00015994204963019174
1191,2026-07-31,VEEV,US9224751084,01868901,,,0.0022916171227168516,0.0010520605881563728,0.0010617125201578075,,0.0026005992066786745,,,-0.0008092773755049022,,,,,,-0.00047820935825289675,-0.0005497703786090309,,,,0.0015638738472594732,-0.001315075735195466,-0.0023145332939440203,-0.001315075735195466,,,,-0.0003434025658670653,-0.0031277476945189464,-0.00039295981221460445,,-0.0006747910477970904,,,0.0011630820572583016,,,,-0.0013942971650265183,,,0.0011808843336449082,,-0.0007766890248134296,-0.0013456588918279188,,0.00062051830936837,0.0010917609877094435,-0.0009076601152721648,-0.0010666052045824978,-7.793189779669442e-05
1192,2026-07-31,VER,AT0000746409,10279701W,0.0009295314433510121,-0.0003459691022337848,,-0.00035718106388025003,-0.0005445960691632988,,,,0.0005577188660106073,,,,,0.0006888491946261965,,0.001881734385320342,-0.0005497703786090309,,,,,0.001315075735195466,,,-0.0004125727796691658,,,,,-0.00039295981221460445,,-0.0006747910477970904,-0.00048019362944896687,-0.0013301915482436897,,,,,,-0.0009524828370140001,0.001780410226110785,-0.0006074890535286143,-0.001361490172908247,0.0015430221959626803,,0.0010917609877094435,,0.0010917609877094435,0.0018082291358937658,-0.0010666052045824978,0.00011331745577835456
1193,2026-07-31,VICI,US9256521090,03258001,-0.00031619307294317216,,,,,,,,,,,,,,,,,,0.0010332737919392947,,,,,,,,,-0.0003434025658670653,,,,,-0.00048019362944896687,,,,,,,,0.001780410226110785,0.0011808843336449082,,,,0.0010917609877094435,-0.00062051830936837,-0.0002778551373282137,,-0.0010666052045824978,2.7518045085432874e-05
1194,2026-07-31,VIE,FR0000124141,23861601W,-0.00031619307294317216,-0.0003459691022337848,,-0.00035718106388025003,,,,-0.000580083532316797,0.0005577188660106073,,-0.0013859480802060002,,,0.0006888491946261965,,0.001881734385320342,0.0010866353492694932,,,,,0.001315075735195466,,0.001315075735195466,0.0016185547510098044,,,,,-0.00039295981221460445,,-0.0006747910477970904,-0.00048019362944896687,0.0026005992066786745,,,,,,,,0.0011808843336449082,0.0013535282420725264,,0.0013456588918279188,0.0010917609877094435,0.00062051830936837,0.0010917609877094435,-0.0009076601152721648,0.0010666052045824978,0.000298682767799949
1195,2026-07-31,VLO,US91913Y1001,01524701,0.0009295314433510121,,0.0022916171227168516,0.0010520605881563728,,0.001278747676212166,0.0026005992066786745,0.001701862716135309,0.0005577188660106073,,,,-0.0007301366857867572,0.0006888491946261965,,,,,-0.0030454385446631845,,,0.001315075735195466,,0.001315075735195466,0.0016185547510098044,,,-0.0003434025658670653,,,,,,,,,,,-0.0013942971650265183,,,,,,0.0013456588918279188,-0.00037032532703104327,0.00062051830936837,0.0010917609877094435,-0.0009076601152721648,,0.00026915999664094256
1196,2026-07-31,VLTO,US92338C1036,04319701,,,,,,-0.00043343320111311243,,,0.0005577188660106073,,,,-0.0007301366857867572,0.0006888491946261965,,,-0.0005497703786090309,,,,,,,,-0.0004125727796691658,,,-0.0003434025658670653,-0.0031277476945189464,-0.00039295981221460445,,,-0.00048019362944896687,,,,,,0.0026913177836558376,-0.0009524828370140001,,,,,,-0.00037032532703104327,0.00062051830936837,-0.0002778551373282137,,,-6.51128610365721e-05
1197,2026-07-31,VMC,US9291601097,01122801,-0.00031619307294317216,-0.0003459691022337848,,-0.00035718106388025003,-0.0005445960691632988,,,,,,,,,,-0.000863631826098515,-0.00047820935825289675,,-0.0007099795380196381,,,-0.0007926483883369932,,,,-0.0004125727796691658,,,-0.0003434025658670653,,-0.00039295981221460445,-0.000362211783089831,,,,-0.00039700399553070675,,,,-0.0013942971650265183,,,,,,,-0.00037032532703104327,-0.00062051830936837,-0.0002778551373282137,-0.0009076601152721648,,-0.00020182525033734172
1198,2026-07-31,VNA,DE000A1ML7J1,31568201W,-0.00031619307294317216,,,,,,,,,,,,,,,,,,,,-0.0007926483883369932,,,,,,,-0.0003434025658670653,,,,,-0.00048019362944896687,0.0026005992066786745,,0.0031277476945189464,-0.0011127563913192406,,,0.0009485792188295165,,0.0011808843336449082,0.0013535282420725264,,0.0013456588918279188,-0.00037032532703104327,0.00062051830936837,0.0010917609877094435,,0.0010666052045824978,0.00024209930331449365
1199,2026-07-31,VOD,GB00BH4HKS39,01489401W,0.0009295314433510121,,,0.0010520605881563728,0.0010617125201578075,-0.00043343320111311243,,-0.000580083532316797,,,,,,,-0.000863631826098515,,0.0010866353492694932,,,,-0.0007926483883369932,,,,,,,,,,0.0010666052045824978,,0.0009524828370140001,,,,,,,0.0009485792188295165,,,,,,0.0010917609877094435,0.00062051830936837,0.0010917609877094435,,,0.00014484856358134974
1200,2026-07-31,VOLV B,SE0000115446,01121704W,,-0.0003459691022337848,,-0.00035718106388025003,,-0.00043343320111311243,,,0.0005577188660106073,,,,-0.0007301366857867572,,,,-0.0005497703786090309,,,,,,,,-0.0004125727796691658,,,-0.0003434025658670653,,-0.00039295981221460445,-0.000362211783089831,,-0.00048019362944896687,,-0.00039700399553070675,,,,,0.0009485792188295165,,,0.0013535282420725264,,,,0.00062051830936837,-0.0002778551373282137,,,-1.0652357786220387e-05
1201,2026-07-31,VOW3,DE0007664039,10073702W,-0.00031619307294317216,-0.0003459691022337848,,-0.00035718106388025003,0.0010617125201578075,0.001278747676212166,,-0.000580083532316797,,-0.0008092773755049022,,,-0.0007301366857867572,,-0.000863631826098515,-0.00047820935825289675,-0.0005497703786090309,-0.0007099795380196381,,-0.0011689562090626366,,,,,-0.0004125727796691658,,,,,-0.00039295981221460445,-0.000362211783089831,-0.0006747910477970904,-0.00048019362944896687,-0.0013301915482436897,0.0011630820572583016,-0.0031277476945189464,-0.0011127563913192406,,,0.0009485792188295165,,,0.0013535282420725264,,,,,-0.0002778551373282137,,,-0.00020925143486691261
1202,2026-07-31,VRSK,US92345Y1064,18065201,-0.00031619307294317216,-0.0003459691022337848,-0.0011869401507405232,-0.00035718106388025003,,-0.00043343320111311243,,,,,,,,-0.00204825955216285,,,,,,,,,,-0.001315075735195466,-0.0004125727796691658,,,-0.0003434025658670653,-0.0031277476945189464,-0.00039295981221460445,-0.000362211783089831,,-0.00048019362944896687,,,,,,-0.0013942971650265183,-0.0009524828370140001,,,-0.001361490172908247,,-0.0013456588918279188,-0.00037032532703104327,-0.00062051830936837,-0.0002778551373282137,,0.0010666052045824978,-0.000228303101446071
1203,2026-07-31,VRSN,US92343E1029,06636801,-0.00031619307294317216,-0.0003459691022337848,-0.0011869401507405232,-0.00035718106388025003,,-0.00043343320111311243,,,,0.0031705935533479727,0.001377698389252393,,-0.0007301366857867572,,,-0.00047820935825289675,,,,0.004538300576360824,,-0.001315075735195466,,-0.001315075735195466,-0.0004125727796691658,,,-0.0003434025658670653,0.0030860443919253607,-0.00039295981221460445,-0.000362211783089831,,-0.00048019362944896687,,-0.00039700399553070675,,,-0.0016771980390898698,,-0.0009524828370140001,,,,,,,,,,,-5.4718847200076294e-05
1204,2026-07-31,VRT,US92537N1081,03617501,0.0009295314433510121,0.0010196181911647667,0.0022916171227168516,,,-0.00043343320111311243,,,0.0005577188660106073,,,,-0.0007301366857867572,0.0006888491946261965,,,-0.0005497703786090309,,,,,,,,-0.0004125727796691658,,,0.0013378805167306475,,,,,,,,,,0.0032599060478084793,,,,-0.0006074890535286143,-0.001361490172908247,-0.0007766890248134296,-0.0013456588918279188,-0.00037032532703104327,-0.00062051830936837,-0.0002778551373282137,,,3.1473626274194425e-05
1205,2026-07-31,VRTX,US92532F1003,02434401,-0.00031619307294317216,-0.0003459691022337848,-0.0011869401507405232,-0.00035718106388025003,,,,,0.0005577188660106073,0.0031705935533479727,,,,0.0006888491946261965,-0.000863631826098515,-0.00047820935825289675,-0.0005497703786090309,,,,,,-0.0023145332939440203,,,,,-0.0003434025658670653,-0.0031277476945189464,0.0011630820572583016,0.0010666052045824978,-0.0006747910477970904,-0.00048019362944896687,,0.0011630820572583016,,0.0010969352104000098,,0.0026913177836558376,,,,-0.001361490172908247,-0.0007766890248134296,-0.0013456588918279188,-0.00037032532703104327,0.00062051830936837,-0.0002778551373282137,-0.0009076601152721648,-0.0010666052045824978,-0.00018839166526985734
1206,2026-07-31,VST,US92840M1027,15737302,-0.00031619307294317216,-0.0003459691022337848,-0.0011869401507405232,-0.00035718106388025003,0.0010617125201578075,,0.0026005992066786745,-0.000580083532316797,0.0005577188660106073,,0.001377698389252393,,,0.0006888491946261965,,0.001881734385320342,,,,,,0.001315075735195466,,0.001315075735195466,-0.0004125727796691658,0.005143407319875601,0.006612952268411486,,0.0030860443919253607,-0.00039295981221460445,,0.002630151470390932,,-0.0013301915482436897,,,,,,,,0.0011808843336449082,,-0.0007766890248134296,,-0.00037032532703104327,-0.00062051830936837,0.0010917609877094435,-0.0009076601152721648,0.0010666052045824978,0.0002907127832167457
1207,2026-07-31,VTR,US92276F1003,11017901,-0.00031619307294317216,,,,,,,,,,,,,,,,-0.0005497703786090309,,,,0.0015638738472594732,,,,,,,-0.0003434025658670653,0.0030860443919253607,,,,,,,0.0031277476945189464,,,,,-0.001780410226110785,-0.0006074890535286143,,,,-0.00037032532703104327,-0.00062051830936837,-0.0002778551373282137,,,7.580059627738471e-05
1208,2026-07-31,VWS,DK0061539921,22509401W,,,,,0.0010617125201578075,,,,0.0005577188660106073,,,,0.0014199590760392762,0.0006888491946261965,,,,,,,,0.001315075735195466,,0.001315075735195466,0.0016185547510098044,,,-0.0003434025658670653,,0.0011630820572583016,0.0010666052045824978,,,,-0.00039700399553070675,,-0.0011127563913192406,,,,,0.0011808843336449082,0.0013535282420725264,,,0.0010917609877094435,0.00062051830936837,0.0010917609877094435,,0.0010666052045824978,0.0002729818441414364
1209,2026-07-31,VZ,US92343V1044,00213601,-0.00031619307294317216,,,,,,,,,,,,,,,,,,,,-0.0007926483883369932,,,,,-0.005645203155961025,,,,,-0.000362211783089831,,,,,,,,-0.0013942971650265183,0.0009485792188295165,,,,,,,-0.00062051830936837,-0.0002778551373282137,,,-7.88504328369722e-05
1210,2026-07-31,WAB,US9297401088,06097901,,,,,,-0.00043343320111311243,,,0.0005577188660106073,,,,-0.0007301366857867572,0.0006888491946261965,,,-0.0005497703786090309,,,,,,,,-0.0004125727796691658,,,-0.0003434025658670653,,-0.00039295981221460445,-0.000362211783089831,,,,-0.00039700399553070675,,,-0.0016771980390898698,,,,-0.0006074890535286143,,-0.0007766890248134296,,-0.00037032532703104327,-0.00062051830936837,-0.0002778551373282137,,,-0.00015045691921355267
1211,2026-07-31,WAT,US9418481035,06157401,-0.00031619307294317216,-0.0003459691022337848,,-0.00035718106388025003,,,,,0.0005577188660106073,-0.0008092773755049022,,,,0.0006888491946261965,-0.000863631826098515,-0.00047820935825289675,,,,,-0.0007926483883369932,-0.001315075735195466,,,,,,-0.0003434025658670653,-0.0031277476945189464,-0.00039295981221460445,-0.000362211783089831,-0.0006747910477970904,-0.00048019362944896687,,-0.00039700399553070675,-0.0031277476945189464,-0.0011127563913192406,,-0.0013942971650265183,,-0.001780410226110785,-0.0006074890535286143,,-0.0007766890248134296,,-0.00037032532703104327,-0.00062051830936837,-0.0002778551373282137,,,-0.00042824916388753767
1212,2026-07-31,WBC,AU000000WBC1,01536201W,-0.00031619307294317216,-0.0003459691022337848,,-0.00035718106388025003,-0.0005445960691632988,,,-0.000580083532316797,0.0005577188660106073,,0.001377698389252393,-0.0023861167978804334,,,0.001701862716135309,,,0.002183521975418887,0.0010332737919392947,,0.0015638738472594732,,0.002269150288180412,,,,,,,,-0.000362211783089831,,-0.00048019362944896687,-0.0013301915482436897,,,,,,0.0009485792188295165,,-0.0006074890535286143,,-0.0007766890248134296,-0.0013456588918279188,,,,,,-3.194555973194476e-05
1213,2026-07-31,WBD,US9344231041,16429601,,-0.0003459691022337848,-0.0011869401507405232,-0.00035718106388025003,,-0.00043343320111311243,,-0.000580083532316797,,,,,,,,,,,,,,,,,,-0.005645203155961025,,,,,0.0010666052045824978,,-0.00048019362944896687,,,,,,0.0026913177836558376,,,,,,,-0.00037032532703104327,-0.00062051830936837,-0.0002778551373282137,,,-0.00010194610516583133
1214,2026-07-31,WCN,CA94106B1013,11073201C,-0.00031619307294317216,-0.0003459691022337848,,-0.00035718106388025003,-0.0005445960691632988,-0.00043343320111311243,,,-0.0016532380671028715,,,,,-0.00204825955216285,,,,,,,,-0.001315075735195466,,,-0.0004125727796691658,,,-0.0003434025658670653,,,0.0010666052045824978,,-0.00048019362944896687,,-0.00039700399553070675,,,,,,,-0.0006074890535286143,-0.001361490172908247,-0.0007766890248134296,,-0.00037032532703104327,-0.00062051830936837,-0.0002778551373282137,,,-0.000165211710467681
1215,2026-07-31,WCP,CA96467A2002,18523001C,-0.00031619307294317216,,,-0.00035718106388025003,,-0.00043343320111311243,,-0.000580083532316797,-0.0016532380671028715,,,,,-0.00204825955216285,,,0.0010866353492694932,,-0.0030454385446631845,,,,,-0.001315075735195466,-0.0004125727796691658,,,-0.0003434025658670653,,,,,,,-0.00039700399553070675,,,,,,,,,,,0.0010917609877094435,-0.00062051830936837,-0.0002778551373282137,0.0018082291358937658,-0.0010666052045824978,-0.00014696494137537706
1216,2026-07-31,WDAY,US98138H1014,01504401,-0.00031619307294317216,-0.0003459691022337848,,,0.0010617125201578075,,0.0026005992066786745,-0.000580083532316797,,-0.0008092773755049022,,0.0023617686672898165,-0.0007301366857867572,,,-0.00047820935825289675,,,,-0.0011689562090626366,,,,,0.0016185547510098044,,,-0.0003434025658670653,,0.0011630820572583016,-0.000362211783089831,,,,0.0011630820572583016,,0.0010969352104000098,,-0.0013942971650265183,,,,,,,,,,,,0.0002242308679766365
1217,2026-07-31,WDC,US9581021055,01139901,0.0009295314433510121,0.0010196181911647667,,,0.0010617125201578075,,,,,0.0031705935533479727,0.001377698389252393,0.0023617686672898165,0.0014199590760392762,,,0.001881734385320342,,,,0.004538300576360824,,,,,0.0016185547510098044,,,0.0013378805167306475,0.0030860443919253607,0.0011630820572583016,0.0010666052045824978,,,,,,,0.0032599060478084793,,,,0.0011808843336449082,,,,,,,,,0.000585626118895847
1218,2026-07-31,WDS,AU0000224040,10071201W,0.0009295314433510121,,,-0.00035718106388025003,-0.0005445960691632988,0.001278747676212166,,-0.000580083532316797,-0.0016532380671028715,,,,,-0.00204825955216285,,,-0.0005497703786090309,,0.0010332737919392947,,,-0.001315075735195466,,-0.001315075735195466,-0.0004125727796691658,,,,,,,,,,-0.00039700399553070675,,0.0010969352104000098,,,,,-0.0006074890535286143,,,,,0.00062051830936837,-0.0002778551373282137,0.0018082291358937658,,-1.1699276677235793e-06
1219,2026-07-31,WEC,US92939U1060,01155001,-0.00031619307294317216,-0.0003459691022337848,-0.0011869401507405232,-0.00035718106388025003,,,,0.001701862716135309,,,,,,,,-0.00047820935825289675,-0.0005497703786090309,,,,,,,,-0.0004125727796691658,,,,,-0.00039295981221460445,,-0.0006747910477970904,,,,,,-0.0016771980390898698,,,,,-0.001361490172908247,-0.0007766890248134296,,-0.00037032532703104327,-0.00062051830936837,-0.0002778551373282137,,,-0.00015727162504371644
1220,2026-07-31,WELL,US95040Q1040,00554301,,,,,,,,,,,,,,,,,-0.0005497703786090309,,,,0.0015638738472594732,,,,,,,-0.0003434025658670653,0.0030860443919253607,,,,,0.0026005992066786745,,,,,,0.0009485792188295165,-0.001780410226110785,-0.0006074890535286143,,,-0.0013456588918279188,-0.00037032532703104327,0.00062051830936837,-0.0002778551373282137,,-0.0010666052045824978,5.4292796188351984e-05
1221,2026-07-31,WES,AU000000WES1,10160101W,-0.00031619307294317216,-0.0003459691022337848,,-0.00035718106388025003,-0.0005445960691632988,,,,,-0.0008092773755049022,,,,,0.001701862716135309,0.001881734385320342,0.0010866353492694932,-0.0007099795380196381,,-0.0011689562090626366,,0.001315075735195466,,0.001315075735195466,-0.0004125727796691658,,,-0.0003434025658670653,,-0.00039295981221460445,,-0.0006747910477970904,-0.00048019362944896687,0.0026005992066786745,-0.00039700399553070675,,,,,,,,,,,-0.00037032532703104327,,-0.0002778551373282137,,,9.605263788885119e-05
1222,2026-07-31,WFC,US9497461015,00800701,-0.00031619307294317216,-0.0003459691022337848,,-0.00035718106388025003,,-0.00043343320111311243,,-0.000580083532316797,0.0005577188660106073,,-0.0013859480802060002,,,,,,,-0.0007099795380196381,0.0010332737919392947,,,,,,,,,,,,-0.000362211783089831,,,,,,,,0.0026913177836558376,0.0009485792188295165,,0.0011808843336449082,,,,,,,,,-2.3940475410831853e-06
1223,2026-07-31,WKL,NL0000395903,10136102W,-0.00031619307294317216,-0.0003459691022337848,,-0.00035718106388025003,0.0010617125201578075,0.001278747676212166,,,,,,,,,,,-0.0005497703786090309,,,,,,,0.001315075735195466,-0.0004125727796691658,,,-0.0003434025658670653,,0.0011630820572583016,0.0010666052045824978,,,,-0.00039700399553070675,,,,,,,0.0011808843336449082,,0.0015430221959626803,,0.0010917609877094435,0.00062051830936837,0.0010917609877094435,,0.0010666052045824978,0.0002743522718129662
1224,2026-07-31,WM,US94106L1098,01447701,-0.00031619307294317216,-0.0003459691022337848,-0.0011869401507405232,-0.00035718106388025003,,-0.00043343320111311243,,,-0.0016532380671028715,,,,,-0.00204825955216285,,,,,,,,,,,-0.0004125727796691658,,,0.0013378805167306475,,,-0.000362211783089831,,,,0.0011630820572583016,,,,-0.0013942971650265183,,,,-0.001361490172908247,,,-0.00037032532703104327,-0.00062051830936837,-0.0002778551373282137,,0.0010666052045824978,-6.608364259431016e-05
1225,2026-07-31,WMB,US9694571004,01150601,-0.00031619307294317216,,-0.0011869401507405232,-0.00035718106388025003,,-0.00043343320111311243,,,,,,,,-0.00204825955216285,,,-0.0005497703786090309,,0.0010332737919392947,,,-0.001315075735195466,,,-0.0004125727796691658,,,0.0013378805167306475,,,,,,,-0.00039700399553070675,,,,,,,,-0.001361490172908247,,-0.0013456588918279188,-0.00037032532703104327,-0.00062051830936837,-0.0002778551373282137,-0.0009076601152721648,0.0010666052045824978,-0.00019677417227394973
1226,2026-07-31,WMT,US9311421039,01125901,-0.00031619307294317216,-0.0003459691022337848,-0.0011869401507405232,,-0.0005445960691632988,,,,,,0.001377698389252393,,-0.0007301366857867572,,,0.001881734385320342,-0.0005497703786090309,,0.0010332737919392947,,,0.001315075735195466,,0.001315075735195466,,0.005143407319875601,0.006612952268411486,-0.0003434025658670653,,-0.00039295981221460445,-0.000362211783089831,,,,-0.00039700399553070675,,,,,0.0009485792188295165,-0.001780410226110785,-0.0006074890535286143,-0.001361490172908247,-0.0007766890248134296,,-0.00037032532703104327,-0.00062051830936837,-0.0002778551373282137,-0.0009076601152721648,,4.863340575343974e-06
1227,2026-07-31,WN,CA9611485090,01144301C,-0.00031619307294317216,-0.0003459691022337848,,,,,,,,,,,,0.0006888491946261965,0.001701862716135309,-0.00047820935825289675,0.0010866353492694932,,0.0010332737919392947,,,,,0.001315075735195466,,0.005143407319875601,0.006612952268411486,-0.0003434025658670653,,-0.00039295981221460445,-0.000362211783089831,,0.0009524828370140001,,0.0011630820572583016,0.0031277476945189464,0.0010969352104000098,,,,0.001780410226110785,,,-0.0007766890248134296,,,-0.00062051830936837,0.0010917609877094435,-0.0009076601152721648,0.0010666052045824978,0.00032561583717956115
1228,2026-07-31,WOW,AU000000WOW2,10089402W,-0.00031619307294317216,-0.0003459691022337848,,,-0.0005445960691632988,,,,,,0.001377698389252393,,,0.0006888491946261965,-0.000863631826098515,0.001881734385320342,0.0010866353492694932,,,,0.0015638738472594732,0.001315075735195466,0.002269150288180412,0.001315075735195466,,,,0.0013378805167306475,,-0.00039295981221460445,-0.000362211783089831,,,,,,0.0010969352104000098,,,,-0.001780410226110785,-0.0006074890535286143,,-0.0007766890248134296,,-0.00037032532703104327,-0.00062051830936837,-0.0002778551373282137,-0.0009076601152721648,0.0010666052045824978,0.00019098897467390282
1229,2026-07-31,WPC,US92936U1097,06635401,0.0009295314433510121,,,,,,,,,,,,,,,,,,,,-0.0007926483883369932,,,,,,,0.0013378805167306475,,,,,,,,,0.0010969352104000098,,,,,,,,,,,-0.0002778551373282137,,,2.285778671426307e-05
1230,2026-07-31,WPM,CA9628791027,10586101C,-0.00031619307294317216,-0.0003459691022337848,,-0.00035718106388025003,,-0.00043343320111311243,,,,,0.001377698389252393,,-0.0007301366857867572,,,0.001881734385320342,-0.0005497703786090309,0.002183521975418887,,,0.0015638738472594732,,,,-0.0004125727796691658,0.005143407319875601,0.006612952268411486,-0.0003434025658670653,,,,,,,-0.00039700399553070675,,,,,,,-0.0006074890535286143,,,,-0.00037032532703104327,-0.00062051830936837,-0.0002778551373282137,-0.0009076601152721648,,4.9145687186224405e-05
1231,2026-07-31,WRB,US0844231029,01482201,-0.00031619307294317216,,,,-0.0005445960691632988,,-0.002630151470390932,0.001701862716135309,,,,,,,,,,-0.0007099795380196381,,,-0.0007926483883369932,,,,,,,,,,-0.000362211783089831,,,0.0026005992066786745,-0.00039700399553070675,,,-0.0016771980390898698,-0.0013942971650265183,,,-0.0006074890535286143,,,,0.0010917609877094435,,0.0010917609877094435,,,-1.3222372610218477e-05
1232,2026-07-31,WRT1V,FI0009003727,10155702W,-0.00031619307294317216,-0.0003459691022337848,,-0.00035718106388025003,,,,,0.0005577188660106073,,,,0.0014199590760392762,0.0006888491946261965,,,0.0010866353492694932,,,,,0.001315075735195466,,,0.0016185547510098044,,,-0.0003434025658670653,,,,,-0.00048019362944896687,,-0.00039700399553070675,,0.0010969352104000098,,,,,,,-0.0007766890248134296,,0.0010917609877094435,0.00062051830936837,-0.0002778551373282137,,,0.00011409373262579695
1233,2026-07-31,WSM,US9699041011,01151101,,,,,,-0.00043343320111311243,,,,0.0031705935533479727,0.001377698389252393,,-0.0007301366857867572,,,0.001881734385320342,,-0.0007099795380196381,,0.004538300576360824,,,,,-0.0004125727796691658,,,-0.0003434025658670653,,-0.00039295981221460445,,-0.0006747910477970904,-0.00048019362944896687,,-0.00039700399553070675,,,,,-0.0009524828370140001,,,-0.001361490172908247,,,-0.00037032532703104327,,-0.0002778551373282137,,,6.226992863890192e-05
1234,2026-07-31,WSO,US9426222009,01131302,-0.00031619307294317216,-0.0003459691022337848,-0.0011869401507405232,-0.00035718106388025003,,-0.00043343320111311243,,,0.0005577188660106073,,,,-0.0007301366857867572,0.0006888491946261965,,,,,,,,0.001315075735195466,,,-0.0004125727796691658,,,0.0013378805167306475,-0.0031277476945189464,-0.00039295981221460445,-0.000362211783089831,,-0.00048019362944896687,,,,0.0010969352104000098,0.0032599060478084793,-0.0013942971650265183,-0.0009524828370140001,,,-0.001361490172908247,-0.0007766890248134296,,-0.00037032532703104327,,-0.0002778551373282137,,-0.0010666052045824978,6.430656201503176e-06
1235,2026-07-31,WSP,CA92938W2022,27784601C,-0.00031619307294317216,-0.0003459691022337848,,,,-0.00043343320111311243,,,0.0005577188660106073,,,,,0.0006888491946261965,,,-0.0005497703786090309,,,,,,,,-0.0004125727796691658,,,-0.0003434025658670653,,0.0011630820572583016,0.0010666052045824978,,,,0.0011630820572583016,,0.0010969352104000098,,,,,,,,,,-0.00062051830936837,0.0010917609877094435,,,0.00010524090521568885
1236,2026-07-31,WST,US9553061055,01137601,0.0009295314433510121,0.0010196181911647667,0.0022916171227168516,0.0010520605881563728,-0.0005445960691632988,,-0.002630151470390932,,-0.0016532380671028715,0.0031705935533479727,,,,-0.00204825955216285,,-0.00047820935825289675,,,,,-0.0007926483883369932,,,,,,,-0.0003434025658670653,,-0.00039295981221460445,-0.000362211783089831,-0.0006747910477970904,-0.00048019362944896687,,-0.00039700399553070675,,,,,-0.0009524828370140001,-0.001780410226110785,-0.0006074890535286143,-0.001361490172908247,-0.0007766890248134296,-0.0013456588918279188,-0.00037032532703104327,-0.00062051830936837,-0.0002778551373282137,-0.0009076601152721648,-0.0010666052045824978,-0.0003608604344567998
1237,2026-07-31,WTC,AU000000WTC3,32150101W,-0.00031619307294317216,-0.0003459691022337848,,-0.00035718106388025003,-0.0005445960691632988,-0.00043343320111311243,,-0.000580083532316797,,-0.0008092773755049022,,,,,,-0.00047820935825289675,,,,-0.0011689562090626366,,-0.001315075735195466,,-0.001315075735195466,-0.0004125727796691658,,,-0.0003434025658670653,,-0.00039295981221460445,-0.000362211783089831,,0.0009524828370140001,,,,,,,-0.0009524828370140001,,,,,,,,,,,-0.0002095764250761495
1238,2026-07-31,WTW,IE00BDB6Q211,14400901,-0.00031619307294317216,-0.0003459691022337848,-0.0011869401507405232,-0.00035718106388025003,,-0.00043343320111311243,,-0.000580083532316797,-0.0016532380671028715,,,,,,,,,-0.0007099795380196381,-0.0030454385446631845,,-0.0007926483883369932,,,,,,,,,0.0011630820572583016,0.0010666052045824978,-0.0006747910477970904,,-0.0013301915482436897,,,,,-0.0013942971650265183,-0.0009524828370140001,,,,,,-0.00037032532703104327,-0.00062051830936837,-0.0002778551373282137,-0.0009076601152721648,-0.0010666052045824978,-0.0002430761146324808
1239,2026-07-31,WY,US9621661043,01145601,-0.00031619307294317216,,,,,,,,,,,,,,,,,,-0.0030454385446631845,,,0.001315075735195466,,0.001315075735195466,,,,0.0013378805167306475,-0.0031277476945189464,,,,-0.00048019362944896687,,,-0.0031277476945189464,-0.0011127563913192406,,,,-0.001780410226110785,0.0011808843336449082,-0.001361490172908247,,0.0013456588918279188,-0.00037032532703104327,,-0.0002778551373282137,,,-0.00019005767319507395
1240,2026-07-31,X,CA87262K1057,01451701C,0.0009295314433510121,0.0010196181911647667,,0.0010520605881563728,,0.001278747676212166,,0.001701862716135309,,,-0.0013859480802060002,-0.0023861167978804334,,,-0.000863631826098515,,,-0.0007099795380196381,0.0010332737919392947,,-0.0007926483883369932,,,,,,,,,-0.00039295981221460445,-0.000362211783089831,-0.0006747910477970904,,,-0.00039700399553070675,,,,,,,,,-0.0007766890248134296,-0.0013456588918279188,-0.00037032532703104327,-0.00062051830936837,-0.0002778551373282137,-0.0009076601152721648,,-0.00016604338623635903
1241,2026-07-31,XEL,US98389B1008,00797701,-0.00031619307294317216,-0.0003459691022337848,-0.0011869401507405232,-0.00035718106388025003,,,,-0.000580083532316797,-0.0016532380671028715,,0.001377698389252393,,,-0.00204825955216285,,-0.00047820935825289675,-0.0005497703786090309,,,,,,,,-0.0004125727796691658,,,,-0.0031277476945189464,-0.00039295981221460445,,-0.0006747910477970904,,-0.0013301915482436897,,,,-0.0016771980390898698,,,-0.001780410226110785,,,,,-0.00037032532703104327,,-0.0002778551373282137,,,-0.0002957822657086486
1242,2026-07-31,XPO,US9837931008,14499801,,0.0010196181911647667,0.0022916171227168516,0.0010520605881563728,-0.0005445960691632988,-0.00043343320111311243,,,-0.0016532380671028715,,,,,,,,,,,,,,,0.001315075735195466,-0.0004125727796691658,,,0.0013378805167306475,,-0.00039295981221460445,-0.000362211783089831,,-0.00048019362944896687,,0.0011630820572583016,,,0.0032599060478084793,-0.0013942971650265183,,,-0.0006074890535286143,,-0.0007766890248134296,,-0.00037032532703104327,-0.00062051830936837,-0.0002778551373282137,,0.0010666052045824978,0.0001600025706989883
1243,2026-07-31,XRO,NZXROE0001S2,28484402W,-0.00031619307294317216,-0.0003459691022337848,,-0.00035718106388025003,-0.0005445960691632988,-0.00043343320111311243,,-0.000580083532316797,,-0.0008092773755049022,0.001377698389252393,,,,,-0.00047820935825289675,,,,-0.0011689562090626366,,-0.001315075735195466,,-0.001315075735195466,-0.0004125727796691658,,,-0.0003434025658670653,,-0.00039295981221460445,-0.000362211783089831,,,,-0.00039700399553070675,,,,,,,-0.0006074890535286143,,,,,,,,,-0.0002131527178123647
1244,2026-07-31,XYL,US98419M1009,18949101,-0.00031619307294317216,-0.0003459691022337848,-0.0011869401507405232,-0.00035718106388025003,,-0.00043343320111311243,,,0.0005577188660106073,,,,,0.0006888491946261965,,,,,,,,-0.001315075735195466,,-0.001315075735195466,-0.0004125727796691658,,,-0.0003434025658670653,,-0.00039295981221460445,-0.000362211783089831,,,,-0.00039700399553070675,,,-0.0016771980390898698,,,,,,,,-0.00037032532703104327,-0.00062051830936837,-0.0002778551373282137,,-0.0010666052045824978,-0.00023627397891185208
1245,2026-07-31,XYZ,US8522341036,02636701,0.0009295314433510121,0.0010196181911647667,0.0022916171227168516,0.0010520605881563728,0.0010617125201578075,,0.0026005992066786745,0.001701862716135309,,,,,-0.0007301366857867572,,,,,-0.0007099795380196381,-0.0030454385446631845,,-0.0007926483883369932,,,,,,,,,-0.00039295981221460445,-0.000362211783089831,-0.0006747910477970904,,,0.0011630820572583016,,0.0010969352104000098,0.0032599060478084793,,-0.0009524828370140001,-0.001780410226110785,-0.0006074890535286143,,-0.0007766890248134296,,,0.00062051830936837,-0.0002778551373282137,-0.0009076601152721648,-0.0010666052045824978,0.00015308803621058776
1246,2026-07-31,YAR,NO0010208051,26435101W,0.0009295314433510121,0.0010196181911647667,,0.0010520605881563728,-0.0005445960691632988,-0.00043343320111311243,,-0.000580083532316797,,,,,,,0.001701862716135309,0.001881734385320342,,-0.0007099795380196381,,,,,,,0.0016185547510098044,,,0.0013378805167306475,,0.0011630820572583016,0.0010666052045824978,,0.0009524828370140001,,0.0011630820572583016,,0.0010969352104000098,,,,0.001780410226110785,0.0011808843336449082,,,,0.0010917609877094435,0.00062051830936837,0.0010917609877094435,0.0018082291358937658,,0.00036546919308177924
1247,2026-07-31,YUM,US9884981013,06541701,,,,,,-0.00043343320111311243,,,,0.0031705935533479727,,,,,,0.001881734385320342,-0.0005497703786090309,-0.0007099795380196381,,0.004538300576360824,,,0.002269150288180412,-0.001315075735195466,-0.0004125727796691658,0.005143407319875601,,-0.0003434025658670653,,,,-0.0006747910477970904,-0.00048019362944896687,-0.0013301915482436897,-0.00039700399553070675,,,,,-0.0009524828370140001,,,-0.001361490172908247,,,-0.00037032532703104327,,-0.0002778551373282137,,,4.2924518642342375e-05
1248,2026-07-31,Z74,SG1T75931496,20809501W,-0.00031619307294317216,-0.0003459691022337848,,-0.00035718106388025003,,0.001278747676212166,,-0.000580083532316797,,,-0.0013859480802060002,,,,-0.000863631826098515,,-0.0005497703786090309,,,,-0.0007926483883369932,,,,,,,,,,0.0010666052045824978,,-0.00048019362944896687,,,,,,,,,,,,,-0.00037032532703104327,,-0.0002778551373282137,,,-8.061413687371273e-05
1249,2026-07-31,ZAL,DE000ZAL1111,31843401W,-0.00031619307294317216,-0.0003459691022337848,,-0.00035718106388025003,,-0.00043343320111311243,,-0.000580083532316797,,-0.0008092773755049022,,,-0.0007301366857867572,,0.001701862716135309,-0.00047820935825289675,,-0.0007099795380196381,,-0.0011689562090626366,,0.001315075735195466,,,-0.0004125727796691658,,,0.0013378805167306475,,-0.00039295981221460445,-0.000362211783089831,-0.0006747910477970904,0.0009524828370140001,,0.0011630820572583016,,0.0010969352104000098,,,,,,0.0013535282420725264,,,0.0010917609877094435,,0.0010917609877094435,,,0.00012104723511089051
1250,2026-07-31,ZBH,US98956P1021,14455901,-0.00031619307294317216,,,,,,,,0.0005577188660106073,-0.0008092773755049022,,,,-0.00204825955216285,0.001701862716135309,-0.00047820935825289675,-0.0005497703786090309,,,,-0.0007926483883369932,-0.001315075735195466,,,,,,-0.0003434025658670653,,-0.00039295981221460445,-0.000362211783089831,0.002630151470390932,0.0009524828370140001,,-0.00039700399553070675,,,,-0.0013942971650265183,,,-0.0006074890535286143,,,,,-0.00062051830936837,-0.0002778551373282137,,,-9.699293995312184e-05
1251,2026-07-31,ZM,US98980L1017,03500501,-0.00031619307294317216,-0.0003459691022337848,,,-0.0005445960691632988,,-0.002630151470390932,,,-0.0008092773755049022,0.001377698389252393,,-0.0007301366857867572,,,-0.00047820935825289675,,,,-0.0011689562090626366,,-0.001315075735195466,,-0.001315075735195466,0.0016185547510098044,,,-0.0003434025658670653,,0.0011630820572583016,0.0010666052045824978,,,,0.0011630820572583016,,,,,,,-0.0006074890535286143,,,,,,,,-0.0010666052045824978,-0.00017676649170386778
1252,2026-07-31,ZS,US98980G1022,03303701,-0.00031619307294317216,-0.0003459691022337848,-0.0011869401507405232,-0.00035718106388025003,,-0.00043343320111311243,,,,-0.0008092773755049022,,,-0.0007301366857867572,,,-0.00047820935825289675,,,,-0.0011689562090626366,,,,,-0.0004125727796691658,,,-0.0003434025658670653,-0.0031277476945189464,-0.00039295981221460445,-0.000362211783089831,,,,,,,,,,,-0.0006074890535286143,,,,,,,,,-0.00016293483097143397
1253,2026-07-31,ZTS,US98978V1035,01372101,-0.00031619307294317216,-0.0003459691022337848,-0.0011869401507405232,-0.00035718106388025003,,,,,-0.0016532380671028715,0.0031705935533479727,,,,,,0.001881734385320342,-0.0005497703786090309,,,,-0.0007926483883369932,,,0.001315075735195466,,,,-0.0003434025658670653,,,,-0.0006747910477970904,,,-0.00039700399553070675,,-0.0011127563913192406,,0.0026913177836558376,,0.001780410226110785,0.0011808843336449082,,0.0015430221959626803,,,-0.00062051830936837,-0.0002778551373282137,0.0018082291358937658,0.0010666052045824978,0.00013221355745721998
1254,2026-07-31,ZURN,CH0011075394,22042601W,-0.00031619307294317216,-0.0003459691022337848,,-0.00035718106388025003,-0.0005445960691632988,-0.00043343320111311243,,-0.000580083532316797,0.0005577188660106073,,0.001377698389252393,-0.0023861167978804334,,,-0.000863631826098515,,-0.0005497703786090309,-0.0007099795380196381,0.0010332737919392947,,-0.0007926483883369932,,-0.0023145332939440203,,,,,,,-0.00039295981221460445,-0.000362211783089831,-0.0006747910477970904,,,-0.00039700399553070675,,,,,,,-0.0006074890535286143,-0.001361490172908247,,0.0013456588918279188,-0.00037032532703104327,0.00062051830936837,-0.0002778551373282137,,,-0.00022872021870963538
