ddt,ticker,isin,gvkeyiid,style,ls_weight,style_ls_weight,factor_weight
2026-08-31,,FI0009014575,33901501W,MP,-5.459794500931024e-06,-5.459794500931024e-06,0.3348433630808693
2026-08-31,,GB00BMVP7Y09,03647401,MP,-0.0002249712842032593,-0.0002249712842032593,0.5489882665145268
2026-08-31,1,KYG217651051,10108801W,MP,0.00019212863830963734,0.00019212863830963734,0.4869891744068948
2026-08-31,1038,BMG2178K1009,21292801W,MP,1.9222808862975714e-05,1.9222808862975714e-05,0.4577159573433247
2026-08-31,1113,KYG2177B1014,31975901W,MP,0.0003201129451774153,0.0003201129451774153,0.29861824064417364
2026-08-31,12,HK0012000102,01569701W,MP,-0.00013569381122242942,-0.00013569381122242942,0.1998246150078223
2026-08-31,1299,HK0000069689,29573501W,MP,-0.00023665413398777589,-0.00023665413398777589,0.5010599489402767
2026-08-31,1308,KYG8187G1055,29553601W,MP,0.0003935454796556378,0.0003935454796556378,0.4438500809956348
2026-08-31,16,HK0016000132,01942101W,MP,0.0002952606901114156,0.0002952606901114156,0.28273521946918384
2026-08-31,1605,JP3294460005,27119601W,MP,-9.776538330042085e-05,-9.776538330042085e-05,0.24723158937678924
2026-08-31,1801,JP3443600006,10094901W,MP,0.00028930249046141423,0.00028930249046141423,0.43969794294571835
2026-08-31,1802,JP3190000004,10091901W,MP,0.0001896512312607008,0.0001896512312607008,0.33165491177070816
2026-08-31,1803,JP3358800005,10098201W,MP,0.00015018571510396988,0.00015018571510396988,0.4569997707437707
2026-08-31,1812,JP3210200006,01870901W,MP,0.0002210719247516897,0.0002210719247516897,0.397781360365684
2026-08-31,1878,JP3486800000,20154301W,MP,6.554122911252561e-05,6.554122911252561e-05,0.3517285970168456
2026-08-31,19,HK0019000162,10056201W,MP,7.04147478588811e-05,7.04147478588811e-05,0.4833540009491443
2026-08-31,1925,JP3505000004,01783001W,MP,-6.332607474043666e-05,-6.332607474043666e-05,0.32869311434174414
2026-08-31,1928,JP3420600003,10092601W,MP,1.081007236362101e-06,1.081007236362101e-06,0.3792037314582894
2026-08-31,1928,KYG7800X1079,29342501W,MP,0.0003094829776439974,0.0003094829776439974,0.41604017240770286
2026-08-31,1997,KYG9593A1040,32596601W,MP,5.603393847155176e-05,5.603393847155176e-05,0.21036494354058013
2026-08-31,2,HK0002007356,10066501W,MP,0.00015868946720359298,0.00015868946720359298,0.46328881518571685
2026-08-31,2388,HK2388011192,03164801W,MP,5.910558493478845e-05,5.910558493478845e-05,0.3511290059509054
2026-08-31,2502,JP3116000005,10295001W,MP,-0.0003610756309404127,-0.0003610756309404127,0.5678287358420248
2026-08-31,2503,JP3258000003,01872901W,MP,0.00015489736446241574,0.00015489736446241574,0.36343386295016006
2026-08-31,2587,JP3336560002,31564801W,MP,-0.00012122384279608809,-0.00012122384279608809,0.4708601350587616
2026-08-31,27,HK0027032686,10711401W,MP,0.00025172586925879353,0.00025172586925879353,0.370318615075712
2026-08-31,2801,JP3240400006,10193201W,MP,-0.00019431246284211121,-0.00019431246284211121,0.3639578180496232
2026-08-31,2802,JP3119600009,10025301W,MP,-0.00018714978353923998,-0.00018714978353923998,0.39518065299973376
2026-08-31,285A,JP3236330001,33964401W,MP,6.51758216754324e-05,6.51758216754324e-05,0.2534053782254858
2026-08-31,288,KYG960071028,31747801W,MP,3.169824181376011e-05,3.169824181376011e-05,0.5058236290203305
2026-08-31,2914,JP3726800000,22352801W,MP,-0.0003082560441332508,-0.0003082560441332508,0.49859544447508036
2026-08-31,3,HK0003000038,01852602W,MP,-0.00020250956682102398,-0.00020250956682102398,0.40110563971926
2026-08-31,3003,JP3360800001,20801901W,MP,9.544135753595036e-05,9.544135753595036e-05,0.281122963641755
2026-08-31,3382,JP3422950000,27396101W,MP,-9.094432541188096e-05,-9.094432541188096e-05,0.43808804639121923
2026-08-31,3402,JP3621000003,10072401W,MP,-0.00030973705380615634,-0.00030973705380615634,0.403989885916858
2026-08-31,3407,JP3111200006,10025801W,MP,-0.00015319286101382861,-0.00015319286101382861,0.31765411798025756
2026-08-31,3659,JP3758190007,31130501W,MP,9.847400882303171e-05,9.847400882303171e-05,0.1579109712161941
2026-08-31,388,HK0388045442,24063701W,MP,0.0001311012098965277,0.0001311012098965277,0.5387826038620069
2026-08-31,4004,JP3368000000,10069601W,MP,-0.00041722105793065984,-0.00041722105793065984,0.5262534599378963
2026-08-31,4062,JP3148800000,10262001W,MP,-0.00010560708899982234,-0.00010560708899982234,0.2434767330510671
2026-08-31,4063,JP3371200001,10069701W,MP,-0.0001907197334273248,-0.0001907197334273248,0.3928748130733133
2026-08-31,4091,JP3711600001,10104401W,MP,-0.00010673229306658452,-0.00010673229306658452,0.3543599318572128
2026-08-31,4151,JP3256000005,10051601W,MP,0.00012085012176083713,0.00012085012176083713,0.3456679105435901
2026-08-31,4188,JP3897700005,01904502W,MP,-6.687124095933479e-05,-6.687124095933479e-05,0.3574922295379805
2026-08-31,4307,JP3762800005,24960401W,MP,-0.00038595086179945025,-0.00038595086179945025,0.3441446346725869
2026-08-31,4452,JP3205800000,01871501W,MP,-0.00022872710473882958,-0.00022872710473882958,0.3681445526379686
2026-08-31,4502,JP3463000004,10071801W,MP,-0.0003282729670696564,-0.0003282729670696564,0.5529672668070887
2026-08-31,4503,JP3942400007,10066801W,MP,0.000725409500237527,0.000725409500237527,0.5938246208248632
2026-08-31,4507,JP3347200002,10070701W,MP,0.00014301982997393705,0.00014301982997393705,0.4702153960352048
2026-08-31,4519,JP3519400000,10044101W,MP,-0.00026419715199786837,-0.00026419715199786837,0.45270984654471164
2026-08-31,4523,JP3160400002,10041801W,MP,4.2155855558604044e-05,4.2155855558604044e-05,0.5518317168249317
2026-08-31,4543,JP3546800008,10214601W,MP,-0.00013376185875378852,-0.00013376185875378852,0.3747898994463674
2026-08-31,4568,JP3475350009,10033601W,MP,-0.00012746547409050725,-0.00012746547409050725,0.4364209745464546
2026-08-31,4578,JP3188220002,29628801W,MP,0.00011212034726546769,0.00011212034726546769,0.3788746258066939
2026-08-31,4612,JP3749400002,10189201W,MP,-0.00029313343135637,-0.00029313343135637,0.28834846807344605
2026-08-31,4661,JP3198900007,21319301W,MP,-0.00013777036227925776,-0.00013777036227925776,0.5554493448637376
2026-08-31,4684,JP3173400007,22545601W,MP,5.800704230199428e-05,5.800704230199428e-05,0.3727225367741476
2026-08-31,4689,JP3933800009,21450901W,MP,-2.652941588470585e-05,-2.652941588470585e-05,0.26091671091256075
2026-08-31,4755,JP3967200001,23625901W,MP,0.00019960126631469864,0.00019960126631469864,0.5363120262422563
2026-08-31,4768,JP3188200004,23949801W,MP,0.0001706912178456664,0.0001706912178456664,0.3033486841495982
2026-08-31,4901,JP3814000000,00492501W,MP,-0.00016273333198262415,-0.00016273333198262415,0.2600577069264479
2026-08-31,4911,JP3351600006,01934401W,MP,-9.35114386678745e-05,-9.35114386678745e-05,0.46167987230554125
2026-08-31,5016,JP3379550001,36616301W,MP,-0.00028430770165974124,-0.00028430770165974124,0.3753211754398135
2026-08-31,5019,JP3142500002,27944901W,MP,0.00028010438818660557,0.00028010438818660557,0.33032212023863283
2026-08-31,5020,JP3386450005,10015801W,MP,0.00015991129984145732,0.00015991129984145732,0.2714120572631214
2026-08-31,5108,JP3830800003,10036901W,MP,0.00024799931985872213,0.00024799931985872213,0.2754666723345717
2026-08-31,5201,JP3112000009,10025901W,MP,1.0534133685661343e-05,1.0534133685661343e-05,0.4617950885504118
2026-08-31,5401,JP3381000003,10015501W,MP,-0.00032860745669722514,-0.00032860745669722514,0.43905020296797304
2026-08-31,5706,JP3888400003,10195101W,MP,-7.407064086611305e-05,-7.407064086611305e-05,0.30797881187296516
2026-08-31,5713,JP3402600005,10014501W,MP,-2.4650227688613677e-05,-2.4650227688613677e-05,0.4253954134445296
2026-08-31,5801,JP3827200001,02014501W,MP,0.00010729413729106544,0.00010729413729106544,0.456500098949299
2026-08-31,5802,JP3407400005,01941301W,MP,0.00016570059562360018,0.00016570059562360018,0.4800480879753685
2026-08-31,5803,JP3811000003,10271701W,MP,0.00011469305763146378,0.00011469305763146378,0.4346726874144575
2026-08-31,6,HK0006000050,01659001W,MP,-0.00013897454994207974,-0.00013897454994207974,0.4627781295703957
2026-08-31,6098,JP3970300004,31851001W,MP,0.00013826601834946253,0.00013826601834946253,0.3931897304910401
2026-08-31,6146,JP3548600000,20149101W,MP,-3.4031906216258896e-06,-3.4031906216258896e-06,0.2817630872634283
2026-08-31,6178,JP3752900005,32061101W,MP,8.089477290686685e-05,8.089477290686685e-05,0.604659483150836
2026-08-31,6273,JP3162600005,20812401W,MP,-0.00025550073925119707,-0.00025550073925119707,0.39626997469007946
2026-08-31,6301,JP3304200003,00649401W,MP,-2.3955553761779013e-05,-2.3955553761779013e-05,0.37074969263374574
2026-08-31,6326,JP3266400005,00650601W,MP,0.0001950244815439296,0.0001950244815439296,0.347040627641906
2026-08-31,6361,JP3166000004,10040801W,MP,-0.00014251939605945126,-0.00014251939605945126,0.4300575262778068
2026-08-31,6367,JP3481800005,10113801W,MP,-5.9363159544023264e-05,-5.9363159544023264e-05,0.2637764940599091
2026-08-31,6383,JP3497400006,10224501W,MP,-6.83595252109519e-05,-6.83595252109519e-05,0.419184004518643
2026-08-31,6479,JP3906000009,01900201W,MP,0.00015753394740306652,0.00015753394740306652,0.3755707803690492
2026-08-31,6501,JP3788600009,00565001W,MP,0.0001315835801779628,0.0001315835801779628,0.3526713220135966
2026-08-31,6503,JP3902400005,01904301W,MP,2.8517001093277695e-05,2.8517001093277695e-05,0.3079775126779639
2026-08-31,6504,JP3820000002,10185101W,MP,-9.026819908000702e-05,-9.026819908000702e-05,0.336468805737561
2026-08-31,6525,JP3293330001,35871501W,MP,-0.00010959102465914676,-0.00010959102465914676,0.1953243231983805
2026-08-31,6586,JP3862400003,00697201W,MP,5.064370567234976e-05,5.064370567234976e-05,0.3341627609201726
2026-08-31,6594,JP3734800000,22182101W,MP,1.7396890279958743e-05,1.7396890279958743e-05,0.25539224598849003
2026-08-31,66,HK0066009694,24301101W,MP,-0.000165480012306897,-0.000165480012306897,0.49372776546498953
2026-08-31,669,HK0669013440,10340901W,MP,-2.7744844243386304e-05,-2.7744844243386304e-05,0.27504753968713835
2026-08-31,6701,JP3733000008,00765201W,MP,0.0001077006404774236,0.0001077006404774236,0.31814524535570476
2026-08-31,6702,JP3818000006,01846701W,MP,-4.011927685688411e-05,-4.011927685688411e-05,0.2895241554977309
2026-08-31,6723,JP3164720009,25766401W,MP,1.6882233713614165e-05,1.6882233713614165e-05,0.35448648625602186
2026-08-31,6752,JP3866800000,00711401W,MP,-0.00022129089125892725,-0.00022129089125892725,0.451734421647969
2026-08-31,6758,JP3435000009,00981801W,MP,0.00024323243019118106,0.00024323243019118106,0.40138488631796004
2026-08-31,6762,JP3538800008,01027501W,MP,-0.00014036595262195624,-0.00014036595262195624,0.24271847907616553
2026-08-31,6823,HK0000093390,30958701W,MP,-3.875496353927124e-05,-3.875496353927124e-05,0.2709237306075076
2026-08-31,6841,JP3955000009,10067101W,MP,-0.0002898475142848854,-0.0002898475142848854,0.32973892254560383
2026-08-31,6857,JP3122400009,10024501W,MP,0.00010431201738419762,0.00010431201738419762,0.2125568750318652
2026-08-31,6861,JP3236200006,10322801W,MP,-0.0004195183977163689,-0.0004195183977163689,0.3542599317935104
2026-08-31,6902,JP3551500006,01911201W,MP,-0.00022535691371826022,-0.00022535691371826022,0.5123488850414669
2026-08-31,6920,JP3979200007,20197401W,MP,0.0001566385201580962,0.0001566385201580962,0.24593081368826936
2026-08-31,6954,JP3802400006,10004801W,MP,-0.0001911295162496787,-0.0001911295162496787,0.45524663444792207
2026-08-31,6971,JP3249600002,00651201W,MP,0.00014151695989570993,0.00014151695989570993,0.25262251265438285
2026-08-31,6981,JP3914400001,10022601W,MP,-0.0001600963246974967,-0.0001600963246974967,0.2518301704103512
2026-08-31,6988,JP3684000007,10068301W,MP,-0.0002773881422580108,-0.0002773881422580108,0.378126325807544
2026-08-31,7011,JP3900000005,10001201W,MP,0.00022992264135344415,0.00022992264135344415,0.4470981292676041
2026-08-31,7012,JP3224200000,10028801W,MP,0.0002159464811998233,0.0002159464811998233,0.44148524644028575
2026-08-31,7013,JP3134800006,10036201W,MP,1.2206985259459e-05,1.2206985259459e-05,0.4023316846868521
2026-08-31,7181,JP3233250004,32061001W,MP,0.00010583087589117969,0.00010583087589117969,0.5501721519058358
2026-08-31,7182,JP3946750001,32060901W,MP,0.00020421427681630735,0.00020421427681630735,0.43400123154000364
2026-08-31,7186,JP3305990008,01557901W,MP,0.00018389248356198343,0.00018389248356198343,0.33381985609471687
2026-08-31,7201,JP3672400003,01911301W,MP,-0.00019213771061352193,-0.00019213771061352193,0.5047509575150978
2026-08-31,7202,JP3137200006,01893101W,MP,-0.00011731276364008921,-0.00011731276364008921,0.45518351522411044
2026-08-31,7203,JP3633400001,01966101W,MP,-0.00011488951496518783,-0.00011488951496518783,0.524246896099276
2026-08-31,7259,JP3102000001,10224001W,MP,0.00020675000542510263,0.00020675000542510263,0.4395264645723735
2026-08-31,7267,JP3854600008,00569101W,MP,-8.884948520427284e-05,-8.884948520427284e-05,0.3701055005293749
2026-08-31,7269,JP3397200001,10115501W,MP,-3.820211800801684e-05,-3.820211800801684e-05,0.46012057730086575
2026-08-31,7270,JP3814800003,01846601W,MP,-0.00019712159147290104,-0.00019712159147290104,0.4223950441266972
2026-08-31,7272,JP3942800008,10066701W,MP,-0.0002949047797041618,-0.0002949047797041618,0.5184924638810937
2026-08-31,7309,JP3358000002,10485801W,MP,-0.00036051471814914284,-0.00036051471814914284,0.5504433546713989
2026-08-31,7453,JP3976300008,20675501W,MP,-9.376399921310966e-05,-9.376399921310966e-05,0.3719955540503975
2026-08-31,7532,JP3639650005,21318601W,MP,-7.106021248204787e-05,-7.106021248204787e-05,0.3684851016829543
2026-08-31,7550,JP3429300001,20750101W,MP,-8.469064273130938e-07,-8.469064273130938e-07,0.4430375493078496
2026-08-31,7733,JP3201200007,10068601W,MP,-0.00018595389302974682,-0.00018595389302974682,0.4329000610981141
2026-08-31,7735,JP3494600004,10038801W,MP,-0.0002008990283297997,-0.0002008990283297997,0.29796700541277976
2026-08-31,7741,JP3837800006,10043301W,MP,-0.0002856591226632673,-0.0002856591226632673,0.4372466001640752
2026-08-31,7751,JP3242800005,00272101W,MP,6.846980842782631e-05,6.846980842782631e-05,0.24084273346396334
2026-08-31,7832,JP3778630008,20400902W,MP,-8.589629600211028e-05,-8.589629600211028e-05,0.3668537374444584
2026-08-31,7911,JP3629000005,10072901W,MP,7.675639126508117e-05,7.675639126508117e-05,0.40119902273602054
2026-08-31,7912,JP3493800001,01782701W,MP,9.672655036636577e-05,9.672655036636577e-05,0.4530289830865635
2026-08-31,7936,JP3118000003,10084001W,MP,0.00015752304425550542,0.00015752304425550542,0.4319679678471235
2026-08-31,7974,JP3756600007,10245001W,MP,-5.348163611430229e-05,-5.348163611430229e-05,0.29987433170806116
2026-08-31,8001,JP3143600009,10043501W,MP,8.473256057823544e-05,8.473256057823544e-05,0.3341908193412484
2026-08-31,8002,JP3877600001,10054501W,MP,0.00010315087045106942,0.00010315087045106942,0.4154798975902043
2026-08-31,8015,JP3635000007,10194001W,MP,2.995656216411002e-05,2.995656216411002e-05,0.3872319300173367
2026-08-31,8031,JP3893600001,00747101W,MP,-2.254588575538768e-05,-2.254588575538768e-05,0.3947222814036331
2026-08-31,8035,JP3571400005,10065801W,MP,-7.079053724595998e-05,-7.079053724595998e-05,0.2479924908689595
2026-08-31,8053,JP3404600003,10184601W,MP,0.00028843219372492177,0.00028843219372492177,0.36524106019356145
2026-08-31,8058,JP3898400001,10055501W,MP,0.00012986511449696034,0.00012986511449696034,0.3034239724999217
2026-08-31,8113,JP3951600000,10485401W,MP,-0.00013236216745722573,-0.00013236216745722573,0.30818117918954174
2026-08-31,8136,JP3343200006,10136001W,MP,0.0001778396469373962,0.0001778396469373962,0.418183742179973
2026-08-31,823,HK0823032773,27457801W,MP,-7.213116147316679e-05,-7.213116147316679e-05,0.18887347077111505
2026-08-31,8267,JP3388200002,22239801W,MP,0.00021574657388721456,0.00021574657388721456,0.5447812060436696
2026-08-31,83,HK0083000502,10344001W,MP,-9.805076262333671e-05,-9.805076262333671e-05,0.2718978716760715
2026-08-31,8306,JP3902900004,25294003W,MP,0.00014097745484527253,0.00014097745484527253,0.3009183648110804
2026-08-31,8308,JP3500610005,25293801W,MP,8.816353115870354e-05,8.816353115870354e-05,0.33991208460116445
2026-08-31,8309,JP3892100003,25431801W,MP,0.0003279819377691414,0.0003279819377691414,0.30784244040282394
2026-08-31,8316,JP3890350006,01013701W,MP,0.00016066579171557536,0.00016066579171557536,0.3407262249158787
2026-08-31,8331,JP3511800009,01574801W,MP,0.00020471112281310945,0.00020471112281310945,0.30103404532025785
2026-08-31,8411,JP3885780001,24813602W,MP,0.0003213805309285709,0.0003213805309285709,0.29180766254147633
2026-08-31,8473,JP3436120004,24221801W,MP,0.0004795928227125614,0.0004795928227125614,0.6664356331634196
2026-08-31,8591,JP3200450009,01566801W,MP,0.0001481959994694818,0.0001481959994694818,0.47089125892811456
2026-08-31,8593,JP3499800005,20162801W,MP,-0.00017490940353251635,-0.00017490940353251635,0.5052548959311463
2026-08-31,8601,JP3502200003,01548301W,MP,0.00022576555591779647,0.00022576555591779647,0.5838179678381827
2026-08-31,8604,JP3762600009,01561301W,MP,-0.00011473693289913593,-0.00011473693289913593,0.5918423107217424
2026-08-31,8630,JP3165000005,01593301W,MP,0.00025765393719278187,0.00025765393719278187,0.45383109956108847
2026-08-31,8697,JP3183200009,24094801W,MP,7.947007345192908e-05,7.947007345192908e-05,0.5963822433455456
2026-08-31,8725,JP3890310000,01577902W,MP,4.064009475354345e-05,4.064009475354345e-05,0.39824406866538575
2026-08-31,8750,JP3476480003,29430901W,MP,0.00024285661323552793,0.00024285661323552793,0.4352171430194165
2026-08-31,8766,JP3910660004,01565902W,MP,4.699310917146166e-06,4.699310917146166e-06,0.5112615889777361
2026-08-31,8795,JP3539220008,25081801W,MP,0.00022383333478738252,0.00022383333478738252,0.6024157128476777
2026-08-31,8801,JP3893200000,10052201W,MP,-4.8737516624929344e-05,-4.8737516624929344e-05,0.31902443575877276
2026-08-31,8802,JP3899600005,01562501W,MP,0.00029224156043691985,0.00029224156043691985,0.3157889568491947
2026-08-31,8830,JP3409000001,10260501W,MP,-3.9609956495856904e-05,-3.9609956495856904e-05,0.2798190356591272
2026-08-31,8951,JP3027670003,25211901W,MP,-6.674268015915181e-05,-6.674268015915181e-05,0.29863207218149357
2026-08-31,9020,JP3783600004,20172701W,MP,-6.962540380453768e-05,-6.962540380453768e-05,0.45182210194373207
2026-08-31,9021,JP3659000008,22237601W,MP,1.7198668789439658e-05,1.7198668789439658e-05,0.5203699352340395
2026-08-31,9022,JP3566800003,21290101W,MP,0.00011666951401181348,0.00011666951401181348,0.48541969608828195
2026-08-31,9042,JP3774200004,10107001W,MP,-1.2791368531131732e-05,-1.2791368531131732e-05,0.4610942745942196
2026-08-31,9101,JP3753000003,10015301W,MP,2.631689296633909e-05,2.631689296633909e-05,0.5053437475978863
2026-08-31,9104,JP3362700001,10057401W,MP,-2.2752308225945162e-05,-2.2752308225945162e-05,0.45910193950200034
2026-08-31,9107,JP3223800008,10104201W,MP,0.0001855419407974132,0.0001855419407974132,0.4549873884673222
2026-08-31,9202,JP3429800000,10024701W,MP,0.00020967254283281664,0.00020967254283281664,0.41896598842155924
2026-08-31,9432,JP3735400008,00790801W,MP,3.875419550468562e-06,3.875419550468562e-06,0.3208245891766592
2026-08-31,9433,JP3496400007,20158401W,MP,1.2533705153634904e-06,1.2533705153634904e-06,0.20698654666160454
2026-08-31,9434,JP3732000009,22315002W,MP,-0.00016190812555226102,-0.00016190812555226102,0.21362286639305103
2026-08-31,9435,JP3783420007,21220001W,MP,-1.3126481199554176e-05,-1.3126481199554176e-05,0.4506625811153097
2026-08-31,9502,JP3526600006,10045001W,MP,0.00012820931510954743,0.00012820931510954743,0.44117654792909733
2026-08-31,9503,JP3228600007,10030201W,MP,0.0004562807731396237,0.0004562807731396237,0.4609969742018504
2026-08-31,9531,JP3573000001,10084801W,MP,0.0007233808046967333,0.0007233808046967333,0.5408188710702126
2026-08-31,9532,JP3180400008,10084601W,MP,0.00045539915510417207,0.00045539915510417207,0.4055369491635781
2026-08-31,9602,JP3598600009,10274401W,MP,-0.0001695311015090654,-0.0001695311015090654,0.27646812536916227
2026-08-31,9697,JP3218900003,20109901W,MP,-0.00023580260135801947,-0.00023580260135801947,0.3030243282431686
2026-08-31,9735,JP3421800008,01974101W,MP,6.492196980936804e-06,6.492196980936804e-06,0.2766831728755174
2026-08-31,9766,JP3300200007,20059501W,MP,-4.662201730746255e-05,-4.662201730746255e-05,0.24977086297996984
2026-08-31,9843,JP3756100008,22181201W,MP,-2.928100178897085e-05,-2.928100178897085e-05,0.44955242783429045
2026-08-31,9983,JP3802300008,21294801W,MP,-0.0001843003321898337,-0.0001843003321898337,0.3651937497049104
2026-08-31,9984,JP3436100006,20422201W,MP,-0.00029498040741704766,-0.00029498040741704766,0.35578028657123656
2026-08-31,9CI,SGXE62145532,35029801W,MP,-0.00017869995359135382,-0.00017869995359135382,0.2258282166967408
2026-08-31,A,US00846U1016,12655401,MP,-0.0001517262414361889,-0.0001517262414361889,0.25953166217194246
2026-08-31,A17U,SG1M77906915,25607801W,MP,0.0001248763474030128,0.0001248763474030128,0.250209756197108
2026-08-31,A5G,IE00BF0L3536,01550501W,MP,0.00027124169386990037,0.00027124169386990037,0.43671313765803826
2026-08-31,A6I,KYG4124C1096,03696501W,MP,-7.821867705809297e-05,-7.821867705809297e-05,0.42586712670227234
2026-08-31,AAF,GB00BKDRYJ47,33273901W,MP,0.00041625025720719896,0.00041625025720719896,0.30530018028095496
2026-08-31,AAL,GB00BTK05J60,01550802W,MP,9.274705863237003e-05,9.274705863237003e-05,0.2990928559030805
2026-08-31,AAPL,US0378331005,00169001,MP,6.967773546480384e-05,6.967773546480384e-05,0.3604579971951097
2026-08-31,ABBN,CH0012221716,21041801W,MP,-6.945866325621213e-05,-6.945866325621213e-05,0.2860174649750252
2026-08-31,ABBV,US00287Y1091,01610101,MP,5.159812456989616e-05,5.159812456989616e-05,0.5214667994731426
2026-08-31,ABF,GB0006731235,01740401W,MP,8.408354634944773e-05,8.408354634944773e-05,0.4087433347198615
2026-08-31,ABI,BE0974293251,24163701W,MP,-0.0002561875289071599,-0.0002561875289071599,0.41483224492395104
2026-08-31,ABN,NL0011540547,32076490W,MP,0.00019518833055991533,0.00019518833055991533,0.41686197820575516
2026-08-31,ABNB,US0090661010,03746001,MP,-9.733203850526107e-05,-9.733203850526107e-05,0.33895682353680445
2026-08-31,ABT,US0028241000,00107801,MP,-3.318934813665091e-05,-3.318934813665091e-05,0.3934017314084003
2026-08-31,ABVX,FR0012333284,31991901W,MP,-0.00048588983979765534,-0.00048588983979765534,0.5440998155184076
2026-08-31,ABX,CA06849F1080,00205501C,MP,0.0006506958357898388,0.0006506958357898388,0.5107716529967014
2026-08-31,AC,FR0000120404,10000101W,MP,-0.00045079509565924136,-0.00045079509565924136,0.46511914741336663
2026-08-31,ACA,FR0000045072,02456302W,MP,0.0001907786636810977,0.0001907786636810977,0.3499559571963247
2026-08-31,ACGL,BMG0450A1053,06130201,MP,0.0002604518299734549,0.0002604518299734549,0.5778288199777069
2026-08-31,ACS,ES0167050915,22218601W,MP,0.00019384428344763332,0.00019384428344763332,0.4093302614285071
2026-08-31,AD,NL0011794037,02366702W,MP,0.0005225547415077489,0.0005225547415077489,0.5444716716704642
2026-08-31,ADBE,US00724F1012,01254001,MP,0.00045428370300177944,0.00045428370300177944,0.37897354087958884
2026-08-31,ADDT B,SE0014781795,24731801W,MP,-0.00012785560683249825,-0.00012785560683249825,0.39962775278559143
2026-08-31,ADI,US0326541051,00163201,MP,0.00018058555126639005,0.00018058555126639005,0.27794654921029915
2026-08-31,ADM,GB00B02J6398,27097901W,MP,-0.00010342288400648176,-0.00010342288400648176,0.4546276942240275
2026-08-31,ADM,US0394831020,00172201,MP,0.00047781778774230217,0.00047781778774230217,0.5315179626943018
2026-08-31,ADP,FR0010340141,27814201W,MP,-0.00011191700190765323,-0.00011191700190765323,0.4621300789965695
2026-08-31,ADP,US0530151036,00189101,MP,6.524846197179399e-05,6.524846197179399e-05,0.4115181607586753
2026-08-31,ADS,DE000A1EWWW0,22124401W,MP,-0.0001193758118446961,-0.0001193758118446961,0.43525372187796024
2026-08-31,ADSK,US0527691069,00187801,MP,0.0002443859699959854,0.0002443859699959854,0.29393229852566344
2026-08-31,ADYEN,NL0012969182,32740101W,MP,-0.0002907779319782215,-0.0002907779319782215,0.5038996073707909
2026-08-31,AEE,US0236081024,01086001,MP,4.4374060439678225e-05,4.4374060439678225e-05,0.32342713287790964
2026-08-31,AEM,CA0084741085,00118601C,MP,0.0006783600048450674,0.0006783600048450674,0.4645571051784389
2026-08-31,AENA,ES0105046017,31921901W,MP,-0.00019215018565462688,-0.00019215018565462688,0.41390930261581615
2026-08-31,AEP,US0255371017,00144001,MP,-8.761286254158411e-05,-8.761286254158411e-05,0.2948549216229835
2026-08-31,AER,NL0000687663,17609201,MP,0.00023842968609887424,0.00023842968609887424,0.5900125964266255
2026-08-31,AFL,US0010551028,00144901,MP,-6.404985434197224e-05,-6.404985434197224e-05,0.3054304690504854
2026-08-31,AFRM,US00827B1061,03741301,MP,-0.0003787119153651679,-0.0003787119153651679,0.5806269074278094
2026-08-31,AGI,CA0115321089,12345501C,MP,0.0005373597743767934,0.0005373597743767934,0.4107062954321973
2026-08-31,AGN,BMG0112X1056,01559801W,MP,-0.00012489936532032603,-0.00012489936532032603,0.49643201285177474
2026-08-31,AGS,BE0974264930,01644701W,MP,0.00020114612143365428,0.00020114612143365428,0.5492471939828037
2026-08-31,AI,FR0000120073,10120201W,MP,-0.0001389371361023637,-0.0001389371361023637,0.3708582531817872
2026-08-31,AIA,NZAIAE0002S6,22276101W,MP,-0.00023223018195112769,-0.00023223018195112769,0.4525695670121876
2026-08-31,AIG,US0268747849,00148701,MP,-4.5861153376541475e-05,-4.5861153376541475e-05,0.2921289441520642
2026-08-31,AIR,NL0000235190,22083302W,MP,0.000169518065655619,0.000169518065655619,0.3680415648914245
2026-08-31,AJG,US3635761097,00497301,MP,-0.0002498673251654778,-0.0002498673251654778,0.47872272769900204
2026-08-31,AKRBP,NO0010345853,27569602W,MP,1.8376672868190126e-05,1.8376672868190126e-05,0.3284897281582633
2026-08-31,AKZA,NL0013267909,01533401W,MP,-0.0002617681052478919,-0.0002617681052478919,0.2614769044721641
2026-08-31,ALA,CA0213611001,12219401C,MP,7.216680120130159e-06,7.216680120130159e-06,0.44051637875300925
2026-08-31,ALAB,US04626A1034,04509401,MP,0.00010436421641234301,0.00010436421641234301,0.3852810427381176
2026-08-31,ALC,CH0432492467,03505601W,MP,-0.00022752319706447716,-0.00022752319706447716,0.4350971716742752
2026-08-31,ALFA,SE0000695876,25192101W,MP,-0.0001401351958935826,-0.0001401351958935826,0.37853458223703934
2026-08-31,ALL,AU000000ALL7,21262801W,MP,4.705572374845758e-05,4.705572374845758e-05,0.5272011952173054
2026-08-31,ALL,US0200021014,02834901,MP,0.000421008800949452,0.000421008800949452,0.5355525438528698
2026-08-31,ALNY,US02043Q1076,26426501,MP,0.00027928358752056406,0.00027928358752056406,0.5755393042734959
2026-08-31,ALO,FR0010220475,21839901W,MP,0.00021990616156296363,0.00021990616156296363,0.4398205743809832
2026-08-31,ALV,DE0008404005,01572401W,MP,-6.725967171817632e-05,-6.725967171817632e-05,0.4361460856061137
2026-08-31,AM,FR0014004L86,10051701W,MP,0.00016239734173220677,0.00016239734173220677,0.3519400552059714
2026-08-31,AMAT,US0382221051,00170401,MP,-0.00023732245094548212,-0.00023732245094548212,0.24515770698083716
2026-08-31,AMD,US0079031078,00116101,MP,-0.00022721919224891782,-0.00022721919224891782,0.24952294118346974
2026-08-31,AME,US0311001004,00159801,MP,-0.0002247713227311975,-0.0002247713227311975,0.5646559263274515
2026-08-31,AMGN,US0311621009,00160201,MP,-0.00012459846893325154,-0.00012459846893325154,0.4022242529017795
2026-08-31,AMP,US03076C1062,16470801,MP,0.00013699023782884652,0.00013699023782884652,0.3566195562975075
2026-08-31,AMRZ,CH1430134226,36691101W,MP,-3.6088232308917285e-05,-3.6088232308917285e-05,0.2763421898342087
2026-08-31,AMS,ES0109067019,29450801W,MP,4.920391141116975e-05,4.920391141116975e-05,0.34797201658019433
2026-08-31,AMT,US03027X1000,10536501,MP,0.00012926841881283447,0.00012926841881283447,0.2082886236406015
2026-08-31,AMUN,FR0004125920,32072301W,MP,6.001912684546991e-05,6.001912684546991e-05,0.3015838148190365
2026-08-31,AMZN,US0231351067,06476801,MP,0.00031203968109347715,0.00031203968109347715,0.4398609944795146
2026-08-31,ANA,ES0125220311,10271201W,MP,9.423811537200857e-05,9.423811537200857e-05,0.43942277716974
2026-08-31,ANET,US0404132054,02074801,MP,-0.00037873214487034446,-0.00037873214487034446,0.3125426219779448
2026-08-31,ANTO,GB0000456144,20018901W,MP,-0.00021271704477813968,-0.00021271704477813968,0.34694936501383306
2026-08-31,ANZ,AU000000ANZ3,01588901W,MP,-4.398188945038222e-05,-4.398188945038222e-05,0.3348295424865897
2026-08-31,AON,IE00BLP1HW54,00322101,MP,-0.00021725215954577988,-0.00021725215954577988,0.4438506863553128
2026-08-31,APA,AU000000APA1,24253601W,MP,-0.00026358170026756755,-0.00026358170026756755,0.49261251854794114
2026-08-31,APD,US0091581068,00120901,MP,-8.829062197891684e-05,-8.829062197891684e-05,0.3521893695625616
2026-08-31,APH,US0320951017,01428201,MP,-1.671474408482233e-05,-1.671474408482233e-05,0.20467807598172183
2026-08-31,APO,US03769M1062,18425401,MP,-0.0002600051544230603,-0.0002600051544230603,0.5805975106961839
2026-08-31,APP,US03831W1080,03821201,MP,0.0003066050366494392,0.0003066050366494392,0.31634469007212435
2026-08-31,ARES,US03990B1017,02041201,MP,-0.00022784376442334923,-0.00022784376442334923,0.436834271526592
2026-08-31,ARGX,NL0010832176,31800501W,MP,-0.00010412578799886162,-0.00010412578799886162,0.4737530241627471
2026-08-31,ARX,CA00208D4084,10523901C,MP,-0.00021704922192930772,-0.00021704922192930772,0.19761787804862765
2026-08-31,ASM,NL0000334118,00116601W,MP,-9.633276495047328e-05,-9.633276495047328e-05,0.313732377728316
2026-08-31,ASML,NL0010273215,06121401W,MP,0.00018710945131692367,0.00018710945131692367,0.31069501348357653
2026-08-31,ASRNL,NL0011872643,01551203W,MP,-0.00022599327131549477,-0.00022599327131549477,0.6634162411161977
2026-08-31,ASSA B,SE0007100581,22349201W,MP,-1.9586033853427493e-05,-1.9586033853427493e-05,0.33649079193540504
2026-08-31,ASTS,US00217D1000,03859801,MP,-0.00019532083690344153,-0.00019532083690344153,0.37844679018256655
2026-08-31,ASX,AU000000ASX7,22613601W,MP,-6.062572492527548e-05,-6.062572492527548e-05,0.6597491347026015
2026-08-31,ATCO A,SE0017486889,01742001W,MP,-0.00013072524406027776,-0.00013072524406027776,0.4592630420104641
2026-08-31,ATCO B,SE0017486897,01742002W,MP,-0.00010868402614859206,-0.00010868402614859206,0.40369359821039136
2026-08-31,ATD,CA01626P1484,06465502C,MP,-1.7091692061469834e-05,-1.7091692061469834e-05,0.15668661683191817
2026-08-31,ATO,US0495601058,00438301,MP,-0.0002164688203726767,-0.0002164688203726767,0.4404433516539138
2026-08-31,ATRL,CA04764T1049,01435201C,MP,0.00035638115964923227,0.00035638115964923227,0.3914748131128014
2026-08-31,AV.,GB00BPQY8M80,01554502W,MP,-6.480253478605254e-05,-6.480253478605254e-05,0.6162445451411943
2026-08-31,AVGO,US11135F1012,18071101,MP,0.00010498046720128986,0.00010498046720128986,0.26578204624937507
2026-08-31,AVOL,CH0023405456,27468901W,MP,0.0006200579472899113,0.0006200579472899113,0.4872981520820271
2026-08-31,AWK,US0304201033,17943701,MP,-0.0003381314935957718,-0.0003381314935957718,0.4825392471256796
2026-08-31,AXON,US05464C1018,14391201,MP,-0.0002896958335517969,-0.0002896958335517969,0.509719333916674
2026-08-31,AXP,US0258161092,00144701,MP,-0.0001951469212969608,-0.0001951469212969608,0.4107175486029502
2026-08-31,AYV,FR0013258662,21517902W,MP,0.00040118636889700506,0.00040118636889700506,0.5183622281969504
2026-08-31,AZN,GB0009895292,02827201W,MP,-0.0001651774769771718,-0.0001651774769771718,0.24657017618656288
2026-08-31,AZO,US0533321024,02380901,MP,-9.076364333321108e-05,-9.076364333321108e-05,0.2674750540310521
2026-08-31,AZRG,IL0011194789,29478801W,MP,-0.00010282763080332903,-0.00010282763080332903,0.17476781541308622
2026-08-31,BA,US0970231058,00228501,MP,0.0001844260579230691,0.0001844260579230691,0.5347390906213901
2026-08-31,BA.,GB0002634946,06347701W,MP,9.418240139603212e-05,9.418240139603212e-05,0.4143669496429484
2026-08-31,BAC,US0605051046,00764701,MP,2.2829891497384945e-05,2.2829891497384945e-05,0.22030697368314095
2026-08-31,BAER,CH0102484968,29285401W,MP,0.00034883462294489214,0.00034883462294489214,0.45020171171204526
2026-08-31,BALL,US0584981064,00198801,MP,5.81323163994004e-06,5.81323163994004e-06,0.25905618567247823
2026-08-31,BAM,CA1130041058,04181701,MP,8.269280546768479e-05,8.269280546768479e-05,0.5388902521795798
2026-08-31,BAMI,IT0005218380,22508101W,MP,-5.5301549357107965e-05,-5.5301549357107965e-05,0.3427034409173089
2026-08-31,BARC,GB0031348658,01267301W,MP,0.0003876014223636545,0.0003876014223636545,0.4962008781448072
2026-08-31,BARN,CH0009002962,22415901W,MP,0.0004927599425753456,0.0004927599425753456,0.4269879855363666
2026-08-31,BAS,DE000BASF111,01743601W,MP,-0.00024628101140046656,-0.00024628101140046656,0.43904951611756915
2026-08-31,BATS,GB0002875804,00193201W,MP,-0.0004927261342085368,-0.0004927261342085368,0.6131054762795975
2026-08-31,BAYN,DE000BAY0017,10008001W,MP,-5.265533968066459e-05,-5.265533968066459e-05,0.3547934676412006
2026-08-31,BBD.B,CA0977518616,01407801C,MP,0.00032484160836001615,0.00032484160836001615,0.4150698220548765
2026-08-31,BBVA,ES0113211835,01518103W,MP,0.00013625167222953305,0.00013625167222953305,0.35088754893010515
2026-08-31,BBY,US0865161014,00218401,MP,-0.0001165489715853452,-0.0001165489715853452,0.35309766822008537
2026-08-31,BCE,CA05534B7604,00213701C,MP,-8.722824685482422e-05,-8.722824685482422e-05,0.21997825755721523
2026-08-31,BCP,PTBCP0AM0015,02384802W,MP,0.00016604755109069416,0.00016604755109069416,0.368879041123234
2026-08-31,BCVN,CH0531751755,01553102W,MP,-3.0468559814715753e-05,-3.0468559814715753e-05,0.2871202512615938
2026-08-31,BDX,US0758871091,00211101,MP,-5.358322380792865e-06,-5.358322380792865e-06,0.4611083832000075
2026-08-31,BE,US0937121079,03366801,MP,-3.157769764235755e-05,-3.157769764235755e-05,0.4720670050257221
2026-08-31,BEAN,CH1101098163,21177301W,MP,-0.00011117161755325308,-0.00011117161755325308,0.4738490796096554
2026-08-31,BEI,DE0005200000,10008301W,MP,-0.0005052749141417423,-0.0005052749141417423,0.5484702311342227
2026-08-31,BEIJ B,SE0015949748,10321902W,MP,-4.034098371424527e-05,-4.034098371424527e-05,0.38879021104455147
2026-08-31,BEPC,CA11285B1085,03679001,MP,-0.0002156384264293306,-0.0002156384264293306,0.34379261755416257
2026-08-31,BESI,NL0012866412,06181401W,MP,-0.00023389410618412343,-0.00023389410618412343,0.3140014321655141
2026-08-31,BG,AT0000BAWAG2,32571101W,MP,-1.3774739435272248e-05,-1.3774739435272248e-05,0.30554903619400436
2026-08-31,BG,CH1300646267,14443501,MP,9.554046050050483e-05,9.554046050050483e-05,0.5326368135969103
2026-08-31,BHP,AU000000BHP4,01331201W,MP,-0.00016911042243890828,-0.00016911042243890828,0.3745048318487021
2026-08-31,BIIB,US09062X1037,02446801,MP,9.546244629117656e-05,9.546244629117656e-05,0.6132691359670396
2026-08-31,BIM,FR0013280286,27057801W,MP,9.828529572294843e-05,9.828529572294843e-05,0.38322367618399616
2026-08-31,BIRG,IE00BD1RP616,06359001W,MP,-3.499359571045925e-05,-3.499359571045925e-05,0.22545618266207115
2026-08-31,BK,US0640581007,00201901,MP,0.00010297794179599528,0.00010297794179599528,0.36879501533728104
2026-08-31,BKNG,US09857L1089,11931401,MP,0.00017457247624994167,0.00017457247624994167,0.3307875456719662
2026-08-31,BKR,US05722G1004,03210601,MP,-0.00021331911194743524,-0.00021331911194743524,0.32935720252325534
2026-08-31,BKT,ES0113679I37,01584601W,MP,3.066887082355869e-06,3.066887082355869e-06,0.3960504044484377
2026-08-31,BKW,CH0130293662,10289002W,MP,3.585127098443305e-05,3.585127098443305e-05,0.49723596519593866
2026-08-31,BLK,US09290D1019,12443401,MP,-0.00019087841235404274,-0.00019087841235404274,0.46500508880246494
2026-08-31,BMED,IT0004776628,21295501W,MP,0.00019231063264842652,0.00019231063264842652,0.561608845361388
2026-08-31,BMO,CA0636711016,01558001C,MP,-7.182093163554024e-05,-7.182093163554024e-05,0.3429083663441864
2026-08-31,BMPS,IT0005508921,02458401W,MP,0.0002734450333677098,0.0002734450333677098,0.369340246966781
2026-08-31,BMW,DE0005190003,10002201W,MP,-0.0003731945024424533,-0.0003731945024424533,0.476090161650182
2026-08-31,BMY,US1101221083,00240301,MP,-5.525974952845408e-05,-5.525974952845408e-05,0.4101930377367365
2026-08-31,BN,CA11271J1075,00236901C,MP,-0.0001646083287564077,-0.0001646083287564077,0.4847480094786585
2026-08-31,BN,FR0000120644,01745202W,MP,-0.00019033728233700708,-0.00019033728233700708,0.3798801005250223
2026-08-31,BN4,SG1U68934629,10007601W,MP,-6.948976713678033e-05,-6.948976713678033e-05,0.43228528621446555
2026-08-31,BNP,FR0000131104,01553204W,MP,0.0003045153854436578,0.0003045153854436578,0.33981107475095296
2026-08-31,BNR,DE000A1DAHH0,26983501W,MP,0.00019275923033960967,0.00019275923033960967,0.45224910729377793
2026-08-31,BNS,CA0641491075,01558201C,MP,3.7368898397247646e-05,3.7368898397247646e-05,0.3648401563230168
2026-08-31,BNZL,GB00B0744B38,10009501W,MP,0.00019122079627043653,0.00019122079627043653,0.4477540453262928
2026-08-31,BOL,SE0020050417,06489402W,MP,0.00018540247003273556,0.00018540247003273556,0.3914737169461229
2026-08-31,BP.,GB0007980591,00241001W,MP,0.00021934769177616407,0.00021934769177616407,0.3223879629085806
2026-08-31,BPE,IT0000066123,20064701W,MP,0.0003882858957100196,0.0003882858957100196,0.30305030515827464
2026-08-31,BR,US11133T1034,17692801,MP,7.956761975830642e-05,7.956761975830642e-05,0.2686917594629657
2026-08-31,BRKB,US0846707026,00217602,MP,-0.00025737071858478454,-0.00025737071858478454,0.34866689638172754
2026-08-31,BRO,US1152361010,01541701,MP,-0.000180068312430496,-0.000180068312430496,0.5400502647463252
2026-08-31,BS6,SG1U76934819,28437501W,MP,0.00032460795093547704,0.00032460795093547704,0.44242720100043115
2026-08-31,BSX,US1011371077,02527901,MP,0.0003875883269064116,0.0003875883269064116,0.38058003903798787
2026-08-31,BT.A,GB0030913577,00241101W,MP,8.754775006590658e-05,8.754775006590658e-05,0.23907227852621882
2026-08-31,BURL,US1220171060,01867501,MP,0.00014421822183823728,0.00014421822183823728,0.36737456609401525
2026-08-31,BVI,FR0006174348,28696101W,MP,-2.2270264476775822e-06,-2.2270264476775822e-06,0.3454112557352428
2026-08-31,BX,US09260D1072,17708801,MP,-0.00035260235719771665,-0.00035260235719771665,0.5758552244928123
2026-08-31,BXB,AU000000BXB1,10046101W,MP,5.1305859758682966e-05,5.1305859758682966e-05,0.24774636279975146
2026-08-31,BZU,IT0001347308,10231703W,MP,8.311073300907321e-05,8.311073300907321e-05,0.35877174802140704
2026-08-31,C,US1729674242,00324301,MP,2.472999022099058e-05,2.472999022099058e-05,0.3103070831694236
2026-08-31,C38U,SG1M51904654,25511801W,MP,-0.00015418487157964944,-0.00015418487157964944,0.23121595834356515
2026-08-31,C6L,SG1V61937297,10071301W,MP,-1.174949893951825e-05,-1.174949893951825e-05,0.3719207977180987
2026-08-31,CA,FR0000120172,10034601W,MP,0.0001258773414150008,0.0001258773414150008,0.6002576293442966
2026-08-31,CABK,ES0140609019,28687901W,MP,-9.289177105103949e-05,-9.289177105103949e-05,0.32608908750928256
2026-08-31,CAE,CA1247651088,00252601C,MP,-0.0001874805957046191,-0.0001874805957046191,0.4075358677751263
2026-08-31,CAH,US14149Y1082,00275101,MP,0.0005362811544203763,0.0005362811544203763,0.5976728350216362
2026-08-31,CAP,FR0000125338,10194402W,MP,-0.00023658352352682888,-0.00023658352352682888,0.3078263359727437
2026-08-31,CARL B,DK0010181759,10113005W,MP,-0.0002436207578782714,-0.0002436207578782714,0.3588942455790508
2026-08-31,CARR,US14448C1045,03619101,MP,-3.561509770289397e-05,-3.561509770289397e-05,0.36451606188540203
2026-08-31,CASY,US1475281036,00280701,MP,0.00014732942617135328,0.00014732942617135328,0.4597075701948819
2026-08-31,CAT,US1491231015,00281701,MP,-0.00014985603613565035,-0.00014985603613565035,0.36580722748903355
2026-08-31,CB,CH0044328745,02803401,MP,-8.785895802280068e-05,-8.785895802280068e-05,0.20146706151937738
2026-08-31,CBA,AU000000CBA7,02451201W,MP,-6.85604531796528e-05,-6.85604531796528e-05,0.5039346795822284
2026-08-31,CBK,DE000CBK1001,01557501W,MP,0.00015218354756743472,0.00015218354756743472,0.40054147569866083
2026-08-31,CBOE,US12503M1080,18450001,MP,1.6304672415323883e-05,1.6304672415323883e-05,0.5339769127516218
2026-08-31,CBRE,US12504L1098,26077401,MP,0.0001453653997693855,0.0001453653997693855,0.22986531568590785
2026-08-31,CCEP,GB00BDCPN049,01275602W,MP,-0.00010976767156121451,-0.00010976767156121451,0.28418815859919905
2026-08-31,CCH,CH0198251305,22126104W,MP,-0.00011935274500403198,-0.00011935274500403198,0.20470863779789683
2026-08-31,CCI,US22822V1017,11349001,MP,-1.647504364731655e-05,-1.647504364731655e-05,0.1429513205248961
2026-08-31,CCL.B,CA1249003098,01406201C,MP,-7.045385249883958e-06,-7.045385249883958e-06,0.31047356290164263
2026-08-31,CCO,CA13321L1085,02437001C,MP,1.1287869458261729e-05,1.1287869458261729e-05,0.4092727340983058
2026-08-31,CDE,US1921085049,00315301,MP,0.00039346055369824816,0.00039346055369824816,0.4872675721050618
2026-08-31,CDNS,US1273871087,01342101,MP,-0.0002636078830461924,-0.0002636078830461924,0.2523943083539181
2026-08-31,CDW,US12514G1085,02832002,MP,-0.0002206499984955698,-0.0002206499984955698,0.36996670063560233
2026-08-31,CEG,US21037T1097,04061401,MP,0.0005041965231424585,0.0005041965231424585,0.4885866864665351
2026-08-31,CEN,NZCENE0001S6,22791601W,MP,0.0002569842816187006,0.0002569842816187006,0.4386719439731683
2026-08-31,CF,US1252691001,16394601,MP,0.00016706507296025534,0.00016706507296025534,0.33740452765416
2026-08-31,CFG,US1746101054,02182501,MP,7.023649212067436e-06,7.023649212067436e-06,0.2656599386830623
2026-08-31,CFR,CH0210483332,10290201W,MP,-9.304129613760919e-05,-9.304129613760919e-05,0.519394819536394
2026-08-31,CG,US14316J1088,18945901,MP,-0.00045983354063940503,-0.00045983354063940503,0.5979837149231413
2026-08-31,CHD,US1713401024,00302601,MP,4.174452420649494e-05,4.174452420649494e-05,0.4456707104717993
2026-08-31,CHRW,US12541W2098,06560901,MP,3.959103146119771e-05,3.959103146119771e-05,0.38018327885443925
2026-08-31,CHTR,US16119P1084,12613603,MP,0.00020852177823464782,0.00020852177823464782,0.29331926242127465
2026-08-31,CI,US1255231003,00254701,MP,0.0005131118335864261,0.0005131118335864261,0.5899511130709284
2026-08-31,CIEN,US1717793095,06435601,MP,9.097356783067839e-05,9.097356783067839e-05,0.13715945007025784
2026-08-31,CINF,US1720621010,01482401,MP,0.00022115104368158238,0.00022115104368158238,0.552217962143704
2026-08-31,CL,US1941621039,00317001,MP,-0.0001228516420427795,-0.0001228516420427795,0.5016608822748876
2026-08-31,CLNX,ES0105066007,31965901W,MP,-0.00024198311689816932,-0.00024198311689816932,0.2633173815966947
2026-08-31,CLS,CA15101Q2071,11215801C,MP,0.00015415272396027848,0.00015415272396027848,0.3581531749714402
2026-08-31,CM,CA1360691010,01558101C,MP,-0.0001239248538549907,-0.0001239248538549907,0.32854801800882827
2026-08-31,CMCSA,US20030N1019,00322601,MP,1.3907604767077474e-05,1.3907604767077474e-05,0.20442962798796316
2026-08-31,CME,US12572Q1058,14907001,MP,-6.954674993951809e-05,-6.954674993951809e-05,0.6507589683924538
2026-08-31,CMG,US1696561059,16591401,MP,-0.0001534425289643562,-0.0001534425289643562,0.333122583492641
2026-08-31,CMI,US2310211063,00365001,MP,-3.9585932579638894e-05,-3.9585932579638894e-05,0.43675607535433825
2026-08-31,CMS,US1258961002,00343901,MP,-0.0001878661179034931,-0.0001878661179034931,0.4118087611109671
2026-08-31,CNA,GB00B033F229,21342301W,MP,0.00040215276068436605,0.00040215276068436605,0.5722802079545721
2026-08-31,CNC,US15135B1017,14555201,MP,0.0006451098480929556,0.0006451098480929556,0.6720684134648622
2026-08-31,CNP,US15189T1079,00574201,MP,-0.00019876293786369974,-0.00019876293786369974,0.4007171983418405
2026-08-31,CNQ,CA1363851017,01505501C,MP,-8.318440415466173e-05,-8.318440415466173e-05,0.28791280701132715
2026-08-31,CNR,CA1363751027,00269601C,MP,-0.0003045280595036544,-0.0003045280595036544,0.4334430156439022
2026-08-31,COF,US14040H1059,03099001,MP,0.0002423907023120194,0.0002423907023120194,0.436492489643339
2026-08-31,COHR,US19247G1076,01456101,MP,-0.00013932935922930008,-0.00013932935922930008,0.29337869244351006
2026-08-31,COIN,US19260Q1076,03474901,MP,-0.00027936142337967366,-0.00027936142337967366,0.588956332031312
2026-08-31,COL,AU0000030678,32949801W,MP,0.00018148226076002903,0.00018148226076002903,0.5153769302396247
2026-08-31,COLO B,DK0060448595,10153801W,MP,-6.975876639030619e-05,-6.975876639030619e-05,0.32715129839927926
2026-08-31,CON,DE0005439004,10060901W,MP,-0.0001930665851974894,-0.0001930665851974894,0.4895404220245065
2026-08-31,COO,US2166485019,00350401,MP,-2.1305909222894176e-05,-2.1305909222894176e-05,0.3705123723150221
2026-08-31,COP,US20825C1045,00854901,MP,-3.175905295728711e-05,-3.175905295728711e-05,0.17428633025315649
2026-08-31,COR,US03073E1055,03167301,MP,-0.00016087425627074898,-0.00016087425627074898,0.5472076140601755
2026-08-31,COST,US22160K1051,02902801,MP,0.00020054994048333664,0.00020054994048333664,0.51064662736391
2026-08-31,COV,FR0000064578,22228401W,MP,-7.982859152810187e-05,-7.982859152810187e-05,0.24423605711561483
2026-08-31,CP,CA13646K1084,00269801C,MP,-0.0002359474216594072,-0.0002359474216594072,0.4168250631397595
2026-08-31,CPAY,US2199481068,18470001,MP,-7.756940848455101e-05,-7.756940848455101e-05,0.46569425261165387
2026-08-31,CPG,GB00BD6K4575,24309001W,MP,-5.173702674188445e-06,-5.173702674188445e-06,0.4074017200704792
2026-08-31,CPR,NL0015435975,24693901W,MP,-8.608963562112135e-05,-8.608963562112135e-05,0.36547847643851095
2026-08-31,CPRT,US2172041061,02990101,MP,-8.915058889955735e-05,-8.915058889955735e-05,0.33201488657493056
2026-08-31,CPU,AU000000CPU5,22309601W,MP,-0.0001717589127568832,-0.0001717589127568832,0.3730852920419372
2026-08-31,CPW,IL0010824113,06318501W,MP,-7.384429204917944e-05,-7.384429204917944e-05,0.1326556355331513
2026-08-31,CRBG,US21871X1090,04108401,MP,-9.958541660440301e-05,-9.958541660440301e-05,0.6059810596963842
2026-08-31,CRCL,US1725731079,05146101,MP,2.2096143669478688e-05,2.2096143669478688e-05,0.20546968061826884
2026-08-31,CRDO,KYG254571055,04053201,MP,0.00032035257432282604,0.00032035257432282604,0.18062556576449845
2026-08-31,CRM,US79466L3024,15785501,MP,0.00023226646648593364,0.00023226646648593364,0.2144226629430254
2026-08-31,CRWD,US22788C1053,03518201,MP,-0.00020365077406102558,-0.00020365077406102558,0.23110605389703848
2026-08-31,CRWV,US21873S1087,05113901,MP,-2.8153676390128805e-05,-2.8153676390128805e-05,0.33286163552002335
2026-08-31,CS,FR0000120628,06312001W,MP,-8.288694924426665e-05,-8.288694924426665e-05,0.4592159201146358
2026-08-31,CSA,IE00B4BNMY34,14335702W,MP,0.00010351686761841537,0.00010351686761841537,0.24643221029216206
2026-08-31,CSCO,US17275R1023,02077901,MP,-0.0001956942977805194,-0.0001956942977805194,0.2885451743457107
2026-08-31,CSL,AU000000CSL8,22300301W,MP,8.290743617086036e-05,8.290743617086036e-05,0.48509567475948984
2026-08-31,CSU,CA21037X1006,17430201C,MP,-3.7152124298774716e-05,-3.7152124298774716e-05,0.24395406847040405
2026-08-31,CSX,US1264081035,00257401,MP,-0.00022107730993625968,-0.00022107730993625968,0.39271524212483494
2026-08-31,CTAS,US1729081059,00306201,MP,-0.00020144039329438027,-0.00020144039329438027,0.4672995167676323
2026-08-31,CTC.A,CA1366812024,00270301C,MP,9.561763954768088e-05,9.561763954768088e-05,0.47093569861490797
2026-08-31,CTSH,US1924461023,11186401,MP,-1.84662401301463e-05,-1.84662401301463e-05,0.3063148678750907
2026-08-31,CTVA,US22052L1044,03516801,MP,-0.0001857134356887491,-0.0001857134356887491,0.32881839864938256
2026-08-31,CU,CA1367178326,01443301C,MP,-0.00013002402570313422,-0.00013002402570313422,0.5029161365454355
2026-08-31,CVC,JE00BRX98089,36139901W,MP,-0.00022022751611474312,-0.00022022751611474312,0.3581391241076523
2026-08-31,CVE,CA15135U1093,18379101C,MP,0.00026758725228530865,0.00026758725228530865,0.30520796374572784
2026-08-31,CVNA,US1468691027,03099901,MP,8.237935898829029e-05,8.237935898829029e-05,0.4374586811751774
2026-08-31,CVS,US1266501006,00724101,MP,0.00011672385566043113,0.00011672385566043113,0.4996043846447347
2026-08-31,CVX,US1667641005,00299101,MP,-5.868819577373028e-05,-5.868819577373028e-05,0.3153005368284921
2026-08-31,CW,US2315611010,00366201,MP,-0.00022815033280011943,-0.00022815033280011943,0.4671764210680605
2026-08-31,D,US25746U1097,00402901,MP,-0.00034688498424355395,-0.00034688498424355395,0.4343728634761487
2026-08-31,D05,SG1L01001701,01574301W,MP,7.210402973435823e-05,7.210402973435823e-05,0.447906272563385
2026-08-31,DAL,US2473617023,00385103,MP,0.0004901328189218249,0.0004901328189218249,0.49384450651775674
2026-08-31,DANSKE,DK0010274414,01555201W,MP,-5.7125560926682645e-05,-5.7125560926682645e-05,0.32422883631086974
2026-08-31,DASH,US25809K1051,03742001,MP,0.0001662866667018599,0.0001662866667018599,0.3807722523772884
2026-08-31,DB1,DE0005810055,24377401W,MP,-3.848809876611148e-05,-3.848809876611148e-05,0.5019022850461474
2026-08-31,DBK,DE0005140008,01557601W,MP,0.0003019945069963771,0.0003019945069963771,0.4323967913716792
2026-08-31,DDOG,US23804L1035,03562001,MP,-0.00022035546453680286,-0.00022035546453680286,0.26114502743739654
2026-08-31,DE,US2441991054,00383501,MP,-0.00027714652900266923,-0.00027714652900266923,0.4586499123081558
2026-08-31,DECK,US2435371073,02901501,MP,0.0003417377772791839,0.0003417377772791839,0.32968822250841723
2026-08-31,DELL,US24703L2025,01448908,MP,0.0004102273541876736,0.0004102273541876736,0.346519855570196
2026-08-31,DEMANT,DK0060738599,20454401W,MP,-4.465357251830157e-05,-4.465357251830157e-05,0.28362447304557614
2026-08-31,DG,FR0000125486,10229602W,MP,0.00026014141710218176,0.00026014141710218176,0.4471680320122691
2026-08-31,DG,US2566771059,00401602,MP,0.0001491059967795283,0.0001491059967795283,0.2335099450946595
2026-08-31,DGE,GB0002374006,01863601W,MP,-0.00047768405200383605,-0.00047768405200383605,0.5428763668453422
2026-08-31,DGX,US74834L1008,06416601,MP,-0.00010228885394950244,-0.00010228885394950244,0.19690272149184884
2026-08-31,DHER,DE000A2E4K43,32485901W,MP,1.975206960525561e-05,1.975206960525561e-05,0.47459498587694005
2026-08-31,DHI,US23331A1097,02534001,MP,-0.00014052660064757405,-0.00014052660064757405,0.39644148798802115
2026-08-31,DHL,DE0005552004,24145601W,MP,0.0002099388314944078,0.0002099388314944078,0.3332054299913751
2026-08-31,DHR,US2358511028,00373501,MP,-0.00027701753464042623,-0.00027701753464042623,0.3648114210632549
2026-08-31,DIE,BE0974259880,10178301W,MP,0.00015673425281079718,0.00015673425281079718,0.360008729044413
2026-08-31,DIM,FR0013154002,21150901W,MP,-0.0004092601553914051,-0.0004092601553914051,0.4916660070264042
2026-08-31,DIS,US2546871060,00398001,MP,-0.00021702697174927937,-0.00021702697174927937,0.20650353483113298
2026-08-31,DKS,US2533931026,15013901,MP,-0.0005276366067383689,-0.0005276366067383689,0.5096090471622277
2026-08-31,DLR,US2538681030,16099101,MP,-9.140855395320765e-05,-9.140855395320765e-05,0.16708434451061743
2026-08-31,DLTR,US2567461080,03158701,MP,0.0003525229718169294,0.0003525229718169294,0.48729005493067246
2026-08-31,DNB,NO0010161896,20070503W,MP,-0.0001142936005937182,-0.0001142936005937182,0.5118210693770726
2026-08-31,DOL,CA25675T1075,18368301C,MP,0.00011716044951993978,0.00011716044951993978,0.36028198002116363
2026-08-31,DOV,US2600031080,00405801,MP,2.0014251828600167e-05,2.0014251828600167e-05,0.32583944602563564
2026-08-31,DOW,US2605571031,03444301,MP,-0.000146329461387956,-0.000146329461387956,0.38365708810208055
2026-08-31,DRI,US2371941053,03184601,MP,-0.0001810434370730122,-0.0001810434370730122,0.3293339883765875
2026-08-31,DSCT,IL0006912120,00620301W,MP,0.000640136610435006,0.000640136610435006,0.4651320676515405
2026-08-31,DSFIR,CH1216478797,10245411W,MP,-0.0003761302885314835,-0.0003761302885314835,0.47932989088319156
2026-08-31,DSV,DK0060079531,21302901W,MP,-8.092319388420338e-05,-8.092319388420338e-05,0.380683248672137
2026-08-31,DSY,FR0014003TT8,06316901W,MP,-0.00027027148085499524,-0.00027027148085499524,0.30675311242605086
2026-08-31,DTE,DE0005557508,22161601W,MP,0.00010377009130514353,0.00010377009130514353,0.11375063649379191
2026-08-31,DTE,US2333311072,00389701,MP,-0.0002550583684051121,-0.0002550583684051121,0.45808205233389176
2026-08-31,DTG,DE000DTR0CK8,35159001W,MP,0.00021500563355402816,0.00021500563355402816,0.46770954596966163
2026-08-31,DUK,US26441C2044,00409301,MP,-0.00037550407055646136,-0.00037550407055646136,0.3858195525468852
2026-08-31,DVN,US25179M1036,01493401,MP,-0.00019342885707131422,-0.00019342885707131422,0.23881021063819685
2026-08-31,DXCM,US2521311074,16288701,MP,0.00032836821171427133,0.00032836821171427133,0.46768754254234984
2026-08-31,EBAY,US2786421030,11452401,MP,1.7474203251837015e-05,1.7474203251837015e-05,0.3492996225081356
2026-08-31,EBS,AT0000652011,21465902W,MP,8.607728628712424e-05,8.607728628712424e-05,0.28520851794785645
2026-08-31,ECL,US2788651006,00421301,MP,-0.00036594882139515036,-0.00036594882139515036,0.5728212402505519
2026-08-31,ED,US2091151041,00341301,MP,-0.0001432288375275793,-0.0001432288375275793,0.32276018157795205
2026-08-31,EDP,PTEDP0AM0009,06491001W,MP,-4.627136154453607e-06,-4.627136154453607e-06,0.41624895025043895
2026-08-31,EDPR,ES0127797019,28897002W,MP,-0.00019354982844019142,-0.00019354982844019142,0.5256064305592807
2026-08-31,EDVM.F,GB00BL6K5J42,10880401,MP,0.0007379680953280039,0.0007379680953280039,0.47492682356332855
2026-08-31,EFN,CA2861812014,17031101C,MP,-0.0001918684310317495,-0.0001918684310317495,0.4024944398272368
2026-08-31,EFX,US2944291051,00442301,MP,-3.557563544375239e-05,-3.557563544375239e-05,0.27296193822631193
2026-08-31,EG,BMG3223R1088,06138801,MP,0.00020091762764755844,0.00020091762764755844,0.5709168376096847
2026-08-31,EIX,US2810201077,00984601,MP,0.0006403070620681065,0.0006403070620681065,0.4990044743679797
2026-08-31,EL,FR0000121667,10124803W,MP,-0.0002448941584535234,-0.0002448941584535234,0.4108995637271521
2026-08-31,EL,US5184391044,06156701,MP,8.926151349831075e-05,8.926151349831075e-05,0.48563993944331957
2026-08-31,ELE,ES0130670112,01532101W,MP,0.0002780204951508625,0.0002780204951508625,0.4247897617968899
2026-08-31,ELI,BE0003822393,26974401W,MP,-0.0004642143589161548,-0.0004642143589161548,0.5554960129726381
2026-08-31,ELISA,FI0009007884,23408701W,MP,-0.0002616740530243731,-0.0002616740530243731,0.23176782471513616
2026-08-31,ELV,US0367521038,14504601,MP,0.0001608327763603915,0.0001608327763603915,0.5470739371390934
2026-08-31,EMA,CA2908761018,02579201C,MP,-0.00017004123027295953,-0.00017004123027295953,0.47936976918481117
2026-08-31,EME,US29084Q1004,00622301,MP,0.000333883637989827,0.000333883637989827,0.43860892742767127
2026-08-31,EMP.A,CA2918434077,01431201C,MP,0.0004154046626085764,0.0004154046626085764,0.5573330870444557
2026-08-31,EMR,US2910111044,00432101,MP,-0.00022473918538899049,-0.00022473918538899049,0.48375304427000165
2026-08-31,EMSN,CH0016440353,10228301W,MP,-5.344583640413906e-05,-5.344583640413906e-05,0.4029911348819072
2026-08-31,EN,FR0000120503,10109701W,MP,0.00032948916842990216,0.00032948916842990216,0.4381925955000713
2026-08-31,ENB,CA29250N1050,00613501C,MP,-7.918266331036477e-05,-7.918266331036477e-05,0.3314854767191073
2026-08-31,ENEL,IT0003128367,20179401W,MP,0.00030146431837098164,0.00030146431837098164,0.4146121331182281
2026-08-31,ENGI,FR0010208488,22094203W,MP,2.7614783242078793e-05,2.7614783242078793e-05,0.4790578364231276
2026-08-31,ENI,IT0003132476,06161601W,MP,3.603032694298388e-05,3.603032694298388e-05,0.2664375345981682
2026-08-31,ENLT,IL0007200111,29241401W,MP,-0.00034275764146240637,-0.00034275764146240637,0.4160138704610159
2026-08-31,ENR,DE000ENER6Y0,34015301W,MP,0.00027578386253223117,0.00027578386253223117,0.32820026099272265
2026-08-31,ENTG,US29362U1043,13757301,MP,-3.228960586329618e-05,-3.228960586329618e-05,0.2750924636616741
2026-08-31,ENX,NL0006294274,24649804W,MP,4.165129404234164e-05,4.165129404234164e-05,0.6157804857252575
2026-08-31,EOAN,DE000ENAG999,10059001W,MP,0.0003360392846080684,0.0003360392846080684,0.4698906662027587
2026-08-31,EOG,US26875P1012,01647801,MP,-0.00010670394229455162,-0.00010670394229455162,0.18043960369519593
2026-08-31,EPI A,SE0015658109,32746601W,MP,-0.00012935580625036164,-0.00012935580625036164,0.39124627679583635
2026-08-31,EPI B,SE0015658117,32746602W,MP,-0.00011796199597285563,-0.00011796199597285563,0.3289788005704343
2026-08-31,EQIX,US29444U7000,13874301,MP,-3.485724913129752e-05,-3.485724913129752e-05,0.21800254401193964
2026-08-31,EQNR,NO0010096985,22054601W,MP,0.0002715595983034411,0.0002715595983034411,0.2903617115904518
2026-08-31,EQR,US29476L1070,02873301,MP,-4.1742666280329446e-05,-4.1742666280329446e-05,0.07073442644055505
2026-08-31,EQT,SE0012853455,33386601W,MP,-0.00022981206553756943,-0.00022981206553756943,0.47542387741002345
2026-08-31,EQT,US26884L1098,00443001,MP,-0.00013720916293294495,-0.00013720916293294495,0.3465337879231854
2026-08-31,EQX,CA29446Y5020,01835101C,MP,0.0003620696120536693,0.0003620696120536693,0.45676320759030586
2026-08-31,ERF,FR0014000MR3,22581601W,MP,0.00022266053581855485,0.00022266053581855485,0.3627020147644133
2026-08-31,ERIC B,SE0000108656,00443906W,MP,-0.0001398414335698194,-0.0001398414335698194,0.35233825754253756
2026-08-31,ES,US30040W1080,00797001,MP,-1.3218794274206901e-05,-1.3218794274206901e-05,0.3853125174832531
2026-08-31,ESLT,IL0010811243,06538001W,MP,1.5928115729570974e-05,1.5928115729570974e-05,0.3589326759068867
2026-08-31,ESS,US2971781057,03029301,MP,-5.4336875308026e-05,-5.4336875308026e-05,0.09427361260558376
2026-08-31,ESSITY B,SE0009922164,32477001W,MP,-0.0002675595300203119,-0.0002675595300203119,0.4220837684130949
2026-08-31,ETN,IE00B8KQN827,00419901,MP,-0.000305239608295842,-0.000305239608295842,0.5250425943642303
2026-08-31,ETR,US29364G1031,00736601,MP,-0.00010921482355002677,-0.00010921482355002677,0.4229881464353811
2026-08-31,EVK,DE000EVNK013,29542101W,MP,-5.865011227019337e-05,-5.865011227019337e-05,0.38137912778280025
2026-08-31,EVN,AU000000EVN4,25335001W,MP,0.00028655077946720595,0.00028655077946720595,0.42718728973297243
2026-08-31,EVO,SE0012673267,31943201W,MP,2.713849340007853e-05,2.713849340007853e-05,0.40314560567509833
2026-08-31,EVRG,US30034W1062,00633801,MP,-1.2545530372605691e-05,-1.2545530372605691e-05,0.3444268119106204
2026-08-31,EW,US28176E1082,13336601,MP,-0.00020220117892001923,-0.00020220117892001923,0.40840852169065567
2026-08-31,EXC,US30161N1019,00853901,MP,-9.19100773359096e-05,-9.19100773359096e-05,0.31686056455120865
2026-08-31,EXE,US1651677353,02778621,MP,5.729730827448055e-05,5.729730827448055e-05,0.3048257533820402
2026-08-31,EXO,NL0012059018,01633102W,MP,6.522024069542655e-05,6.522024069542655e-05,0.5532620101478846
2026-08-31,EXPD,US3021301094,00449401,MP,0.00016442601762527305,0.00016442601762527305,0.352906408787939
2026-08-31,EXPE,US30212P3038,12629602,MP,0.0009070463852103892,0.0009070463852103892,0.5350693061766721
2026-08-31,EXPN,GB00B19NLV48,27932701W,MP,-6.584409206808277e-06,-6.584409206808277e-06,0.24206748296184452
2026-08-31,EXR,US30225T1025,16047901,MP,-8.124694368612036e-05,-8.124694368612036e-05,0.1359200110541285
2026-08-31,F,US3453708600,00483901,MP,0.000293352300368277,0.000293352300368277,0.4468296191884549
2026-08-31,F34,SG1T56930848,24611601W,MP,0.00023289532050622301,0.00023289532050622301,0.5236391398954328
2026-08-31,FANG,US25278X1090,17075001,MP,-0.00043497596506981496,-0.00043497596506981496,0.324317888677626
2026-08-31,FAST,US3119001044,01422501,MP,-5.371546078337076e-05,-5.371546078337076e-05,0.5399931022617451
2026-08-31,FBK,IT0000072170,31791101W,MP,3.8888862384779735e-05,3.8888862384779735e-05,0.468453099250444
2026-08-31,FCNC.A,US31946M1036,00469001,MP,1.8490282680409494e-05,1.8490282680409494e-05,0.3359897217600772
2026-08-31,FCX,US35671D8570,01459002,MP,3.177434874466822e-05,3.177434874466822e-05,0.3544716938266284
2026-08-31,FDX,US31428X1063,00459801,MP,1.4201644710616718e-06,1.4201644710616718e-06,0.37041803748658325
2026-08-31,FE,US3379321074,00809901,MP,-0.00020240655901733354,-0.00020240655901733354,0.43249134412960216
2026-08-31,FER,NL0015001FS8,27121701W,MP,-0.00012435821155339154,-0.00012435821155339154,0.45535450884405154
2026-08-31,FERG,US31488V1070,10064401,MP,1.368631987803125e-05,1.368631987803125e-05,0.25198293828020196
2026-08-31,FFH,CA3039011026,01642801C,MP,-5.6310378738671015e-05,-5.6310378738671015e-05,0.4493649537627768
2026-08-31,FFIV,US3156161024,12107701,MP,-0.00021444169378160828,-0.00021444169378160828,0.30737895095630696
2026-08-31,FGR,FR0000130452,22230701W,MP,0.00024256873135343574,0.00024256873135343574,0.5003960740316367
2026-08-31,FI,US3377381088,01263501,MP,-0.00014235083548184914,-0.00014235083548184914,0.42613122277804627
2026-08-31,FICO,US3032501047,01382401,MP,0.00024297291592490826,0.00024297291592490826,0.298409188061276
2026-08-31,FIS,US31620M1062,16599301,MP,5.341754314206639e-05,5.341754314206639e-05,0.6019537610147428
2026-08-31,FITB,US3167731005,00464001,MP,-0.00015706836010067802,-0.00015706836010067802,0.30290341230409895
2026-08-31,FIX,US1999081045,06499701,MP,0.0005142390973883068,0.0005142390973883068,0.5564286016872421
2026-08-31,FLEX,SG9999000020,03017001,MP,0.00010121526399777042,0.00010121526399777042,0.3511030094780252
2026-08-31,FLUT,IE00BWT6H894,24317401,MP,0.00011666157554415793,0.00011666157554415793,0.5205227571206
2026-08-31,FM,CA3359341052,10646401C,MP,-0.0002530842635715557,-0.0002530842635715557,0.3728370917799852
2026-08-31,FME,DE0005785802,21278201W,MP,0.0004255234145734685,0.0004255234145734685,0.4317613893226637
2026-08-31,FMG,AU000000FMG4,21242701W,MP,0.000126981307281077,0.000126981307281077,0.5105729064294913
2026-08-31,FN,KYG3323L1005,17958301,MP,-0.0002577433126616533,-0.0002577433126616533,0.3524177026183732
2026-08-31,FNF,US31620R3030,16526401,MP,5.6883342986452774e-05,5.6883342986452774e-05,0.5691915886043876
2026-08-31,FNV,CA3518581051,17899701C,MP,0.0002224103902804228,0.0002224103902804228,0.33370213459210196
2026-08-31,FORTUM,FI0009007132,22559701W,MP,5.019475731106441e-05,5.019475731106441e-05,0.48062816829888644
2026-08-31,FOX,US35137L2043,03463602,MP,6.2886532115669e-05,6.2886532115669e-05,0.1881941640801293
2026-08-31,FOXA,US35137L1052,03463601,MP,8.614271536556029e-05,8.614271536556029e-05,0.20181816128505886
2026-08-31,FPH,NZFAPE0001S2,10125601W,MP,-0.00025596383970918397,-0.00025596383970918397,0.4163356975938059
2026-08-31,FRES,GB00B2QPKJ12,28879901W,MP,0.00024768880446861377,0.00024768880446861377,0.37810654684421824
2026-08-31,FSLR,US3364331070,17540401,MP,-3.507689269740758e-05,-3.507689269740758e-05,0.4256555693272916
2026-08-31,FTAI,KYG3730V1059,01948401,MP,-0.00010827447328637603,-0.00010827447328637603,0.5783268915271527
2026-08-31,FTI,GB00BDSFG982,03092301,MP,-2.1879093208456177e-05,-2.1879093208456177e-05,0.2800203582645979
2026-08-31,FTNT,US34959E1091,18337701,MP,0.00018454139428902803,0.00018454139428902803,0.3675554161336676
2026-08-31,FTS,CA3495531079,01439001C,MP,-0.0002266263406759085,-0.0002266263406759085,0.3752621593904656
2026-08-31,FTV,US34959J1088,02659001,MP,-6.876643590232368e-05,-6.876643590232368e-05,0.41666212988393103
2026-08-31,FUTU,US36118L1061,03460390,MP,0.00023545312828576777,0.00023545312828576777,0.5917702305448818
2026-08-31,FWONK,US5312297550,02718703,MP,-5.492279601357345e-05,-5.492279601357345e-05,0.3829181576737624
2026-08-31,G,IT0000062072,01580401W,MP,2.7636101324763234e-05,2.7636101324763234e-05,0.47142331234308565
2026-08-31,G1A,DE0006602006,10036801W,MP,-9.273657323910044e-06,-9.273657323910044e-06,0.26745811560160004
2026-08-31,GALD,CH1335392721,36083501W,MP,-0.00016450375300303374,-0.00016450375300303374,0.38996349123279367
2026-08-31,GALP,PTGAL0AM0009,27944801W,MP,0.0002402895102512024,0.0002402895102512024,0.35101725259622374
2026-08-31,GBLB,BE0003797140,02140803W,MP,-0.0002945683901987957,-0.0002945683901987957,0.5886815378530438
2026-08-31,GD,US3695501086,00504601,MP,0.0001539703602444577,0.0001539703602444577,0.35609607128311743
2026-08-31,GE,US3696043013,00504701,MP,7.645649293839736e-05,7.645649293839736e-05,0.4133444554701034
2026-08-31,GEBN,CH0030170408,22891801W,MP,-0.00012294588626702525,-0.00012294588626702525,0.3701790684940596
2026-08-31,GEHC,US36266G1076,04181801,MP,3.138466022034525e-05,3.138466022034525e-05,0.40836416093345107
2026-08-31,GEN,US6687711084,01585501,MP,0.00025432022013136885,0.00025432022013136885,0.36455218858683247
2026-08-31,GET,FR0010533075,20208603W,MP,-0.00019222856244554114,-0.00019222856244554114,0.46184874064735126
2026-08-31,GEV,US36828A1016,04516901,MP,0.0003480246791571765,0.0003480246791571765,0.523032814668736
2026-08-31,GFC,FR0010040865,22188401W,MP,-8.480996872012666e-05,-8.480996872012666e-05,0.20704975925050495
2026-08-31,GFL,CA36168Q1046,03561201C,MP,-0.00023231040948715385,-0.00023231040948715385,0.43422142460362184
2026-08-31,GIB.A,CA12532H1047,02186401C,MP,6.447501940894547e-05,6.447501940894547e-05,0.2857036025129527
2026-08-31,GIL,CA3759161035,11148601C,MP,-0.00032250549999725167,-0.00032250549999725167,0.48575604114313453
2026-08-31,GILD,US3755581036,02485601,MP,0.0001440854418669766,0.0001440854418669766,0.3723363866831093
2026-08-31,GIS,US3703341046,00507101,MP,-0.00030474012097150697,-0.00030474012097150697,0.5183166467086721
2026-08-31,GIVN,CH0010645932,23741901W,MP,-0.00038917299689658283,-0.00038917299689658283,0.47940857297300227
2026-08-31,GJF,NO0010582521,29609101W,MP,-3.714303869091469e-05,-3.714303869091469e-05,0.3945197194406369
2026-08-31,GLE,FR0000130809,01578401W,MP,0.0002185861646510493,0.0002185861646510493,0.3664609644857121
2026-08-31,GLEN,JE00B4T3BW64,26740701W,MP,-4.756913010867393e-05,-4.756913010867393e-05,0.4362187220153862
2026-08-31,GLW,US2193501051,00353201,MP,-1.801029464531379e-05,-1.801029464531379e-05,0.15685849613963437
2026-08-31,GM,US37045V1008,00507319,MP,0.0004666505604379996,0.0004666505604379996,0.5386571842797635
2026-08-31,GMAB,DK0010272202,24520701W,MP,0.00012896039494915887,0.00012896039494915887,0.3950784328958275
2026-08-31,GMG,AU000000GMG2,27181001W,MP,-0.0002579194450665078,-0.0002579194450665078,0.21284642648209948
2026-08-31,GOOG,US02079K1079,16032903,MP,4.1727113417008257e-05,4.1727113417008257e-05,0.29824888718872433
2026-08-31,GOOGL,US02079K3059,16032901,MP,6.833001762674652e-05,6.833001762674652e-05,0.2849549106598266
2026-08-31,GPC,US3724601055,00512501,MP,-0.00021369001190873528,-0.00021369001190873528,0.47159475206654333
2026-08-31,GPN,US37940X1028,14191301,MP,-0.00018297513731758085,-0.00018297513731758085,0.4800759617617425
2026-08-31,GRMN,CH0114405324,14145901,MP,2.5392356167407213e-05,2.5392356167407213e-05,0.5105347249976152
2026-08-31,GS,US38141G1040,11462801,MP,-0.0001116592099052638,-0.0001116592099052638,0.5085477568846029
2026-08-31,GSK,GB00BN7SWP63,00518002W,MP,0.00021852613806061646,0.00021852613806061646,0.39455994209878104
2026-08-31,GWO,CA39138C1068,01643101C,MP,5.790082648874093e-06,5.790082648874093e-06,0.46603136624046687
2026-08-31,GWW,US3848021040,00525601,MP,-6.566776525344834e-05,-6.566776525344834e-05,0.48018882432161886
2026-08-31,H,CA4488112083,02494401C,MP,-0.00028075671110910526,-0.00028075671110910526,0.42909324954519606
2026-08-31,H,US4485791028,18336601,MP,-0.00046842108178150557,-0.00046842108178150557,0.47209427834186163
2026-08-31,H78,BMG4587L1090,21057604W,MP,-0.00016287931857175225,-0.00016287931857175225,0.2716607006017916
2026-08-31,HAG,DE000HAG0005,34011501W,MP,7.587466743459892e-05,7.587466743459892e-05,0.36946873292862425
2026-08-31,HAL,US4062161017,00543901,MP,-0.00021211222783156845,-0.00021211222783156845,0.3133986604001273
2026-08-31,HARL,IL0005850180,22488802W,MP,0.00021682499170490427,0.00021682499170490427,0.4588885164550581
2026-08-31,HBAN,US4461501045,00578601,MP,-0.00011643003264288485,-0.00011643003264288485,0.4562351667786774
2026-08-31,HCA,US40412C1018,02226004,MP,0.0006431847498036866,0.0006431847498036866,0.5599191433092142
2026-08-31,HD,US4370761029,00568001,MP,-0.000521550383841584,-0.000521550383841584,0.5016941542397749
2026-08-31,HEI,DE0006047004,10037301W,MP,-1.2002100694802902e-05,-1.2002100694802902e-05,0.28018220652961884
2026-08-31,HEI,US4228061093,00556701,MP,-0.00022750011573501394,-0.00022750011573501394,0.45795545695688916
2026-08-31,HEIA,NL0000009165,10483302W,MP,-0.00013597310434801456,-0.00013597310434801456,0.253615573541191
2026-08-31,HEIA,US4228062083,00556702,MP,-0.00015294257723529842,-0.00015294257723529842,0.3917185046093054
2026-08-31,HEIO,NL0000008977,20649301W,MP,2.8177736845074588e-05,2.8177736845074588e-05,0.24138758138855979
2026-08-31,HELN,CH0466642201,01634902W,MP,0.00015522934123675747,0.00015522934123675747,0.5762205050417818
2026-08-31,HEN,DE0006048408,10194202W,MP,-0.00010822146614800506,-0.00010822146614800506,0.4227782063020632
2026-08-31,HEN3,DE0006048432,10194201W,MP,-0.0001259417454483238,-0.0001259417454483238,0.4387788605040227
2026-08-31,HEXA B,SE0015961909,10306502W,MP,-0.00022270171273133465,-0.00022270171273133465,0.3902680455913249
2026-08-31,HIG,US4165151048,06173901,MP,-1.7208877107915522e-05,-1.7208877107915522e-05,0.4411440911042995
2026-08-31,HLMA,GB0004052071,10017401W,MP,-3.6388578760455445e-05,-3.6388578760455445e-05,0.32492496874127513
2026-08-31,HLN,GB00BMX86B70,35344401W,MP,-5.442819331393732e-05,-5.442819331393732e-05,0.20413438080165072
2026-08-31,HLT,US43300A2033,00564304,MP,-0.00016844164570262762,-0.00016844164570262762,0.4276011701867071
2026-08-31,HM B,SE0000106270,10227601W,MP,0.00013638094898262896,0.00013638094898262896,0.4720491725265918
2026-08-31,HNR1,DE0008402215,20482501W,MP,0.00020940415267295805,0.00020940415267295805,0.35471673713785956
2026-08-31,HO,FR0000121329,01355601W,MP,0.00025216884831937063,0.00025216884831937063,0.4588153599021238
2026-08-31,HOLN,CH0012214059,10130401W,MP,-0.00021958187429453935,-0.00021958187429453935,0.43990416337664545
2026-08-31,HOOD,US7707001027,03929301,MP,-0.00033089640795663436,-0.00033089640795663436,0.5785194957891069
2026-08-31,HOT,DE0006070006,10005401W,MP,0.00015148577058815124,0.00015148577058815124,0.39909906633458336
2026-08-31,HPE,US42824C1099,02615601,MP,0.00030152483578857833,0.00030152483578857833,0.32654748914053655
2026-08-31,HPQ,US40434L1052,00560601,MP,0.00026209874963993156,0.00026209874963993156,0.36109474663507
2026-08-31,HSBA,GB0005405286,01550902W,MP,8.990770480019927e-05,8.990770480019927e-05,0.3210856524004463
2026-08-31,HSY,US4278661081,00559701,MP,-0.000124051732989553,-0.000124051732989553,0.5208388007401585
2026-08-31,HUBB,US4435106079,00576401,MP,-0.00019901653206621508,-0.00019901653206621508,0.38641390981274776
2026-08-31,HUM,US4448591028,02791401,MP,-1.708813374551122e-05,-1.708813374551122e-05,0.5382134533074755
2026-08-31,HWM,US4432011082,02819201,MP,-2.9250797191007403e-05,-2.9250797191007403e-05,0.36820960389047563
2026-08-31,IAG,AU000000IAG3,23911601W,MP,-0.00028206391042426363,-0.00028206391042426363,0.6154150356755781
2026-08-31,IAG,CA45075E1043,12947201C,MP,-5.352976468957572e-05,-5.352976468957572e-05,0.348694987864755
2026-08-31,IAG,ES0177542018,01314501W,MP,0.00034831834516481407,0.00034831834516481407,0.5063072015069962
2026-08-31,IBE,ES0144580Y14,10095701W,MP,-1.0590129546984355e-06,-1.0590129546984355e-06,0.3901143978544652
2026-08-31,IBKR,US45841N1072,17670101,MP,0.0001279467970375048,0.0001279467970375048,0.592199781199543
2026-08-31,IBM,US4592001014,00606601,MP,-8.399133991001611e-05,-8.399133991001611e-05,0.2917557422388773
2026-08-31,ICE,US45866F1049,16361001,MP,-5.6302232157405425e-05,-5.6302232157405425e-05,0.4455663967547297
2026-08-31,ICL,IL0002810146,22021102W,MP,-0.0003090577750528206,-0.0003090577750528206,0.4357538462952066
2026-08-31,IDR,ES0118594417,21686101W,MP,0.00017356310269602793,0.00017356310269602793,0.34345847484438474
2026-08-31,IDXX,US45168D1046,02419701,MP,-0.0001884980849003039,-0.0001884980849003039,0.4758874937492422
2026-08-31,IEX,US45167R1041,01526701,MP,-0.00017375436879539738,-0.00017375436879539738,0.4171047411736454
2026-08-31,IFC,CA45823T1066,16249101C,MP,-0.00016052536397059624,-0.00016052536397059624,0.2900495206195825
2026-08-31,IFF,US4595061015,00607801,MP,0.00014651972188231812,0.00014651972188231812,0.41893341308596294
2026-08-31,IFT,NZIFTE0003S3,20982801W,MP,-0.00021258395018146527,-0.00021258395018146527,0.44188705509071835
2026-08-31,IFX,DE0006231004,13274001W,MP,-0.00021430548623684254,-0.00021430548623684254,0.27541522700648924
2026-08-31,IG,IT0005211237,32281101W,MP,0.00019845875857079577,0.00019845875857079577,0.46179865993968144
2026-08-31,IGM,CA4495861060,01433301C,MP,-6.506244641680387e-05,-6.506244641680387e-05,0.36479426493714945
2026-08-31,IHG,GB00BHJYC057,02006701W,MP,0.00012650259618472595,0.00012650259618472595,0.3060465806148691
2026-08-31,III,GB00B1YW4409,21083501W,MP,9.33220491600788e-06,9.33220491600788e-06,0.5927263961562991
2026-08-31,ILMN,US4523271090,13820501,MP,0.0001276769331745634,0.0001276769331745634,0.4866403882793366
2026-08-31,IMB,GB0004544929,21277301W,MP,0.0003513448815154633,0.0003513448815154633,0.37845179115199884
2026-08-31,IMO,CA4530384086,00590303C,MP,-6.126666826696899e-05,-6.126666826696899e-05,0.23137103356511168
2026-08-31,INCY,US45337C1027,02912701,MP,0.00041563071433367024,0.00041563071433367024,0.563383045845725
2026-08-31,INDT,SE0001515552,27419601W,MP,-0.00011035075418945949,-0.00011035075418945949,0.3665903729225723
2026-08-31,INDU A,SE0000190126,10303601W,MP,0.00017848779282013795,0.00017848779282013795,0.5320905915058448
2026-08-31,INDU C,SE0000107203,10303603W,MP,0.00017848779282013795,0.00017848779282013795,0.5320905915058448
2026-08-31,INF,GB00BMJ6DW54,22060101W,MP,-0.00013331265302315407,-0.00013331265302315407,0.1609524579603408
2026-08-31,INGA,NL0011821202,01561704W,MP,0.000367590500165674,0.000367590500165674,0.4456741926869317
2026-08-31,INPST,LU2290522684,34636101W,MP,-2.010070095142513e-05,-2.010070095142513e-05,0.3225046459865171
2026-08-31,INSM,US4576693075,13618601,MP,-0.0002751196851312701,-0.0002751196851312701,0.5196533192947754
2026-08-31,INTC,US4581401001,00600801,MP,0.00019005599036544797,0.00019005599036544797,0.3231355585950282
2026-08-31,INTU,US4612021034,02792801,MP,0.00012324043313384977,0.00012324043313384977,0.25498205380500893
2026-08-31,INVH,US46187W1071,03000401,MP,0.00010964750544302371,0.00010964750544302371,0.1821564840686059
2026-08-31,IOT,US79589L1061,04029201,MP,0.00014718648849773943,0.00014718648849773943,0.28105124388673336
2026-08-31,IP,US4601461035,00610401,MP,6.633343746327923e-06,6.633343746327923e-06,0.5253490327883439
2026-08-31,IPN,FR0010259150,27472201W,MP,0.00014873662111945554,0.00014873662111945554,0.33615803340381406
2026-08-31,IQV,US46266C1053,01792801,MP,0.00011226671916025739,0.00011226671916025739,0.35349066423059006
2026-08-31,IR,US45687V1061,03009802,MP,-0.00020340241115781324,-0.00020340241115781324,0.4166011070672505
2026-08-31,IREN,AU0000185993,03996001,MP,2.6217601820220984e-05,2.6217601820220984e-05,0.33520820753804004
2026-08-31,IRM,US46284V1017,06237401,MP,0.00026163923475997994,0.00026163923475997994,0.3427861740275187
2026-08-31,ISP,IT0000072618,01634803W,MP,0.00019154969333640595,0.00019154969333640595,0.2322093335517446
2026-08-31,ISRG,US46120E6023,13672501,MP,-0.00016511291970782747,-0.00016511291970782747,0.36926292530643134
2026-08-31,ITRK,GB0031638363,25238401W,MP,-0.00011999547514805909,-0.00011999547514805909,0.33051104205109955
2026-08-31,ITW,US4523081093,00587801,MP,-0.00016228069244584667,-0.00016228069244584667,0.4720719540739205
2026-08-31,ITX,ES0148396007,24566301W,MP,4.162274157020062e-05,4.162274157020062e-05,0.38400378410893515
2026-08-31,IVN,CA46579R1047,01600501C,MP,-0.0003845959259751577,-0.0003845959259751577,0.4565187423975672
2026-08-31,IVSB.F,SE0015811963,01569902,MP,1.6617818096128842e-05,1.6617818096128842e-05,0.005583880045144856
2026-08-31,J,US46982L1089,00621601,MP,-0.00013772333819012838,-0.00013772333819012838,0.5292704263554545
2026-08-31,J36,BMG507361001,10042403W,MP,0.0002002357180355336,0.0002002357180355336,0.3616971416804726
2026-08-31,JBHT,US4456581077,00578301,MP,0.00012517901274812423,0.00012517901274812423,0.33362967280581346
2026-08-31,JBL,US4663131039,02819501,MP,-5.671286432917051e-05,-5.671286432917051e-05,0.3284019433215405
2026-08-31,JCI,IE00BY7QL619,00626801,MP,-6.612450743034104e-05,-6.612450743034104e-05,0.4369087570768502
2026-08-31,JMT,PTJMT0AE0001,22110201W,MP,0.00043240389180944946,0.00043240389180944946,0.5284044451333914
2026-08-31,JNJ,US4781601046,00626601,MP,-0.00011505275676891681,-0.00011505275676891681,0.3537053580671948
2026-08-31,JPM,US46625H1005,00296801,MP,-5.451739452571463e-05,-5.451739452571463e-05,0.3389049924083426
2026-08-31,K,CA4969024047,00864401C,MP,0.0006130344905252613,0.0006130344905252613,0.4211869804370178
2026-08-31,KBC,BE0003565737,01570301W,MP,9.612405191905374e-05,9.612405191905374e-05,0.36801502289634214
2026-08-31,KBX,DE000KBX1006,32874501W,MP,5.1375687935139866e-05,5.1375687935139866e-05,0.34197293546589413
2026-08-31,KDP,US49271V1008,02887702,MP,-0.00024223507080063604,-0.00024223507080063604,0.4532643210851723
2026-08-31,KER,FR0000121485,22237901W,MP,-0.000251033150575982,-0.000251033150575982,0.3819359893030374
2026-08-31,KESKOB,FI0009000202,10197101W,MP,0.00020971486003472565,0.00020971486003472565,0.2893430863644413
2026-08-31,KEY,CA4932711001,15413501C,MP,-5.9087581218613784e-05,-5.9087581218613784e-05,0.29869966594464825
2026-08-31,KEY,US4932671088,00978301,MP,0.00020910045973505706,0.00020910045973505706,0.38948366615536556
2026-08-31,KEYS,US49338L1035,02023201,MP,4.877315129867536e-05,4.877315129867536e-05,0.20938183523253973
2026-08-31,KGF,GB0033195214,10076001W,MP,0.00022526612325888314,0.00022526612325888314,0.38623033402472984
2026-08-31,KHC,US5007541064,00556804,MP,-6.702191823561959e-05,-6.702191823561959e-05,0.5035510305579828
2026-08-31,KIM,US49446R1095,02473101,MP,-4.521513510979932e-05,-4.521513510979932e-05,0.06773867787971108
2026-08-31,KKR,US48251W1045,17974101,MP,-0.00020155220394669455,-0.00020155220394669455,0.5623156190836103
2026-08-31,KLAC,US4824801009,00630401,MP,2.566858603165381e-05,2.566858603165381e-05,0.16888279360817965
2026-08-31,KMB,US4943681035,00643501,MP,-0.0001756588612212779,-0.0001756588612212779,0.3545587024059795
2026-08-31,KMI,US49456B1017,00631004,MP,-6.12489077346617e-05,-6.12489077346617e-05,0.3547905740219397
2026-08-31,KNEBV,FI0009013403,10102301W,MP,8.397292035483225e-05,8.397292035483225e-05,0.4057829403283666
2026-08-31,KNIN,CH0025238863,21144701W,MP,0.00032242090857789377,0.00032242090857789377,0.4496744855748451
2026-08-31,KO,US1912161007,00314401,MP,-8.523934607329798e-05,-8.523934607329798e-05,0.5474626341645615
2026-08-31,KOG,NO0013536151,21178701W,MP,0.00022827782867227716,0.00022827782867227716,0.4201599043899022
2026-08-31,KPN,NL0000009082,06144001W,MP,-0.00011558911255894477,-0.00011558911255894477,0.27550066421181457
2026-08-31,KR,US5010441013,00650201,MP,0.00042101351698751516,0.00042101351698751516,0.6047373084238716
2026-08-31,KRX,IE0004927939,10257401W,MP,-6.368525123533487e-05,-6.368525123533487e-05,0.25770623778146684
2026-08-31,KRZ,IE0004906560,10080103W,MP,-0.0005071519862208436,-0.0005071519862208436,0.5052909632607621
2026-08-31,KVUE,US49177J1025,04189701,MP,6.904746305011428e-05,6.904746305011428e-05,0.35652913488655635
2026-08-31,L,CA5394811015,00677101C,MP,0.0002667206784786288,0.0002667206784786288,0.42980018182508783
2026-08-31,L,US5404241086,00678101,MP,-0.00022455758515100766,-0.00022455758515100766,0.34398910612977374
2026-08-31,LAND,GB00BYW0PQ60,01560201W,MP,-0.00023659079578879633,-0.00023659079578879633,0.2068707953719109
2026-08-31,LDO,IT0003856405,01626701W,MP,0.0003155516065108637,0.0003155516065108637,0.404133627641079
2026-08-31,LDOS,US5253271028,16512301,MP,0.00029369469412725345,0.00029369469412725345,0.4734317649039012
2026-08-31,LEN,US5260571048,00666901,MP,-0.0006475667076215819,-0.0006475667076215819,0.5031804028204113
2026-08-31,LGEN,GB0005603997,01560301W,MP,0.00015408849300915426,0.00015408849300915426,0.46498805770641605
2026-08-31,LH,US5049221055,01496001,MP,0.0001295457305067539,0.0001295457305067539,0.25489854280761287
2026-08-31,LHA,DE0008232125,10010301W,MP,3.016246881247341e-05,3.016246881247341e-05,0.46687618897763034
2026-08-31,LHX,US5024311095,00549201,MP,3.764094337247529e-05,3.764094337247529e-05,0.3319716666878884
2026-08-31,LI,FR0000121964,01593601W,MP,0.00012014608391810883,0.00012014608391810883,0.14158844261682363
2026-08-31,LIFCO B,SE0015949201,23422502W,MP,-0.00010106722912863336,-0.00010106722912863336,0.3579877695198191
2026-08-31,LII,US5261071071,12238001,MP,5.3121926329287766e-05,5.3121926329287766e-05,0.360422953389011
2026-08-31,LIN,IE000S9YS762,02512401,MP,-4.046935060574954e-05,-4.046935060574954e-05,0.46792691875567227
2026-08-31,LISN,CH0010570759,10189502W,MP,-0.0002960630700212232,-0.0002960630700212232,0.40995475536178616
2026-08-31,LISP,CH0010570767,10189503W,MP,0.000434655410980141,0.000434655410980141,0.4768923924445539
2026-08-31,LITE,US55024U1097,02324901,MP,0.00022749425944519123,0.00022749425944519123,0.3080392591322903
2026-08-31,LLOY,GB0008706128,01592901W,MP,0.00012911709111045692,0.00012911709111045692,0.3129612403024825
2026-08-31,LLY,US5324571083,00673001,MP,9.492241348428498e-05,9.492241348428498e-05,0.4749291451176937
2026-08-31,LMT,US5398301094,00677401,MP,0.00040703792460790837,0.00040703792460790837,0.38682169406169425
2026-08-31,LNT,US0188021085,01155401,MP,-0.00012209204245588757,-0.00012209204245588757,0.44017445018644963
2026-08-31,LOGN,CH0025751329,10269601W,MP,0.00033337692291857823,0.00033337692291857823,0.33252643017118
2026-08-31,LONN,CH0013841017,23139701W,MP,-0.00022698614012247456,-0.00022698614012247456,0.2851552435022238
2026-08-31,LOTB,BE0003604155,21188501W,MP,-0.00033549269174752114,-0.00033549269174752114,0.4956638998960249
2026-08-31,LOW,US5486611073,00682901,MP,-0.0003160511836690639,-0.0003160511836690639,0.4055974257595645
2026-08-31,LPLA,US50212V1008,17851901,MP,-0.00032033588782702456,-0.00032033588782702456,0.6317685777825756
2026-08-31,LR,FR0010307819,27703901W,MP,-8.579944900317783e-05,-8.579944900317783e-05,0.3074006710287233
2026-08-31,LRCX,US5128073062,00656501,MP,0.0002326897578368611,0.0002326897578368611,0.24587092778363023
2026-08-31,LSEG,GB00B0SWJX34,24670601W,MP,0.00012525377399285053,0.00012525377399285053,0.5452743823287962
2026-08-31,LUG,CA5503711080,06574401C,MP,0.0003499024091988999,0.0003499024091988999,0.36613026603967147
2026-08-31,LUMI,IL0006046119,00201805W,MP,0.00042819370303850463,0.00042819370303850463,0.3800262115338907
2026-08-31,LUN,CA5503721063,10829701C,MP,0.0003671144290775182,0.0003671144290775182,0.3713054603156109
2026-08-31,LUND B,SE0000108847,10156302W,MP,0.00020695483294553662,0.00020695483294553662,0.3856558008913383
2026-08-31,LVS,US5178341070,16184401,MP,0.0004723012969272026,0.0004723012969272026,0.5304330242736863
2026-08-31,LYB,NL0009434992,29452401,MP,-5.549180112229796e-05,-5.549180112229796e-05,0.5513775706393835
2026-08-31,LYC,AU000000LYC6,21265801W,MP,-0.00013999490508151134,-0.00013999490508151134,0.4534740994011916
2026-08-31,LYV,US5380341090,16574601,MP,0.00023479181506521447,0.00023479181506521447,0.28584442314389663
2026-08-31,MA,US57636Q1040,16022501,MP,-0.00029047748121718375,-0.00029047748121718375,0.5125343516471561
2026-08-31,MAA,US59522J1034,02964901,MP,-0.00025571503242424515,-0.00025571503242424515,0.17254367832126974
2026-08-31,MAERSK A,DK0010244425,10329203W,MP,0.00017314242605647904,0.00017314242605647904,0.4690362922868601
2026-08-31,MAERSK B,DK0010244508,10329204W,MP,0.00014675213736961744,0.00014675213736961744,0.5120526178240971
2026-08-31,MAP,ES0124244E34,01628101W,MP,-4.828540625114018e-05,-4.828540625114018e-05,0.4475548030626386
2026-08-31,MAR,US5719032022,02893002,MP,-2.5095869868881874e-05,-2.5095869868881874e-05,0.30602742936296334
2026-08-31,MAS,US5745991068,00708501,MP,0.00036266255493207233,0.00036266255493207233,0.4502066148926065
2026-08-31,MBG,DE0007100000,01782801W,MP,-0.00018059555711800188,-0.00018059555711800188,0.45647556139324275
2026-08-31,MC,FR0000121014,01444702W,MP,-0.00014195246683124994,-0.00014195246683124994,0.31566413610737126
2026-08-31,MCD,US5801351017,00715401,MP,-0.00026039316269515795,-0.00026039316269515795,0.4264808007626295
2026-08-31,MCHP,US5950171042,02796501,MP,-6.657512936466155e-05,-6.657512936466155e-05,0.3899639385004635
2026-08-31,MCK,US58155Q1031,00717101,MP,0.00015187880889956754,0.00015187880889956754,0.40502311730774576
2026-08-31,MCO,US6153691059,13966501,MP,-0.0003305012529679039,-0.0003305012529679039,0.5252260693365788
2026-08-31,MDB,US60937P1066,03252601,MP,-8.974177443751343e-05,-8.974177443751343e-05,0.3072202116788939
2026-08-31,MDLZ,US6092071058,14295301,MP,-0.00019844728621848685,-0.00019844728621848685,0.37837181172983203
2026-08-31,MDT,IE00BTN1Y115,00722801,MP,-0.0001634020519328277,-0.0001634020519328277,0.3403742876583657
2026-08-31,MEL,NZMELE0002S7,27004501W,MP,4.2719469460189624e-05,4.2719469460189624e-05,0.5573498976498834
2026-08-31,MELI,US58733R1023,17808101,MP,0.0003718563824163205,0.0003718563824163205,0.5359587765183953
2026-08-31,MET,US59156R1086,13376801,MP,1.74910109551209e-05,1.74910109551209e-05,0.45238423032599856
2026-08-31,META,US30303M1027,17061701,MP,8.640364123355705e-05,8.640364123355705e-05,0.2275031232927227
2026-08-31,MFC,CA56501R1064,12404201C,MP,-9.706368544714086e-05,-9.706368544714086e-05,0.4991092975185014
2026-08-31,MG,CA5592224011,00694601C,MP,0.0005691489062859893,0.0005691489062859893,0.5506943163048053
2026-08-31,MKC,US5797802064,00714601,MP,-9.083762551343239e-05,-9.083762551343239e-05,0.36506776550835196
2026-08-31,MKL,US5705351048,01290901,MP,-0.00017074071173914837,-0.00017074071173914837,0.4998432812269276
2026-08-31,MKS,GB0031274896,01886001W,MP,0.0004192257421278704,0.0004192257421278704,0.6137345627973568
2026-08-31,ML,FR001400AJ45,10127703W,MP,-5.5857298824609125e-06,-5.5857298824609125e-06,0.3131502105437235
2026-08-31,MLM,US5732841060,02973301,MP,-0.0002567753779819591,-0.0002567753779819591,0.3333498941890887
2026-08-31,MMC,US5717481023,00706501,MP,-0.0002081290298391533,-0.0002081290298391533,0.5116118403085458
2026-08-31,MMM,US88579Y1010,00743501,MP,9.575310893173832e-05,9.575310893173832e-05,0.4454389468892585
2026-08-31,MNG,GB00BKFB1C65,33375401W,MP,7.40101837855829e-05,7.40101837855829e-05,0.47618205874176367
2026-08-31,MO,US02209S1033,00854301,MP,-0.0001763084099854978,-0.0001763084099854978,0.5170595453926141
2026-08-31,MONC,IT0004965148,31689501W,MP,-0.00022744651275107423,-0.00022744651275107423,0.35338993400998364
2026-08-31,MOWI,NO0003054108,21542201W,MP,-9.999643339786267e-05,-9.999643339786267e-05,0.3960295018444173
2026-08-31,MPC,US56585A1025,18698901,MP,0.000377758769479884,0.000377758769479884,0.35144409543047916
2026-08-31,MPL,AU000000MPL3,26723101W,MP,-0.0001913549993686756,-0.0001913549993686756,0.5858388097833008
2026-08-31,MPWR,US6098391054,16088801,MP,-0.00016411998922339732,-0.00016411998922339732,0.36369650849101326
2026-08-31,MQG,AU000000MQG1,21285601W,MP,4.374954990811025e-05,4.374954990811025e-05,0.5234778944289527
2026-08-31,MRK,DE0006599905,22030101W,MP,-0.0001687252278022886,-0.0001687252278022886,0.29491096465782046
2026-08-31,MRK,US58933Y1055,00725701,MP,-0.00034258210252468755,-0.00034258210252468755,0.41608819233133043
2026-08-31,MRO,GB00BNGDN821,27065401W,MP,-2.097177880130216e-06,-2.097177880130216e-06,0.4258257533950787
2026-08-31,MRU,CA59162N1096,02189401C,MP,-5.187402117889098e-05,-5.187402117889098e-05,0.24800048534199956
2026-08-31,MRVL,US5738741041,13731001,MP,-2.4564757819734246e-05,-2.4564757819734246e-05,0.2543677115206995
2026-08-31,MS,US6174464486,01212401,MP,-0.00011286796878411864,-0.00011286796878411864,0.5580235067421458
2026-08-31,MSCI,US55354G1004,17850701,MP,-0.00023567617743468038,-0.00023567617743468038,0.5851044307284387
2026-08-31,MSFT,US5949181045,01214101,MP,2.1327054939788807e-05,2.1327054939788807e-05,0.19233743198094838
2026-08-31,MSI,US6200763075,00758501,MP,-0.00021508777955366398,-0.00021508777955366398,0.28756077475891095
2026-08-31,MSTR,US5949724083,11153401,MP,-0.00034947099563273007,-0.00034947099563273007,0.36048107257471285
2026-08-31,MT,LU1598757687,06524801W,MP,-0.00012359652016173203,-0.00012359652016173203,0.4020175961462229
2026-08-31,MTB,US55261F1049,00469901,MP,-2.3723609527360286e-05,-2.3723609527360286e-05,0.2098001778855933
2026-08-31,MTD,US5926881054,06577201,MP,-0.00014406473630619032,-0.00014406473630619032,0.4164070497092385
2026-08-31,MTX,DE000A0D9PT0,27309901W,MP,-2.8151092051239534e-05,-2.8151092051239534e-05,0.31761481919411433
2026-08-31,MTZ,US5763231090,00249701,MP,0.0001734017901143019,0.0001734017901143019,0.4786651714978007
2026-08-31,MU,US5951121038,00734301,MP,0.0005023324422422335,0.0005023324422422335,0.3526023466333922
2026-08-31,MUV2,DE0008430026,01567701W,MP,0.00027097818145304807,0.00027097818145304807,0.4763514747012516
2026-08-31,MZTF,IL0006954379,22276501W,MP,0.0003014751026402584,0.0003014751026402584,0.34222365751656636
2026-08-31,NA,CA6330671034,01562001C,MP,2.1031809556546536e-06,2.1031809556546536e-06,0.46470788746854574
2026-08-31,NAB,AU000000NAB4,01480201W,MP,-0.0001590283475821186,-0.0001590283475821186,0.5282370580601473
2026-08-31,NBIS,NL0009805522,18711801,MP,-3.067584123698058e-05,-3.067584123698058e-05,0.35793806692911734
2026-08-31,NBIX,US64125C1099,06292101,MP,0.00040239834891449413,0.00040239834891449413,0.5254448679774617
2026-08-31,NDA SE,FI4000297767,21488101W,MP,0.00023439796675270235,0.00023439796675270235,0.4735683922549217
2026-08-31,NDAQ,US6311031081,14933701,MP,-0.00010251099096162361,-0.00010251099096162361,0.5695341197366575
2026-08-31,NDSN,US6556631025,00792101,MP,-0.0002057644537475136,-0.0002057644537475136,0.4427373665775162
2026-08-31,NEE,US65339F1012,00451701,MP,-0.00013932444081630034,-0.00013932444081630034,0.3442015901707231
2026-08-31,NEM,DE0006452907,22862301W,MP,2.3492754577876686e-06,2.3492754577876686e-06,0.22681789827956184
2026-08-31,NEM,US6516391066,00788101,MP,0.00047918991056615013,0.00047918991056615013,0.370304893201626
2026-08-31,NESN,CH0038863350,01660301W,MP,-0.00019993835752305438,-0.00019993835752305438,0.34230668818434096
2026-08-31,NESTE,FI0009013296,27274601W,MP,0.00019698279149596415,0.00019698279149596415,0.30346545174505896
2026-08-31,NET,US18915M1071,03560401,MP,-0.00016333135024714524,-0.00016333135024714524,0.36950017600879204
2026-08-31,NFLX,US64110L1061,14757901,MP,-4.3200470645117686e-05,-4.3200470645117686e-05,0.27301084756300487
2026-08-31,NG.,GB00BDR05C01,21181901W,MP,-0.0002527462523594205,-0.0002527462523594205,0.34652428843285354
2026-08-31,NHY,NO0005052605,01238301W,MP,-4.317042058685649e-05,-4.317042058685649e-05,0.3073194829826763
2026-08-31,NI,US65473P1057,00797401,MP,-0.0002876514223970464,-0.0002876514223970464,0.3345712196794988
2026-08-31,NIBE B,SE0015988019,23424601W,MP,3.295504249686915e-05,3.295504249686915e-05,0.3624317666044963
2026-08-31,NKE,US6541061031,00790601,MP,-0.0006177774662882754,-0.0006177774662882754,0.5427163639960166
2026-08-31,NLY,US0357108390,06555601,MP,-1.051227547948092e-05,-1.051227547948092e-05,0.5148181422786275
2026-08-31,NN,NL0010773842,26084001W,MP,-0.00011842859092843417,-0.00011842859092843417,0.5997647552733477
2026-08-31,NOC,US6668071029,00798501,MP,0.000134718999796329,0.000134718999796329,0.3747670366411435
2026-08-31,NOKIA,FI0009000681,02367102W,MP,-0.00027286680232013023,-0.00027286680232013023,0.31502420643362555
2026-08-31,NOVN,CH0012005267,10131001W,MP,-5.6537133408402744e-05,-5.6537133408402744e-05,0.4373073212322393
2026-08-31,NOVO B,DK0062498333,00802002W,MP,0.00015232079412860744,0.00015232079412860744,0.43195903273827607
2026-08-31,NOW,US81762P1021,17100701,MP,-0.00020877210529267646,-0.00020877210529267646,0.2514463598016378
2026-08-31,NRG,US6293775085,13599003,MP,0.00011956869175055738,0.00011956869175055738,0.5956247544521447
2026-08-31,NSC,US6558441084,00792301,MP,-0.0003003474541107759,-0.0003003474541107759,0.5316148172159851
2026-08-31,NSIS B,DK0060336014,24133601W,MP,-0.00028330300242365583,-0.00028330300242365583,0.35111521841857746
2026-08-31,NST,AU000000NST8,25962501W,MP,-1.1055031610202682e-05,-1.1055031610202682e-05,0.4762931569110092
2026-08-31,NTAP,US64110D1046,06159101,MP,0.00011785467241008646,0.00011785467241008646,0.3356373502734106
2026-08-31,NTGY,ES0116870314,22058601W,MP,0.0006033110397968127,0.0006033110397968127,0.5159205073745586
2026-08-31,NTR,CA67077M1086,01658201C,MP,7.489870942561252e-06,7.489870942561252e-06,0.3337549694534761
2026-08-31,NTRA,US6323071042,02417601,MP,-0.00010938877244149159,-0.00010938877244149159,0.5315980440962914
2026-08-31,NTRS,US6658591044,00798201,MP,-0.00013015368485968105,-0.00013015368485968105,0.5214228212566884
2026-08-31,NUE,US6703461052,00803001,MP,0.00011317943485214038,0.00011317943485214038,0.2910865722956998
2026-08-31,NVDA,US67066G1040,11776801,MP,0.00025717735765639455,0.00025717735765639455,0.2754682872479281
2026-08-31,NVMI,IL0010845571,13390501W,MP,-0.00017331827638699787,-0.00017331827638699787,0.20662243678512004
2026-08-31,NVR,US62944T1051,01245901,MP,-0.0003588166880612383,-0.0003588166880612383,0.41751672592026534
2026-08-31,NWG,GB00BM8PJY71,01563402W,MP,0.0004063070649902006,0.0004063070649902006,0.3908726541576732
2026-08-31,NWSA,US65249B1098,01804301,MP,1.8309589067365094e-05,1.8309589067365094e-05,0.24045817081226534
2026-08-31,NXPI,NL0009538784,18472501,MP,3.541088734779535e-05,3.541088734779535e-05,0.2948070833072594
2026-08-31,NXT,GB0032089863,10014901W,MP,5.1055923683816634e-05,5.1055923683816634e-05,0.34324876102245416
2026-08-31,O,US7561091049,03082201,MP,-5.122792329100094e-05,-5.122792329100094e-05,0.11427932504027578
2026-08-31,O39,SG1S04926220,01575301W,MP,7.359235810006206e-05,7.359235810006206e-05,0.43182672649120335
2026-08-31,ODFL,US6795801009,02461701,MP,-0.00015958300282767538,-0.00015958300282767538,0.5218326048223868
2026-08-31,OKE,US6826801036,00815101,MP,-9.579281896274416e-05,-9.579281896274416e-05,0.41889914693421976
2026-08-31,OKTA,US6792951054,03073601,MP,-5.763575859797757e-05,-5.763575859797757e-05,0.2804580645111059
2026-08-31,OMC,US6819191064,00406601,MP,6.161708909402391e-05,6.161708909402391e-05,0.30129879658146796
2026-08-31,OMV,AT0000743059,10279802W,MP,0.00030421421876380907,0.00030421421876380907,0.33107844637579054
2026-08-31,ON,US6821891057,13493201,MP,-0.0001797784442924625,-0.0001797784442924625,0.25113661588085157
2026-08-31,OPCE,IL0011415713,32523701W,MP,-0.0001019547044111297,-0.0001019547044111297,0.29845673231189496
2026-08-31,OR,FR0000120321,10058103W,MP,-0.00031199255254992024,-0.00031199255254992024,0.511616438248131
2026-08-31,ORA,FR0000133308,22094001W,MP,0.00018792349064190774,0.00018792349064190774,0.20002872366479577
2026-08-31,ORCL,US68389X1054,01214201,MP,-0.00021410659289050661,-0.00021410659289050661,0.38504073450372167
2026-08-31,ORG,AU000000ORG5,01752501W,MP,4.9202989421225086e-05,4.9202989421225086e-05,0.495981651561198
2026-08-31,ORK,NO0003733800,10091303W,MP,0.00016520273753252107,0.00016520273753252107,0.20760916002176075
2026-08-31,ORLY,US67103H1077,02818001,MP,4.2572319509302045e-06,4.2572319509302045e-06,0.26308044149041504
2026-08-31,ORNBV,FI0009014377,21145302W,MP,0.00016454716772845417,0.00016454716772845417,0.45318180217915627
2026-08-31,ORSTED,DK0060094928,23264602W,MP,-5.503823891089295e-06,-5.503823891089295e-06,0.4979514165163145
2026-08-31,OTIS,US68902V1070,03619001,MP,-5.2325541954778734e-05,-5.2325541954778734e-05,0.3658612176560701
2026-08-31,OXY,US6745991058,00806801,MP,-6.560112449546446e-05,-6.560112449546446e-05,0.2818770469213057
2026-08-31,P911,DE000PAG9113,35451901W,MP,-0.00034106372810413396,-0.00034106372810413396,0.34678005149982905
2026-08-31,PAAS,CA6979001089,02067001C,MP,0.000610651359452589,0.000610651359452589,0.5675159073808485
2026-08-31,PAH3,DE000PAH0038,10218701W,MP,-0.00024868596873790284,-0.00024868596873790284,0.41369220177599936
2026-08-31,PANW,US6974351057,17106701,MP,-0.00027238425393719357,-0.00027238425393719357,0.41891627186101876
2026-08-31,PAYX,US7043261079,00840201,MP,-0.00012771255351576958,-0.00012771255351576958,0.3376076388646486
2026-08-31,PCAR,US6937181088,00825301,MP,-9.307247889604999e-05,-9.307247889604999e-05,0.3349665058122315
2026-08-31,PCG,US69331C1080,00826401,MP,0.0001406348531214008,0.0001406348531214008,0.360463413767244
2026-08-31,PEG,US7445731067,00881001,MP,4.2749423311446694e-05,4.2749423311446694e-05,0.33117771954221814
2026-08-31,PEP,US7134481081,00847901,MP,0.00010764914793942049,0.00010764914793942049,0.3251419254589224
2026-08-31,PFE,US7170811035,00853001,MP,-0.0002491766588128934,-0.0002491766588128934,0.5300346470813054
2026-08-31,PFG,US74251V1026,14570101,MP,-9.578680674443893e-06,-9.578680674443893e-06,0.3923724187901051
2026-08-31,PG,US7427181091,00876201,MP,-6.0617583151849386e-05,-6.0617583151849386e-05,0.3903386377475309
2026-08-31,PGHN,CH0024608827,27586301W,MP,-0.00019969862197658617,-0.00019969862197658617,0.5043906043610766
2026-08-31,PGR,US7433151039,01334101,MP,0.00020471917401194655,0.00020471917401194655,0.48146723197003627
2026-08-31,PH,US7010941042,00835801,MP,-0.00024185754192918498,-0.00024185754192918498,0.47607233567030977
2026-08-31,PHIA,NL0000009538,00854601W,MP,0.0003850957330170956,0.0003850957330170956,0.5439287359839583
2026-08-31,PHM,US7458671010,00882301,MP,-0.0003442851567498529,-0.0003442851567498529,0.3771554154970155
2026-08-31,PHNX,GB00BGXQNP29,28815303W,MP,0.00029360900405236837,0.00029360900405236837,0.6414815076923482
2026-08-31,PHOE,IL0007670123,22489301W,MP,0.00025323830662614345,0.00025323830662614345,0.3630195794665782
2026-08-31,PKG,US6951561090,12897801,MP,-6.866915977068773e-05,-6.866915977068773e-05,0.4216193851297303
2026-08-31,PLD,US74340W1036,02998401,MP,-0.00010675725311223513,-0.00010675725311223513,0.15495584089276077
2026-08-31,PLS,AU000000PLS0,28694501W,MP,-0.00021902516424009255,-0.00021902516424009255,0.44728984295233964
2026-08-31,PLTR,US69608A1088,03691001,MP,-0.00010480476725413739,-0.00010480476725413739,0.2547201253825435
2026-08-31,PM,US7181721090,17962101,MP,-0.00017153377623882165,-0.00017153377623882165,0.3668400467696789
2026-08-31,PME,AU000000PME8,24233301W,MP,-0.0001595466101977567,-0.0001595466101977567,0.49010380792508873
2026-08-31,PNC,US6934751057,00824501,MP,-7.84215056668562e-05,-7.84215056668562e-05,0.20827408942039377
2026-08-31,PNDORA,DK0060252690,29552601W,MP,0.00024033611829527916,0.00024033611829527916,0.46823625498999843
2026-08-31,POLI,IL0006625771,03057902W,MP,0.0005029388609103075,0.0005029388609103075,0.36232829503587105
2026-08-31,POW,CA7392391016,00870201C,MP,4.493965502696662e-05,4.493965502696662e-05,0.5136045623652976
2026-08-31,PPG,US6935061076,00824701,MP,-0.00031283157517154235,-0.00031283157517154235,0.3231677406796645
2026-08-31,PPL,CA7063271034,13061801C,MP,-0.00036458292596233574,-0.00036458292596233574,0.3992661353611658
2026-08-31,PPL,US69351T1060,00845501,MP,-0.00023313123303372443,-0.00023313123303372443,0.30654147309468294
2026-08-31,PRU,GB0007099541,01578201W,MP,0.00012865050690105716,0.00012865050690105716,0.5491051579758909
2026-08-31,PRU,US7443201022,14335601,MP,6.191194324092209e-05,6.191194324092209e-05,0.46000050444156304
2026-08-31,PRX,NL0013654783,33364502W,MP,-0.00020359236250500783,-0.00020359236250500783,0.4622245747109843
2026-08-31,PRY,IT0004176001,28452101W,MP,4.951969035562154e-05,4.951969035562154e-05,0.24088047601007279
2026-08-31,PSA,US74460D1090,01009601,MP,-5.911049613077603e-05,-5.911049613077603e-05,0.21573885365008452
2026-08-31,PSON,GB0006776081,10057201W,MP,0.00011931436032228601,0.00011931436032228601,0.41596865614666534
2026-08-31,PST,IT0003796171,23332001W,MP,-2.7529470392971282e-05,-2.7529470392971282e-05,0.26845027939193156
2026-08-31,PSTG,US74624M1027,02575601,MP,-0.00012531446214595376,-0.00012531446214595376,0.32343018202804164
2026-08-31,PSX,US7185461040,17084101,MP,0.0003033972882574981,0.0003033972882574981,0.4185381616449964
2026-08-31,PTC,US69370C1009,01869901,MP,0.00016410037917184367,0.00016410037917184367,0.3345173016899623
2026-08-31,PUB,FR0000130577,10129202W,MP,-4.3408753431581117e-05,-4.3408753431581117e-05,0.3067734059451029
2026-08-31,PWR,US74762E1029,06644601,MP,-8.234859184020646e-05,-8.234859184020646e-05,0.4533324510573033
2026-08-31,PYPL,US70450Y1038,02461601,MP,6.415130260556058e-05,6.415130260556058e-05,0.3855707865064649
2026-08-31,QAN,AU000000QAN2,22024401W,MP,0.00026279927890468047,0.00026279927890468047,0.4801985135689267
2026-08-31,QBE,AU000000QBE9,01575601W,MP,0.0003497166332902136,0.0003497166332902136,0.46547532288711757
2026-08-31,QCOM,US7475251036,02480001,MP,-4.299655062574451e-05,-4.299655062574451e-05,0.3105615395908172
2026-08-31,QSR,CA76131D1033,16447102C,MP,-0.0003225200616104787,-0.0003225200616104787,0.3002076290097656
2026-08-31,RAA,DE0007010803,24441701W,MP,-0.00012581941874964392,-0.00012581941874964392,0.40435296528490605
2026-08-31,RACE,NL0011585146,02546601W,MP,-2.6717881251242785e-05,-2.6717881251242785e-05,0.30056948159314306
2026-08-31,RBA,CA74935Q1072,06560501,MP,-0.0002004579452129396,-0.0002004579452129396,0.4229181037594982
2026-08-31,RBI,AT0000606306,27281701W,MP,4.650482433223609e-05,4.650482433223609e-05,0.41760285649525264
2026-08-31,RBLX,US7710491033,03745301,MP,0.00022218679176346355,0.00022218679176346355,0.19340902804143
2026-08-31,RCI.B,CA7751092007,00921501C,MP,-2.069858737913242e-05,-2.069858737913242e-05,0.31466877927756887
2026-08-31,RCL,LR0008862868,02819101,MP,0.0003874063902595127,0.0003874063902595127,0.5029190026906804
2026-08-31,RDDT,US75734B1008,04509701,MP,0.00013539551752846213,0.00013539551752846213,0.2924559205674076
2026-08-31,REA,AU000000REA9,24801501W,MP,-0.00024765264286044544,-0.00024765264286044544,0.3618498927865169
2026-08-31,REC,IT0003828271,10242901W,MP,-0.0001022906905414036,-0.0001022906905414036,0.2723187791915147
2026-08-31,RED,ES0173093024,23411701W,MP,-0.00031606516995513273,-0.00031606516995513273,0.4377036031816423
2026-08-31,REG,US7588491032,02909901,MP,1.8931129514028305e-05,1.8931129514028305e-05,0.15411750714568426
2026-08-31,REGN,US75886F1075,02381201,MP,0.00019188283260023864,0.00019188283260023864,0.4059420139505864
2026-08-31,REL,GB00B2B0DG97,10033801W,MP,-9.67966669841382e-06,-9.67966669841382e-06,0.28147555398922824
2026-08-31,REP,ES0173516115,01531901W,MP,7.178152315206687e-05,7.178152315206687e-05,0.3202575974278718
2026-08-31,RF,US7591EP1005,00467401,MP,6.41009953967185e-05,6.41009953967185e-05,0.3137129978367164
2026-08-31,RHM,DE0007030009,10031201W,MP,-3.065834666776588e-05,-3.065834666776588e-05,0.43162725838182314
2026-08-31,RI,FR0000120693,10139601W,MP,-0.00015025721242701591,-0.00015025721242701591,0.4942130301647859
2026-08-31,RIO,AU000000RIO1,01956515W,MP,-0.00012723842072652423,-0.00012723842072652423,0.3895381010289348
2026-08-31,RIO,GB0007188757,01956501W,MP,-3.4629170988053215e-05,-3.4629170988053215e-05,0.42913771554185237
2026-08-31,RIVN,US76954A1034,03981101,MP,0.0001929237368989603,0.0001929237368989603,0.5111868710624938
2026-08-31,RJF,US7547301090,00889801,MP,-0.00010180436637974579,-0.00010180436637974579,0.43341973560616176
2026-08-31,RKLB,US7731211089,03950301,MP,-0.00029064371305995303,-0.00029064371305995303,0.52023463222373
2026-08-31,RKT,US77311W1018,03672201,MP,-0.00016104534384152794,-0.00016104534384152794,0.6164609519128572
2026-08-31,RMD,US7611521078,03188701,MP,0.00018940032637679982,0.00018940032637679982,0.3521575213570708
2026-08-31,RMS,FR0000052292,20305301W,MP,-5.5596663994833625e-05,-5.5596663994833625e-05,0.4491170938992284
2026-08-31,RNO,FR0000131906,21047901W,MP,0.0002692324478194714,0.0002692324478194714,0.5138190014851763
2026-08-31,RO,CH0012032113,02564804W,MP,-1.4720141056910438e-05,-1.4720141056910438e-05,0.3366924800849891
2026-08-31,ROK,US7739031091,00920301,MP,-9.33102257797069e-05,-9.33102257797069e-05,0.4363803972872376
2026-08-31,ROL,US7757111049,00922501,MP,-0.0001789197308951872,-0.0001789197308951872,0.47333926338396415
2026-08-31,ROP,US7766961061,02492501,MP,-0.0002167267782185818,-0.0002167267782185818,0.2800916212058933
2026-08-31,ROST,US7782961038,00924801,MP,0.0001714769764659198,0.0001714769764659198,0.4132977717615498
2026-08-31,RR.,GB00B63H8491,10049901W,MP,0.00010241730078470555,0.00010241730078470555,0.37310768872020905
2026-08-31,RS,US7595091023,03067101,MP,-7.41507981417425e-05,-7.41507981417425e-05,0.4717511411514218
2026-08-31,RSG,US7607591002,11216801,MP,-0.0003675813697215861,-0.0003675813697215861,0.5099082019452617
2026-08-31,RTO,GB00B082RF11,10009102W,MP,-9.709478439875754e-05,-9.709478439875754e-05,0.33419735396614186
2026-08-31,RTX,US75513E1010,01098301,MP,1.0543823440296894e-05,1.0543823440296894e-05,0.37534150295213986
2026-08-31,RVMD,US76155X1000,03608301,MP,-0.0002753234079559481,-0.0002753234079559481,0.5466622597289253
2026-08-31,RWE,DE0007037129,10095301W,MP,0.00015983811975052933,0.00015983811975052933,0.5283846966708802
2026-08-31,RXL,FR0010451203,10326003W,MP,0.0003952907466549926,0.0003952907466549926,0.4333916199087472
2026-08-31,RY,CA7800871021,01563301C,MP,-8.886344092618691e-05,-8.886344092618691e-05,0.37896140015841573
2026-08-31,RYA,IE00BYTBXV33,06483501W,MP,0.00016661529489170687,0.00016661529489170687,0.4928691258588368
2026-08-31,S32,AU000000S320,31968701W,MP,-1.3667849093796155e-05,-1.3667849093796155e-05,0.3540706048557207
2026-08-31,S63,SG1F60858221,21488201W,MP,-0.00010218980475404596,-0.00010218980475404596,0.4101821179794678
2026-08-31,S68,SG1J26887955,24190401W,MP,-0.00026392638110329627,-0.00026392638110329627,0.48573235178911944
2026-08-31,SAAB B,SE0021921269,22250501W,MP,2.3034218599952606e-05,2.3034218599952606e-05,0.3492777874173804
2026-08-31,SAB,ES0113860A34,24543601W,MP,0.00028734467219874207,0.00028734467219874207,0.38638278710754803
2026-08-31,SAF,FR0000073272,10130501W,MP,8.776817632851131e-05,8.776817632851131e-05,0.37080594032672
2026-08-31,SALM,NO0010310956,28452301W,MP,-0.0002473196323037221,-0.0002473196323037221,0.4825534102138386
2026-08-31,SAMPO,FI4000552500,01577301W,MP,-0.00026442974880743956,-0.00026442974880743956,0.43520162439124005
2026-08-31,SAN,ES0113900J37,01414001W,MP,0.00013950310615301454,0.00013950310615301454,0.33931933922186
2026-08-31,SAN,FR0000120578,10120401W,MP,0.0003754424011896197,0.0003754424011896197,0.46071740699535163
2026-08-31,SAND,SE0000667891,01959102W,MP,4.379887903434076e-06,4.379887903434076e-06,0.29013936251505734
2026-08-31,SAP,CA8029121057,06561301C,MP,0.00010381081404686973,0.00010381081404686973,0.3522263421377267
2026-08-31,SAP,DE0007164600,10348702W,MP,-6.761967291860367e-05,-6.761967291860367e-05,0.1458167975456774
2026-08-31,SATS,US2787681061,17920201,MP,-0.00010288169878160172,-0.00010288169878160172,0.2845236372912201
2026-08-31,SBAC,US78410G1040,12138201,MP,4.25585823151191e-05,4.25585823151191e-05,0.19375094170682833
2026-08-31,SBRY,GB00B019KW72,01957901W,MP,-3.253533199468693e-07,-3.253533199468693e-07,0.6000172130764813
2026-08-31,SBUX,US8552441094,02543401,MP,-4.5766692172232164e-05,-4.5766692172232164e-05,0.4470198867620519
2026-08-31,SCA B,SE0000112724,01236807W,MP,-0.00013008047821337523,-0.00013008047821337523,0.34971041749015763
2026-08-31,SCG,AU000000SCG8,29610801W,MP,-2.970500803897302e-05,-2.970500803897302e-05,0.16284715365877117
2026-08-31,SCHN,CH0024638212,10134301W,MP,1.191078643972635e-05,1.191078643972635e-05,0.3854885579402637
2026-08-31,SCHP,CH0024638196,10134303W,MP,3.500353700134554e-05,3.500353700134554e-05,0.35060913400247046
2026-08-31,SCHW,US8085131055,01398801,MP,7.637919148683372e-05,7.637919148683372e-05,0.50724822474456
2026-08-31,SCMN,CH0008742519,11492701W,MP,0.00011720809025148054,0.00011720809025148054,0.23907227852621882
2026-08-31,SDR,GB00BP9LHF23,01563801W,MP,-0.00012120608925905711,-0.00012120608925905711,0.5915732967970766
2026-08-31,SDZ,CH1243598427,04336201W,MP,7.724399716214358e-05,7.724399716214358e-05,0.4201032613504921
2026-08-31,SE,US81141R1005,03254690,MP,0.00016638664872925776,0.00016638664872925776,0.2876729951718673
2026-08-31,SEB A,SE0000148884,01567101W,MP,9.079104520129612e-05,9.079104520129612e-05,0.34394953702725123
2026-08-31,SECU B,SE0000163594,10498101W,MP,0.00028075656964417537,0.00028075656964417537,0.4542793693339777
2026-08-31,SGE,GB00B8C3BL03,10464301W,MP,-8.17337579015636e-05,-8.17337579015636e-05,0.26270953016511744
2026-08-31,SGH,AU0000364754,20832601W,MP,-7.025821632350456e-05,-7.025821632350456e-05,0.39750128419139447
2026-08-31,SGO,FR0000125007,10181101W,MP,0.00017314224878108454,0.00017314224878108454,0.42229867133161925
2026-08-31,SGRO,GB00B5ZN1N88,01564401W,MP,-0.00010845767405658638,-0.00010845767405658638,0.3319912731237059
2026-08-31,SGSN,CH1256740924,10134001W,MP,-0.00015027195393075955,-0.00015027195393075955,0.36783246155144617
2026-08-31,SHB A,SE0007100599,01565401W,MP,9.950128184079358e-05,9.950128184079358e-05,0.3955440736975079
2026-08-31,SHEL,GB00BP6MXD84,01238401W,MP,0.0002928402969380551,0.0002928402969380551,0.27509392211283684
2026-08-31,SHL,DE000SHL1006,32676501W,MP,7.8881532145418e-05,7.8881532145418e-05,0.4133928660835539
2026-08-31,SHOP,CA82509L1076,02365001C,MP,-0.00014336289194708627,-0.00014336289194708627,0.24733826935170788
2026-08-31,SHW,US8243481061,00966701,MP,-8.239587130986973e-05,-8.239587130986973e-05,0.2905996358718696
2026-08-31,SIE,DE0007236101,01934901W,MP,-7.717894349065697e-05,-7.717894349065697e-05,0.3731610795811644
2026-08-31,SIG,AU000000SIG5,25438001W,MP,-0.0002966362288715824,-0.0002966362288715824,0.5529441159903564
2026-08-31,SIKA,CH0418792922,10135001W,MP,-0.0002449530081006032,-0.0002449530081006032,0.3567199233023072
2026-08-31,SKA B,SE0000113250,10098002W,MP,0.00039699578267677607,0.00039699578267677607,0.523764870073757
2026-08-31,SKF B,SE0000108227,01174905W,MP,-4.6612524790061844e-05,-4.6612524790061844e-05,0.40786217899331584
2026-08-31,SLB,AN8068571086,00946501,MP,-0.0003066041128645847,-0.0003066041128645847,0.3911658831679514
2026-08-31,SLF,CA8667961053,13328901C,MP,-0.0001604085766989932,-0.0001604085766989932,0.37269841924457564
2026-08-31,SLHN,CH0014852781,20569901W,MP,-6.488552037075447e-05,-6.488552037075447e-05,0.5119536622386698
2026-08-31,SMCI,US86800U3023,17656701,MP,0.00013932595965030644,0.00013932595965030644,0.3900224860945529
2026-08-31,SMIN,GB00B1WY2338,10004501W,MP,-0.00010504165916489634,-0.00010504165916489634,0.3474284108070911
2026-08-31,SN,KYG8068L1086,04311301,MP,-9.549508556887723e-05,-9.549508556887723e-05,0.36415702422452734
2026-08-31,SN.,GB0009223206,10131701W,MP,0.00020009798714492753,0.00020009798714492753,0.34474953823536286
2026-08-31,SNA,US8330341012,00977801,MP,-0.00019274480732902198,-0.00019274480732902198,0.3671398467264313
2026-08-31,SNOW,US8334451098,33996501,MP,-0.00023895992970171613,-0.00023895992970171613,0.3743368261444332
2026-08-31,SNPS,US8716071076,02497501,MP,-0.000241433224841096,-0.000241433224841096,0.3844156387032243
2026-08-31,SO,US8425871071,00985001,MP,-6.307205282107485e-05,-6.307205282107485e-05,0.3357367899137496
2026-08-31,SOBI,SE0000872095,27914301W,MP,-0.00016321311680649853,-0.00016321311680649853,0.396354745999759
2026-08-31,SOF,BE0003717312,02405601W,MP,-0.0002255070200106498,-0.0002255070200106498,0.5270595198650622
2026-08-31,SOFI,US83406F1021,03891601,MP,-0.00020619202301373464,-0.00020619202301373464,0.5246631216232711
2026-08-31,SOL,AU000000SOL3,10456601W,MP,-5.232699522561415e-05,-5.232699522561415e-05,0.4997736653296177
2026-08-31,SOON,CH0012549785,21179501W,MP,-0.00026491080633523234,-0.00026491080633523234,0.47920502264391646
2026-08-31,SPG,US8288061091,02938901,MP,-2.4902350022795355e-05,-2.4902350022795355e-05,0.16603547504943217
2026-08-31,SPGI,US78409V1044,00716301,MP,-0.0002807087706793998,-0.0002807087706793998,0.4477384570817534
2026-08-31,SPOT,LU1778762911,03317501,MP,0.0002091039516134857,0.0002091039516134857,0.24137945513337444
2026-08-31,SPSN,CH0008038389,24351501W,MP,-0.00018411964107837686,-0.00018411964107837686,0.271903213276738
2026-08-31,SPX,GB00BWFGQN14,10061901W,MP,-0.00011453369354479028,-0.00011453369354479028,0.35802749089358366
2026-08-31,SRE,US8168511090,00827201,MP,-0.00025034140217481093,-0.00025034140217481093,0.5606704230749638
2026-08-31,SREN,CH0126881561,06354608W,MP,8.646113800059094e-06,8.646113800059094e-06,0.4893078239769326
2026-08-31,SRG,IT0003153415,24945701W,MP,-0.00018126007898007553,-0.00018126007898007553,0.47731050762206695
2026-08-31,SRT3,DE0007165631,20882102W,MP,-0.0003257951837684369,-0.0003257951837684369,0.4247467146701866
2026-08-31,SSE,GB0007908733,10334201W,MP,2.166509580661414e-05,2.166509580661414e-05,0.4137016819413877
2026-08-31,SSNC,US78467J1007,06296502,MP,-2.8858643503861536e-05,-2.8858643503861536e-05,0.3293140771654552
2026-08-31,STAN,GB0004082847,01564501W,MP,0.00032799633573189025,0.00032799633573189025,0.35540118286685035
2026-08-31,STE,IE00BFY8C754,02531301,MP,7.252216665723992e-05,7.252216665723992e-05,0.2758573898643806
2026-08-31,STERV,FI0009005961,10102005W,MP,-7.937579508164679e-05,-7.937579508164679e-05,0.3844691871905266
2026-08-31,STLAM,NL00150001Q9,10127610W,MP,-0.0003412407625352433,-0.0003412407625352433,0.523812149130271
2026-08-31,STLD,US8581191009,06403001,MP,2.9690533916952723e-06,2.9690533916952723e-06,0.3627571616340962
2026-08-31,STMMI,NL0000226223,03114203W,MP,-0.00010342509023053572,-0.00010342509023053572,0.1635165240691343
2026-08-31,STMN,CH1175448666,22821801W,MP,-0.0003427603610709668,-0.0003427603610709668,0.5237389327398608
2026-08-31,STN,CA85472N1096,02998501C,MP,8.713382814818906e-06,8.713382814818906e-06,0.29224198808701324
2026-08-31,STO,AU000000STO6,10016501W,MP,-0.00018539866126485608,-0.00018539866126485608,0.2515792877065337
2026-08-31,STT,US8574771031,01003501,MP,0.00024839097589199663,0.00024839097589199663,0.38897557939570826
2026-08-31,STX,IE00BKVD2N49,15093701,MP,0.0005860647286825269,0.0005860647286825269,0.3680912828489488
2026-08-31,STZ,US21036P1084,00271002,MP,6.289563825219858e-05,6.289563825219858e-05,0.3692938976030342
2026-08-31,SU,CA8672241079,01507001C,MP,-9.934196300735788e-06,-9.934196300735788e-06,0.265882548295949
2026-08-31,SU,FR0000121972,10133602W,MP,-6.752753116996547e-05,-6.752753116996547e-05,0.32067975384689684
2026-08-31,SUI,US8666741041,02935901,MP,0.00016123706378646794,0.00016123706378646794,0.12488293647678893
2026-08-31,SUN,AU000000SUN6,20514501W,MP,0.0002830441835176494,0.0002830441835176494,0.5332127751463113
2026-08-31,SVT,GB00B1FH8J72,10260303W,MP,-0.00026600156303204815,-0.00026600156303204815,0.5576097753000242
2026-08-31,SW,FR0000121220,10208901W,MP,-0.0002231404042170197,-0.0002231404042170197,0.4682872495579514
2026-08-31,SW,IE00028FXN24,28318401,MP,6.440999947454562e-05,6.440999947454562e-05,0.5314095572114702
2026-08-31,SWED A,SE0000242455,02457801W,MP,0.00017141201562290422,0.00017141201562290422,0.4081567463141437
2026-08-31,SY1,DE000SYM9999,28177201W,MP,-0.00030684199877684446,-0.00030684199877684446,0.46362582776602973
2026-08-31,SYENS,BE0974464977,35964501W,MP,-0.00014028378923382646,-0.00014028378923382646,0.4217290744407406
2026-08-31,SYF,US87165B1035,02068601,MP,0.0001856408307774823,0.0001856408307774823,0.5203264007927955
2026-08-31,SYK,US8636671013,01011501,MP,-2.5624850022059393e-05,-2.5624850022059393e-05,0.4342286588846047
2026-08-31,SYY,US8718291078,01024701,MP,-8.813814318103435e-06,-8.813814318103435e-06,0.45683756904183004
2026-08-31,T,CA87971M1032,00240801C,MP,-0.00019542871871767922,-0.00019542871871767922,0.2534928701612567
2026-08-31,T,US00206R1023,00989901,MP,0.0002851843493275308,0.0002851843493275308,0.1691314185532288
2026-08-31,TCL,AU000000TCL6,21265001W,MP,-0.00020917465143792553,-0.00020917465143792553,0.5059581611283731
2026-08-31,TD,CA8911605092,01570601C,MP,-3.6595525908867275e-05,-3.6595525908867275e-05,0.32534935893751205
2026-08-31,TDG,US8936411003,14834901,MP,-0.00028075388648469686,-0.00028075388648469686,0.5153248755937433
2026-08-31,TDY,US8793601050,12672101,MP,-0.00021995717018990547,-0.00021995717018990547,0.32315952152505156
2026-08-31,TEAM,US0494681010,02649401,MP,0.00031699119354412807,0.00031699119354412807,0.3546595157471263
2026-08-31,TECK.B,CA8787422044,01038501C,MP,0.00044211778414519003,0.00044211778414519003,0.4045382230415063
2026-08-31,TEF,ES0178430E18,01368301W,MP,-9.895485871038229e-05,-9.895485871038229e-05,0.26660262945370844
2026-08-31,TEL,IE000IVNQZ81,17726702,MP,0.00012548480205119435,0.00012548480205119435,0.20389773569179875
2026-08-31,TEL,NO0010063308,22161201W,MP,-9.206638700352762e-05,-9.206638700352762e-05,0.2057225575165641
2026-08-31,TEL2 B,SE0005190238,22228601W,MP,-0.000127846622740469,-0.000127846622740469,0.21108109661252122
2026-08-31,TELIA,SE0000667925,22057901W,MP,4.9514163140867115e-05,4.9514163140867115e-05,0.223687590835151
2026-08-31,TEN,LU2598331598,15193303W,MP,-5.24957811656924e-05,-5.24957811656924e-05,0.16898880605763797
2026-08-31,TER,US8807701029,01045301,MP,0.00015633823733158508,0.00015633823733158508,0.2839592842121369
2026-08-31,TEVA,US8816242098,01453890,MP,0.00012199249996390123,0.00012199249996390123,0.36801338190595345
2026-08-31,TFC,US89832Q1094,01185601,MP,5.078027143644334e-05,5.078027143644334e-05,0.3615099749454109
2026-08-31,TFII,CA87241L1094,15076401C,MP,-0.00012581537891973604,-0.00012581537891973604,0.347318375975403
2026-08-31,TGT,US87612E1064,00381301,MP,0.00013246429045815622,0.00013246429045815622,0.5274373127329149
2026-08-31,TIGO,LU0038705702,03002401,MP,1.1073080206785304e-05,1.1073080206785304e-05,0.28245548183065267
2026-08-31,TIH,CA8911021050,01502001C,MP,-0.00010766157308951757,-0.00010766157308951757,0.394467845005675
2026-08-31,TJX,US8725401090,01167201,MP,0.0001599175382299426,0.0001599175382299426,0.30302858392170506
2026-08-31,TLC,AU0000219529,35307001W,MP,0.00014683192463724447,0.00014683192463724447,0.5728085239720234
2026-08-31,TLS,AU000000TLS2,21021602W,MP,0.00019547546952914643,0.00019547546952914643,0.2478004456333849
2026-08-31,TLX,DE000TLX1005,26980901W,MP,0.00021964493963188485,0.00021964493963188485,0.36293302141452594
2026-08-31,TMO,US8835561023,01053001,MP,-0.00015224635791111487,-0.00015224635791111487,0.3897225916085585
2026-08-31,TMUS,US8725901040,01787401,MP,-1.7762986132077134e-06,-1.7762986132077134e-06,0.10721644163851768
2026-08-31,TOST,US8887871080,03952401,MP,0.00011221844343232049,0.00011221844343232049,0.4822420518453572
2026-08-31,TOU,CA89156V1067,18595601C,MP,-0.0003346757928070107,-0.0003346757928070107,0.3428398300825792
2026-08-31,TPL,US88262P1021,01050401,MP,-0.0003133850303423203,-0.0003133850303423203,0.3351869037668176
2026-08-31,TPR,US8760301072,14054101,MP,0.0004356086536781775,0.0004356086536781775,0.45813074606940707
2026-08-31,TREL B,SE0000114837,10104802W,MP,-8.954147432730286e-05,-8.954147432730286e-05,0.3167835828236012
2026-08-31,TRGP,US87612G1013,18553201,MP,3.3300808296566536e-05,3.3300808296566536e-05,0.363223782419963
2026-08-31,TRN,IT0003242622,27045101W,MP,-0.00036250345312581386,-0.00036250345312581386,0.47502771117745124
2026-08-31,TROW,US74144T1088,01213801,MP,-0.00010752328041585055,-0.00010752328041585055,0.43972880301795003
2026-08-31,TRP,CA87807B1076,01067101C,MP,-0.0002573423467896882,-0.0002573423467896882,0.396969909943416
2026-08-31,TRU,US89400J1079,02463801,MP,0.00012798072008315928,0.00012798072008315928,0.41570228857511493
2026-08-31,TRV,US89417E1091,06268905,MP,0.00029752478318311213,0.00029752478318311213,0.5611867611198631
2026-08-31,TRYG,DK0060636678,27428201W,MP,-0.00013838211649293869,-0.00013838211649293869,0.51972612241079
2026-08-31,TSCO,GB00BLGZ9862,10013101W,MP,0.0003613984642161412,0.0003613984642161412,0.3747683097591125
2026-08-31,TSCO,US8923561067,02973601,MP,-0.00033055241593834194,-0.00033055241593834194,0.3800465381148944
2026-08-31,TSEM,IL0010823792,03125501W,MP,-0.0002097552664246341,-0.0002097552664246341,0.24496952021471796
2026-08-31,TSLA,US88160R1014,18499601,MP,-0.00015943181495625905,-0.00015943181495625905,0.4936288976567156
2026-08-31,TSN,US9024941034,01079301,MP,-4.765303720927518e-05,-4.765303720927518e-05,0.4691370520769585
2026-08-31,TT,IE00BK9ZQ967,00595901,MP,-4.299559970777011e-05,-4.299559970777011e-05,0.3618045981455937
2026-08-31,TTE,FR0000120271,02462502W,MP,0.00015300760001682882,0.00015300760001682882,0.1738437906752809
2026-08-31,TTWO,US8740541094,06463001,MP,1.7453585519033808e-05,1.7453585519033808e-05,0.3386880566454534
2026-08-31,TUB,BE0003823409,10148302W,MP,-0.0003691282235664094,-0.0003691282235664094,0.4307780889293409
2026-08-31,TW,US8926721064,03491901,MP,-2.0355296855234548e-05,-2.0355296855234548e-05,0.5014459602642503
2026-08-31,TWLO,US90138F1021,02736401,MP,-0.00010820026031770897,-0.00010820026031770897,0.3211048287980618
2026-08-31,TXN,US8825081040,01049901,MP,-0.000147651095534556,-0.000147651095534556,0.26558112085298535
2026-08-31,TXT,US8832031012,01051901,MP,0.0004039367787692597,0.0004039367787692597,0.43094481476355206
2026-08-31,U11,SG1M31001969,01567901W,MP,0.00040966609910157107,0.00040966609910157107,0.4092864550410692
2026-08-31,UAL,US9100471096,01079504,MP,0.000190946949835952,0.000190946949835952,0.48068882813259084
2026-08-31,UBER,US90353T1007,03507701,MP,0.00013970287458184595,0.00013970287458184595,0.395609453241225
2026-08-31,UBSG,CH0244767585,14449609W,MP,0.00031036370541015354,0.00031036370541015354,0.3670204360374841
2026-08-31,UCB,BE0003739530,10075101W,MP,7.634267674811087e-05,7.634267674811087e-05,0.4026944366950127
2026-08-31,UCG,IT0005239360,01554901W,MP,5.255310964978112e-06,5.255310964978112e-06,0.38171807355596177
2026-08-31,UHR,CH0012255151,10134703W,MP,-0.00024289365288295163,-0.00024289365288295163,0.4081703941480844
2026-08-31,ULTA,US90384S3031,17870401,MP,4.019389652911833e-05,4.019389652911833e-05,0.3378369314155499
2026-08-31,UMG,NL0015000IY2,35036601W,MP,-0.00016725833400028746,-0.00016725833400028746,0.23236235264586175
2026-08-31,UNH,US91324P1021,01090301,MP,0.0001939128931221985,0.0001939128931221985,0.5524215508898462
2026-08-31,UNI,IT0004810054,01586202W,MP,0.0002699486106102099,0.0002699486106102099,0.4960355180951619
2026-08-31,UNP,US9078181081,01086701,MP,-0.0002982406248594814,-0.0002982406248594814,0.4378537682377083
2026-08-31,UPM,FI0009005987,10171803W,MP,8.826873447599202e-06,8.826873447599202e-06,0.25316303644823307
2026-08-31,UPS,US9113121068,01092001,MP,-8.270527594479273e-05,-8.270527594479273e-05,0.5437636269257488
2026-08-31,URI,US9113631090,06606501,MP,-0.00020313504797754694,-0.00020313504797754694,0.3241009394105594
2026-08-31,URW,FR0013326246,01638302W,MP,1.567148283832141e-05,1.567148283832141e-05,0.23008767500585076
2026-08-31,USB,US9029733048,00472301,MP,-5.251829133835552e-06,-5.251829133835552e-06,0.2420429274778286
2026-08-31,UTHR,US91307C1027,12144001,MP,-0.00011073497909851796,-0.00011073497909851796,0.3696038254600303
2026-08-31,UU.,GB00B39J2M42,10270403W,MP,3.712582366961575e-05,3.712582366961575e-05,0.4787156307881
2026-08-31,V,US92826C8394,17953401,MP,-0.000371534815998875,-0.000371534815998875,0.5034439256671364
2026-08-31,VACN,CH0311864901,32150201W,MP,-0.00011464145908436541,-0.00011464145908436541,0.43701501260150233
2026-08-31,VAR,NO0011202772,35234101W,MP,0.00035526039167563033,0.00035526039167563033,0.3605420020263046
2026-08-31,VCX,AU000000VCX7,27340701W,MP,2.449438202758813e-05,2.449438202758813e-05,0.15771405143822767
2026-08-31,VEEV,US9224751084,01868901,MP,-0.00010906691910830792,-0.00010906691910830792,0.390256449693862
2026-08-31,VER,AT0000746409,10279701W,MP,7.635445496307007e-05,7.635445496307007e-05,0.3933295024527572
2026-08-31,VICI,US9256521090,03258001,MP,0.00012428343217940288,0.00012428343217940288,0.18580121080056733
2026-08-31,VIE,FR0000124141,23861601W,MP,0.00038503375490926635,0.00038503375490926635,0.5872636115626515
2026-08-31,VLO,US91913Y1001,01524701,MP,0.0001913870709352282,0.0001913870709352282,0.32389303328575964
2026-08-31,VLTO,US92338C1036,04319701,MP,-7.382101958562843e-05,-7.382101958562843e-05,0.2204625546128493
2026-08-31,VMC,US9291601097,01122801,MP,-0.0001226555061411182,-0.0001226555061411182,0.41304522897523066
2026-08-31,VNA,DE000A1ML7J1,31568201W,MP,0.00021693468412312545,0.00021693468412312545,0.31443858194677965
2026-08-31,VOD,GB00BH4HKS39,01489401W,MP,0.0001229150960874756,0.0001229150960874756,0.27989528117623386
2026-08-31,VOLV B,SE0000115446,01121704W,MP,3.351545721329847e-05,3.351545721329847e-05,0.31482190011867806
2026-08-31,VOW3,DE0007664039,10073702W,MP,-0.00014529449902773436,-0.00014529449902773436,0.44496184849151854
2026-08-31,VRSK,US92345Y1064,18065201,MP,-0.0002627201736532694,-0.0002627201736532694,0.41475044290349217
2026-08-31,VRSN,US92343E1029,06636801,MP,-0.00012566973552474226,-0.00012566973552474226,0.33623959886833726
2026-08-31,VRT,US92537N1081,03617501,MP,0.00020732730702037753,0.00020732730702037753,0.42152991716027194
2026-08-31,VRTX,US92532F1003,02434401,MP,-8.457433380942077e-05,-8.457433380942077e-05,0.5084072675716673
2026-08-31,VST,US92840M1027,15737302,MP,0.0003632285300394652,0.0003632285300394652,0.5525757981656179
2026-08-31,VTR,US92276F1003,11017901,MP,0.0001464469209146249,0.0001464469209146249,0.1584853676779968
2026-08-31,VWS,DK0061539921,22509401W,MP,0.0002097434822822676,0.0002097434822822676,0.4321239350428725
2026-08-31,VZ,US92343V1044,00213601,MP,-0.00017204033784126894,-0.00017204033784126894,0.1416606678471764
2026-08-31,WAB,US9297401088,06097901,MP,-4.159654172268594e-05,-4.159654172268594e-05,0.35452807609571574
2026-08-31,WAT,US9418481035,06157401,MP,-0.0005512470198263404,-0.0005512470198263404,0.5863952910910941
2026-08-31,WBC,AU000000WBC1,01536201W,MP,-0.00010082689334515439,-0.00010082689334515439,0.47932658049707544
2026-08-31,WBD,US9344231041,16429601,MP,-0.00011815407543676811,-0.00011815407543676811,0.21813967683829125
2026-08-31,WCN,CA94106B1013,11073201C,MP,-0.00029076502000903643,-0.00029076502000903643,0.49653410885694704
2026-08-31,WCP,CA96467A2002,18523001C,MP,-5.7383869185055536e-05,-5.7383869185055536e-05,0.27062027427830004
2026-08-31,WDAY,US98138H1014,01504401,MP,0.000212483229934566,0.000212483229934566,0.31338674622317214
2026-08-31,WDC,US9581021055,01139901,MP,0.0005963973419921085,0.0005963973419921085,0.31369803194849216
2026-08-31,WDS,AU0000224040,10071201W,MP,-0.00014098034022602424,-0.00014098034022602424,0.33100167559274785
2026-08-31,WEC,US92939U1060,01155001,MP,-0.00014020452388139644,-0.00014020452388139644,0.32125596173112064
2026-08-31,WELL,US95040Q1040,00554301,MP,6.039830852325688e-05,6.039830852325688e-05,0.22116684193660946
2026-08-31,WES,AU000000WES1,10160101W,MP,0.00022373143004761302,0.00022373143004761302,0.4086613482975315
2026-08-31,WFC,US9497461015,00800701,MP,7.955224628773824e-07,7.955224628773824e-07,0.2831157145695069
2026-08-31,WKL,NL0000395903,10136102W,MP,0.0002514630772197578,0.0002514630772197578,0.359389162738913
2026-08-31,WM,US94106L1098,01447701,MP,-0.00023029801253103292,-0.00023029801253103292,0.3713334107032672
2026-08-31,WMB,US9694571004,01150601,MP,-0.00018794355515027,-0.00018794355515027,0.2763787584482041
2026-08-31,WMT,US9311421039,01125901,MP,7.534762955828553e-05,7.534762955828553e-05,0.5036743574583855
2026-08-31,WN,CA9611485090,01144301C,MP,0.0004254494968166128,0.0004254494968166128,0.5213471240557516
2026-08-31,WOW,AU000000WOW2,10089402W,MP,5.292233160626377e-05,5.292233160626377e-05,0.5279699286667252
2026-08-31,WPC,US92936U1097,06635401,MP,0.00012140447158473839,0.00012140447158473839,0.1845369199070105
2026-08-31,WPM,CA9628791027,10586101C,MP,0.0002952941679843516,0.0002952941679843516,0.3523941199007937
2026-08-31,WRB,US0844231029,01482201,MP,5.793705661106309e-06,5.793705661106309e-06,0.27149140850820697
2026-08-31,WRT1V,FI0009003727,10155702W,MP,0.00027388701313084814,0.00027388701313084814,0.3831453310001293
2026-08-31,WSM,US9699041011,01151101,MP,-8.51486794952456e-05,-8.51486794952456e-05,0.2695040594842587
2026-08-31,WSO,US9426222009,01131302,MP,-0.00011501015503784615,-0.00011501015503784615,0.3747232679722701
2026-08-31,WSP,CA92938W2022,27784601C,MP,0.00011396602156825739,0.00011396602156825739,0.33160770233055725
2026-08-31,WST,US9553061055,01137601,MP,-0.0005614186643649127,-0.0005614186643649127,0.5439236504970018
2026-08-31,WTC,AU000000WTC3,32150101W,MP,-0.00017312916870293002,-0.00017312916870293002,0.27960152247623743
2026-08-31,WTW,IE00BDB6Q211,14400901,MP,-0.00021668505691577113,-0.00021668505691577113,0.42534911483786336
2026-08-31,WY,US9621661043,01145601,MP,-0.0003188911908010863,-0.0003188911908010863,0.36935332878942284
2026-08-31,X,CA87262K1057,01451701C,MP,-0.00034700282416128583,-0.00034700282416128583,0.5236718498071421
2026-08-31,XEL,US98389B1008,00797701,MP,-0.00010880032421557941,-0.00010880032421557941,0.44071054880105365
2026-08-31,XPO,US9837931008,14499801,MP,-0.00015610911198254545,-0.00015610911198254545,0.4215133677908284
2026-08-31,XRO,NZXROE0001S2,28484402W,MP,-7.887979144669777e-05,-7.887979144669777e-05,0.2971494154792235
2026-08-31,XYL,US98419M1009,18949101,MP,-0.00015524483599221335,-0.00015524483599221335,0.4167122843989155
2026-08-31,XYZ,US8522341036,02636701,MP,1.7490356181883434e-06,1.7490356181883434e-06,0.3786850977032266
2026-08-31,YAR,NO0010208051,26435101W,MP,0.00017174564494321838,0.00017174564494321838,0.34863890850833734
2026-08-31,YUM,US9884981013,06541701,MP,-2.695472193932967e-05,-2.695472193932967e-05,0.3484361686627281
2026-08-31,Z74,SG1T75931496,20809501W,MP,-1.599801892725799e-05,-1.599801892725799e-05,0.22480734372367964
2026-08-31,ZAL,DE000ZAL1111,31843401W,MP,0.00024084534526151312,0.00024084534526151312,0.4833154544388164
2026-08-31,ZBH,US98956P1021,14455901,MP,6.729521538832835e-05,6.729521538832835e-05,0.35388466443966826
2026-08-31,ZM,US98980L1017,03500501,MP,5.855203377745291e-06,5.855203377745291e-06,0.2853806622168471
2026-08-31,ZS,US98980G1022,03303701,MP,-0.00015323505292651955,-0.00015323505292651955,0.19912686021347983
2026-08-31,ZTS,US98978V1035,01372101,MP,6.0640992525666806e-05,6.0640992525666806e-05,0.32058264158168914
2026-08-31,ZURN,CH0011075394,22042601W,MP,-0.0001915583224515301,-0.0001915583224515301,0.6263458621788461
