date,12QTTMCFTrend,12QTrendTTMEPS,14DayRSI,20DStochastic,3YAvgAnnEPSGrw,3YAvgAnnSalesGrw,4WChgFwd12MEPS,50DVolSig,5DMoneyFlowVol,60MAVGTTMEP,60MAVGTTMROA,60MAVGTTMROE,6MAvgChg1MRecC,6MChgTgtPrcGap,6MChgTgtPrcGapEMA,8WChgFwd12MEPS,90DCV,AccrualRatioBS,AccrualRatioCF,Adj50DVolSig,AdjAccruals,AdjAstAdjChg1YFCF,AdjAstAdjChg3YFCF,AdjChgEPS,AdjChgEPStoSales,AdjEPSNumRevFY1C,AdjEPSNumRevFY2C,AdjFCFP,AdjIntCov,AdjInvPEGC,AdjRev3MFY1C,AdjRevMagC,Alpha12M6MPChg,Alpha60M,Amihud,AssetTurn,AstAdjChg1YCF,AstAdjChg1YEPS,AstAdjChg1YFCF,AstAdjChg1YOCF,AstAdjChg3YCF,AstAdjChg3YEPS,AstAdjChg3YFCF,AstAdjChg3YOCF,BVEV,BookLev,BuyBackChg,BuyToSellRecLess3MEMA,BuyToSellRecLess3MSMA,CACL,CFAst,CFEqt,CFIC,CFROIC,CQDOHtoSales,CQDRItoSales,CQPTTMCFtoSales,CapAcqRatio,CapExToSales,CashAdjEV,CashAst,CashBurn,CashCycle,CashEV,CashP,CashRatio,CashToSales,Chg1YAmihud,Chg1YFCF,Chg1YOPM,Chg3YAstTo,Chg3YCF,Chg3YEPS,Chg3YFCF,Chg3YOCF,Chg3YOPM,Chg4QSalesTrend,ChgATO,ChgDeprCapex,ConsQPosChgTTMEPS,ConsQPosChginTTMCF,DA,DIVIDENDGROWTH,DepToCapex,DivP,DivToCF,DivperShareGrowth,EBITEstDisp,EBITMargin,EP,EPSNumRevFY1C,EPSSurpC,ETO,EbitToAst,EbitdaToAst,EstDiffC,FCFEV,FCFEqt,FCFP,FCFSales,FY2OverFY1Growth,FinLev,FwdFCFPC,GPMargin,GrPftToAst,HL1M,IO_BreadthStabBY,IO_Concentration,IO_InvDuration,IO_Level,IO_Level_AM,IO_NAT,IO_TO,IndiDivP,IntCovRatio,InvPEGC,InvPEGYC,InvToAsset,InvToAst,InvToAstChg1Y,InvTurn,LTDA,LTDE,LTGC,LogAssets,LogMktCap,LogTTMSales,NIStab,NetProfitMargin,OCFAst,OCFEqt,OCFIC,OCFRatio,OCFStab,OEA,OEP,OPM,PAYOUTRATIO,PAdjChg1YFCF,PAdjChg1YOCF,PAdjChg3YCF,PAdjChg3YEPS,PAdjChg3YFCF,PAdjChg3YOCF,PAdjChg3YSales,PM5D,PTIToNOA,PrcTo260DL,QuickRatio,RDInt,REToAst,ROA,ROA60MSlope,ROE,ROEStab,ROEStddev20Q,ROIC,RONA,RecTurn,Rev3MFY1C,Rev3MFY2C,RevMagFY1C,SEV,SGAToSales,SP,SUEC,SalesAcc,SalesToEPSChg,SalesToInvCap,ShareChg,SharpeRatio,ShortIntTrdVol,SolvencyRatio,SusGrwRate,TTMEPStoTTMSales,TTMOverheadtoSales,TTMRecInvToSales,TotalAccruals,UnexpectedInvChg,UnexpectedRecChg,VolAdjRtn12M,WCA,WCAccruals,WCTurn,WCapToAst,WCapToSales,YoYChgDA
2018-06-30,,,,,0.010445293822055002,0.01729391490692999,,,,,,,,,,,,0.028134524422649763,,,0.012708185991458747,,0.01108486189595969,,,,,,,,,,,,,0.00635402314653727,,,0.01722392787908679,,,,,0.012290474784160274,,,,,,0.011679000986642422,,,,0.017523774628306215,,,0.0017197212192921448,,,0.05317648797208309,0.021103346420614018,,,,,0.0118419693963695,,,,,0.02307684500522736,,0.012621972530628479,,0.011731593703006577,,0.015717332959464446,0.02149825885160971,,,0.005556521858333649,,0.012468502679705,,,,0.015478411469565915,,,,,0.025302141545472986,,,,,,,0.045799698030161304,0.013520981924426766,,,,,0.015779811664817737,,,,,,,,,,,,0.021587751499178624,,,,,,0.013574743450605461,,,0.05777985893083471,,,,0.005723495886397257,0.04482566129081758,0.008792120838463454,,,,,,,0.013611282028656406,,,,0.018588551987451112,0.010754995826619039,0.018960142238864518,0.007303388219907256,0.008282345602004072,,0.009243796448253192,0.015899810714207485,0.0015611821796670292,,,,,0.007980378231312365,,,,,,,,,,0.015471447970774415,,0.07153547453608738,0.018870757624712724,0.023064022556202168,,0.07139594006464996,,,,,,,,,,0.00856182618945106,,0.06606669630155236,0.009432749688765563,,
2018-07-31,,,,,0.012056750679843856,0.013249839110015536,,,,,,,,,,,,0.009110490416046975,,,0.021737503854665396,,0.011201265737734726,,,,,,,,,,,,,0.009081799162673192,,,0.013266696979243922,,0.01087247908012271,,,0.012898738895757872,,,,,,0.0036647818869290885,,,0.001953434817083654,0.025767720173837973,0.007689923196771088,,,,,0.06187682343828544,0.02590585020712216,,,,,0.0035506611157983966,,,,,0.0048650906278935625,,0.013013382837323294,,0.012332982806736148,,0.01392258460067737,,,,0.004832654992262848,,0.012306399136261864,,,,0.01723119545496963,,,,,0.007342796004453,,,,,,0.06256901960011654,0.06705563239081601,0.017876538642647828,,,,,0.021103232229297955,,,,,,,,,,,,,,,0.024919007809212343,,,0.003077850317400995,,,0.010987377272740524,,,,0.00768937604478105,0.055605200621737044,0.0022553726101291944,,,,,,,0.013551097736101527,,,,0.020466190850707753,0.01122230431382827,0.019687027790443058,0.008891646383837468,0.0020536334804508076,,0.014184881348459981,0.004598622952132424,,,,,,,,,,,,,,,,0.023920980227642344,0.025506616450224277,0.11723842733744494,0.004856320829231109,0.04103501344490857,,0.08451440582073996,,,,,,,,,,0.0025299562961323503,,,0.0028724219863259484,,
2018-08-31,,,,,0.011629897472882593,0.014379676585997229,,,,,,,,,,,,0.009323355238181908,,,0.023455143570528993,,0.011256473462213333,,,,,,,,,,,,,0.008102713646406873,,,0.012973842441585975,,0.010960820470258977,,,0.012929692165998607,,,,,,0.0030156044057523313,,,0.009119541822994662,0.02886639752029343,0.009433633138285278,,,,,0.012509326706136624,0.007175318974844645,,,,,0.0035970972770530338,,,,,0.004901123434058242,,0.012936258921117506,,0.002601381250768795,,0.01691805293667403,,,,0.006651521766755485,,0.015017618545310687,,,,0.019583701029555256,,,,,0.009426027958551774,,,,,,0.07091339294521437,0.09107050552769627,0.01653998814586614,,,,,0.024495633858491885,,,,,,,,0.02939992052950394,,,,,,,,,,,,,0.011867384716581261,,,,0.007718006197694354,0.05638315224067975,0.0022068832740194818,,,,,,,0.0030724786424974337,,,,0.018370636677837997,0.012350898500203981,,0.010163064497096705,0.010403416488880145,,0.002483176398999774,0.022605473817216715,,,,,,,,0.04663917170365158,,,,,,,,0.03202385282387634,0.02621077418306386,0.10388701592996072,0.022899106770615844,0.04899726915933041,,0.01962302146653156,,0.02804479410257371,,,,,,,,0.0022810987361672084,,,0.002585661923542254,,
2018-09-30,,,,,0.0031893428354103086,0.0037116401834144234,,,,,,,,,,,,0.010541422426353099,,,0.004885362988862275,,0.0029485528731476823,,,,,,,,,,,,,0.007074814845243797,,,0.003492665288585764,,0.01479288675035637,0.02014012287781497,,0.0035307724476855012,,,,,,0.0032656421367957948,,,0.007344141695707972,0.03246874030901733,0.011970678496268108,,,,,0.020076744513163013,0.011330222854739322,,,,,,,,,,0.006972224074412653,,0.0034366210893019685,,0.003777879105390611,,0.019297914824387145,,,,0.0017777866676657865,,0.019080765787489185,0.05207733503501275,,,0.0245950206509858,,,,,0.05433064023056531,,,,,,0.06965512125664487,0.02337575547256942,0.013011065476830832,,,,,0.02733948488952637,,,,,,,,0.035363495798620984,,,,,,,,,,,,,,,,,0.007075544070828974,0.05968389363325485,0.002240565168231447,,,,,,,0.021695759422708977,,,,0.005850748233233062,0.0034311344351146433,,0.013398729434756272,0.009174382430502177,,0.0026355679481379814,0.004776243646700234,,,,,,,,0.05038303200757952,,,,,,,,0.038272113093601116,0.028618740281025262,0.09797721480479422,0.02285292587370716,0.06377980939019463,,,,0.04151189752444588,,0.0064479634983963365,,,,,,0.0025071839654449203,,,0.0028316872553729817,,
2018-10-31,,,,,0.004206941419955012,0.005172408132910273,,,,,,,,,,,,0.009086991567204793,,,0.023254075780701978,,0.004117705817059834,,,,,,,,,,,,,0.005896220854615393,,,,,0.004064613911592632,0.02877307281223703,,0.004974094634209721,,,,,,0.0029915389298396855,,,0.005929505857429873,0.022253485168527497,0.0034211610559068883,,,0.0223092862913365,,,0.008636447512543832,,,,,,,,,,0.010050905765444075,,0.004690776065365843,,0.005228563158294005,,0.029959143763826617,,,,0.0023869885818503106,,0.005170070047610653,0.0420098561215136,,,0.0064088971628827335,,,,,0.03817883094775757,,,,,,0.04769622485650846,0.067152730432637,0.010781618656033831,,,0.07060471104769799,,0.019097598073935528,,,,,,,,0.026818792992265222,,,,,,,,,,,,,,,,,0.006134066202235661,0.04069597604902858,0.009964208016538724,,,,,,,0.005682679766314591,,,,0.009082875121467163,0.0048742768786688845,,0.05685505957770566,0.007657943680661376,,0.002490700662697007,0.004478229163903258,,,,,,,,0.0060551654858451145,,,,,,,,0.030061622773597155,0.0420923340478766,0.09608770808487685,0.018645480084139594,0.04335024908478117,,,,0.06022303862268717,,0.009536359361466065,,,,,,0.002203804185388753,,,0.002504965730426253,,
2018-11-30,,,,,0.003948378394129497,0.00519382164317244,,,,,,,,,,,,0.0303455052377108,,,0.017684659067543344,,0.02098908657179974,,,,,,,,,,,0.09693650944200197,,0.005246219248435964,,,,,,,,0.02307656231300316,,,,,,0.0025410938654748683,,,0.0009951104919675503,0.01819045849740941,0.0031509704561597757,,,0.02030319170694813,,,0.007076531679940899,,,,,,,,,,0.009107812348066,,0.02187543930849837,,0.024167774352055908,,0.02218251498915902,,,,0.0020134644671938907,,0.0037965402175053637,0.03744313137406006,,,0.004855906612300832,,,0.08469895310916009,,0.005788726757742885,0.01932228551412081,,,,,0.03887937980208271,0.03938844072361951,0.011026745710873084,,,0.03684225694742121,,0.016023868765787572,,,,,,,,0.01957212955967301,,,,,,,,,,,,,,,,,0.005856388274410595,0.029347149785048293,0.008756814563269604,,0.01113348738558969,,,,,0.02222130643720851,,,,0.00740056162248614,0.021576449370466298,,0.03303999840928241,0.0013184051553368796,,,0.004434805848696574,,,,,,,,,,,,,,,,0.025557238721658368,0.03897194209053807,0.07511153850404528,0.015042106687510392,0.028124852230393373,,,,0.008074357210056109,,0.0075122542080313034,,,,,,0.0018590672489540367,,,0.0019978070720001904,,
2018-12-31,,,,,0.01886539575487487,0.005431354561141774,,,,,,,,,,0.05730038814902592,,0.06004616158195139,,,0.04879239200318768,,0.038675677793962415,,,,,,,,,,,0.06753639359505068,,0.0063097830685045035,,,,,,,,,,,,,,,,,0.008648619324575234,0.012245123267954785,0.003009264825366408,,,0.023850806093095988,,,0.004683708413285187,,,,,,,,,,0.04984209304720894,,0.016717408434481506,,,,0.0028129643934161203,,,0.010373740593679097,0.002573162585829736,,0.002956640680149481,,,,0.023924855545331383,,,0.055524363585860555,,0.004305094150738796,0.022807479020287146,,,,0.025785874462790626,0.03805887035062342,0.022600321230593676,0.01717123257710237,,,0.031969373459479804,,0.0026343800437843815,,,,,,,,0.014468877399279581,,,,0.01442988665135747,,,0.032443181920375944,,,,,,,,,,0.0023894587563974942,0.021605452730275237,0.017590499066916714,,0.023118250163759967,,,,,,,,,0.00329017241427984,0.019529134401798896,0.015600161363265225,0.024812979585614455,0.0022593211048942425,,,,,,,,,,0.002598243799334809,,,,,,,,,0.021887514926262105,0.022968750550244253,,0.0049601705670598625,0.019213159028177773,,,,0.007665191189887025,,0.006116818168099695,,,,,,,,0.03378364184991965,0.0038162117694658993,,
2019-01-31,,,,,0.015645670377924407,0.004209650843125312,,,0.06653576601411616,,,,,,,,,0.06297336017097761,,,0.05769193022904462,,0.024315298543390717,,,,,,,,,,,,,0.006027440773452439,,,,,,,,,,,,,,,,,0.009000598800857412,0.011810454065104802,0.012274553542392303,,,0.02090405567318044,,,0.02691776595738464,,,,,,,,,,0.03749213140078211,,0.014194673475882923,,,,0.003080874567717588,,,0.009589903427270235,0.010631698594629292,,0.014540232348646636,,,,0.0235467599492432,,,0.08020443034217122,,0.004708633940115859,0.004916469756545029,,,,0.037127216850202066,0.04060973756509285,0.03984364648676601,0.016564710705946662,,,,,0.012336778931297665,,,,,,,,0.015742840853825116,,,,0.021361757895455653,,,0.007083188084841059,,,0.011731179884489594,,,,,,,0.009672864714100851,0.022732828691054502,0.014846996046742738,,0.019616418344975788,,,,,,,,,0.014899849536217523,0.017208103755615937,0.013666812858705161,0.024568309094370185,0.010646273793485353,,,,0.013790577251751868,,,,,,0.012594017686929308,,,,,,,,,0.004109142041326869,0.021691962052338223,,0.004717388372655602,0.021656676101267393,,,,0.007069279247312889,,0.005942582382464008,,,,,,,,0.03307793044739786,0.0038785775294163894,,
2019-02-28,,,,0.08205670926388231,0.015615020512006635,,,,0.060654810244737366,,,,,,,0.06607556538913006,,0.018126495538475246,,,0.014763884881812402,,0.033015669373191434,,,,,,,,,,,,,0.011428803186844397,,,,,,,,,,,,,,,,,0.016235933220892177,0.004283417591550369,,,,0.009122885005346046,,0.006289927697390274,0.019833330279100007,,,,,,,,,,0.04434481639622258,,0.014942492047681086,,,,,,,0.011479264102387874,0.012189694598382112,,0.014372369011180537,,,,0.023796064663865815,,,0.05350668283601157,,0.007297559966047083,0.007876053729152498,,,,0.02871814317713093,0.01047366491074246,0.028388596574140484,0.0061780926292810895,,,,,0.004523863174249615,,,,,,,,0.025518396610844044,,,,0.016536271687725326,,,0.06173662328161893,,,0.024483272633392287,,,,,,,0.003958270556036711,0.041280765380423225,0.005585119595311653,,,,0.02031202072943761,,,,,,0.012317538168895727,0.0031908629138166877,0.018017247684263292,0.002947818010027746,0.029962425423649634,0.020212160605997467,,,,,,,,,,0.0045540072895166,,,,,,,,,0.007385879141101881,0.0037617799027461034,,0.00845066201479958,0.00670634061233988,,,,0.03394919724206826,,0.006194372146532206,,,,,,,,0.010793310624265137,0.006555847744355526,,
2019-03-31,,,,0.05548239521135802,0.016951328934569423,,0.016490257234055353,,0.04542740892303607,,,,,,,0.06064071867988558,,0.018505506910326628,,,0.011139867123106047,,0.0341264509443819,,,,,,,,,,,,,0.001774053792083728,,,,,0.017571181810792567,0.017911801845055492,,,,,,,,,,,0.012199385251818901,0.016405812358907878,,,,0.034646762207477366,,0.03246121275862231,0.01737799199341684,,,,,,,,,,,,0.016149897970096836,,,,,,,0.0027714847232079825,0.0027786065464858716,,0.01545621915805072,,,,0.02553452948745695,,,0.013070639327941794,,0.027958629748139535,0.006277991061919701,,,,0.031018486148324097,0.04650669250950054,0.0289624464085083,0.02269756277967517,,,,,0.01623181896122665,,,,,,,,0.02002765111683233,,,,0.0035294687938292563,,,0.04216514633785998,,,0.017868117231132036,,,,,,,0.014619046829391453,0.031198676566025083,0.004578868103408559,,,0.011253839578615164,,,,,,,0.012794369954226668,0.01718698147072795,0.019452255852220705,0.003369682721125693,0.023542883249024673,0.014835623086460012,,,,,,,,,,0.01656469039215859,,,,,,,,,0.005574515202669222,0.004759723485385783,,0.0065225181703307475,,,,,0.036073656335007934,,0.0071697202635512105,,,,,,,,,0.022385424450588706,,
2019-04-30,,,,0.05913232593200199,0.01643549555335484,,0.02171740614507004,,0.009633688787739781,,,,,,,0.09458618387973998,,0.024805407477282354,,,0.010876536969500422,,0.028040587586727752,,,,,,,,,,,,,0.00835029547545594,,,,,0.019509348232232857,0.021660407337713183,,,,,,,,,,,0.011797210852601327,0.003047278551898202,,,,0.03091883084917509,,,0.005495436327163691,,,,,,,,,,,,0.01705608424783963,,,,,,,0.002747708151863616,0.002995443695671893,,0.01624297254010674,,,,0.027830732659409673,,,,,0.026093015024448878,0.0333914104648317,,,,0.011027645928215256,0.05726432371224387,0.054090182487706945,0.020077626397460108,,,,,0.014337430567939544,,,,,,,,0.01929851355351222,,,,0.0058397532869180506,,,0.04497320825668293,,,0.016434219641357207,,,,,,,0.0028202810018338725,0.02957632555849598,0.004709583967032703,,,0.010548139573053708,,,,,,,0.016561447625295978,0.015449329200547892,0.018877779243987446,0.002951894584018508,0.005184282369137491,0.014944570032382174,,,,0.017542962952908647,0.011277669731715631,,,,,0.01556900136402187,,,,,,,,,0.02532841218701417,0.004753640183855949,,0.007514946111720574,,,,,0.03748313544399643,,0.0014248872962077822,,,,,,,,,0.021775000998907546,,
2019-05-31,,,,0.05694839484235238,0.013552314014935306,,0.022041543363657067,,0.010549065200116921,,,,,,,0.09059828127471722,,,,,0.016087849859069085,,0.02181476446391405,,,,,,,,,,,,,0.008629453926096105,,,,,0.013567881071095848,0.015558019537992861,,,,,,,,,,,0.011457110258978208,0.01554665367778447,,,,0.028887654334981062,,,0.0054632604550182715,,,,,,,,,,,,0.013691370713851658,0.024225341969655454,,,,,,0.011593651455729461,0.012766488274893068,,0.013056381040139385,,,,0.021153380178257658,,,,,0.02562251017294198,0.0353130310382173,,,,0.013156496349929757,0.05740843464667703,0.05496814981473706,0.019627825438330058,,,,,0.014140769226899585,,,,,,,,0.019240743578696085,,,,0.006379125829199934,,,0.008144857940510014,,,0.016698255411843884,,,,,,,0.014495404740761667,0.02990037632140564,0.02706028776401339,,,0.01054373337860815,,,,,,,0.013470512231459078,0.01244844628604804,0.01587239397869788,0.012517375329455405,0.005941864777080051,0.01459035866106704,,,,0.016827925310937197,0.011265178654500463,,,,,0.014954390287977506,,,,,,,,,0.024842400890615172,0.003959304947305769,,0.038507262439850996,,,,,0.024491651785688653,,0.006276005607252698,,,,,,,,,0.004146067246056975,,
2019-06-30,,,,,0.012047643262694236,,0.024844261753987348,,,,,,,,,0.08121286616239927,,,,,0.04180195701082552,,0.033222967056428326,,,,,,,,,,,,,0.007698637236560598,,,,,0.01470231968102696,0.019707827585789872,,,,,,,,,,,0.008812617818334296,0.020055674716912022,,,,0.02011575247565351,,,0.00466278351364134,,,,,,,,,,,0.009404312216361711,,,,,,,,0.009657637553439855,0.0145626566802148,,0.009216384352757049,,,,0.026840836747113034,,,,,,0.012035344216344326,,,,0.005948433394605528,0.025724600036323535,0.00720646443799363,0.01235961770963451,,,0.061894649938726204,,0.01847636205410918,,,,,,,,0.026743917728678242,0.021278324348793516,,,0.019756006766902517,0.07457947246425804,,0.020010133041422802,,,0.017338200146502353,,,,,,,0.010029228754431081,0.030485530517257182,0.01733765997939021,,,0.007282119033000863,,,,,,0.011107623965047204,0.012150169774546629,0.012844952271958542,0.015322277857535907,0.013283495323854567,,0.010313941526015108,,,,0.01223612805721797,0.0134271844322974,,,,,0.020045348211844036,,,,,,,,,0.028872645537112097,0.02450623262578968,,0.01499923650405497,0.04685415118656183,,,,0.0078047777457900015,,0.006146297073444482,,,,,,,,,0.0030323375144159946,,
2019-07-31,,,,0.06900850908392837,0.01394886941482353,,0.020485845130872524,,,,,,,,,0.06524333570480044,,,,,0.05433824090458307,,0.006970159470993636,,,,,,,,,,,,,0.011073825310528173,,,,,0.017597053773605157,0.02316832804204103,,,,,,,,,,,0.013134591709552994,0.016397063223549363,,,,0.01703414003941687,,,0.004348812300905986,,,,,,,,,,,0.011449478939857113,,,,,,,,,0.016458724230579425,,,,,,0.030156551911942026,,,,,,0.01827476978266327,,,,0.006358843969702292,0.031035819171232798,0.007110922363477092,0.018236097542814366,,,0.0651469400898953,,0.015061278387107649,,,,,,,,0.01987315779138405,0.027182965494137065,,,0.023103645824480434,0.02066235497890266,,0.027285928796052475,,,0.002762716586417594,,,,,,,0.0029541983766452813,0.025347941450009077,0.00517391570013673,,,0.010645940315544522,,,,,,0.013488735511997476,0.014517472598805597,0.01494003601642443,0.0185986036909289,0.01574295065459169,,0.015063921480660563,,,,0.01835349634510686,0.010889257659319805,,,,,0.016608130728159635,,,,,,,,,0.023227116850157353,0.005857936763230513,,0.02213301395499659,0.0387521510537018,,,,0.03965728114173267,,0.00746499259143578,,,,,,0.003728681365497269,,,0.003945255780670748,,
2019-08-31,,,,0.06809478196049758,0.015009400308984702,0.026400172861664038,0.021627614093340443,,,,,,,,,0.06816976460299652,,,,,0.03719685568029834,,0.007504171163274403,,,,,,,,,,,,,0.007516921900536588,,,,,0.0192197019485968,0.02522156552691563,,,,,,,,,,,0.008890792652948636,0.015555483158678423,,,,0.01599567928913877,,,0.004858512390659553,,,,,,,,,,,0.012627631320013962,,,,,,,,,,,,,,,0.0065882051742692975,,,,,,0.012368254259867326,,,,0.007068894278611943,0.0320158896146873,0.008217105573086116,0.012300682151032482,,,0.07121235072527905,,0.014012480037182272,,,,,0.012328348019202117,,,,0.029487138366900156,,,0.0050768069497391,0.0742976286740241,,0.019738832323207063,,,0.002621015046174512,,,,,,,0.002058042894562347,0.0239234806827164,0.0036404460829086464,,,0.007275437409543491,,,,,,,0.00322334558795196,0.016190441189600183,0.02032478509198589,0.016993675238505868,,0.010424196632748685,,,,0.01272346441213863,0.010307281191679155,,0.013876271317818722,,,0.015718743073317516,,,,,,,,,0.022108735331354087,0.03166029575751847,,0.015460915733922049,0.03769979221811692,,,,0.041222341013139985,,0.00782618385699051,,,,,,0.0127313275685702,,,0.013388117663103102,,
2019-09-30,,,,0.06277139648259249,0.013755432918047927,0.021243797509225223,0.016036861021381178,,,,,,,,,0.05775423557819199,,,,,0.009924091410406776,,0.005277993599734862,,,,,,,,,,,,,0.009881280378264004,,,,,0.016165333233354,0.020483812281732145,,,,,,,,,,,0.013252720871338875,0.015242094624239564,,,,0.01621575317022629,,,0.0034418205335166835,,,,,,,,,,,0.011346328883469361,,,0.02390522288291745,,,,,,,,,,,,0.03287197717394519,,,,,,0.0129617673440875,,,,,0.03388411237721407,0.007012046689448276,0.017964124877536274,,,0.012502637464541543,,0.013390736344849443,,,,,0.011618660617566917,,,,0.0254678348693535,,,0.006381400735164645,0.019294386804298045,,0.004920029091143147,,,,,,,,,,0.014669094738015042,0.024496217782261156,0.021932238543166095,,,0.01091575428273757,,,,,,,,0.012616464630385646,0.01630340924282631,0.013519441387444344,,0.014955288276028648,,,,0.016037077088198466,0.010567848522680879,,0.013954228359790778,,,0.016114918884416643,,,,,,,,,0.023581059327055325,0.026483727027540243,,0.015970446552094602,0.02983188538972978,,0.0891284934540418,,0.02918004346693463,,0.0068470112222455285,,,,,,0.014172738967288726,,0.04912277228411674,0.014631950803213655,,
2019-10-31,,,,0.07237132163238978,0.003583862346927164,0.027678056719826784,0.02055720875252816,,,,,,,,,0.07437955120129701,,,,,0.009739650776224238,,,,,,,0.020852758394657014,,,,,,,,0.011784024044276179,,,,,0.004546438978852293,,,,,,,,,,,,0.0027938514126036843,0.017922709432345234,,,,0.01956505960095896,,,,,,,,,,,,,,0.014221752592241487,,,0.029555411247738122,,,,,0.014589451796913585,,,,,,,0.008134871092992688,,,,,,0.015165350033542142,,0.01652048589738033,,,0.007242105705369476,0.008122065407114677,0.0204888589862309,,,0.014078232052856387,,0.015812447883652443,,,,,0.013021399752102782,,,,0.03190476938727384,,,0.006224815499961954,0.02121161934776676,,0.006195140767661511,,,,,,,,,,0.017441146725458902,0.02580860167028761,0.02563839687550056,,,0.011825709112946283,,,,,,,,0.0034687403950370995,0.02028660551781228,0.018322833564983067,,0.003412036352307958,,,,0.01932051291020635,0.002273265357064655,,0.0031296972885615114,,,0.018449877144764256,,,,,,,,,0.027247478337864513,0.03144614888154525,,0.01991322710786861,0.03418803342387205,,0.12083550247682268,0.012217422471099438,0.007750442540289556,,0.008995073251242684,,,,,,0.01909512352552725,,,0.020670854325251814,,
2019-11-30,,,,0.04031102968261128,,0.008404928907119974,0.003936076403890951,,,,,,,,,0.04734751794827401,,,,,0.0026887344685693976,,,,,,,0.018179667499835652,,,,,,,,0.008968415367319195,,,,,0.00729033419464285,,,,,,,,,,,,0.0019950598270437503,0.021789807090647047,0.02049797145365601,,,,,,,,,,,,,,,,,0.020851266797763834,,,,,,,,0.016622555812292127,,,,,,,0.011230325878505303,,,,,,0.012837626537900453,,0.019358027072876243,,,0.0066179300286807454,0.009728003896176684,0.0030924916620339985,,,0.010845429829185054,,0.020652129548937366,0.038028041479628065,,,,0.002007660155391618,,,,0.023407257303117702,,,0.007008030308372249,0.009219490611733371,,,,,,,0.076996428155228,,,,,0.015973574873952113,0.02705913131973379,0.018405202154825835,,,0.0016565602877640067,,,,,,,,0.006424913431608014,0.005308251648746317,0.02367997648343523,,0.0031418354586776947,,,,0.017141229825681465,0.002412923064577895,,,,,0.004639005597528114,,,,,,,,,0.004599239056257144,0.0397279249130401,0.08635364181332335,0.020307778626534177,0.02284938764917636,0.048377225404908485,0.12131322510763591,0.0028698457367421055,0.0077553272423049316,,0.0018360012289555328,,,,,,0.022288204349626407,,,0.02596735680353205,,
2019-12-31,,,,0.03268437018666055,0.03541364446167489,0.027657450525323098,0.0037597088747998576,,,,,,,,,0.04880846188935316,,,,,0.004949644569320876,,,,,,,0.0291727421246159,,,,,0.08299547258971951,,,0.016357833174899243,,,,,,,,,,,0.007787170655853361,,,,,,0.003169886235409718,0.004297289441129031,0.0036718106520597675,,,0.005557998432079596,,,,,,,,,,,0.007643195639432127,,,0.0063942646191732615,,,,,,,,0.0033731371384884902,,,,,,,,,,,,,0.029577848809586065,,0.018419568970107707,,0.009120509767577487,0.006932733900050535,0.004490002429498076,0.005534053663529489,,,0.10701004935325835,,0.018409033849365646,0.03279318963927597,,,,,,,0.0024442572097281745,0.018187788863201885,,,,0.02356741713992058,,,,,,,,,,,0.00408599610212663,0.00349469708365619,0.0065776685729438894,0.0039141158679901885,,,0.0026293920264672537,,,,,,,,0.004518545137502175,,0.020905373177505966,,0.004444149694825628,,,,0.004392710421807064,0.0022934004181174705,,0.003897539025003258,,,0.004233064506414268,,,,,,,,,0.024276878173216835,,,0.031905959619328066,0.03743682722839693,,0.0990828403814237,,0.03705187436351678,0.02935700429212095,0.0017962328478323593,,,,,,0.034610769913467884,,,0.03891442634124412,,
2020-01-31,,,,0.03029350324308625,0.032199097347801985,0.026125864341092632,0.003510751682747317,,,,,,,,,0.00833048614913054,0.049997652281205514,,,,0.005219017850185015,,,,,,,,,,,,0.07966829440963304,,,0.0035144455410710037,,,,,,0.0324190757495807,,,,,0.008416331742535936,,,0.022035696579545926,,,0.00362760985358722,0.004954697316037595,0.019306219098908433,0.04441271917237844,,0.006561605082094334,,,,,,,,,,,0.007778953170946956,,,,,,,,,,,,,,,,,,,,,,,,0.03067299299451038,,,,0.011265905137086083,0.006903912709417648,0.005400480008216222,0.00616226931139542,,,0.08504164592138265,,0.01980977964916813,0.03197206324588832,,,,,,,0.002935008740343421,0.004407243996571166,,,,0.020107927683355373,,,,,,,,,,,0.004979175268340516,0.004231997485675739,0.007716046984883691,0.004317162747910521,,,,,,0.028884574175985122,,,,,0.004802132236119808,,0.022999235506950853,,,,,0.006061951430206617,0.005246475103534889,0.0024748452628283605,,0.0043975959599359985,,,0.004567972584875029,,,,,,,,,0.0045636871038598524,,,0.03711460321119584,0.00899409169689433,,0.1051446171057784,,0.03179674362616757,0.04539288034582463,0.0019336545058744668,,,,,,0.02421136492952758,,,0.027117942718726633,,
2020-02-29,,,,0.030568972354511968,0.024747878413900703,0.018094085230642577,0.013432918171183222,,,,,,,,,0.0337848180418914,,,,,0.0033078841068521075,,,,,,,,,,,,0.10759802206488452,,,0.009888571727334056,,,,,,0.021031562324625518,,,,,0.0075888675946754365,,,0.019553482612172594,,,0.01149868783569593,0.0035815045849132187,0.017311707209552378,,,0.024749383431187412,,,,,,,,0.0167339835997775,,,0.02893260878192276,,,,,,,,,,,,,,,,,,,,,,,,0.019057845774458793,,,,0.018027385770221997,0.005368354286520323,0.022629965188918726,0.017089126701247813,0.03397551565304667,,,,0.013797266465018542,0.0322763772133823,,,,,,,0.0025920092699490867,0.021501708863368236,,,,0.013532058390977564,,,,,,,,,,,0.012592437728393744,0.0019404614656134684,0.006429153055071407,,,0.019832525483115853,,,,0.025112282587090726,,,,0.027082326001008204,0.013984790128826589,,0.01542818645713694,,,,,0.0179051738961927,0.012279112873339205,0.009557222986419546,,0.018196322098010136,,,0.016319517112707613,,,,,,,,,0.015629138861203085,,,0.017909472881214642,0.009985329623972826,,0.07699601383587118,,0.02618706423283406,0.02107340478542833,0.007470338635782461,,,,,,0.016648329862241115,,,0.01918884374569281,,
2020-03-31,,,,0.036862996342396974,,0.020226918636569467,0.017763982013371347,,,,,,,,0.031005588157932366,0.05511107052821156,,,,,0.005204189691139189,,,,,,,,,,,,,,0.014431614768130957,0.011611328733326914,,,,,0.022667725172229165,0.019039890245308378,,0.017014161152399673,,,0.044463505151405465,,,0.02107465689269368,,,,0.004777232297347034,0.017527748311474585,,,0.0065867031610703595,,,0.020967245594992256,,,,,0.01934202060884425,,,0.03763457476186846,,,,,,0.02927670137885651,,,,,,,,,,,,,,,,,0.01706662814219702,0.003808633513905104,,,,0.028319556932029137,0.006683402386266654,0.00601482917729247,0.02019746462813204,0.0361763210161143,,,,0.0178070109799756,0.00789451058892197,,,,,,,0.0042553600924535116,,,,,,,0.022626348371911135,,,,,,,,,0.01540369669808386,0.012572820594034827,0.007911979406864828,,,0.020241093366488445,,,,0.026190726702395684,,,,0.005490131339641116,0.01750390272771338,,0.003837033032332625,,,,,0.01524574252306949,0.016116522631554116,,,,,,0.02060474131281461,,,,,,,,,0.020248514144937488,,,0.00402226494770701,0.014482416553125732,,0.09048967276221535,,0.023635225926329804,0.02540250741076964,,,,,,,0.017897386524741547,,,0.019263701966412805,,
2020-04-30,0.01522149984223674,,,0.03067067826563936,,0.02308088124109261,,,,,,,,,0.02667279705442917,0.023462462749818846,,,,,,,,,,,,,,,,,,,0.015554794135146228,0.012166180464409208,,,,,0.016093821322724418,0.013287498501106073,,0.012352788648832637,,,0.03228802804929191,,,,,,0.014155153123885492,0.0234764102375536,0.013587505460507573,,,0.02980114702775674,,,0.011293127895655522,,,,,0.012478193103858032,,,0.03919549527289596,,,0.01753623705114391,,,0.026450438188136482,,,,,,,,,,,,,,,,,0.015780055002759797,0.02438791059851842,,,,0.030211336905088496,0.03333112429813873,0.028129350260400324,0.025175045860515,,,,,0.017776974638253753,0.03214422810964198,,,,,,,0.017591490560246982,,,,,,,0.02920622930639529,,,,,,,,,0.014143678297738329,0.008934462992171344,0.013038744088781168,,,0.023156307198401796,,,,0.02366258349430795,,,,0.01854171717888986,0.015472540651622865,,0.01919074101987193,,,,,0.014978364099349856,0.010754531910455884,,,0.01915578661885291,,,0.018308191754241154,,,,,,,,,0.022500553620081895,,,0.01649474081457862,0.011606246015068364,,0.023490957497063276,,0.020015308001088285,0.018522600850548274,,,,,,,0.012057293016259874,,,0.013415767704547074,,
2020-05-31,0.010670393700399253,,,0.022756135080588918,,0.016454253338065813,,,,,,,,,0.024991365137979685,0.08542846139267624,,,,,,,,,,,,,,,,,,,0.01751718110520524,0.014660147011903978,,,,,0.013103974976994108,0.010945860291390745,0.012970350676695653,0.009794561187832354,,,0.02819149008570635,,,,,,0.01619017868480171,0.020512944077834046,0.010622244323314054,,,0.024802379298581565,,,,,,,,0.013813194812362458,,,0.037719089520294645,,,0.01662645860732232,0.017995169377888007,,0.015800207845959716,,,,,,,,,,,,,,,,,0.01491563673367927,0.006310800087493472,,,,0.028724940480326797,0.02511409482680536,0.005501199045450799,0.026093546288975727,,,,0.021192977195050113,0.015787838019529432,0.023397732515168503,,,,,,,0.020651051765004615,,,,,,,0.02973372674093874,,,,,,,,,0.01506622786863417,0.00944134871967074,0.042864479104585726,,,0.022360982362944176,,,,0.020937209939147713,,,,0.015905443571551964,0.01263936701573461,0.014397693791241527,0.01653391122048073,,,,,0.01455831620164294,,,,0.018410701296101,,,0.016196245320049932,,,,,,,,,0.01978505774411137,,,0.021828725923863833,,,0.024229323480171466,,0.01782104930941898,0.020758347576130952,,,,,,,,,,0.017275985322298487,,
2020-06-30,0.00864815253159897,,,,,0.009322932063830013,,,,,,,0.04320985485546641,,0.029414424905574516,0.0660395701987076,,,,,,,0.009362572878209751,,0.011717676277831428,,,0.0085921483794537,,,,,,,,0.012018207555780898,,,,,0.009599826374648627,0.009070287530401204,0.010873225603646055,0.008969734493869118,,,0.024660356538009857,0.03334691029363194,0.037237402346467524,,,,0.014802019228988479,0.013761441332262243,0.009046322737721487,,,0.02224690670994921,,,,,,,,,,,,,,0.013492306801196754,0.011699175554740236,,0.011518763469447836,,,,,,,,,,0.004759291224604449,,0.04356687177933604,,,,,,0.042214520609773154,0.01093206097644057,,,0.02806666329369567,0.023990359347237325,0.025693886185435607,0.021879002625096143,0.017937746040961558,,,0.013880281819014247,0.011060204444464051,,,,,,,,,0.021195965055530612,,,,,,0.007297482864957865,,,,,,,,,,,0.05066541622453931,,,0.018497677666349577,,,,0.019516650741818853,,,,0.01253565038233346,0.012834936481990813,,0.03159368808245877,,,,,,,,,,,,0.013408258663462659,,,,,,,,0.02235406096094243,0.02077760936376609,,,0.022441048352745276,,,0.023247108047455937,,0.019927846425573055,0.010654966431266828,,,,,,,,,0.02042052724731572,,,
2020-07-31,0.009675074389965727,,,,,0.010363841385815312,,,,,,,0.05431868742575177,,0.029917980524044454,0.05882738349813434,,,,,,,0.010398257477000352,,0.012752920120912668,,,0.007757980112399914,,,,,,,,0.013579970810956275,,,,,0.010552726624696154,0.009708509798571944,0.011826595110366022,0.009830737493089879,,,,0.04202908999758019,0.04763254075228552,,,,0.01560582073760415,0.014658988005893502,0.01032173350221004,,,0.004753056932186009,,,,,,,,,,,,,,0.015414795319648155,0.012258700804664957,,0.0131046219509404,,,,,,,,,,0.005818077281465935,,0.03913069893401061,,0.014924590003319466,,,0.015519904375532323,0.0418767070122553,0.011545978331804452,,,0.03568952194914062,0.02555130740564126,0.005386333405953204,0.02360503712286358,0.020849609648985253,,,0.015065508408829245,0.011980561343918839,,,,,,,,,0.02374259531684022,,,,,,0.008283049020368652,,,,,,,,,,,0.04919535576484079,,,,,,,0.01813115008990638,,,,,0.014546167599816874,,0.03293989288906643,,,,,,,,,,,,0.015035775007108901,0.023988160842280608,,,,,,,0.02094648581408424,0.023082265321809056,,,0.005493386597529011,,,0.0210551804615434,,0.01907807595386573,0.011339303902099194,,,,,,,,,0.02090930742040272,,,
2020-08-31,0.008401733699881187,,,,,0.0092058096593325,,,,,,,0.029565292908201587,,,0.032037864900570014,,,,,,,0.010365214046787358,,0.04545370795214931,,,,,,,,,,,0.013871379924496418,0.028039233347756858,0.01810508567359755,,,0.009559412346630596,0.00925312922733204,0.010866427634706502,0.008439216638991925,,,,0.03706652244199279,0.041206802568391765,,0.008353541482642033,,0.011918945994485728,0.013075883308476617,0.011532747017554227,,,0.017415465531597302,,,,,,,,,,,,,,0.013914382812425933,0.011897370044716096,,0.011080029258029107,,,,,,,,,,0.00796733319248492,,,,0.012117114671650756,,,0.011254226623797724,0.0425459438282078,0.008848849554202166,,,0.11669049240846628,0.020446778906475036,0.02169777607383209,0.019681611740975283,0.021627489160156853,,,0.01176722889269343,0.010478579285519547,,,,,,,,,0.008192251316245684,,,,,,0.035743504238352,,,,,,,,,,,0.039690300240067554,,0.011372191664658469,,,,,0.018467468870000323,,,,,0.012229339971568338,,0.03167786030198792,,,,,,,,,,,,0.01099745074919439,0.014855857720617429,,,,,,,,0.020033126403091718,,,0.03164990199870807,,,,,0.014801812141082678,0.0026446764435119423,0.009003726633443782,,,,,,,,0.02289190854826238,,,
2020-09-30,0.009711293363454708,,,,,0.009567300650949441,,0.11521709544037936,,,,,0.03873540405146893,,,0.04399031337178325,,,,,,,0.011254046881163748,,0.054269644579682974,,,,,,,,,,,0.020973317022354887,0.023285530171426275,0.0032495853487694887,,,0.009914910277648728,0.009090463499629699,0.011194392877153037,0.008734570690071355,,,,0.04610676251849642,0.0490733378002078,,0.011469943283326811,0.020210930785844638,0.016660606248081293,0.003773550914144107,0.01224496104773423,,,0.00472550692665823,,,,,,,,,,,,,,0.015011499419176727,0.002414644195300541,,0.011431202127427204,,,,,0.002538497988743038,,,,,0.0023939720940715004,,,,0.0031474709522111345,,,0.01550403214961989,0.01157307794375093,0.012160215351280442,0.012629883181524287,,,0.03101475864580948,,0.02718852421136375,0.022248379564983878,,,0.015618605313740314,0.014262612703190654,,,,,,,,,,,,,,,,,,,,,,,,,,0.05042640419527025,,,,,,,0.005378209442494208,,,,0.01517974749646514,0.013273504371066282,,0.035526312374828534,,,,,,,,,,,,0.014344010295037032,0.019873400863224908,,,,,,,,0.025119736428041092,,,0.054293337425639174,,,,,0.014308895709190627,0.003775737193856457,0.009820366136528855,,,,,,,,0.006089494475734267,,,
2020-10-31,0.008263089594039912,,,,,0.008393305252200953,,0.0963283169527835,,,,,0.03347119275934481,,,0.03824600158520227,,,,,,,0.010194053749998381,,0.04544068817912699,,,,,,,,,,,0.017400095028615337,0.020813684658540506,0.014515487301441529,,,0.008697817928091033,0.008119141584682427,0.009583648178179352,0.007552328893746923,,,,0.03927450207009117,0.04088897581067245,,0.00994564394532389,0.018627404941100382,0.014787005081557607,0.016213128146929046,0.010442046322164496,,,0.020330169923331393,,,,,,,,,,,,,,0.01332879422858886,0.01057038909065066,,0.009663578937177987,,,,,0.011515395576413588,,,,,0.002062987744045592,,,,0.002756194411003471,,,0.013221709828933488,0.0489228883422934,0.010487567506415418,0.010898343155460002,,,0.025986326543779813,,0.023295262546429024,0.020325040198652517,,,0.013757445682914187,0.012290199138435917,,,,,,,,,,,,,,,,,,,,,,,,,,0.04245007359250359,,,,,,,0.021617520338829826,,,,0.013211490426445961,0.011577564151484207,,0.0314866524102851,,,,,,,0.009650180930781781,,,,,0.01245429910541895,0.016928670722923502,,,,,,,,0.020424689850284748,,,0.04430871030687053,,,,,0.012936877861451904,,0.008809698638947604,,,,,,,,0.02753372084541398,,,
2020-11-30,0.014837396192947439,,,,,0.015326134717779842,,0.17259929913469313,,,,,0.011026598410433174,,,0.05977215189698942,,,,,,,0.0036120158283783513,,0.014707347241161883,,,,,,,,,,,0.029751177600108297,0.007314920357289535,0.005143325727960787,,,0.0031610985457794878,0.0029452915494768738,0.0034505249611053155,0.002769609188944016,,,,0.06837221916418319,0.07059012287678083,,0.003322597329294334,0.029303043807828392,0.004850793584708185,0.005467040879027538,0.0035859131851614157,,,0.0067478701775160604,,,,,,,,,,,,,,0.024203177316084717,0.0038250987061755853,,0.0034854898370291123,,,,,,,,,,0.003489953898918313,,,,0.004517799666916955,,,0.004385331604766366,0.014921809407679277,0.0034944647597664525,0.0036555542270135673,,,0.00829621024153931,,0.00756021954528783,0.03845984452907141,,,0.004614349877328148,0.020326034907940452,,,,,,,,,,,,,,,,,,,0.024042729064424253,,,,,,,0.013288750189461278,,,,,,,0.03600782867513757,,,,0.023878883348043233,0.021228024538345408,,0.05208697121509378,,,,,,,0.003223694132420289,,,,,0.004200574902812253,0.027720860878742665,,,,,,,,0.006575894480795651,,,0.07464286615473344,,,,,0.004531572530683386,,0.016154760344375296,,,,,,,,0.008524758661866574,,,
2020-12-31,0.002717497597224571,,,,,0.0021120424991075797,0.04232132556104613,0.1393137938517571,,,,0.0031179646507182657,0.006642856706416128,,,0.03749707863625254,,,,0.08710670699081144,,,0.0032094621987983443,,0.009811963303468507,,,,,,,,,,,,,0.004377807230609273,,,0.0025267159463109993,0.003060065261014588,0.0033277341051557575,0.0024374656794700425,,,,0.05051871461740876,0.043378041344368706,0.022290725800177297,,0.00283187843809626,0.00291565043304794,0.0031891074466466906,0.004947843201993961,,,,,,,,,,,0.025479868404249092,,,,,,,0.003405686731345459,,,,0.012775094421196478,,,0.006717449586617377,,,,0.04045732079152558,0.06811960382142594,,,,,,,0.002639018075319564,0.007545424177291997,0.002412355827365365,,,0.009246019097572456,0.003918681061066764,,,0.07830976974941062,,,0.0032308160271826,0.0027465015416131603,,,,,,,,,,,,,,,,,,,0.015720094552118306,,,0.014800942555479623,,,,,,,,,,,0.022797866302203408,,,,,0.003986445950217611,,,,,,,0.018580621867892666,,,,,,,,,,,,,0.08606544371072945,0.002873946043463368,,0.004225199325609527,,,0.00913883691411386,,,,,0.004426829254058781,,0.017282397391504764,,,,,,0.023737276426282365,,0.006313299851051657,0.02339474904219131,,
2021-01-31,,,,,,0.0022060042235320216,0.04135449664920522,0.12367009180020808,,,,0.0030979398631422964,0.006891686727327927,,,0.03622777022857321,,,,0.08411836762385998,,,0.003189150578879498,,0.009865949966372791,,,,,,,,,,,,,,,,0.0025499333045491766,0.003082371640519614,0.003328894847382693,0.002479805405808668,,,,0.050176379883090816,0.043667980398577444,0.02137774826059222,,0.0027991154376419873,0.003093585696818109,0.003260477788391403,0.0050194999817280315,,,,,,0.01699869513195276,,,,,0.023424426690772278,,,,,,,,,,,0.012407381459076201,,,0.006696358094936587,,,,0.04277398513887713,0.05861998219918739,,,,,,,0.0026823275745217075,0.00792629913770615,0.002381601620955004,,,0.008471299852374065,0.003592993975719503,,,0.08709696849825159,,,0.0032677276697347826,0.0027049002749635898,,,,,,,,,,,,,,,,,,,0.015819111637403106,,,0.0029362382656530146,,,,,,,,,,,0.023263937442571807,,,,,0.004027924457703235,,,,,,0.01932423392199667,0.017683653155185185,,,0.0034701944247488136,,,,,,,,,,0.08193568255589177,0.0030133247745711064,,0.004510755658697059,,,0.008337733279987637,,,,,0.004434504080554783,,0.003462903565207848,,,,,,0.02216927381193789,,0.03299558509164697,0.02211274625101326,,
2021-02-28,,0.028064667626043285,,,,0.0019490406594198785,0.04386158492282214,0.12071487126018193,,,,0.0029007360761979556,0.006497004838345915,,,0.036523265606471046,,,,0.07942934705074506,,,0.0028404517959595157,,0.008990891697507768,,,,,,,,,,,0.0036805590470209925,,,,,0.002244054677414932,0.0026841064771086325,0.0029827204062685933,0.0021908063067255226,,,,0.009151435884382319,0.03924631138073407,0.01910581342659788,,0.0030507728484645384,0.002971885631760366,0.003114841558161595,0.00474691785680061,,,,,,0.017958416510527608,,,,,0.019896534269036523,,,,,0.1277067124855695,,,,,,0.0020164671364011387,,,0.005246603175053359,,,,0.03626540099997374,0.057590107327982906,,,,,,,0.002607401349298649,0.007041110520191179,,,,0.010133931886370608,,,,0.060552037353786524,,,0.003013484786312026,0.0025537923239253835,,,,,,,,,,,,,,,,,,,0.0028279455301824675,,,0.00278580085340726,,,,,,,,,,,0.021051804586520145,,,,,,,,,,,0.00345509445591514,0.01693985317750847,,,0.0030357229077868264,,,,,,,,,,0.07769763087350293,0.0029375759393405116,,0.004326157473818067,,,0.007994408161118356,,,,,0.0035640133345929614,,0.0032114294925452242,,,,,,0.019642894141934878,,0.03181946053630715,0.019186121375955954,,
2021-03-31,,0.02236397498802728,,,,0.0019849743111741815,0.006201324336843829,0.01564628026182034,,,,0.002919287102336489,0.006570027948398255,,,0.005310934346826345,,,,0.06313131564423774,,,0.00291432711128024,,0.007070260846323132,,,,,,,,,,0.019776915551188552,0.0030543873121839015,,,,,,0.0026493155551576613,,,,,,0.007346793328017006,0.00666938981964646,0.0033736116194457134,,,,0.003093912873921678,0.026080931703048434,,,,,0.07113244920906411,0.013573837068326895,,0.006395126505339067,,,0.0035816183194322727,,,,,0.09189785002285403,,,,,,0.0020046599086869627,,,,,,,0.03630049047668888,0.05461962360840464,,,,,,,0.002526235925428167,0.005055662096242089,,,,0.042952115318745716,,,,0.054549573251687404,,,0.0031162518093716986,0.0023296039333729783,,,,,,,0.06025480302234525,,,,,,,,,,,,0.0027247734034151192,,,0.0028702965095505676,,,,,,,,,,,0.018463503027707016,,,,,,,,,,,0.003053763326077215,0.014636611136558232,,,0.014851170156326275,,,,,,,,,,0.05620971902217144,0.002760341775649445,,0.0222656534040644,,,0.0059167023875041636,0.14352525349609044,,,,0.0031906602899489933,,0.002777605934539263,,0.020555434145502583,,,,0.0032969637738034514,,0.023230816487436443,0.0032228665877875894,,
2021-04-30,,,,,,0.0021666551212160693,0.004990624669121466,0.06408939432989608,,,,0.0031643909950395273,0.007152603852577647,,0.03567270518863092,0.00476669467802436,,,,0.0557576820954216,0.11026332393901123,,0.004241113965274317,,0.007624589280113893,,,,,,,0.01592448334487315,,,0.013898618351032921,0.013871704991597528,,,,,,0.0028256959871071877,,,,,,0.009079008253266003,0.04076508010742623,0.004886301175205116,,,,0.0028536936388369486,0.027702090926349923,,,,0.01590768787376588,0.08157421549738869,,,0.006797018378636577,,,,,,,,0.019506964596369733,,,,,,0.0018576236682486648,,,,,,,0.025477302883560825,0.04090617175048195,0.018110122312389697,,,,,,0.011205162717339475,0.01865923009573483,,,,0.03402481931976727,,,,0.010075504769588297,,,,0.0028173536652460716,,,0.014720348463054252,0.011625991062132749,,,0.03325082693969761,,,,,,,,,,,,0.0032785283004670702,,,,,,,,,,,,,,0.0040515940145862085,,,,,,,,,,,,,,,0.003303543158857095,,,,,,0.004332101851406206,,,,0.011700398147008217,0.0025006544007840498,,0.01810942382046719,,,0.030188554532405723,0.10377615564587524,,,,0.0035453899334277313,,0.002981472724341652,,,,,,0.005554431516483789,,0.02349927061657373,0.004965682453891382,,
2021-05-31,,,,,,0.0014492597294291987,0.0037544355892523175,0.05799578913628175,,,,0.010078146472959487,0.02222287713080596,,0.03249567932386868,0.003424712259411746,,,,0.04471686597274981,0.08959117015502076,,,,0.005933165208329822,,,,,,,0.010430629695397604,,,0.010234345092205235,0.011111817613669006,,,,,,0.009431420281930706,,,,,,0.027759129444513347,0.024312381162933463,0.0039566417738635005,,,,0.00996811723636719,0.021266351159796606,,,,0.011358174772200115,0.07638245380840793,,,0.022680152763301084,,,,,,,,0.06891860415754968,,,,,,0.006775193922952633,,,,,,,0.01771786520602842,0.025709016629731837,0.01193913282944463,,,,,,0.0078827529328453,0.015389698602037876,,,,0.0272019471199061,0.012131438822827509,,,0.03334817098135308,,,,0.0019348189283936088,,,0.011098585383291384,0.008464972000783177,,0.01159611370646438,0.02392974544255715,,,,,,,,,,,,0.002041322061506284,,,,,,,,,,,,,,0.015286309695019934,,,,,,,,,,,,,,,,,,,,,0.01432155642086053,,,,0.04939872859367511,0.0019343704965997725,,0.013303958975540044,,0.035800264947916015,0.025087520897118045,,,,,0.01251885967831645,,0.00994045695749505,,,,,,0.00502320489770658,,0.016335709941785733,0.004415963987598409,,
2021-06-30,,,,,,0.010305651737107964,0.021416551070634,0.07943351032571405,,,,0.01614359436565306,0.02516282044084778,,,0.02323522852938996,,,,0.05508850661108497,0.05617740899422779,,0.0031289684951078165,,0.020870842593553488,,,,0.016445953835462858,,,0.014869189284529438,,,0.013620956231092338,0.006676539024600165,,0.02131629978075115,,,0.01025237542781299,0.011932461839239263,0.015308103930466773,,,,,0.022434563040160616,0.02377187523757894,0.0025413290806374314,,,,0.013252791369058707,0.03013027166827837,,,,0.007248731522437975,,,,,,0.06954531556185474,,,,,,0.05932888918637609,,,,,,0.010406239234449171,,,,,,,0.011308256836873776,,0.01762558380358772,,,,,,0.011311375836258951,0.009913738148791285,,,,,0.016484750872305966,,,0.00899993745283989,,,0.009196199720810812,0.011241702661280079,,,0.01599241276810296,0.011709890639159719,,,,,,,,,,,,,,,0.002344958080753037,,,,,,,,,,0.012570716774338324,,,,0.003485344675679061,,,,,,,,,,,,,,,,,,,,,0.021135358700861896,,,,0.02131952588223525,0.0099896567731213,,0.01938956282343952,,0.08447965458749808,0.013321656156021357,,,,,0.012480567540690466,,0.009948734458106507,,,,,,0.0027175218122539777,,,0.0029879245768821335,,
2021-07-31,,,,,,0.008851186710315435,0.029409869765680902,0.026460350570151933,,,0.009844643439753336,0.02002160513856058,0.025914649537299418,,,0.03166431682020146,,,,0.016225461536314267,,,0.012697515562733765,,0.014499028766956348,,,,0.023432954177959937,,,0.019603428248074428,,,0.02196784587640472,0.006011448564445033,,0.022734311346064105,,,0.009305121732419349,0.010947234415297035,0.014010150520518584,,,,,0.02636636894291372,0.027519569851739673,0.008714560752079815,,,,0.015904127296124792,0.02235242064711568,,,,0.00627258304243526,,,,,,,0.009064581591307973,,,,,0.0463539044377488,,,,,,0.010534510418693467,,,,,,,0.012592882398802954,,0.023931977321590366,,,,,,0.014733541388134657,0.01232703077179218,,,,,0.022422081715711722,,,0.06461351611572706,,,0.005827503501370217,0.011525416255502094,,,0.027075470527721843,0.019129502386143058,,,,,,,,,,,,,,,0.01275326825946942,,,,,,,,,,0.008418649756502958,,,,0.0237974887487451,,,,,,,,,,,,,,,0.005169228848012521,,,,,,0.025387884155757028,,,,,0.012696920447585861,,0.02471949813282064,,0.11375631826371799,0.01559507440719572,,,,,0.013743746619199974,,0.013950718168150118,,,,,,0.008888219822586526,,,0.010260312278450284,,
2021-08-31,,,,,,0.011869391868613357,,0.034331475732157966,,,0.009719814535968546,0.016886205110185036,0.02975260949703341,,,,,,,0.021359787186972318,,,0.014911138076750116,,0.01648018570543027,,,,0.02265617335797002,,,0.018173674798521205,,,0.021705734420781372,0.005465343332489703,,0.03096596825741113,,,0.010340263520936054,0.013295475888828779,0.017673159676535415,,,,,0.00663668407636449,0.03412640966945923,0.010074965099802803,,,,0.014414203890197123,0.026254654908726173,,,,0.006677625018269755,,,,,,,0.010387152820346982,0.0062516911421601155,,,,0.07601075157563207,,,,,,0.014029140175474441,,,,,,,0.014593259043740444,,0.005090939070691879,,,,,,0.014107383381850398,0.011946725172800017,,,,,0.021643780978164856,,,,,,0.005982115156282304,0.011741584604292534,,,0.026773438855016186,0.021270013275370495,,,,0.03613615915686485,,0.025034175255677672,,,,,,,,,0.015255567254705997,,,,,,,,,,0.008454331511792968,,,,0.03070235553020073,,,,,,,,,,,,,,0.010252698706563514,0.005828832958967721,,,,,,0.029700710613307004,,,,,,,0.02246556142216777,,0.11356617933385742,0.011251833709025149,,,,,0.018728094873133854,,0.01595339424734541,,,,,,0.01039940995720811,,,0.012671776587954781,,
2021-09-30,,,,,,0.011735046271481508,,,,,0.009635376734998657,0.015928279593653717,0.02840439600087293,,,,,,,,,,0.0139454575125636,,0.01808767391546846,,,,0.022969612830346813,,,0.016884181632768194,,,0.021994257325311885,0.005293101533043104,,0.033429618893722424,,,0.01035551725853652,0.0136643601454195,0.017604332400854367,0.00911201442674546,,,,0.03628753494817062,0.036039680208973884,0.009315476744141918,,,,0.014018360512314029,0.004592189095362844,,,,0.006521843367701542,,,,,,,0.00865940283177476,0.006592058570504134,,,,0.07172832631345064,,,,0.01342773995042989,,0.014518907280155544,,,,,,,0.014764547334271905,,0.03017097149959675,,,,,,0.013905341724021972,0.0124748041737128,,,,,0.02049797771452183,,,,,,0.005762405688164378,0.011348890130083179,,,0.029557783129105546,0.024851921922665162,,,,0.03461638462299818,,0.026842875381146672,,,,,,,,,0.014948291690136966,,,,,,,,,,0.009269933207640486,,,,0.03354523327802752,,,,,,,,,,,,,,0.01028423662270956,0.005842346692604621,,,,,,0.02571969663191615,,,,,,,0.021489739398015906,,0.11552663136690237,0.010545128015293621,,,,,0.020131815206136727,,0.015784161150656492,,,,,,0.009567290535599654,,,0.01180684658530462,,
2021-10-31,,,,,,0.019341848208584384,,,,,0.0030883987436127994,0.027052263846503312,0.05385123403736576,,,,,,0.026322438520804237,,0.05669159644111319,,0.023868817117753297,,,,,,0.03098128083992504,,,0.02826814640926711,,,0.03035898601545511,0.005323549106701109,,,,,0.01929267810341468,0.004716580591719122,0.03072904702934219,0.01621719587220052,,,,0.011779453250930102,0.07194167159067907,0.0021955875484785787,,,,0.023955417076070407,0.008203477351856546,,,,0.0010299980330450353,,,,,,,0.0017735507038348754,0.004481225139648107,,,,0.021148025353117314,,,,0.022991943412528214,,0.02248262732618498,,,,,,,0.009947524106661441,,0.007202564521941481,,,,,,0.022527803920274914,0.010818969132762458,,,,,0.031354158173193,,,,,,0.0051951122769461336,0.004114693838212597,,,0.008329423825121944,0.030269145054675872,0.006036780592926338,,,0.05778487225326366,,,,,,,,,,,0.004716572209816203,,,,,,,,,,0.008999383737526288,,,,0.012430304287323534,,,,,,,,,,,,,,0.01791309325134677,0.0009102119673870279,,,,,,0.006954180798766234,,,,,,,0.03562617939787831,,0.08741090928719844,0.013807937087333792,,,,,0.006295643091734529,,0.028174656526750337,,,,,,0.012218136904017489,,,0.002874706086806077,,
2021-11-30,,,,,,0.012040099959484395,0.0658564413034283,,,,0.0021258236196521553,0.01932666434539484,0.0352375616159867,,,,,,0.03343698354351069,,,,0.01587373191224077,,,,,,0.021578317327234097,,,0.02135092188403169,,,0.024350283463343465,0.001283392415800568,,,,,0.01318106137343724,0.0030790790657403773,0.020038833673717917,0.01122419340441214,,,,0.03730224414195847,0.042314085754727226,,,,,0.017263915245071766,0.0053608701115028645,,,,0.0012271626516762526,,,,,,,0.0018775914638318838,0.00588929601665245,,,,0.055999755389990476,,,,0.016160528971399406,,0.016921320788290457,,,,,,,0.012301258639701338,,0.027625683463522094,,,,,,0.01694411583943568,0.0026969772071830976,,,,,0.004317606763114724,,,,,,0.005149340213887336,0.0026085860808591596,,,0.0062579758872075165,0.021425660520018132,0.02086371352172138,,,0.04331857674767525,,,,,,,,,,,0.01474911986594826,,,,,,,,,,0.009648585611174564,,,,0.034120298636068885,,,,,,,,,,,,0.00987724206513243,,0.01230859839285036,0.004662549084086957,,,,,,0.024245518987803097,,,,,,,0.02476807849210435,,0.1291755576035194,,,,,,0.019491413444818258,,0.020368877627588905,,0.007953998566059408,,,,0.01116493893742147,,,0.013655568358581406,,
2021-12-31,,,,,,0.001885517483219695,,,,,0.010178754945059437,0.017722828152778022,0.03977604919316575,,,,,,0.014349297490058793,0.027775021017709324,,,0.015218188847995046,,,,,,0.02243460880710051,,,0.024657470881556776,,,0.024750467165077988,0.011583424068113432,,,,,0.015860412125811896,0.01400039332313106,0.01632024705491736,0.010665628030905618,,,,0.0371707041166589,0.03881344536465491,0.017651567075305824,,,,0.01703542827992195,0.02631363993831166,,,,,,,0.009272535247348977,,,,0.014965628137891299,,,,,0.01102612902642716,,,,0.014737860165821261,,0.0029272741837977215,,,,,,,0.01644301585823353,0.05419658075234232,,,,,,,0.016727719304063113,0.027655478315762327,,,,,0.015755727744085395,,,0.06547958344367712,,,0.007690087356624797,0.011731414949166314,,,0.023240115282506565,0.01869466325056463,0.015667723349518794,0.016940528373075508,,,,,,,,,,,,,0.012785646948348677,,,,,,,,,,0.018459688704477655,,,,0.0301981397956313,,,,,,,,,,,,0.002062513939934307,,,0.010113209394175754,,,,,,0.018842968918644874,,,,,,,0.024747758879055597,,0.02952634702633891,0.028446966523902564,,,,,0.016493327765902555,,0.019227893848463927,,,,,,0.020274627769666147,,,0.021505752383096995,,
2022-01-31,,,,,,0.001789940041357251,,,,,0.009448724407623952,0.016206693830607306,0.04348983864224409,,,,,,,0.029656985607182135,,,,,,,,,0.016847596535478942,,,0.022534299067261263,,,0.02033518370992681,0.013688545525199252,,,,,0.013918642750248964,0.012089461779213247,0.014945709069532244,0.009377274266937942,,,,0.039402084814666734,0.04357649635012026,,0.006996577074206358,,0.009294691095558616,0.014580092294936222,0.02380464175810096,,,0.01392641091228786,0.013820930242780218,,,0.010126614590660643,,,,,,,,,0.050510934647273846,,,,0.012235887116731677,,0.0027204411262339674,,,,,,,0.01742922800566896,0.04347557077958543,,,,,,,0.015146642857813468,0.026837756528674914,,,,,0.013054659405005838,,0.011220049754372383,0.0792996779708357,,,0.009827571551471207,0.011772658417510717,,0.026395709831301767,0.018431025679413418,0.01516373821597028,0.013251812954740618,0.01344681421788244,,,,,,,,,,,,,0.013730054574722518,,,,,,,0.016805372230177487,,,0.02457053541021106,,,,0.006787364293424863,,,,,,,,,,,,0.003758064220334582,,,,,,,,,,,,,,0.03577492963120929,,0.022474271598605832,,0.03531758316570583,0.03136687160017131,,,,,0.01429784565934006,,0.015039494189479348,,,,,,,,,,,
2022-02-28,,,,,,,,,,,0.008098038357470192,,0.0549158893834548,,,,,,,0.023753404057101968,,,,,,,,,0.011216321643778065,,,0.020134025426014092,,,0.01785655603865603,,,,,,0.0028524039480232475,,,,,,,0.04162238766487509,0.04857372013831304,,0.001526122880029012,,0.009561109880833276,0.012021031889820708,0.029641831056366495,,,0.011393950945529028,,,,0.011252673028503662,,,,,0.011536992787607435,,,,0.009837040285724913,,,,,,0.014696943448188293,,0.04454847296959846,,,,,0.016414909592296745,0.03755053338668091,0.013975480406364808,,0.011215890441402374,,,,0.013061528810297615,0.027292701980898,,,,,0.010386852185731682,,0.012951073015569173,0.018230264143372702,0.028373947060216346,,,0.0021299951480733834,,0.019338992553374904,0.015291427169258498,0.011917098147439914,0.011086743932899134,0.010812263597335685,,0.0247963643259238,,0.012539622130124136,,,,,,,,,0.00289825249522423,,,,,,,0.01325009742760983,,,0.006061863486554672,,,,0.007932146514770692,,,,,,,,,,,,,,,,,,,,,,,,0.021187047704483788,,0.028919191754066775,,0.019090407643418527,,0.04554225754113907,0.030576485954402585,0.06473246571712561,,0.07161697392952568,,0.0030068123499174394,,0.0027813936246135736,,,,,,,,,,,
2022-03-31,,,,,,,,,,,0.0026261590762652917,,0.07313173489025537,,,,,,,0.032545586185533874,,,,,,,,,0.003251527768839538,,,0.030534549623392648,,,0.024700972079422397,,,,,,0.004233787432047525,,,,,,,0.051030208993700234,0.0572033430335208,,0.002134029819092698,,0.002619103841884459,0.003746890810921226,0.00950233201829433,,,0.003427308390942567,,,,0.015302623161102239,,,,,0.014737758307108677,,,,0.013838653878006691,,,,,,0.020731598775966798,,0.04995834235905231,,,,,0.020034418125763346,0.006869557990408888,0.003830132192368025,,0.017327327813768587,,0.029895856032672568,,0.0040042606481729085,0.035267071019684286,,,,,0.003114792148385328,,0.0034753469421402077,0.0316182459177469,0.03590475133141204,,,,,0.027055629429254466,0.02086968411570375,0.016670892527456817,0.015693219860900432,0.015405440245177156,,0.03413028374900982,,0.003823436914173344,,,,,,,,,0.004478476613564163,,,,,,,0.00406071695871992,,,,,0.023987729839603494,,0.011620891637624635,,,,,,,,,,,,,,,,,,,,,,,,0.00606535114362518,,0.04610231660434645,,0.005247916256246377,,0.051166778140239115,0.009202231935852815,0.07144452851048619,,0.01660911976182922,,0.004882517886462705,,0.004884567261851131,,,,,,,,,,,
2022-04-30,,,,,,,,,,,0.0032534016822332074,,0.09474728138442627,,,,,,,0.04399263803996003,,,,,,,,,0.004048726470999684,,,0.037410035263412425,,,0.031142400189740953,,,,,,0.005368067816088062,,,,,,,0.013500956650287568,0.015411806100855668,,0.0012596158619528988,0.003723771032127144,0.001558233847989349,0.00465869897761373,0.012861314069461007,,,0.004202142771143783,,,,0.008818296605772602,,,,,0.008577011418791927,,,,,,,,,0.004858827157889666,0.005289479558591927,,0.0289215441915899,,,,,0.002241790499553133,0.008900201768576914,0.023880207613671406,,0.004133248650206066,,0.03932269613636559,,0.004887003856372389,0.02028894585430189,,,,,0.0037905058817025122,,0.002008472078607125,0.041993595136642144,0.04323328977614152,,,,,0.0337791140640195,0.005237691504830379,0.004215029015786934,0.003999984307680475,0.019471566881581946,,0.0423518302231508,,0.004856723765881098,,,,,,,,,,,,,,,,0.004982329842971022,,,,,0.03072982429432552,,0.015677109165413924,,,,,,,,,,,,,,,,,,,,,,,,0.007474748790287631,,0.023661613169616017,,0.006594028707411947,,0.14721341247765404,0.005451320602641056,0.08547409517391023,,0.018288332741142763,,0.0063040004257895,,0.005953038502836702,,,,,,,,,,,
2022-05-31,,,,,,,,,,0.0313698831288626,0.01479721421193498,,0.014028503363553853,,,,,,,0.03921529595905036,0.05836525477890035,,,,,,,,0.016575636110608895,,,0.027211514852780175,,,0.02455377171905099,,,,,,0.006110452030173708,,,,,,,0.01218631846569965,0.01321819033634583,,0.005023550172007407,0.01663267216692671,0.0058470330315590876,0.018883824084645732,0.01337182689404357,,,0.016201006022267893,,,,0.006011519031438245,,,,,0.0058215124650647055,0.04812001369725894,,,,,,,,0.018487024794048283,0.005020420928200414,,0.017563624062152245,,,,,0.007492983609070299,0.006110416174255086,0.018654547371139554,,0.015442088961944603,,0.02356802266694574,,0.02020960459192836,0.014841959604407293,,,,,0.01501820587993312,,0.006936769835602914,,0.029389071799036045,,,,,0.023315377207723764,0.0045609203461429056,0.018693994469558897,0.01765195255653999,0.01636024727914137,,0.033664170182344924,,0.020700609022277282,,,,,,,,,,,,,,,,0.02011472889993253,,,,,0.016091059668580168,,,,,,,,,,,,,,,,,,,,,,,,,,0.005687921694182954,,0.015461807854541468,,0.005633014641240966,,0.10272139167336666,0.003912912161374761,0.03781523130160899,,,,0.035884167497733134,,0.02945076074287164,,,,,,,,,,,
2022-06-30,,,,,,,,0.12815037930669992,,,0.011341766950733074,0.01512392676512204,0.012597121849716389,,,0.02451475816983137,,,,0.01689579598056377,0.056479192017132446,,,,,,,,0.009770362134284359,,,0.021461891949837025,,0.020645151818471156,0.01718040258388866,0.01960760068293403,,,,,0.015245098356641479,,,,,,,0.007992323837838341,0.008637848688269861,,0.00892752913720335,0.011559768154573723,0.009100921850412457,0.01332803687678439,0.03007922825750311,0.07276080867253058,,,,,,0.007863947534566313,,,,,0.008750042329777023,,,,,,,,,0.013649672867296847,,,,,,,,0.012890249123649401,,0.01232532000103038,,0.01138972168352168,,,,0.01589676993633452,0.027341387500097243,,0.010243812093007535,,,0.010506526095612652,,,,,,,,,0.018679772390005463,0.003581568755520258,0.011845424358486147,0.011666299354579366,0.01018243327604082,,0.020246646321930344,,0.009338862671448426,,,,,,,,,,,,,,0.009990146820933467,,0.014502137602866132,,,,,,,0.014389272477753281,,,,,,,,,,,,,,,,,,,,,,,,0.022442187233625725,,0.026982286263413223,,0.019981422404876777,,0.040713930422025486,0.021354732107066,0.020539442976334896,,0.025004304177316184,,0.019557581207907123,,0.01674418597200582,,,,,,,,,,,
2022-07-31,,,,,,,,0.14498959255537422,,,0.011314024972254486,0.014711768136897948,0.012633736979574808,,,0.027322344055725947,,,,,0.05116211543142289,,0.004437632789527672,,,,,,0.009461112172833058,,,0.020673429270945544,,0.01834534452549692,0.016446925443144515,0.019124576523586494,,,,,0.002906172723808891,,,,,,,0.007895883980899996,0.04758953601389683,,0.00834861198455165,0.011371052646576304,0.008563826658349394,0.013234453069346874,0.028055252069676784,0.07788812247605431,,,,,,0.007776540117098906,,,,,0.008377739097618377,,,,,,,,,0.013167419265439479,,,,,,,,0.01177240051591051,,0.012303732143633521,,0.011594421049387611,,,,0.015535252857752624,0.026096645335556185,,0.01060346776842318,,,,,,0.02542093356531054,,,,,,0.01705170768721392,0.015113467114837305,0.009724417549666022,,0.008503381030232057,,0.017121458159029088,,0.009111744209544997,,,,,,,,,,,,,,0.009609439260365341,,0.014427374823336928,,,,,,,0.011290271590359464,,,,,,,,,,,,,,,,,,,,,,,,0.021059430807134634,,0.02548813221331107,,0.00394561135574338,,0.0376496718911156,0.020945211545720422,0.02495703248490552,,0.01917698949462308,,0.0037244986161726044,,0.016864664589536255,,,0.015111429381075835,,,,,,,,
2022-08-31,,,,,,,,0.13064489097093424,,,0.009219638303788597,0.012157193690765863,0.045769487727224986,,,0.02267662679056537,,,,,0.010676823824899498,,0.018205250139852757,,,,,,0.008354364173084342,,,0.01680391137833298,,0.01953475226409576,0.014773600174940383,0.012122301689630511,,,,,0.011735651005862819,,,,,,,0.0075306093351230514,0.04003773730343106,,0.005253531636526207,0.009327642854160031,0.005418402744733612,0.010922343744806277,0.02349477692913169,0.06104336832479662,,,,,,0.005246346948343672,,,,,0.00572793386378718,,,,,,,,,0.010522233586851793,,,,,,,,0.008252850941221208,,0.011613093608574501,,0.009808664456786532,,,,0.013010366215631262,0.018769961322461216,0.007934476448438005,0.008333145850333328,,,,,,,,,,,,0.018456900956422394,0.016199199890138953,0.010448398331279639,,0.008866152017736904,,0.018773381139041197,,0.007865228887983767,,,,,,,,,,,,,,0.006118418802690979,,0.01214213420435565,,,,,,0.005006872243420734,0.05310164525522331,,,,,,,,,,,,,,,,,,,,,,,,0.016964501196557222,,0.0036899159658958496,,0.01626191887918097,,0.139068323890534,0.014266892695060096,,,0.016704654741124883,,0.015635697564262745,,0.01512624547668605,,,0.010381539613289357,,,,,,,,
2022-09-30,,,,,,,,0.12293496314912468,,,0.010651460205104523,0.013851860912241009,0.04545668635353809,,,0.03259746818368004,,,,,0.014184599194073468,,0.02283991003628577,,,,,,,,,0.021186877614277833,,0.02200699284505359,0.019618586235622876,0.014646063954323394,,,,,0.013666778240666323,,,,,,,0.0084142575450367,0.04612699648149581,,0.0012605792484775167,0.002200109477902925,0.001299458823804097,0.01247965019374141,0.005488201192727158,0.014159522401752089,,,,,,0.0013131996738564135,,,,,0.0014116844776448326,,,,,,,,,0.0023501646408390017,,,,,,,,0.0019477906697298673,,0.014812807021263431,,0.011427291977583865,,,,0.01567596425731011,0.02351376850334861,0.009230468671474226,0.0018711647058499757,,,,,,,,,,,,0.023359858130510787,0.018205341443377453,0.012206082561962673,,0.01083029463335736,,0.022116909400923524,,0.0018007264493229492,,,,,,,,,,,,,,0.0013777828216140174,,0.0028023685619874747,,,,,,0.0011980888990169186,0.07009201686146528,,,,,,,,,,,,,,,,,,,,,0.02349538046993877,,,0.021162368928742313,,0.004679800137611296,,0.01822735790963599,,0.1499526094166801,0.019052662469937663,,,0.018361220632191186,,0.018746844067851525,,0.01952339389005529,,,0.014183565425987725,,,,,,,,
2022-10-31,,,,,,,,0.0895738512579888,,,0.007657743399952995,0.009709453051988568,0.03231627068898199,,,0.02520572539316472,,,,,0.04979693435929124,,0.015539894558537607,,,,,,,,,0.015163878663100417,,0.01635809774858252,0.013235524081046068,0.002859736280473522,,,,,0.009847311142526618,,,,,,,0.028612298424620906,0.03306164166091128,,0.0011863249626376789,,0.0012289548558120523,0.009046678283888035,0.01995018278329801,0.061458616447145314,,,,,,0.00635236631038933,,,,,,,,,,,,,,0.008614106894706496,,,,,,,,0.0017204894403847258,,0.00206771722418717,,0.008293456262782696,,,,0.011068014247631422,0.021954208254629144,0.006921945026950875,0.007136647007529323,,,,,,0.11375044100858948,,,,,,0.018647400358384934,0.013669978604442789,0.009014180714499054,,0.00823160433764283,,0.01653558175137948,,,,,,,,,,,,,,,,0.0012835683091893368,,0.0020949295380513493,,,,,,0.005601411594054938,0.04085561566522971,,,,,,,,,,,,,,0.007645852273514108,,,,,,,0.01631527926258986,0.01289613896451664,,0.015004022733708473,,0.004821963995337141,,0.012928053525983415,,0.122702633824855,0.017835169739913687,,,0.015439724298012278,,0.013152873860508861,,0.0029792654773805795,,,0.012656241449076473,,,,,,,,
2022-11-30,,,,,,,,0.022749118711688984,,,0.0019017591617883607,0.0023724998481123587,0.041439980973788995,,,0.029775412445956818,,,,,0.04749095093815875,,0.003444288606275261,,,,,,,,,0.018274352485343738,,0.020065879849572574,0.014987452726095751,0.0027382907324738338,,,,,0.0020772354560497455,,,,,,,0.033239302597031534,0.03970438325138018,,,,0.0011550410740245468,0.010892572018929049,0.02033727840390798,0.06902370843933413,,,,,,0.005956866809982035,,,,,,,,,,,,,,,,,,,,,,0.007947045730560712,,0.012650071652728965,,0.00996758343655299,,,0.017863073015785345,0.012997603028023209,0.02001410576877764,0.0017095105640877024,0.0017734242009274255,,,,,,0.12675442367928694,,,,,,0.020660808666880914,0.01645436949324383,0.010482525620369585,,0.009487658978989986,,0.019250661594453947,,,,,,,,,,,,,,,,0.0012070975783696532,,0.012537048215955474,,,,,,0.0010387157497187076,0.04759940903200418,,,,,,,,,,,,,,0.0018978789229793236,,,,,,,0.004044723402243475,0.015498984406892648,,0.01788999941210034,,0.021791527322319326,,0.015514815958184797,,0.11309461961532571,0.016874265558634624,,,0.0040622066540013345,,0.013423740816854202,,0.01498104522724935,,,0.010733195729672382,,0.012171486436930659,,,,,,
2022-12-31,,,0.04281421765736613,,,,,0.09179487856498994,,,0.008552298910982088,0.010214507615477222,0.03690237192286541,,,0.02904758053731958,,,,,,,0.015310451441830204,,,,,,,,,0.0030737912855359887,,0.01654890371678247,0.013736576821200702,0.016587503312344792,,,,,0.009637539308649275,,,,,,,0.027588529608638012,0.03161190833760859,,0.008020985899566391,,0.007730857030479902,0.009832017158037111,0.03735024122527186,0.056127753304763765,,,,,,0.008011693162884423,,,,,,,,,,,,,,,,,,,,,,0.010456586293142474,,,,0.008683393739687956,,,0.018031535733135658,0.011757017154329284,0.030176708580146223,0.0075426618832023645,0.008531309694044675,,,,,,0.118035726661453,0.020701792163431383,,,,,0.017291048602053365,0.01334619713020347,0.00925173520547711,0.008743261948961049,0.008485033206472987,,0.014718015729629023,,0.008595459193208229,,,,0.02474520922898737,,,,,,,,,,0.008388079732149186,,0.010338128580495699,,,,,,0.007235671884504863,0.006879088958535887,,,,,,,,,,,,,,0.008422676503271831,,,,,,,,0.002782983715120879,,0.002908010977231936,,,,0.012833071917410958,,0.02312242434053597,0.024395721118416595,,,0.027017813270275293,,0.013549371669823437,,,,,,,,,,0.03253965836206797,,,
2023-01-31,,,0.05259793845941938,,,,,0.12825786117805935,,,0.0023068148683601736,0.002747357938734765,0.06095138821569301,,,0.042003987264521814,,,,,,,0.0051207255867429385,,,,,,,,,0.004195886840917058,,0.003210678366276618,0.003403388572859888,0.00446654735329679,,,,,0.0032018785317288745,,,,,,,0.04364190807081418,0.05000074418497614,,0.00218135919301445,,0.01072946608579563,0.013052880382764002,0.06296375659211538,0.07753379969709034,,,,,,0.010712013100011826,,,,,,,,,,,,,,,,,,,,,,0.015255947308923691,,,,0.002347987942627123,,,0.025078361048173008,0.003448152361464588,0.03639163975298563,0.010188463573370107,0.011405433077454424,,,,,,0.03939525949082849,0.005528137786451946,,,,,0.0030240434099342343,0.0028740983736263138,0.002041617261602712,,0.0019330143346161569,0.027696465377942712,0.0029501937176066133,,0.012385911830200358,,,,0.007618190576064515,,,,,,,,,,0.011536655502425192,,0.0028072661971941548,,,,,,0.01003609639977418,,,,,,,,,,,,,,,0.011541505830598193,,,,,,,,0.003863730630682605,,0.003943010399510358,,,,0.003687070372365354,,0.03171933203497881,0.005697188673352625,0.03111563195286537,,0.025414158729827666,,0.023137011608993424,,,,,,,,,,0.042658043960366855,,,
2023-02-28,,,0.07813586391070877,,,,,0.13635574449478985,,,0.0035822138166654235,0.004183670091846612,0.06442498495209129,,0.06661185704414464,0.008826524128160854,,,,0.17518374540022075,,,0.009001071675926633,,,,,,,,,0.006366362873794798,,0.004295457207518451,0.005830166467698017,0.006508070124529236,,,,,0.005150876071536083,,,,,,,0.01190173733765075,0.01294910085534266,,0.00339899821676009,,,0.0038770305005560203,0.01458541880665049,0.09308920915558191,,,,,,0.003197056979277176,,,,,,,,,,,,,,,,,,,,,,0.02661172519680612,,,,0.003761237766441331,,,0.007059998897411848,0.005195133452150522,0.011085894095607193,0.003212550461819669,0.0035847935802289428,,,,,,0.026934387494698758,0.008835964945216232,,,,,0.0034959174658366543,0.004272406973512278,0.003016338488055845,,0.002715185085289369,0.007194339852151464,0.004001980696829264,,0.004165550279611295,,,,0.013548463750180924,,,,,,,,,,0.0034426576882742484,,0.004323178955616543,,,,,,0.0032350120999514224,,,,,,,,,,,,,,,0.0034821259753202733,,,,,,,,0.005746343709657951,,0.006019494104905331,,,,,,0.04381560588307379,0.007231257479464786,0.04189594141684587,,0.006516851099532356,,0.007729715297388591,,,,,,,,,,0.010414787696670683,,,
2023-03-31,,,0.022094333081392113,,,,,0.14476580614481993,,,0.003775836122262932,,0.012207485479611509,,0.042781441507318586,0.006314225362548539,,,,0.038891489733887355,,,0.06714218714209347,,,,,,,,,0.0069138029072800975,,0.005142880961564535,0.005443511882350764,0.007466768689451464,,,,,0.006234745364373764,,,,,,,0.011434091015470169,0.05538973468703308,,,,,0.004047880795712287,0.011882380333399813,0.010224533984389142,0.008647257280942715,,,0.10724453403334877,,0.0028905979683264585,,0.0951687599147697,0.041272538780577364,,,,,,,,,,,,,,,,0.051498829239305426,,,0.02942139034906283,,,,0.0038214215673674037,,,0.0076295769105986875,0.005785462325277829,0.010437656906575634,0.003339107544040382,0.0037490002956683684,,,,,,,0.00822922197621549,,,,,0.003706911501097019,0.005755286077508762,0.004159769887481982,,0.003870022634905289,0.00934859159370576,0.005203871413052914,,0.02107520357315235,,,,,,,,,,,,,,0.0036169725177978337,,0.004510975813961629,,,,,,,,,,,,,,,,,,,,,,,,0.0047600114651953265,,,,,0.005910519386654081,,0.006593159261768606,,,,,,0.04210501821025935,0.007579564889389826,0.005055657016344105,,0.008609600184749808,,0.0072886867784006035,,,,,,,,,,0.009561687507538153,,,
2023-04-30,,,0.027568325728916133,,,,,0.046305944428983906,,,0.021419928148537215,,0.012603120177018987,,0.01087972181843279,0.010042914561867579,,,,,,,0.07208799169654259,,,0.008535845661520233,0.05290585089370181,,,,,0.0342869292491637,,0.006538260364289342,0.0058113314702854905,0.0418039574308447,,,,,0.03696087542137848,,,,,,,0.01270035769897851,0.01242926927036714,,,,,0.004562862894841416,0.013235288866973938,0.01224703087307504,0.009397596529213346,,,0.03208233237553448,,0.0032372824443246927,,0.02493335912957023,0.060601257140817946,,,,,,,,,,,,,,,,0.054554586056958405,,,0.03322828376163733,,,,0.0042520000095879655,,,0.007470317234889181,0.006435569948958881,0.01164484518041881,0.0038399447412819617,0.021368459540637715,0.009027539250072585,,,,,,0.010118470895496535,,,,,0.004180987132886442,0.0067308890613069555,0.00497117378094454,,,0.008636532802104172,,,0.024964271586746696,,,,,,,,,,,,,,0.0041169978249905445,,0.005223109561874721,,,,,,,,,,,,,,,,,,,,,,,,0.005284167997791397,,,,,0.029646834571474823,,0.03244298888513019,,,,,,0.05483345382260264,0.008208813620287353,0.005550533689889696,,0.05044175031232221,,0.008753309470591842,,,,,,,,,,0.01089653498393673,,,
2023-05-31,,,,,,,,0.10027923005368135,0.0855201222617872,,0.01085156621488552,,0.029675240288431708,,0.004958679687139331,0.02359268713252283,,,,,,,0.032919591745081155,,,0.022416046791581296,,,,,,0.018009795967069815,,0.0031511593657049066,0.003048888044200046,0.021043983317889987,,,,,0.01684391240140426,,,,,,,0.030809764361708278,0.029617794451845304,,,,,0.011237373094149714,0.006243812584117634,0.0062275521583227455,0.023938708844426455,,,0.01414726055155137,,0.008427436102496404,,0.012054040511617565,0.02475321745625883,,,,,,,,,,,,,,,,0.025187813529149238,,,0.017177797118035455,,,,0.010906665118684438,,,0.01844564560009195,0.0031703844239584326,0.028868420675445955,0.009755254305208384,0.010794270321227206,0.023801431902809193,,,,,,0.027617566967002974,,,,,0.0021720206365800003,0.003300120679842726,0.0024379446523772053,,,0.02508502718628268,,,0.012527357250211358,,,,,,,,,,,,,,0.010272880576036399,,0.012810228775003438,,,,,,,,,,,,,,,,,,,,,,,,0.012603950146789005,,,,,0.015519874436860696,,0.016860350244142012,,,,,,0.025094834012573248,0.021251042394388516,0.015031895887602856,,0.02805435909843024,,0.003971070812391809,,,,,,0.05099735935602474,,,,0.02651657050497621,,,
2023-06-30,,,,,,,,0.08075394453217527,0.08157282294156208,,0.007666103515077486,0.01041657473979317,0.017784789142484814,,0.006630649301349246,0.005193854664008175,,,,0.047946110200325104,,,0.018867434867887868,,,,,,0.01152666747269686,,,0.01390938176572306,,,0.018545158142648316,0.013381089968440042,,,,,0.010512254164162136,,,,,,,0.023783409884955933,0.02366028159044119,,0.006163431309989777,,,0.009101641332608504,0.017481079264027952,0.005676720737211683,0.017348837046829855,,,,,0.008276102104191312,,,,,,,,,,,,,,,,,,,0.01505797630504946,,,0.020283900130479947,,,,0.009175738287708705,,,0.01435616514288297,0.017309317304836643,0.0046944930054206874,0.0013392413919585244,0.007277636297707319,0.019591061329965964,,,,,0.09765665199029032,,,,0.009668112698704542,,,0.0033677068887009278,0.0026823268178303486,,,0.02306322186581131,,,0.009843653033567873,,,,,,,,,,,,,,,,0.0019191265970499023,,,,,,,,,,,,,,,,,,0.05732308308131848,,,,0.005171485692827896,,,,,,0.02114145822890059,0.012467495122223062,,0.0139314690118255,,,,,,0.10052844101844201,0.01654514105800141,0.005934405585514362,,0.029045645046121282,,0.003321338200517913,,,,,0.01763287739257953,,,,,0.0034724927851726784,,,
2023-07-31,,,,,,,,0.01686963283359803,0.01473923333679796,,,0.0022176606983359748,0.01820274661756452,0.03906508606091996,0.026378961759051075,0.024868431021398307,,,,0.048875008666014914,,,0.021156849723829484,,,,,,0.012084125760607842,,,0.014786204591701727,,,0.01880158890656287,0.012590649766398286,,,,,0.011047003060035927,,,,,,,0.024011979315647476,0.02357726400695429,,0.0011772361099311188,,,0.009478463963447181,0.018119909198338377,0.00564152897336503,0.017764600316444137,,,,,0.0077513052626982815,,,,,,,,,0.02475423969580575,,,,,,,,,,0.003168984373840685,,,0.019365171322245932,,,,0.009456325494123945,,,0.01519219791167216,0.017352963181569037,0.021812381618974207,,0.001488368403188124,0.0211967792486187,,,,,0.09958541574135013,,,,0.010164722984854222,,,0.016934458473904002,0.013574254014247984,,,0.025422331407419833,,,0.010281477310218667,,,,,,,,,,,,,,,,0.009826726458613915,,,,,,,,,,,,,,,,,,0.060418934727245216,,,,0.004908111035552029,,,,,,0.022951610803190997,0.013086933880294868,,0.014782677673047607,,,,,,0.08996951743439359,0.015545196182216819,0.026671622432858342,,0.00586376536110735,,0.01703363687932111,,,,,0.01646149747166708,,,,,0.0035242285288148148,,,
2023-08-31,,,,,,,,0.016525510700480722,0.07538296283168985,,,,0.004212068859978121,0.03718964010910011,0.027187060567921383,0.023436361926542172,,,,0.008677038365122517,,,0.03297078609850383,,,,,,0.002578134881632651,,,0.014938694426666328,,,0.015832809733207432,0.003484816290843861,,,,,0.012554603630275768,,0.012546813116938203,,0.005826646928422461,,,0.026474067944390008,0.025197954851342127,0.040755782281136584,0.0016131037848085518,,,0.002215900924314733,0.00499774189724095,0.004741427954838312,,,,0.12005955727305957,,0.0019530712163486833,,,,,,,,,0.026892926547081784,,,,,,,,,,,,,0.00403503468307143,,,,,,,0.015632305296095123,0.01723701134524739,0.0052309515892098365,,0.0017243715703632184,0.020821105691234243,,,,,0.09973324836461493,,,,0.01313688606176722,,,0.0157050732541486,0.012336935849433874,,,0.008339426481204506,,,0.00221688998888909,,,,,,,,,,,,,,,,0.010850563646626026,,,,,,,,,,,,,,,,,,0.05861087144103493,,,,0.02607493102854059,,,,,,0.030191741887269512,0.01312332227978894,,0.014904448764271156,,,,,,0.020897189157653737,0.004004421178717681,0.0054444829008360954,,0.005995939020765472,,0.018224142493939045,,,,,0.022696292030473273,,,,,0.004586930852917364,,,
2023-09-30,,,,,,,,0.017762065297705527,0.016812587501366553,,,,0.004067212426549451,0.03711147309881859,0.02780581508924061,0.023621088377818414,,,,0.0091068476441788,,,0.00709115774930033,,,,,,0.0028071862754953077,,0.012520519341762574,0.015677251242938943,,,0.01644895259465739,0.01680240814541744,,,,,0.0025814704660255,,0.013273955594773425,,,,,0.02692488449844295,0.025655950013949443,0.03993603296446868,0.008245187980489932,,,0.01164971502152619,0.005118434887943387,0.026125262095365455,,,,0.13032280175676722,,0.010119476562951212,,,,,,,,,0.005616213310097058,,,,,,,,,,,,,0.004017650697741951,,,,,,,0.016540937464591697,0.017807504527052025,0.025759442305851477,,0.00921861566864843,0.02226171874418651,,,,,0.020398088217487505,,,,0.01323291500203696,,,0.016695669262953777,0.01302968551093068,,,0.04271146742594641,,,0.012001761481201977,,,,,,,,,,,,,,,,0.011509932813438142,,,,,,,,,,,,,,,,,,0.05771841972116869,,,,0.026454901864759475,,,,,,0.006142881824768521,0.013577937426711081,,0.015628459252255134,,,,,,0.01815493814592123,0.019729327814695625,0.03072486321995686,,0.007170284779506052,,0.019032400491379955,,,,,0.023062194238759832,,,,,0.024214052159999635,,,
2023-10-31,,,,,,,,0.02220144980326652,0.11722186801390637,,,,0.004318716688854825,0.008656152962407394,0.006557862140781949,0.005088217814147328,,,,0.010988322643088218,,,0.039565986163355875,,,0.01949993619724087,0.024326262364853656,,0.015771939286588876,,0.013767705064843375,0.01679238203269036,,,0.018628695060438752,0.003769437740522602,,,,,0.003014945577772023,,0.014754859546474637,,,,,0.005675412070565421,0.005369792498631838,,0.0019220118220051685,,,0.012782999030384769,0.005612283297970803,0.005194633530879579,,,,0.15271500526357296,,0.011334965579527201,,,,,,,0.004623011454358928,,0.005968797788539325,,,,,,,,,,,,,0.004638546381351501,,,,,,,0.017890377876152563,0.019021357441587665,0.005729760333481914,,,0.023257003412209043,,,,,,,,,0.002960605463928471,,,0.0039829883878817725,0.0030091560106937387,,,0.04792461041910639,,,0.0027703339239926144,,,,0.008687440745886035,,,,,,,,,,,,0.01261297304726244,,,,,,,,,,,,,,,,,,0.07071708500873437,,,,0.03178189855827087,,,,,,0.007086746287850505,0.014497631032307343,,0.01678088764889237,,,,,,,0.004467584418994285,0.031071025589003248,,0.04379921628309636,,0.02169661706290539,,,,,0.023353643035380487,,,,,0.026138860193361087,,,
2023-11-30,,,,,,,,0.08089078332631332,0.08004013562631986,,,,0.0032605382611259896,0.006662026607986452,0.0050122775849301675,0.0036233687356639404,,,0.042863242936939425,0.0411927370617066,,,0.03631507656891357,,,0.01443336365754604,0.01764759260148349,,0.011735322120565607,,0.010380098743640358,0.012798764924687487,,,0.0136333286835889,0.014938895802775548,,,,,,,0.011818541381724883,,,,,0.0041623181323291285,0.003974435907425497,,0.007626114521453386,,,0.009786063012888153,0.021368952771533774,0.003978525810570008,,,,0.1042362019322832,,0.007953788266792215,,,,,,,0.016611593080057573,,0.021575076811965483,,,,,,,,,,,,,0.016645087165606746,,,,,,,0.013197482750994723,0.0028642325603212664,0.021106036679695416,,,0.01734614210625055,,,,,,,,,0.011667875738754035,,,0.014595560005476968,0.010990161604806748,,,0.03360507312461489,,,0.010391891150247622,,,,0.029852446592645545,,,,,,,,,,,,0.0093494263874169,,,,,,,,,,,,,,,,,,0.01331006754467127,,,,0.02638598010166194,,,,,,0.027572615463735895,0.0112042493846871,,0.013033533653953475,,,,,,,0.016588200119296136,0.020463969849120398,,0.02987827775594195,,0.016999256107247115,,,,,0.0037411943143729246,,,,,0.02069207496527037,,,
2023-12-31,,,,,,,,0.07768930284959284,0.018219312160871876,,,,0.01797434825333199,0.026769380293495928,0.005561355351210288,0.020824575234285853,,,0.067201314541662,0.052352438198196974,,0.012565729800233466,0.02551532095303358,,,0.014563705378819765,,,0.01260574500489365,,0.011788773032022252,0.013103233296429958,,,0.012273993942937047,0.015567712065331965,,,,,,,0.011569142029150279,,,,,0.0038332695968776773,0.0038577186764461534,,0.007538573147152903,,,0.009666133410932618,0.02111061791683741,,,,,0.07335565041069514,,0.009460954671383198,,,,,,,0.011604204460492424,,,,,,,,,,,,,,,0.02328531939976452,,,,,,,0.013853092303742025,0.013433359200537748,0.022540039705428155,,,0.0176153066467085,,0.008000407151866885,,,,,,,0.00972881234983396,,,0.013299548639276149,0.009521890174471945,,,0.044164824038017636,,,0.010620766963807642,,,,,,,,,,,,,,,,0.009563055562480716,,,,,,,,,,,,,,,,,,0.007645438684413469,0.025367412031018225,,,0.019982098993397437,,,,,,0.02168250397891494,0.01130233301989021,0.011301669918234994,0.01336487719083071,,,,,,,0.01979995651710896,,,0.03386601341691391,,0.014873004116753937,,,,,0.01641541302572286,0.015195778160656275,,,,0.03700457413389101,,,
2024-01-31,,,,,,,,0.08110977034109214,0.09019041884156072,,,,0.018198307760371218,0.0239684565194959,0.025212526538610336,0.018060751414915498,,,0.06017077393511278,0.05203465044621426,,0.013746706887294574,0.025798479317348386,,,0.002840920841580739,,,0.012417679759546683,,0.0023693300522084374,0.002546275522143625,,,0.012133953266068424,0.01616967855912589,,,,,,,,,,,,0.01961685547740749,0.02000908198308573,,0.007576516429039441,,,0.010061425243567845,0.018577013324794705,0.009102696631289965,0.01962681504110623,,,0.07614729619059943,,0.009729942390697046,,,,,,,0.01244632165425315,,,,,,,,,,,,,,,0.004550306165675011,,,,,,,0.0027446355907133585,0.002741751051844281,0.022830371010285736,,,0.003432547703153515,,0.008269534517538915,,,,,,,0.010252596898783483,,,0.013507078518104251,0.009573602200072091,,,0.008396107775777574,,,0.01022859112789339,,,,,,,,,,,,,,,,0.009854652072447847,,,,,,,,,,,,,,,,,,0.04343595765697081,0.032402515690516,,,0.004082857200658348,,,,,,0.020938512118236382,0.0022683898182423836,,0.002632777462111033,,,,,,,0.01962478289523091,,,0.028731238344464408,,0.014885356777989817,,,,,0.016280094301878354,0.013146241308751265,,,,0.03532685742413013,,,
2024-02-29,,,,,,,,0.07857929896894074,0.01572659608040332,,,,0.020881136830707227,0.021727578663901476,0.025031983794104345,0.017888532909824204,,,0.012378853716936769,0.052223402885199985,,0.01332295869169068,0.027336841385492958,,,0.0031758567710037885,,,0.01270884179345136,,0.0025129106302910703,0.01457891609850592,,,0.013163434310901365,0.017378723208376384,,,,,,,,,,,,0.022074159183366783,0.02261644969085127,,0.008342632073111292,,,0.010740153466490671,0.019565353124483133,0.009616686940154323,0.020967589642462345,,,0.07269233448269699,,0.010175752429813723,,,,,,,,,,,,,,,,,,,,,,0.02372513333399516,,,,,,,0.0030553089383633133,0.014840319718140364,0.025221565679596818,,,0.003925672257492151,,0.008722109699803148,,,,,,,0.011477611932257163,,,0.014518996666839819,,,,,,,0.010677162532980641,,,,,,,,,,,,,,,,0.010414142137360428,,,,,,,,,,,,,0.015451918320143785,0.0531519389405103,,,,0.05105679097804988,0.04245441397080567,,,0.004544336803852728,,,,,,0.004743656132501419,0.012930415540629962,,0.003064257085639385,,,,,,,0.021556429514762877,0.006787323377124678,,0.0324249043305756,,0.015129522385239782,,,,,0.017912208992260953,0.013556852905180182,,,,0.03325003005273167,,,
2024-03-31,,,0.04071631722405052,,,,,0.07484187309485231,0.012807012747344073,,,,,0.020140877326485302,0.020866329195329308,0.016940187942877723,,,0.00555761773013297,0.04933502234117747,0.014625880177700307,,,,,,,,0.015750505290526403,,0.01504954534315451,0.019413445465814933,,,0.014223878507012355,0.017577829129999938,,,,,,,,,,,,0.005543616226314742,0.005558082460105385,,,0.011650467484067936,,0.013420073537348122,0.024326090171735825,,0.021105928695416293,,,0.06383047358411448,,0.007392495527134086,,,,,0.009025260955280048,,,,,,,,,,,,,,,,,0.003415382523669898,,,,,,,0.019436821662824212,0.0162649734771841,0.02012166600409855,,,,,0.010546256962414888,,,,0.014198577266209522,,,,,,0.015497479843981811,0.010180425998477788,,,,,,0.013344048743002922,0.013131303929798905,,,,,,,,,,,,,,,0.011723560474899782,,,,,,,,,,,,,0.016644722125906328,0.04485887735732372,,,,0.09724349689304089,,,,,,,,,,0.006705119851060097,0.01714874832368482,,0.02154568059596776,,,,,,,0.01852285706324569,0.003952197795874915,,0.007250802711305905,,0.022302046786864593,,,,0.012332627753637863,0.017959583847581048,0.012259707057485171,,,0.01216861812024654,0.03974855756902778,,0.0017970491032093963,
2024-04-30,,,0.06126883942878695,,,,,0.016530567630032977,,,,,,0.02203091213963796,0.022841345311418997,0.019029782912190648,,,0.00723786412685255,0.06419900001404784,0.021672153648637702,,,,,,,,0.014128849713358763,,0.010582250446847694,0.013606606859095007,,,0.011043757099959412,0.02079439330590392,,,,,,,,,,0.01852519793378126,,0.006191444527016409,0.006343624496971873,,,0.011300450088289204,,0.012032123173295333,0.025919887933210557,0.006339013053285538,0.022191773898555155,,,0.04237672275568075,,0.009466559540201952,,,,,0.011683474188750728,,,,,,,,,,,,,,,,,0.003761126858488669,,,,,,,0.016352135539582632,0.01646464489351,0.022585337776497898,,,,,0.01051737451688908,,,,0.013095691681203439,,,,,,0.014705758408288336,0.010542526745433328,,,,,,0.011854698773861572,0.013236258058758903,,,,,,,,,,,,,,,0.01169730060356792,,,,,,,,,,,,,0.02093301694458638,0.0670008504267239,,,,0.03954081946469565,,,,,,,,,,0.04759069861470786,0.012550024201755659,,0.013908705547815302,,,,,,,0.019555216477566063,0.015551731780516557,,0.025876795638074393,,0.02279704415959196,,,,0.0266770196518852,0.023549539754532268,,,,0.004344287754635507,0.026608479898951317,,0.011366321602071044,
2024-05-31,,,0.014194519733614687,,,,,,,,,,,0.025384742146918618,0.027599166242487302,0.02110752629461674,,,0.0043748459225903995,0.11178972223967236,0.013668650355927379,,,,,,,,0.003350969541955924,0.012030008003906495,0.011916692134688912,0.015928846157594725,,,0.01310729479764965,0.012958112768268361,,,,,,,,,,0.020398987325007403,,0.035580616690251275,0.007209392025148345,,,0.013282508221768435,,0.014168012433088099,0.028866765060452434,0.02992863287915806,0.025144913568891654,,,0.0386304929329066,,0.005900351219310538,,,,,0.007135307184227505,,,,,,,,,,,,,,,,,0.002526294891479459,,,,,,,0.01963699044484273,0.0036655046186614922,0.014114947540620815,,,,,0.012400620335652366,0.01075762870763334,,,0.015113989275909146,,,,,,0.016828287609880605,0.012290806238972904,,,,,,0.0028410087821018675,0.01337598599076408,,,,,,,,,0.015234376676744267,,,,,,0.013574556051447629,,,,,,,,,,,,,0.023224783652832467,0.06258756055338881,,,,0.1390648199228513,,,,,,,,,,,,,0.016283050449825545,,0.013787264518753835,,,,,0.012134698895603991,0.0030730298509186746,,0.006054592658083673,,0.027860115351796045,,,,,0.014396539412777276,,,,0.0027401747296393413,0.005577169744667761,,0.007198127214048656,
2024-06-30,0.04473369995275336,,,,,,,,,,,,,0.02072647797823345,0.021103171887194027,0.003286904462361483,,,0.017727110749531948,,0.04236898622549774,,,,,,,,0.012174591569481131,0.011640304840471561,0.013423795043033862,0.0035466941037280704,,,0.002955150826291145,0.014044120146495814,,,,,,,,,,0.014784388423149521,,0.04125575026154961,0.04304143466012427,0.02024010407097764,,,,0.014293336482544779,0.017695198049803802,0.0192851799081148,0.014766324490273576,,,0.031854905573757156,,0.006949772676776205,,,,0.06477454383118923,0.007145969749332971,,,,,,,,,,,,,0.010017473371911006,0.023775963400572097,0.10379725075267653,,0.013772330413610019,,,,,,,0.01867937691773465,0.0047569256851822455,0.01147254663439757,,,,,,0.010574125812820752,,,0.01581269708049024,,,,,,0.01900916197068906,0.012926230363585983,,,,,,0.011261328259852965,0.013423549173871186,,,,,,,,,,,,,,,0.002848646638013801,0.006691129959174143,,,,,,,,,,,,0.027370166364882296,0.05454504555937424,,,,0.028114078906814593,,,,,,,,,,,0.003207353215381123,,0.0036586460634715845,,,,,,,0.009016268064464894,0.011628882168955607,,0.033727471193724434,,0.03387535776978327,,,,,,,,,,0.00453693797716889,,0.0076831403187297516,
2024-07-31,0.05707426838726307,,,,,,,,,,,,,0.023215622104411106,0.02354822906642703,0.0209267347882622,,,0.017444972245367934,,0.007476166949085934,,,,,,,,0.014209348018579744,0.01415168238642458,0.0032301329159642807,0.004543428386484801,,,0.01739590830865812,0.014607958743903084,,,,,,,,,,0.0031807441805010487,,0.05015533130181468,0.0516755664191014,0.020219022751783174,,,,0.01711011707061868,0.020457316537709932,0.023502590534204875,0.017658839302392506,,,0.007221340790194896,,0.007048517585392525,,,,0.060737018574448846,0.001441617637229638,,,,,,,,,,,,,0.011783341146117053,0.027181175068073386,0.12905794601450443,,0.01373627712082775,,,,,,,,0.006131002318012334,0.011347329436884039,,,,,,,,,0.018283794013484605,,,,,0.011550768474863398,0.004493545351556691,0.015158342455178265,,,,,,0.013122786059501436,0.01583588336501724,,,,,0.01858575301169417,,,,,,,,,,0.0169401600110884,0.006817054585005386,,,,,,,,,,,,0.00638566596111134,0.011053467357275802,,,,0.028181849526538284,,,,,,,,,,,0.004113183892393117,,,,,,,,,0.00909528989902608,0.0026851955791980207,,0.04090971196685195,,0.04058227757050336,,,,0.03174686113314723,,,,,,0.0054743891581032446,,0.0015144745378188418,
2024-08-31,0.06867629310414004,,,,,,,,,,,,,0.02676040873580736,0.02626753978931299,0.025959884826438153,,,0.015823740560027916,,0.007730080303850361,,,,,,,,0.015995683196919012,0.0029300758703823633,0.003226032490362046,0.004640504731872715,,,0.017686417379864358,0.01612829235607474,,,,,,,,,,0.017871756160709268,,0.062108595112201695,0.06232377533107276,0.021301318024498674,,,,0.01892742706603756,0.025816785249770203,0.027174236335154874,0.019028529582398684,,,0.007580611877736625,,0.007083266063612527,,,,0.060693055575017286,0.007777722110299018,,,,,,,,,,,,,0.013391988392475957,0.005281427891146988,,,0.01324866995500231,,,,,,,,0.03151166076065311,0.002342195490013934,,,,,,,,,0.020818090129325905,,,,,0.01337978341009868,0.026374019762236217,0.017593769409861182,,,,,,0.01516126380234408,0.018146380837052816,,,,,,,,,,,,,,,0.018038576523424475,0.0070165465798264146,,,,,,,,,,,0.007234067212334572,0.0066481572777093495,0.015017165847873118,,,,0.03709848236345692,,,,,,,,,,,0.004178449524175339,0.0036679068691289956,,,,,,,,0.009864304244573217,0.016281392474579184,,0.040058616670025984,,0.038038041557766154,,,,0.027851848016044595,0.016040658626828474,,,,,0.006204504538480788,,,
2024-09-30,0.05570726588486425,,,,,,,,,,,,,0.02935328024916858,0.027704567310591274,0.02244293737801496,,,0.004601759003326722,,0.013460554470860168,,,,,,,,0.003364942807139535,0.0025337532239745595,0.003504310111141887,0.02767773963193224,,0.03475420996485914,0.019639889199023555,0.024625532856571725,,,,,,,,,,0.003977534912045396,,0.0593770978652623,0.0574571204572113,0.016978850951896583,,,,0.01841764936559455,0.02678335701675826,0.004855809371623784,0.01813780741502491,,,0.01079129916448135,,0.009815637232511916,,,,,0.010814381994987639,,,,,,,,,,,,,0.002336157768714827,0.00673164022604723,,,0.02180459583318392,,,,,,,,0.03017918830189978,0.01913214515898315,,,,,,,,,0.0036364177555196064,,,,,0.012639926085917559,0.026660031278785988,0.01969960560378705,,,,,,0.015866224062557475,0.003389137403993085,,,,,,,,,,,,,,,0.018305184711720095,0.009170750352486276,,,,,,,,,,,0.031776507134418625,0.005867187525094779,0.010427993945632,,,0.10492872671537168,,,,,,,,,,,,0.004691535241813688,0.004147385335890448,,,,,,,,0.014917043357241895,0.0027720558585201246,,0.008671096711824857,,0.010778317458835712,,,,0.06835790869987747,0.02413536473653595,,,,,,,0.012200584896480154,
2024-10-31,0.06508529077141059,,,,,,,,,,,,,0.00786362016429644,0.03826502273905053,0.005588550492568027,,,0.02038354951245348,,0.06669945158009406,,,,,,,,0.019754340541010603,0.014903130691259772,0.004191930335522866,0.006371308011297561,,0.04173274640814454,0.005277359304025334,0.017723897174903986,,,,,,,,,,0.005248955828620862,,0.06629489251104365,0.06351967794508283,,,,,0.003931979117192679,0.006556976476660393,0.006305126833270972,0.00457229923242574,,,0.016444934256366627,,0.0074232778198840095,,,,,0.007997146673548372,,,,,,,,,,,,,0.0026436801556625937,0.009484677416529327,,,0.003763218347227266,,,,0.019386518421622617,,,,,0.015945151180948393,,,,0.015090345152070549,,0.01371677755666711,,,0.020738362918337312,,,,,0.002976495722702776,0.030717374241992147,,,,,,,0.018713486998488415,0.0040576447983853466,,,,,,,,,,,,,,,0.02056592109595744,0.006708483099236437,,,,,,,,,,,0.03510974661263131,0.006364496783762293,0.012366268576502023,,,0.10212269254195647,,,,,,,,,,,,0.005698818152231419,0.005201659543784455,,,,,,,,0.011634975476721713,0.016024762495937084,,0.011420785257989416,,0.015691179519108284,,,,0.06369896126298114,0.018314562430919966,,,,,,,0.009707489819512874,
2024-11-30,0.028339717184152718,,,,,,,,,,,,,0.015113687885789595,0.015875866438877104,,,,0.03903191115516069,,,0.018934782358582397,,,,,,,0.02018663634546449,0.019854405647560323,0.024130206254551645,0.0286005173041188,,,0.026038599807521073,0.00407570269469868,,,0.02550429819047452,,,,0.024137086865647195,,,0.03232028667602331,,,,,,,,0.017540126820468162,0.0034136331680628064,,0.012985904539295962,0.021682977406298907,,,,0.009417302789207152,,,,,0.0021298932577601425,,,,,,,,,,,,,0.0015985882874754087,0.028500454145303392,,,0.004499363191259109,,,,0.018882808971630808,,,,,0.020512472582651004,,,,0.0037901305587096173,0.020030824218027037,0.0035044571413918265,,,0.027023628017454383,,,,,0.017733929457896102,0.03254301805490361,,,,,,,0.019583914185003513,0.005868893043607059,,,,,,,,,,,,,,0.009270987357944757,0.018261644761777017,0.007482189126243554,,,,,,,0.03188202490431994,,,,0.02218275117064426,0.021556775748429936,,,,,,,,,,,,,,,,0.03314465243061099,0.0286048256022953,0.02979414127907097,,,,,,,0.014746148886876422,0.004283314051768439,,0.015403411159272655,,0.03106552137480923,,,,0.06042684539388021,0.025718627177191304,,,,0.03929341162969416,,,0.013496703300142281,
2024-12-31,,,,,,,,,,,,,,0.009834785751077163,0.01337555955701448,,,,,,,0.020856987272192744,,,,,,,0.012781020932275155,0.003242298896518674,,0.01879934556830107,,,0.013700494271576867,0.022072493593170785,,,0.026082625096425616,,,,0.020959918903747318,,,0.02487460288350907,,,,,,0.01542245379860779,,0.012645044113782061,0.026203305873255946,,0.022758109044647017,0.013852693797676133,,0.04855641254054032,,0.010572366207220796,,,,,0.01223730551074935,,,,,,,,,,,,,0.002306785854493082,0.03050234294666463,,,0.03418777070335101,,,,0.011635795005354431,,,,0.02146893697211993,0.022714495209340917,,,,0.003171776824258028,0.012255421597112242,0.002876943618864704,0.013887720839014215,,0.0042599424808064685,,,,,0.012369489052471106,0.016382980767508652,,,,,,,0.012330460118109102,0.021004721106635107,,,,,,,,,,,,,,0.010753663043942919,0.011909330959363577,0.010167089089704078,,,,,,,0.025451916697571773,,,,0.01904102563427594,0.03383994780564784,,,,,,,,,,0.015074452086973836,,,,,0.05892363446566534,0.01971384098853998,,0.019564546257493452,,,,,,,0.018616605181616862,,,0.06994777779431056,,0.0220096498097246,,,,0.03128701759050682,0.030097400173945583,,,,0.0334186957123249,,,,
2025-01-31,,,,,,,,,,,,,,0.047147899053770925,0.014328437610458494,,,,,,,0.018400935139118415,,,,,,,0.012097267225571496,0.0029487541834339946,,0.01675940648648048,,,0.012344139415429367,0.019367152491312177,,,0.022488874927121972,,,,0.019243985082941388,,,,,,,,,0.014382559558304631,,0.011523284750822217,0.023532699388121314,,0.021179254733197195,0.012614297463219145,,0.04346351623155638,,0.0019548032095992388,,0.06748170289358915,,,,,,,,,,,,,,,,0.002270816087713374,0.03017001174563056,,,0.03450762048513537,,,,0.002179632391479612,,,0.01417189905216905,0.01965791698203286,0.02073140406652263,,,,0.014621515506414664,0.011192784451817617,0.013494889019378046,0.012846788170127589,,,,,,,,0.015318890769593902,,,,,,,0.011779594032166071,0.019638677720617934,,,,,,,,,,,,0.03784613991141916,,0.009657384661341443,0.01098151020411594,0.009317953910322724,,,,,,,0.021856482695466906,0.020657321082278676,,,0.01775155744664016,0.031237566305422248,,,,,,,,,,0.014150566177642463,,,,,0.05051472696054499,0.01723565317796582,,0.017562308977448645,,,,,,,0.016865325801066564,,,0.012387999120002628,,0.021220594278926967,,,,0.028457395242097033,0.02802436005468419,,,,0.030433743667766213,,,,
2025-02-28,,,,,,,,,,,,,,0.05176866305325298,0.014974229616951851,,,,,,,0.016909632434166762,,,,,,,0.012569121720855754,0.017940172503712257,,0.01775124999860389,,,0.013814103464776545,0.021227042622880242,,0.01114868439593885,0.020527177938901593,0.013655610992755576,,,0.014641506253091588,,,,,,,,,0.015040357243484799,,0.01199112990612534,0.019421955113853917,,0.019125053209338716,0.013257592604724491,,0.054117335596622226,,0.0024101691685088243,,,,,,,,0.012915751593073153,,,,0.014394810084748124,,,,,,0.0021195597448210386,0.02334391270816904,,,0.03815564050951049,,,,0.0022872343587198598,,,0.014815075905918454,0.021406201142345947,0.023814077860391265,,,,0.017217794028344287,0.011725078061168808,,0.014314748010181462,,,,,,,,,,,,,,,0.012396165809591127,0.02275681814680839,,,,,,,,,,,,0.038627835944897625,,0.011091011315539447,0.011484297653680187,0.01071737495193843,,,,,,,0.0193745694223718,0.017784447922317953,,,0.01488450693354588,0.029752870321963006,,,,,,,,,,0.014501376667842491,,,,,0.04751325286951882,0.018164779563750434,,0.018333047197284697,,,,,,,0.01952762483333002,,,0.06048698208546611,,,,,,0.033314476868891586,0.03603065674214244,,,,,,,,0.0044572329031814534
2025-03-31,,,,,,,,,,,,,,0.05403056087536526,0.09447690260056729,,,,,,,0.003245492753787192,,,,,,,0.0033996429406511442,0.01755705505648279,,0.014511110507722726,,,0.0032324286261497274,0.03136449360512384,,0.002605541653513103,0.02411326248204991,0.016150141409356222,,,0.0035093646161685737,,,,,,,,,0.003816613992353161,,0.015135473828969893,0.024963714606676055,,0.0030601549016757187,0.00335326517112282,,0.05354248450803602,,0.0031805811990477206,,0.06790672358060042,,,,,,0.020199615851643486,,,,0.018552342745084553,,,,,,0.002178098577773477,0.018258067158246155,,,0.04251930562404666,,,,0.0021321310558462436,,,0.01242992116775928,0.004055114531894997,0.0060485784061127855,,,,0.022625098389487754,0.0029651190192563665,,0.003476487298911338,,,,,,,,,,,,0.03741979290071057,,,,0.020035874439081836,,,,,,,,,,,,0.010098106399448999,,0.0026879383242268805,0.002878614051765489,0.002723763975974817,,,,,,,0.02303333060849298,0.02270518840697565,,,0.018448544979734294,0.04903867179058097,,,,,,,,,,0.0037828705450868114,,,,,,0.016017195109570222,,0.014815632505701195,,,,,,,0.00569473822035731,,,0.04986481453295132,,,,,,0.04020488330511294,0.050885678202531884,,,,,,,,0.031069472960213087
2025-04-30,,,,,,,,,,,,,,0.014355193532793355,0.023539980396633433,,,,,,,0.0030803700750711848,,,,,,,,0.023983733242707143,,0.021582802320433827,,,,0.029522155744855397,,0.0025334434536263394,0.02501220764218316,0.016908069730037344,,,0.0036192838300769933,,,,,,,,,0.003845007313761014,,0.014692593999613151,0.022687140392656156,,0.002858103427883471,0.0166493818516619,,0.04269446346107444,,0.015287829253347325,,0.04731608458876159,,,,,,0.022205179107410232,0.01755702460010975,,,0.01997473795483769,,,,,,0.002155738140561334,0.003376163939543473,,,0.04257382366249276,,,,0.01660287532851795,,,0.017752756936361584,,0.005760318017297502,,,,0.020861276934172238,0.0029140533289120905,0.020831262270845516,0.003425409016662607,,,,,,,,,,,,0.03394090688022345,,,,0.005842223645124245,,,,,,0.09743645589869199,,,,,,0.010757388329158355,,0.002454036098555396,0.0028138092614707058,0.0024348254753672944,,,,,,,0.02366360974061907,0.02340356026866712,,,0.018120646109688977,0.042844797548023665,,,,,,,,,,0.0037814629429515274,,,,,,0.02377604458748459,,0.02206013306993256,,,,,,,0.027031786192263152,,,0.007770855753667548,,,,,,0.04205354217936793,0.05170394748024563,,,,,,,,0.03195150504359488
2025-05-31,,,,,,,,,,,,,,0.028897677242635745,,,,,,,,0.002590962974578039,0.010754711227535303,0.012972703484460111,,,,,,0.006101152526076693,,0.024198130297108114,,,,0.006932381224984176,,0.010292963347687756,0.02074008293655415,0.01324759079889067,,,0.0028687222550602557,,,,,,,,,,,0.003345813441826182,0.018766865540602824,,0.002473443101632923,0.003786580020597191,,0.011676595799141426,,0.0037324550438482124,,0.05935572216289168,,,,,,0.018493803618458038,0.014760492689145222,,,0.01638271881351081,,,,,,0.009582736736907278,0.0028062093213613764,,,0.04950669515042627,,,,0.019579573027067886,,,0.019580252892562076,,0.006748922315344627,,,,0.025648983750807933,0.00336022705596432,0.026294835481191915,0.0038763469458791113,,,,,,,,,,,,0.04177788735491771,,,,0.007666836193067898,,,,,,0.09172138770345808,,,,,,0.05169665180328037,,0.013859530279630869,0.0032279445557386716,0.013609007295602391,,,,,,,0.020529333946581012,0.019828886223045742,,,0.01558595370722322,0.037321989301346475,,,,,,,,,,0.004380798527834532,,,,,,0.026156129881860706,,0.02431436867016281,,,,,,,0.031127969477069833,,,0.0435625398651036,,,,,,0.046792448580194664,0.011784814553332457,,,,,,,,0.035699170855810605
2025-06-30,,,,,,,,,,,,,,,,,,,,,,0.011164457422859006,0.007508511112450042,0.008707771919867498,,,,,0.017115166235466647,0.025579126289700726,,0.017163637849688516,,,,0.019907627050779857,,,0.015574694451576434,0.012442361435977765,,,0.009253284799134235,,,0.023193102092366552,,,,,,,,0.011938174132891078,0.00682870664157367,,0.008885779327020447,0.014614500886984625,,0.05047590233829345,,0.01332175345482371,,,,,,,,0.012500744184937155,0.01186706206711225,,,0.011601677045581446,,,,,,0.006522945061556627,0.010491980132263358,,,,,,,,,,0.014228218089313805,,0.018487330336719163,,,,0.02017680534911821,0.012732374351419398,0.02022485600554066,0.012194677131118766,,,,,,,,,,,,0.033546026452438635,,,0.003445698378698265,0.031931727797492405,,,,,,0.06615092537583767,,,,,,,,,0.011305549066177532,0.009329761282887893,,0.019469981813645176,,,,,0.015223137878389548,0.011702690153634556,,,0.01103281218431803,0.012976394833307394,0.030646046309632705,,,,,,,,,,,,,,,0.0181961635126194,,0.01682278124145177,,,,,,,0.018595158863303488,,,0.034419733678347365,,,,,0.03513179683457151,0.04488479672583494,0.026360999522757722,0.06751076062897372,,,,0.031196733617070996,,,0.025417096652474196
